# timestamp(s) tx ty tz qx qy qz qw
1540822816.318918943405151 -0.000010 0.000008 -0.000010 0.008169 0.002761 0.000060 -0.999963
1540822816.352092027664185 0.001914 -0.000215 -0.001296 0.008223 0.002408 0.000122 -0.999963
1540822816.385265827178955 0.003872 0.000346 -0.001929 0.009281 0.009901 0.000454 -0.999908
1540822816.418754816055298 0.000970 0.004018 -0.001033 -0.028974 -0.063823 -0.001560 -0.997539
1540822816.451570034027100 0.006333 0.001409 -0.002328 0.017674 -0.005567 0.002455 -0.999825
1540822816.484837055206299 0.007700 0.001543 -0.002176 0.016065 0.016946 0.002778 -0.999723
1540822816.517916917800903 0.007298 0.001149 -0.002080 0.015155 0.016306 0.002530 -0.999749
1540822816.551162958145142 0.007021 0.001274 -0.001930 0.013892 0.013563 0.002433 -0.999809
1540822816.584339857101440 0.006927 0.001170 -0.001620 0.011786 0.010911 0.002327 -0.999868
1540822816.617438077926636 0.006842 0.001435 -0.001405 0.011094 0.009331 0.002314 -0.999892
1540822816.650707960128784 0.006729 0.001931 -0.001038 0.010055 0.007980 0.002429 -0.999915
1540822816.683784008026123 0.006900 0.002656 -0.000354 0.009295 0.006205 0.002621 -0.999934
1540822816.716955661773682 0.006933 0.002998 -0.000235 0.008915 0.005420 0.002686 -0.999942
1540822816.750210046768188 0.006891 0.003319 0.000135 0.008697 0.005271 0.002760 -0.999944
1540822816.783383846282959 0.006939 0.003567 0.000116 0.008737 0.004940 0.002767 -0.999946
1540822816.816476345062256 0.006728 0.003645 0.000107 0.008642 0.004857 0.002766 -0.999947
1540822816.849647283554077 0.006525 0.003431 0.000379 0.008467 0.004654 0.002719 -0.999950
1540822816.882901906967163 0.006424 0.003462 0.000553 0.008276 0.004401 0.002708 -0.999952
1540822816.915995121002197 0.006399 0.003497 0.000663 0.008053 0.004030 0.002727 -0.999956
1540822816.949267864227295 0.006164 0.003124 0.000640 0.007936 0.003893 0.002649 -0.999957
1540822816.982440948486328 0.005974 0.002858 0.000651 0.007882 0.003757 0.002579 -0.999959
1540822817.015516757965088 0.005830 0.002843 0.000825 0.007788 0.003615 0.002603 -0.999960
1540822817.048777818679810 0.005818 0.002685 0.000859 0.007758 0.003419 0.002582 -0.999961
1540822817.081858634948730 0.005874 0.002601 0.001066 0.007692 0.003164 0.002589 -0.999962
1540822817.115123987197876 0.005918 0.002589 0.000981 0.007607 0.002993 0.002613 -0.999963
1540822817.148207187652588 0.005962 0.002655 0.001009 0.007657 0.002863 0.002614 -0.999963
1540822817.181377410888672 0.005884 0.002578 0.001019 0.007615 0.002793 0.002591 -0.999964
1540822817.214550018310547 0.005841 0.002696 0.001330 0.007531 0.002677 0.002644 -0.999965
1540822817.247724533081055 0.005779 0.002660 0.001541 0.007538 0.002584 0.002645 -0.999965
1540822817.280904293060303 0.005735 0.002625 0.001842 0.007506 0.002474 0.002657 -0.999965
1540822817.314144611358643 0.005708 0.002813 0.002031 0.007488 0.002387 0.002713 -0.999965
1540822817.347285747528076 0.005571 0.002945 0.001908 0.007521 0.002399 0.002712 -0.999965
1540822817.380537033081055 0.005631 0.002828 0.002033 0.007482 0.002283 0.002707 -0.999966
1540822817.413622140884399 0.005570 0.002674 0.002179 0.007422 0.002238 0.002695 -0.999966
1540822817.446761131286621 0.005584 0.002844 0.002238 0.007407 0.002173 0.002741 -0.999966
1540822817.513160228729248 0.005537 0.002814 0.002602 0.007379 0.002070 0.002740 -0.999967
1540822817.546281099319458 0.005625 0.002669 0.002731 0.007336 0.001994 0.002739 -0.999967
1540822817.612627506256104 0.005641 0.002746 0.002924 0.007327 0.001910 0.002781 -0.999967
1540822817.679049968719482 0.005702 0.002572 0.003087 0.007305 0.001804 0.002757 -0.999968
1540822817.712146997451782 0.005582 0.002438 0.003143 0.007301 0.001794 0.002718 -0.999968
1540822817.745320796966553 0.005356 0.002202 0.003012 0.007288 0.001817 0.002670 -0.999968
1540822817.778492927551270 0.005456 0.002347 0.003217 0.007314 0.001755 0.002682 -0.999968
1540822817.811666488647461 0.005541 0.002227 0.003443 0.007283 0.001694 0.002678 -0.999968
1540822817.844877958297729 0.005598 0.002188 0.003677 0.007244 0.001646 0.002682 -0.999969
1540822817.878013849258423 0.005528 0.001950 0.003741 0.007239 0.001647 0.002619 -0.999969
1540822817.911181926727295 0.005547 0.002078 0.003786 0.007234 0.001625 0.002644 -0.999969
1540822817.944355249404907 0.005597 0.002014 0.003870 0.007222 0.001587 0.002646 -0.999969
1540822817.977572917938232 0.005719 0.002103 0.004092 0.007228 0.001558 0.002669 -0.999969
1540822818.010751008987427 0.005554 0.002072 0.003891 0.007237 0.001586 0.002641 -0.999969
1540822818.043873786926270 0.005586 0.002314 0.003899 0.007232 0.001572 0.002697 -0.999969
1540822818.077153205871582 0.005649 0.002405 0.004015 0.007216 0.001562 0.002704 -0.999969
1540822818.110265254974365 0.005623 0.002514 0.003983 0.007209 0.001557 0.002730 -0.999969
1540822818.143393278121948 0.005583 0.002555 0.004169 0.007179 0.001524 0.002730 -0.999969
1540822818.176634550094604 0.005623 0.002536 0.004247 0.007164 0.001523 0.002749 -0.999969
1540822818.209823846817017 0.005510 0.002386 0.004156 0.007146 0.001536 0.002722 -0.999970
1540822818.276088237762451 0.005553 0.002456 0.004192 0.007143 0.001497 0.002758 -0.999970
1540822818.342433214187622 0.005488 0.002483 0.004143 0.007156 0.001465 0.002757 -0.999970
1540822818.375645160675049 0.005484 0.002348 0.004296 0.007164 0.001449 0.002712 -0.999970
1540822818.441951036453247 0.005526 0.002385 0.004308 0.007157 0.001418 0.002735 -0.999970
1540822818.475171089172363 0.005578 0.002385 0.004197 0.007167 0.001426 0.002735 -0.999970
1540822818.508377075195312 0.005546 0.002430 0.004125 0.007185 0.001432 0.002747 -0.999969
1540822818.541471958160400 0.005625 0.002397 0.004183 0.007166 0.001426 0.002751 -0.999970
1540822818.574737787246704 0.005611 0.002333 0.004102 0.007156 0.001423 0.002752 -0.999970
1540822818.640992164611816 0.005467 0.002157 0.003821 0.007168 0.001460 0.002726 -0.999970
1540822818.707337141036987 0.005479 0.001841 0.003857 0.007147 0.001452 0.002656 -0.999970
1540822818.740507364273071 0.005489 0.001828 0.003873 0.007147 0.001423 0.002633 -0.999970
1540822818.806897401809692 0.005480 0.001624 0.003732 0.007155 0.001450 0.002578 -0.999970
1540822818.840026855468750 0.005400 0.001537 0.003544 0.007132 0.001465 0.002565 -0.999970
1540822818.906414031982422 0.005382 0.001217 0.003621 0.007090 0.001480 0.002512 -0.999971
1540822818.939544916152954 0.005502 0.001229 0.003763 0.007091 0.001447 0.002509 -0.999971
1540822818.972759008407593 0.005393 0.001058 0.003617 0.007096 0.001479 0.002463 -0.999971
1540822819.005892038345337 0.005424 0.001014 0.003605 0.007097 0.001492 0.002461 -0.999971
1540822819.039065361022949 0.005326 0.001057 0.003391 0.007093 0.001519 0.002483 -0.999971
1540822819.072281360626221 0.005335 0.000951 0.003362 0.007106 0.001517 0.002448 -0.999971
1540822819.105410099029541 0.005430 0.001092 0.003309 0.007113 0.001525 0.002485 -0.999970
1540822819.138594865798950 0.005446 0.000917 0.003342 0.007102 0.001526 0.002455 -0.999971
1540822819.171756029129028 0.005339 0.000868 0.003160 0.007112 0.001557 0.002436 -0.999971
1540822819.205005168914795 0.005196 0.000590 0.002988 0.007127 0.001575 0.002368 -0.999971
1540822819.238104104995728 0.005094 0.000262 0.002990 0.007116 0.001567 0.002299 -0.999971
1540822819.271317243576050 0.005059 0.000206 0.002919 0.007109 0.001581 0.002284 -0.999971
1540822819.304453134536743 0.005021 0.000406 0.002830 0.007089 0.001595 0.002327 -0.999971
1540822819.337621927261353 0.004988 0.000268 0.002895 0.007075 0.001577 0.002297 -0.999971
1540822819.404007911682129 0.005139 0.000392 0.002948 0.007053 0.001561 0.002353 -0.999971
1540822819.437182188034058 0.005063 0.000576 0.002951 0.007041 0.001568 0.002380 -0.999971
1540822819.470355033874512 0.005038 0.000283 0.002884 0.007017 0.001578 0.002310 -0.999971
1540822819.536659717559814 0.005057 0.000476 0.002929 0.007026 0.001578 0.002332 -0.999971
1540822819.569832801818848 0.005058 0.000597 0.002939 0.007030 0.001575 0.002359 -0.999971
1540822819.603047370910645 0.004885 0.000424 0.002817 0.007041 0.001587 0.002318 -0.999971
1540822819.636181354522705 0.004934 0.000586 0.002892 0.007038 0.001576 0.002334 -0.999971
1540822819.669459819793701 0.004903 0.000455 0.002850 0.007027 0.001572 0.002344 -0.999971
1540822819.702669143676758 0.005028 0.000417 0.002964 0.007012 0.001565 0.002360 -0.999971
1540822819.735699176788330 0.005087 0.000510 0.002986 0.007025 0.001552 0.002363 -0.999971
1540822819.768918037414551 0.004975 0.000479 0.002955 0.007032 0.001559 0.002358 -0.999971
1540822819.802045822143555 0.004983 0.000583 0.002955 0.007041 0.001554 0.002377 -0.999971
1540822819.835261821746826 0.005035 0.000609 0.002974 0.007024 0.001547 0.002393 -0.999971
1540822819.868391036987305 0.004999 0.000666 0.002982 0.007031 0.001541 0.002398 -0.999971
1540822819.901567220687866 0.004895 0.000521 0.002918 0.007017 0.001561 0.002372 -0.999971
1540822819.934778690338135 0.004994 0.000625 0.003050 0.006994 0.001538 0.002401 -0.999971
1540822819.967908859252930 0.004954 0.000525 0.003025 0.006991 0.001518 0.002382 -0.999972
1540822820.001121044158936 0.004997 0.000666 0.003106 0.007003 0.001499 0.002409 -0.999971
1540822820.034257173538208 0.004930 0.000573 0.003074 0.007004 0.001517 0.002400 -0.999971
1540822820.067457914352417 0.004908 0.000623 0.003106 0.007009 0.001508 0.002377 -0.999971
1540822820.100683927536011 0.004829 0.000578 0.003038 0.007016 0.001521 0.002368 -0.999971
1540822820.133781909942627 0.004776 0.000408 0.003003 0.007014 0.001518 0.002336 -0.999972
1540822820.167054176330566 0.004705 0.000294 0.002986 0.006989 0.001511 0.002304 -0.999972
1540822820.200121164321899 0.004819 0.000287 0.003035 0.007003 0.001501 0.002299 -0.999972
1540822820.233334779739380 0.004802 0.000337 0.002981 0.007009 0.001510 0.002333 -0.999972
1540822820.266505002975464 0.004796 0.000382 0.002961 0.007009 0.001513 0.002335 -0.999972
1540822820.299638986587524 0.004624 0.000382 0.002828 0.006996 0.001504 0.002242 -0.999972
1540822820.332854986190796 0.004226 0.000695 0.002310 0.007031 0.001501 0.002240 -0.999972
1540822820.366028070449829 0.004128 0.000274 0.002274 0.007036 0.001542 0.002242 -0.999972
1540822820.399202823638916 0.004630 0.000164 0.002875 0.007003 0.001540 0.002288 -0.999972
1540822820.432369947433472 0.004426 0.000933 0.002630 0.006931 0.001440 0.002209 -0.999973
1540822820.498719930648804 0.004263 0.002129 0.001968 0.006853 0.001482 0.002332 -0.999973
1540822820.531890869140625 0.004978 0.001914 0.002881 0.006924 0.001513 0.002402 -0.999972
1540822820.565063953399658 0.004369 0.000626 0.002525 0.007045 0.001432 0.002158 -0.999972
1540822820.598235845565796 0.003798 0.000312 0.002020 0.006952 0.001458 0.002119 -0.999973
1540822820.631367921829224 0.004051 0.000639 0.001979 0.006945 0.001550 0.002149 -0.999972
1540822820.664615869522095 0.004373 0.000293 0.002509 0.007011 0.001501 0.002157 -0.999972
1540822820.697822570800781 0.004680 -0.000056 0.002651 0.007016 0.001515 0.002167 -0.999972
1540822820.730962991714478 0.005442 -0.000900 0.003527 0.007048 0.001556 0.002122 -0.999972
1540822820.764060974121094 0.005800 -0.001475 0.004067 0.006994 0.001474 0.002158 -0.999972
1540822820.797234058380127 0.005884 -0.001198 0.004155 0.006922 0.001408 0.002218 -0.999973
1540822820.830446958541870 0.006013 -0.001593 0.004120 0.006947 0.001462 0.002229 -0.999972
1540822820.863620996475220 0.006052 -0.000876 0.004147 0.006831 0.001385 0.002234 -0.999973
1540822820.896753072738647 0.005393 0.000437 0.003148 0.006872 0.001426 0.002249 -0.999973
1540822820.929965972900391 0.005131 0.000480 0.002727 0.006921 0.001487 0.002323 -0.999972
1540822820.963099002838135 0.005634 0.000569 0.003221 0.006863 0.001544 0.002379 -0.999972
1540822820.996315956115723 0.005984 0.000727 0.003537 0.006853 0.001584 0.002455 -0.999972
1540822821.029443979263306 0.006161 0.000335 0.003764 0.006950 0.001590 0.002348 -0.999972
1540822821.062661170959473 0.006701 -0.000102 0.004649 0.006874 0.001640 0.002498 -0.999972
1540822821.095790863037109 0.006797 0.001098 0.004635 0.006677 0.001470 0.002591 -0.999973
1540822821.129003763198853 0.006778 0.001440 0.004451 0.006622 0.001559 0.002717 -0.999973
1540822821.162182807922363 0.006635 0.002186 0.003939 0.006556 0.001540 0.002837 -0.999973
1540822821.195379018783569 0.006608 0.002346 0.004091 0.006496 0.001541 0.002964 -0.999973
1540822821.228557825088501 0.006209 0.002982 0.003319 0.006522 0.001555 0.002994 -0.999973
1540822821.261654853820801 0.005531 0.003117 0.002835 0.006535 0.001569 0.002975 -0.999973
1540822821.294827938079834 0.004927 0.003339 0.002191 0.006655 0.001725 0.002973 -0.999972
1540822821.328088998794556 0.004072 0.002667 0.001617 0.006783 0.001686 0.002806 -0.999972
1540822821.361218214035034 0.001394 0.001805 -0.000161 0.006992 0.001610 0.002412 -0.999971
1540822821.394487142562866 -0.002584 0.000453 -0.003040 0.007367 0.001771 0.001791 -0.999970
1540822821.427518844604492 -0.002490 -0.000978 -0.002704 0.007789 0.002236 0.001730 -0.999966
1540822821.460764884948730 -0.000095 -0.002456 -0.000536 0.007798 0.002261 0.001717 -0.999966
1540822821.493993282318115 0.000207 0.000235 0.000288 0.007813 0.002394 0.001399 -0.999966
1540822821.527039051055908 -0.001354 0.003378 0.000037 0.007399 0.002005 0.000825 -0.999970
1540822821.560211896896362 -0.000897 0.004225 0.001423 0.006932 0.002497 0.000123 -0.999973
1540822821.593384981155396 -0.000481 0.004154 0.003215 0.006215 0.003461 -0.000118 -0.999975
1540822821.626598834991455 -0.000747 0.004197 0.005386 0.005200 0.003958 -0.000554 -0.999978
1540822821.659731864929199 -0.000429 0.004930 0.008125 0.004210 0.004878 -0.001146 -0.999979
1540822821.692945003509521 0.000397 0.005297 0.010962 0.004815 0.005846 -0.001912 -0.999969
1540822821.726078033447266 0.002336 0.003955 0.013798 0.009079 0.005432 -0.002040 -0.999942
1540822821.759249925613403 0.003184 0.002652 0.017459 0.015207 0.003828 -0.002072 -0.999875
1540822821.792423963546753 0.003181 0.001785 0.021946 0.020687 0.001365 -0.001745 -0.999784
1540822821.858778953552246 0.003442 0.001443 0.033275 0.025010 -0.002556 0.000007 -0.999684
1540822821.891942977905273 0.004937 -0.000268 0.043041 0.024800 -0.002704 0.001149 -0.999688
1540822821.958364248275757 0.009954 -0.003611 0.062036 0.025136 -0.001975 0.004502 -0.999672
1540822821.991460084915161 0.012241 -0.006030 0.071937 0.024731 -0.000042 0.007129 -0.999669
1540822822.057817220687866 0.018541 -0.007833 0.091191 0.027985 -0.000692 0.011963 -0.999537
1540822822.091119527816772 0.022854 -0.005224 0.100791 0.030372 -0.002240 0.012360 -0.999460
1540822822.124269485473633 0.025932 -0.006094 0.110692 0.032335 -0.005604 0.011061 -0.999400
1540822822.157419204711914 0.027680 -0.009788 0.120830 0.032372 -0.008975 0.009088 -0.999394
1540822822.190597295761108 0.029009 -0.012037 0.130521 0.032365 -0.012428 0.007054 -0.999374
1540822822.256844758987427 0.031746 -0.017345 0.149475 0.029315 -0.014379 0.004684 -0.999456
1540822822.290019750595093 0.032613 -0.021175 0.159061 0.025911 -0.012577 0.004390 -0.999576
1540822822.323311805725098 0.033453 -0.022387 0.168930 0.021922 -0.009673 0.004603 -0.999702
1540822822.356368064880371 0.034467 -0.020650 0.178108 0.021143 -0.008091 0.005431 -0.999729
1540822822.389540910720825 0.034587 -0.020217 0.187260 0.021265 -0.005911 0.005881 -0.999739
1540822822.422714233398438 0.035114 -0.017022 0.196075 0.021589 -0.003910 0.005699 -0.999743
1540822822.455886602401733 0.035082 -0.016384 0.204405 0.021371 -0.004037 0.005024 -0.999751
1540822822.489059209823608 0.034436 -0.016220 0.212011 0.020587 -0.004756 0.005122 -0.999764
1540822822.555404424667358 0.035364 -0.014295 0.227095 0.019833 -0.005409 0.007180 -0.999763
1540822822.588577032089233 0.035247 -0.013017 0.234556 0.020106 -0.004328 0.009132 -0.999747
1540822822.621749877929688 0.034854 -0.015137 0.242302 0.020765 -0.002913 0.011193 -0.999717
1540822822.654960870742798 0.034132 -0.020200 0.249815 0.022505 -0.002316 0.013967 -0.999646
1540822822.721314907073975 0.035595 -0.031271 0.263362 0.026496 -0.005002 0.022343 -0.999387
1540822822.754487991333008 0.038838 -0.035592 0.268968 0.027393 -0.007421 0.026080 -0.999257
1540822822.787612915039062 0.043779 -0.039645 0.273926 0.027588 -0.009769 0.028080 -0.999177
1540822822.820825815200806 0.050173 -0.043340 0.278281 0.027920 -0.011632 0.028104 -0.999147
1540822822.853958845138550 0.058399 -0.046411 0.281947 0.028593 -0.012510 0.025781 -0.999180
1540822822.887207984924316 0.068357 -0.049560 0.286701 0.029585 -0.013048 0.021316 -0.999250
1540822822.920382976531982 0.079784 -0.051104 0.290823 0.031643 -0.012785 0.015162 -0.999302
1540822822.953481912612915 0.092446 -0.050637 0.294349 0.035227 -0.012033 0.007514 -0.999279
1540822822.986650943756104 0.104580 -0.048896 0.296562 0.040762 -0.010564 -0.002883 -0.999109
1540822823.019899845123291 0.119944 -0.047239 0.298194 0.045900 -0.008499 -0.016922 -0.998767
1540822823.053133964538574 0.136006 -0.042542 0.299588 0.048452 -0.007570 -0.029473 -0.998362
1540822823.086297988891602 0.150017 -0.039620 0.301296 0.049233 -0.008180 -0.039047 -0.997990
1540822823.119345426559448 0.162994 -0.037657 0.302759 0.049583 -0.009165 -0.046371 -0.997651
1540822823.152623414993286 0.175520 -0.037747 0.301481 0.049750 -0.008991 -0.052964 -0.997316
1540822823.185692310333252 0.187435 -0.038002 0.301355 0.049445 -0.007459 -0.058704 -0.997022
1540822823.252079248428345 0.208862 -0.037967 0.302258 0.046257 -0.004529 -0.068185 -0.996589
1540822823.285248279571533 0.219094 -0.036854 0.303528 0.044622 -0.002729 -0.072149 -0.996391
1540822823.318430662155151 0.227948 -0.035716 0.304409 0.042504 -0.001731 -0.073813 -0.996364
1540822823.351566076278687 0.235450 -0.034800 0.304750 0.041116 0.000418 -0.074251 -0.996392
1540822823.384767770767212 0.241390 -0.033940 0.305073 0.040220 0.004901 -0.075425 -0.996328
1540822823.417901039123535 0.245358 -0.032780 0.305571 0.040184 0.010166 -0.077565 -0.996125
1540822823.451113939285278 0.247258 -0.030928 0.306760 0.039717 0.014468 -0.079973 -0.995900
1540822823.484287023544312 0.248203 -0.027679 0.310885 0.038744 0.016681 -0.080810 -0.995837
1540822823.550591945648193 0.241373 -0.024459 0.313042 0.038053 0.014488 -0.075562 -0.996309
1540822823.583810806274414 0.231739 -0.023450 0.311600 0.037569 0.011621 -0.070817 -0.996714
1540822823.616982936859131 0.220613 -0.019695 0.308134 0.037041 0.008084 -0.065333 -0.997143
1540822823.650151968002319 0.208000 -0.018794 0.306043 0.037577 0.003054 -0.059112 -0.997539
1540822823.683325052261353 0.194890 -0.016741 0.301760 0.038065 -0.003231 -0.051790 -0.997927
1540822823.716500043869019 0.180802 -0.016354 0.299562 0.039199 -0.010016 -0.043376 -0.998239
1540822823.749653816223145 0.167787 -0.015107 0.297487 0.040946 -0.016209 -0.033127 -0.998480
1540822823.782836914062500 0.156851 -0.013542 0.295959 0.043449 -0.020670 -0.022607 -0.998586
1540822823.815978050231934 0.148186 -0.011852 0.295277 0.046903 -0.023686 -0.012238 -0.998544
1540822823.849189996719360 0.142806 -0.010610 0.295394 0.050936 -0.025309 -0.003387 -0.998375
1540822823.882364034652710 0.139897 -0.009216 0.295771 0.055028 -0.026240 0.003753 -0.998133
1540822823.915535211563110 0.139882 -0.007469 0.296520 0.058229 -0.026552 0.008595 -0.997913
1540822823.948667764663696 0.142538 -0.004629 0.297199 0.060833 -0.025459 0.010921 -0.997763
1540822824.015014886856079 0.159266 -0.000448 0.298915 0.061958 -0.020451 0.009425 -0.997825
1540822824.048291921615601 0.171267 0.001462 0.299594 0.062330 -0.015950 0.006178 -0.997909
1540822824.114640951156616 0.197712 0.003146 0.302053 0.064903 -0.003143 -0.002724 -0.997883
1540822824.147836923599243 0.212224 0.003542 0.303007 0.066083 0.004188 -0.007054 -0.997780
1540822824.180884122848511 0.226471 0.003747 0.303074 0.066976 0.010790 -0.011180 -0.997634
1540822824.214054584503174 0.239701 0.006173 0.303468 0.067489 0.016392 -0.015689 -0.997462
1540822824.280405998229980 0.260389 0.013582 0.303615 0.066685 0.023848 -0.025246 -0.997170
1540822824.313573122024536 0.267588 0.018510 0.303158 0.064240 0.026464 -0.030039 -0.997131
1540822824.346748590469360 0.272270 0.024180 0.302370 0.062241 0.027996 -0.033450 -0.997107
1540822824.379920721054077 0.275240 0.028621 0.300881 0.062478 0.028324 -0.035287 -0.997020
1540822824.413203477859497 0.277755 0.032000 0.299010 0.064119 0.026811 -0.037277 -0.996885
1540822824.446285486221313 0.279792 0.033154 0.296722 0.066667 0.023612 -0.040151 -0.996687
1540822824.479436874389648 0.280401 0.027212 0.293552 0.067493 0.019330 -0.042731 -0.996617
1540822824.512746810913086 0.280026 0.015790 0.289916 0.064962 0.014967 -0.043559 -0.996824
1540822824.545830249786377 0.279243 0.004322 0.286970 0.062945 0.012797 -0.042112 -0.997046
1540822824.578958034515381 0.278017 -0.007321 0.285002 0.064107 0.011070 -0.039435 -0.997102
1540822824.612128257751465 0.276929 -0.019912 0.283495 0.067156 0.011044 -0.036988 -0.996995
1540822824.645300865173340 0.276312 -0.032762 0.283391 0.070456 0.013493 -0.034871 -0.996814
1540822824.678558349609375 0.275622 -0.045087 0.284135 0.074525 0.014536 -0.032605 -0.996580
1540822824.711724281311035 0.275270 -0.055216 0.285627 0.077392 0.015721 -0.029790 -0.996432
1540822824.744819402694702 0.275062 -0.063133 0.287971 0.079475 0.016086 -0.026240 -0.996362
1540822824.811167240142822 0.273812 -0.070490 0.293320 0.082254 0.016471 -0.017984 -0.996313
1540822824.844339132308960 0.273267 -0.069902 0.295616 0.083401 0.017552 -0.013809 -0.996266
1540822824.877588033676147 0.272336 -0.066554 0.297617 0.084731 0.019834 -0.010804 -0.996148
1540822824.943969011306763 0.269865 -0.052836 0.298517 0.079944 0.021279 -0.006569 -0.996551
1540822824.977108240127563 0.268659 -0.042014 0.297809 0.073064 0.023342 -0.003322 -0.997049
1540822825.043377161026001 0.264872 -0.012658 0.295501 0.061547 0.027013 0.005754 -0.997722
1540822825.076647996902466 0.263494 0.002885 0.294030 0.057777 0.029700 0.009690 -0.997841
1540822825.142968654632568 0.259771 0.031473 0.290912 0.052222 0.032818 0.013689 -0.998002
1540822825.176073551177979 0.256862 0.043092 0.289186 0.049478 0.032224 0.015703 -0.998132
1540822825.209244012832642 0.254509 0.050482 0.286806 0.045556 0.031333 0.017028 -0.998325
1540822825.275589227676392 0.250221 0.052852 0.282409 0.040447 0.025975 0.017259 -0.998695
1540822825.308840990066528 0.248082 0.050657 0.280878 0.040518 0.021423 0.017071 -0.998803
1540822825.341934919357300 0.247606 0.046787 0.279668 0.040062 0.018833 0.016460 -0.998884
1540822825.375108003616333 0.245739 0.038825 0.279582 0.042266 0.017844 0.015720 -0.998823
1540822825.408279895782471 0.244606 0.026840 0.280549 0.046703 0.017516 0.014230 -0.998654
1540822825.441453933715820 0.244413 0.012810 0.282369 0.051191 0.018041 0.011607 -0.998458
1540822825.474664926528931 0.245280 -0.001735 0.285287 0.054575 0.018306 0.010386 -0.998288
1540822825.507800340652466 0.246478 -0.014250 0.288511 0.057347 0.018290 0.009908 -0.998138
1540822825.540973186492920 0.248567 -0.024695 0.292114 0.060856 0.017693 0.009168 -0.997948
1540822825.574185132980347 0.251146 -0.033153 0.295483 0.065079 0.016654 0.009077 -0.997700
1540822825.607319116592407 0.254290 -0.039137 0.298116 0.068840 0.017002 0.008728 -0.997445
1540822825.640535831451416 0.257408 -0.042009 0.300707 0.071314 0.018971 0.007848 -0.997243
1540822825.673663854598999 0.260067 -0.042495 0.302391 0.071896 0.021132 0.006997 -0.997164
1540822825.706912755966187 0.261803 -0.040316 0.303404 0.071427 0.023394 0.006354 -0.997151
1540822825.740011215209961 0.262934 -0.036506 0.303346 0.068618 0.025516 0.006102 -0.997298
1540822825.773183584213257 0.263426 -0.029199 0.302407 0.065199 0.028205 0.006530 -0.997452
1540822825.806357860565186 0.262855 -0.019467 0.300925 0.062555 0.030261 0.008320 -0.997548
1540822825.839529275894165 0.262628 -0.008700 0.298547 0.060820 0.032479 0.011176 -0.997558
1540822825.872806072235107 0.262342 0.001754 0.296322 0.059975 0.034891 0.014259 -0.997488
1540822825.905885219573975 0.262636 0.011032 0.294037 0.058305 0.037924 0.017532 -0.997424
1540822825.939091920852661 0.263302 0.018992 0.292446 0.055954 0.041203 0.019823 -0.997386
1540822825.972224950790405 0.264499 0.025316 0.291036 0.053693 0.044112 0.020998 -0.997362
1540822826.005493164062500 0.265756 0.029715 0.290299 0.051973 0.046335 0.020854 -0.997355
1540822826.038574934005737 0.266605 0.032553 0.290060 0.050042 0.046235 0.019497 -0.997486
1540822826.104955196380615 0.268391 0.034745 0.289263 0.045825 0.043001 0.012915 -0.997940
1540822826.138191223144531 0.269104 0.034070 0.288590 0.045352 0.042193 0.009396 -0.998035
1540822826.171301364898682 0.268953 0.032411 0.288154 0.045767 0.042657 0.006990 -0.998016
1540822826.204472780227661 0.267575 0.028774 0.287780 0.046370 0.042543 0.006442 -0.997997
1540822826.270819664001465 0.262230 0.019530 0.286181 0.045815 0.040795 0.009226 -0.998074
1540822826.303991317749023 0.259613 0.015242 0.285366 0.043706 0.040736 0.011445 -0.998148
1540822826.337123870849609 0.256960 0.011736 0.284844 0.042474 0.040058 0.013748 -0.998200
1540822826.370300292968750 0.255019 0.009360 0.284394 0.041919 0.038486 0.015826 -0.998254
1540822826.436662197113037 0.253624 0.008382 0.283205 0.043508 0.035064 0.017605 -0.998282
1540822826.469894886016846 0.253831 0.008357 0.282617 0.045054 0.034530 0.017354 -0.998237
1540822826.502991914749146 0.254263 0.008175 0.282103 0.045681 0.034813 0.016286 -0.998216
1540822826.536203384399414 0.254509 0.007889 0.281557 0.045096 0.034930 0.014813 -0.998262
1540822826.602581977844238 0.255103 0.007299 0.280073 0.041578 0.034012 0.012139 -0.998482
1540822826.635681867599487 0.255428 0.007103 0.279146 0.040761 0.033652 0.011404 -0.998537
1540822826.668984889984131 0.255543 0.007144 0.278515 0.040550 0.033718 0.011010 -0.998548
1540822826.702100753784180 0.255762 0.007389 0.278058 0.040527 0.033896 0.010907 -0.998544
1540822826.735199928283691 0.255775 0.007964 0.277760 0.040743 0.034089 0.010743 -0.998530
1540822826.768373012542725 0.255854 0.008563 0.277670 0.041169 0.034321 0.010230 -0.998510
1540822826.801547765731812 0.255704 0.009012 0.277659 0.041592 0.034285 0.009445 -0.998502
1540822826.834719896316528 0.255597 0.009605 0.277713 0.042390 0.034188 0.008637 -0.998479
1540822826.901064872741699 0.254461 0.009250 0.277990 0.044001 0.033979 0.007642 -0.998424
1540822826.934236764907837 0.253669 0.008717 0.278198 0.044423 0.034326 0.007703 -0.998393
1540822826.967410802841187 0.252291 0.007939 0.278668 0.044659 0.034562 0.007965 -0.998372
1540822827.000625848770142 0.250571 0.007177 0.279190 0.045001 0.034384 0.008507 -0.998359
1540822827.033758878707886 0.248360 0.006433 0.279716 0.045509 0.033778 0.009253 -0.998350
1540822827.067004919052124 0.245584 0.005546 0.280194 0.045793 0.032579 0.009936 -0.998370
1540822827.100180864334106 0.242338 0.004902 0.280475 0.046005 0.030943 0.010861 -0.998403
1540822827.133281946182251 0.238278 0.004091 0.280708 0.046628 0.028584 0.012065 -0.998430
1540822827.199621915817261 0.228002 0.002502 0.280396 0.047184 0.022236 0.014892 -0.998528
1540822827.232796192169189 0.221275 0.001495 0.280163 0.047504 0.018459 0.016121 -0.998570
1540822827.265968799591064 0.213420 0.000376 0.279811 0.047955 0.014070 0.017872 -0.998590
1540822827.299140930175781 0.205056 -0.000735 0.279413 0.048335 0.009661 0.020443 -0.998575
1540822827.332314014434814 0.196653 -0.001895 0.279110 0.048865 0.005877 0.024226 -0.998494
1540822827.365487098693848 0.188475 -0.003398 0.278984 0.049844 0.002630 0.028707 -0.998341
1540822827.398660182952881 0.181389 -0.004878 0.278970 0.051034 0.000240 0.033381 -0.998139
1540822827.431874752044678 0.175508 -0.006662 0.279152 0.052397 -0.002002 0.037853 -0.997907
1540822827.465082883834839 0.171432 -0.008603 0.279353 0.053185 -0.004287 0.041967 -0.997693
1540822827.498292922973633 0.169587 -0.010487 0.279312 0.052486 -0.006274 0.045825 -0.997550
1540822827.564599037170410 0.174122 -0.012611 0.278180 0.049988 -0.006382 0.050525 -0.997451
1540822827.597779750823975 0.179995 -0.012922 0.277553 0.050103 -0.002950 0.050446 -0.997465
1540822827.630871057510376 0.188213 -0.013141 0.277384 0.050529 0.001855 0.048790 -0.997528
1540822827.664044857025146 0.199221 -0.013710 0.277773 0.050276 0.007630 0.045420 -0.997673
1540822827.730391740798950 0.227764 -0.013128 0.279941 0.047214 0.019906 0.035168 -0.998067
1540822827.763572931289673 0.244031 -0.011710 0.281365 0.046013 0.026299 0.028454 -0.998189
1540822827.796736955642700 0.260161 -0.009423 0.283040 0.045750 0.032437 0.021293 -0.998199
1540822827.829910039901733 0.275143 -0.006556 0.284691 0.046156 0.037858 0.013818 -0.998121
1540822827.863082170486450 0.288648 -0.003613 0.285940 0.046463 0.042671 0.006048 -0.997990
1540822827.896304845809937 0.299420 -0.000743 0.286732 0.045429 0.046156 -0.001682 -0.997899
1540822827.929468870162964 0.306977 0.002133 0.287012 0.043582 0.048408 -0.008404 -0.997841
1540822827.962642908096313 0.311428 0.004873 0.286856 0.041476 0.048629 -0.013717 -0.997861
1540822827.995853900909424 0.312549 0.007293 0.286220 0.040013 0.046662 -0.016978 -0.997965
1540822828.029024839401245 0.310731 0.008726 0.284953 0.039703 0.042804 -0.018017 -0.998132
1540822828.095336914062500 0.301759 0.008097 0.279216 0.039534 0.033516 -0.015883 -0.998530
1540822828.194862842559814 0.274460 -0.000069 0.267775 0.019426 0.018424 -0.005240 -0.999628
1540822828.227987766265869 0.266890 -0.002950 0.267651 0.011553 0.015607 -0.000612 -0.999811
1540822828.294333219528198 0.258027 -0.004134 0.277778 0.010900 0.017599 0.007179 -0.999760
1540822828.327504158020020 0.254876 -0.004284 0.286968 0.013866 0.020657 0.010259 -0.999638
1540822828.360677242279053 0.251675 -0.004975 0.298782 0.016802 0.023101 0.013630 -0.999499
1540822828.427063941955566 0.245266 -0.006864 0.327263 0.019855 0.027192 0.020033 -0.999232
1540822828.460235834121704 0.244487 -0.007447 0.343345 0.024288 0.030901 0.023499 -0.998951
1540822828.493369102478027 0.245180 -0.008687 0.359701 0.033345 0.033642 0.026676 -0.998521
1540822828.559715032577515 0.245453 -0.013664 0.390655 0.051721 0.033702 0.030856 -0.997616
1540822828.592889547348022 0.246146 -0.015351 0.404705 0.062318 0.032700 0.031240 -0.997031
1540822828.626061201095581 0.246573 -0.016946 0.416944 0.075019 0.031615 0.030912 -0.996201
1540822828.659279108047485 0.246582 -0.018493 0.426489 0.088443 0.031047 0.030782 -0.995121
1540822828.692447900772095 0.246319 -0.020254 0.432295 0.100582 0.031812 0.031013 -0.993936
1540822828.725582838058472 0.246304 -0.021943 0.434178 0.109845 0.034844 0.031172 -0.992849
1540822828.758795022964478 0.246733 -0.023251 0.431473 0.114423 0.039199 0.030373 -0.992194
1540822828.791925907135010 0.247601 -0.024043 0.425996 0.113490 0.042592 0.029607 -0.992184
1540822828.825139999389648 0.248499 -0.024678 0.417390 0.110284 0.043102 0.028718 -0.992550
1540822828.858271837234497 0.249413 -0.025493 0.404016 0.106044 0.040899 0.026444 -0.993168
1540822828.891443729400635 0.250433 -0.025505 0.387108 0.097550 0.038110 0.021973 -0.994258
1540822828.924659252166748 0.251207 -0.025340 0.368397 0.086757 0.034115 0.018125 -0.995480
1540822828.957791805267334 0.250818 -0.028218 0.349810 0.073817 0.030327 0.015742 -0.996686
1540822828.990963935852051 0.251123 -0.027076 0.331658 0.062254 0.028464 0.015277 -0.997537
1540822829.024137973785400 0.251696 -0.025470 0.315390 0.053028 0.027661 0.017044 -0.998064
1540822829.057310104370117 0.251407 -0.023555 0.301274 0.044680 0.027374 0.019480 -0.998436
1540822829.090482950210571 0.250590 -0.021739 0.289243 0.038314 0.026575 0.022496 -0.998659
1540822829.123656034469604 0.248934 -0.020116 0.279399 0.032677 0.024074 0.025752 -0.998844
1540822829.156830310821533 0.246792 -0.018260 0.271864 0.026029 0.020674 0.027484 -0.999069
1540822829.190003395080566 0.245143 -0.016885 0.266965 0.017770 0.017317 0.027362 -0.999318
1540822829.223176002502441 0.243796 -0.015209 0.265179 0.010357 0.013814 0.026801 -0.999492
1540822829.256350040435791 0.243443 -0.013928 0.265406 0.007978 0.010114 0.027404 -0.999541
1540822829.289520978927612 0.243342 -0.014416 0.268241 0.009639 0.008417 0.028946 -0.999499
1540822829.322694063186646 0.242719 -0.016443 0.276316 0.010462 0.010653 0.030623 -0.999419
1540822829.355866909027100 0.242169 -0.018354 0.287603 0.009827 0.015759 0.032156 -0.999310
1540822829.389039993286133 0.241361 -0.019372 0.300429 0.012181 0.020013 0.034005 -0.999147
1540822829.422302961349487 0.239265 -0.019521 0.314603 0.018321 0.019449 0.036261 -0.998985
1540822829.455387353897095 0.238731 -0.022244 0.329476 0.028488 0.016602 0.038648 -0.998709
1540822829.488559007644653 0.239392 -0.025519 0.342757 0.041523 0.014258 0.041219 -0.998185
1540822829.521856069564819 0.239480 -0.028677 0.355578 0.054443 0.015685 0.043484 -0.997446
1540822829.554977893829346 0.239550 -0.031834 0.366080 0.065043 0.020033 0.045382 -0.996649
1540822829.588078975677490 0.240362 -0.034301 0.372822 0.073536 0.024924 0.047622 -0.995843
1540822829.621250867843628 0.241738 -0.036196 0.375382 0.079129 0.029931 0.050198 -0.995150
1540822829.654424905776978 0.243299 -0.036557 0.373246 0.079916 0.034657 0.052065 -0.994837
1540822829.720851898193359 0.248726 -0.032972 0.354320 0.064477 0.039116 0.052500 -0.995769
1540822829.753945827484131 0.250330 -0.030221 0.343239 0.054725 0.038527 0.050481 -0.996480
1540822829.787117958068848 0.251527 -0.027421 0.328963 0.043300 0.034847 0.047631 -0.997317
1540822829.820290803909302 0.252075 -0.023706 0.312785 0.030845 0.028871 0.045485 -0.998071
1540822829.853461980819702 0.251485 -0.019891 0.297098 0.018684 0.024045 0.045424 -0.998504
1540822829.886713981628418 0.249420 -0.016060 0.283218 0.008147 0.020117 0.047376 -0.998641
1540822829.919807910919189 0.245463 -0.013567 0.271720 0.000991 0.016829 0.050703 -0.998571
1540822829.953053951263428 0.239790 -0.012536 0.262445 -0.004208 0.012352 0.054453 -0.998431
1540822829.986153841018677 0.233436 -0.012893 0.255116 -0.007683 0.008536 0.057816 -0.998261
1540822830.019412994384766 0.226573 -0.015032 0.249814 -0.009022 0.005429 0.060920 -0.998087
1540822830.052636384963989 0.220167 -0.018645 0.245866 -0.007418 0.002376 0.064446 -0.997891
1540822830.085675477981567 0.213899 -0.023783 0.242911 -0.003193 0.000087 0.068664 -0.997635
1540822830.118847608566284 0.208041 -0.030367 0.241057 0.001945 -0.001658 0.074027 -0.997253
1540822830.152101755142212 0.203433 -0.038155 0.239833 0.006868 -0.001511 0.079808 -0.996785
1540822830.185194015502930 0.200631 -0.046702 0.241124 0.012827 0.000184 0.084793 -0.996316
1540822830.218367099761963 0.199615 -0.055684 0.243859 0.019834 0.002580 0.088840 -0.995845
1540822830.251579046249390 0.200991 -0.064246 0.247744 0.026429 0.005591 0.091045 -0.995480
1540822830.317886114120483 0.210457 -0.079111 0.257456 0.038204 0.012619 0.089793 -0.995147
1540822830.351094961166382 0.217783 -0.085064 0.262465 0.043110 0.016571 0.086334 -0.995195
1540822830.384229183197021 0.226311 -0.089262 0.267866 0.048421 0.020419 0.081294 -0.995304
1540822830.417402982711792 0.236504 -0.092427 0.272466 0.054200 0.024172 0.074823 -0.995429
1540822830.450577020645142 0.248174 -0.094424 0.276592 0.058994 0.027934 0.067086 -0.995610
1540822830.483748912811279 0.260931 -0.094740 0.279911 0.062190 0.031740 0.058880 -0.995820
1540822830.516963005065918 0.274946 -0.093434 0.282329 0.062268 0.036202 0.049244 -0.996186
1540822830.550096035003662 0.288428 -0.088826 0.284502 0.060513 0.040536 0.038903 -0.996585
1540822830.583268165588379 0.301088 -0.081508 0.285885 0.058113 0.044193 0.028747 -0.996917
1540822830.616519927978516 0.312448 -0.071756 0.286535 0.055347 0.046793 0.018392 -0.997200
1540822830.649614334106445 0.321598 -0.060082 0.286131 0.051380 0.048730 0.008026 -0.997457
1540822830.682827949523926 0.328524 -0.046849 0.284442 0.044378 0.050579 -0.001829 -0.997732
1540822830.715961933135986 0.332223 -0.031938 0.282390 0.035255 0.052005 -0.010470 -0.997969
1540822830.749132871627808 0.332156 -0.016532 0.279895 0.026252 0.050843 -0.015976 -0.998234
1540822830.782306909561157 0.329050 -0.001271 0.276580 0.018622 0.047833 -0.018698 -0.998507
1540822830.815478801727295 0.324442 0.012320 0.273704 0.011904 0.044134 -0.020234 -0.998750
1540822830.848651885986328 0.315740 0.025673 0.270296 0.006218 0.039436 -0.020377 -0.998995
1540822830.881825923919678 0.302823 0.035986 0.266639 0.000691 0.033677 -0.019830 -0.999236
1540822830.914997816085815 0.287825 0.042854 0.262937 -0.004718 0.027460 -0.017854 -0.999452
1540822830.948170900344849 0.271219 0.046892 0.260103 -0.009143 0.019661 -0.013207 -0.999678
1540822830.981415987014771 0.252921 0.046443 0.258312 -0.009938 0.010292 -0.005554 -0.999882
1540822831.014516830444336 0.235089 0.042455 0.256974 -0.006352 0.000643 0.004860 -0.999968
1540822831.047689914703369 0.218742 0.034837 0.255862 -0.001393 -0.007390 0.016426 -0.999837
1540822831.080904245376587 0.204611 0.025796 0.255857 0.004297 -0.011940 0.026779 -0.999561
1540822831.114036083221436 0.191553 0.012373 0.258529 0.010201 -0.016685 0.036587 -0.999139
1540822831.147208929061890 0.181061 -0.003120 0.261116 0.016348 -0.023467 0.046351 -0.998516
1540822831.180428028106689 0.174130 -0.018649 0.263329 0.022581 -0.028684 0.054085 -0.997869
1540822831.213556051254272 0.170890 -0.033405 0.264895 0.028927 -0.030996 0.059274 -0.997341
1540822831.246727943420410 0.171493 -0.047040 0.266787 0.035130 -0.028960 0.062184 -0.997026
1540822831.279902935028076 0.174930 -0.060121 0.269245 0.041961 -0.024544 0.063584 -0.996792
1540822831.313076734542847 0.180761 -0.072212 0.272304 0.049701 -0.018488 0.063800 -0.996553
1540822831.346247911453247 0.188863 -0.082601 0.275540 0.057676 -0.011910 0.062597 -0.996300
1540822831.379419803619385 0.198356 -0.091211 0.277718 0.064597 -0.005183 0.059669 -0.996112
1540822831.412592887878418 0.209566 -0.095676 0.279607 0.068938 0.001429 0.055484 -0.996076
1540822831.445765972137451 0.220704 -0.096438 0.280414 0.069966 0.006186 0.049826 -0.996285
1540822831.478938817977905 0.230896 -0.094361 0.279644 0.067933 0.008808 0.043326 -0.996710
1540822831.512111902236938 0.239900 -0.089398 0.277351 0.063984 0.009918 0.036430 -0.997236
1540822831.545284986495972 0.247461 -0.081189 0.273509 0.059092 0.010027 0.029477 -0.997767
1540822831.578458786010742 0.252974 -0.070946 0.267964 0.051601 0.009984 0.023538 -0.998340
1540822831.611632823944092 0.257669 -0.059003 0.261948 0.042489 0.012372 0.019394 -0.998832
1540822831.644804000854492 0.260589 -0.045973 0.257072 0.032683 0.014418 0.017355 -0.999211
1540822831.678025007247925 0.261661 -0.032773 0.252731 0.023549 0.014536 0.017911 -0.999457
1540822831.711190938949585 0.262016 -0.019148 0.248967 0.014246 0.013224 0.018202 -0.999645
1540822831.744323253631592 0.261649 -0.005233 0.245965 0.005266 0.010506 0.017335 -0.999781
1540822831.777569055557251 0.260608 0.008581 0.243902 -0.002616 0.006851 0.015918 -0.999846
1540822831.843843221664429 0.258035 0.036094 0.244615 -0.015544 -0.000553 0.009574 -0.999833
1540822831.877091407775879 0.257081 0.049349 0.248085 -0.019372 -0.001955 0.005448 -0.999796
1540822831.943377256393433 0.254042 0.070044 0.265157 -0.020020 -0.002894 -0.003263 -0.999790
1540822831.976535081863403 0.252860 0.077306 0.277016 -0.017845 -0.002165 -0.006322 -0.999818
1540822832.009707927703857 0.252390 0.081509 0.291405 -0.013570 0.000226 -0.007847 -0.999877
1540822832.042921066284180 0.251838 0.080942 0.307940 -0.004573 0.004116 -0.007480 -0.999953
1540822832.076129913330078 0.252517 0.079931 0.325051 0.007184 0.009568 -0.005812 -0.999912
1540822832.109334707260132 0.252031 0.074795 0.343088 0.020928 0.014930 -0.003705 -0.999663
1540822832.142473220825195 0.250889 0.065016 0.360538 0.035594 0.018370 -0.001468 -0.999196
1540822832.175573825836182 0.249355 0.055355 0.377068 0.052061 0.019501 0.001617 -0.998452
1540822832.208877086639404 0.246879 0.040186 0.391624 0.071630 0.017467 0.005899 -0.997261
1540822832.241919755935669 0.245911 0.028039 0.405498 0.093207 0.016358 0.009985 -0.995462
1540822832.275233030319214 0.243976 0.012734 0.417474 0.111524 0.019544 0.011839 -0.993499
1540822832.308264970779419 0.242257 -0.002288 0.427668 0.125443 0.023960 0.013274 -0.991723
1540822832.341437816619873 0.240298 -0.017735 0.435405 0.137094 0.026229 0.016316 -0.990076
1540822832.374610900878906 0.237941 -0.033383 0.439914 0.144058 0.027538 0.020905 -0.988965
1540822832.407825708389282 0.236150 -0.048184 0.441920 0.148509 0.028647 0.025175 -0.988175
1540822832.474129915237427 0.232444 -0.074485 0.437753 0.153258 0.031935 0.032860 -0.987123
1540822832.507342100143433 0.231222 -0.086013 0.433498 0.152958 0.034376 0.035855 -0.986984
1540822832.606832981109619 0.225018 -0.112941 0.405310 0.139447 0.026710 0.045870 -0.988806
1540822832.640065908432007 0.225329 -0.123400 0.392576 0.130777 0.021817 0.047944 -0.990011
1540822832.673208951950073 0.222328 -0.132668 0.378962 0.119658 0.017838 0.048914 -0.991449
1540822832.706414937973022 0.221998 -0.132147 0.362566 0.107818 0.015166 0.049734 -0.992810
1540822832.739585161209106 0.222879 -0.129014 0.345577 0.092969 0.014350 0.051402 -0.994238
1540822832.772755861282349 0.223310 -0.123845 0.328299 0.075241 0.012605 0.053952 -0.995625
1540822832.805860042572021 0.223648 -0.115809 0.311873 0.058138 0.010362 0.056544 -0.996652
1540822832.839126110076904 0.223679 -0.106194 0.296789 0.043778 0.007928 0.058015 -0.997324
1540822832.872247457504272 0.223598 -0.096666 0.283168 0.032427 0.005118 0.058416 -0.997752
1540822832.905378103256226 0.224140 -0.087456 0.270923 0.022805 0.003384 0.058705 -0.998009
1540822832.938594102859497 0.225278 -0.079184 0.259894 0.013711 0.002176 0.058713 -0.998178
1540822832.971767902374268 0.227109 -0.070983 0.250125 0.006167 0.002812 0.058939 -0.998239
1540822833.004941940307617 0.230030 -0.063536 0.241853 -0.000361 0.003323 0.059720 -0.998210
1540822833.038071870803833 0.234369 -0.056766 0.234192 -0.006718 0.004851 0.060607 -0.998127
1540822833.071318864822388 0.240443 -0.050387 0.227123 -0.014320 0.007067 0.061198 -0.997998
1540822833.104415893554688 0.249117 -0.043453 0.221061 -0.020607 0.011515 0.059473 -0.997951
1540822833.137590885162354 0.261358 -0.037268 0.217896 -0.024496 0.017807 0.054489 -0.998055
1540822833.170835971832275 0.272870 -0.031444 0.219107 -0.023671 0.023728 0.047435 -0.998312
1540822833.203935861587524 0.286259 -0.025906 0.221395 -0.020477 0.029577 0.039559 -0.998569
1540822833.237108945846558 0.301496 -0.020913 0.226509 -0.017869 0.035981 0.031093 -0.998709
1540822833.270355939865112 0.317138 -0.016553 0.235176 -0.015834 0.043365 0.022371 -0.998683
1540822833.303493022918701 0.332274 -0.013076 0.247258 -0.014058 0.051072 0.013179 -0.998509
1540822833.336668252944946 0.346186 -0.010625 0.262080 -0.010771 0.058151 0.003880 -0.998242
1540822833.369799852371216 0.358920 -0.008847 0.278823 -0.005762 0.064264 -0.004866 -0.997904
1540822833.403046846389771 0.369853 -0.007218 0.297478 0.002213 0.070405 -0.013974 -0.997418
1540822833.436147928237915 0.377658 -0.007655 0.317207 0.014073 0.073611 -0.021820 -0.996949
1540822833.469394922256470 0.382329 -0.007128 0.337844 0.025351 0.075953 -0.028771 -0.996374
1540822833.502536058425903 0.385247 -0.006917 0.358160 0.037193 0.075982 -0.035610 -0.995779
1540822833.535674333572388 0.385899 -0.008190 0.378264 0.051665 0.074651 -0.040822 -0.995033
1540822833.568878412246704 0.384091 -0.009927 0.397997 0.066467 0.073766 -0.044753 -0.994051
1540822833.602011919021606 0.380112 -0.012005 0.416886 0.082108 0.072176 -0.046983 -0.992896
1540822833.635183811187744 0.374391 -0.015308 0.434635 0.097870 0.069503 -0.047514 -0.991632
1540822833.668358087539673 0.366843 -0.018473 0.450959 0.112348 0.065974 -0.046216 -0.990399
1540822833.701530933380127 0.358780 -0.021782 0.465713 0.127014 0.059235 -0.042389 -0.989223
1540822833.734744787216187 0.348978 -0.025554 0.478066 0.140846 0.050571 -0.036146 -0.988078
1540822833.767876863479614 0.335731 -0.029845 0.487233 0.154629 0.041021 -0.027890 -0.986727
1540822833.801048994064331 0.321160 -0.034965 0.493747 0.166252 0.030201 -0.017155 -0.985471
1540822833.834261894226074 0.305496 -0.040560 0.496950 0.173504 0.019574 -0.005132 -0.984625
1540822833.867395877838135 0.289933 -0.044171 0.495390 0.176518 0.010677 0.006191 -0.984220
1540822833.900610923767090 0.274413 -0.047196 0.491256 0.177575 0.003347 0.016747 -0.983959
1540822833.933740854263306 0.258733 -0.049867 0.484428 0.177598 -0.003735 0.026662 -0.983735
1540822833.966959953308105 0.242848 -0.051776 0.473976 0.176160 -0.011455 0.035798 -0.983644
1540822834.000128984451294 0.227283 -0.053067 0.460047 0.172368 -0.019942 0.044301 -0.983834
1540822834.033261299133301 0.214658 -0.053157 0.442507 0.163457 -0.028936 0.053067 -0.984697
1540822834.066432952880859 0.204971 -0.051880 0.422910 0.152331 -0.034443 0.060566 -0.985871
1540822834.099606990814209 0.198245 -0.049945 0.401584 0.139127 -0.037306 0.067279 -0.987282
1540822834.132780075073242 0.194837 -0.046808 0.379184 0.122196 -0.036997 0.072637 -0.989153
1540822834.165951967239380 0.193472 -0.042865 0.356392 0.103267 -0.034488 0.076457 -0.991111
1540822834.199126005172729 0.195771 -0.038287 0.333534 0.082470 -0.031039 0.078810 -0.992988
1540822834.232427835464478 0.198780 -0.034378 0.311565 0.062640 -0.027023 0.080059 -0.994453
1540822834.265470981597900 0.203288 -0.029845 0.291493 0.044681 -0.021990 0.079960 -0.995553
1540822834.298735857009888 0.209748 -0.024893 0.273292 0.030879 -0.015167 0.076504 -0.996476
1540822834.331818819046021 0.217905 -0.020086 0.257699 0.019797 -0.008355 0.070427 -0.997285
1540822834.365091323852539 0.226905 -0.016190 0.243738 0.009963 -0.003645 0.063875 -0.997902
1540822834.398167610168457 0.237975 -0.011918 0.232132 0.001971 0.001926 0.057067 -0.998367
1540822834.431380033493042 0.249796 -0.008378 0.222111 -0.005744 0.008816 0.049508 -0.998718
1540822834.464509963989258 0.262433 -0.005053 0.214612 -0.012555 0.016454 0.041370 -0.998930
1540822834.497683763504028 0.277837 -0.001810 0.211586 -0.016751 0.024272 0.032403 -0.999040
1540822834.530944108963013 0.294124 0.000799 0.212477 -0.017065 0.030738 0.022763 -0.999123
1540822834.564031839370728 0.311599 0.002821 0.217069 -0.014472 0.035711 0.012287 -0.999182
1540822834.597203016281128 0.330316 0.004853 0.223912 -0.008523 0.039408 0.001343 -0.999186
1540822834.630479097366333 0.350921 0.007142 0.232983 -0.000747 0.043510 -0.009950 -0.999003
1540822834.663565158843994 0.369813 0.009028 0.245027 0.008373 0.048224 -0.019831 -0.998605
1540822834.696721315383911 0.385752 0.009829 0.260222 0.017188 0.052881 -0.028416 -0.998048
1540822834.729898691177368 0.398914 0.009447 0.277074 0.026881 0.056641 -0.034962 -0.997420
1540822834.763109683990479 0.407142 0.007718 0.295100 0.037290 0.059670 -0.039615 -0.996734
1540822834.796243190765381 0.411926 0.005684 0.313387 0.048931 0.061269 -0.042537 -0.996013
1540822834.862662315368652 0.413293 0.000013 0.348969 0.074756 0.063320 -0.043854 -0.994223
1540822834.929032802581787 0.403898 -0.007227 0.379932 0.099240 0.062265 -0.038219 -0.992378
1540822834.995413541793823 0.388899 -0.016855 0.403486 0.120756 0.055689 -0.026202 -0.990772
1540822835.028502464294434 0.376291 -0.021915 0.411929 0.129997 0.050530 -0.018299 -0.990057
1540822835.061630249023438 0.363183 -0.026847 0.418413 0.137705 0.044494 -0.009063 -0.989432
1540822835.094879150390625 0.349428 -0.031642 0.423565 0.145076 0.038087 0.000927 -0.988687
1540822835.127975225448608 0.335217 -0.036247 0.426635 0.152281 0.032048 0.010411 -0.987763
1540822835.161150217056274 0.320611 -0.040277 0.427348 0.157955 0.027052 0.018172 -0.986908
1540822835.194529056549072 0.305965 -0.043467 0.425843 0.161709 0.022828 0.024276 -0.986276
1540822835.227494001388550 0.292201 -0.045808 0.420481 0.162779 0.019231 0.030099 -0.986016
1540822835.260664939880371 0.278168 -0.047497 0.411690 0.160178 0.016429 0.037580 -0.986236
1540822835.293837070465088 0.264557 -0.049170 0.401095 0.154469 0.014950 0.046065 -0.986810
1540822835.327013731002808 0.250505 -0.051308 0.389374 0.148955 0.013908 0.055229 -0.987202
1540822835.360182762145996 0.235993 -0.053726 0.375864 0.143255 0.012908 0.063021 -0.987593
1540822835.393395900726318 0.222772 -0.054860 0.360892 0.137728 0.011918 0.069218 -0.987977
1540822835.426532030105591 0.211197 -0.055123 0.344577 0.131062 0.010038 0.075028 -0.988480
1540822835.459709882736206 0.202142 -0.054413 0.327212 0.124545 0.007578 0.079513 -0.988994
1540822835.492876768112183 0.197111 -0.052425 0.309668 0.118204 0.006105 0.082731 -0.989518
1540822835.526046991348267 0.192168 -0.050583 0.292055 0.111022 0.005432 0.084281 -0.990223
1540822835.559219837188721 0.189004 -0.048037 0.274621 0.105251 0.004350 0.083459 -0.990928
1540822835.592398405075073 0.189002 -0.045034 0.257727 0.100242 0.003665 0.081812 -0.991587
1540822835.625564336776733 0.189642 -0.042054 0.241549 0.094192 0.004753 0.078975 -0.992405
1540822835.658785104751587 0.190176 -0.039445 0.226472 0.087170 0.005384 0.074476 -0.993391
1540822835.691911935806274 0.192776 -0.036724 0.212385 0.081431 0.004402 0.069779 -0.994224
1540822835.725083827972412 0.196930 -0.033796 0.199068 0.078441 0.004882 0.066050 -0.994716
1540822835.758260250091553 0.201456 -0.031380 0.187109 0.076678 0.005749 0.062701 -0.995066
1540822835.791430950164795 0.205614 -0.028918 0.175703 0.075162 0.006503 0.060019 -0.995342
1540822835.857775926589966 0.212187 -0.023885 0.155566 0.070271 0.007209 0.052906 -0.996098
1540822835.890991926193237 0.215772 -0.020796 0.145560 0.068391 0.006915 0.048591 -0.996451
1540822835.924122810363770 0.219118 -0.017798 0.135977 0.065783 0.006923 0.043592 -0.996857
1540822835.957335948944092 0.222350 -0.015092 0.126920 0.062697 0.005766 0.038830 -0.997260
1540822835.990549087524414 0.225901 -0.012401 0.118345 0.061381 0.004442 0.034997 -0.997491
1540822836.023640871047974 0.227965 -0.009503 0.109996 0.060763 0.003434 0.031422 -0.997652
1540822836.056945085525513 0.229973 -0.006971 0.101934 0.060753 0.002703 0.028506 -0.997742
1540822836.089987039566040 0.231397 -0.004691 0.093420 0.060437 0.002184 0.027089 -0.997802
1540822836.123159646987915 0.232577 -0.002238 0.085544 0.058726 0.002976 0.025993 -0.997931
1540822836.156360149383545 0.233329 -0.000131 0.079739 0.056850 0.003188 0.024463 -0.998078
1540822836.189545869827271 0.233757 0.001860 0.074093 0.054811 0.002352 0.023086 -0.998227
1540822836.222718238830566 0.233666 0.003375 0.068546 0.053493 0.000738 0.021777 -0.998330
1540822836.255892276763916 0.233030 0.004485 0.062904 0.051798 -0.001702 0.020951 -0.998436
1540822836.289026260375977 0.232696 0.005859 0.056105 0.050350 -0.002964 0.021167 -0.998503
1540822836.322197198867798 0.232293 0.006740 0.049105 0.049720 -0.002724 0.022138 -0.998514
1540822836.355370044708252 0.231987 0.007333 0.042761 0.048122 -0.001971 0.023539 -0.998562
1540822836.421799182891846 0.231995 0.008677 0.035568 0.041913 0.000705 0.026053 -0.998781
1540822836.454962730407715 0.231726 0.009206 0.033510 0.038296 0.001034 0.025925 -0.998930
1540822836.521302223205566 0.230808 0.009560 0.031000 0.033147 -0.001530 0.025153 -0.999133
1540822836.554414987564087 0.230797 0.010144 0.027677 0.030730 -0.003360 0.024825 -0.999214
1540822836.620793104171753 0.229713 0.010008 0.021740 0.027344 -0.006921 0.024335 -0.999306
1540822836.653926849365234 0.229023 0.009343 0.018099 0.024660 -0.008601 0.025225 -0.999341
1540822836.687101125717163 0.228115 0.008890 0.014106 0.022216 -0.009121 0.026937 -0.999349
1540822836.720351934432983 0.227250 0.008427 0.009850 0.020238 -0.008450 0.029228 -0.999332
1540822836.786618947982788 0.225908 0.007611 0.007887 0.016430 -0.006568 0.033064 -0.999297
1540822836.819792985916138 0.225440 0.007249 0.007374 0.014798 -0.006381 0.034067 -0.999290
1540822836.853039026260376 0.225013 0.006914 0.006889 0.013803 -0.006714 0.034540 -0.999285
1540822836.886138200759888 0.224563 0.006681 0.005568 0.012427 -0.007525 0.034974 -0.999283
1540822836.919310808181763 0.224366 0.006903 0.003638 0.011252 -0.007246 0.035041 -0.999296
1540822836.952562808990479 0.224211 0.006989 0.002186 0.010259 -0.007277 0.035006 -0.999308
1540822836.985666036605835 0.224076 0.007125 0.000562 0.009203 -0.007017 0.034898 -0.999324
1540822837.018840789794922 0.223969 0.007125 -0.000997 0.007719 -0.006853 0.035037 -0.999333
1540822837.052005052566528 0.224274 0.007043 -0.002251 0.006005 -0.006481 0.035413 -0.999334
1540822837.085217952728271 0.224630 0.007181 -0.003478 0.004543 -0.006231 0.035862 -0.999327
1540822837.118428230285645 0.224994 0.007406 -0.004463 0.003242 -0.006153 0.036438 -0.999312
1540822837.151620864868164 0.225284 0.007599 -0.005503 0.002068 -0.005740 0.036856 -0.999302
1540822837.217883110046387 0.225812 0.008105 -0.006936 0.000134 -0.005682 0.037031 -0.999298
1540822837.251144170761108 0.225695 0.008165 -0.007905 -0.001100 -0.005812 0.037399 -0.999283
1540822837.284264087677002 0.225734 0.008309 -0.008480 -0.001846 -0.005451 0.037875 -0.999266
1540822837.317413091659546 0.225727 0.008275 -0.009144 -0.001830 -0.005169 0.038655 -0.999238
1540822837.350560426712036 0.225989 0.008591 -0.009563 -0.001160 -0.005465 0.039405 -0.999208
1540822837.383733272552490 0.225989 0.008717 -0.010202 0.000023 -0.005260 0.039534 -0.999204
1540822837.416907787322998 0.226125 0.008895 -0.010694 0.001156 -0.005648 0.039546 -0.999201
1540822837.450080633163452 0.226131 0.008822 -0.010822 0.001594 -0.005826 0.039385 -0.999206
1540822837.483253002166748 0.226015 0.008659 -0.011137 0.001905 -0.005331 0.039394 -0.999208
1540822837.516425371170044 0.225944 0.008575 -0.011163 0.002283 -0.004963 0.039521 -0.999204
1540822837.549599170684814 0.226078 0.008760 -0.011181 0.002625 -0.004832 0.039297 -0.999212
1540822837.615996360778809 0.226214 0.009132 -0.012175 0.005458 -0.005217 0.039193 -0.999203
1540822837.649189233779907 0.226028 0.009186 -0.012504 0.006330 -0.004481 0.039410 -0.999193
1540822837.682356357574463 0.225644 0.009055 -0.011973 0.006702 -0.004020 0.039681 -0.999182
1540822837.715463161468506 0.225724 0.008912 -0.012116 0.006886 -0.004140 0.039312 -0.999195
1540822837.748718023300171 0.225720 0.008042 -0.012144 0.007027 -0.004249 0.039303 -0.999194
1540822837.815018892288208 0.225985 0.007017 -0.012076 0.007499 -0.003745 0.040021 -0.999164
1540822837.914578437805176 0.224972 0.005477 -0.012183 0.007229 -0.001550 0.042797 -0.999056
1540822837.980954408645630 0.224705 0.005588 -0.012385 0.005851 -0.002110 0.042317 -0.999085
1540822838.047280311584473 0.224877 0.005661 -0.012121 0.006231 -0.001765 0.041521 -0.999117
1540822838.080368041992188 0.224762 0.005685 -0.012026 0.005376 -0.001947 0.041788 -0.999110
1540822838.113551378250122 0.224669 0.006578 -0.011929 0.004795 -0.002311 0.041939 -0.999106
1540822838.146751165390015 0.224850 0.007172 -0.011497 0.005361 -0.002103 0.041062 -0.999140
1540822838.179924011230469 0.225147 0.007317 -0.011415 0.005287 -0.001901 0.040966 -0.999145
1540822838.213103294372559 0.225034 0.008642 -0.011210 0.004228 -0.002090 0.040540 -0.999167
1540822838.246272087097168 0.224571 0.008923 -0.011217 0.003836 -0.002790 0.041160 -0.999141
1540822838.279404878616333 0.224905 0.007507 -0.011057 0.005566 -0.002096 0.041399 -0.999125
1540822838.312659978866577 0.225054 0.006827 -0.011205 0.005597 -0.001583 0.040919 -0.999146
1540822838.345750093460083 0.224742 0.007207 -0.011559 0.004267 -0.002132 0.040558 -0.999166
1540822838.379001855850220 0.224550 0.007626 -0.011345 0.004423 -0.002333 0.040957 -0.999148
1540822838.412225961685181 0.224864 0.006287 -0.011407 0.005155 -0.002003 0.040994 -0.999144
1540822838.445269823074341 0.224992 0.005518 -0.011484 0.004906 -0.001665 0.040424 -0.999169
1540822838.478441953659058 0.224579 0.006476 -0.011563 0.004126 -0.002261 0.040585 -0.999165
1540822838.511614799499512 0.224592 0.006932 -0.011265 0.004508 -0.002262 0.040915 -0.999150
1540822838.544859886169434 0.224990 0.006247 -0.011245 0.005106 -0.001896 0.040863 -0.999150
1540822838.577960968017578 0.225042 0.005977 -0.011351 0.004821 -0.001869 0.040685 -0.999159
1540822838.611205816268921 0.224707 0.006637 -0.011318 0.004340 -0.002311 0.040822 -0.999154
1540822838.644308805465698 0.224829 0.006812 -0.011070 0.004727 -0.002232 0.041010 -0.999145
1540822838.677479982376099 0.224978 0.006430 -0.011054 0.005205 -0.001792 0.040866 -0.999149
1540822838.710653066635132 0.224839 0.006334 -0.011176 0.004875 -0.001956 0.040825 -0.999153
1540822838.743827104568481 0.224616 0.006727 -0.011097 0.004539 -0.002269 0.040914 -0.999150
1540822838.777040004730225 0.224625 0.006894 -0.010949 0.004922 -0.002073 0.040939 -0.999147
1540822838.810213088989258 0.224868 0.006297 -0.010926 0.005175 -0.001810 0.040807 -0.999152
1540822838.843385934829712 0.224686 0.006278 -0.010997 0.004843 -0.002059 0.040826 -0.999152
1540822838.876564979553223 0.224479 0.006660 -0.010878 0.004721 -0.002193 0.040871 -0.999151
1540822838.909690856933594 0.224657 0.006642 -0.010718 0.005093 -0.001954 0.040873 -0.999149
1540822838.942905426025391 0.224800 0.006229 -0.010657 0.005215 -0.001864 0.040819 -0.999151
1540822838.976037263870239 0.224617 0.006267 -0.010696 0.004928 -0.002105 0.040838 -0.999151
1540822839.009249925613403 0.224536 0.006527 -0.010618 0.004934 -0.002139 0.040879 -0.999150
1540822839.042425870895386 0.224716 0.006439 -0.010515 0.005218 -0.001922 0.040832 -0.999151
1540822839.075555801391602 0.224737 0.006127 -0.010472 0.005241 -0.001928 0.040826 -0.999151
1540822839.108728885650635 0.224621 0.006277 -0.010470 0.005010 -0.002113 0.040868 -0.999150
1540822839.141944885253906 0.224709 0.006471 -0.010375 0.005070 -0.002093 0.040895 -0.999148
1540822839.175074815750122 0.224866 0.006205 -0.010294 0.005294 -0.001955 0.040795 -0.999152
1540822839.208248138427734 0.224842 0.006032 -0.010273 0.005232 -0.002022 0.040801 -0.999152
1540822839.241420984268188 0.224764 0.006146 -0.010241 0.005054 -0.002169 0.040810 -0.999152
1540822839.274639844894409 0.224834 0.006204 -0.010153 0.005192 -0.002081 0.040784 -0.999152
1540822839.307767868041992 0.224939 0.006018 -0.010075 0.005357 -0.001988 0.040778 -0.999152
1540822839.340940952301025 0.224860 0.005900 -0.010086 0.005223 -0.002096 0.040776 -0.999152
1540822839.374112129211426 0.224782 0.006039 -0.010082 0.005124 -0.002157 0.040771 -0.999153
1540822839.407285928726196 0.224851 0.005985 -0.010023 0.005285 -0.002060 0.040719 -0.999155
1540822839.440460920333862 0.224918 0.005764 -0.009955 0.005366 -0.002040 0.040696 -0.999155
1540822839.473634958267212 0.224831 0.005720 -0.009935 0.005234 -0.002138 0.040653 -0.999157
1540822839.506892204284668 0.224829 0.005835 -0.009876 0.005229 -0.002147 0.040659 -0.999157
1540822839.539979934692383 0.224912 0.005801 -0.009804 0.005387 -0.002062 0.040653 -0.999157
1540822839.573150873184204 0.224921 0.005628 -0.009756 0.005380 -0.002078 0.040627 -0.999158
1540822839.606412172317505 0.224914 0.005720 -0.009743 0.005254 -0.002154 0.040656 -0.999157
1540822839.639497995376587 0.224955 0.005935 -0.009716 0.005283 -0.002128 0.040783 -0.999152
1540822839.672670841217041 0.225017 0.005867 -0.009693 0.005391 -0.002062 0.040775 -0.999152
1540822839.705843925476074 0.225007 0.005763 -0.009706 0.005345 -0.002098 0.040743 -0.999153
1540822839.739014863967896 0.224912 0.005793 -0.009735 0.005263 -0.002125 0.040719 -0.999155
1540822839.772189855575562 0.224877 0.005720 -0.009740 0.005301 -0.002086 0.040664 -0.999157
1540822839.805380105972290 0.224943 0.005683 -0.009719 0.005354 -0.002061 0.040705 -0.999155
1540822839.838534832000732 0.224903 0.005631 -0.009718 0.005281 -0.002102 0.040675 -0.999156
1540822839.871709823608398 0.224890 0.005700 -0.009720 0.005222 -0.002150 0.040686 -0.999156
1540822839.904959917068481 0.224924 0.005658 -0.009689 0.005280 -0.002128 0.040678 -0.999156
1540822839.938055992126465 0.224919 0.005540 -0.009663 0.005302 -0.002103 0.040644 -0.999157
1540822839.971227884292603 0.224926 0.005580 -0.009633 0.005248 -0.002160 0.040657 -0.999157
1540822840.004487037658691 0.224956 0.005624 -0.009601 0.005257 -0.002188 0.040683 -0.999156
1540822840.037663936614990 0.224986 0.005577 -0.009556 0.005332 -0.002137 0.040660 -0.999157
1540822840.070786952972412 0.224983 0.005536 -0.009507 0.005325 -0.002149 0.040662 -0.999156
1540822840.104048013687134 0.224978 0.005540 -0.009481 0.005272 -0.002193 0.040645 -0.999157
1540822840.137109994888306 0.224966 0.005512 -0.009442 0.005301 -0.002172 0.040627 -0.999158
1540822840.170398950576782 0.224979 0.005422 -0.009390 0.005329 -0.002129 0.040589 -0.999159
1540822840.203437805175781 0.224962 0.005345 -0.009355 0.005294 -0.002146 0.040552 -0.999161
1540822840.236684083938599 0.224968 0.005400 -0.009319 0.005294 -0.002158 0.040589 -0.999160
1540822840.269786119461060 0.225001 0.005372 -0.009276 0.005334 -0.002142 0.040578 -0.999160
1540822840.303084850311279 0.225035 0.005316 -0.009236 0.005339 -0.002136 0.040567 -0.999160
1540822840.336203098297119 0.225040 0.005289 -0.009208 0.005313 -0.002165 0.040556 -0.999161
1540822840.369405984878540 0.225023 0.005269 -0.009200 0.005322 -0.002162 0.040547 -0.999161
1540822840.402558803558350 0.225024 0.005212 -0.009182 0.005346 -0.002141 0.040506 -0.999163
1540822840.435651779174805 0.225038 0.005153 -0.009167 0.005346 -0.002144 0.040478 -0.999164
1540822840.468824863433838 0.224999 0.005119 -0.009152 0.005343 -0.002157 0.040443 -0.999165
1540822840.502097368240356 0.224998 0.005107 -0.009118 0.005335 -0.002164 0.040443 -0.999165
1540822840.535268306732178 0.224971 0.005017 -0.009070 0.005341 -0.002127 0.040384 -0.999168
1540822840.568386316299438 0.224998 0.004994 -0.009040 0.005343 -0.002119 0.040379 -0.999168
1540822840.601516962051392 0.225002 0.004998 -0.009023 0.005333 -0.002123 0.040392 -0.999167
1540822840.634728908538818 0.225013 0.004953 -0.009008 0.005363 -0.002120 0.040365 -0.999168
1540822840.667861223220825 0.225018 0.004966 -0.008988 0.005377 -0.002116 0.040386 -0.999167
1540822840.701034069061279 0.225039 0.004954 -0.008981 0.005376 -0.002141 0.040371 -0.999168
1540822840.734279155731201 0.225014 0.004892 -0.008963 0.005363 -0.002138 0.040334 -0.999170
1540822840.767379999160767 0.225025 0.004876 -0.008947 0.005394 -0.002125 0.040343 -0.999169
1540822840.800551891326904 0.225049 0.004824 -0.008927 0.005395 -0.002110 0.040324 -0.999170
1540822840.833727121353149 0.225051 0.004823 -0.008888 0.005397 -0.002122 0.040330 -0.999170
1540822840.866938114166260 0.225064 0.004858 -0.008844 0.005424 -0.002111 0.040355 -0.999168
1540822840.900070905685425 0.225054 0.004816 -0.008817 0.005456 -0.002070 0.040339 -0.999169
1540822840.933243989944458 0.225049 0.004760 -0.008789 0.005462 -0.002067 0.040290 -0.999171
1540822840.966416835784912 0.225032 0.004778 -0.008775 0.005482 -0.002064 0.040304 -0.999170
1540822840.999591112136841 0.225051 0.004782 -0.008755 0.005480 -0.002072 0.040320 -0.999170
1540822841.032806873321533 0.225027 0.004710 -0.008740 0.005483 -0.002062 0.040275 -0.999171
1540822841.066001892089844 0.225015 0.004688 -0.008725 0.005462 -0.002070 0.040260 -0.999172
1540822841.099180936813354 0.224998 0.004661 -0.008731 0.005467 -0.002061 0.040242 -0.999173
1540822841.132364034652710 0.224999 0.004654 -0.008724 0.005461 -0.002053 0.040249 -0.999173
1540822841.165457725524902 0.225014 0.004650 -0.008713 0.005469 -0.002047 0.040245 -0.999173
1540822841.198763608932495 0.224997 0.004629 -0.008713 0.005459 -0.002046 0.040233 -0.999173
1540822841.231842756271362 0.224986 0.004607 -0.008707 0.005426 -0.002048 0.040230 -0.999174
1540822841.265021562576294 0.224981 0.004584 -0.008703 0.005432 -0.002042 0.040211 -0.999174
1540822841.298148393630981 0.224989 0.004572 -0.008689 0.005424 -0.002041 0.040207 -0.999175
1540822841.364618062973022 0.224976 0.004551 -0.008686 0.005397 -0.002035 0.040199 -0.999175
1540822841.397665977478027 0.224964 0.004507 -0.008674 0.005409 -0.002026 0.040167 -0.999176
1540822841.430878877639771 0.224994 0.004512 -0.008673 0.005400 -0.002034 0.040173 -0.999176
1540822841.464011907577515 0.224976 0.004506 -0.008672 0.005368 -0.002034 0.040173 -0.999176
1540822841.497184753417969 0.224958 0.004469 -0.008672 0.005372 -0.002040 0.040151 -0.999177
1540822841.530431985855103 0.224968 0.004443 -0.008669 0.005377 -0.002039 0.040134 -0.999178
1540822841.563531875610352 0.224982 0.004444 -0.008673 0.005354 -0.002052 0.040140 -0.999178
1540822841.596704006195068 0.224998 0.004445 -0.008686 0.005375 -0.002067 0.040137 -0.999178
1540822841.629917860031128 0.224994 0.004430 -0.008686 0.005359 -0.002050 0.040123 -0.999178
1540822841.663095235824585 0.225003 0.004415 -0.008671 0.005328 -0.002084 0.040109 -0.999179
1540822841.696265935897827 0.224980 0.004388 -0.008673 0.005342 -0.002076 0.040084 -0.999180
1540822841.729395866394043 0.224979 0.004370 -0.008682 0.005330 -0.002074 0.040079 -0.999180
1540822841.762646913528442 0.224982 0.004394 -0.008665 0.005332 -0.002077 0.040110 -0.999179
1540822841.795742988586426 0.224986 0.004390 -0.008650 0.005335 -0.002081 0.040104 -0.999179
1540822841.828916072845459 0.224972 0.004395 -0.008639 0.005350 -0.002067 0.040103 -0.999179
1540822841.862128973007202 0.224975 0.004409 -0.008641 0.005357 -0.002080 0.040118 -0.999178
1540822841.895302295684814 0.224979 0.004406 -0.008639 0.005359 -0.002086 0.040126 -0.999178
1540822841.928520202636719 0.224992 0.004418 -0.008641 0.005356 -0.002076 0.040132 -0.999178
1540822841.961693763732910 0.224982 0.004419 -0.008650 0.005356 -0.002081 0.040138 -0.999178
1540822841.994876384735107 0.224981 0.004396 -0.008654 0.005361 -0.002082 0.040120 -0.999178
1540822842.027956008911133 0.224993 0.004372 -0.008655 0.005344 -0.002081 0.040106 -0.999179
1540822842.061135053634644 0.224978 0.004364 -0.008650 0.005323 -0.002091 0.040099 -0.999179
1540822842.094338893890381 0.224959 0.004346 -0.008631 0.005325 -0.002106 0.040105 -0.999179
1540822842.127472877502441 0.224961 0.004393 -0.008610 0.005331 -0.002100 0.040144 -0.999177
1540822842.160743951797485 0.224964 0.004400 -0.008592 0.005331 -0.002109 0.040159 -0.999177
1540822842.193818092346191 0.224975 0.004412 -0.008574 0.005334 -0.002120 0.040185 -0.999176
1540822842.226991176605225 0.224956 0.004426 -0.008559 0.005346 -0.002124 0.040195 -0.999175
1540822842.260204076766968 0.224991 0.004466 -0.008534 0.005359 -0.002125 0.040224 -0.999174
1540822842.326581001281738 0.224989 0.004413 -0.008495 0.005346 -0.002121 0.040188 -0.999176
1540822842.359683036804199 0.224977 0.004442 -0.008493 0.005375 -0.002100 0.040193 -0.999175
1540822842.392855882644653 0.224984 0.004465 -0.008475 0.005375 -0.002110 0.040236 -0.999174
1540822842.426029920578003 0.225018 0.004288 -0.008433 0.005418 -0.002167 0.040607 -0.999158
1540822842.459273815155029 0.224969 0.004460 -0.008419 0.005255 -0.002104 0.040093 -0.999180
1540822842.492416381835938 0.225067 0.004550 -0.008437 0.005200 -0.001973 0.040148 -0.999178
1540822842.525588750839233 0.225105 0.004503 -0.008626 0.005496 -0.001954 0.040234 -0.999173
1540822842.558764934539795 0.225093 0.004534 -0.008767 0.005525 -0.002063 0.040302 -0.999170
1540822842.591969966888428 0.225131 0.004712 -0.008827 0.005543 -0.001975 0.040332 -0.999169
1540822842.625143051147461 0.225148 0.004760 -0.008884 0.005550 -0.001910 0.040264 -0.999172
1540822842.658240079879761 0.225143 0.004647 -0.008983 0.005507 -0.001882 0.040319 -0.999170
1540822842.691414117813110 0.225186 0.004590 -0.009070 0.005457 -0.001829 0.040222 -0.999174
1540822842.724585056304932 0.225237 0.004687 -0.009130 0.005461 -0.001848 0.040270 -0.999172
1540822842.757759809494019 0.225245 0.004727 -0.009158 0.005461 -0.001848 0.040315 -0.999170
1540822842.791002988815308 0.225218 0.004663 -0.009165 0.005389 -0.001862 0.040288 -0.999172
1540822842.824105978012085 0.225262 0.004661 -0.009194 0.005394 -0.001786 0.040284 -0.999172
1540822842.857350826263428 0.225252 0.004710 -0.009170 0.005488 -0.001812 0.040347 -0.999169
1540822842.890450954437256 0.225301 0.004660 -0.009193 0.005354 -0.001794 0.040291 -0.999172
1540822842.923623800277710 0.225297 0.004691 -0.009213 0.005370 -0.001734 0.040361 -0.999169
1540822842.956796884536743 0.225260 0.004720 -0.009175 0.005367 -0.001679 0.040352 -0.999170
1540822842.989969968795776 0.225226 0.004702 -0.009157 0.005369 -0.001672 0.040323 -0.999171
1540822843.023216485977173 0.225204 0.004705 -0.009146 0.005355 -0.001694 0.040330 -0.999171
1540822843.056315898895264 0.225214 0.004699 -0.009140 0.005331 -0.001657 0.040318 -0.999171
1540822843.089489936828613 0.225145 0.004663 -0.009091 0.005284 -0.001676 0.040334 -0.999171
1540822843.122661828994751 0.225087 0.004633 -0.009071 0.005275 -0.001695 0.040314 -0.999172
1540822843.155835866928101 0.225045 0.004691 -0.009042 0.005271 -0.001706 0.040356 -0.999170
1540822843.189008951187134 0.225035 0.004702 -0.009038 0.005268 -0.001729 0.040351 -0.999170
1540822843.222276926040649 0.224992 0.004693 -0.009007 0.005218 -0.001741 0.040323 -0.999172
1540822843.255445957183838 0.224961 0.004701 -0.009009 0.005215 -0.001772 0.040323 -0.999171
1540822843.288527011871338 0.224956 0.004725 -0.008979 0.005196 -0.001791 0.040306 -0.999172
1540822843.321742296218872 0.224955 0.004716 -0.008984 0.005186 -0.001807 0.040317 -0.999172
1540822843.354872941970825 0.224940 0.004706 -0.008969 0.005195 -0.001848 0.040349 -0.999170
1540822843.388046026229858 0.224930 0.004727 -0.008926 0.005184 -0.001886 0.040357 -0.999170
1540822843.421219110488892 0.224915 0.004750 -0.008880 0.005186 -0.001931 0.040367 -0.999170
1540822843.454391956329346 0.224945 0.004782 -0.008846 0.005213 -0.001949 0.040393 -0.999168
1540822843.520807981491089 0.224947 0.004770 -0.008786 0.005202 -0.001979 0.040411 -0.999168
1540822843.553952932357788 0.224977 0.004812 -0.008793 0.005196 -0.001978 0.040422 -0.999167
1540822843.587124824523926 0.225029 0.004768 -0.008791 0.005173 -0.002027 0.040413 -0.999168
1540822843.620256900787354 0.224985 0.004736 -0.008789 0.005163 -0.002020 0.040377 -0.999169
1540822843.653429985046387 0.224999 0.004731 -0.008798 0.005144 -0.002022 0.040411 -0.999168
1540822843.686672925949097 0.225039 0.004766 -0.008791 0.005156 -0.002022 0.040445 -0.999166
1540822843.719775915145874 0.225016 0.004760 -0.008772 0.005180 -0.002034 0.040467 -0.999165
1540822843.752949953079224 0.224982 0.004716 -0.008769 0.005168 -0.002038 0.040437 -0.999167
1540822843.786162853240967 0.225025 0.004680 -0.008769 0.005194 -0.002026 0.040395 -0.999168
1540822843.819294929504395 0.225016 0.004725 -0.008741 0.005225 -0.002028 0.040433 -0.999167
1540822843.852507829666138 0.225036 0.004713 -0.008724 0.005221 -0.002032 0.040447 -0.999166
1540822843.885640859603882 0.225044 0.004705 -0.008734 0.005195 -0.002029 0.040420 -0.999167
1540822843.918813943862915 0.225039 0.004726 -0.008764 0.005204 -0.001974 0.040411 -0.999168
1540822843.952028989791870 0.225008 0.004752 -0.008758 0.005249 -0.001998 0.040450 -0.999166
1540822843.985200881958008 0.225055 0.004719 -0.008775 0.005282 -0.002014 0.040509 -0.999163
1540822844.051506757736206 0.225025 0.004751 -0.008724 0.005390 -0.002012 0.040547 -0.999161
1540822844.084719896316528 0.225009 0.004748 -0.008695 0.005413 -0.002026 0.040511 -0.999162
1540822844.117852926254272 0.225000 0.004712 -0.008701 0.005393 -0.002015 0.040487 -0.999163
1540822844.151064872741699 0.224988 0.004713 -0.008664 0.005396 -0.001978 0.040478 -0.999164
1540822844.184238910675049 0.224999 0.004736 -0.008633 0.005454 -0.002075 0.040505 -0.999162
1540822844.217370986938477 0.225083 0.004737 -0.008636 0.005444 -0.001971 0.040451 -0.999165
1540822844.250583887100220 0.225098 0.004694 -0.008623 0.005410 -0.001945 0.040446 -0.999165
1540822844.283760070800781 0.225124 0.004594 -0.008577 0.005252 -0.002001 0.040403 -0.999168
1540822844.316890954971313 0.225229 0.004576 -0.008614 0.005379 -0.001911 0.040489 -0.999164
1540822844.350107192993164 0.225289 0.004600 -0.008581 0.005315 -0.001903 0.040311 -0.999171
1540822844.383371829986572 0.225404 0.004596 -0.008578 0.005644 -0.001806 0.040454 -0.999164
1540822844.416497945785522 0.225466 0.004546 -0.008575 0.005457 -0.001751 0.040301 -0.999171
1540822844.449582099914551 0.225541 0.004473 -0.008588 0.005549 -0.001695 0.040271 -0.999172
1540822844.482798099517822 0.225568 0.004462 -0.008520 0.005632 -0.001495 0.040345 -0.999169
1540822844.516019105911255 0.225650 0.004479 -0.008477 0.005748 -0.001619 0.040375 -0.999167
1540822844.549145936965942 0.225695 0.004509 -0.008493 0.005625 -0.001490 0.040350 -0.999169
1540822844.582342863082886 0.225815 0.004473 -0.008571 0.005791 -0.001451 0.040420 -0.999165
1540822844.615540981292725 0.225673 0.004351 -0.008580 0.005714 -0.001622 0.040621 -0.999157
1540822844.648661136627197 0.225743 0.004320 -0.008615 0.005836 -0.001337 0.040470 -0.999163
1540822844.681793928146362 0.225656 0.004651 -0.008498 0.005704 -0.001267 0.040172 -0.999176
1540822844.715041875839233 0.225747 0.004745 -0.008548 0.005910 -0.001332 0.040287 -0.999170
1540822844.748143911361694 0.225699 0.004509 -0.008553 0.005846 -0.001356 0.040394 -0.999166
1540822844.781357765197754 0.225681 0.004392 -0.008431 0.005848 -0.001287 0.040353 -0.999168
1540822844.814486980438232 0.225723 0.004521 -0.008315 0.005739 -0.001176 0.040265 -0.999172
1540822844.847795009613037 0.225684 0.004530 -0.008318 0.005727 -0.001374 0.040328 -0.999169
1540822844.880942821502686 0.225717 0.004371 -0.008225 0.005602 -0.001256 0.040264 -0.999173
1540822844.914006948471069 0.225779 0.004369 -0.008205 0.005629 -0.001318 0.040242 -0.999173
1540822844.947268962860107 0.225886 0.004188 -0.008038 0.005850 -0.001300 0.040403 -0.999165
1540822844.980465888977051 0.225902 0.003957 -0.008103 0.005557 -0.001000 0.040191 -0.999176
1540822845.013525962829590 0.226175 0.003375 -0.008964 0.005051 -0.001276 0.039967 -0.999187
1540822845.046789169311523 0.226703 0.002473 -0.010494 0.005075 -0.001110 0.039911 -0.999190
1540822845.079870223999023 0.227191 0.001566 -0.011934 0.005027 -0.001199 0.039654 -0.999200
1540822845.113137245178223 0.227306 0.002964 -0.011319 0.006170 -0.000765 0.040183 -0.999173
1540822845.146307468414307 0.227723 0.002560 -0.011961 0.006063 -0.000763 0.039888 -0.999185
1540822845.179398298263550 0.228396 0.002275 -0.012305 0.006792 -0.000097 0.039747 -0.999187
1540822845.212563753128052 0.228625 0.002299 -0.012078 0.006351 0.000036 0.039513 -0.999199
1540822845.245735883712769 0.228818 0.002348 -0.011869 0.006703 0.000078 0.039568 -0.999194
1540822845.278908014297485 0.228877 0.002502 -0.011405 0.006973 -0.000035 0.039735 -0.999186
1540822845.312106132507324 0.228625 0.003411 -0.010949 0.007386 0.000159 0.039811 -0.999180
1540822845.345369815826416 0.228508 0.004245 -0.010214 0.007295 0.000347 0.039606 -0.999189
1540822845.378428936004639 0.227967 0.005120 -0.009342 0.007115 0.000198 0.039539 -0.999193
1540822845.411602020263672 0.227790 0.005746 -0.009179 0.006987 0.000615 0.039113 -0.999210
1540822845.444777965545654 0.227934 0.006108 -0.008639 0.006641 0.000702 0.039217 -0.999208
1540822845.477946758270264 0.228017 0.006611 -0.008261 0.007051 0.000895 0.039338 -0.999201
1540822845.511195898056030 0.227764 0.006969 -0.006940 0.006934 0.001248 0.039240 -0.999205
1540822845.544333696365356 0.227620 0.007388 -0.005748 0.007504 0.002192 0.039363 -0.999194
1540822845.577464818954468 0.227748 0.007742 -0.004116 0.008238 0.003000 0.040115 -0.999157
1540822845.610636949539185 0.227903 0.008074 -0.002610 0.009376 0.004213 0.040688 -0.999119
1540822845.643809795379639 0.228272 0.008268 -0.000630 0.010112 0.005623 0.041477 -0.999072
1540822845.677024841308594 0.228932 0.008378 0.001892 0.010344 0.007588 0.042420 -0.999018
1540822845.710283756256104 0.229665 0.007977 0.004300 0.010675 0.009258 0.042963 -0.998977
1540822845.743371009826660 0.230647 0.006610 0.006858 0.012400 0.012361 0.043918 -0.998882
1540822845.776500940322876 0.230501 0.006106 0.009684 0.014669 0.014547 0.044734 -0.998785
1540822845.809674978256226 0.231965 0.003531 0.012595 0.017295 0.016131 0.044790 -0.998716
1540822845.842920780181885 0.232886 0.001665 0.015974 0.018678 0.018265 0.044891 -0.998650
1540822845.876020908355713 0.232033 0.002123 0.019176 0.020796 0.019186 0.044998 -0.998586
1540822845.909275054931641 0.230644 0.002649 0.022741 0.021718 0.019331 0.044810 -0.998572
1540822845.942409038543701 0.229164 0.003545 0.026781 0.021836 0.020181 0.044421 -0.998570
1540822845.975581407546997 0.226932 0.005204 0.030987 0.021666 0.019491 0.043952 -0.998608
1540822846.008715867996216 0.223641 0.007087 0.034823 0.021962 0.017068 0.042089 -0.998727
1540822846.041886806488037 0.219321 0.009377 0.038170 0.022147 0.012164 0.038815 -0.998927
1540822846.075132131576538 0.211343 0.013929 0.040207 0.022171 0.007568 0.034867 -0.999117
1540822846.108349323272705 0.205722 0.016892 0.043555 0.020601 0.002534 0.030703 -0.999313
1540822846.141405820846558 0.200668 0.020378 0.047981 0.020194 -0.001900 0.026435 -0.999445
1540822846.174624919891357 0.195561 0.023749 0.053585 0.018456 -0.004859 0.021967 -0.999577
1540822846.207751035690308 0.190682 0.027669 0.060628 0.017816 -0.007198 0.017700 -0.999659
1540822846.240965843200684 0.185450 0.031849 0.069498 0.017462 -0.008849 0.013752 -0.999714
1540822846.274097919464111 0.180336 0.036321 0.079886 0.016865 -0.010140 0.010281 -0.999753
1540822846.307342290878296 0.175458 0.040324 0.091465 0.016623 -0.010997 0.007688 -0.999772
1540822846.340526342391968 0.171291 0.044095 0.103928 0.016026 -0.011374 0.005551 -0.999791
1540822846.373617887496948 0.167778 0.048438 0.118434 0.017128 -0.010756 0.004879 -0.999784
1540822846.406829833984375 0.165343 0.053272 0.133609 0.017926 -0.009860 0.003879 -0.999783
1540822846.439963817596436 0.162834 0.058186 0.149421 0.017128 -0.008958 0.003409 -0.999807
1540822846.473212718963623 0.160081 0.063266 0.165614 0.013417 -0.009382 0.003037 -0.999861
1540822846.506307840347290 0.157920 0.069459 0.182639 0.010394 -0.008985 0.003149 -0.999901
1540822846.539487123489380 0.155506 0.075195 0.200252 0.007945 -0.008584 0.003379 -0.999926
1540822846.572701454162598 0.152776 0.080595 0.218622 0.006849 -0.008236 0.003485 -0.999937
1540822846.605827808380127 0.150466 0.085519 0.237226 0.006713 -0.008609 0.004015 -0.999932
1540822846.639002799987793 0.148140 0.090099 0.256400 0.006779 -0.008925 0.004069 -0.999929
1540822846.672253847122192 0.145905 0.094530 0.276020 0.007350 -0.009388 0.004457 -0.999919
1540822846.705363988876343 0.143661 0.098736 0.295763 0.007459 -0.010624 0.004865 -0.999904
1540822846.738595008850098 0.141285 0.102857 0.315708 0.006949 -0.013067 0.005093 -0.999878
1540822846.771691799163818 0.138696 0.106947 0.335687 0.005592 -0.017168 0.004934 -0.999825
1540822846.804865121841431 0.135871 0.111022 0.356072 0.003519 -0.022172 0.004235 -0.999739
1540822846.838080883026123 0.133453 0.114826 0.377003 0.001910 -0.026999 0.003148 -0.999629
1540822846.871284961700439 0.131370 0.118495 0.398642 0.000563 -0.030816 0.001934 -0.999523
1540822846.904383897781372 0.130036 0.121711 0.420739 -0.000072 -0.034713 0.000819 -0.999397
1540822846.937557935714722 0.129404 0.124169 0.443171 -0.000392 -0.039320 0.000037 -0.999227
1540822846.970858335494995 0.129507 0.126169 0.466227 -0.000150 -0.043543 -0.000315 -0.999052
1540822847.003903865814209 0.130678 0.127479 0.489354 -0.000461 -0.047881 -0.000423 -0.998853
1540822847.037076711654663 0.132813 0.128347 0.513177 -0.000712 -0.051493 -0.000411 -0.998673
1540822847.070249795913696 0.136261 0.128889 0.537543 -0.000731 -0.054219 -0.000266 -0.998529
1540822847.103421926498413 0.141591 0.128850 0.562368 -0.000212 -0.055140 -0.000326 -0.998479
1540822847.136668920516968 0.148590 0.128367 0.587519 -0.000182 -0.055319 -0.000020 -0.998469
1540822847.169768810272217 0.157436 0.127320 0.612194 -0.000511 -0.055754 0.000232 -0.998444
1540822847.202984094619751 0.167302 0.125936 0.636929 -0.000793 -0.057381 0.000306 -0.998352
1540822847.236159801483154 0.177940 0.124277 0.661640 -0.001291 -0.060732 -0.000013 -0.998153
1540822847.269336223602295 0.189138 0.122500 0.687004 -0.002248 -0.065333 -0.001010 -0.997860
1540822847.302539825439453 0.201658 0.119873 0.712039 -0.002871 -0.070091 -0.002857 -0.997532
1540822847.335635185241699 0.215644 0.117140 0.737443 -0.003584 -0.074377 -0.004983 -0.997211
1540822847.368878841400146 0.232202 0.114266 0.763220 -0.004202 -0.078161 -0.007406 -0.996904
1540822847.401978969573975 0.250554 0.110805 0.788621 -0.004995 -0.083021 -0.010372 -0.996481
1540822847.435194015502930 0.271084 0.106245 0.813746 -0.005473 -0.088967 -0.013912 -0.995922
1540822847.468370199203491 0.293171 0.101533 0.838967 -0.006024 -0.095982 -0.017671 -0.995208
1540822847.501498937606812 0.316243 0.096681 0.864676 -0.007016 -0.103263 -0.021094 -0.994406
1540822847.534671068191528 0.340880 0.092156 0.891268 -0.007827 -0.110104 -0.024471 -0.993588
1540822847.567843914031982 0.368268 0.087161 0.918000 -0.008785 -0.116393 -0.027617 -0.992780
1540822847.601058959960938 0.397667 0.082126 0.945622 -0.007753 -0.122062 -0.030918 -0.992011
1540822847.634190797805786 0.429090 0.077078 0.974082 -0.002917 -0.126464 -0.034551 -0.991365
1540822847.667436122894287 0.463368 0.070971 1.002363 0.003491 -0.129973 -0.038311 -0.990771
1540822847.700617790222168 0.500813 0.064497 1.030097 0.009973 -0.133012 -0.042242 -0.990164
1540822847.733709812164307 0.540770 0.058630 1.058412 0.014621 -0.135139 -0.045902 -0.989655
1540822847.766956806182861 0.582932 0.053363 1.086630 0.015039 -0.138468 -0.049091 -0.989035
1540822847.800055980682373 0.626848 0.049493 1.115157 0.014134 -0.142747 -0.052293 -0.988276
1540822847.833299875259399 0.673999 0.045665 1.143551 0.013216 -0.147043 -0.055419 -0.987488
1540822847.866401910781860 0.724626 0.042020 1.171224 0.013123 -0.150439 -0.058739 -0.986785
1540822847.899574995040894 0.778633 0.038552 1.198540 0.013482 -0.152812 -0.061962 -0.986219
1540822847.932748079299927 0.836705 0.035305 1.224929 0.013213 -0.154111 -0.065223 -0.985810
1540822847.965919971466064 0.898591 0.032305 1.250367 0.012565 -0.153984 -0.068303 -0.985630
1540822847.999093770980835 0.963385 0.029823 1.275553 0.011637 -0.153175 -0.071391 -0.985548
1540822848.032321691513062 1.031547 0.027225 1.300098 0.011162 -0.151618 -0.074699 -0.985549
1540822848.065493822097778 1.101254 0.024816 1.324543 0.009656 -0.150285 -0.077667 -0.985540
1540822848.098667144775391 1.173397 0.022959 1.348353 0.007376 -0.149596 -0.080555 -0.985433
1540822848.131886959075928 1.247757 0.021513 1.371602 0.004435 -0.149293 -0.083389 -0.985261
1540822848.165090799331665 1.325560 0.020311 1.393357 0.001281 -0.148851 -0.086146 -0.985099
1540822848.198244810104370 1.405586 0.019483 1.414240 -0.001228 -0.148218 -0.088992 -0.984942
1540822848.231416940689087 1.488175 0.018156 1.433710 -0.003205 -0.147219 -0.092145 -0.984797
1540822848.264664888381958 1.572797 0.016491 1.452138 -0.003609 -0.146253 -0.095246 -0.984645
1540822848.297765016555786 1.659325 0.014762 1.468645 -0.003333 -0.145045 -0.098243 -0.984530
1540822848.330935955047607 1.747928 0.012942 1.484450 -0.003040 -0.143956 -0.101955 -0.984313
1540822848.364173412322998 1.838408 0.011752 1.500238 -0.002990 -0.143013 -0.106148 -0.984008
1540822848.397346019744873 1.931149 0.010995 1.515058 -0.002495 -0.142030 -0.110957 -0.983621
1540822848.430520057678223 2.026069 0.010166 1.528486 -0.000529 -0.140474 -0.116915 -0.983157
1540822848.463693141937256 2.123439 0.008615 1.541403 0.002090 -0.139742 -0.123424 -0.982463
1540822848.496934175491333 2.223256 0.007284 1.552339 0.006824 -0.138185 -0.130192 -0.981788
1540822848.530096054077148 2.325070 0.006149 1.562492 0.011941 -0.136612 -0.137180 -0.981008
1540822848.563267707824707 2.428511 0.005821 1.571854 0.017817 -0.134857 -0.144716 -0.980078
1540822848.596440792083740 2.534157 0.006234 1.580624 0.023930 -0.133351 -0.152090 -0.979037
1540822848.629613637924194 2.641690 0.007391 1.588925 0.029762 -0.132133 -0.159735 -0.977824
1540822848.662863731384277 2.751339 0.009425 1.596313 0.035394 -0.130651 -0.167810 -0.976482
1540822848.695999622344971 2.862142 0.012871 1.603175 0.041399 -0.129019 -0.176158 -0.974992
1540822848.729136705398560 2.974325 0.017619 1.609463 0.047658 -0.127547 -0.185060 -0.973249
1540822848.762306690216064 3.088469 0.023789 1.615015 0.053987 -0.126248 -0.194248 -0.971295
1540822848.795549869537354 3.204912 0.031156 1.620021 0.060565 -0.124800 -0.203747 -0.969146
1540822848.828727722167969 3.322649 0.039179 1.624065 0.067141 -0.123594 -0.213779 -0.966703
1540822848.861931800842285 3.442789 0.048716 1.628386 0.073848 -0.122530 -0.224322 -0.963957
1540822848.894998788833618 3.562446 0.060628 1.630525 0.080153 -0.120658 -0.235478 -0.961024
1540822848.928170919418335 3.683815 0.074914 1.632512 0.086643 -0.119168 -0.247253 -0.957684
1540822848.961384773254395 3.806893 0.090896 1.634321 0.092847 -0.118025 -0.259522 -0.953991
1540822848.994516849517822 3.930498 0.109434 1.635557 0.099016 -0.116660 -0.272652 -0.949867
1540822849.027689933776855 4.055248 0.131284 1.636263 0.104713 -0.115366 -0.286333 -0.945378
1540822849.060863018035889 4.180726 0.155579 1.636696 0.109584 -0.114464 -0.299913 -0.940713
1540822849.094035863876343 4.306089 0.182425 1.635941 0.114370 -0.113334 -0.313768 -0.935748
1540822849.127207756042480 4.432656 0.212473 1.635129 0.118273 -0.112437 -0.327343 -0.930707
1540822849.160423278808594 4.557980 0.246304 1.632879 0.121235 -0.111342 -0.341041 -0.925525
1540822849.193596839904785 4.683013 0.283331 1.630410 0.123370 -0.111066 -0.354429 -0.920231
1540822849.227383375167847 4.810298 0.324080 1.627725 0.125242 -0.110894 -0.367945 -0.914677
1540822849.259900808334351 4.931410 0.367310 1.624571 0.126148 -0.111107 -0.381160 -0.909098
1540822849.293116807937622 5.054297 0.414597 1.620148 0.125291 -0.111624 -0.394380 -0.903497
1540822849.326247692108154 5.175736 0.465792 1.615915 0.123269 -0.112715 -0.407344 -0.897870
1540822849.392794370651245 5.422691 0.575987 1.609500 0.120253 -0.114507 -0.433318 -0.885812
1540822849.425765991210938 5.541563 0.637031 1.608048 0.121737 -0.114255 -0.446450 -0.879095
1540822849.458939075469971 5.660020 0.701683 1.606329 0.127227 -0.111807 -0.460311 -0.871451
1540822849.492152929306030 5.779541 0.769878 1.604018 0.136276 -0.107513 -0.474712 -0.862855
1540822849.525284767150879 5.898043 0.840854 1.601905 0.146796 -0.102635 -0.490248 -0.852979
1540822849.624880552291870 6.267768 1.067402 1.586512 0.179886 -0.084888 -0.542048 -0.816467
1540822849.657978534698486 6.380944 1.154361 1.583967 0.190925 -0.078503 -0.558906 -0.803124
1540822849.691227674484253 6.490839 1.245129 1.579688 0.201379 -0.072374 -0.575350 -0.789418
1540822849.724323749542236 6.600795 1.337532 1.574549 0.210839 -0.067090 -0.591247 -0.775547
1540822849.757495880126953 6.706813 1.434762 1.568311 0.218680 -0.062864 -0.606938 -0.761481
1540822849.790670156478882 6.802861 1.536757 1.559557 0.225059 -0.057031 -0.622369 -0.747498
1540822849.823842763900757 6.892935 1.643121 1.550617 0.230053 -0.050585 -0.637383 -0.733662
1540822849.890187740325928 7.063159 1.866558 1.532229 0.238792 -0.035469 -0.666745 -0.705104
1540822849.923362255096436 7.129168 1.986842 1.523489 0.242440 -0.026231 -0.680794 -0.690692
1540822849.956647157669067 7.206504 2.108784 1.513496 0.245308 -0.016242 -0.695080 -0.675592
1540822850.022879838943481 7.361407 2.356601 1.487940 0.251647 0.004587 -0.723354 -0.642971
1540822850.056152820587158 7.429596 2.486274 1.473522 0.254733 0.016133 -0.737323 -0.625464
1540822850.089308261871338 7.497280 2.618372 1.459227 0.256969 0.028053 -0.751503 -0.606979
1540822850.122399806976318 7.562089 2.753916 1.444968 0.257961 0.039700 -0.765962 -0.587523
1540822850.155574798583984 7.621424 2.891102 1.430843 0.257997 0.051670 -0.780387 -0.567242
1540822850.221918821334839 7.706832 3.166066 1.399684 0.252901 0.075771 -0.810611 -0.522694
1540822850.255090713500977 7.735326 3.304460 1.384580 0.247870 0.088073 -0.826148 -0.498281
1540822850.288264751434326 7.761919 3.443805 1.373285 0.242219 0.099802 -0.841115 -0.473176
1540822850.321437835693359 7.780234 3.581793 1.362438 0.236198 0.110874 -0.855341 -0.447560
1540822850.354609966278076 7.785570 3.716427 1.355721 0.230828 0.122058 -0.868489 -0.421364
1540822850.387782812118530 7.784141 3.848770 1.348310 0.225890 0.133257 -0.880589 -0.394688
1540822850.420955657958984 7.776860 3.978786 1.340839 0.220765 0.144483 -0.891497 -0.368268
1540822850.487303256988525 7.777735 4.238223 1.309135 0.211643 0.169317 -0.908852 -0.317059
1540822850.520475864410400 7.764392 4.361173 1.293873 0.208476 0.181470 -0.915561 -0.292156
1540822850.553699731826782 7.737947 4.477561 1.276780 0.206259 0.191406 -0.921252 -0.268544
1540822850.619999885559082 7.687067 4.704650 1.236211 0.204816 0.198971 -0.931116 -0.226902
1540822850.653208971023560 7.640393 4.803723 1.214896 0.204033 0.195703 -0.936317 -0.208281
1540822850.686339855194092 7.597382 4.909707 1.201462 0.202371 0.190212 -0.941660 -0.190111
1540822850.719641685485840 7.541138 4.999668 1.177665 0.197710 0.186212 -0.946836 -0.172447
1540822850.785859107971191 7.414578 5.167853 1.140156 0.181931 0.181079 -0.956414 -0.139228
1540822850.819119930267334 7.337115 5.236299 1.119201 0.174075 0.177182 -0.960612 -0.124613
1540822850.885453701019287 7.209066 5.401010 1.078881 0.162407 0.159864 -0.968552 -0.099873
1540822850.918551683425903 7.143630 5.477608 1.054440 0.156008 0.149035 -0.972425 -0.088547
1540822850.951724767684937 7.065173 5.538590 1.037950 0.149702 0.139576 -0.975788 -0.077107
1540822850.984967708587646 6.983323 5.591490 1.026049 0.142803 0.134062 -0.978438 -0.065529
1540822851.018070697784424 6.900698 5.645229 1.016165 0.137309 0.131361 -0.980319 -0.053522
1540822851.051242828369141 6.813569 5.690118 1.012883 0.132665 0.132196 -0.981428 -0.041509
1540822851.084416627883911 6.725444 5.736664 1.010749 0.132234 0.132240 -0.981889 -0.030355
1540822851.150802612304688 6.548157 5.843350 0.983813 0.137782 0.129577 -0.981885 -0.011326
1540822851.183974742889404 6.454616 5.904069 0.968003 0.139366 0.128374 -0.981880 -0.002814
1540822851.217109680175781 6.357012 5.963618 0.952101 0.139648 0.127123 -0.981992 0.005515
1540822851.283453702926636 6.149808 6.068647 0.927590 0.139454 0.121742 -0.982465 0.022221
1540822851.316626787185669 6.038505 6.124355 0.916848 0.139122 0.117468 -0.982816 0.030312
1540822851.349927902221680 5.928323 6.159163 0.910637 0.137657 0.113366 -0.983232 0.038124
1540822851.382972955703735 5.817001 6.188783 0.908153 0.137371 0.108249 -0.983585 0.044415
1540822851.416187763214111 5.706646 6.207266 0.901165 0.137455 0.100414 -0.984167 0.049377
1540822851.482620716094971 5.476663 6.238008 0.894156 0.136547 0.080519 -0.985778 0.055805
1540822851.515664815902710 5.357906 6.249854 0.893389 0.134908 0.071221 -0.986584 0.058140
1540822851.548917770385742 5.236215 6.260449 0.897028 0.133612 0.062985 -0.987221 0.059788
1540822851.582013368606567 5.112782 6.270053 0.900921 0.133362 0.055185 -0.987654 0.060894
1540822851.615222930908203 4.984828 6.279870 0.906952 0.133220 0.048942 -0.987997 0.060983
1540822851.648357868194580 4.850720 6.293701 0.915065 0.133445 0.044757 -0.988177 0.060792
1540822851.681529760360718 4.715972 6.304887 0.922375 0.133253 0.041999 -0.988353 0.060311
1540822851.747876644134521 4.446482 6.318916 0.939501 0.130953 0.039387 -0.988823 0.059413
1540822851.781152725219727 4.304368 6.326005 0.944611 0.128601 0.036266 -0.989315 0.058332
1540822851.814260721206665 4.161199 6.330658 0.950946 0.124168 0.031106 -0.990140 0.056899
1540822851.847396850585938 4.019217 6.332360 0.962791 0.119540 0.024158 -0.990983 0.055498
1540822851.880612850189209 3.876461 6.333958 0.979136 0.116576 0.017536 -0.991536 0.054389
1540822851.946927785873413 3.589761 6.333856 1.014661 0.114470 0.008309 -0.992003 0.052507
1540822851.980195999145508 3.448215 6.329317 1.035294 0.114493 0.004143 -0.992055 0.051978
1540822852.013305902481079 3.303040 6.328050 1.055607 0.114129 0.000795 -0.992145 0.051200
1540822852.046475887298584 3.159599 6.323391 1.077609 0.113771 -0.002925 -0.992223 0.050404
1540822852.079617023468018 3.015039 6.318071 1.098767 0.112993 -0.006240 -0.992328 0.049785
1540822852.112818002700806 2.867176 6.314792 1.119186 0.112042 -0.009407 -0.992441 0.049174
1540822852.146037101745605 2.719538 6.310846 1.140191 0.109526 -0.010865 -0.992740 0.048517
1540822852.179127216339111 2.567795 6.311125 1.161158 0.106353 -0.011957 -0.993098 0.047987
1540822852.212300062179565 2.415673 6.311982 1.182431 0.103989 -0.012210 -0.993377 0.047325
1540822852.245549917221069 2.261948 6.315455 1.203816 0.103101 -0.011231 -0.993539 0.046085
1540822852.278645277023315 2.108347 6.317224 1.224805 0.103159 -0.010097 -0.993653 0.043694
1540822852.344991683959961 1.787960 6.327481 1.258078 0.103457 -0.008255 -0.993918 0.036810
1540822852.378304481506348 1.622228 6.336220 1.272876 0.103159 -0.007522 -0.994107 0.032453
1540822852.444619655609131 1.303104 6.346338 1.304835 0.102987 -0.005732 -0.994427 0.021828
1540822852.510955810546875 0.980348 6.359951 1.331569 0.101986 -0.000882 -0.994754 0.007954
1540822852.577259063720703 0.659986 6.371856 1.351589 0.101206 0.007943 -0.994806 -0.007458
1540822852.610432386398315 0.498492 6.377686 1.359611 0.100860 0.012359 -0.994706 -0.015312
1540822852.643732547760010 0.336701 6.382431 1.368403 0.100512 0.014511 -0.994560 -0.023174
1540822852.676861047744751 0.171158 6.389213 1.376081 0.099720 0.014328 -0.994462 -0.029925
1540822852.710033893585205 0.005720 6.393020 1.380577 0.098578 0.013242 -0.994357 -0.036906
1540822852.776420831680298 -0.332008 6.405337 1.381673 0.096901 0.009918 -0.993998 -0.049805
1540822852.809553146362305 -0.507810 6.415608 1.378034 0.093822 0.007519 -0.994014 -0.055471
1540822852.875980138778687 -0.857831 6.431167 1.370687 0.081507 0.004010 -0.994440 -0.066551
1540822852.909225225448608 -1.035478 6.441660 1.365915 0.075209 0.002760 -0.994555 -0.072079
1540822852.942415237426758 -1.208325 6.449010 1.365100 0.069820 0.001329 -0.994481 -0.078302
1540822852.975498199462891 -1.382380 6.457751 1.365237 0.064818 0.000335 -0.994246 -0.085279
1540822853.008673191070557 -1.553615 6.464496 1.365611 0.060454 -0.000436 -0.993832 -0.092971
1540822853.041902542114258 -1.726001 6.473277 1.365295 0.055969 -0.001089 -0.993260 -0.101495
1540822853.075116157531738 -1.895703 6.480965 1.365020 0.052201 -0.001718 -0.992388 -0.111523
1540822853.108247995376587 -2.064832 6.487520 1.366362 0.049134 -0.002894 -0.991156 -0.123240
1540822853.174674749374390 -2.404336 6.500759 1.367229 0.044913 -0.010820 -0.987419 -0.151227
1540822853.207767963409424 -2.571524 6.508973 1.371238 0.043583 -0.016778 -0.984745 -0.167618
1540822853.240988731384277 -2.736422 6.515162 1.378263 0.042940 -0.024159 -0.981238 -0.186398
1540822853.274113655090332 -2.905427 6.526068 1.384694 0.042341 -0.033364 -0.977142 -0.205638
1540822853.307326793670654 -3.075133 6.539988 1.386971 0.042179 -0.043026 -0.972454 -0.225173
1540822853.340460538864136 -3.243311 6.558180 1.384395 0.041976 -0.052446 -0.967225 -0.244873
1540822853.373674631118774 -3.410730 6.577310 1.377268 0.041670 -0.061098 -0.961402 -0.265021
1540822853.406807661056519 -3.574850 6.598700 1.365305 0.041276 -0.068690 -0.955251 -0.284735
1540822853.473193645477295 -3.899253 6.642501 1.350119 0.038720 -0.083649 -0.941835 -0.323187
1540822853.506325721740723 -4.047970 6.674555 1.344399 0.038396 -0.090247 -0.935169 -0.340354
1540822853.539497852325439 -4.202440 6.705602 1.332100 0.038581 -0.094401 -0.928428 -0.357241
1540822853.572670936584473 -4.355276 6.740053 1.317533 0.039221 -0.095856 -0.921788 -0.373605
1540822853.605932712554932 -4.504513 6.775477 1.303838 0.040409 -0.095349 -0.915274 -0.389293
1540822853.639019012451172 -4.656872 6.812583 1.293680 0.041041 -0.094195 -0.909035 -0.403854
1540822853.672194719314575 -4.806965 6.851310 1.291188 0.042453 -0.093687 -0.902849 -0.417473
1540822853.705402851104736 -4.953553 6.891591 1.292383 0.044318 -0.094296 -0.896440 -0.430742
1540822853.738578796386719 -5.101938 6.934677 1.288202 0.045643 -0.095569 -0.889709 -0.444073
1540822853.771750688552856 -5.251184 6.980854 1.284156 0.046590 -0.096930 -0.882733 -0.457402
1540822853.838136672973633 -5.559941 7.081059 1.279517 0.046611 -0.101396 -0.867420 -0.484901
1540822853.871314764022827 -5.704749 7.135102 1.280156 0.046005 -0.104978 -0.859085 -0.498834
1540822853.904414653778076 -5.838499 7.189825 1.280455 0.045655 -0.108567 -0.850104 -0.513275
1540822853.937575578689575 -5.981474 7.248854 1.282157 0.045715 -0.111397 -0.840384 -0.528447
1540822854.003922700881958 -6.250215 7.375644 1.286952 0.045820 -0.116597 -0.819587 -0.559091
1540822854.037131547927856 -6.387757 7.442697 1.295044 0.045623 -0.120199 -0.808247 -0.574637
1540822854.070268630981445 -6.517355 7.513020 1.298436 0.045194 -0.123868 -0.796662 -0.589868
1540822854.103483200073242 -6.645287 7.586013 1.303355 0.044595 -0.127738 -0.785011 -0.604526
1540822854.136656761169434 -6.766327 7.660178 1.313740 0.044093 -0.131337 -0.773463 -0.618516
1540822854.169785737991333 -6.905732 7.742178 1.317286 0.043347 -0.134238 -0.761909 -0.632136
1540822854.203000545501709 -7.019686 7.821085 1.331717 0.042691 -0.137679 -0.750173 -0.645339
1540822854.236131668090820 -7.115630 7.899651 1.350459 0.041768 -0.141158 -0.738265 -0.658251
1540822854.269345760345459 -7.232845 7.984883 1.360812 0.040196 -0.145148 -0.726306 -0.670668
1540822854.302518606185913 -7.355620 8.075666 1.361920 0.038116 -0.148932 -0.714816 -0.682206
1540822854.335690736770630 -7.470007 8.167448 1.369763 0.035652 -0.153426 -0.703118 -0.693408
1540822854.401995658874512 -7.714150 8.364790 1.381856 0.030924 -0.161826 -0.679431 -0.715003
1540822854.435168743133545 -7.831353 8.466713 1.388297 0.028919 -0.165684 -0.667671 -0.725209
1540822854.468348503112793 -7.948969 8.572070 1.394702 0.026655 -0.169514 -0.655814 -0.735162
1540822854.501556634902954 -8.046386 8.676127 1.399240 0.024981 -0.173047 -0.643982 -0.744794
1540822854.534732580184937 -8.177062 8.790765 1.406239 0.023664 -0.175464 -0.631933 -0.754528
1540822854.567899703979492 -8.304899 8.907474 1.414586 0.022788 -0.177134 -0.619937 -0.764056
1540822854.601074695587158 -8.435792 9.028188 1.422065 0.022166 -0.178252 -0.607857 -0.773463
1540822854.634207725524902 -8.559408 9.151220 1.428675 0.021981 -0.178672 -0.595680 -0.782788
1540822854.667460680007935 -8.650377 9.270547 1.440209 0.021583 -0.178908 -0.583590 -0.791801
1540822854.700655937194824 -8.743433 9.392676 1.452171 0.021403 -0.179429 -0.571377 -0.800547
1540822854.733769655227661 -8.830368 9.515781 1.466725 0.020998 -0.180470 -0.558779 -0.809169
1540822854.766902208328247 -8.919482 9.640550 1.484212 0.019794 -0.182810 -0.545950 -0.817391
1540822854.800077199935913 -9.018659 9.770318 1.500355 0.017662 -0.185463 -0.532698 -0.825545
1540822854.833354473114014 -9.089340 9.897715 1.517464 0.014669 -0.188025 -0.519093 -0.833651
1540822854.899617433547974 -9.194912 10.153822 1.548634 0.007515 -0.190107 -0.491713 -0.849718
1540822854.932751655578613 -9.225462 10.278901 1.565706 0.004085 -0.190561 -0.477460 -0.857730
1540822854.999060392379761 -9.244690 10.516039 1.610700 -0.003995 -0.195393 -0.447715 -0.872557
1540822855.032235145568848 -9.244142 10.633731 1.632382 -0.009386 -0.199771 -0.432519 -0.879165
1540822855.065544128417969 -9.235757 10.750062 1.654354 -0.015060 -0.204775 -0.416833 -0.885489
1540822855.098525285720825 -9.244986 10.875790 1.670591 -0.020117 -0.208470 -0.401258 -0.891699
1540822855.131695985794067 -9.251268 11.000494 1.689077 -0.024594 -0.211881 -0.385730 -0.897616
1540822855.164872169494629 -9.258312 11.130018 1.704538 -0.028941 -0.214730 -0.370101 -0.903371
1540822855.198045492172241 -9.257579 11.258265 1.720028 -0.033561 -0.217225 -0.354422 -0.908885
1540822855.231214046478271 -9.257118 11.390149 1.733677 -0.037412 -0.218521 -0.338772 -0.914375
1540822855.297560214996338 -9.230773 11.646999 1.762969 -0.043577 -0.218271 -0.306686 -0.925420
1540822855.397156238555908 -9.151762 12.024552 1.806559 -0.053696 -0.214095 -0.256236 -0.941075
1540822855.463426113128662 -9.068983 12.264786 1.835540 -0.060240 -0.214078 -0.222721 -0.949177
1540822855.563030719757080 -8.907864 12.619253 1.871104 -0.071850 -0.213084 -0.169185 -0.959588
1540822855.662559270858765 -8.698261 12.951483 1.912761 -0.084447 -0.205712 -0.110836 -0.968642
1540822855.728744029998779 -8.532820 13.152712 1.938756 -0.095263 -0.202994 -0.070603 -0.971974
1540822855.761917114257812 -8.442215 13.247232 1.949435 -0.101425 -0.200892 -0.050016 -0.973064
1540822855.828339815139771 -8.258898 13.447541 1.970821 -0.112479 -0.192488 -0.008177 -0.974797
1540822855.894613504409790 -8.063278 13.634369 1.994416 -0.122592 -0.183461 0.033973 -0.974761
1540822855.927785634994507 -7.959375 13.718375 2.006072 -0.127721 -0.179474 0.054501 -0.973913
1540822855.960954427719116 -7.853052 13.796913 2.017483 -0.133196 -0.175936 0.075060 -0.972456
1540822855.994128704071045 -7.744217 13.866285 2.028313 -0.138425 -0.172757 0.095243 -0.970527
1540822856.027304649353027 -7.632840 13.935003 2.040018 -0.143597 -0.169783 0.115315 -0.968120
1540822856.093655109405518 -7.401163 14.058338 2.057079 -0.154496 -0.164383 0.155491 -0.961734
1540822856.126818656921387 -7.283537 14.113298 2.065908 -0.159784 -0.161406 0.175080 -0.958000
1540822856.193862676620483 -7.043488 14.204174 2.083844 -0.172054 -0.154237 0.215103 -0.948862
1540822856.226410627365112 -6.923860 14.245477 2.090640 -0.178400 -0.150729 0.234056 -0.943754
1540822856.292753696441650 -6.677436 14.299323 2.105162 -0.194198 -0.143753 0.272959 -0.931190
1540822856.325927495956421 -6.551019 14.319317 2.111313 -0.202856 -0.140118 0.292501 -0.923937
1540822856.392206430435181 -6.293325 14.343586 2.120948 -0.220358 -0.132981 0.330725 -0.907953
1540822856.425374031066895 -6.161041 14.351137 2.126371 -0.228955 -0.128843 0.349774 -0.899243
1540822856.458547830581665 -6.025068 14.356621 2.132283 -0.236632 -0.124700 0.368614 -0.890269
1540822856.491749763488770 -5.896183 14.350229 2.135310 -0.244318 -0.120646 0.386845 -0.880968
1540822856.524936676025391 -5.764029 14.341314 2.136091 -0.250743 -0.116883 0.404636 -0.871628
1540822856.558066844940186 -5.631224 14.327098 2.134716 -0.256546 -0.112643 0.422544 -0.861947
1540822856.591240644454956 -5.503959 14.302351 2.133928 -0.262201 -0.108440 0.439976 -0.852005
1540822856.624413728713989 -5.382229 14.269304 2.133426 -0.267488 -0.104362 0.456862 -0.841924
1540822856.690802574157715 -5.131274 14.186509 2.121689 -0.275180 -0.095810 0.490310 -0.821397
1540822856.723947525024414 -5.010136 14.136031 2.114652 -0.277438 -0.091450 0.506607 -0.811181
1540822856.757105588912964 -4.891742 14.078897 2.106651 -0.278345 -0.087067 0.522325 -0.801324
1540822856.790279626846313 -4.774889 14.015990 2.096765 -0.277013 -0.083287 0.537377 -0.792183
1540822856.823451757431030 -4.664597 13.943968 2.083899 -0.274679 -0.079283 0.551972 -0.783321
1540822856.856623649597168 -4.562542 13.865048 2.074935 -0.272445 -0.075030 0.565420 -0.774884
1540822856.889796972274780 -4.459710 13.781237 2.061278 -0.268140 -0.071411 0.577867 -0.767510
1540822856.922969818115234 -4.364063 13.689725 2.047817 -0.261276 -0.068776 0.589530 -0.761222
1540822856.956244945526123 -4.275100 13.591672 2.034712 -0.253678 -0.066168 0.599937 -0.755874
1540822856.989394664764404 -4.196236 13.489200 2.023620 -0.247210 -0.063283 0.608145 -0.751693
1540822857.055738687515259 -4.037834 13.274600 2.001076 -0.236884 -0.058358 0.619695 -0.745961
1540822857.088837623596191 -3.967889 13.159908 1.987311 -0.232839 -0.056892 0.622905 -0.744674
1540822857.155181646347046 -3.827950 12.916840 1.963109 -0.222836 -0.054839 0.626054 -0.745247
1540822857.188353538513184 -3.767338 12.786619 1.951310 -0.215777 -0.055223 0.627039 -0.746467
1540822857.221527814865112 -3.709020 12.654548 1.942257 -0.208509 -0.056325 0.627351 -0.748186
1540822857.254775524139404 -3.652995 12.519278 1.935020 -0.201684 -0.057934 0.626839 -0.750360
1540822857.287945747375488 -3.600466 12.382465 1.930390 -0.196513 -0.059258 0.625055 -0.753112
1540822857.354263782501221 -3.499000 12.095236 1.918505 -0.189000 -0.059511 0.617104 -0.761525
1540822857.387453079223633 -3.451726 11.944252 1.912872 -0.184412 -0.060433 0.611993 -0.766684
1540822857.420712232589722 -3.406368 11.790631 1.909569 -0.179049 -0.061617 0.606687 -0.772059
1540822857.453798294067383 -3.363574 11.633388 1.906932 -0.173083 -0.063109 0.601156 -0.777606
1540822857.486970901489258 -3.323484 11.474273 1.908727 -0.166788 -0.065496 0.595616 -0.783029
1540822857.520145416259766 -3.285670 11.310840 1.912359 -0.159581 -0.068184 0.589993 -0.788538
1540822857.553384542465210 -3.248097 11.144786 1.917775 -0.151809 -0.071215 0.584081 -0.794186
1540822857.586560487747192 -3.206877 10.975503 1.925226 -0.143536 -0.074540 0.577848 -0.799958
1540822857.619803667068481 -3.170463 10.803747 1.933765 -0.134886 -0.078749 0.571521 -0.805585
1540822857.652984857559204 -3.133976 10.628605 1.942903 -0.125052 -0.083672 0.564991 -0.811262
1540822857.686077594757080 -3.099380 10.451835 1.953327 -0.116059 -0.089001 0.558646 -0.816409
1540822857.719361543655396 -3.062342 10.270765 1.964754 -0.107806 -0.094220 0.552382 -0.821203
1540822857.752489566802979 -3.024780 10.088452 1.978083 -0.099961 -0.099786 0.546660 -0.825356
1540822857.785662412643433 -2.989587 9.903760 1.992862 -0.091762 -0.105593 0.541222 -0.829162
1540822857.818835496902466 -2.955240 9.716782 2.008511 -0.083225 -0.111133 0.535970 -0.832742
1540822857.885293245315552 -2.887177 9.334642 2.040173 -0.066409 -0.121341 0.525242 -0.839635
1540822857.918421983718872 -2.848462 9.141561 2.057345 -0.058318 -0.126340 0.519841 -0.842854
1540822857.951592922210693 -2.803537 8.948981 2.076540 -0.051277 -0.130801 0.514541 -0.845878
1540822858.017937660217285 -2.713620 8.560425 2.114762 -0.042274 -0.135032 0.503318 -0.852438
1540822858.051111698150635 -2.665863 8.364151 2.133358 -0.038078 -0.137062 0.497140 -0.855930
1540822858.084284782409668 -2.618363 8.166377 2.152032 -0.033534 -0.139325 0.489596 -0.860093
1540822858.117505311965942 -2.566102 7.966756 2.168990 -0.029088 -0.141199 0.481444 -0.864540
1540822858.183892250061035 -2.449364 7.564447 2.205765 -0.018469 -0.145481 0.464329 -0.873437
1540822858.217025041580200 -2.389438 7.363345 2.223186 -0.012680 -0.147797 0.455033 -0.878032
1540822858.250198125839233 -2.325982 7.163704 2.242857 -0.007739 -0.149670 0.446000 -0.882396
1540822858.316543102264404 -2.206631 6.768884 2.286363 -0.006166 -0.150410 0.427576 -0.891357
1540822858.349788188934326 -2.142962 6.571865 2.308021 -0.008682 -0.149362 0.419055 -0.895549
1540822858.382999181747437 -2.074724 6.372391 2.327658 -0.010530 -0.148399 0.410282 -0.899742
1540822858.416067123413086 -2.001976 6.173713 2.346963 -0.011535 -0.147830 0.401217 -0.903902
1540822858.449276208877563 -1.927708 5.974265 2.366964 -0.012304 -0.147829 0.391934 -0.907955
1540822858.515659093856812 -1.774746 5.570935 2.402271 -0.011120 -0.148841 0.372113 -0.916109
1540822858.548755407333374 -1.695781 5.369356 2.419554 -0.007305 -0.149481 0.361161 -0.920416
1540822858.582015991210938 -1.611070 5.166292 2.435100 -0.002459 -0.149453 0.349084 -0.925094
1540822858.615229129791260 -1.525357 4.967928 2.455419 0.003042 -0.149530 0.336653 -0.929675
1540822858.648273944854736 -1.439169 4.773241 2.476592 0.009137 -0.149887 0.323814 -0.934128
1540822858.681487083435059 -1.348075 4.576787 2.492659 0.015366 -0.150886 0.310770 -0.938307
1540822858.714621067047119 -1.252881 4.380548 2.503787 0.021379 -0.152459 0.297258 -0.942304
1540822858.747833251953125 -1.157637 4.181883 2.509899 0.027120 -0.154602 0.282526 -0.946331
1540822858.781010389328003 -1.059660 3.984286 2.513128 0.032526 -0.156697 0.266987 -0.950319
1540822858.814143180847168 -0.960409 3.789874 2.519685 0.037605 -0.158752 0.250728 -0.954211
1540822858.847414016723633 -0.859575 3.597015 2.527750 0.042844 -0.161125 0.234076 -0.957816
1540822858.880434036254883 -0.759817 3.403712 2.533131 0.047856 -0.163325 0.217527 -0.961102
1540822858.913653373718262 -0.655956 3.211176 2.534794 0.052497 -0.165428 0.200448 -0.964209
1540822858.946779012680054 -0.549546 3.022535 2.536410 0.058776 -0.167494 0.184102 -0.966746
1540822858.979951858520508 -0.439637 2.837783 2.537928 0.065863 -0.169967 0.167766 -0.968828
1540822859.013195991516113 -0.326039 2.654762 2.537885 0.073934 -0.171685 0.151149 -0.970676
1540822859.046298027038574 -0.210924 2.476999 2.538931 0.081841 -0.173653 0.134719 -0.972110
1540822859.079471111297607 -0.091507 2.300843 2.535849 0.090261 -0.174643 0.118378 -0.973314
1540822859.112644910812378 0.031412 2.127585 2.531147 0.098071 -0.176184 0.102606 -0.974071
1540822859.145817041397095 0.156154 1.953206 2.524347 0.106670 -0.176903 0.086493 -0.974600
1540822859.178989887237549 0.283665 1.787184 2.516535 0.114566 -0.177930 0.071227 -0.974752
1540822859.212163925170898 0.414579 1.626334 2.505798 0.123135 -0.178326 0.056332 -0.974610
1540822859.245335817337036 0.547285 1.465137 2.491296 0.131024 -0.178410 0.041838 -0.974296
1540822859.278509855270386 0.684116 1.310083 2.471372 0.137050 -0.178468 0.026994 -0.973980
1540822859.311681985855103 0.823740 1.155322 2.452976 0.141151 -0.178163 0.012364 -0.973746
1540822859.344855070114136 0.967376 1.009353 2.431079 0.144381 -0.176892 -0.002537 -0.973579
1540822859.378098487854004 1.113023 0.867668 2.411669 0.148315 -0.174388 -0.017690 -0.973282
1540822859.411312580108643 1.262289 0.727144 2.391020 0.151311 -0.170730 -0.033136 -0.973066
1540822859.444485425949097 1.411264 0.585347 2.376101 0.154267 -0.167042 -0.048754 -0.972585
1540822859.477618694305420 1.564378 0.445556 2.358827 0.157510 -0.163618 -0.064590 -0.971724
1540822859.510832548141479 1.719974 0.310204 2.342063 0.161972 -0.160852 -0.080377 -0.970274
1540822859.544006347656250 1.873222 0.184938 2.327212 0.167663 -0.158180 -0.096154 -0.968309
1540822859.610309600830078 2.185645 -0.034307 2.285905 0.177528 -0.153119 -0.128196 -0.963641
1540822859.676657438278198 2.498050 -0.218796 2.243071 0.188193 -0.148121 -0.159539 -0.957701
1540822859.709869623184204 2.659017 -0.308938 2.219748 0.192858 -0.145788 -0.175708 -0.954295
1540822859.776215553283691 2.993104 -0.482778 2.164728 0.200945 -0.141538 -0.209167 -0.946487
1540822859.842521667480469 3.327812 -0.630462 2.107889 0.208118 -0.136021 -0.244766 -0.937163
1540822859.875693559646606 3.497062 -0.695657 2.079161 0.211845 -0.132241 -0.262672 -0.932007
1540822859.908867359161377 3.665525 -0.752270 2.050938 0.216827 -0.127472 -0.281333 -0.926061
1540822859.942039489746094 3.838655 -0.817943 2.024684 0.220587 -0.123360 -0.299450 -0.920029
1540822860.008386611938477 4.177406 -0.905736 1.967494 0.222651 -0.116589 -0.334626 -0.908218
1540822860.074808359146118 4.508526 -0.965562 1.918048 0.214151 -0.114214 -0.368307 -0.897466
1540822860.107903480529785 4.676130 -0.989336 1.890195 0.208950 -0.111223 -0.385710 -0.891738
1540822860.141079425811768 4.847070 -1.022507 1.867999 0.203145 -0.108076 -0.402874 -0.885858
1540822860.174252986907959 5.018135 -1.044788 1.838954 0.197146 -0.103816 -0.420388 -0.879562
1540822860.207524538040161 5.177090 -1.048026 1.819725 0.191761 -0.100390 -0.436780 -0.873140
1540822860.240595579147339 5.332083 -1.040191 1.797036 0.186682 -0.097562 -0.452975 -0.866282
1540822860.273851394653320 5.481688 -1.026437 1.784063 0.183381 -0.095682 -0.468634 -0.858835
1540822860.307040452957153 5.631344 -1.010687 1.772110 0.180697 -0.094867 -0.483821 -0.851038
1540822860.340210676193237 5.780422 -0.994479 1.760320 0.179516 -0.092724 -0.499258 -0.842566
1540822860.373384714126587 5.923388 -0.963693 1.746345 0.179950 -0.088983 -0.514408 -0.833718
1540822860.406548500061035 6.064435 -0.923440 1.729914 0.180948 -0.083688 -0.529706 -0.824418
1540822860.439715623855591 6.206656 -0.887852 1.718116 0.182912 -0.078017 -0.544655 -0.814744
1540822860.472809314727783 6.343928 -0.840057 1.704886 0.184943 -0.072532 -0.559437 -0.804714
1540822860.505980730056763 6.483637 -0.794935 1.690905 0.186397 -0.068183 -0.573623 -0.794710
1540822860.539196491241455 6.620094 -0.739188 1.675712 0.185989 -0.066698 -0.587474 -0.784751
1540822860.572415590286255 6.752547 -0.678088 1.661420 0.183510 -0.068755 -0.600104 -0.775546
1540822860.605606794357300 6.881672 -0.614473 1.647794 0.180334 -0.072485 -0.612400 -0.766285
1540822860.638787984848022 7.005542 -0.546320 1.635351 0.177905 -0.075603 -0.624383 -0.756822
1540822860.671845436096191 7.123756 -0.468733 1.619591 0.175880 -0.077010 -0.635896 -0.747510
1540822860.705096721649170 7.244940 -0.395664 1.604771 0.173298 -0.078283 -0.647164 -0.738254
1540822860.738191604614258 7.376756 -0.332326 1.589028 0.170792 -0.079521 -0.658234 -0.728858
1540822860.771473884582520 7.511455 -0.269113 1.573000 0.168296 -0.080695 -0.669113 -0.719342
1540822860.804541587829590 7.638057 -0.197174 1.561990 0.165989 -0.081613 -0.679658 -0.709825
1540822860.837807178497314 7.763017 -0.122786 1.551475 0.163978 -0.082230 -0.690270 -0.699912
1540822860.870984077453613 7.882847 -0.039762 1.540563 0.162481 -0.081552 -0.700868 -0.689734
1540822860.904167413711548 7.995474 0.052786 1.535228 0.161358 -0.079761 -0.711961 -0.678759
1540822860.937233209609985 8.105102 0.148377 1.528987 0.160806 -0.076564 -0.723209 -0.667269
1540822860.970406770706177 8.210640 0.248838 1.525261 0.160229 -0.072526 -0.734628 -0.655277
1540822861.003581762313843 8.310224 0.354325 1.524000 0.159549 -0.067642 -0.745921 -0.643094
1540822861.036836385726929 8.405079 0.464563 1.526390 0.159543 -0.061664 -0.757358 -0.630200
1540822861.069924592971802 8.490876 0.580761 1.533226 0.159702 -0.054179 -0.768501 -0.617224
1540822861.103197574615479 8.588708 0.688417 1.538383 0.159966 -0.046521 -0.779465 -0.603888
1540822861.136268615722656 8.668984 0.805526 1.548791 0.160712 -0.038443 -0.790037 -0.590369
1540822861.169442653656006 8.752551 0.923014 1.556420 0.162008 -0.030997 -0.800044 -0.576820
1540822861.202615499496460 8.830688 1.041214 1.568036 0.164757 -0.023035 -0.809427 -0.563162
1540822861.235826730728149 8.896951 1.164644 1.581543 0.168284 -0.014907 -0.818361 -0.549312
1540822861.269000530242920 8.956614 1.292015 1.594193 0.171305 -0.008103 -0.826901 -0.535559
1540822861.302132368087769 9.022340 1.410480 1.606993 0.174450 -0.002015 -0.834908 -0.522008
1540822861.335347414016724 9.071832 1.538459 1.623219 0.177592 0.004692 -0.842716 -0.508202
1540822861.368519544601440 9.119814 1.666040 1.638665 0.180645 0.012273 -0.850161 -0.494412
1540822861.401683568954468 9.156957 1.793401 1.656541 0.183589 0.019912 -0.857320 -0.480522
1540822861.434970617294312 9.182643 1.921076 1.676629 0.185698 0.025178 -0.864091 -0.467150
1540822861.468076467514038 9.206062 2.047472 1.695807 0.187180 0.026353 -0.870366 -0.454678
1540822861.501172542572021 9.221268 2.177480 1.711993 0.188222 0.025363 -0.876448 -0.442457
1540822861.534390449523926 9.249069 2.300327 1.725669 0.188153 0.022284 -0.882252 -0.430967
1540822861.567563533782959 9.269042 2.424706 1.739515 0.187609 0.018933 -0.887948 -0.419516
1540822861.600736379623413 9.276266 2.549150 1.755588 0.186856 0.016348 -0.893431 -0.408166
1540822861.633902311325073 9.281581 2.672918 1.771286 0.185910 0.014617 -0.898910 -0.396465
1540822861.667121648788452 9.278021 2.796766 1.788589 0.185294 0.012456 -0.904108 -0.384837
1540822861.700213670730591 9.270665 2.918230 1.806716 0.184946 0.010198 -0.909028 -0.373309
1540822861.733485460281372 9.262815 3.041039 1.824052 0.184718 0.008944 -0.913538 -0.362280
1540822861.766556501388550 9.256168 3.162556 1.839665 0.184862 0.008572 -0.917879 -0.351071
1540822861.799728631973267 9.243976 3.283686 1.855798 0.185505 0.009475 -0.921932 -0.339910
1540822861.832942485809326 9.227765 3.403806 1.871572 0.186244 0.011165 -0.925918 -0.328428
1540822861.866073369979858 9.208205 3.525736 1.886984 0.187127 0.013565 -0.929761 -0.316771
1540822861.899323463439941 9.182505 3.647207 1.903931 0.188274 0.016336 -0.933343 -0.305215
1540822861.932419300079346 9.156158 3.767221 1.921635 0.189472 0.019551 -0.936848 -0.293315
1540822862.032012462615967 9.076039 4.135401 1.975105 0.191614 0.037714 -0.947033 -0.254933
1540822862.065113306045532 9.039875 4.258375 1.990002 0.191831 0.046563 -0.950116 -0.241479
1540822862.098288297653198 9.002881 4.384353 2.005767 0.191515 0.055174 -0.952988 -0.228234
1540822862.131512403488159 8.965155 4.504663 2.027081 0.191271 0.063616 -0.955656 -0.214685
1540822862.164593219757080 8.920638 4.629726 2.038701 0.191293 0.072510 -0.957844 -0.201705
1540822862.197751998901367 8.876239 4.746303 2.059542 0.191643 0.080740 -0.959738 -0.188830
1540822862.231028079986572 8.825550 4.864202 2.078862 0.191892 0.089795 -0.961363 -0.175770
1540822862.264106988906860 8.772325 4.985055 2.094803 0.192213 0.098573 -0.962684 -0.163021
1540822862.330484151840210 8.647097 5.206882 2.125661 0.191861 0.117215 -0.964613 -0.137735
1540822862.363656520843506 8.577899 5.317733 2.137860 0.191838 0.127153 -0.965077 -0.125126
1540822862.396859407424927 8.506923 5.426421 2.151861 0.191658 0.135996 -0.965417 -0.112884
1540822862.430046319961548 8.430258 5.517345 2.163764 0.191654 0.144974 -0.965408 -0.101189
1540822862.463224887847900 8.349774 5.614413 2.171998 0.191359 0.153168 -0.965350 -0.089553
1540822862.496348857879639 8.265971 5.702675 2.179793 0.191535 0.160426 -0.965108 -0.078389
1540822862.529480695724487 8.179090 5.797389 2.186674 0.191933 0.166988 -0.964746 -0.067393
1540822862.562697410583496 8.088386 5.886144 2.191896 0.192566 0.172103 -0.964374 -0.057287
1540822862.595899343490601 7.994727 5.969740 2.197959 0.193858 0.176219 -0.963902 -0.047531
1540822862.662211418151855 7.795858 6.136126 2.206663 0.196110 0.179431 -0.963544 -0.030481
1540822862.695471286773682 7.690456 6.209750 2.208332 0.196568 0.179620 -0.963610 -0.023545
1540822862.728606700897217 7.579469 6.293071 2.209520 0.196745 0.179479 -0.963737 -0.017016
1540822862.761783361434937 7.464220 6.373900 2.211964 0.196595 0.177767 -0.964169 -0.011235
1540822862.794904470443726 7.346508 6.441207 2.205517 0.194713 0.175295 -0.965050 -0.006089
1540822862.828036308288574 7.228180 6.490386 2.202306 0.192707 0.174037 -0.965697 -0.001922
1540822862.894382238388062 6.979496 6.582838 2.191361 0.186061 0.172501 -0.967263 0.005210
1540822862.927603483200073 6.850024 6.624557 2.186780 0.182576 0.170505 -0.968259 0.008281
1540822862.960859298706055 6.717012 6.664588 2.183027 0.179163 0.167955 -0.969313 0.011140
1540822862.993973255157471 6.584707 6.691830 2.178481 0.175731 0.166270 -0.970200 0.013559
1540822863.027077436447144 6.448671 6.719064 2.173570 0.172643 0.164185 -0.971072 0.016033
1540822863.060247421264648 6.309533 6.742081 2.167224 0.169479 0.161508 -0.972045 0.017900
1540822863.093421459197998 6.168055 6.761571 2.159896 0.166569 0.158315 -0.973050 0.019124
1540822863.159852266311646 5.872603 6.799883 2.146271 0.161146 0.144983 -0.976033 0.019257
1540822863.192939281463623 5.720352 6.816990 2.140189 0.159316 0.134990 -0.977776 0.018698
1540822863.226182699203491 5.566952 6.826452 2.132459 0.157069 0.124604 -0.979544 0.017207
1540822863.259286403656006 5.414085 6.828504 2.121721 0.153959 0.114219 -0.981339 0.014993
1540822863.292555332183838 5.257407 6.828885 2.112480 0.150710 0.103941 -0.983022 0.012302
1540822863.358845233917236 4.937687 6.824291 2.096505 0.142618 0.083373 -0.986233 0.007293
1540822863.392018318176270 4.774101 6.820399 2.089797 0.138524 0.073175 -0.987636 0.005695
1540822863.458324193954468 4.441470 6.808375 2.082273 0.131834 0.053788 -0.989808 0.002702
1540822863.491497039794922 4.272109 6.801919 2.080747 0.129684 0.045563 -0.990507 0.001569
1540822863.524746179580688 4.100521 6.795705 2.079350 0.127558 0.038933 -0.991066 0.000765
1540822863.557885408401489 3.927828 6.789548 2.078108 0.125648 0.033355 -0.991514 0.000063
1540822863.591016530990601 3.753813 6.782692 2.076622 0.123931 0.027775 -0.991902 -0.000359
1540822863.657401323318481 3.403546 6.763283 2.071349 0.121319 0.015299 -0.992495 -0.001368
1540822863.690535306930542 3.227127 6.753328 2.068457 0.120361 0.008757 -0.992689 -0.002068
1540822863.723707437515259 3.048420 6.745478 2.065947 0.120151 0.003028 -0.992748 -0.002565
1540822863.756880283355713 2.869051 6.737975 2.062910 0.120055 -0.000463 -0.992762 -0.003223
1540822863.790053367614746 2.690073 6.729906 2.058602 0.119499 -0.001480 -0.992827 -0.003620
1540822863.856399297714233 2.325376 6.720097 2.045615 0.118782 0.000895 -0.992892 -0.007413
1540822863.889572381973267 2.142183 6.714514 2.038069 0.118151 0.002527 -0.992932 -0.010970
1540822863.922745466232300 1.958217 6.707952 2.030475 0.117839 0.002867 -0.992906 -0.015598
1540822863.955989360809326 1.772924 6.699607 2.022998 0.117111 0.001099 -0.992885 -0.021522
1540822863.989091157913208 1.588377 6.688183 2.014881 0.116365 -0.003995 -0.992786 -0.028620
1540822864.055514335632324 1.210216 6.674629 1.990724 0.115228 -0.018230 -0.992120 -0.045698
1540822864.088672399520874 1.020668 6.669839 1.979862 0.115222 -0.023810 -0.991582 -0.054057
1540822864.121844291687012 0.828544 6.670088 1.967902 0.114699 -0.028144 -0.991082 -0.061705
1540822864.155020713806152 0.635686 6.668112 1.955012 0.113914 -0.032260 -0.990587 -0.068711
1540822864.188193082809448 0.440447 6.669374 1.940877 0.112683 -0.036489 -0.990146 -0.074707
1540822864.221404075622559 0.242195 6.674572 1.927793 0.112153 -0.039931 -0.989643 -0.080217
1540822864.254652500152588 0.045484 6.685160 1.913908 0.111719 -0.041500 -0.989221 -0.085080
1540822864.287821531295776 -0.150529 6.693154 1.898848 0.112126 -0.041304 -0.988777 -0.089678
1540822864.320995569229126 -0.346430 6.698467 1.881380 0.112294 -0.040437 -0.988380 -0.094132
1540822864.354133844375610 -0.546695 6.699552 1.865719 0.113017 -0.040813 -0.987889 -0.098164
1540822864.387340545654297 -0.746111 6.703659 1.846942 0.113600 -0.040464 -0.987339 -0.103051
1540822864.420537233352661 -0.946502 6.708068 1.827636 0.114003 -0.040324 -0.986746 -0.108212
1540822864.453752279281616 -1.148198 6.713656 1.808136 0.113613 -0.040860 -0.986123 -0.113946
1540822864.486926317214966 -1.350622 6.717329 1.788185 0.113289 -0.043061 -0.985264 -0.120687
1540822864.520097255706787 -1.552138 6.726956 1.765703 0.112935 -0.045558 -0.984254 -0.128118
1540822864.553283214569092 -1.755840 6.734991 1.743914 0.112499 -0.048531 -0.983063 -0.136293
1540822864.586461305618286 -1.962276 6.742432 1.723231 0.112391 -0.051889 -0.981610 -0.145316
1540822864.619675159454346 -2.171031 6.752357 1.699960 0.112331 -0.055940 -0.979872 -0.155255
1540822864.652851343154907 -2.384976 6.762644 1.676797 0.112532 -0.061481 -0.977778 -0.165852
1540822864.686021089553833 -2.593850 6.776290 1.652133 0.111714 -0.067993 -0.975471 -0.177071
1540822864.719194173812866 -2.800437 6.793548 1.626211 0.110107 -0.074667 -0.973064 -0.188278
1540822864.752378940582275 -3.007323 6.813761 1.599654 0.107900 -0.081464 -0.970479 -0.199729
1540822864.785593032836914 -3.219286 6.836163 1.575446 0.106027 -0.088647 -0.967546 -0.211555
1540822864.818726062774658 -3.428486 6.860231 1.551674 0.103256 -0.097659 -0.964268 -0.223582
1540822864.851980924606323 -3.637651 6.888003 1.527049 0.100114 -0.107661 -0.960567 -0.236001
1540822864.885071039199829 -3.848258 6.918439 1.503388 0.096508 -0.118074 -0.956527 -0.248596
1540822864.918334484100342 -4.056775 6.952376 1.479992 0.092267 -0.128586 -0.952262 -0.261055
1540822864.951417207717896 -4.265006 6.989145 1.459240 0.087694 -0.139094 -0.947779 -0.273271
1540822864.984590053558350 -4.469680 7.032097 1.436416 0.082757 -0.149255 -0.942967 -0.285810
1540822865.017859935760498 -4.679224 7.077204 1.412750 0.076921 -0.158408 -0.937751 -0.299353
1540822865.050936222076416 -4.883368 7.127660 1.391755 0.071552 -0.167384 -0.932355 -0.312374
1540822865.084172725677490 -5.080379 7.186005 1.370370 0.064088 -0.175398 -0.926812 -0.325802
1540822865.117419481277466 -5.281475 7.247904 1.352385 0.056155 -0.182661 -0.921206 -0.338911
1540822865.150580644607544 -5.472840 7.320078 1.330502 0.046258 -0.188982 -0.915224 -0.352860
1540822865.183802604675293 -5.680421 7.390948 1.317061 0.037036 -0.195669 -0.909045 -0.366031
1540822865.250039577484131 -6.064546 7.549718 1.291872 0.019746 -0.207237 -0.895269 -0.393899
1540822865.283294677734375 -6.246222 7.640632 1.279038 0.010820 -0.211358 -0.887245 -0.409888
1540822865.316383600234985 -6.426725 7.735834 1.267433 0.001774 -0.215005 -0.878105 -0.427436
1540822865.349556684494019 -6.610560 7.833158 1.259522 -0.007409 -0.219143 -0.868222 -0.445097
1540822865.382859468460083 -6.798106 7.934094 1.253939 -0.016225 -0.223058 -0.857292 -0.463715
1540822865.449078083038330 -7.141869 8.155977 1.239460 -0.035551 -0.229709 -0.832619 -0.502709
1540822865.482290506362915 -7.309059 8.273694 1.232999 -0.046675 -0.232874 -0.818651 -0.522878
1540822865.515422582626343 -7.492632 8.399194 1.223283 -0.057620 -0.235030 -0.802930 -0.544742
1540822865.548602342605591 -7.680721 8.536262 1.206459 -0.069211 -0.235092 -0.785579 -0.568162
1540822865.581767559051514 -7.843178 8.674755 1.193770 -0.080121 -0.234487 -0.766726 -0.592222
1540822865.614942550659180 -7.974695 8.816193 1.182386 -0.091058 -0.233155 -0.746651 -0.616327
1540822865.648207664489746 -8.134399 8.947231 1.185053 -0.100129 -0.231809 -0.725563 -0.640154
1540822865.681421518325806 -8.260837 9.087330 1.181128 -0.108796 -0.229264 -0.703125 -0.664241
1540822865.714459657669067 -8.378128 9.222791 1.184634 -0.116951 -0.227274 -0.679238 -0.687972
1540822865.747633934020996 -8.467412 9.363775 1.184805 -0.124521 -0.224701 -0.654462 -0.711114
1540822865.780898571014404 -8.546533 9.497332 1.195384 -0.131256 -0.222065 -0.629174 -0.733211
1540822865.813930273056030 -8.631686 9.636181 1.197130 -0.136373 -0.218948 -0.603302 -0.754646
1540822865.847104310989380 -8.700149 9.765854 1.211376 -0.140644 -0.216082 -0.576921 -0.775042
1540822865.880388259887695 -8.726161 9.889678 1.228754 -0.143468 -0.213908 -0.550376 -0.794195
1540822865.913449287414551 -8.760128 10.013979 1.245775 -0.143574 -0.212681 -0.524151 -0.812047
1540822865.979794263839722 -8.806394 10.267181 1.269509 -0.138565 -0.209270 -0.472085 -0.845069
1540822866.012987852096558 -8.829906 10.387747 1.284158 -0.134789 -0.208203 -0.446994 -0.859465
1540822866.046063899993896 -8.812619 10.505858 1.298238 -0.130532 -0.208214 -0.425008 -0.871193
1540822866.112411975860596 -8.777217 10.733638 1.331481 -0.121025 -0.213877 -0.386381 -0.888999
1540822866.178753852844238 -8.747194 10.955878 1.360824 -0.110634 -0.220728 -0.351523 -0.903034
1540822866.211926937103271 -8.724775 11.065620 1.374333 -0.105655 -0.222803 -0.334556 -0.909543
1540822866.245042085647583 -8.708720 11.177832 1.385913 -0.101472 -0.222920 -0.317730 -0.916001
1540822866.278216361999512 -8.698769 11.290559 1.398297 -0.098326 -0.221314 -0.300636 -0.922480
1540822866.311390161514282 -8.688125 11.400869 1.414308 -0.096386 -0.219466 -0.283866 -0.928421
1540822866.377777099609375 -8.610354 11.595957 1.456543 -0.094673 -0.220201 -0.251532 -0.937699
1540822866.410911083221436 -8.549900 11.685006 1.476236 -0.093506 -0.221170 -0.235806 -0.941667
1540822866.444124221801758 -8.496056 11.777726 1.502096 -0.092228 -0.221741 -0.219422 -0.945610
1540822866.477254152297974 -8.445114 11.875843 1.525510 -0.091193 -0.220422 -0.203039 -0.949670
1540822866.510433197021484 -8.404542 11.983300 1.552097 -0.091384 -0.218557 -0.185994 -0.953566
1540822866.543601274490356 -8.353861 12.087441 1.580956 -0.092140 -0.216462 -0.168694 -0.957182
1540822866.576814413070679 -8.298703 12.191876 1.611355 -0.093488 -0.214593 -0.150963 -0.960427
1540822866.609930515289307 -8.220984 12.283273 1.642317 -0.094593 -0.212681 -0.133288 -0.963355
1540822866.643063306808472 -8.138057 12.371073 1.676195 -0.095699 -0.212002 -0.115006 -0.965749
1540822866.676235437393188 -8.048926 12.454686 1.712327 -0.096726 -0.212230 -0.096712 -0.967600
1540822866.709408521652222 -7.956331 12.534823 1.748865 -0.096457 -0.213652 -0.078414 -0.968969
1540822866.742582321166992 -7.858910 12.611741 1.786751 -0.095842 -0.215337 -0.060001 -0.969971
1540822866.809060335159302 -7.644914 12.762022 1.862838 -0.095791 -0.219718 -0.022451 -0.970589
1540822866.842123270034790 -7.531841 12.836061 1.900965 -0.096678 -0.222137 -0.003208 -0.970205
1540822866.875317335128784 -7.411286 12.906606 1.938904 -0.098046 -0.224307 0.016020 -0.969441
1540822866.908447265625000 -7.284845 12.971624 1.976906 -0.100400 -0.226148 0.035267 -0.968263
1540822866.941662311553955 -7.154174 13.032821 2.014915 -0.103707 -0.227871 0.054757 -0.966603
1540822867.008038043975830 -6.872095 13.163036 2.089520 -0.113978 -0.231109 0.095665 -0.961481
1540822867.074317693710327 -6.574448 13.272284 2.159738 -0.124753 -0.231216 0.139271 -0.954767
1540822867.140699863433838 -6.269291 13.356349 2.229252 -0.141672 -0.227816 0.183969 -0.945613
1540822867.173830509185791 -6.103754 13.396280 2.262087 -0.151092 -0.223284 0.206097 -0.940659
1540822867.207003355026245 -5.943147 13.425080 2.296772 -0.161756 -0.218081 0.228046 -0.935024
1540822867.240176439285278 -5.779102 13.446497 2.328142 -0.171937 -0.212560 0.249331 -0.929026
1540822867.273450374603271 -5.620344 13.457938 2.359942 -0.182880 -0.206552 0.270373 -0.922382
1540822867.306608676910400 -5.470358 13.459494 2.394618 -0.194813 -0.200211 0.291036 -0.915020
1540822867.339735507965088 -5.311354 13.456279 2.425184 -0.206935 -0.193636 0.311284 -0.907075
1540822867.372869491577148 -5.163553 13.443070 2.458531 -0.220282 -0.187681 0.330809 -0.898230
1540822867.406175374984741 -5.010694 13.423269 2.490856 -0.234172 -0.181331 0.349625 -0.888845
1540822867.439215660095215 -4.851523 13.399127 2.519226 -0.248040 -0.174630 0.367491 -0.879165
1540822867.472489356994629 -4.691976 13.369555 2.548894 -0.261966 -0.167159 0.384893 -0.869074
1540822867.505640506744385 -4.533663 13.332532 2.576784 -0.275961 -0.158127 0.401161 -0.859018
1540822867.538795471191406 -4.376100 13.289101 2.604233 -0.290802 -0.147906 0.417014 -0.848326
1540822867.571948528289795 -4.214601 13.240088 2.629330 -0.305950 -0.136434 0.432588 -0.837047
1540822867.605120420455933 -4.052884 13.184140 2.652513 -0.320760 -0.124828 0.447494 -0.825397
1540822867.638293266296387 -3.896540 13.119206 2.672812 -0.335035 -0.112899 0.462085 -0.813316
1540822867.671425342559814 -3.738927 13.047277 2.688769 -0.347034 -0.101016 0.476584 -0.801393
1540822867.704728603363037 -3.573750 12.970366 2.703835 -0.356372 -0.090334 0.490849 -0.789877
1540822867.737911701202393 -3.410028 12.886990 2.717295 -0.363364 -0.080268 0.504696 -0.778977
1540822867.771003961563110 -3.256314 12.796221 2.730053 -0.368749 -0.071366 0.517682 -0.768724
1540822867.804174661636353 -3.099283 12.700612 2.740088 -0.369499 -0.066319 0.529850 -0.760481
1540822867.870520114898682 -2.797453 12.490109 2.752426 -0.360220 -0.063496 0.551816 -0.749473
1540822867.903693199157715 -2.649005 12.375692 2.754950 -0.353376 -0.062603 0.561397 -0.745681
1540822867.936907052993774 -2.513744 12.253629 2.757741 -0.347709 -0.063109 0.569375 -0.742245
1540822867.970080852508545 -2.390077 12.124593 2.757598 -0.343106 -0.064623 0.576108 -0.739054
1540822868.003283977508545 -2.277089 11.988278 2.753380 -0.339879 -0.066205 0.581573 -0.736120
1540822868.036386728286743 -2.167936 11.847326 2.746733 -0.336223 -0.068278 0.586696 -0.733539
1540822868.069637775421143 -2.061426 11.700685 2.737440 -0.331840 -0.071007 0.591666 -0.731281
1540822868.102794408798218 -1.956209 11.549423 2.726168 -0.326421 -0.074517 0.595890 -0.729940
1540822868.136008501052856 -1.866603 11.390976 2.711715 -0.320228 -0.078135 0.599176 -0.729614
1540822868.202314615249634 -1.703897 11.059074 2.678543 -0.304158 -0.084824 0.602774 -0.732773
1540822868.235486745834351 -1.628874 10.885587 2.658874 -0.293691 -0.088293 0.603897 -0.735703
1540822868.301832437515259 -1.479947 10.524768 2.615285 -0.266819 -0.098604 0.604344 -0.744213
1540822868.335197448730469 -1.416342 10.336647 2.589159 -0.252130 -0.105106 0.603304 -0.749271
1540822868.368247270584106 -1.349334 10.145247 2.563517 -0.238370 -0.111094 0.601570 -0.754289
1540822868.401453733444214 -1.290332 9.949167 2.535564 -0.224683 -0.116576 0.599349 -0.759413
1540822868.467835664749146 -1.172733 9.544022 2.481528 -0.198594 -0.127023 0.592965 -0.769947
1540822868.500933647155762 -1.117498 9.336142 2.455362 -0.186256 -0.131414 0.588743 -0.775513
1540822868.534158468246460 -1.061522 9.123457 2.430196 -0.174471 -0.135387 0.583928 -0.781190
1540822868.600452184677124 -0.948703 8.687772 2.384245 -0.150751 -0.142750 0.572295 -0.793331
1540822868.633664369583130 -0.895603 8.465355 2.362220 -0.139092 -0.146555 0.565426 -0.799668
1540822868.666839122772217 -0.841518 8.239979 2.341274 -0.127224 -0.150184 0.558538 -0.805788
1540822868.700011253356934 -0.783553 8.011513 2.321759 -0.116580 -0.152946 0.551248 -0.811876
1540822868.733185529708862 -0.727504 7.781078 2.303275 -0.106513 -0.154970 0.543055 -0.818370
1540822868.766392469406128 -0.670186 7.548422 2.285600 -0.098505 -0.156276 0.533950 -0.825089
1540822868.799587249755859 -0.616091 7.313926 2.268747 -0.090419 -0.158430 0.524185 -0.831838
1540822868.832664728164673 -0.560632 7.078065 2.252939 -0.081217 -0.160067 0.513548 -0.839077
1540822868.865836620330811 -0.493384 6.838421 2.237895 -0.071865 -0.161016 0.502030 -0.846685
1540822868.899050235748291 -0.426547 6.597371 2.224831 -0.062123 -0.161553 0.489970 -0.854383
1540822868.932222366333008 -0.357194 6.355182 2.213788 -0.051475 -0.161881 0.477216 -0.862212
1540822868.965356349945068 -0.289473 6.112759 2.204636 -0.041047 -0.162213 0.463382 -0.870218
1540822868.998528242111206 -0.225814 5.870102 2.199149 -0.030918 -0.162856 0.447830 -0.878618
1540822869.031797409057617 -0.164203 5.628052 2.198488 -0.020567 -0.163828 0.430422 -0.887397
1540822869.064879417419434 -0.087462 5.384879 2.197883 -0.009937 -0.164787 0.412586 -0.895834
1540822869.098087310791016 -0.010666 5.141344 2.199385 0.000903 -0.166213 0.393181 -0.904312
1540822869.131261348724365 0.075017 4.897280 2.200628 0.012216 -0.168095 0.372707 -0.912515
1540822869.164393424987793 0.163080 4.654516 2.202880 0.024763 -0.170213 0.350803 -0.920517
1540822869.197629213333130 0.256010 4.412614 2.208322 0.039441 -0.172952 0.327589 -0.928018
1540822869.230677366256714 0.352481 4.173022 2.213974 0.055837 -0.175997 0.302903 -0.934964
1540822869.263848304748535 0.455421 3.934463 2.219847 0.072416 -0.179319 0.277830 -0.940963
1540822869.297065258026123 0.564835 3.697029 2.223699 0.088466 -0.182550 0.252317 -0.946143
1540822869.330235481262207 0.681036 3.462701 2.226728 0.103922 -0.185695 0.226897 -0.950387
1540822869.363408565521240 0.801206 3.231636 2.230558 0.119411 -0.188280 0.201508 -0.953775
1540822869.396540403366089 0.927450 3.004939 2.233860 0.133614 -0.190735 0.176310 -0.956390
1540822869.429755449295044 1.060145 2.779867 2.235094 0.146654 -0.192613 0.150727 -0.958475
1540822869.462930202484131 1.196335 2.560127 2.236196 0.158985 -0.193961 0.125208 -0.959909
1540822869.496100425720215 1.334564 2.346421 2.239849 0.171027 -0.195455 0.099672 -0.960527
1540822869.529239416122437 1.478487 2.137999 2.242070 0.182877 -0.196521 0.073587 -0.960479
1540822869.562461853027344 1.626265 1.934904 2.244909 0.193259 -0.196968 0.047250 -0.960011
1540822869.595672369003296 1.776394 1.737500 2.249899 0.202139 -0.196365 0.021191 -0.959235
1540822869.628846406936646 1.929429 1.548863 2.258024 0.210898 -0.195748 -0.005121 -0.957694
1540822869.662018537521362 2.083304 1.369888 2.266742 0.219863 -0.194803 -0.031189 -0.955374
1540822869.695195674896240 2.251497 1.189679 2.269486 0.228579 -0.192464 -0.057720 -0.952564
1540822869.728327512741089 2.410920 1.026724 2.278605 0.237130 -0.190619 -0.083126 -0.948959
1540822869.761498451232910 2.578374 0.867098 2.286792 0.246520 -0.187457 -0.108627 -0.944610
1540822869.794670581817627 2.733106 0.728019 2.299903 0.254747 -0.185830 -0.132248 -0.939724
1540822869.827843666076660 2.899954 0.588429 2.309742 0.263063 -0.183042 -0.156695 -0.934206
1540822869.861059427261353 3.068228 0.458165 2.317003 0.270266 -0.180141 -0.180216 -0.928455
1540822869.894229412078857 3.253502 0.327645 2.314767 0.276238 -0.175986 -0.204197 -0.922510
1540822869.927406549453735 3.428783 0.211506 2.316242 0.281397 -0.171881 -0.227133 -0.916342
1540822869.960535526275635 3.605050 0.104108 2.316098 0.285716 -0.167059 -0.250014 -0.909918
1540822869.993708610534668 3.773009 0.008983 2.320076 0.289857 -0.162123 -0.272583 -0.902994
1540822870.026882410049438 3.945888 -0.079065 2.322679 0.294513 -0.156899 -0.294843 -0.895384
1540822870.060054540634155 4.122894 -0.157542 2.321385 0.297969 -0.151776 -0.316367 -0.887745
1540822870.093227624893188 4.298907 -0.228460 2.319468 0.301442 -0.146332 -0.337934 -0.879500
1540822870.126401424407959 4.469681 -0.286795 2.319126 0.302501 -0.141558 -0.358335 -0.871809
1540822870.159574508666992 4.639504 -0.336628 2.317229 0.301746 -0.137975 -0.377807 -0.864392
1540822870.192746639251709 4.814129 -0.377947 2.310595 0.300143 -0.134758 -0.396533 -0.857039
1540822870.226006507873535 4.989284 -0.411433 2.303106 0.299354 -0.130564 -0.414932 -0.849218
1540822870.259174585342407 5.156097 -0.431160 2.298575 0.297937 -0.126176 -0.432179 -0.841745
1540822870.292348623275757 5.323441 -0.443615 2.290216 0.295908 -0.121442 -0.449011 -0.834314
1540822870.325575590133667 5.484996 -0.447768 2.283254 0.293391 -0.117618 -0.465024 -0.826946
1540822870.358722686767578 5.641188 -0.447376 2.277307 0.290615 -0.114305 -0.480409 -0.819564
1540822870.391787528991699 5.793059 -0.440035 2.278432 0.287750 -0.111118 -0.494863 -0.812381
1540822870.424960613250732 5.941369 -0.422824 2.274405 0.284157 -0.109614 -0.508493 -0.805403
1540822870.491387367248535 6.229340 -0.368076 2.266372 0.275661 -0.109524 -0.533615 -0.792004
1540822870.524479627609253 6.367568 -0.332000 2.262368 0.271934 -0.108124 -0.546528 -0.784645
1540822870.557745695114136 6.509388 -0.293787 2.253954 0.268814 -0.105294 -0.559351 -0.777032
1540822870.590865850448608 6.640364 -0.248581 2.253556 0.267142 -0.100723 -0.572785 -0.768380
1540822870.624058008193970 6.766696 -0.194079 2.255385 0.266651 -0.095132 -0.586051 -0.759205
1540822870.657160520553589 6.892887 -0.130584 2.254387 0.266377 -0.088310 -0.599329 -0.749700
1540822870.690391540527344 7.018477 -0.067293 2.252448 0.265753 -0.082090 -0.611863 -0.740446
1540822870.723556756973267 7.136933 0.010495 2.252701 0.265271 -0.075769 -0.624169 -0.730961
1540822870.756639003753662 7.251353 0.094375 2.253532 0.264896 -0.069940 -0.635972 -0.721442
1540822870.823026180267334 7.473657 0.266177 2.254568 0.264502 -0.058671 -0.658419 -0.702197
1540822870.856270551681519 7.581282 0.358502 2.255231 0.264558 -0.053066 -0.669159 -0.692401
1540822870.889437913894653 7.682488 0.455796 2.257407 0.265353 -0.047429 -0.679409 -0.682453
1540822870.955763578414917 7.877264 0.658953 2.260942 0.267298 -0.036836 -0.699484 -0.661753
1540822870.988851308822632 7.966791 0.767832 2.264903 0.267968 -0.033351 -0.709258 -0.651179
1540822871.022180795669556 8.051770 0.879286 2.269923 0.267867 -0.031100 -0.719217 -0.640318
1540822871.055281639099121 8.134495 0.992038 2.274387 0.267583 -0.029468 -0.729265 -0.629049
1540822871.088466644287109 8.216536 1.103641 2.276388 0.267192 -0.027561 -0.739671 -0.617038
1540822871.154715299606323 8.354763 1.348462 2.286917 0.267010 -0.024246 -0.760156 -0.591846
1540822871.221163988113403 8.470635 1.610088 2.301602 0.268805 -0.019545 -0.780672 -0.563838
1540822871.254340648651123 8.526551 1.745349 2.308360 0.270266 -0.016132 -0.790559 -0.549284
1540822871.287405490875244 8.572279 1.886094 2.317980 0.271910 -0.011827 -0.800369 -0.534167
1540822871.320577621459961 8.605560 2.032206 2.327854 0.273587 -0.007460 -0.810078 -0.518525
1540822871.353790521621704 8.633379 2.181451 2.337949 0.274843 -0.002828 -0.819549 -0.502784
1540822871.386924743652344 8.654928 2.333058 2.349211 0.276079 0.002298 -0.828794 -0.486699
1540822871.453269481658936 8.680161 2.647024 2.369917 0.278246 0.013238 -0.847618 -0.451605
1540822871.486486911773682 8.682100 2.806169 2.382722 0.278461 0.019772 -0.857260 -0.432636
1540822871.552831888198853 8.669074 3.129557 2.410856 0.278211 0.037525 -0.876315 -0.391487
1540822871.619134902954102 8.630090 3.458142 2.439079 0.276437 0.058596 -0.893780 -0.348291
1540822871.685493469238281 8.564479 3.785906 2.468458 0.272110 0.080485 -0.909646 -0.303354
1540822871.718693733215332 8.521439 3.945131 2.485044 0.269784 0.092163 -0.916554 -0.280449
1540822871.785001993179321 8.410200 4.245692 2.517442 0.266239 0.117164 -0.927524 -0.234710
1540822871.818183660507202 8.343437 4.387683 2.533532 0.264260 0.129298 -0.931879 -0.212250
1540822871.851350784301758 8.270960 4.530895 2.546777 0.262156 0.140784 -0.935514 -0.190442
1540822871.884521961212158 8.188910 4.670057 2.554439 0.260298 0.151323 -0.938481 -0.169116
1540822871.917692899703979 8.098108 4.801492 2.558303 0.258261 0.161406 -0.940920 -0.148049
1540822871.950865983963013 7.998050 4.920192 2.561531 0.256628 0.172159 -0.942457 -0.127589
1540822871.984080553054810 7.891709 5.037388 2.562700 0.254475 0.182578 -0.943567 -0.107652
1540822872.017211437225342 7.784824 5.166611 2.565490 0.251723 0.192428 -0.944412 -0.087712
1540822872.050382614135742 7.671518 5.285011 2.568913 0.249251 0.201711 -0.944721 -0.068476
1540822872.083651542663574 7.552699 5.398011 2.573369 0.246997 0.210519 -0.944548 -0.050040
1540822872.116730690002441 7.431104 5.500997 2.580285 0.245136 0.219000 -0.943847 -0.033165
1540822872.149943113327026 7.307981 5.607123 2.589558 0.243904 0.224760 -0.943228 -0.017750
1540822872.183076858520508 7.176566 5.724526 2.590600 0.244171 0.224902 -0.943276 -0.005471
1540822872.249422550201416 6.898782 5.906911 2.593920 0.246341 0.221794 -0.943342 0.015154
1540822872.282596588134766 6.751301 5.990223 2.592436 0.246866 0.220935 -0.943207 0.024594
1540822872.315808534622192 6.600014 6.064965 2.593061 0.247789 0.219543 -0.943037 0.032919
1540822872.348986625671387 6.445833 6.133406 2.594468 0.248390 0.217515 -0.943056 0.040445
1540822872.382154464721680 6.288343 6.193769 2.596257 0.248291 0.214726 -0.943439 0.046563
1540822872.415413618087769 6.125670 6.247330 2.599099 0.247462 0.212906 -0.943763 0.052387
1540822872.481633663177490 5.786972 6.339651 2.603893 0.243250 0.209247 -0.945159 0.060981
1540822872.514825582504272 5.610723 6.378344 2.606346 0.241356 0.206672 -0.945998 0.064206
1540822872.581152915954590 5.247439 6.434657 2.610750 0.240523 0.197164 -0.948025 0.067263
1540822872.614418745040894 5.059599 6.454275 2.611774 0.240628 0.191545 -0.949071 0.068360
1540822872.647503852844238 4.868290 6.469405 2.612148 0.239999 0.184935 -0.950494 0.069003
1540822872.680773973464966 4.672038 6.479465 2.611492 0.239082 0.177382 -0.952157 0.069074
1540822872.713888645172119 4.473305 6.484147 2.611455 0.238061 0.170508 -0.953700 0.068625
1540822872.747022390365601 4.271708 6.482527 2.609811 0.236912 0.163743 -0.955254 0.067459
1540822872.780294656753540 4.064386 6.480435 2.607491 0.235784 0.156098 -0.956913 0.066007
1540822872.813366889953613 3.856006 6.474814 2.606032 0.235437 0.147444 -0.958488 0.064270
1540822872.846539497375488 3.644039 6.464352 2.603305 0.235724 0.138419 -0.959920 0.061868
1540822872.879847526550293 3.427097 6.453103 2.600034 0.236331 0.128337 -0.961323 0.059453
1540822872.912996292114258 3.209227 6.438292 2.596215 0.237209 0.118198 -0.962554 0.057014
1540822872.946058988571167 2.988819 6.420054 2.589890 0.237574 0.108843 -0.963719 0.054381
1540822873.045672655105591 2.298198 6.358344 2.564365 0.236279 0.082745 -0.966962 0.048064
1540822873.078817844390869 2.060740 6.337858 2.554635 0.235924 0.075189 -0.967742 0.046503
1540822873.145229101181030 1.579015 6.281521 2.531452 0.235176 0.056874 -0.969392 0.041680
1540822873.178337812423706 1.333313 6.250669 2.518585 0.234240 0.044406 -0.970405 0.038392
1540822873.277876853942871 0.573883 6.158442 2.480852 0.223001 0.008516 -0.974511 0.022948
1540822873.311097860336304 0.313371 6.127897 2.468369 0.217609 -0.003334 -0.975910 0.015348
1540822873.344228982925415 0.052849 6.094490 2.457202 0.212662 -0.015834 -0.976982 0.005559
1540822873.410575866699219 -0.477322 6.032584 2.437689 0.201960 -0.039481 -0.978414 -0.018980
1540822873.443789005279541 -0.744689 5.998109 2.430371 0.196679 -0.051638 -0.978512 -0.034143
1540822873.477016925811768 -1.014939 5.968378 2.425252 0.191905 -0.064664 -0.977967 -0.050707
1540822873.510229587554932 -1.288996 5.940977 2.422307 0.187197 -0.079725 -0.976683 -0.068496
1540822873.543367624282837 -1.565695 5.920907 2.419771 0.182531 -0.095804 -0.974613 -0.087371
1540822873.576531887054443 -1.844493 5.905113 2.418042 0.177868 -0.112597 -0.971725 -0.106938
1540822873.609701871871948 -2.124560 5.891128 2.416122 0.173527 -0.130057 -0.967829 -0.127593
1540822873.642877578735352 -2.404114 5.886042 2.414234 0.169559 -0.147034 -0.963207 -0.147865
1540822873.676059246063232 -2.686410 5.885091 2.409629 0.165824 -0.163516 -0.957793 -0.168518
1540822873.709232091903687 -2.970180 5.887871 2.401992 0.162194 -0.179619 -0.951395 -0.190465
1540822873.742444038391113 -3.256413 5.897372 2.392115 0.158085 -0.194692 -0.944186 -0.213580
1540822873.775579690933228 -3.543431 5.911782 2.381399 0.153091 -0.208955 -0.936267 -0.237285
1540822873.808751106262207 -3.828725 5.932248 2.372001 0.148585 -0.223067 -0.927157 -0.261807
1540822873.842072725296021 -4.112496 5.955746 2.367783 0.144120 -0.237414 -0.916713 -0.287231
1540822873.875230550765991 -4.392929 5.983132 2.363713 0.139205 -0.251620 -0.905201 -0.312921
1540822873.908358573913574 -4.672652 6.017782 2.358561 0.132706 -0.265530 -0.892435 -0.339767
1540822873.941500663757324 -4.949218 6.064398 2.351825 0.124492 -0.277998 -0.878581 -0.367850
1540822873.974716663360596 -5.227526 6.124244 2.339027 0.114418 -0.288821 -0.863344 -0.397652
1540822874.007929563522339 -5.501716 6.191942 2.329290 0.103613 -0.298605 -0.846809 -0.427802
1540822874.041099548339844 -5.768589 6.267765 2.321234 0.093371 -0.306866 -0.828934 -0.458239
1540822874.074279308319092 -6.028326 6.348296 2.320652 0.082356 -0.315535 -0.809323 -0.488521
1540822874.107366561889648 -6.282178 6.436069 2.319737 0.070083 -0.324668 -0.787932 -0.518499
1540822874.140546560287476 -6.525087 6.529781 2.321701 0.057252 -0.333739 -0.764967 -0.547875
1540822874.173751592636108 -6.761488 6.634243 2.319624 0.043785 -0.341430 -0.740994 -0.576573
1540822874.206959486007690 -6.986831 6.744766 2.319082 0.029843 -0.347913 -0.716199 -0.604256
1540822874.273302793502808 -7.401552 6.986297 2.320199 0.003410 -0.356826 -0.666100 -0.654961
1540822874.306404590606689 -7.581419 7.114252 2.323647 -0.009531 -0.360077 -0.641838 -0.676977
1540822874.339585304260254 -7.750503 7.248391 2.328728 -0.022416 -0.362486 -0.617848 -0.697399
1540822874.372825384140015 -7.907983 7.383713 2.336868 -0.034329 -0.364460 -0.594205 -0.716178
1540822874.405922651290894 -8.056954 7.534677 2.338641 -0.045863 -0.364413 -0.571817 -0.733570
1540822874.439135551452637 -8.199801 7.693109 2.340576 -0.058098 -0.361585 -0.551149 -0.749744
1540822874.472309827804565 -8.346685 7.856561 2.342056 -0.070442 -0.356269 -0.531147 -0.765502
1540822874.505485534667969 -8.486369 8.015728 2.352509 -0.081793 -0.348787 -0.511698 -0.780912
1540822874.538655519485474 -8.613279 8.178513 2.343346 -0.092377 -0.340872 -0.492596 -0.795375
1540822874.571787834167480 -8.730709 8.340648 2.326318 -0.101949 -0.332861 -0.473790 -0.808909
1540822874.604960680007935 -8.839045 8.495672 2.327701 -0.110454 -0.325026 -0.455347 -0.821473
1540822874.638179302215576 -8.932584 8.653618 2.328223 -0.118381 -0.316949 -0.436870 -0.833471
1540822874.671306610107422 -9.012218 8.818121 2.321891 -0.124393 -0.307844 -0.418908 -0.845148
1540822874.704430580139160 -9.079469 8.984070 2.313661 -0.127784 -0.297297 -0.401628 -0.856727
1540822874.737581729888916 -9.147691 9.155667 2.299573 -0.128397 -0.283434 -0.385197 -0.868794
1540822874.770754575729370 -9.196415 9.315710 2.294617 -0.127513 -0.267935 -0.368889 -0.880836
1540822874.803928852081299 -9.211966 9.466329 2.299982 -0.125317 -0.253967 -0.353310 -0.891610
1540822874.837100744247437 -9.205792 9.604544 2.314932 -0.122252 -0.243136 -0.337832 -0.901004
1540822874.870198726654053 -9.197945 9.735115 2.333273 -0.118752 -0.235308 -0.322849 -0.909008
1540822874.903371572494507 -9.183991 9.861228 2.353811 -0.114139 -0.229992 -0.307721 -0.916179
1540822874.936544179916382 -9.183287 9.991169 2.367660 -0.108769 -0.226332 -0.292675 -0.922651
1540822875.002890110015869 -9.171111 10.244114 2.402665 -0.095564 -0.226450 -0.262232 -0.933179
1540822875.036063194274902 -9.163199 10.364130 2.415024 -0.088738 -0.228885 -0.247224 -0.937346
1540822875.069185733795166 -9.162203 10.491297 2.428385 -0.082311 -0.230847 -0.232959 -0.941098
1540822875.135529756546021 -9.134630 10.740769 2.456744 -0.071819 -0.233483 -0.205095 -0.947768
1540822875.168703794479370 -9.118719 10.864923 2.472679 -0.066754 -0.234161 -0.191359 -0.950839
1540822875.201963663101196 -9.090541 10.986618 2.491512 -0.061628 -0.235262 -0.177833 -0.953535
1540822875.235122919082642 -9.054932 11.104653 2.511830 -0.056275 -0.236602 -0.164353 -0.955950
1540822875.268223762512207 -9.008283 11.218465 2.535842 -0.050687 -0.237989 -0.150734 -0.958160
1540822875.301487684249878 -8.951618 11.332428 2.561439 -0.045064 -0.239357 -0.137162 -0.960138
1540822875.334572792053223 -8.886991 11.441854 2.590387 -0.041456 -0.240921 -0.123782 -0.961726
1540822875.367741823196411 -8.814407 11.550409 2.620674 -0.041392 -0.242417 -0.109885 -0.963040
1540822875.401029825210571 -8.735788 11.657632 2.652258 -0.044258 -0.243769 -0.095600 -0.964095
1540822875.434128999710083 -8.649469 11.762938 2.685599 -0.048725 -0.244848 -0.080832 -0.964957
1540822875.467263936996460 -8.558773 11.867036 2.719154 -0.055722 -0.245637 -0.065612 -0.965532
1540822875.500434637069702 -8.463072 11.969295 2.754622 -0.065122 -0.246543 -0.049863 -0.965655
1540822875.566882848739624 -8.253596 12.167515 2.823446 -0.083324 -0.248453 -0.019017 -0.964866
1540822875.633128881454468 -8.022595 12.353617 2.888606 -0.102215 -0.250450 0.012123 -0.962642
1540822875.666323184967041 -7.901402 12.441263 2.922659 -0.112879 -0.251893 0.027922 -0.960744
1540822875.699506998062134 -7.776579 12.524087 2.956252 -0.122819 -0.254071 0.044135 -0.958340
1540822875.732580900192261 -7.648803 12.596958 2.986812 -0.134219 -0.258111 0.061214 -0.954786
1540822875.765794277191162 -7.517290 12.666372 3.021159 -0.147701 -0.262808 0.078808 -0.950213
1540822875.832208156585693 -7.233401 12.798540 3.081945 -0.179242 -0.271452 0.115716 -0.938507
1540822875.865274667739868 -7.083352 12.857121 3.108832 -0.193689 -0.274862 0.134117 -0.932174
1540822875.931619644165039 -6.770726 12.952536 3.158734 -0.222311 -0.279706 0.171863 -0.918044
1540822875.964868783950806 -6.603706 12.992487 3.178902 -0.237215 -0.280435 0.191294 -0.910215
1540822876.031222105026245 -6.253323 13.050612 3.210879 -0.263388 -0.276168 0.230124 -0.895210
1540822876.097487688064575 -5.882969 13.078353 3.234300 -0.286328 -0.267180 0.269528 -0.879765
1540822876.130657196044922 -5.688391 13.082066 3.242744 -0.294917 -0.259117 0.289829 -0.872858
1540822876.163831233978271 -5.495586 13.072411 3.251190 -0.302070 -0.250024 0.310079 -0.866079
1540822876.230250835418701 -5.121607 13.012977 3.271838 -0.318729 -0.230388 0.349914 -0.850231
1540822876.296598911285400 -4.752237 12.913297 3.289016 -0.341728 -0.205594 0.386987 -0.831381
1540822876.329695224761963 -4.571584 12.848626 3.297042 -0.354723 -0.192583 0.404389 -0.820703
1540822876.396116733551025 -4.210702 12.691101 3.299150 -0.377439 -0.169172 0.435481 -0.799548
1540822876.429285287857056 -4.033005 12.600242 3.296056 -0.385239 -0.159847 0.449288 -0.790050
1540822876.462385892868042 -3.857846 12.500814 3.289901 -0.391814 -0.151560 0.463049 -0.780447
1540822876.495559930801392 -3.689249 12.389131 3.281144 -0.397689 -0.144377 0.476076 -0.770942
1540822876.528813838958740 -3.531161 12.263541 3.271387 -0.405003 -0.137739 0.488104 -0.760760
1540822876.595149040222168 -3.214423 11.997316 3.242954 -0.421914 -0.124321 0.509601 -0.739486
1540822876.628327608108521 -3.059378 11.853742 3.222522 -0.427040 -0.118970 0.518709 -0.731043
1540822876.661498785018921 -2.905623 11.704494 3.199138 -0.427483 -0.116257 0.527273 -0.725069
1540822876.694598913192749 -2.749682 11.553558 3.172533 -0.422441 -0.116344 0.535110 -0.722263
1540822876.727769851684570 -2.612103 11.385391 3.141117 -0.416314 -0.118206 0.540119 -0.721790
1540822876.761023759841919 -2.491940 11.200099 3.106844 -0.411770 -0.120958 0.542997 -0.721782
1540822876.794185638427734 -2.369215 11.013107 3.072925 -0.407322 -0.125108 0.544347 -0.722581
1540822876.827358484268188 -2.238955 10.826639 3.037533 -0.399796 -0.129658 0.545262 -0.725286
1540822876.860572576522827 -2.121212 10.626142 2.998244 -0.388170 -0.135322 0.545582 -0.730310
1540822876.893746376037598 -2.007126 10.418460 2.957911 -0.373911 -0.141978 0.545577 -0.736463
1540822876.927051544189453 -1.896746 10.201627 2.917427 -0.358449 -0.149411 0.544863 -0.743179
1540822876.960208654403687 -1.790276 9.977483 2.877205 -0.341837 -0.157345 0.542965 -0.750719
1540822877.026464700698853 -1.593736 9.501341 2.798238 -0.305958 -0.172395 0.534161 -0.768987
1540822877.059639692306519 -1.497922 9.252435 2.759734 -0.286865 -0.179207 0.527166 -0.779544
1540822877.092810630798340 -1.407573 8.994108 2.720873 -0.266764 -0.185668 0.518904 -0.790635
1540822877.126035213470459 -1.318170 8.728505 2.683348 -0.246121 -0.191832 0.509212 -0.802078
1540822877.159250736236572 -1.228667 8.457194 2.647557 -0.225290 -0.197849 0.498674 -0.813280
1540822877.192380905151367 -1.140235 8.180630 2.612195 -0.204165 -0.203931 0.486486 -0.824658
1540822877.225554943084717 -1.049577 7.898792 2.579188 -0.182862 -0.209797 0.472631 -0.836162
1540822877.258795976638794 -0.956353 7.611658 2.549058 -0.161314 -0.215651 0.457563 -0.847413
1540822877.325075149536133 -0.765784 7.024640 2.496194 -0.114505 -0.225089 0.424042 -0.869719
1540822877.358289003372192 -0.664498 6.725420 2.475335 -0.089845 -0.229281 0.405325 -0.880380
1540822877.391418695449829 -0.558856 6.424814 2.457503 -0.066135 -0.232922 0.386233 -0.890055
1540822877.457763671875000 -0.332888 5.818636 2.431130 -0.025499 -0.238783 0.347805 -0.906291
1540822877.491024732589722 -0.216901 5.514164 2.422402 -0.008634 -0.241889 0.329158 -0.912727
1540822877.524100542068481 -0.093124 5.212932 2.417364 0.007450 -0.244132 0.310495 -0.918660
1540822877.557232618331909 0.037857 4.911653 2.414784 0.023591 -0.245632 0.290914 -0.924379
1540822877.590445280075073 0.177346 4.611701 2.416462 0.039793 -0.246549 0.270693 -0.929707
1540822877.656750917434692 0.462637 4.021076 2.443894 0.079172 -0.249839 0.227980 -0.937730
1540822877.690008163452148 0.613087 3.731820 2.467643 0.102377 -0.252452 0.205396 -0.940000
1540822877.756309270858765 0.942498 3.163313 2.503647 0.151101 -0.256845 0.154084 -0.942050
1540822877.822689294815063 1.303033 2.617525 2.540439 0.196185 -0.261929 0.097362 -0.939907
1540822877.855871438980103 1.494985 2.352548 2.554641 0.217053 -0.263418 0.067998 -0.937483
1540822877.888962268829346 1.694239 2.096544 2.567084 0.235098 -0.264388 0.038705 -0.934521
1540822877.922179460525513 1.903167 1.848647 2.581967 0.249585 -0.264224 0.008722 -0.931567
1540822877.955377578735352 2.122304 1.605927 2.592285 0.261676 -0.262485 -0.023008 -0.928492
1540822878.021770477294922 2.567212 1.145312 2.621255 0.281250 -0.251284 -0.091974 -0.921572
1540822878.054938554763794 2.803099 0.924046 2.628276 0.290905 -0.240471 -0.128754 -0.917044
1540822878.088111400604248 3.044416 0.723269 2.636636 0.299177 -0.228445 -0.165710 -0.911508
1540822878.121243476867676 3.278906 0.545981 2.654822 0.307394 -0.217031 -0.201620 -0.904299
1540822878.154505491256714 3.507682 0.386919 2.679714 0.314655 -0.206579 -0.236507 -0.895758
1540822878.187590837478638 3.737881 0.238292 2.704429 0.322108 -0.196366 -0.271981 -0.885276
1540822878.220802545547485 3.968992 0.101027 2.730864 0.330286 -0.185339 -0.307583 -0.872899
1540822878.253976583480835 4.207215 -0.030740 2.749398 0.338104 -0.173204 -0.343459 -0.858908
1540822878.287149429321289 4.429063 -0.135885 2.782312 0.346624 -0.163490 -0.377223 -0.843105
1540822878.386626720428467 5.080787 -0.385880 2.873499 0.379994 -0.137304 -0.465744 -0.787296
1540822878.419841527938843 5.291231 -0.447007 2.903320 0.392214 -0.129667 -0.490774 -0.767134
1540822878.452973842620850 5.500455 -0.502010 2.923947 0.402886 -0.124448 -0.514485 -0.746660
1540822878.486145496368408 5.705014 -0.550221 2.941510 0.411474 -0.120890 -0.535602 -0.727465
1540822878.519358634948730 5.921360 -0.597531 2.941370 0.414419 -0.118653 -0.556325 -0.710408
1540822878.552531480789185 6.118997 -0.623775 2.946804 0.412378 -0.121028 -0.574361 -0.696711
1540822878.585665464401245 6.311377 -0.643944 2.948434 0.404271 -0.128519 -0.589366 -0.687529
1540822878.618918418884277 6.498632 -0.655807 2.948910 0.394210 -0.137516 -0.602945 -0.679813
1540822878.652052640914917 6.683846 -0.658232 2.937016 0.384410 -0.142910 -0.616949 -0.671699
1540822878.685183763504028 6.856587 -0.645378 2.929765 0.374691 -0.146595 -0.630685 -0.663591
1540822878.718397617340088 7.024861 -0.629438 2.920735 0.364444 -0.149176 -0.644223 -0.655670
1540822878.751530885696411 7.189198 -0.597876 2.905244 0.353201 -0.149536 -0.657288 -0.648738
1540822878.784705400466919 7.346240 -0.559216 2.892141 0.340502 -0.148149 -0.670472 -0.642322
1540822878.817877531051636 7.493971 -0.514325 2.889260 0.329175 -0.146143 -0.683354 -0.635070
1540822878.851115465164185 7.630890 -0.458867 2.896837 0.320884 -0.145219 -0.697481 -0.624071
1540822878.884221553802490 7.764054 -0.393055 2.899442 0.314952 -0.142225 -0.713604 -0.609382
1540822878.917394638061523 7.885779 -0.312383 2.913479 0.312871 -0.136986 -0.730475 -0.591399
1540822878.950567483901978 8.005932 -0.224897 2.919411 0.313861 -0.128115 -0.747708 -0.570973
1540822878.983740568161011 8.120538 -0.134851 2.927414 0.316685 -0.116809 -0.764429 -0.549286
1540822879.016914844512939 8.237010 -0.046630 2.927369 0.319913 -0.103613 -0.780168 -0.527502
1540822879.050086736679077 8.349685 0.044930 2.926912 0.323657 -0.090108 -0.794200 -0.506333
1540822879.083338022232056 8.454953 0.142605 2.927612 0.327868 -0.077574 -0.806266 -0.486231
1540822879.116440057754517 8.549448 0.250545 2.931045 0.332554 -0.066313 -0.816616 -0.467064
1540822879.182780742645264 8.719489 0.485798 2.933169 0.340790 -0.048606 -0.832579 -0.433948
1540822879.216023683547974 8.794967 0.610571 2.933210 0.343221 -0.045066 -0.838679 -0.420460
1540822879.282373189926147 8.935222 0.852478 2.922489 0.341983 -0.040874 -0.849434 -0.399798
1540822879.315546512603760 8.995311 0.981547 2.915157 0.339633 -0.038059 -0.854306 -0.391615
1540822879.381845951080322 9.087248 1.257444 2.907734 0.335173 -0.034102 -0.862822 -0.376875
1540822879.448206663131714 9.137610 1.551096 2.906713 0.333262 -0.023629 -0.871855 -0.358116
1540822879.481337547302246 9.150041 1.704646 2.905159 0.332547 -0.016307 -0.876617 -0.347404
1540822879.514560699462891 9.152872 1.862331 2.904146 0.331659 -0.008471 -0.881288 -0.336544
1540822879.547728538513184 9.146455 2.020290 2.905512 0.331744 -0.001802 -0.885288 -0.325895
1540822879.580894470214844 9.130544 2.181347 2.907471 0.332290 0.003930 -0.888841 -0.315484
1540822879.647206068038940 9.071115 2.507539 2.909999 0.333932 0.015134 -0.895696 -0.293239
1540822879.680376291275024 9.029928 2.668289 2.916115 0.334262 0.024322 -0.899614 -0.279949
1540822879.713537931442261 8.981070 2.833679 2.919802 0.334889 0.037424 -0.903522 -0.264757
1540822879.746710777282715 8.922776 2.998986 2.921978 0.335264 0.052497 -0.907176 -0.248746
1540822879.813015937805176 8.782868 3.320224 2.930280 0.337064 0.080793 -0.912418 -0.217611
1540822879.846188783645630 8.700426 3.479298 2.933497 0.338126 0.092373 -0.914356 -0.202709
1540822879.879405975341797 8.609846 3.634012 2.935537 0.339904 0.101306 -0.915735 -0.188764
1540822879.945748090744019 8.401920 3.944613 2.932043 0.345130 0.107803 -0.917544 -0.165460
1540822879.978880882263184 8.285159 4.097043 2.928149 0.346946 0.108773 -0.918752 -0.153921
1540822880.045271635055542 8.023617 4.412707 2.912548 0.343869 0.118854 -0.923052 -0.124910
1540822880.144747257232666 7.565866 4.870041 2.885058 0.320639 0.137846 -0.934126 -0.074822
1540822880.178013086318970 7.396104 5.008084 2.870990 0.314782 0.140759 -0.936791 -0.059345
1540822880.244265794754028 7.041929 5.272679 2.854855 0.310332 0.136211 -0.940205 -0.033983
1540822880.277518987655640 6.853107 5.401597 2.842307 0.306911 0.131092 -0.942396 -0.022592
1540822880.343783617019653 6.457739 5.622832 2.824385 0.287018 0.123900 -0.949879 -0.000457
1540822880.410172700881958 6.039959 5.813377 2.809220 0.260548 0.121387 -0.957655 0.016615
1540822880.443305015563965 5.826349 5.892206 2.801892 0.251226 0.120383 -0.960178 0.021268
1540822880.509648799896240 5.387068 6.062687 2.797927 0.240388 0.109989 -0.964121 0.024211
1540822880.542822122573853 5.161737 6.139336 2.793245 0.233644 0.103281 -0.966507 0.024660
1540822880.609168767929077 4.697467 6.296343 2.793048 0.207924 0.101379 -0.972444 0.029013
1540822880.642420053482056 4.463102 6.363750 2.795187 0.193931 0.103304 -0.975036 0.032003
1540822880.675583839416504 4.226620 6.434418 2.796536 0.181766 0.106076 -0.976989 0.034663
1540822880.708687782287598 3.990480 6.499393 2.799527 0.171609 0.109473 -0.978355 0.037264
1540822880.741860866546631 3.751915 6.561382 2.802154 0.162544 0.112947 -0.979410 0.039738
1540822880.775033473968506 3.510993 6.614454 2.801290 0.154084 0.116078 -0.980339 0.041477
1540822880.808205842971802 3.270385 6.665871 2.803998 0.147317 0.118347 -0.981068 0.042393
1540822880.841379880905151 3.028482 6.714732 2.807332 0.142182 0.119809 -0.981633 0.042751
1540822880.874552965164185 2.787107 6.757598 2.811794 0.139190 0.119593 -0.982148 0.041347
1540822880.940898895263672 2.295582 6.850305 2.819112 0.137097 0.118803 -0.982753 0.035863
1540822880.974071979522705 2.047441 6.894016 2.823282 0.137369 0.118792 -0.982796 0.033607
1540822881.007246017456055 1.797493 6.936821 2.828762 0.138155 0.118693 -0.982759 0.031791
1540822881.040418148040771 1.543853 6.976182 2.829217 0.138273 0.118488 -0.982838 0.029515
1540822881.073640346527100 1.289430 7.013219 2.831386 0.137949 0.118759 -0.982944 0.026200
1540822881.106813192367554 1.033811 7.045274 2.832664 0.137640 0.118059 -0.983184 0.021580
1540822881.173295021057129 0.523489 7.095115 2.847170 0.135713 0.106537 -0.985001 0.002195
1540822881.206331968307495 0.269461 7.113546 2.858946 0.135329 0.094819 -0.986177 -0.012287
1540822881.239506006240845 0.010174 7.128565 2.860818 0.134410 0.082408 -0.987082 -0.028512
1540822881.272732019424438 -0.250818 7.143907 2.861007 0.132771 0.069126 -0.987637 -0.046538
1540822881.305905580520630 -0.514572 7.161008 2.865058 0.131076 0.054197 -0.987723 -0.065460
1540822881.339078187942505 -0.786207 7.181438 2.864433 0.128601 0.037605 -0.987356 -0.084707
1540822881.372249364852905 -1.057326 7.201370 2.869825 0.125499 0.017574 -0.986343 -0.105210
1540822881.405494451522827 -1.324129 7.212190 2.876446 0.122255 -0.004764 -0.984096 -0.128789
1540822881.438638448715210 -1.589316 7.229658 2.886948 0.119555 -0.028192 -0.980437 -0.153799
1540822881.504941225051880 -2.120298 7.261841 2.900647 0.112781 -0.073591 -0.969225 -0.206076
1540822881.538192272186279 -2.386880 7.283048 2.905915 0.108629 -0.096614 -0.961524 -0.233102
1540822881.604462385177612 -2.914113 7.332569 2.915147 0.101146 -0.140840 -0.941369 -0.289411
1540822881.637708187103271 -3.176058 7.361537 2.916524 0.095901 -0.161653 -0.928701 -0.319665
1540822881.670806169509888 -3.435587 7.393922 2.910694 0.087443 -0.180881 -0.913949 -0.352608
1540822881.703979253768921 -3.694222 7.432063 2.898179 0.076267 -0.198874 -0.896396 -0.388725
1540822881.737152576446533 -3.949505 7.475778 2.891356 0.063692 -0.215436 -0.876062 -0.426667
1540822881.770327329635620 -4.201295 7.530800 2.887516 0.048911 -0.229323 -0.853257 -0.465802
1540822881.836673498153687 -4.689305 7.661778 2.905917 0.017867 -0.252680 -0.800905 -0.542573
1540822881.869887351989746 -4.923082 7.733965 2.924726 0.003239 -0.264389 -0.771433 -0.578774
1540822881.903058052062988 -5.144813 7.802867 2.960577 -0.010073 -0.277147 -0.739979 -0.612797
1540822881.936190366744995 -5.355698 7.890706 2.960510 -0.024537 -0.287403 -0.706294 -0.646487
1540822881.969438314437866 -5.565025 7.979425 2.966650 -0.038613 -0.296187 -0.670037 -0.679582
1540822882.002537012100220 -5.762762 8.077727 2.964139 -0.050908 -0.301711 -0.633153 -0.710982
1540822882.068883180618286 -6.129147 8.280083 2.961258 -0.072415 -0.306553 -0.557481 -0.768112
1540822882.102057218551636 -6.286402 8.382685 2.967058 -0.080037 -0.309097 -0.521791 -0.791067
1540822882.135337114334106 -6.439884 8.483016 2.976272 -0.081081 -0.312833 -0.489041 -0.810185
1540822882.168402194976807 -6.580242 8.588537 2.976030 -0.077845 -0.314296 -0.460006 -0.826772
1540822882.201574087142944 -6.712623 8.698223 2.966973 -0.070461 -0.311631 -0.433252 -0.842742
1540822882.234747171401978 -6.843378 8.807572 2.953056 -0.061375 -0.303659 -0.407480 -0.859060
1540822882.267965316772461 -6.974956 8.915717 2.939761 -0.053461 -0.294357 -0.382336 -0.874251
1540822882.301095247268677 -7.091450 9.020265 2.934707 -0.045104 -0.285215 -0.360529 -0.886926
1540822882.334271192550659 -7.187794 9.122923 2.932768 -0.036948 -0.279064 -0.343274 -0.896059
1540822882.367574214935303 -7.272073 9.224110 2.938367 -0.026888 -0.275659 -0.330537 -0.902239
1540822882.400552988052368 -7.356036 9.324417 2.946095 -0.014950 -0.273283 -0.322436 -0.906161
1540822882.433853864669800 -7.443619 9.427207 2.943917 -0.003897 -0.270797 -0.317573 -0.908736
1540822882.466903924942017 -7.529082 9.531232 2.939632 0.005911 -0.268555 -0.313993 -0.910633
1540822882.500112056732178 -7.609285 9.633245 2.938953 0.012149 -0.267618 -0.310208 -0.912142
1540822882.533323764801025 -7.682162 9.741557 2.926165 0.015170 -0.266686 -0.305176 -0.914065
1540822882.566416978836060 -7.740063 9.859955 2.897710 0.015837 -0.264332 -0.298570 -0.916915
1540822882.599592924118042 -7.797083 9.981781 2.866935 0.015365 -0.259048 -0.290843 -0.920906
1540822882.632765054702759 -7.861794 10.095453 2.845760 0.013145 -0.251745 -0.280097 -0.926281
1540822882.666024923324585 -7.902344 10.191863 2.840234 0.005473 -0.246445 -0.265068 -0.932188
1540822882.699238777160645 -7.928918 10.283037 2.836482 -0.009788 -0.242445 -0.246325 -0.938322
1540822882.732355833053589 -7.939710 10.378429 2.820429 -0.028682 -0.236468 -0.224624 -0.944883
1540822882.765540361404419 -7.978503 10.481871 2.805082 -0.045736 -0.228404 -0.201915 -0.951299
1540822882.798687934875488 -8.024327 10.581833 2.794588 -0.060383 -0.219775 -0.180236 -0.956853
1540822882.831806898117065 -8.056392 10.670431 2.792229 -0.073745 -0.213364 -0.158450 -0.961213
1540822882.864977121353149 -8.079666 10.755718 2.789247 -0.087342 -0.208741 -0.137109 -0.964365
1540822882.898194313049316 -8.089063 10.845284 2.780524 -0.100986 -0.205002 -0.116664 -0.966522
1540822882.931324958801270 -8.101311 10.933410 2.771277 -0.114505 -0.202804 -0.098981 -0.967451
1540822882.964510917663574 -8.112928 11.018097 2.761391 -0.125877 -0.202475 -0.084744 -0.967459
1540822882.997669935226440 -8.111466 11.104294 2.747775 -0.135542 -0.203507 -0.072646 -0.966921
1540822883.030841827392578 -8.107801 11.189576 2.731481 -0.144907 -0.205283 -0.062064 -0.965924
1540822883.064014911651611 -8.104004 11.273671 2.713402 -0.153086 -0.207089 -0.053501 -0.964788
1540822883.097187995910645 -8.091969 11.366886 2.689852 -0.158354 -0.207985 -0.046491 -0.964108
1540822883.130358934402466 -8.089207 11.457932 2.665801 -0.159021 -0.208177 -0.040839 -0.964213
1540822883.163573980331421 -8.084231 11.550068 2.638942 -0.154864 -0.206981 -0.035193 -0.965369
1540822883.196712970733643 -8.082676 11.635221 2.611462 -0.148566 -0.205178 -0.029598 -0.966930
1540822883.229877948760986 -8.075899 11.714676 2.583432 -0.141177 -0.203450 -0.024172 -0.968552
1540822883.263051748275757 -8.051292 11.789309 2.551340 -0.132346 -0.201618 -0.018521 -0.970305
1540822883.296226978302002 -8.014395 11.857620 2.517534 -0.121875 -0.199777 -0.012982 -0.972146
1540822883.329529047012329 -7.976448 11.924338 2.482805 -0.109840 -0.197726 -0.007723 -0.974053
1540822883.362570047378540 -7.933992 11.981191 2.450618 -0.097714 -0.195222 -0.002264 -0.975877
1540822883.395683288574219 -7.886021 12.021785 2.423450 -0.089081 -0.192655 0.003563 -0.977208
1540822883.428857326507568 -7.839644 12.051745 2.398887 -0.085216 -0.190003 0.010022 -0.978027
1540822883.495203018188477 -7.705656 12.129016 2.340583 -0.083151 -0.180402 0.024525 -0.979765
1540822883.528375148773193 -7.629056 12.163890 2.313779 -0.081593 -0.174138 0.031639 -0.980825
1540822883.561589002609253 -7.544364 12.197740 2.287278 -0.079564 -0.168050 0.038324 -0.981815
1540822883.627994537353516 -7.373235 12.260933 2.232140 -0.075680 -0.154706 0.052107 -0.983679
1540822883.661118030548096 -7.280656 12.292080 2.201310 -0.072929 -0.144806 0.060448 -0.984915
1540822883.694242000579834 -7.188018 12.317165 2.168882 -0.071296 -0.132482 0.068809 -0.986220
1540822883.760586977005005 -7.001249 12.345802 2.127995 -0.074055 -0.112807 0.087657 -0.986968
1540822883.793799161911011 -6.904463 12.354840 2.109276 -0.076644 -0.105064 0.097851 -0.986667
1540822883.827014923095703 -6.805646 12.359421 2.095672 -0.078312 -0.097660 0.108118 -0.986225
1540822883.860107183456421 -6.704348 12.365943 2.087165 -0.078015 -0.091410 0.118530 -0.985651
1540822883.893385171890259 -6.600674 12.371109 2.079121 -0.075262 -0.085525 0.128296 -0.985171
1540822883.959666967391968 -6.401216 12.368136 2.066509 -0.069505 -0.075382 0.143147 -0.984376
1540822883.992796897888184 -6.300917 12.362605 2.062206 -0.067986 -0.072243 0.149180 -0.983821
1540822884.025969982147217 -6.199514 12.356374 2.058740 -0.066883 -0.070945 0.154053 -0.983240
1540822884.059144020080566 -6.109260 12.338040 2.062953 -0.067294 -0.071479 0.157526 -0.982623
1540822884.092423915863037 -6.009845 12.325992 2.062648 -0.065785 -0.072809 0.161691 -0.981951
1540822884.125531911849976 -5.899389 12.322982 2.055251 -0.061700 -0.074504 0.165897 -0.981387
1540822884.158663034439087 -5.787041 12.318801 2.044450 -0.055500 -0.076097 0.170484 -0.980849
1540822884.191835403442383 -5.677716 12.306856 2.034202 -0.048516 -0.077263 0.175375 -0.980265
1540822884.225048780441284 -5.577278 12.283098 2.031344 -0.042670 -0.078485 0.180407 -0.979527
1540822884.291356086730957 -5.381802 12.221922 2.029033 -0.040160 -0.078891 0.189555 -0.977871
1540822884.324530601501465 -5.280227 12.190155 2.025136 -0.041293 -0.077681 0.194042 -0.977041
1540822884.357741117477417 -5.168066 12.166690 2.019675 -0.041826 -0.075631 0.199186 -0.976143
1540822884.390824079513550 -5.050222 12.144199 2.012566 -0.041238 -0.071991 0.204309 -0.975384
1540822884.423998117446899 -4.930734 12.117936 2.006092 -0.040132 -0.066422 0.209638 -0.974695
1540822884.457213163375854 -4.814414 12.088229 2.003203 -0.038788 -0.059680 0.214825 -0.974055
1540822884.490343093872070 -4.701552 12.059910 2.005095 -0.036514 -0.053090 0.220356 -0.973289
1540822884.523516178131104 -4.597126 12.028161 2.012190 -0.034756 -0.050149 0.225343 -0.972367
1540822884.556689262390137 -4.493607 11.995949 2.019500 -0.033656 -0.050432 0.229993 -0.971302
1540822884.623035192489624 -4.277995 11.929340 2.033561 -0.034305 -0.052283 0.238477 -0.969133
1540822884.656213283538818 -4.168325 11.895120 2.040653 -0.035040 -0.052353 0.242611 -0.968076
1540822884.689421176910400 -4.054576 11.860196 2.047570 -0.035393 -0.051948 0.246968 -0.966983
1540822884.722595214843750 -3.940747 11.823162 2.055021 -0.034923 -0.051218 0.250836 -0.966043
1540822884.755729436874390 -3.828369 11.785257 2.063201 -0.034194 -0.050286 0.254623 -0.965127
1540822884.788900852203369 -3.715980 11.746411 2.072694 -0.033733 -0.049527 0.258365 -0.964187
1540822884.822114467620850 -3.606348 11.706781 2.084309 -0.032886 -0.049642 0.262065 -0.963211
1540822884.855288743972778 -3.493328 11.665808 2.096373 -0.031609 -0.049397 0.265733 -0.962261
1540822884.888419151306152 -3.380228 11.624682 2.110131 -0.030495 -0.048718 0.268881 -0.961457
1540822884.921634674072266 -3.272007 11.582283 2.126732 -0.029495 -0.048472 0.271970 -0.960632
1540822884.954765319824219 -3.165253 11.539817 2.145335 -0.029447 -0.049168 0.275457 -0.959604
1540822885.021154165267944 -2.955095 11.452443 2.192494 -0.035845 -0.043629 0.283760 -0.957231
1540822885.054325342178345 -2.851501 11.406026 2.215941 -0.045404 -0.037408 0.289275 -0.955437
1540822885.087458133697510 -2.738375 11.360839 2.237163 -0.056126 -0.032071 0.294999 -0.953309
1540822885.153845071792603 -2.504588 11.268290 2.272023 -0.073069 -0.021876 0.307307 -0.948549
1540822885.187016248703003 -2.390611 11.219520 2.289726 -0.080201 -0.015598 0.312897 -0.946266
1540822885.220149278640747 -2.272943 11.169114 2.303651 -0.085173 -0.008070 0.319137 -0.943839
1540822885.253371238708496 -2.158232 11.116985 2.316910 -0.088257 0.000455 0.326025 -0.941232
1540822885.286496162414551 -2.053234 11.062284 2.330750 -0.089966 0.009654 0.332787 -0.938651
1540822885.319669246673584 -1.951026 11.005078 2.344169 -0.092621 0.018975 0.339385 -0.935884
1540822885.352841138839722 -1.852878 10.947328 2.355573 -0.096179 0.027370 0.346187 -0.932821
1540822885.386120080947876 -1.757478 10.888089 2.363730 -0.100477 0.034225 0.353066 -0.929558
1540822885.419188022613525 -1.665126 10.828822 2.369232 -0.103598 0.039240 0.360273 -0.926246
1540822885.452361106872559 -1.569324 10.767579 2.368712 -0.105013 0.044137 0.367652 -0.922961
1540822885.485546112060547 -1.474599 10.703962 2.367720 -0.104689 0.049427 0.375258 -0.919662
1540822885.518718957901001 -1.383277 10.638960 2.363148 -0.102876 0.054177 0.383242 -0.916301
1540822885.551880598068237 -1.295863 10.572566 2.364329 -0.100144 0.056431 0.391319 -0.913048
1540822885.585053443908691 -1.211035 10.504255 2.368541 -0.098236 0.056187 0.398515 -0.910153
1540822885.618225097656250 -1.129680 10.434839 2.366385 -0.097229 0.054934 0.405056 -0.907446
1540822885.684572696685791 -0.969553 10.294518 2.347291 -0.098472 0.052871 0.416203 -0.902376
1540822885.717747211456299 -0.893314 10.222662 2.333174 -0.099100 0.052245 0.421223 -0.900012
1540822885.750919103622437 -0.815452 10.149250 2.319845 -0.098690 0.051415 0.426433 -0.897648
1540822885.784185171127319 -0.740074 10.073577 2.307204 -0.098385 0.050216 0.431382 -0.895382
1540822885.817382097244263 -0.667953 9.996964 2.292530 -0.098051 0.049435 0.436121 -0.893163
1540822885.850580692291260 -0.594946 9.919569 2.276728 -0.097429 0.048916 0.440767 -0.890976
1540822885.916833877563477 -0.451732 9.761651 2.245455 -0.096369 0.047252 0.449447 -0.886836
1540822885.950007438659668 -0.385923 9.680081 2.228808 -0.096334 0.046150 0.452684 -0.885250
1540822885.983180284500122 -0.331370 9.601289 2.205002 -0.095993 0.046231 0.455700 -0.883734
1540822886.016464233398438 -0.271469 9.518791 2.183916 -0.095878 0.045178 0.458161 -0.882527
1540822886.082753181457520 -0.161327 9.356924 2.132596 -0.095536 0.044467 0.462435 -0.880369
1540822886.149095296859741 -0.068269 9.189097 2.077840 -0.089178 0.042637 0.467293 -0.878560
1540822886.182268381118774 -0.035582 9.104912 2.044614 -0.079702 0.040434 0.470447 -0.877891
1540822886.215442419052124 -0.000972 9.018287 2.013039 -0.067729 0.036990 0.473442 -0.877438
1540822886.281880617141724 0.100727 8.827942 1.964687 -0.043567 0.027368 0.476565 -0.877633
1540822886.314963102340698 0.139099 8.736958 1.937290 -0.034075 0.022782 0.477444 -0.877706
1540822886.348136425018311 0.184487 8.643128 1.912609 -0.027556 0.018530 0.477699 -0.877896
1540822886.381309270858765 0.224769 8.551730 1.887080 -0.021305 0.014520 0.477924 -0.878023
1540822886.414492368698120 0.263696 8.460487 1.861921 -0.015438 0.010931 0.478097 -0.878103
1540822886.447786092758179 0.300882 8.369900 1.836868 -0.010276 0.008253 0.478160 -0.878174
1540822886.480947971343994 0.332784 8.284550 1.809910 -0.007290 0.007791 0.478129 -0.878225
1540822886.547183513641357 0.407670 8.110267 1.762509 -0.011126 0.010926 0.480399 -0.876912
1540822886.580497980117798 0.444374 8.022520 1.740946 -0.018557 0.014849 0.485388 -0.873976
1540822886.646693944931030 0.545012 7.835572 1.710400 -0.036792 0.028404 0.502446 -0.863358
1540822886.679997920989990 0.592351 7.740133 1.692890 -0.041707 0.038401 0.515145 -0.855226
1540822886.713096380233765 0.639473 7.645422 1.677380 -0.044935 0.048885 0.529434 -0.845749
1540822886.746371269226074 0.678993 7.549756 1.659569 -0.048214 0.058775 0.544323 -0.835424
1540822886.779441595077515 0.723110 7.448418 1.644135 -0.053661 0.067062 0.559377 -0.824452
1540822886.812612533569336 0.765146 7.347294 1.629115 -0.059034 0.072574 0.573966 -0.813518
1540822886.845824718475342 0.781821 7.258060 1.604303 -0.062466 0.074503 0.588466 -0.802655
1540822886.878998756408691 0.784870 7.175481 1.575449 -0.063975 0.074366 0.602315 -0.792208
1540822886.912172555923462 0.789076 7.090884 1.548412 -0.064451 0.072797 0.614741 -0.782713
1540822886.945378780364990 0.794916 7.002986 1.523214 -0.065661 0.070907 0.624819 -0.774766
1540822886.978519916534424 0.799157 6.915796 1.498731 -0.067001 0.069786 0.633090 -0.768009
1540822887.011655569076538 0.802006 6.827459 1.475074 -0.067749 0.068798 0.640383 -0.761962
1540822887.044952154159546 0.806995 6.737491 1.451371 -0.068407 0.067576 0.646991 -0.756410
1540822887.078050136566162 0.809293 6.652104 1.429518 -0.069916 0.069065 0.652947 -0.751001
1540822887.111216783523560 0.815340 6.565734 1.403881 -0.073166 0.072216 0.658706 -0.745344
1540822887.144434928894043 0.822002 6.476018 1.378035 -0.078168 0.076089 0.664450 -0.739328
1540822887.177601814270020 0.807109 6.396647 1.354130 -0.079849 0.078767 0.670610 -0.733282
1540822887.210735797882080 0.789763 6.313878 1.326856 -0.078091 0.080612 0.676848 -0.727516
1540822887.243907690048218 0.774338 6.228935 1.304359 -0.075372 0.081204 0.682803 -0.722153
1540822887.277084827423096 0.753009 6.143890 1.281638 -0.073956 0.080610 0.688333 -0.717099
1540822887.310329914093018 0.725551 6.064605 1.260361 -0.073769 0.079780 0.693016 -0.712687
1540822887.343427896499634 0.686478 5.994308 1.240498 -0.072834 0.078682 0.696315 -0.709683
1540822887.376600742340088 0.654104 5.921164 1.220419 -0.068963 0.078115 0.698312 -0.708168
1540822887.409813880920410 0.635214 5.834325 1.199929 -0.058801 0.076687 0.700492 -0.707087
1540822887.442947864532471 0.611038 5.752166 1.183154 -0.045697 0.073684 0.702921 -0.705964
1540822887.476193666458130 0.575924 5.674323 1.175528 -0.031804 0.069978 0.705178 -0.704851
1540822887.509293794631958 0.542989 5.597105 1.170894 -0.018992 0.065404 0.707471 -0.703453
1540822887.542566776275635 0.495970 5.534800 1.176694 -0.008709 0.060973 0.708634 -0.702883
1540822887.575711965560913 0.455504 5.471156 1.187073 -0.002267 0.056716 0.709234 -0.702685
1540822887.608852863311768 0.427669 5.401055 1.194500 0.000874 0.053271 0.709282 -0.702909
1540822887.642031192779541 0.400366 5.329675 1.200144 0.003747 0.049981 0.709081 -0.703343
1540822887.675158500671387 0.364331 5.266829 1.207583 0.008377 0.046429 0.709254 -0.703372
1540822887.708403825759888 0.328912 5.203633 1.211373 0.014250 0.043146 0.708403 -0.704344
1540822887.741631746292114 0.293754 5.141940 1.215969 0.019040 0.040372 0.705820 -0.706984
1540822887.774677991867065 0.251274 5.090560 1.228818 0.022312 0.037680 0.701821 -0.711006
1540822887.807850837707520 0.206803 5.044366 1.246734 0.024950 0.034423 0.696846 -0.715959
1540822887.841022729873657 0.164997 4.996212 1.256782 0.027970 0.031148 0.690697 -0.721931
1540822887.874237775802612 0.130988 4.940805 1.262202 0.029905 0.028857 0.684080 -0.728222
1540822887.907368898391724 0.100784 4.882603 1.264733 0.030282 0.028739 0.677068 -0.734735
1540822887.940558671951294 0.069483 4.824683 1.269642 0.030632 0.029790 0.669775 -0.741334
1540822887.973755121231079 0.037456 4.768960 1.279000 0.031754 0.031166 0.662634 -0.747621
1540822888.006888866424561 0.008689 4.710399 1.291136 0.033351 0.033092 0.655456 -0.753771
1540822888.040162801742554 -0.025575 4.667807 1.313993 0.034681 0.034776 0.648524 -0.759608
1540822888.073294878005981 -0.058013 4.635681 1.343674 0.035134 0.035275 0.642019 -0.765071
1540822888.106492757797241 -0.090735 4.612462 1.376212 0.035058 0.034840 0.635672 -0.770375
1540822888.139623880386353 -0.121959 4.576250 1.402668 0.035413 0.034304 0.630139 -0.774916
1540822888.172754764556885 -0.149885 4.532857 1.426053 0.035777 0.034485 0.625185 -0.778893
1540822888.205925703048706 -0.179170 4.495652 1.453071 0.037103 0.034757 0.620997 -0.782162
1540822888.239099740982056 -0.209340 4.471271 1.484826 0.038517 0.035345 0.617159 -0.785100
1540822888.272344827651978 -0.237725 4.457880 1.519287 0.038786 0.035352 0.613569 -0.787895
1540822888.305516004562378 -0.266998 4.434595 1.550917 0.038606 0.035249 0.610648 -0.790174
1540822888.338618040084839 -0.295484 4.402329 1.581715 0.039057 0.035138 0.608540 -0.791782
1540822888.371792554855347 -0.322889 4.380349 1.615401 0.038958 0.035428 0.606165 -0.793594
1540822888.405097961425781 -0.351325 4.353705 1.649154 0.038740 0.035869 0.604013 -0.795224
1540822888.471309661865234 -0.403127 4.314283 1.718739 0.038530 0.035853 0.600767 -0.797690
1540822888.504552841186523 -0.433405 4.283659 1.753676 0.038370 0.035862 0.600287 -0.798058
1540822888.537656784057617 -0.458293 4.270499 1.790905 0.038600 0.035563 0.599661 -0.798531
1540822888.570829868316650 -0.485518 4.249918 1.827063 0.038827 0.035943 0.599422 -0.798683
1540822888.604042768478394 -0.513086 4.227220 1.862765 0.038184 0.038176 0.599436 -0.798599
1540822888.637236833572388 -0.539935 4.209468 1.898375 0.035356 0.041317 0.599313 -0.798666
1540822888.670432806015015 -0.563449 4.198940 1.932480 0.032545 0.043157 0.599238 -0.798744
1540822888.703595876693726 -0.591006 4.193984 1.966099 0.031414 0.043529 0.599380 -0.798663
1540822888.736772060394287 -0.621326 4.186428 1.998484 0.031593 0.042902 0.599791 -0.798381
1540822888.803040981292725 -0.671508 4.180657 2.058861 0.031630 0.040446 0.600351 -0.798087
1540822888.836212158203125 -0.698029 4.178246 2.086947 0.030882 0.039353 0.600450 -0.798096
1540822888.869387388229370 -0.727125 4.170866 2.113320 0.030506 0.037442 0.600394 -0.798245
1540822888.902561187744141 -0.754472 4.165326 2.138375 0.028713 0.034625 0.599671 -0.798982
1540822888.935731887817383 -0.779884 4.163937 2.162107 0.025269 0.030034 0.598068 -0.800484
1540822888.968906879425049 -0.801846 4.168739 2.186200 0.020280 0.023066 0.596172 -0.802269
1540822889.035292863845825 -0.855679 4.166064 2.225967 0.008330 0.005181 0.593745 -0.804594
1540822889.101670742034912 -0.912514 4.158799 2.258399 -0.004248 -0.013410 0.592254 -0.805628
1540822889.134768724441528 -0.941176 4.153010 2.268350 -0.010581 -0.021514 0.591515 -0.805937
1540822889.201115846633911 -1.002483 4.139310 2.286964 -0.019450 -0.031520 0.590003 -0.806551
1540822889.234289884567261 -1.034268 4.133448 2.292964 -0.020167 -0.033146 0.589319 -0.806969
1540822889.267534971237183 -1.067044 4.121897 2.304827 -0.020271 -0.033300 0.588060 -0.807877
1540822889.300635814666748 -1.096829 4.110899 2.319511 -0.019921 -0.033980 0.586193 -0.809213
1540822889.333807945251465 -1.127299 4.097837 2.336272 -0.019603 -0.035353 0.584175 -0.810620
1540822889.367027759552002 -1.158595 4.084375 2.352228 -0.018127 -0.037153 0.582242 -0.811964
1540822889.400156021118164 -1.186835 4.071180 2.369152 -0.015949 -0.039162 0.579960 -0.813547
1540822889.433327913284302 -1.215823 4.057282 2.385764 -0.013828 -0.040451 0.577898 -0.814989
1540822889.466511964797974 -1.242705 4.043541 2.402423 -0.012748 -0.040525 0.575850 -0.816451
1540822889.499745845794678 -1.267681 4.027858 2.419060 -0.012263 -0.040032 0.574176 -0.817661
1540822889.566019773483276 -1.314722 3.995104 2.452448 -0.011912 -0.038954 0.571609 -0.819514
1540822889.599191904067993 -1.337130 3.977743 2.468740 -0.011785 -0.038286 0.570335 -0.820435
1540822889.632364988327026 -1.360869 3.959803 2.483572 -0.011368 -0.037890 0.569139 -0.821289
1540822889.665538787841797 -1.382003 3.941589 2.498191 -0.011388 -0.038207 0.568129 -0.821973
1540822889.698753833770752 -1.404151 3.922034 2.513393 -0.012160 -0.040087 0.567327 -0.822426
1540822889.731883764266968 -1.426354 3.901207 2.528915 -0.014146 -0.043318 0.566675 -0.822680
1540822889.765060424804688 -1.448217 3.881079 2.543443 -0.016942 -0.047181 0.566031 -0.822858
1540822889.798270940780640 -1.467364 3.862369 2.553934 -0.019877 -0.050604 0.565392 -0.823028
1540822889.831444978713989 -1.478907 3.841689 2.561361 -0.021667 -0.053071 0.564985 -0.823107
1540822889.864616870880127 -1.496097 3.819792 2.570422 -0.022192 -0.053616 0.564791 -0.823191
1540822889.897789716720581 -1.514316 3.798042 2.579402 -0.021926 -0.052870 0.564662 -0.823335
1540822889.930922746658325 -1.532669 3.774865 2.589635 -0.020555 -0.052301 0.564438 -0.823561
1540822889.964094877243042 -1.550374 3.749394 2.601414 -0.019539 -0.052050 0.564359 -0.823655
1540822889.997267723083496 -1.566710 3.722951 2.612806 -0.019867 -0.052736 0.564159 -0.823741
1540822890.030440807342529 -1.579852 3.695094 2.624167 -0.020864 -0.054466 0.564021 -0.823698
1540822890.063613653182983 -1.601162 3.665756 2.636073 -0.022365 -0.055802 0.563668 -0.823811
1540822890.096786737442017 -1.619879 3.635816 2.645529 -0.023390 -0.057173 0.562941 -0.824185
1540822890.130001068115234 -1.635376 3.607672 2.650532 -0.024023 -0.057656 0.561953 -0.824807
1540822890.163172960281372 -1.647143 3.580553 2.653983 -0.024132 -0.057273 0.560490 -0.825826
1540822890.196346998214722 -1.659617 3.551586 2.655988 -0.023592 -0.056217 0.558778 -0.827073
1540822890.229519844055176 -1.671575 3.520969 2.657995 -0.022905 -0.055139 0.556841 -0.828471
1540822890.262651920318604 -1.688252 3.486089 2.662325 -0.022551 -0.054412 0.554739 -0.829937
1540822890.295871973037720 -1.706860 3.448453 2.666547 -0.022228 -0.054097 0.552253 -0.831623
1540822890.328998804092407 -1.714606 3.416617 2.662296 -0.021824 -0.053816 0.549678 -0.833356
1540822890.362212896347046 -1.723960 3.382353 2.657415 -0.021499 -0.053552 0.547064 -0.835099
1540822890.395385026931763 -1.735150 3.344767 2.653065 -0.021015 -0.053291 0.544396 -0.836870
1540822890.428517103195190 -1.740004 3.311239 2.642518 -0.020608 -0.052690 0.541792 -0.838606
1540822890.461690902709961 -1.740050 3.279101 2.627053 -0.020257 -0.051697 0.539099 -0.840410
1540822890.494865179061890 -1.744142 3.242702 2.612008 -0.019730 -0.050244 0.536537 -0.842149
1540822890.561208963394165 -1.767584 3.156048 2.587405 -0.019216 -0.048473 0.531494 -0.845456
1540822890.594381809234619 -1.772314 3.116526 2.567465 -0.018969 -0.048024 0.528749 -0.847206
1540822890.627555847167969 -1.784621 3.069481 2.551146 -0.019501 -0.047960 0.526041 -0.848882
1540822890.660769939422607 -1.786550 3.029602 2.526009 -0.019246 -0.047383 0.523202 -0.850673
1540822890.727074861526489 -1.794721 2.943995 2.473562 -0.018958 -0.046201 0.516732 -0.854689
1540822890.760343074798584 -1.796905 2.901386 2.443066 -0.018634 -0.045426 0.513155 -0.856890
1540822890.793419837951660 -1.791106 2.863801 2.407500 -0.018060 -0.044905 0.509693 -0.858994
1540822890.826593875885010 -1.795267 2.818448 2.374855 -0.017897 -0.044340 0.506055 -0.861175
1540822890.859869003295898 -1.803321 2.769293 2.342503 -0.017430 -0.044033 0.502334 -0.863376
1540822890.892939805984497 -1.812527 2.718850 2.308660 -0.017206 -0.043649 0.498561 -0.865584
1540822890.926111936569214 -1.819999 2.668212 2.272540 -0.017646 -0.042926 0.494173 -0.868124
1540822890.959284782409668 -1.817719 2.623782 2.231247 -0.017160 -0.041964 0.489058 -0.871072
1540822890.992557764053345 -1.822096 2.574013 2.191320 -0.017034 -0.040861 0.483694 -0.874117
1540822891.025720834732056 -1.821657 2.527021 2.149215 -0.016792 -0.039911 0.478372 -0.877089
1540822891.058803796768188 -1.820114 2.480165 2.105502 -0.016430 -0.039344 0.472889 -0.880090
1540822891.092017650604248 -1.811774 2.438093 2.058884 -0.015356 -0.039797 0.467696 -0.882859
1540822891.125149726867676 -1.805405 2.394057 2.013811 -0.014430 -0.039940 0.462142 -0.885789
1540822891.158411264419556 -1.797557 2.349852 1.967836 -0.014438 -0.039390 0.456682 -0.888640
1540822891.191497087478638 -1.788586 2.306040 1.920939 -0.013864 -0.038571 0.451327 -0.891417
1540822891.224670886993408 -1.780188 2.262361 1.874956 -0.012787 -0.037592 0.446084 -0.894110
1540822891.257944345474243 -1.770357 2.219796 1.828184 -0.011719 -0.036839 0.440834 -0.896756
1540822891.291017055511475 -1.761987 2.175323 1.781849 -0.010240 -0.036513 0.435509 -0.899385
1540822891.324191093444824 -1.754669 2.129418 1.734418 -0.009113 -0.036454 0.430329 -0.901890
1540822891.390534877777100 -1.736684 2.038048 1.640727 -0.007362 -0.036160 0.420203 -0.906680
1540822891.423795938491821 -1.727771 1.992135 1.595387 -0.007203 -0.035354 0.415789 -0.908745
1540822891.490061044692993 -1.702474 1.902687 1.502608 -0.005761 -0.034137 0.408256 -0.912211
1540822891.523312807083130 -1.689015 1.855855 1.456105 -0.005607 -0.033279 0.404441 -0.913941
1540822891.556406021118164 -1.674974 1.808562 1.409718 -0.005101 -0.032405 0.400789 -0.915583
1540822891.622745990753174 -1.654171 1.704353 1.315591 -0.004564 -0.031357 0.392305 -0.919289
1540822891.656008481979370 -1.643197 1.652126 1.270404 -0.003744 -0.031929 0.386292 -0.921816
1540822891.722270250320435 -1.615041 1.553006 1.191210 -0.001116 -0.031318 0.374096 -0.926860
1540822891.755438089370728 -1.598885 1.506267 1.156790 0.001074 -0.030321 0.368885 -0.928980
1540822891.821784019470215 -1.565721 1.408678 1.101424 0.002582 -0.029267 0.360260 -0.932389
1540822891.854957103729248 -1.548960 1.359421 1.074129 0.002629 -0.028905 0.355849 -0.934093
1540822891.888132333755493 -1.532213 1.310789 1.051916 0.002221 -0.028948 0.352128 -0.935501
1540822891.921303272247314 -1.513040 1.260417 1.031453 0.002029 -0.028667 0.347264 -0.937327
1540822891.987587451934814 -1.465620 1.163998 0.987704 0.004946 -0.023186 0.337582 -0.940998
1540822892.020837306976318 -1.438247 1.116363 0.964944 0.007903 -0.016927 0.332222 -0.943016
1540822892.054015159606934 -1.415156 1.065836 0.951616 0.010230 -0.011790 0.326001 -0.945241
1540822892.087106704711914 -1.395459 1.018877 0.950961 0.010308 -0.008933 0.319400 -0.947522
1540822892.120318412780762 -1.374623 0.973599 0.947882 0.009540 -0.007492 0.311842 -0.950057
1540822892.153400659561157 -1.352637 0.930140 0.942112 0.009120 -0.006234 0.303637 -0.952724
1540822892.186586618423462 -1.328888 0.885673 0.934731 0.009598 -0.004340 0.294812 -0.955497
1540822892.219747066497803 -1.305511 0.841796 0.925967 0.011093 -0.001102 0.286234 -0.958095
1540822892.252920389175415 -1.282328 0.798640 0.923418 0.012109 0.002483 0.277841 -0.960547
1540822892.319307565689087 -1.240762 0.720887 0.921431 0.013222 0.007286 0.260595 -0.965330
1540822892.385678768157959 -1.201009 0.645275 0.924009 0.012217 0.005149 0.242882 -0.969965
1540822892.451999425888062 -1.161100 0.572342 0.928248 0.008195 0.005721 0.225232 -0.974254
1540822892.485132455825806 -1.140742 0.535087 0.934563 0.009066 0.006405 0.217307 -0.976040
1540822892.518407344818115 -1.121549 0.498486 0.941190 0.010967 0.005976 0.209431 -0.977744
1540822892.551479339599609 -1.103591 0.462395 0.945772 0.011710 0.005834 0.202784 -0.979136
1540822892.584588766098022 -1.083950 0.418456 0.949038 0.011809 0.005576 0.196568 -0.980403
1540822892.617800235748291 -1.062175 0.371585 0.953042 0.010910 0.005541 0.190408 -0.981629
1540822892.650932312011719 -1.041271 0.334079 0.959457 0.010211 0.005236 0.184228 -0.982817
1540822892.684183359146118 -1.020883 0.297972 0.966126 0.009964 0.005933 0.178335 -0.983901
1540822892.717409372329712 -1.002027 0.261014 0.975348 0.009477 0.007294 0.172373 -0.984959
1540822892.750452280044556 -0.984127 0.227800 0.986939 0.009629 0.008754 0.166271 -0.985994
1540822892.783663511276245 -0.966824 0.196461 0.999388 0.009407 0.009721 0.160734 -0.986905
1540822892.850013971328735 -0.933377 0.132900 1.024396 0.008708 0.010268 0.149820 -0.988622
1540822892.883189439773560 -0.917264 0.099395 1.035819 0.008889 0.011472 0.143920 -0.989483
1540822892.916392326354980 -0.901429 0.068381 1.048109 0.009566 0.012526 0.137415 -0.990388
1540822892.949530363082886 -0.885328 0.036038 1.059647 0.009936 0.013120 0.130670 -0.991289
1540822892.982662200927734 -0.870758 0.008525 1.071915 0.010085 0.012959 0.123750 -0.992178
1540822893.015836000442505 -0.856523 -0.016712 1.082797 0.009964 0.012440 0.116677 -0.993042
