# timestamp(s) tx ty tz qx qy qz qw
1403638130.095097064971924 0.000000 0.000000 -0.000000 -0.021923 -0.835529 -0.000000 0.549009
1403638130.145097017288208 -0.028610 0.005261 0.015992 -0.023924 -0.832919 0.004675 0.552858
1403638130.195097208023071 -0.008186 -0.001298 0.030711 -0.020827 -0.836346 0.005747 0.547776
1403638130.245097160339355 -0.034313 0.000989 0.050816 -0.017102 -0.834206 0.007095 0.551143
1403638130.295097112655640 -0.007150 -0.007621 0.066947 -0.018283 -0.831434 0.011139 0.555212
1403638130.345097064971924 -0.005035 -0.010019 0.095300 -0.023864 -0.820482 0.019130 0.570854
1403638130.395097255706787 -0.001596 -0.009325 0.116872 -0.027077 -0.816208 0.024361 0.576609
1403638130.445096969604492 -0.005976 -0.009229 0.137493 -0.026527 -0.817637 0.027798 0.574451
1403638130.495097160339355 0.002164 -0.009760 0.159972 -0.021405 -0.817662 0.027319 0.574651
1403638130.545097112655640 -0.004307 -0.012614 0.178839 -0.015289 -0.819656 0.023476 0.572170
1403638130.595097064971924 -0.006189 -0.015762 0.195571 -0.012724 -0.820806 0.021110 0.570675
1403638130.645097017288208 -0.007691 -0.019725 0.217539 -0.013745 -0.819287 0.021430 0.572818
1403638130.695097208023071 -0.010666 -0.020082 0.236679 -0.018542 -0.815163 0.025779 0.578361
1403638130.745097160339355 -0.007930 -0.017373 0.257564 -0.027131 -0.809371 0.036050 0.585562
1403638130.795097112655640 -0.007769 -0.010548 0.279248 -0.033761 -0.806204 0.046185 0.588865
1403638130.845097064971924 -0.000491 -0.014462 0.299135 -0.035028 -0.805480 0.050569 0.589421
1403638130.895097255706787 -0.000315 -0.013702 0.309451 -0.035352 -0.804733 0.053607 0.590154
1403638130.945096969604492 0.001819 -0.017503 0.322430 -0.038066 -0.801268 0.053214 0.594718
1403638130.995097160339355 0.005902 -0.020569 0.325176 -0.041940 -0.794898 0.051318 0.603112
1403638131.045097112655640 0.010969 -0.017266 0.329929 -0.045364 -0.789598 0.051179 0.609801
1403638131.095097064971924 0.010048 -0.013027 0.325175 -0.045893 -0.788129 0.049253 0.611818
1403638131.145097017288208 0.013867 -0.012748 0.320980 -0.043217 -0.791136 0.046602 0.608329
1403638131.195097208023071 0.012712 -0.011055 0.309200 -0.036958 -0.797029 0.041496 0.601379
1403638131.245097160339355 0.009382 -0.011671 0.297454 -0.029461 -0.803884 0.034667 0.593043
1403638131.295097112655640 0.006930 -0.013958 0.276492 -0.023891 -0.808761 0.030841 0.586843
1403638131.345097064971924 0.010403 -0.011330 0.259080 -0.021586 -0.811150 0.029001 0.583720
1403638131.395097255706787 0.006984 -0.012913 0.240998 -0.022837 -0.811430 0.028381 0.583314
1403638131.445096969604492 0.003555 -0.009158 0.219050 -0.023621 -0.810707 0.027712 0.584319
1403638131.495097160339355 0.014186 -0.005737 0.207362 -0.021509 -0.811227 0.022397 0.583906
1403638131.545097112655640 0.011724 -0.002604 0.182350 -0.020892 -0.812864 0.021197 0.581693
1403638131.595097064971924 0.016057 0.000916 0.159855 -0.019858 -0.814790 0.020166 0.579065
1403638131.645097017288208 0.016202 0.003879 0.134431 -0.017503 -0.816159 0.018866 0.577254
1403638131.695097208023071 0.030223 0.004363 0.111603 -0.016156 -0.816158 0.016815 0.577359
1403638131.745097160339355 0.024287 0.010111 0.088853 -0.014757 -0.816239 0.015195 0.577325
1403638131.795097112655640 0.020759 0.011039 0.062738 -0.011658 -0.816598 0.009869 0.577004
1403638131.845097064971924 0.064749 0.002996 0.043309 -0.009417 -0.817574 0.004549 0.575728
1403638131.895097255706787 0.060594 0.003862 0.015945 -0.007981 -0.817994 0.001018 0.575171
1403638131.945096969604492 0.060656 0.004584 -0.000965 -0.007216 -0.818378 -0.000725 0.574635
1403638131.995097160339355 0.095307 0.005346 -0.013831 -0.001906 -0.819982 -0.005228 0.572362
1403638132.045097112655640 0.068784 0.009063 -0.025998 0.006001 -0.822745 -0.009904 0.568293
1403638132.095097064971924 0.027124 0.018673 -0.031341 0.013815 -0.826400 -0.014237 0.562734
1403638132.145097017288208 0.009497 0.022029 -0.026965 0.019242 -0.828120 -0.015789 0.559997
1403638132.195097208023071 -0.004423 0.021320 -0.020565 0.020076 -0.827156 -0.014360 0.561431
1403638132.245097160339355 0.011504 0.018418 0.004283 0.017057 -0.823080 -0.009026 0.567597
1403638132.295097112655640 -0.006605 0.018232 0.021982 0.013005 -0.818510 -0.002533 0.574339
1403638132.345097064971924 0.006780 0.011457 0.052151 0.010906 -0.815389 0.001100 0.578810
1403638132.395097255706787 0.010979 0.008419 0.082375 0.007856 -0.814206 0.009736 0.580442
1403638132.445096969604492 0.017701 0.004934 0.111558 0.004185 -0.811144 0.017967 0.584556
1403638132.495097160339355 0.016054 0.004706 0.141267 -0.002662 -0.805571 0.029041 0.591781
1403638132.545097112655640 0.014863 0.005034 0.169740 -0.010059 -0.797962 0.038846 0.601371
1403638132.595097064971924 0.015152 0.007253 0.194962 -0.016400 -0.790733 0.047419 0.610101
1403638132.645097017288208 0.018761 0.001989 0.222834 -0.019534 -0.788082 0.052227 0.613039
1403638132.695097208023071 0.022043 0.000314 0.245521 -0.019914 -0.791358 0.054062 0.608632
1403638132.745097160339355 0.023115 -0.007291 0.263765 -0.020058 -0.795330 0.055705 0.603278
1403638132.795097112655640 0.023235 -0.016009 0.277227 -0.022144 -0.796577 0.056792 0.601456
1403638132.845097064971924 0.022872 -0.021558 0.284507 -0.024625 -0.793579 0.058902 0.605109
1403638132.895097255706787 0.024863 -0.026338 0.289433 -0.030038 -0.788562 0.062325 0.611052
1403638132.945096969604492 0.025377 -0.024675 0.290479 -0.032401 -0.783930 0.066393 0.616438
1403638132.995097160339355 0.026342 -0.024468 0.284775 -0.030328 -0.781754 0.068763 0.619041
1403638133.045097112655640 0.028684 -0.024271 0.279694 -0.023386 -0.783569 0.065673 0.617381
1403638133.095097064971924 0.026959 -0.019439 0.268177 -0.016237 -0.787007 0.059449 0.613858
1403638133.145097017288208 0.026583 -0.009859 0.257991 -0.013601 -0.790025 0.055094 0.610443
1403638133.195097208023071 0.026272 -0.001146 0.247103 -0.014747 -0.791423 0.048234 0.609184
1403638133.245097160339355 0.023958 0.016062 0.233264 -0.019528 -0.791785 0.042371 0.609016
1403638133.295097112655640 0.024471 0.032489 0.220508 -0.024641 -0.792648 0.032678 0.608304
1403638133.345097064971924 0.028644 0.049412 0.206681 -0.028343 -0.795523 0.023864 0.604789
1403638133.395097255706787 0.030148 0.073171 0.194218 -0.032097 -0.798551 0.015220 0.600878
1403638133.445096969604492 0.035652 0.098486 0.183262 -0.037506 -0.800889 0.004221 0.597622
1403638133.495097160339355 0.037221 0.122399 0.172498 -0.046026 -0.801444 -0.004192 0.596282
1403638133.545097112655640 0.044877 0.145813 0.161658 -0.057526 -0.801181 -0.009896 0.595569
1403638133.595097064971924 0.052257 0.171455 0.150413 -0.068297 -0.802044 -0.011400 0.593237
1403638133.645097017288208 0.055826 0.191967 0.136700 -0.077746 -0.803311 -0.011095 0.590359
1403638133.695097208023071 0.064132 0.210559 0.127591 -0.085880 -0.804789 -0.012842 0.587175
1403638133.745097160339355 0.072203 0.231625 0.119658 -0.093554 -0.806029 -0.018242 0.584150
1403638133.795097112655640 0.078016 0.246725 0.109812 -0.100047 -0.806299 -0.026083 0.582402
1403638133.845097064971924 0.087255 0.263267 0.101897 -0.104179 -0.807235 -0.035560 0.579874
1403638133.895097255706787 0.085232 0.275454 0.090989 -0.108151 -0.808221 -0.041838 0.577349
1403638133.945096969604492 0.082209 0.280980 0.083600 -0.111991 -0.807984 -0.046246 0.576612
1403638133.995097160339355 0.074287 0.281439 0.078873 -0.113874 -0.807052 -0.049090 0.577313
1403638134.045097112655640 0.064881 0.280355 0.076935 -0.112797 -0.807569 -0.050716 0.576660
1403638134.095097064971924 0.055748 0.278409 0.073871 -0.108434 -0.810209 -0.051916 0.573680
1403638134.145097017288208 0.044269 0.267411 0.076949 -0.103605 -0.812610 -0.053660 0.571009
1403638134.195097208023071 0.022573 0.253560 0.075304 -0.102371 -0.811804 -0.054783 0.572270
1403638134.245097160339355 0.010291 0.240419 0.079399 -0.105920 -0.806620 -0.053340 0.579051
1403638134.295097112655640 -0.007724 0.222968 0.083614 -0.109902 -0.802452 -0.051279 0.584262
1403638134.345097064971924 -0.025038 0.205843 0.087178 -0.112795 -0.802302 -0.047197 0.584262
1403638134.395097255706787 -0.049482 0.189460 0.085402 -0.114698 -0.803651 -0.042240 0.582414
1403638134.445096969604492 -0.061608 0.168311 0.087734 -0.116390 -0.805139 -0.038452 0.580281
1403638134.495097160339355 -0.077857 0.147655 0.091388 -0.118872 -0.804721 -0.034826 0.580587
1403638134.545097112655640 -0.089955 0.127896 0.094618 -0.122293 -0.803858 -0.030316 0.581324
1403638134.595097064971924 -0.098437 0.107254 0.097463 -0.124148 -0.802766 -0.024351 0.582718
1403638134.645097017288208 -0.109655 0.084473 0.097556 -0.124621 -0.803870 -0.021403 0.581210
1403638134.695097208023071 -0.117847 0.059957 0.098362 -0.123332 -0.806273 -0.019657 0.578210
1403638134.745097160339355 -0.126724 0.038030 0.100495 -0.121182 -0.809803 -0.017383 0.573787
1403638134.795097112655640 -0.131911 0.012916 0.105300 -0.118127 -0.813778 -0.017438 0.568777
1403638134.845097064971924 -0.139663 -0.008692 0.112090 -0.115433 -0.816181 -0.019018 0.565828
1403638134.895097255706787 -0.144096 -0.029432 0.118259 -0.114277 -0.816060 -0.020256 0.566194
1403638134.945096969604492 -0.149492 -0.046317 0.120856 -0.114380 -0.813682 -0.020568 0.569576
1403638134.995097160339355 -0.153110 -0.064514 0.123245 -0.114841 -0.811919 -0.020620 0.571991
1403638135.045097112655640 -0.158780 -0.082111 0.123878 -0.111779 -0.813232 -0.022747 0.570651
1403638135.095097064971924 -0.160510 -0.094636 0.121576 -0.107462 -0.816134 -0.024409 0.567258
1403638135.145097017288208 -0.160852 -0.107927 0.121123 -0.103257 -0.818717 -0.024946 0.564286
1403638135.195097208023071 -0.159570 -0.115841 0.117922 -0.100608 -0.820688 -0.026074 0.561845
1403638135.245097160339355 -0.158396 -0.118992 0.109932 -0.099001 -0.822586 -0.027209 0.559295
1403638135.295097112655640 -0.156800 -0.118803 0.102754 -0.098117 -0.822344 -0.028871 0.559723
1403638135.345097064971924 -0.154514 -0.114737 0.095934 -0.099150 -0.820697 -0.030036 0.561893
1403638135.395097255706787 -0.149781 -0.105811 0.089115 -0.100205 -0.819558 -0.032335 0.563238
1403638135.445096969604492 -0.139180 -0.094003 0.086465 -0.100166 -0.820285 -0.037512 0.561865
1403638135.495097160339355 -0.134489 -0.083231 0.080583 -0.099793 -0.821832 -0.041723 0.559368
1403638135.545097112655640 -0.129732 -0.072142 0.076164 -0.100235 -0.824544 -0.044132 0.555098
1403638135.595097064971924 -0.120419 -0.059996 0.078930 -0.100165 -0.826505 -0.049841 0.551699
1403638135.645097017288208 -0.117297 -0.039521 0.073964 -0.102936 -0.825066 -0.053596 0.552989
1403638135.695097208023071 -0.106372 -0.020529 0.073759 -0.109895 -0.821692 -0.055018 0.556523
1403638135.745097160339355 -0.096254 -0.002120 0.072784 -0.117688 -0.818368 -0.053612 0.559955
1403638135.795097112655640 -0.085080 0.017822 0.072332 -0.122804 -0.817813 -0.052173 0.559802
1403638135.845097064971924 -0.073126 0.034502 0.071344 -0.122270 -0.819249 -0.055175 0.557527
1403638135.895097255706787 -0.058842 0.047398 0.070132 -0.118876 -0.823053 -0.062225 0.551887
1403638135.945096969604492 -0.045165 0.064073 0.072078 -0.115705 -0.827117 -0.067864 0.545787
1403638135.995097160339355 -0.030966 0.077255 0.079534 -0.114959 -0.828584 -0.073680 0.542958
1403638136.045097112655640 -0.023754 0.098415 0.084950 -0.116119 -0.826301 -0.079495 0.545366
1403638136.095097064971924 -0.006800 0.114957 0.096932 -0.120602 -0.820980 -0.083067 0.551858
1403638136.145097017288208 0.005591 0.135091 0.105976 -0.127557 -0.815227 -0.082784 0.558822
1403638136.195097208023071 0.020679 0.162194 0.112898 -0.133613 -0.809973 -0.080968 0.565275
1403638136.245097160339355 0.035470 0.181446 0.112714 -0.137526 -0.807909 -0.081835 0.567162
1403638136.295097112655640 0.048116 0.203439 0.108863 -0.138898 -0.806957 -0.086950 0.567421
1403638136.345097064971924 0.064176 0.225628 0.105276 -0.139580 -0.807516 -0.092886 0.565515
1403638136.395097255706787 0.074613 0.241005 0.099555 -0.140025 -0.808756 -0.096128 0.563087
1403638136.445096969604492 0.083985 0.254993 0.096523 -0.140068 -0.810322 -0.100021 0.560138
1403638136.495097160339355 0.084969 0.260280 0.090227 -0.142342 -0.811055 -0.101769 0.558185
1403638136.545097112655640 0.090119 0.263682 0.092233 -0.148355 -0.811657 -0.099865 0.556086
1403638136.595097064971924 0.084367 0.261925 0.092276 -0.153155 -0.811052 -0.095902 0.556365
1403638136.645097017288208 0.081095 0.253667 0.098365 -0.155242 -0.810120 -0.089521 0.558204
1403638136.695097208023071 0.076175 0.243601 0.103492 -0.155115 -0.809693 -0.082697 0.559909
1403638136.745097160339355 0.075305 0.230217 0.111854 -0.153301 -0.810085 -0.075572 0.560847
1403638136.795097112655640 0.073510 0.214648 0.121043 -0.151064 -0.809482 -0.065943 0.563534
1403638136.845097064971924 0.059518 0.193709 0.125708 -0.150604 -0.806932 -0.054443 0.568520
1403638136.895097255706787 0.058391 0.173184 0.131049 -0.152304 -0.802166 -0.041926 0.575826
1403638136.945096969604492 0.054850 0.151541 0.134417 -0.154258 -0.796256 -0.031492 0.584114
1403638136.995097160339355 0.043730 0.130346 0.128809 -0.154958 -0.792037 -0.024087 0.589988
1403638137.045097112655640 0.038528 0.108096 0.122390 -0.153483 -0.790825 -0.018342 0.592201
1403638137.095097064971924 0.036379 0.090897 0.111753 -0.149337 -0.792819 -0.017317 0.590624
1403638137.145097017288208 0.033196 0.077062 0.092766 -0.143397 -0.796424 -0.018885 0.587188
1403638137.195097208023071 0.028611 0.056958 0.073955 -0.136478 -0.801539 -0.020302 0.581805
1403638137.245097160339355 0.039622 0.036935 0.058601 -0.129205 -0.807233 -0.022622 0.575473
1403638137.295097112655640 0.035309 0.018048 0.032270 -0.123000 -0.811090 -0.024299 0.571326
1403638137.345097064971924 0.028797 0.006722 0.017101 -0.119723 -0.814279 -0.023673 0.567499
1403638137.395097255706787 0.060360 -0.018885 -0.011629 -0.116200 -0.816899 -0.026781 0.564320
1403638137.445096969604492 0.109920 -0.035856 -0.019636 -0.113021 -0.820771 -0.031112 0.559100
1403638137.495097160339355 0.050475 -0.018287 -0.046578 -0.108473 -0.825182 -0.036540 0.553149
1403638137.545097112655640 0.262534 -0.130550 -0.067497 -0.103609 -0.830083 -0.042767 0.546259
1403638137.595097064971924 0.253584 -0.097123 -0.078727 -0.097454 -0.833881 -0.050831 0.540889
1403638137.645097017288208 0.223179 -0.146960 -0.105679 -0.097769 -0.835693 -0.054618 0.537657
1403638137.695097208023071 0.227387 -0.342983 -0.160266 -0.100158 -0.833617 -0.060394 0.539819
1403638137.745097160339355 0.249895 -0.128453 -0.134019 -0.101117 -0.833488 -0.060741 0.539800
1403638137.795097112655640 0.424160 -0.187755 -0.105748 -0.103389 -0.834519 -0.061396 0.537699
1403638137.845097064971924 0.312019 -0.140102 -0.152772 -0.103689 -0.835795 -0.063200 0.535445
1403638137.895097255706787 0.192665 -0.069360 -0.213918 -0.100328 -0.839223 -0.067358 0.530190
1403638137.945096969604492 0.356321 -0.134814 -0.169790 -0.097119 -0.844247 -0.070259 0.522377
1403638137.995097160339355 0.224403 -0.100613 -0.141033 -0.093979 -0.848987 -0.071600 0.515037
1403638138.045097112655640 0.127497 -0.041549 -0.177681 -0.090872 -0.849958 -0.073200 0.513766
1403638138.095097064971924 0.147568 -0.072056 -0.159658 -0.090752 -0.849126 -0.073287 0.515149
1403638138.145097017288208 0.024633 -0.026271 -0.183487 -0.094984 -0.843696 -0.071995 0.523424
1403638138.195097208023071 0.026839 -0.021835 -0.176219 -0.097940 -0.840892 -0.070911 0.527523
1403638138.245097160339355 0.084741 -0.042424 -0.167410 -0.099883 -0.839142 -0.069268 0.530156
1403638138.295097112655640 0.012627 -0.013978 -0.184826 -0.100787 -0.836818 -0.069275 0.533647
1403638138.345097064971924 0.005949 -0.018737 -0.188477 -0.100834 -0.834739 -0.070179 0.536766
1403638138.395097255706787 0.010297 -0.020427 -0.190864 -0.101425 -0.831972 -0.070227 0.540928
1403638138.445096969604492 0.008278 -0.017904 -0.193693 -0.100661 -0.831811 -0.070860 0.541237
1403638138.495097160339355 0.007141 -0.016084 -0.190266 -0.100396 -0.831791 -0.071140 0.541279
1403638138.545097112655640 0.007036 -0.018863 -0.191112 -0.100717 -0.831675 -0.070760 0.541448
1403638138.595097064971924 0.005925 -0.018271 -0.190491 -0.100550 -0.831796 -0.071020 0.541258
1403638138.645097017288208 0.005791 -0.019780 -0.190787 -0.100946 -0.831703 -0.070673 0.541374
1403638138.695097208023071 0.005261 -0.019770 -0.191472 -0.101196 -0.831661 -0.070438 0.541422
1403638138.745097160339355 0.003532 -0.017947 -0.190291 -0.100896 -0.831669 -0.070609 0.541443
1403638138.795097112655640 0.004065 -0.018350 -0.190115 -0.100692 -0.831791 -0.070591 0.541297
1403638138.845097064971924 0.003266 -0.017441 -0.189968 -0.100359 -0.831778 -0.070790 0.541352
1403638138.895097255706787 0.004480 -0.021685 -0.189155 -0.101785 -0.831572 -0.069440 0.541577
1403638138.945096969604492 0.001975 -0.016418 -0.189459 -0.100811 -0.831862 -0.070594 0.541165
1403638138.995097160339355 0.004146 -0.021243 -0.188714 -0.101431 -0.831741 -0.069784 0.541340
1403638139.045097112655640 0.002381 -0.017559 -0.188437 -0.101042 -0.831758 -0.070320 0.541317
1403638139.095097064971924 0.002449 -0.019183 -0.188299 -0.101228 -0.831812 -0.070112 0.541227
1403638139.145097017288208 0.003032 -0.019138 -0.188339 -0.101280 -0.831756 -0.070016 0.541315
1403638139.195097208023071 0.001913 -0.018055 -0.188336 -0.101008 -0.831782 -0.070411 0.541275
1403638139.245097160339355 0.003070 -0.020505 -0.188085 -0.101455 -0.831762 -0.069845 0.541296
1403638139.295097112655640 0.001855 -0.017709 -0.187884 -0.100921 -0.831817 -0.070468 0.541229
1403638139.345097064971924 0.002956 -0.020188 -0.187492 -0.101368 -0.831798 -0.069886 0.541251
1403638139.395097255706787 0.002425 -0.017667 -0.187583 -0.101025 -0.831803 -0.070292 0.541255
1403638139.445096969604492 0.002914 -0.018854 -0.187669 -0.101208 -0.831772 -0.070057 0.541299
1403638139.495097160339355 0.002570 -0.018160 -0.187822 -0.101141 -0.831789 -0.070169 0.541271
1403638139.545097112655640 0.002579 -0.018258 -0.187659 -0.101110 -0.831800 -0.070187 0.541258
1403638139.595097064971924 0.002618 -0.018810 -0.187850 -0.101174 -0.831788 -0.070146 0.541269
1403638139.645097017288208 0.002466 -0.018254 -0.187963 -0.101094 -0.831795 -0.070249 0.541260
1403638139.695097208023071 0.003058 -0.018950 -0.187880 -0.101197 -0.831780 -0.070143 0.541277
1403638139.745097160339355 0.002256 -0.018009 -0.187909 -0.101108 -0.831785 -0.070240 0.541274
1403638139.795097112655640 0.002763 -0.019060 -0.187750 -0.101218 -0.831799 -0.070084 0.541251
1403638139.845097064971924 0.002710 -0.018399 -0.188012 -0.101071 -0.831814 -0.070306 0.541228
1403638139.895097255706787 0.002858 -0.018778 -0.188439 -0.101193 -0.831770 -0.070192 0.541287
1403638139.945096969604492 0.002993 -0.018051 -0.188560 -0.101161 -0.831800 -0.070169 0.541249
1403638139.995097160339355 0.002614 -0.017993 -0.188543 -0.101168 -0.831795 -0.070141 0.541260
1403638140.045097112655640 0.002625 -0.017956 -0.188339 -0.101171 -0.831809 -0.070120 0.541240
1403638140.095097064971924 0.002870 -0.017635 -0.187924 -0.101135 -0.831805 -0.070178 0.541246
1403638140.145097017288208 0.002654 -0.017658 -0.188339 -0.101145 -0.831793 -0.070168 0.541264
1403638140.195097208023071 0.003007 -0.017547 -0.188518 -0.101150 -0.831784 -0.070153 0.541279
1403638140.245097160339355 0.002478 -0.018203 -0.188320 -0.101192 -0.831783 -0.070156 0.541272
1403638140.295097112655640 0.002173 -0.017774 -0.188049 -0.101176 -0.831826 -0.070148 0.541209
1403638140.345097064971924 0.002271 -0.017987 -0.187989 -0.101180 -0.831819 -0.070151 0.541219
1403638140.395097255706787 0.001979 -0.018037 -0.188266 -0.101150 -0.831812 -0.070205 0.541229
1403638140.445096969604492 0.002648 -0.018234 -0.188678 -0.101110 -0.831819 -0.070261 0.541218
1403638140.495097160339355 0.002948 -0.018183 -0.189547 -0.101148 -0.831825 -0.070185 0.541212
1403638140.545097112655640 0.002773 -0.018225 -0.189006 -0.101151 -0.831834 -0.070185 0.541197
1403638140.595097064971924 0.002646 -0.018679 -0.188997 -0.101202 -0.831828 -0.070201 0.541195
1403638140.645097017288208 0.002988 -0.018915 -0.188774 -0.101127 -0.831861 -0.070268 0.541149
1403638140.695097208023071 0.002954 -0.018758 -0.188751 -0.101080 -0.831875 -0.070301 0.541132
1403638140.745097160339355 0.002921 -0.018706 -0.188945 -0.101155 -0.831865 -0.070225 0.541143
1403638140.795097112655640 0.002755 -0.018585 -0.188756 -0.101157 -0.831880 -0.070231 0.541119
1403638140.845097064971924 0.002791 -0.018583 -0.188592 -0.101194 -0.831875 -0.070193 0.541125
1403638140.895097255706787 0.002660 -0.018305 -0.188735 -0.101154 -0.831879 -0.070205 0.541126
1403638140.945096969604492 0.002718 -0.018286 -0.188808 -0.101098 -0.831901 -0.070259 0.541095
1403638140.995097160339355 0.003151 -0.018459 -0.188977 -0.101109 -0.831892 -0.070279 0.541104
1403638141.045097112655640 0.002979 -0.018328 -0.189217 -0.101097 -0.831884 -0.070274 0.541119
1403638141.095097064971924 0.003221 -0.018341 -0.189777 -0.101121 -0.831858 -0.070257 0.541156
1403638141.145097017288208 0.003528 -0.018145 -0.189598 -0.101079 -0.831865 -0.070249 0.541156
1403638141.195097208023071 0.003526 -0.018398 -0.189819 -0.101110 -0.831847 -0.070170 0.541188
1403638141.245097160339355 0.003673 -0.018279 -0.190187 -0.101074 -0.831857 -0.070210 0.541173
1403638141.295097112655640 0.003887 -0.018816 -0.190555 -0.101072 -0.831863 -0.070172 0.541169
1403638141.345097064971924 0.004368 -0.018750 -0.190996 -0.101076 -0.831866 -0.070152 0.541167
1403638141.395097255706787 0.004414 -0.019095 -0.191444 -0.101079 -0.831852 -0.070126 0.541191
1403638141.445096969604492 0.004826 -0.018988 -0.191928 -0.101071 -0.831858 -0.070089 0.541187
1403638141.495097160339355 0.005323 -0.019304 -0.192390 -0.101064 -0.831867 -0.070055 0.541180
1403638141.545097112655640 0.005457 -0.019579 -0.192949 -0.101043 -0.831863 -0.070052 0.541190
1403638141.595097064971924 0.005967 -0.019961 -0.193452 -0.101042 -0.831864 -0.070065 0.541187
1403638141.645097017288208 0.006244 -0.020130 -0.194046 -0.101058 -0.831872 -0.070005 0.541180
1403638141.695097208023071 0.006694 -0.020201 -0.194866 -0.101034 -0.831887 -0.070041 0.541156
1403638141.745097160339355 0.007395 -0.020833 -0.195314 -0.101078 -0.831875 -0.069980 0.541175
1403638141.795097112655640 0.007729 -0.020829 -0.196009 -0.101022 -0.831893 -0.070012 0.541153
1403638141.845097064971924 0.008668 -0.012531 -0.193234 -0.100948 -0.832396 -0.070742 0.540298
1403638141.895097255706787 0.007720 -0.011774 -0.192814 -0.100870 -0.832412 -0.070781 0.540283
1403638141.945096969604492 0.007466 -0.011116 -0.192800 -0.100889 -0.832414 -0.070771 0.540278
1403638141.995097160339355 0.008148 -0.009772 -0.191944 -0.100750 -0.832442 -0.070617 0.540281
1403638142.045097112655640 0.007956 -0.009840 -0.191499 -0.100811 -0.832437 -0.070606 0.540279
1403638142.095097064971924 0.007842 -0.009444 -0.191810 -0.100763 -0.832436 -0.070590 0.540290
1403638142.145097017288208 0.008262 -0.010191 -0.192045 -0.100823 -0.832424 -0.070502 0.540310
1403638142.195097208023071 0.008604 -0.009409 -0.192163 -0.100987 -0.832374 -0.070725 0.540326
1403638142.245097160339355 0.009529 -0.008909 -0.191868 -0.101183 -0.832394 -0.070912 0.540235
1403638142.295097112655640 0.009015 -0.009136 -0.192075 -0.101345 -0.832322 -0.071027 0.540300
1403638142.345097064971924 0.009278 -0.009890 -0.192062 -0.101232 -0.832355 -0.070920 0.540285
1403638142.395097255706787 0.009446 -0.009566 -0.192058 -0.101354 -0.832288 -0.071098 0.540341
1403638142.445096969604492 0.008471 -0.010408 -0.191332 -0.101087 -0.832458 -0.070673 0.540185
1403638142.495097160339355 0.008634 -0.009806 -0.191182 -0.101122 -0.832428 -0.070623 0.540232
1403638142.545097112655640 0.008509 -0.010171 -0.191278 -0.100941 -0.832444 -0.070508 0.540256
1403638142.595097064971924 0.008909 -0.010189 -0.191319 -0.100542 -0.832475 -0.070176 0.540326
1403638142.645097017288208 0.008915 -0.010547 -0.191318 -0.100522 -0.832452 -0.070277 0.540351
1403638142.695097208023071 0.007744 -0.011798 -0.191120 -0.100742 -0.832482 -0.070537 0.540231
1403638142.745097160339355 0.008448 -0.010826 -0.190880 -0.100791 -0.832425 -0.070559 0.540307
1403638142.795097112655640 0.009175 -0.009171 -0.190562 -0.100946 -0.832459 -0.070785 0.540195
1403638142.845097064971924 0.009337 -0.009503 -0.190606 -0.100853 -0.832444 -0.070614 0.540258
1403638142.895097255706787 0.009794 -0.008899 -0.190586 -0.100757 -0.832440 -0.070643 0.540279
1403638142.945096969604492 0.010085 -0.009501 -0.190524 -0.100626 -0.832455 -0.070437 0.540307
1403638142.995097160339355 0.007697 -0.010135 -0.191099 -0.100438 -0.832488 -0.070615 0.540268
1403638143.045097112655640 0.008384 -0.010062 -0.190812 -0.100581 -0.832499 -0.070511 0.540238
1403638143.095097064971924 0.008994 -0.010178 -0.190917 -0.100475 -0.832497 -0.070639 0.540244
1403638143.145097017288208 0.008537 -0.010394 -0.191158 -0.100557 -0.832451 -0.070530 0.540313
1403638143.195097208023071 0.009370 -0.009925 -0.190639 -0.100578 -0.832515 -0.070586 0.540204
1403638143.245097160339355 0.008389 -0.010365 -0.190970 -0.100568 -0.832497 -0.070602 0.540232
1403638143.295097112655640 0.009734 -0.010234 -0.190278 -0.100646 -0.832464 -0.070625 0.540265
1403638143.345097064971924 0.008797 -0.010720 -0.190569 -0.100588 -0.832471 -0.070754 0.540248
1403638143.395097255706787 0.008579 -0.011260 -0.190610 -0.100700 -0.832421 -0.070730 0.540307
1403638143.445096969604492 0.008609 -0.010072 -0.190090 -0.100678 -0.832471 -0.070689 0.540239
1403638143.495097160339355 0.009452 -0.009473 -0.189809 -0.100732 -0.832474 -0.070583 0.540239
1403638143.545097112655640 0.009404 -0.010138 -0.190504 -0.100737 -0.832447 -0.070652 0.540270
1403638143.595097064971924 0.008913 -0.009828 -0.190329 -0.100894 -0.832457 -0.070805 0.540206
1403638143.645097017288208 0.008259 -0.010337 -0.190727 -0.100849 -0.832454 -0.070647 0.540239
1403638143.695097208023071 0.009126 -0.009868 -0.190428 -0.100839 -0.832435 -0.070707 0.540263
1403638143.745097160339355 0.008418 -0.010340 -0.191382 -0.100824 -0.832430 -0.070687 0.540276
1403638143.795097112655640 0.008448 -0.009956 -0.191157 -0.100797 -0.832447 -0.070659 0.540259
1403638143.845097064971924 0.007720 -0.010473 -0.191305 -0.100848 -0.832428 -0.070668 0.540278
1403638143.895097255706787 0.008698 -0.010355 -0.190911 -0.100872 -0.832437 -0.070669 0.540258
1403638143.945096969604492 0.008344 -0.010162 -0.191241 -0.100810 -0.832421 -0.070748 0.540284
1403638143.995097160339355 0.008849 -0.010358 -0.191150 -0.100850 -0.832433 -0.070681 0.540267
1403638144.045097112655640 0.008301 -0.009914 -0.191210 -0.100839 -0.832465 -0.070654 0.540224
1403638144.095097064971924 0.008302 -0.010295 -0.191299 -0.100821 -0.832454 -0.070669 0.540242
1403638144.145097017288208 0.008995 -0.008833 -0.191543 -0.100810 -0.832421 -0.070705 0.540290
1403638144.195097208023071 0.007336 -0.010019 -0.191636 -0.100838 -0.832397 -0.070698 0.540322
1403638144.245097160339355 0.008681 -0.009347 -0.191936 -0.100791 -0.832416 -0.070653 0.540308
1403638144.295097112655640 0.008282 -0.009468 -0.191754 -0.100741 -0.832419 -0.070633 0.540315
1403638144.345097064971924 0.009139 -0.012462 -0.192714 -0.101103 -0.832522 -0.070379 0.540123
1403638144.395097255706787 0.009034 -0.011435 -0.192631 -0.101041 -0.832511 -0.070432 0.540145
1403638144.445096969604492 0.009717 -0.012968 -0.192319 -0.101107 -0.832530 -0.070443 0.540100
1403638144.495097160339355 0.009100 -0.012990 -0.192488 -0.101130 -0.832539 -0.070525 0.540073
1403638144.545097112655640 0.009356 -0.013001 -0.192350 -0.101169 -0.832522 -0.070503 0.540094
1403638144.595097064971924 0.009949 -0.011494 -0.192297 -0.101104 -0.832528 -0.070441 0.540105
1403638144.645097017288208 0.009419 -0.011895 -0.192906 -0.101047 -0.832505 -0.070408 0.540156
1403638144.695097208023071 0.008705 -0.012959 -0.192684 -0.101027 -0.832479 -0.070437 0.540196
1403638144.745097160339355 0.010055 -0.012635 -0.192295 -0.101028 -0.832513 -0.070465 0.540138
1403638144.795097112655640 0.009165 -0.012609 -0.192238 -0.101077 -0.832470 -0.070365 0.540209
1403638144.845097064971924 0.009422 -0.012132 -0.192021 -0.101056 -0.832513 -0.070371 0.540145
1403638144.895097255706787 0.009130 -0.012758 -0.192259 -0.101085 -0.832523 -0.070406 0.540121
1403638144.945096969604492 0.009676 -0.011979 -0.192216 -0.101026 -0.832557 -0.070435 0.540075
1403638144.995097160339355 0.008238 -0.012177 -0.193035 -0.101090 -0.832454 -0.070473 0.540217
1403638145.045097112655640 0.009867 -0.012322 -0.192341 -0.101052 -0.832542 -0.070428 0.540095
1403638145.095097064971924 0.008785 -0.012107 -0.192642 -0.101093 -0.832493 -0.070445 0.540160
1403638145.145097017288208 0.009495 -0.012954 -0.192057 -0.101056 -0.832553 -0.070539 0.540063
1403638145.195097208023071 0.008921 -0.011740 -0.192575 -0.101087 -0.832493 -0.070422 0.540165
1403638145.245097160339355 0.009216 -0.012199 -0.192271 -0.101046 -0.832530 -0.070469 0.540109
1403638145.295097112655640 0.008935 -0.012213 -0.192485 -0.101119 -0.832508 -0.070426 0.540135
1403638145.345097064971924 0.008856 -0.012724 -0.192910 -0.101072 -0.832496 -0.070467 0.540157
1403638145.395097255706787 0.010398 -0.012542 -0.192245 -0.101136 -0.832510 -0.070540 0.540114
1403638145.445096969604492 0.008528 -0.012540 -0.192909 -0.101146 -0.832481 -0.070620 0.540146
1403638145.495097160339355 0.010093 -0.012037 -0.192431 -0.101081 -0.832491 -0.070480 0.540161
1403638145.545097112655640 0.008105 -0.011476 -0.192653 -0.101093 -0.832453 -0.070507 0.540214
1403638145.595097064971924 0.010390 -0.012538 -0.191834 -0.101107 -0.832526 -0.070421 0.540110
1403638145.645097017288208 0.009320 -0.012407 -0.192126 -0.101137 -0.832519 -0.070457 0.540110
1403638145.695097208023071 0.008867 -0.012349 -0.192788 -0.101112 -0.832458 -0.070501 0.540203
1403638145.745097160339355 0.009781 -0.013528 -0.192189 -0.101137 -0.832502 -0.070472 0.540135
1403638145.795097112655640 0.009757 -0.012233 -0.192485 -0.101035 -0.832515 -0.070537 0.540125
1403638145.845097064971924 0.008130 -0.013016 -0.192710 -0.101126 -0.832476 -0.070489 0.540175
1403638145.895097255706787 0.009694 -0.012514 -0.192383 -0.101075 -0.832500 -0.070490 0.540147
1403638145.945096969604492 0.009243 -0.012386 -0.192341 -0.101143 -0.832511 -0.070487 0.540118
1403638145.995097160339355 0.009001 -0.012241 -0.192672 -0.101053 -0.832484 -0.070456 0.540180
1403638146.045097112655640 0.009450 -0.012207 -0.192006 -0.101061 -0.832504 -0.070386 0.540157
1403638146.095097064971924 0.009467 -0.012368 -0.191838 -0.101019 -0.832531 -0.070414 0.540119
1403638146.145097017288208 0.008936 -0.012069 -0.192435 -0.101065 -0.832483 -0.070434 0.540183
1403638146.195097208023071 0.009678 -0.012271 -0.191843 -0.101031 -0.832489 -0.070481 0.540173
1403638146.245097160339355 0.009698 -0.013048 -0.191516 -0.101044 -0.832519 -0.070499 0.540122
1403638146.295097112655640 0.008483 -0.012053 -0.191748 -0.101115 -0.832485 -0.070445 0.540169
1403638146.345097064971924 0.009527 -0.012086 -0.191474 -0.101114 -0.832498 -0.070400 0.540154
1403638146.395097255706787 0.008578 -0.012700 -0.191588 -0.101075 -0.832485 -0.070494 0.540170
1403638146.445096969604492 0.008744 -0.012871 -0.191997 -0.101137 -0.832440 -0.070475 0.540230
1403638146.495097160339355 0.010106 -0.012412 -0.190590 -0.101107 -0.832552 -0.070404 0.540072
1403638146.545097112655640 0.008937 -0.012596 -0.191930 -0.101114 -0.832464 -0.070475 0.540197
1403638146.595097064971924 0.008363 -0.012691 -0.193544 -0.101017 -0.832318 -0.070620 0.540421
1403638146.645097017288208 0.010185 -0.012033 -0.189952 -0.101116 -0.832555 -0.070423 0.540062
1403638146.695097208023071 0.008873 -0.011878 -0.190466 -0.101149 -0.832540 -0.070420 0.540080
1403638146.745097160339355 0.009577 -0.012391 -0.189284 -0.101107 -0.832565 -0.070414 0.540050
1403638146.795097112655640 0.008748 -0.012446 -0.191103 -0.101114 -0.832455 -0.070414 0.540219
1403638146.845097064971924 0.009924 -0.013058 -0.189868 -0.101053 -0.832559 -0.070477 0.540062
1403638146.895097255706787 0.008077 -0.012417 -0.191690 -0.101041 -0.832420 -0.070497 0.540276
1403638146.945096969604492 0.009850 -0.012972 -0.190241 -0.101079 -0.832540 -0.070379 0.540100
1403638146.995097160339355 0.009586 -0.012813 -0.189787 -0.101129 -0.832563 -0.070453 0.540044
1403638147.045097112655640 0.009311 -0.013671 -0.191003 -0.101004 -0.832553 -0.070487 0.540079
1403638147.095097064971924 0.009699 -0.013674 -0.190748 -0.101070 -0.832643 -0.070206 0.539964
1403638147.145097017288208 0.008976 -0.015571 -0.191321 -0.101148 -0.832722 -0.070063 0.539847
1403638147.195097208023071 0.008903 -0.012862 -0.192480 -0.101041 -0.832692 -0.070197 0.539895
1403638147.245097160339355 0.008241 -0.014871 -0.193396 -0.101108 -0.832633 -0.070146 0.539981
1403638147.295097112655640 0.007968 -0.013497 -0.193525 -0.101121 -0.832615 -0.070175 0.540002
1403638147.345097064971924 0.007451 -0.013577 -0.194025 -0.101102 -0.832519 -0.070300 0.540137
1403638147.395097255706787 0.009201 -0.014458 -0.193512 -0.101101 -0.832481 -0.070208 0.540209
1403638147.445096969604492 0.009732 -0.011095 -0.193274 -0.101117 -0.832758 -0.070090 0.539793
1403638147.495097160339355 0.008509 -0.010417 -0.192831 -0.100869 -0.832334 -0.070008 0.540504
1403638147.545097112655640 0.008423 -0.011553 -0.192618 -0.101236 -0.832347 -0.069921 0.540426
1403638147.595097064971924 0.009254 -0.011799 -0.187586 -0.100864 -0.832009 -0.069585 0.541059
1403638147.645097017288208 0.009580 -0.008480 -0.187330 -0.100343 -0.832426 -0.069620 0.540510
1403638147.695097208023071 0.005643 -0.012339 -0.185850 -0.100137 -0.832300 -0.069101 0.540810
1403638147.745097160339355 -0.003767 -0.008267 -0.185235 -0.100084 -0.831728 -0.068820 0.541734
1403638147.795097112655640 -0.032321 -0.001811 -0.185696 -0.100675 -0.829783 -0.069787 0.544477
1403638147.845097064971924 -0.071934 -0.000849 -0.179985 -0.102262 -0.826889 -0.071312 0.548371
1403638147.895097255706787 -0.087158 0.004156 -0.169532 -0.103146 -0.822414 -0.072903 0.554690
1403638147.945096969604492 -0.120677 0.002114 -0.173872 -0.104209 -0.818425 -0.074477 0.560156
1403638147.995097160339355 -0.088048 0.007501 -0.140492 -0.105017 -0.815869 -0.074214 0.563757
1403638148.045097112655640 -0.198076 0.047096 -0.175649 -0.104259 -0.812751 -0.075650 0.568193
1403638148.095097064971924 -0.333195 0.100288 -0.198872 -0.104510 -0.810080 -0.075087 0.572022
1403638148.145097017288208 -0.345486 0.079717 -0.187951 -0.102864 -0.808919 -0.076723 0.573745
1403638148.195097208023071 -0.397110 0.110715 -0.169883 -0.101518 -0.807555 -0.076652 0.575911
1403638148.245097160339355 -0.423965 0.167370 -0.150144 -0.100091 -0.807615 -0.074782 0.576322
1403638148.295097112655640 -0.209232 0.000133 -0.066601 -0.099045 -0.808518 -0.074722 0.575245
1403638148.345097064971924 -0.255195 0.029817 -0.037994 -0.097323 -0.808093 -0.073444 0.576299
1403638148.395097255706787 -0.054706 -0.009613 -0.038763 -0.094932 -0.807992 -0.073081 0.576885
1403638148.445096969604492 -0.096990 0.000520 -0.022588 -0.093634 -0.808869 -0.072987 0.575879
1403638148.495097160339355 -0.068305 -0.008136 0.000419 -0.092079 -0.812106 -0.072915 0.571567
1403638148.545097112655640 -0.073915 -0.011013 0.011170 -0.090685 -0.814187 -0.073479 0.568750
1403638148.595097064971924 -0.072376 -0.010133 0.019977 -0.089838 -0.816489 -0.072752 0.565670
1403638148.645097017288208 -0.083967 -0.006593 0.021235 -0.088649 -0.818751 -0.072416 0.562622
1403638148.695097208023071 -0.083605 -0.009279 0.020725 -0.088015 -0.820505 -0.071652 0.560259
1403638148.745097160339355 -0.089571 -0.007857 0.020050 -0.087491 -0.821974 -0.070179 0.558371
1403638148.795097112655640 -0.104068 -0.006014 0.016955 -0.086982 -0.823212 -0.069349 0.556729
1403638148.845097064971924 -0.109177 -0.006546 0.017665 -0.086271 -0.823724 -0.068118 0.556234
1403638148.895097255706787 -0.113971 -0.006783 0.023426 -0.085389 -0.824057 -0.067720 0.555925
1403638148.945096969604492 -0.136219 -0.000808 0.029724 -0.084879 -0.823393 -0.066981 0.557075
1403638148.995097160339355 -0.132641 -0.006017 0.038859 -0.083937 -0.822244 -0.066466 0.558974
1403638149.045097112655640 -0.143976 -0.005289 0.053769 -0.083008 -0.820220 -0.066248 0.562103
1403638149.095097064971924 -0.156790 -0.006080 0.079094 -0.081999 -0.818644 -0.066464 0.564518
1403638149.145097017288208 -0.176748 -0.015455 0.094011 -0.081602 -0.817297 -0.066598 0.566508
1403638149.195097208023071 -0.184009 -0.014753 0.114511 -0.081455 -0.816433 -0.066327 0.567806
1403638149.245097160339355 -0.200315 -0.014249 0.133857 -0.081504 -0.815631 -0.065737 0.569018
1403638149.295097112655640 -0.215506 -0.022114 0.148285 -0.082841 -0.815135 -0.064436 0.569684
1403638149.345097064971924 -0.221804 -0.023335 0.157880 -0.083212 -0.813873 -0.063334 0.571555
1403638149.395097255706787 -0.235377 -0.028402 0.172151 -0.082951 -0.813304 -0.063592 0.572374
1403638149.445096969604492 -0.250879 -0.035022 0.185162 -0.083101 -0.812925 -0.063471 0.572904
1403638149.495097160339355 -0.268442 -0.038959 0.196907 -0.082506 -0.812514 -0.064318 0.573477
1403638149.545097112655640 -0.279833 -0.046641 0.208941 -0.082088 -0.812394 -0.064814 0.573652
1403638149.595097064971924 -0.295735 -0.047857 0.219387 -0.081184 -0.812450 -0.065023 0.573678
1403638149.645097017288208 -0.308577 -0.050658 0.227390 -0.079264 -0.812812 -0.064129 0.573534
1403638149.695097208023071 -0.322297 -0.055311 0.236980 -0.076559 -0.813021 -0.062229 0.573814
1403638149.745097160339355 -0.334730 -0.059658 0.246225 -0.073491 -0.813273 -0.060972 0.573994
1403638149.795097112655640 -0.346271 -0.061859 0.242233 -0.071180 -0.813446 -0.058970 0.574248
1403638149.845097064971924 -0.358954 -0.063266 0.247108 -0.068810 -0.813973 -0.057317 0.573958
1403638149.895097255706787 -0.369640 -0.069887 0.250753 -0.067333 -0.813770 -0.055849 0.574565
1403638149.945096969604492 -0.380264 -0.071759 0.253363 -0.065445 -0.814272 -0.055042 0.574150
1403638149.995097160339355 -0.393446 -0.077714 0.252558 -0.063245 -0.814532 -0.055203 0.574012
1403638150.045097112655640 -0.405578 -0.087121 0.249773 -0.060253 -0.814568 -0.058095 0.573998
1403638150.095097064971924 -0.418230 -0.090716 0.248019 -0.056806 -0.814987 -0.061031 0.573449
1403638150.145097017288208 -0.432078 -0.099919 0.240937 -0.053298 -0.815299 -0.064711 0.572939
1403638150.195097208023071 -0.440549 -0.106631 0.236991 -0.050454 -0.815525 -0.067765 0.572522
1403638150.245097160339355 -0.455453 -0.115043 0.226922 -0.047732 -0.815388 -0.071132 0.572542
1403638150.295097112655640 -0.466097 -0.125643 0.219005 -0.047671 -0.816709 -0.070748 0.570708
1403638150.345097064971924 -0.479064 -0.138717 0.206496 -0.047774 -0.818366 -0.070613 0.568338
1403638150.395097255706787 -0.494924 -0.148577 0.192379 -0.048477 -0.820886 -0.067167 0.565054
1403638150.445096969604492 -0.503162 -0.164494 0.186551 -0.049287 -0.824482 -0.061283 0.560396
1403638150.495097160339355 -0.519119 -0.178713 0.175967 -0.048558 -0.826703 -0.055278 0.557807
1403638150.545097112655640 -0.529150 -0.194836 0.174707 -0.046293 -0.829198 -0.050778 0.554716
1403638150.595097064971924 -0.545723 -0.210542 0.168646 -0.044155 -0.830652 -0.046676 0.553072
1403638150.645097017288208 -0.560699 -0.225790 0.170963 -0.041926 -0.831407 -0.042975 0.552411
1403638150.695097208023071 -0.579380 -0.242346 0.168097 -0.039815 -0.831041 -0.040439 0.553308
1403638150.745097160339355 -0.597808 -0.259891 0.178743 -0.036851 -0.830987 -0.038336 0.553744
1403638150.795097112655640 -0.621024 -0.279946 0.181570 -0.032931 -0.830372 -0.036874 0.555012
1403638150.845097064971924 -0.641380 -0.297510 0.188846 -0.027975 -0.829506 -0.034646 0.556719
1403638150.895097255706787 -0.662899 -0.312875 0.196229 -0.023130 -0.828286 -0.032688 0.558873
1403638150.945096969604492 -0.681534 -0.327999 0.215315 -0.019151 -0.827026 -0.030513 0.561008
1403638150.995097160339355 -0.703011 -0.346826 0.220550 -0.014781 -0.824623 -0.028045 0.564794
1403638151.045097112655640 -0.727651 -0.365418 0.221293 -0.009183 -0.824265 -0.025440 0.565558
1403638151.095097064971924 -0.749357 -0.387187 0.222182 -0.002080 -0.822941 -0.022430 0.567681
1403638151.145097017288208 -0.771055 -0.406438 0.223688 0.006639 -0.821725 -0.018666 0.569540
1403638151.195097208023071 -0.794671 -0.426120 0.222025 0.015640 -0.821389 -0.012975 0.570006
1403638151.245097160339355 -0.817783 -0.447359 0.217931 0.025028 -0.821718 -0.005733 0.569315
1403638151.295097112655640 -0.841462 -0.469316 0.216065 0.034548 -0.821924 0.001613 0.568546
1403638151.345097064971924 -0.865421 -0.495122 0.211316 0.044994 -0.822099 0.008671 0.567497
1403638151.395097255706787 -0.891708 -0.518979 0.206561 0.054959 -0.821630 0.017137 0.567107
1403638151.445096969604492 -0.916291 -0.546834 0.204650 0.064156 -0.821103 0.026020 0.566566
1403638151.495097160339355 -0.944690 -0.569809 0.203011 0.074448 -0.820291 0.033358 0.566099
1403638151.545097112655640 -0.963263 -0.599165 0.211942 0.082863 -0.819449 0.040531 0.565681
1403638151.595097064971924 -0.989517 -0.623807 0.212070 0.090832 -0.818847 0.046395 0.564878
1403638151.645097017288208 -1.013573 -0.652234 0.215732 0.097325 -0.817658 0.051643 0.565063
1403638151.695097208023071 -1.038032 -0.677520 0.214297 0.103249 -0.816626 0.055751 0.565113
1403638151.745097160339355 -1.056163 -0.703168 0.223982 0.108162 -0.816188 0.058436 0.564556
1403638151.795097112655640 -1.077730 -0.729446 0.232150 0.112317 -0.816188 0.060632 0.563512
1403638151.845097064971924 -1.104578 -0.758263 0.242907 0.115287 -0.816056 0.062688 0.562878
1403638151.895097255706787 -1.129641 -0.787658 0.253162 0.117370 -0.816025 0.063836 0.562363
1403638151.945096969604492 -1.152985 -0.818959 0.268338 0.119918 -0.816175 0.063414 0.561656
1403638151.995097160339355 -1.178383 -0.849489 0.280321 0.121384 -0.816257 0.063515 0.561209
1403638152.045097112655640 -1.196296 -0.883751 0.292224 0.121690 -0.816348 0.063789 0.560980
1403638152.095097064971924 -1.222358 -0.914012 0.300107 0.122294 -0.816368 0.063365 0.560868
1403638152.145097017288208 -1.248604 -0.943300 0.306359 0.122931 -0.816139 0.062731 0.561133
1403638152.195097208023071 -1.264523 -0.976032 0.323681 0.122573 -0.816435 0.062848 0.560768
1403638152.245097160339355 -1.297122 -1.009410 0.329667 0.123357 -0.816116 0.061614 0.561196
1403638152.295097112655640 -1.312479 -1.040573 0.337855 0.123879 -0.816004 0.060258 0.561391
1403638152.345097064971924 -1.335273 -1.076198 0.345144 0.124167 -0.815705 0.058196 0.561980
1403638152.395097255706787 -1.357695 -1.107121 0.345547 0.124790 -0.815933 0.056440 0.561690
1403638152.445096969604492 -1.378918 -1.138470 0.346161 0.124846 -0.816129 0.055024 0.561534
1403638152.495097160339355 -1.401011 -1.173209 0.347381 0.125416 -0.816584 0.052897 0.560949
1403638152.545097112655640 -1.424504 -1.207159 0.345895 0.125372 -0.816423 0.052681 0.561213
1403638152.595097064971924 -1.447640 -1.246957 0.347977 0.124640 -0.816977 0.052718 0.560566
1403638152.645097017288208 -1.472005 -1.280541 0.344270 0.123466 -0.818106 0.054941 0.558964
1403638152.695097208023071 -1.495626 -1.319367 0.340064 0.122904 -0.818770 0.058087 0.557795
1403638152.745097160339355 -1.517774 -1.358856 0.342341 0.124325 -0.818603 0.060841 0.557432
1403638152.795097112655640 -1.542722 -1.401411 0.343124 0.125724 -0.817609 0.065679 0.558028
1403638152.845097064971924 -1.567394 -1.443026 0.347392 0.128101 -0.816304 0.071101 0.558733
1403638152.895097255706787 -1.597030 -1.487945 0.348801 0.131494 -0.813662 0.076855 0.561031
1403638152.945096969604492 -1.620091 -1.531023 0.354430 0.136804 -0.811263 0.081933 0.562516
1403638152.995097160339355 -1.641473 -1.572013 0.361867 0.142985 -0.810211 0.086906 0.561748
1403638153.045097112655640 -1.665242 -1.611907 0.369328 0.149321 -0.810298 0.091421 0.559252
1403638153.095097064971924 -1.688055 -1.652833 0.380877 0.154759 -0.811136 0.095458 0.555874
1403638153.145097017288208 -1.712958 -1.691884 0.391637 0.159953 -0.811891 0.098660 0.552733
1403638153.195097208023071 -1.737672 -1.733554 0.401766 0.164293 -0.812140 0.100959 0.550676
1403638153.245097160339355 -1.759921 -1.771721 0.414795 0.168069 -0.812252 0.102993 0.548991
1403638153.295097112655640 -1.783754 -1.812950 0.424979 0.172825 -0.811785 0.104469 0.547927
1403638153.345097064971924 -1.808223 -1.855831 0.432094 0.177427 -0.811439 0.107446 0.546389
1403638153.395097255706787 -1.833486 -1.896743 0.436329 0.183258 -0.810483 0.110710 0.545232
1403638153.445096969604492 -1.860725 -1.939362 0.443245 0.190704 -0.809354 0.112792 0.543926
1403638153.495097160339355 -1.888894 -1.984687 0.450297 0.199850 -0.807908 0.112873 0.542775
1403638153.545097112655640 -1.922361 -2.035032 0.458139 0.209378 -0.806326 0.113126 0.541481
1403638153.595097064971924 -1.953393 -2.085785 0.467671 0.218248 -0.804604 0.115599 0.540016
1403638153.645097017288208 -1.979247 -2.131423 0.476984 0.227715 -0.802082 0.118509 0.539228
1403638153.695097208023071 -2.005442 -2.179652 0.485971 0.235614 -0.799487 0.124309 0.538380
1403638153.745097160339355 -2.032880 -2.229636 0.491659 0.242067 -0.796352 0.131668 0.538415
1403638153.795097112655640 -2.058336 -2.280197 0.503422 0.248802 -0.793720 0.137067 0.537884
1403638153.845097064971924 -2.085510 -2.328473 0.509977 0.254335 -0.790925 0.142789 0.537924
1403638153.895097255706787 -2.107209 -2.378379 0.517219 0.258717 -0.788084 0.147551 0.538719
1403638153.945096969604492 -2.134086 -2.432299 0.522485 0.261283 -0.785024 0.152737 0.540499
1403638153.995097160339355 -2.161452 -2.488008 0.529077 0.263278 -0.783469 0.156717 0.540648
1403638154.045097112655640 -2.187670 -2.542013 0.530001 0.264514 -0.781854 0.160280 0.541338
1403638154.095097064971924 -2.211960 -2.591172 0.538043 0.265973 -0.779997 0.162585 0.542613
1403638154.145097017288208 -2.242564 -2.651287 0.540084 0.266715 -0.777736 0.163931 0.545083
1403638154.195097208023071 -2.270461 -2.709295 0.542458 0.267363 -0.775446 0.164461 0.547862
1403638154.245097160339355 -2.293898 -2.766915 0.535756 0.268057 -0.773109 0.164320 0.550861
1403638154.295097112655640 -2.320833 -2.825362 0.533390 0.268273 -0.771526 0.164398 0.552947
1403638154.345097064971924 -2.346184 -2.881892 0.530953 0.267162 -0.769432 0.165917 0.555941
1403638154.395097255706787 -2.371127 -2.938754 0.525905 0.266409 -0.766170 0.166864 0.560505
1403638154.445096969604492 -2.393710 -3.001135 0.521478 0.264819 -0.764224 0.168123 0.563530
1403638154.495097160339355 -2.413583 -3.063062 0.519202 0.263703 -0.762854 0.168482 0.565798
1403638154.545097112655640 -2.442275 -3.127492 0.511292 0.262661 -0.763337 0.169114 0.565444
1403638154.595097064971924 -2.456153 -3.176663 0.506786 0.262947 -0.764117 0.170791 0.563750
1403638154.645097017288208 -2.472539 -3.226066 0.502125 0.264652 -0.765213 0.172353 0.560985
1403638154.695097208023071 -2.485782 -3.278507 0.500518 0.267007 -0.767041 0.174416 0.556718
1403638154.745097160339355 -2.496595 -3.332215 0.500769 0.271807 -0.768020 0.174830 0.552902
1403638154.795097112655640 -2.505407 -3.383968 0.504424 0.276506 -0.768473 0.174653 0.549992
1403638154.845097064971924 -2.515595 -3.431948 0.504818 0.281454 -0.768117 0.174224 0.548112
1403638154.895097255706787 -2.521951 -3.482973 0.510778 0.285581 -0.767460 0.174268 0.546881
1403638154.945096969604492 -2.532472 -3.539098 0.517486 0.290548 -0.766278 0.174011 0.546004
1403638154.995097160339355 -2.533788 -3.592887 0.528175 0.294821 -0.764506 0.175524 0.545713
1403638155.045097112655640 -2.541547 -3.648988 0.536776 0.299768 -0.762038 0.178304 0.545568
1403638155.095097064971924 -2.543689 -3.700899 0.550063 0.304900 -0.759771 0.181554 0.544814
1403638155.145097017288208 -2.552022 -3.761122 0.560204 0.309090 -0.756917 0.185552 0.545079
1403638155.195097208023071 -2.558836 -3.820907 0.571814 0.312192 -0.755060 0.189854 0.544404
1403638155.245097160339355 -2.561604 -3.881804 0.579791 0.314690 -0.752054 0.193703 0.545769
1403638155.295097112655640 -2.563694 -3.947709 0.587804 0.317176 -0.749273 0.196191 0.547264
1403638155.345097064971924 -2.564727 -4.003757 0.593140 0.320588 -0.746095 0.198417 0.548814
1403638155.395097255706787 -2.565027 -4.065036 0.597937 0.324661 -0.742596 0.201334 0.550101
1403638155.445096969604492 -2.553955 -4.113644 0.601000 0.329547 -0.739224 0.202938 0.551148
1403638155.495097160339355 -2.547396 -4.163399 0.600835 0.334889 -0.736619 0.205746 0.550373
1403638155.545097112655640 -2.543422 -4.216472 0.598004 0.338554 -0.734085 0.213025 0.548745
1403638155.595097064971924 -2.532891 -4.266858 0.599092 0.342640 -0.731645 0.220444 0.546532
1403638155.645097017288208 -2.521643 -4.319642 0.596430 0.346527 -0.727950 0.230033 0.545062
1403638155.695097208023071 -2.505779 -4.374275 0.591164 0.351504 -0.723482 0.239052 0.543942
1403638155.745097160339355 -2.483159 -4.426288 0.589075 0.356940 -0.720012 0.247064 0.541421
1403638155.795097112655640 -2.475518 -4.487986 0.580252 0.364265 -0.716393 0.253973 0.538136
1403638155.845097064971924 -2.457910 -4.547740 0.573899 0.371225 -0.713490 0.261217 0.533751
1403638155.895097255706787 -2.438770 -4.596126 0.564104 0.380146 -0.711492 0.267233 0.527118
1403638155.945096969604492 -2.421153 -4.645570 0.556111 0.390107 -0.710145 0.272915 0.518679
1403638155.995097160339355 -2.399488 -4.691119 0.550207 0.401183 -0.708582 0.278140 0.509512
1403638156.045097112655640 -2.382424 -4.740974 0.544043 0.413063 -0.706408 0.283047 0.500251
1403638156.095097064971924 -2.357441 -4.774077 0.541872 0.424141 -0.704072 0.288475 0.491090
1403638156.145097017288208 -2.330749 -4.815447 0.546139 0.432992 -0.700803 0.294566 0.484379
1403638156.195097208023071 -2.308776 -4.858595 0.549979 0.440252 -0.697697 0.301505 0.478008
1403638156.245097160339355 -2.288022 -4.904349 0.555612 0.448500 -0.694080 0.306338 0.472502
1403638156.295097112655640 -2.267105 -4.959629 0.561079 0.456333 -0.691919 0.310122 0.465652
1403638156.345097064971924 -2.247614 -5.009774 0.566916 0.463382 -0.689611 0.313062 0.460116
1403638156.395097255706787 -2.226883 -5.048827 0.571738 0.467993 -0.687857 0.317037 0.455327
1403638156.445096969604492 -2.204316 -5.088198 0.573471 0.472771 -0.686316 0.318957 0.451359
1403638156.495097160339355 -2.186795 -5.129967 0.574101 0.476066 -0.685246 0.321022 0.448043
1403638156.545097112655640 -2.168242 -5.166954 0.569160 0.478563 -0.683699 0.322807 0.446463
1403638156.595097064971924 -2.153781 -5.210413 0.568307 0.480436 -0.682449 0.324454 0.445167
1403638156.645097017288208 -2.140252 -5.255012 0.562875 0.481698 -0.681756 0.324960 0.444495
1403638156.695097208023071 -2.126645 -5.301589 0.556237 0.482484 -0.681662 0.325149 0.443648
1403638156.745097160339355 -2.112574 -5.349007 0.547096 0.483193 -0.680871 0.325157 0.444086
1403638156.795097112655640 -2.103845 -5.396888 0.538548 0.483331 -0.681097 0.324948 0.443743
1403638156.845097064971924 -2.090371 -5.443354 0.532586 0.483184 -0.681551 0.324210 0.443746
1403638156.895097255706787 -2.081894 -5.491863 0.523214 0.482945 -0.681709 0.323726 0.444116
1403638156.945096969604492 -2.073583 -5.540956 0.515508 0.482577 -0.682474 0.322558 0.444190
1403638156.995097160339355 -2.064294 -5.592000 0.507659 0.481668 -0.683131 0.321802 0.444714
1403638157.045097112655640 -2.061565 -5.649928 0.504352 0.481098 -0.684607 0.320587 0.443939
1403638157.095097064971924 -2.056122 -5.705855 0.499281 0.480662 -0.685962 0.319382 0.443188
1403638157.145097017288208 -2.048949 -5.764289 0.500505 0.480229 -0.687964 0.317478 0.441920
1403638157.195097208023071 -2.042519 -5.815391 0.498503 0.480303 -0.689494 0.315063 0.441182
1403638157.245097160339355 -2.041568 -5.867144 0.498730 0.479331 -0.690255 0.315457 0.440768
1403638157.295097112655640 -2.039351 -5.919614 0.497114 0.479730 -0.689136 0.315966 0.441719
1403638157.345097064971924 -2.036105 -5.970643 0.503846 0.481394 -0.687217 0.315529 0.443208
1403638157.395097255706787 -2.035591 -6.032013 0.507968 0.483245 -0.685097 0.314694 0.445065
1403638157.445096969604492 -2.032071 -6.089449 0.518586 0.484585 -0.682705 0.314249 0.447592
1403638157.495097160339355 -2.033968 -6.146432 0.528174 0.485777 -0.680151 0.315978 0.448968
1403638157.545097112655640 -2.031193 -6.206463 0.535425 0.487835 -0.676669 0.318409 0.450280
1403638157.595097064971924 -2.031989 -6.265994 0.536718 0.490832 -0.671986 0.321821 0.451608
1403638157.645097017288208 -2.029084 -6.331991 0.536864 0.494705 -0.666108 0.325320 0.453579
1403638157.695097208023071 -2.023847 -6.399758 0.531264 0.500021 -0.659313 0.328707 0.455233
1403638157.745097160339355 -2.021886 -6.457637 0.535962 0.506555 -0.652645 0.332006 0.455224
1403638157.795097112655640 -2.013462 -6.520094 0.540872 0.513286 -0.646489 0.336272 0.453333
1403638157.845097064971924 -2.014478 -6.580690 0.539454 0.520029 -0.640102 0.342603 0.449958
1403638157.895097255706787 -2.008410 -6.634897 0.548824 0.526299 -0.634170 0.349210 0.445971
1403638157.945096969604492 -2.012164 -6.695207 0.552072 0.532465 -0.628871 0.355417 0.441227
1403638157.995097160339355 -2.006537 -6.757966 0.564341 0.538197 -0.623812 0.359904 0.437804
1403638158.045097112655640 -2.003002 -6.814416 0.568532 0.543117 -0.621360 0.364925 0.431006
1403638158.095097064971924 -1.995614 -6.880988 0.575191 0.546107 -0.619356 0.370285 0.425504
1403638158.145097017288208 -1.989873 -6.938387 0.582084 0.548555 -0.617287 0.375198 0.421036
1403638158.195097208023071 -1.984725 -7.003021 0.582798 0.549956 -0.616210 0.379908 0.416537
1403638158.245097160339355 -1.980127 -7.058523 0.593515 0.552115 -0.614100 0.382549 0.414376
1403638158.295097112655640 -1.970929 -7.115969 0.601054 0.554197 -0.612160 0.383406 0.413672
1403638158.345097064971924 -1.973319 -7.171461 0.595317 0.557154 -0.609942 0.382634 0.413693
1403638158.395097255706787 -1.967977 -7.227987 0.597335 0.558279 -0.608745 0.382583 0.413986
1403638158.445096969604492 -1.964455 -7.287939 0.591904 0.560360 -0.606214 0.381081 0.416266
1403638158.495097160339355 -1.960846 -7.345552 0.589670 0.561544 -0.604459 0.380024 0.418186
1403638158.545097112655640 -1.954570 -7.401189 0.587569 0.562273 -0.602944 0.378768 0.420527
1403638158.595097064971924 -1.950067 -7.459174 0.586611 0.562608 -0.602465 0.377520 0.421885
1403638158.645097017288208 -1.946715 -7.520133 0.582775 0.562148 -0.601856 0.377616 0.423279
1403638158.695097208023071 -1.942057 -7.579278 0.580986 0.560653 -0.602975 0.378621 0.422772
1403638158.745097160339355 -1.935976 -7.639072 0.579631 0.559253 -0.604684 0.379605 0.421299
1403638158.795097112655640 -1.935022 -7.696961 0.575148 0.558496 -0.607328 0.380237 0.417918
1403638158.845097064971924 -1.932445 -7.759560 0.573113 0.557437 -0.610486 0.380369 0.414597
1403638158.895097255706787 -1.926899 -7.819225 0.575374 0.557046 -0.613659 0.379408 0.411304
1403638158.945096969604492 -1.923813 -7.872371 0.576592 0.556107 -0.616120 0.379675 0.408642
1403638158.995097160339355 -1.919621 -7.922840 0.582975 0.556593 -0.618777 0.377459 0.406010
1403638159.045097112655640 -1.915371 -7.969043 0.595476 0.557748 -0.622186 0.374673 0.401774
1403638159.095097064971924 -1.913167 -8.023494 0.604019 0.559679 -0.625120 0.370911 0.398006
1403638159.145097017288208 -1.911820 -8.080827 0.608656 0.561456 -0.629312 0.367038 0.392450
1403638159.195097208023071 -1.911490 -8.139693 0.615591 0.564046 -0.632424 0.362185 0.388218
1403638159.245097160339355 -1.910958 -8.202892 0.619637 0.564761 -0.633562 0.360230 0.387142
1403638159.295097112655640 -1.911569 -8.264218 0.625133 0.562210 -0.632437 0.363099 0.390003
1403638159.345097064971924 -1.913071 -8.330496 0.627274 0.557471 -0.629730 0.369596 0.395050
1403638159.395097255706787 -1.916366 -8.393827 0.626747 0.552391 -0.625587 0.376648 0.402046
1403638159.445096969604492 -1.914726 -8.449390 0.627327 0.546119 -0.620847 0.384937 0.410032
1403638159.495097160339355 -1.919180 -8.515502 0.630316 0.539977 -0.616595 0.393681 0.416234
1403638159.545097112655640 -1.919873 -8.592928 0.634751 0.532335 -0.613931 0.403924 0.420182
1403638159.595097064971924 -1.922361 -8.669766 0.644062 0.525111 -0.613295 0.413631 0.420758
1403638159.645097017288208 -1.925867 -8.744286 0.653988 0.519418 -0.612833 0.421490 0.420698
1403638159.695097208023071 -1.935191 -8.804808 0.666394 0.514961 -0.612499 0.427719 0.420377
1403638159.745097160339355 -1.945219 -8.857394 0.678814 0.512641 -0.613414 0.431122 0.418398
1403638159.795097112655640 -1.956651 -8.907889 0.692431 0.512917 -0.611098 0.430957 0.421606
1403638159.845097064971924 -1.971891 -8.950717 0.708692 0.514688 -0.608705 0.429026 0.424866
1403638159.895097255706787 -1.988126 -8.993790 0.727064 0.519389 -0.605295 0.423418 0.429616
1403638159.945096969604492 -2.005877 -9.036082 0.743517 0.523760 -0.602303 0.417626 0.434160
1403638159.995097160339355 -2.022231 -9.079615 0.765100 0.527129 -0.600102 0.413533 0.437038
1403638160.045097112655640 -2.039220 -9.120952 0.790195 0.530190 -0.598723 0.409760 0.438779
1403638160.095097064971924 -2.056345 -9.153701 0.819147 0.533107 -0.599230 0.406421 0.437656
1403638160.145097017288208 -2.076223 -9.189221 0.847690 0.536703 -0.600170 0.402504 0.435587
1403638160.195097208023071 -2.096974 -9.213988 0.879176 0.541536 -0.603526 0.396900 0.430077
1403638160.245097160339355 -2.117718 -9.231349 0.910160 0.546624 -0.607072 0.390787 0.424207
1403638160.295097112655640 -2.138930 -9.256659 0.943591 0.550742 -0.610430 0.386173 0.418245
1403638160.345097064971924 -2.159883 -9.287503 0.980483 0.554575 -0.612670 0.381429 0.414238
1403638160.395097255706787 -2.181967 -9.308208 1.010415 0.557221 -0.614058 0.378526 0.411286
1403638160.445096969604492 -2.204414 -9.329105 1.048211 0.558455 -0.615112 0.377371 0.409092
1403638160.495097160339355 -2.227203 -9.349595 1.090938 0.559556 -0.615838 0.376269 0.407508
1403638160.545097112655640 -2.247771 -9.373794 1.129583 0.560399 -0.616425 0.375160 0.406482
1403638160.595097064971924 -2.268569 -9.403352 1.163287 0.560704 -0.616532 0.375172 0.405889
1403638160.645097017288208 -2.288041 -9.434021 1.198668 0.560734 -0.617526 0.374984 0.404506
1403638160.695097208023071 -2.306584 -9.465011 1.236220 0.560643 -0.616901 0.375065 0.405511
1403638160.745097160339355 -2.327091 -9.500763 1.268970 0.558415 -0.616520 0.378787 0.405704
1403638160.795097112655640 -2.343741 -9.532340 1.297825 0.554085 -0.616400 0.383552 0.407344
1403638160.845097064971924 -2.360756 -9.573919 1.329554 0.547691 -0.616215 0.388959 0.411125
1403638160.895097255706787 -2.384198 -9.607626 1.360287 0.539876 -0.617109 0.393944 0.415355
1403638160.945096969604492 -2.406157 -9.639461 1.390251 0.532045 -0.618235 0.396567 0.421246
1403638160.995097160339355 -2.427593 -9.667144 1.416818 0.525106 -0.620572 0.396092 0.426926
1403638161.045097112655640 -2.448589 -9.697225 1.444116 0.518034 -0.624022 0.394084 0.432359
1403638161.095097064971924 -2.472392 -9.718982 1.465399 0.511266 -0.628385 0.390926 0.436940
1403638161.145097017288208 -2.496319 -9.751025 1.484051 0.505456 -0.633298 0.384840 0.441980
1403638161.195097208023071 -2.519352 -9.781013 1.503122 0.498919 -0.639579 0.377819 0.446398
1403638161.245097160339355 -2.546241 -9.811059 1.520885 0.492116 -0.646713 0.369816 0.450356
1403638161.295097112655640 -2.574123 -9.838639 1.543167 0.484211 -0.653992 0.362311 0.454494
1403638161.345097064971924 -2.601397 -9.862872 1.563132 0.476573 -0.661768 0.353718 0.458066
1403638161.395097255706787 -2.630125 -9.883470 1.582321 0.470917 -0.669436 0.345497 0.459048
1403638161.445096969604492 -2.655929 -9.911785 1.604682 0.466512 -0.676693 0.337030 0.459200
1403638161.495097160339355 -2.686475 -9.931227 1.631202 0.463713 -0.682935 0.328780 0.458774
1403638161.545097112655640 -2.713090 -9.955547 1.645629 0.460091 -0.687911 0.323083 0.459034
1403638161.595097064971924 -2.738005 -9.970713 1.657877 0.455994 -0.692106 0.318992 0.459676
1403638161.645097017288208 -2.763289 -9.979645 1.673038 0.452374 -0.695991 0.316110 0.459379
1403638161.695097208023071 -2.789966 -10.000438 1.688071 0.448432 -0.699168 0.315364 0.458932
1403638161.745097160339355 -2.820773 -10.026495 1.703409 0.444648 -0.700904 0.315967 0.459549
1403638161.795097112655640 -2.851945 -10.041123 1.710630 0.440741 -0.701884 0.316491 0.461455
1403638161.845097064971924 -2.883819 -10.055730 1.730656 0.437662 -0.702258 0.315142 0.464727
1403638161.895097255706787 -2.917307 -10.072693 1.730967 0.432801 -0.702317 0.315370 0.469016
1403638161.945096969604492 -2.949373 -10.091074 1.731591 0.428333 -0.703377 0.313679 0.472649
1403638161.995097160339355 -2.982433 -10.105663 1.740651 0.424857 -0.705037 0.311563 0.474708
1403638162.045097112655640 -3.006903 -10.118457 1.750078 0.421682 -0.706435 0.310202 0.476348
1403638162.095097064971924 -3.039553 -10.139555 1.758784 0.419204 -0.707945 0.308700 0.477270
1403638162.145097017288208 -3.073221 -10.148772 1.768283 0.417187 -0.710349 0.307526 0.476222
1403638162.195097208023071 -3.110109 -10.160801 1.780434 0.415066 -0.712991 0.307475 0.474156
1403638162.245097160339355 -3.148410 -10.175599 1.797107 0.413933 -0.715140 0.306691 0.472413
1403638162.295097112655640 -3.192578 -10.186511 1.820277 0.413227 -0.717120 0.306154 0.470375
1403638162.345097064971924 -3.233117 -10.205336 1.837371 0.411182 -0.718835 0.307391 0.468739
1403638162.395097255706787 -3.275293 -10.224237 1.851134 0.409139 -0.719489 0.308913 0.468522
1403638162.445096969604492 -3.317368 -10.240943 1.863023 0.407831 -0.719255 0.309960 0.469331
1403638162.495097160339355 -3.358072 -10.261759 1.874477 0.407556 -0.718501 0.309543 0.470996
1403638162.545097112655640 -3.398175 -10.272897 1.886503 0.408143 -0.717897 0.308134 0.472332
1403638162.595097064971924 -3.441963 -10.296988 1.897478 0.409898 -0.717222 0.305831 0.473333
1403638162.645097017288208 -3.481017 -10.322155 1.906794 0.411360 -0.715897 0.303910 0.475302
1403638162.695097208023071 -3.524489 -10.334429 1.925476 0.413981 -0.715172 0.301227 0.475826
1403638162.745097160339355 -3.572024 -10.354486 1.944023 0.416085 -0.714922 0.299221 0.475633
1403638162.795097112655640 -3.619333 -10.371966 1.963217 0.414928 -0.716672 0.299553 0.473797
1403638162.845097064971924 -3.669841 -10.389181 1.986121 0.413311 -0.718299 0.298912 0.473151
1403638162.895097255706787 -3.720776 -10.404346 2.009442 0.408890 -0.719708 0.301207 0.473395
1403638162.945096969604492 -3.769016 -10.416174 2.031077 0.403836 -0.720408 0.304360 0.474651
1403638162.995097160339355 -3.819613 -10.430199 2.053777 0.399658 -0.718577 0.306237 0.479728
1403638163.045097112655640 -3.869550 -10.442196 2.076783 0.395353 -0.716841 0.308346 0.484519
1403638163.095097064971924 -3.916945 -10.446505 2.090088 0.390268 -0.716230 0.309742 0.488636
1403638163.145097017288208 -3.963492 -10.457831 2.101755 0.386493 -0.717342 0.307647 0.491322
1403638163.195097208023071 -4.015783 -10.466586 2.108178 0.383421 -0.719343 0.303448 0.493409
1403638163.245097160339355 -4.066841 -10.474160 2.118280 0.380700 -0.721919 0.296961 0.495695
1403638163.295097112655640 -4.118696 -10.484880 2.117870 0.377189 -0.724448 0.290403 0.498568
1403638163.345097064971924 -4.167568 -10.492841 2.117809 0.372669 -0.726862 0.283437 0.502447
1403638163.395097255706787 -4.220205 -10.500469 2.116372 0.367771 -0.729204 0.276543 0.506488
1403638163.445096969604492 -4.271828 -10.501181 2.116631 0.361683 -0.731913 0.270840 0.510033
1403638163.495097160339355 -4.326600 -10.506401 2.117590 0.356656 -0.735113 0.265673 0.511686
1403638163.545097112655640 -4.379419 -10.524497 2.132527 0.351622 -0.737522 0.261269 0.513967
1403638163.595097064971924 -4.431249 -10.526679 2.140191 0.347869 -0.740652 0.257779 0.513783
1403638163.645097017288208 -4.485168 -10.530003 2.147283 0.345284 -0.741906 0.254942 0.515130
1403638163.695097208023071 -4.538696 -10.529220 2.158154 0.343019 -0.742919 0.252277 0.516494
1403638163.745097160339355 -4.584969 -10.532087 2.170967 0.340788 -0.744298 0.250307 0.516944
1403638163.795097112655640 -4.633834 -10.533197 2.183946 0.339529 -0.744173 0.248748 0.518700
1403638163.845097064971924 -4.686895 -10.536919 2.210097 0.337712 -0.745149 0.249109 0.518312
1403638163.895097255706787 -4.736495 -10.535849 2.225042 0.336261 -0.745292 0.249617 0.518806
1403638163.945096969604492 -4.789954 -10.529904 2.244788 0.335654 -0.746593 0.250328 0.516982
1403638163.995097160339355 -4.843832 -10.521725 2.261059 0.333590 -0.747640 0.253662 0.515178
1403638164.045097112655640 -4.906789 -10.516695 2.282948 0.333348 -0.748605 0.255896 0.512823
1403638164.095097064971924 -4.958213 -10.508900 2.302399 0.332453 -0.748694 0.258557 0.511938
1403638164.145097017288208 -5.007434 -10.498997 2.326519 0.331561 -0.748485 0.260835 0.511666
1403638164.195097208023071 -5.060182 -10.491445 2.348629 0.330377 -0.748294 0.263970 0.511104
1403638164.245097160339355 -5.111517 -10.483985 2.374469 0.330539 -0.747058 0.265243 0.512147
1403638164.295097112655640 -5.170122 -10.480864 2.399813 0.330147 -0.746199 0.267919 0.512259
1403638164.345097064971924 -5.228805 -10.471834 2.422909 0.330392 -0.745182 0.269518 0.512742
1403638164.395097255706787 -5.282868 -10.464378 2.443637 0.330586 -0.744613 0.270487 0.512935
1403638164.445096969604492 -5.345255 -10.452945 2.463362 0.331747 -0.743604 0.271437 0.513145
1403638164.495097160339355 -5.396596 -10.442497 2.478666 0.331517 -0.744124 0.272851 0.511789
1403638164.545097112655640 -5.453112 -10.423365 2.489452 0.330446 -0.743983 0.275085 0.511491
1403638164.595097064971924 -5.502915 -10.393971 2.499770 0.329598 -0.744592 0.276460 0.510410
1403638164.645097017288208 -5.549295 -10.376492 2.512185 0.327543 -0.745394 0.276500 0.510539
1403638164.695097208023071 -5.603025 -10.359434 2.526357 0.325911 -0.746414 0.273658 0.511624
1403638164.745097160339355 -5.658794 -10.335484 2.534856 0.324457 -0.746121 0.270144 0.514833
1403638164.795097112655640 -5.710712 -10.318631 2.544238 0.325266 -0.744278 0.263101 0.520606
1403638164.845097064971924 -5.766300 -10.303076 2.554786 0.327077 -0.741733 0.255260 0.526969
1403638164.895097255706787 -5.819617 -10.280172 2.564398 0.328370 -0.739331 0.248248 0.532856
1403638164.945096969604492 -5.872594 -10.245039 2.568482 0.328780 -0.738009 0.243926 0.536420
1403638164.995097160339355 -5.925305 -10.211049 2.573033 0.325585 -0.737038 0.244738 0.539326
1403638165.045097112655640 -5.974723 -10.182178 2.579949 0.318917 -0.737182 0.248211 0.541521
1403638165.095097064971924 -6.022929 -10.155499 2.583800 0.311943 -0.739048 0.250751 0.541870
1403638165.145097017288208 -6.074262 -10.150362 2.590341 0.306416 -0.742221 0.251064 0.540541
1403638165.195097208023071 -6.140479 -10.125202 2.591774 0.304926 -0.746017 0.248885 0.537155
1403638165.245097160339355 -6.194881 -10.091801 2.593320 0.304515 -0.751401 0.244771 0.531747
1403638165.295097112655640 -6.245611 -10.052266 2.588200 0.303377 -0.757388 0.242183 0.525047
1403638165.345097064971924 -6.288861 -10.009497 2.585000 0.300548 -0.761554 0.241147 0.521109
1403638165.395097255706787 -6.340600 -9.974417 2.578967 0.297187 -0.763976 0.241789 0.519191
1403638165.445096969604492 -6.393384 -9.944612 2.576061 0.295669 -0.764139 0.240721 0.520312
1403638165.495097160339355 -6.446209 -9.911223 2.569755 0.293628 -0.761267 0.240385 0.525803
1403638165.545097112655640 -6.501395 -9.871189 2.563451 0.292572 -0.757552 0.239539 0.532107
1403638165.595097064971924 -6.549256 -9.829505 2.558801 0.290834 -0.753153 0.239496 0.539275
1403638165.645097017288208 -6.586107 -9.775013 2.542830 0.290799 -0.748129 0.236879 0.547381
1403638165.695097208023071 -6.609796 -9.727450 2.525223 0.288763 -0.744119 0.235783 0.554355
1403638165.745097160339355 -6.657515 -9.685538 2.515036 0.289548 -0.740962 0.233326 0.559192
1403638165.795097112655640 -6.687358 -9.613066 2.498132 0.287755 -0.741831 0.229452 0.560567
1403638165.845097064971924 -6.721835 -9.567238 2.482628 0.289417 -0.744306 0.226316 0.557699
1403638165.895097255706787 -6.765974 -9.524475 2.472102 0.291238 -0.747587 0.224199 0.553199
1403638165.945096969604492 -6.806461 -9.478714 2.462655 0.293411 -0.750375 0.221499 0.549350
1403638165.995097160339355 -6.847639 -9.436030 2.454905 0.295355 -0.753864 0.219644 0.544254
1403638166.045097112655640 -6.882196 -9.390943 2.453836 0.296716 -0.757851 0.217767 0.538701
1403638166.095097064971924 -6.912091 -9.337878 2.449618 0.299956 -0.759846 0.213511 0.535792
1403638166.145097017288208 -6.943899 -9.293165 2.452646 0.302694 -0.761090 0.210172 0.533803
1403638166.195097208023071 -6.972253 -9.244450 2.454861 0.304518 -0.761859 0.208703 0.532243
1403638166.245097160339355 -7.008650 -9.198455 2.467814 0.306634 -0.761891 0.207882 0.531304
1403638166.295097112655640 -7.045344 -9.155103 2.484120 0.308431 -0.761202 0.207269 0.531490
1403638166.345097064971924 -7.084936 -9.115257 2.506756 0.310695 -0.760961 0.206140 0.530956
1403638166.395097255706787 -7.122899 -9.073301 2.535863 0.312378 -0.760377 0.205312 0.531125
1403638166.445096969604492 -7.152258 -9.027640 2.563928 0.313618 -0.760904 0.204352 0.530008
1403638166.495097160339355 -7.183438 -8.984925 2.591291 0.314445 -0.760454 0.204267 0.530197
1403638166.545097112655640 -7.211838 -8.939183 2.615096 0.314443 -0.760507 0.205795 0.529531
1403638166.595097064971924 -7.241338 -8.887947 2.631228 0.315385 -0.759598 0.206611 0.529957
1403638166.645097017288208 -7.269471 -8.848766 2.644399 0.315041 -0.759968 0.207999 0.529089
1403638166.695097208023071 -7.293088 -8.800366 2.660472 0.313398 -0.760542 0.210604 0.528208
1403638166.745097160339355 -7.318544 -8.756936 2.677209 0.311854 -0.761819 0.213698 0.526034
1403638166.795097112655640 -7.344994 -8.717033 2.689688 0.308795 -0.765072 0.218598 0.521081
1403638166.845097064971924 -7.388731 -8.679719 2.702343 0.306832 -0.769335 0.222896 0.514097
1403638166.895097255706787 -7.423030 -8.638161 2.710096 0.305310 -0.775092 0.226112 0.504868
1403638166.945096969604492 -7.462098 -8.600597 2.715894 0.304949 -0.779596 0.227236 0.497594
1403638166.995097160339355 -7.497316 -8.556365 2.721640 0.306093 -0.783320 0.225962 0.491587
1403638167.045097112655640 -7.537004 -8.511460 2.725823 0.308316 -0.785170 0.223579 0.488326
1403638167.095097064971924 -7.587536 -8.476519 2.734113 0.310361 -0.786133 0.221673 0.486346
1403638167.145097017288208 -7.637022 -8.442978 2.745888 0.313298 -0.785485 0.218336 0.487019
1403638167.195097208023071 -7.688260 -8.408916 2.757316 0.315128 -0.784361 0.216527 0.488455
1403638167.245097160339355 -7.727304 -8.368466 2.767423 0.317713 -0.783006 0.213335 0.490355
1403638167.295097112655640 -7.755877 -8.331339 2.779082 0.318293 -0.781693 0.211483 0.492870
1403638167.345097064971924 -7.786934 -8.293313 2.791571 0.318700 -0.780650 0.210433 0.494705
1403638167.395097255706787 -7.827139 -8.257180 2.803423 0.318254 -0.780179 0.210340 0.495775
1403638167.445096969604492 -7.876357 -8.236893 2.822023 0.316899 -0.779262 0.211380 0.497639
1403638167.495097160339355 -7.920490 -8.207651 2.835237 0.315220 -0.778014 0.212948 0.499983
1403638167.545097112655640 -7.976360 -8.192312 2.851356 0.312909 -0.776241 0.215051 0.503280
1403638167.595097064971924 -8.043143 -8.177383 2.866130 0.309470 -0.774686 0.219429 0.505905
1403638167.645097017288208 -8.102243 -8.159106 2.879022 0.304112 -0.774347 0.224518 0.507439
1403638167.695097208023071 -8.171878 -8.135414 2.887748 0.299352 -0.774335 0.227819 0.508815
1403638167.745097160339355 -8.237156 -8.116582 2.895767 0.293103 -0.775015 0.229756 0.510543
1403638167.795097112655640 -8.278073 -8.089640 2.899890 0.285569 -0.776797 0.230718 0.511670
1403638167.845097064971924 -8.327028 -8.061499 2.905435 0.278135 -0.779305 0.230369 0.512109
1403638167.895097255706787 -8.386279 -8.038964 2.911745 0.271088 -0.781057 0.228176 0.514195
1403638167.945096969604492 -8.444927 -8.013010 2.922801 0.264057 -0.782324 0.225930 0.516913
1403638167.995097160339355 -8.510065 -7.988433 2.927310 0.257557 -0.784334 0.221452 0.519079
1403638168.045097112655640 -8.588073 -7.971831 2.931216 0.251202 -0.785597 0.218348 0.521593
1403638168.095097064971924 -8.654964 -7.949399 2.941305 0.245023 -0.787094 0.215845 0.523314
1403638168.145097017288208 -8.714937 -7.920079 2.952433 0.240859 -0.788582 0.210631 0.525128
1403638168.195097208023071 -8.783407 -7.896284 2.967064 0.235157 -0.789727 0.206570 0.527599
1403638168.245097160339355 -8.849036 -7.870539 2.977677 0.231009 -0.791362 0.198714 0.529994
1403638168.295097112655640 -8.899567 -7.837108 2.989837 0.225566 -0.793267 0.191600 0.532107
1403638168.345097064971924 -8.968072 -7.809681 3.007710 0.219901 -0.794528 0.184606 0.535061
1403638168.395097255706787 -9.038299 -7.781018 3.024413 0.213149 -0.795353 0.178887 0.538499
1403638168.445096969604492 -9.111495 -7.747595 3.041396 0.209639 -0.796559 0.170935 0.540672
1403638168.495097160339355 -9.189106 -7.721479 3.058685 0.207402 -0.799012 0.162185 0.540611
1403638168.545097112655640 -9.265949 -7.689536 3.076106 0.207409 -0.801267 0.152571 0.540070
1403638168.595097064971924 -9.337493 -7.655560 3.085004 0.207699 -0.804346 0.143619 0.537830
1403638168.645097017288208 -9.399787 -7.618917 3.093178 0.208447 -0.806348 0.135204 0.536724
1403638168.695097208023071 -9.463227 -7.575669 3.093280 0.208375 -0.808140 0.129641 0.535427
1403638168.745097160339355 -9.532581 -7.544891 3.101697 0.208641 -0.809148 0.125303 0.534834
1403638168.795097112655640 -9.606040 -7.514844 3.108053 0.208996 -0.809911 0.123187 0.534032
1403638168.845097064971924 -9.684586 -7.489665 3.119671 0.209500 -0.811031 0.120848 0.532667
1403638168.895097255706787 -9.756787 -7.464768 3.122401 0.210342 -0.811321 0.119000 0.532309
1403638168.945096969604492 -9.830736 -7.437535 3.123546 0.211032 -0.811875 0.119503 0.531077
1403638168.995097160339355 -9.906368 -7.416155 3.130007 0.212241 -0.811186 0.119424 0.531665
1403638169.045097112655640 -9.984828 -7.397742 3.132575 0.213476 -0.808743 0.120684 0.534602
1403638169.095097064971924 -10.063317 -7.384043 3.137087 0.211794 -0.805501 0.125222 0.539102
1403638169.145097017288208 -10.135533 -7.375713 3.137735 0.210048 -0.803199 0.129619 0.542172
1403638169.195097208023071 -10.208320 -7.366226 3.134955 0.207694 -0.801688 0.135086 0.543977
1403638169.245097160339355 -10.273678 -7.345444 3.124761 0.203220 -0.800415 0.142032 0.545769
1403638169.295097112655640 -10.350457 -7.325139 3.108037 0.196971 -0.799166 0.149106 0.548000
1403638169.345097064971924 -10.430222 -7.291095 3.088225 0.187350 -0.796948 0.159730 0.551598
1403638169.395097255706787 -10.516583 -7.274987 3.077360 0.177803 -0.795509 0.166261 0.554896
1403638169.445096969604492 -10.595656 -7.258643 3.061569 0.167973 -0.793887 0.170187 0.559074
1403638169.495097160339355 -10.667316 -7.238552 3.045367 0.158884 -0.793222 0.170345 0.562617
1403638169.545097112655640 -10.735632 -7.217067 3.034031 0.150616 -0.792594 0.168026 0.566460
1403638169.595097064971924 -10.792712 -7.187147 3.027163 0.143001 -0.793166 0.162522 0.569233
1403638169.645097017288208 -10.857895 -7.158136 3.021888 0.136363 -0.794208 0.154307 0.571689
1403638169.695097208023071 -10.931238 -7.129883 3.015275 0.131086 -0.796156 0.143242 0.573091
1403638169.745097160339355 -11.005334 -7.100282 3.014981 0.124456 -0.797939 0.132946 0.574568
1403638169.795097112655640 -11.072371 -7.066770 3.015240 0.120008 -0.799300 0.118722 0.576734
1403638169.845097064971924 -11.132758 -7.035070 3.019289 0.115254 -0.800751 0.103450 0.578630
1403638169.895097255706787 -11.201646 -7.002793 3.023758 0.109214 -0.801362 0.089055 0.581344
1403638169.945096969604492 -11.266974 -6.970981 3.030976 0.103327 -0.799721 0.074517 0.586700
1403638169.995097160339355 -11.328064 -6.940312 3.043250 0.095250 -0.797382 0.063104 0.592560
1403638170.045097112655640 -11.386756 -6.905491 3.049973 0.084868 -0.795132 0.054957 0.597948
1403638170.095097064971924 -11.434174 -6.865669 3.058847 0.074658 -0.793859 0.048794 0.601526
1403638170.145097017288208 -11.485973 -6.828202 3.071169 0.062569 -0.794172 0.044289 0.602839
1403638170.195097208023071 -11.544415 -6.790045 3.077552 0.049757 -0.794955 0.040160 0.603289
1403638170.245097160339355 -11.565946 -6.725382 3.065378 0.034288 -0.795704 0.036599 0.603606
1403638170.295097112655640 -11.582169 -6.662317 3.070583 0.019403 -0.796569 0.033032 0.603333
1403638170.345097064971924 -11.612717 -6.622514 3.062827 0.006151 -0.798062 0.028296 0.601879
1403638170.395097255706787 -11.653123 -6.586775 3.056572 -0.006732 -0.800020 0.023245 0.599484
1403638170.445096969604492 -11.692473 -6.552180 3.052390 -0.018515 -0.801645 0.017378 0.597261
1403638170.495097160339355 -11.729717 -6.510744 3.049702 -0.031114 -0.802635 0.014651 0.595478
1403638170.545097112655640 -11.780358 -6.481873 3.052234 -0.044827 -0.801707 0.012829 0.595895
1403638170.595097064971924 -11.832908 -6.444875 3.059609 -0.056414 -0.800142 0.009865 0.597071
1403638170.645097017288208 -11.867304 -6.410928 3.063118 -0.067241 -0.797374 0.005037 0.599707
1403638170.695097208023071 -11.903907 -6.372332 3.068717 -0.077933 -0.794926 -0.000059 0.601680
1403638170.745097160339355 -11.933385 -6.331850 3.080990 -0.087009 -0.794123 -0.005972 0.601466
1403638170.795097112655640 -11.966975 -6.288783 3.087240 -0.096156 -0.792568 -0.012295 0.602028
1403638170.845097064971924 -11.997907 -6.238455 3.102958 -0.104638 -0.792118 -0.018623 0.601043
1403638170.895097255706787 -12.016411 -6.196985 3.109831 -0.112373 -0.791325 -0.026159 0.600411
1403638170.945096969604492 -12.033273 -6.161888 3.092302 -0.122215 -0.789699 -0.033728 0.600251
1403638170.995097160339355 -12.040730 -6.101962 3.093846 -0.129197 -0.788865 -0.039706 0.599520
1403638171.045097112655640 -12.051634 -6.053409 3.096109 -0.137487 -0.786822 -0.045962 0.599913
1403638171.095097064971924 -12.062668 -6.011447 3.096764 -0.144877 -0.785044 -0.051423 0.600060
1403638171.145097017288208 -12.084139 -5.970368 3.089527 -0.149853 -0.783864 -0.056303 0.599943
1403638171.195097208023071 -12.108450 -5.917462 3.088752 -0.155937 -0.782146 -0.059141 0.600361
1403638171.245097160339355 -12.119250 -5.874551 3.087989 -0.160772 -0.780629 -0.061570 0.600817
1403638171.295097112655640 -12.128252 -5.817146 3.087798 -0.163644 -0.779704 -0.063752 0.601014
1403638171.345097064971924 -12.130818 -5.758742 3.088289 -0.166517 -0.778793 -0.064697 0.601305
1403638171.395097255706787 -12.135656 -5.692378 3.088428 -0.169269 -0.777309 -0.065899 0.602325
1403638171.445096969604492 -12.135992 -5.648050 3.083528 -0.173130 -0.776005 -0.068307 0.602641
1403638171.495097160339355 -12.133440 -5.591602 3.079784 -0.176561 -0.774319 -0.069392 0.603690
1403638171.545097112655640 -12.135128 -5.530440 3.078166 -0.180722 -0.772311 -0.069314 0.605038
1403638171.595097064971924 -12.129363 -5.483179 3.074519 -0.184742 -0.770465 -0.071875 0.605877
1403638171.645097017288208 -12.116220 -5.427580 3.069933 -0.189258 -0.768511 -0.072198 0.606927
1403638171.695097208023071 -12.104546 -5.364913 3.066685 -0.194356 -0.766620 -0.072590 0.607659
1403638171.745097160339355 -12.089125 -5.298168 3.059718 -0.199053 -0.764809 -0.074027 0.608247
1403638171.795097112655640 -12.061069 -5.250705 3.042988 -0.204132 -0.762976 -0.075792 0.608649
1403638171.845097064971924 -12.035662 -5.182261 3.038799 -0.208666 -0.760329 -0.076616 0.610318
1403638171.895097255706787 -12.007684 -5.118277 3.032984 -0.213510 -0.757334 -0.077592 0.612240
1403638171.945096969604492 -11.976521 -5.052684 3.020485 -0.215978 -0.753771 -0.081894 0.615205
1403638171.995097160339355 -11.941664 -4.986905 3.022510 -0.217329 -0.752962 -0.086635 0.615070
1403638172.045097112655640 -11.898020 -4.923104 3.023363 -0.219161 -0.751760 -0.090453 0.615340
1403638172.095097064971924 -11.866195 -4.850102 3.028239 -0.219427 -0.751971 -0.094417 0.614392
1403638172.145097017288208 -11.822982 -4.774911 3.033524 -0.219484 -0.752062 -0.096294 0.613969
1403638172.195097208023071 -11.779980 -4.695737 3.037750 -0.220063 -0.752786 -0.097203 0.612730
1403638172.245097160339355 -11.731974 -4.634960 3.035811 -0.220048 -0.753123 -0.099550 0.611943
1403638172.295097112655640 -11.677060 -4.571846 3.032323 -0.219801 -0.753752 -0.101035 0.611013
1403638172.345097064971924 -11.615561 -4.501706 3.003594 -0.219972 -0.753957 -0.100838 0.610732
1403638172.395097255706787 -11.552306 -4.428499 2.994434 -0.219739 -0.754027 -0.100593 0.610769
1403638172.445096969604492 -11.487912 -4.371550 2.983196 -0.219281 -0.753274 -0.100458 0.611885
1403638172.495097160339355 -11.422224 -4.310133 2.967600 -0.219710 -0.751938 -0.099323 0.613557
1403638172.545097112655640 -11.356731 -4.237325 2.951797 -0.219729 -0.751000 -0.097861 0.614932
1403638172.595097064971924 -11.287533 -4.172657 2.932421 -0.219279 -0.749988 -0.097308 0.616414
1403638172.645097017288208 -11.221119 -4.095138 2.911631 -0.219506 -0.749237 -0.094216 0.617725
1403638172.695097208023071 -11.149991 -4.013741 2.891013 -0.218835 -0.749568 -0.092906 0.617760
1403638172.745097160339355 -11.078520 -3.948870 2.867285 -0.218398 -0.749794 -0.091874 0.617795
1403638172.795097112655640 -11.000481 -3.882445 2.851188 -0.217507 -0.750115 -0.091035 0.617844
1403638172.845097064971924 -10.922194 -3.806135 2.828088 -0.217807 -0.749835 -0.087075 0.618648
1403638172.895097255706787 -10.835824 -3.727238 2.802676 -0.215541 -0.750707 -0.085831 0.618558
1403638172.945096969604492 -10.743047 -3.651119 2.778820 -0.215968 -0.752098 -0.081644 0.617285
1403638172.995097160339355 -10.650276 -3.578900 2.746492 -0.216551 -0.753098 -0.078189 0.616308
1403638173.045097112655640 -10.551801 -3.490758 2.713156 -0.215994 -0.755740 -0.075231 0.613632
1403638173.095097064971924 -10.460042 -3.408413 2.676667 -0.216616 -0.758087 -0.070073 0.611123
1403638173.145097017288208 -10.352431 -3.332265 2.643029 -0.215951 -0.760807 -0.069011 0.608092
1403638173.195097208023071 -10.240171 -3.267577 2.600683 -0.214746 -0.762933 -0.068518 0.605906
1403638173.245097160339355 -10.126918 -3.189311 2.555555 -0.211281 -0.764915 -0.071060 0.604331
1403638173.295097112655640 -10.014405 -3.082890 2.508688 -0.207910 -0.766651 -0.073767 0.602974
1403638173.345097064971924 -9.902299 -3.017393 2.473682 -0.205984 -0.769421 -0.078671 0.599477
1403638173.395097255706787 -9.789642 -2.938351 2.425069 -0.200443 -0.770440 -0.086244 0.599005
1403638173.445096969604492 -9.683324 -2.867195 2.384526 -0.196670 -0.772624 -0.095339 0.596056
1403638173.495097160339355 -9.549488 -2.805336 2.333708 -0.194431 -0.775826 -0.102608 0.591406
1403638173.545097112655640 -9.433890 -2.725735 2.290462 -0.191807 -0.776621 -0.108615 0.590146
1403638173.595097064971924 -9.328172 -2.637971 2.250615 -0.189873 -0.777709 -0.113487 0.588420
1403638173.645097017288208 -9.236795 -2.588843 2.219878 -0.191269 -0.778005 -0.115523 0.587179
1403638173.695097208023071 -9.126500 -2.526049 2.177244 -0.191371 -0.778189 -0.117939 0.586420
1403638173.745097160339355 -9.011594 -2.444406 2.122537 -0.192283 -0.778304 -0.117557 0.586047
1403638173.795097112655640 -8.887009 -2.368129 2.071326 -0.193587 -0.778636 -0.117043 0.585279
1403638173.845097064971924 -8.773924 -2.289922 2.026634 -0.194299 -0.779505 -0.116353 0.584022
1403638173.895097255706787 -8.656914 -2.217626 1.976300 -0.193797 -0.780335 -0.118040 0.582740
1403638173.945096969604492 -8.551978 -2.154058 1.926654 -0.194635 -0.779030 -0.117414 0.584331
1403638173.995097160339355 -8.421521 -2.060044 1.874566 -0.194480 -0.779195 -0.115898 0.584466
1403638174.045097112655640 -8.321346 -1.989443 1.830206 -0.195015 -0.780262 -0.116821 0.582677
1403638174.095097064971924 -8.191046 -1.925392 1.787471 -0.195823 -0.779417 -0.115801 0.583740
1403638174.145097017288208 -8.073731 -1.869214 1.755623 -0.194938 -0.780785 -0.117846 0.581796
1403638174.195097208023071 -7.956256 -1.788734 1.718487 -0.194733 -0.783542 -0.117698 0.578177
1403638174.245097160339355 -7.840304 -1.722654 1.676829 -0.194281 -0.785943 -0.118538 0.574889
1403638174.295097112655640 -7.730850 -1.678673 1.655313 -0.197146 -0.789524 -0.117551 0.569181
1403638174.345097064971924 -7.604076 -1.611980 1.612319 -0.196459 -0.791495 -0.118598 0.566457
1403638174.395097255706787 -7.480682 -1.555182 1.576567 -0.197729 -0.793818 -0.115924 0.563309
1403638174.445096969604492 -7.354489 -1.494114 1.521838 -0.196786 -0.795605 -0.116896 0.560912
1403638174.495097160339355 -7.243927 -1.433402 1.468418 -0.197430 -0.796544 -0.114587 0.559830
1403638174.545097112655640 -7.127597 -1.381603 1.432125 -0.198231 -0.798315 -0.113409 0.557257
1403638174.595097064971924 -7.010413 -1.305435 1.384542 -0.195384 -0.800484 -0.115658 0.554683
1403638174.645097017288208 -6.909109 -1.220457 1.344323 -0.195578 -0.802966 -0.116158 0.550910
1403638174.695097208023071 -6.810092 -1.140237 1.308355 -0.193593 -0.805862 -0.117404 0.547106
1403638174.745097160339355 -6.710613 -1.061501 1.264075 -0.192991 -0.808250 -0.117027 0.543867
1403638174.795097112655640 -6.603967 -0.985345 1.227015 -0.192608 -0.810005 -0.116897 0.541415
1403638174.845097064971924 -6.495617 -0.908061 1.187005 -0.192188 -0.811323 -0.116897 0.539587
1403638174.895097255706787 -6.393837 -0.835851 1.142076 -0.190783 -0.811768 -0.117930 0.539191
1403638174.945096969604492 -6.290324 -0.777769 1.119806 -0.191487 -0.812620 -0.118015 0.537638
1403638174.995097160339355 -6.189622 -0.715190 1.082676 -0.191741 -0.812868 -0.118424 0.537082
1403638175.045097112655640 -6.109979 -0.640958 1.068203 -0.191936 -0.811817 -0.120258 0.538194
1403638175.095097064971924 -6.036418 -0.586933 1.057063 -0.193496 -0.811697 -0.121109 0.537625
1403638175.145097017288208 -5.951368 -0.528491 1.039581 -0.193069 -0.811413 -0.123882 0.537575
1403638175.195097208023071 -5.871327 -0.457368 1.009065 -0.192979 -0.811469 -0.124176 0.537455
1403638175.245097160339355 -5.777202 -0.391879 0.992303 -0.192957 -0.811946 -0.125887 0.536343
1403638175.295097112655640 -5.687167 -0.322825 0.973065 -0.193870 -0.813805 -0.125553 0.533266
1403638175.345097064971924 -5.590322 -0.243566 0.955009 -0.194532 -0.816444 -0.125088 0.529083
1403638175.395097255706787 -5.505768 -0.166217 0.923468 -0.193513 -0.819183 -0.126287 0.524923
1403638175.445096969604492 -5.435362 -0.106679 0.917807 -0.193186 -0.821778 -0.128988 0.520309
1403638175.495097160339355 -5.369409 -0.049306 0.909807 -0.192679 -0.825063 -0.130542 0.514883
1403638175.545097112655640 -5.304644 0.011358 0.893797 -0.190277 -0.828958 -0.130920 0.509395
1403638175.595097064971924 -5.238058 0.074384 0.880921 -0.190894 -0.832447 -0.128565 0.504047
1403638175.645097017288208 -5.183801 0.134954 0.871489 -0.191267 -0.836056 -0.127406 0.498191
1403638175.695097208023071 -5.123466 0.203643 0.866949 -0.191572 -0.839493 -0.125242 0.492814
1403638175.745097160339355 -5.061795 0.278321 0.858896 -0.192099 -0.841344 -0.123399 0.489909
1403638175.795097112655640 -5.009949 0.352617 0.850347 -0.191588 -0.843547 -0.122821 0.486454
1403638175.845097064971924 -4.969853 0.423718 0.843424 -0.190747 -0.845097 -0.123158 0.484003
1403638175.895097255706787 -4.936893 0.474095 0.839268 -0.190354 -0.845762 -0.125985 0.482265
1403638175.945096969604492 -4.894712 0.538322 0.827127 -0.187970 -0.845849 -0.128625 0.482351
1403638175.995097160339355 -4.868645 0.599822 0.811567 -0.183353 -0.844950 -0.133775 0.484300
1403638176.045097112655640 -4.835226 0.668482 0.793459 -0.180555 -0.841471 -0.136656 0.490563
1403638176.095097064971924 -4.817016 0.726012 0.785187 -0.176136 -0.837008 -0.143249 0.497868
1403638176.145097017288208 -4.793545 0.789280 0.774024 -0.173092 -0.830155 -0.147165 0.509141
1403638176.195097208023071 -4.775074 0.848663 0.758845 -0.172536 -0.821652 -0.147778 0.522763
1403638176.245097160339355 -4.763138 0.904638 0.748493 -0.173613 -0.814582 -0.146120 0.533819
1403638176.295097112655640 -4.761403 0.959739 0.737688 -0.172035 -0.808910 -0.146775 0.542702
1403638176.345097064971924 -4.753366 1.011817 0.724665 -0.171886 -0.805469 -0.146161 0.548006
1403638176.395097255706787 -4.747196 1.074826 0.708370 -0.171504 -0.802994 -0.146902 0.551549
1403638176.445096969604492 -4.738335 1.130778 0.701006 -0.171021 -0.802826 -0.148274 0.551577
1403638176.495097160339355 -4.722590 1.191587 0.690977 -0.170819 -0.802381 -0.148952 0.552104
1403638176.545097112655640 -4.711757 1.248855 0.686793 -0.171068 -0.802853 -0.149500 0.551191
1403638176.595097064971924 -4.698739 1.303871 0.680577 -0.171314 -0.803629 -0.149352 0.550024
1403638176.645097017288208 -4.684641 1.364486 0.674284 -0.171187 -0.804192 -0.150224 0.549002
1403638176.695097208023071 -4.678209 1.417118 0.675590 -0.171121 -0.804501 -0.150150 0.548589
1403638176.745097160339355 -4.682851 1.459694 0.680291 -0.170935 -0.804654 -0.149859 0.548503
1403638176.795097112655640 -4.685042 1.500815 0.682155 -0.172016 -0.804728 -0.148586 0.548402
1403638176.845097064971924 -4.698507 1.530121 0.693838 -0.173810 -0.804406 -0.145845 0.549044
1403638176.895097255706787 -4.706651 1.553693 0.705038 -0.175756 -0.804768 -0.143736 0.548450
1403638176.945096969604492 -4.703685 1.587603 0.710532 -0.176398 -0.804691 -0.143783 0.548345
1403638176.995097160339355 -4.703549 1.619265 0.724179 -0.175827 -0.805444 -0.144307 0.547285
1403638177.045097112655640 -4.707447 1.651445 0.732645 -0.175286 -0.806445 -0.144832 0.545843
1403638177.095097064971924 -4.712058 1.682661 0.738354 -0.174297 -0.806987 -0.146480 0.544919
1403638177.145097017288208 -4.724636 1.707241 0.740724 -0.173410 -0.807250 -0.147935 0.544419
1403638177.195097208023071 -4.735028 1.733509 0.739687 -0.172266 -0.807556 -0.149697 0.543846
1403638177.245097160339355 -4.733062 1.766567 0.734924 -0.171995 -0.807519 -0.150735 0.543701
1403638177.295097112655640 -4.742406 1.791427 0.727893 -0.171757 -0.807502 -0.151489 0.543590
1403638177.345097064971924 -4.746419 1.809875 0.731757 -0.172371 -0.807546 -0.152802 0.542963
1403638177.395097255706787 -4.755011 1.836088 0.739543 -0.172270 -0.807518 -0.152909 0.543006
1403638177.445096969604492 -4.771226 1.856956 0.738130 -0.173304 -0.808115 -0.152503 0.541904
1403638177.495097160339355 -4.787527 1.875886 0.732492 -0.176127 -0.807567 -0.149153 0.542742
1403638177.545097112655640 -4.804704 1.892212 0.726403 -0.180298 -0.806656 -0.144073 0.544098
1403638177.595097064971924 -4.822553 1.906655 0.716466 -0.186159 -0.805496 -0.136450 0.545804
1403638177.645097017288208 -4.833204 1.923207 0.704827 -0.189808 -0.804517 -0.132715 0.546912
1403638177.695097208023071 -4.851363 1.940045 0.690920 -0.194540 -0.803560 -0.127523 0.547889
1403638177.745097160339355 -4.866129 1.958590 0.678032 -0.199188 -0.801763 -0.123671 0.549733
1403638177.795097112655640 -4.874655 1.979379 0.664315 -0.203636 -0.798650 -0.120736 0.553276
1403638177.845097064971924 -4.898735 1.994266 0.649714 -0.206644 -0.794557 -0.118661 0.558478
1403638177.895097255706787 -4.908417 2.017201 0.634996 -0.208865 -0.790544 -0.118116 0.563440
1403638177.945096969604492 -4.925626 2.036417 0.621884 -0.210202 -0.787222 -0.118436 0.567512
1403638177.995097160339355 -4.943374 2.053558 0.607857 -0.210627 -0.784422 -0.119526 0.570992
1403638178.045097112655640 -4.960560 2.085314 0.592032 -0.210229 -0.782234 -0.123409 0.573309
1403638178.095097064971924 -4.975267 2.114353 0.581382 -0.210883 -0.780853 -0.127964 0.573953
1403638178.145097017288208 -4.993021 2.134386 0.579160 -0.213367 -0.779450 -0.132468 0.573920
1403638178.195097208023071 -5.001375 2.159554 0.577828 -0.218087 -0.777159 -0.136479 0.574313
1403638178.245097160339355 -5.014011 2.176736 0.576754 -0.224519 -0.773919 -0.140903 0.575141
1403638178.295097112655640 -5.029166 2.185152 0.585058 -0.231823 -0.771209 -0.146350 0.574523
1403638178.345097064971924 -5.027806 2.202983 0.591243 -0.240329 -0.767831 -0.151643 0.574180
1403638178.395097255706787 -5.024339 2.222535 0.597164 -0.249256 -0.764732 -0.158155 0.572751
1403638178.445096969604492 -5.019090 2.242167 0.600045 -0.260156 -0.761991 -0.162584 0.570311
1403638178.495097160339355 -5.000255 2.270910 0.603391 -0.271364 -0.760206 -0.168513 0.565731
1403638178.545097112655640 -4.994226 2.295142 0.601039 -0.283060 -0.758691 -0.172896 0.560688
1403638178.595097064971924 -4.987208 2.313593 0.601193 -0.295120 -0.757335 -0.177044 0.554981
1403638178.645097017288208 -4.995074 2.325513 0.599367 -0.306591 -0.754859 -0.181210 0.550774
1403638178.695097208023071 -4.989564 2.337594 0.601604 -0.317398 -0.751957 -0.186467 0.546854
1403638178.745097160339355 -4.971511 2.366995 0.596113 -0.327412 -0.748138 -0.191855 0.544319
1403638178.795097112655640 -4.945468 2.402748 0.589169 -0.336595 -0.744898 -0.198048 0.540931
1403638178.845097064971924 -4.917784 2.441406 0.572047 -0.345451 -0.742629 -0.203950 0.536255
1403638178.895097255706787 -4.897613 2.473848 0.572567 -0.352644 -0.742131 -0.208594 0.530445
1403638178.945096969604492 -4.896961 2.502292 0.564144 -0.358877 -0.741671 -0.212175 0.525465
1403638178.995097160339355 -4.883880 2.532272 0.556528 -0.364406 -0.742313 -0.214786 0.519660
1403638179.045097112655640 -4.875732 2.557203 0.552850 -0.368361 -0.743506 -0.218236 0.513695
1403638179.095097064971924 -4.867442 2.583762 0.538646 -0.371143 -0.744341 -0.221480 0.509074
1403638179.145097017288208 -4.862136 2.605619 0.529590 -0.374108 -0.744984 -0.225240 0.504291
1403638179.195097208023071 -4.847111 2.630282 0.518571 -0.377109 -0.745138 -0.229877 0.499714
1403638179.245097160339355 -4.835831 2.657792 0.506166 -0.379509 -0.745512 -0.234667 0.495092
1403638179.295097112655640 -4.823357 2.685417 0.493717 -0.383360 -0.745391 -0.238701 0.490356
1403638179.345097064971924 -4.808978 2.717483 0.482468 -0.387366 -0.743989 -0.244264 0.486583
1403638179.395097255706787 -4.787202 2.756385 0.468211 -0.392581 -0.740087 -0.249962 0.485459
1403638179.445096969604492 -4.781211 2.785861 0.455686 -0.399025 -0.733306 -0.255084 0.487826
1403638179.495097160339355 -4.774593 2.818632 0.442743 -0.405685 -0.725356 -0.260936 0.491111
1403638179.545097112655640 -4.755931 2.857631 0.428167 -0.413036 -0.717670 -0.267301 0.492849
1403638179.595097064971924 -4.749497 2.885511 0.411197 -0.420187 -0.710594 -0.273777 0.493503
1403638179.645097017288208 -4.740021 2.921777 0.395945 -0.428510 -0.704130 -0.279250 0.492544
1403638179.695097208023071 -4.721629 2.954777 0.384894 -0.436510 -0.697401 -0.286654 0.490837
1403638179.745097160339355 -4.714981 2.984127 0.370070 -0.445126 -0.691301 -0.293148 0.487883
1403638179.795097112655640 -4.692851 3.022513 0.353899 -0.453578 -0.685286 -0.299183 0.484912
1403638179.845097064971924 -4.663942 3.076541 0.334270 -0.461334 -0.678803 -0.306014 0.482444
1403638179.895097255706787 -4.641718 3.134608 0.306215 -0.469972 -0.673133 -0.310508 0.479169
1403638179.945096969604492 -4.618570 3.207190 0.278490 -0.477636 -0.669703 -0.313217 0.474612
1403638179.995097160339355 -4.632933 3.263125 0.267725 -0.484463 -0.668002 -0.314401 0.469276
1403638180.045097112655640 -4.619647 3.310312 0.267051 -0.491791 -0.666502 -0.314626 0.463603
1403638180.095097064971924 -4.601900 3.356042 0.267081 -0.497816 -0.663664 -0.315918 0.460354
1403638180.145097017288208 -4.588523 3.399820 0.267410 -0.502178 -0.661401 -0.317163 0.458011
1403638180.195097208023071 -4.567386 3.446916 0.269922 -0.504238 -0.659734 -0.320059 0.456132
1403638180.245097160339355 -4.540696 3.494040 0.267769 -0.506382 -0.658387 -0.321671 0.454568
1403638180.295097112655640 -4.527748 3.538920 0.260013 -0.508203 -0.658107 -0.321432 0.453107
1403638180.345097064971924 -4.503380 3.589146 0.256012 -0.509724 -0.657715 -0.320927 0.452325
1403638180.395097255706787 -4.482974 3.630861 0.248351 -0.510269 -0.657739 -0.322583 0.450494
1403638180.445096969604492 -4.461919 3.670302 0.245771 -0.510186 -0.658906 -0.323473 0.448239
1403638180.495097160339355 -4.454871 3.711138 0.242202 -0.509372 -0.658795 -0.326123 0.447406
1403638180.545097112655640 -4.445097 3.745269 0.238660 -0.507831 -0.659712 -0.327985 0.446446
1403638180.595097064971924 -4.418623 3.769488 0.254429 -0.506681 -0.660340 -0.330453 0.445002
1403638180.645097017288208 -4.394226 3.803458 0.250872 -0.505700 -0.662345 -0.331285 0.442513
1403638180.695097208023071 -4.369742 3.843837 0.245881 -0.505705 -0.663941 -0.330629 0.440601
1403638180.745097160339355 -4.350200 3.887534 0.238796 -0.505687 -0.666933 -0.328886 0.437395
1403638180.795097112655640 -4.341626 3.930891 0.236254 -0.505869 -0.668279 -0.327165 0.436421
1403638180.845097064971924 -4.327727 3.973854 0.236425 -0.505402 -0.669574 -0.325777 0.436015
1403638180.895097255706787 -4.315574 4.023126 0.235137 -0.504687 -0.670081 -0.324007 0.437381
1403638180.945096969604492 -4.305200 4.077205 0.234162 -0.503832 -0.670342 -0.323113 0.438626
1403638180.995097160339355 -4.288318 4.127697 0.237411 -0.503411 -0.669808 -0.321927 0.440792
1403638181.045097112655640 -4.278101 4.181831 0.235797 -0.502617 -0.669178 -0.320883 0.443408
1403638181.095097064971924 -4.264294 4.237721 0.231752 -0.502084 -0.669192 -0.319779 0.444786
1403638181.145097017288208 -4.252259 4.294003 0.226809 -0.502281 -0.668411 -0.317708 0.447215
1403638181.195097208023071 -4.233536 4.350485 0.222565 -0.501027 -0.667089 -0.317529 0.450710
1403638181.245097160339355 -4.225734 4.402011 0.216220 -0.500760 -0.664089 -0.317775 0.455241
1403638181.295097112655640 -4.219835 4.457494 0.208965 -0.501962 -0.658976 -0.318658 0.460698
1403638181.345097064971924 -4.207598 4.510722 0.201028 -0.504350 -0.653654 -0.320956 0.464064
1403638181.395097255706787 -4.214129 4.563132 0.191364 -0.508272 -0.647479 -0.323021 0.466999
1403638181.445096969604492 -4.205492 4.618404 0.179777 -0.514372 -0.640556 -0.324419 0.468893
1403638181.495097160339355 -4.186617 4.677760 0.169357 -0.520492 -0.632029 -0.328390 0.470942
1403638181.545097112655640 -4.170669 4.734757 0.155981 -0.526117 -0.620675 -0.334340 0.475585
1403638181.595097064971924 -4.147675 4.794272 0.138919 -0.530915 -0.610455 -0.342969 0.477332
1403638181.645097017288208 -4.126663 4.854369 0.126491 -0.536416 -0.603112 -0.350912 0.474737
1403638181.695097208023071 -4.100200 4.913685 0.120272 -0.542082 -0.598618 -0.358628 0.468176
1403638181.745097160339355 -4.048519 4.955121 0.124592 -0.548989 -0.594006 -0.366019 0.460215
1403638181.795097112655640 -4.017360 5.006389 0.118483 -0.555127 -0.589938 -0.373473 0.452023
1403638181.845097064971924 -3.991120 5.048073 0.118782 -0.561471 -0.586701 -0.380120 0.442766
1403638181.895097255706787 -3.953161 5.100618 0.118610 -0.567595 -0.584099 -0.387061 0.432260
1403638181.945096969604492 -3.918255 5.147865 0.123187 -0.574717 -0.580505 -0.391045 0.424027
1403638181.995097160339355 -3.886387 5.198971 0.122558 -0.581008 -0.577622 -0.393419 0.417137
1403638182.045097112655640 -3.858924 5.247680 0.125052 -0.587747 -0.575384 -0.393229 0.410923
1403638182.095097064971924 -3.830874 5.298815 0.123739 -0.593069 -0.573103 -0.393468 0.406208
1403638182.145097017288208 -3.803575 5.343447 0.132951 -0.597916 -0.571372 -0.393608 0.401375
1403638182.195097208023071 -3.769222 5.394348 0.143463 -0.601923 -0.569565 -0.393596 0.397953
1403638182.245097160339355 -3.735016 5.442999 0.151028 -0.606922 -0.567333 -0.390949 0.396153
1403638182.295097112655640 -3.706064 5.493798 0.152621 -0.610981 -0.565323 -0.388422 0.395273
1403638182.345097064971924 -3.667167 5.557351 0.147466 -0.613919 -0.563361 -0.386399 0.395505
1403638182.395097255706787 -3.629321 5.595178 0.163874 -0.616610 -0.563142 -0.383159 0.394780
1403638182.445096969604492 -3.638009 5.684827 0.175149 -0.615531 -0.565674 -0.384377 0.391650
1403638182.495097160339355 -3.611490 5.738291 0.183840 -0.614493 -0.568662 -0.385481 0.387848
1403638182.545097112655640 -3.563835 5.787025 0.196157 -0.612370 -0.572295 -0.388590 0.382727
1403638182.595097064971924 -3.532919 5.858048 0.198448 -0.609647 -0.575995 -0.390697 0.379362
1403638182.645097017288208 -3.493102 5.911132 0.215767 -0.608348 -0.578341 -0.391189 0.377367
1403638182.695097208023071 -3.458776 5.974555 0.228933 -0.606888 -0.580241 -0.391259 0.376728
1403638182.745097160339355 -3.422768 6.037939 0.244936 -0.606172 -0.580839 -0.390315 0.377936
1403638182.795097112655640 -3.388399 6.101665 0.258837 -0.605002 -0.581367 -0.390247 0.379068
1403638182.845097064971924 -3.357642 6.164360 0.271470 -0.603682 -0.581640 -0.390123 0.380877
1403638182.895097255706787 -3.324307 6.226232 0.284433 -0.602152 -0.580984 -0.390780 0.383617
1403638182.945096969604492 -3.289867 6.292193 0.291306 -0.600613 -0.579819 -0.391790 0.386749
1403638182.995097160339355 -3.254689 6.356366 0.302855 -0.597966 -0.578339 -0.394185 0.390614
1403638183.045097112655640 -3.218102 6.422274 0.309545 -0.595587 -0.576794 -0.396360 0.394315
1403638183.095097064971924 -3.182532 6.482794 0.325870 -0.592516 -0.576258 -0.399945 0.396100
1403638183.145097017288208 -3.145914 6.550436 0.332084 -0.589158 -0.576898 -0.403713 0.396355
1403638183.195097208023071 -3.111597 6.612497 0.337597 -0.587354 -0.577270 -0.405219 0.396953
1403638183.245097160339355 -3.077997 6.670989 0.343131 -0.586322 -0.580028 -0.405735 0.393921
1403638183.295097112655640 -3.044784 6.735786 0.344742 -0.586809 -0.582112 -0.404673 0.391205
1403638183.345097064971924 -3.011218 6.801121 0.344972 -0.588786 -0.584200 -0.401334 0.388552
1403638183.395097255706787 -2.980607 6.865779 0.344168 -0.590657 -0.586367 -0.398139 0.385725
1403638183.445096969604492 -2.949132 6.925068 0.344240 -0.592093 -0.588918 -0.395950 0.381871
1403638183.495097160339355 -2.919432 6.987971 0.341429 -0.592881 -0.590959 -0.394804 0.378668
1403638183.545097112655640 -2.888445 7.054861 0.339447 -0.592916 -0.593249 -0.394007 0.375853
1403638183.595097064971924 -2.860164 7.123807 0.334027 -0.593634 -0.593461 -0.393088 0.375344
1403638183.645097017288208 -2.832420 7.189901 0.332714 -0.592949 -0.592072 -0.394195 0.377456
1403638183.695097208023071 -2.803302 7.260872 0.331118 -0.589497 -0.591000 -0.399245 0.379231
1403638183.745097160339355 -2.774654 7.333441 0.330770 -0.587295 -0.587540 -0.402635 0.384404
1403638183.795097112655640 -2.754221 7.403061 0.333525 -0.583727 -0.586336 -0.407594 0.386446
1403638183.845097064971924 -2.730381 7.476218 0.336022 -0.580043 -0.584086 -0.412832 0.389825
1403638183.895097255706787 -2.712032 7.543745 0.341893 -0.578296 -0.582062 -0.415651 0.392443
1403638183.945096969604492 -2.688707 7.612961 0.353202 -0.577684 -0.581360 -0.416678 0.393295
1403638183.995097160339355 -2.669796 7.681671 0.363714 -0.578026 -0.581473 -0.416534 0.392778
1403638184.045097112655640 -2.653807 7.747981 0.374473 -0.579313 -0.581637 -0.414819 0.392454
1403638184.095097064971924 -2.633625 7.825649 0.384374 -0.581497 -0.583190 -0.412162 0.389710
1403638184.145097017288208 -2.617913 7.900792 0.393436 -0.583699 -0.585380 -0.409323 0.386109
1403638184.195097208023071 -2.600453 7.966786 0.406360 -0.587086 -0.586461 -0.405169 0.383709
1403638184.245097160339355 -2.585889 8.036708 0.414892 -0.589028 -0.587707 -0.402743 0.381372
1403638184.295097112655640 -2.550500 8.083029 0.428939 -0.591198 -0.587176 -0.402479 0.379105
1403638184.345097064971924 -2.534770 8.149148 0.440043 -0.590516 -0.586894 -0.404067 0.378914
1403638184.395097255706787 -2.522287 8.217408 0.444762 -0.589589 -0.584996 -0.405777 0.381457
1403638184.445096969604492 -2.517246 8.274198 0.453892 -0.588240 -0.583995 -0.407931 0.382773
1403638184.495097160339355 -2.507910 8.343354 0.459209 -0.586659 -0.583180 -0.410576 0.383613
1403638184.545097112655640 -2.496789 8.414149 0.462930 -0.586383 -0.582107 -0.411421 0.384759
1403638184.595097064971924 -2.486491 8.482591 0.469495 -0.585767 -0.581434 -0.412538 0.385518
1403638184.645097017288208 -2.479873 8.556273 0.471443 -0.585489 -0.580331 -0.413061 0.387039
1403638184.695097208023071 -2.469366 8.624286 0.477330 -0.585415 -0.580786 -0.413274 0.386241
1403638184.745097160339355 -2.459477 8.691550 0.483577 -0.586182 -0.579749 -0.412415 0.387551
1403638184.795097112655640 -2.451471 8.769607 0.487520 -0.585979 -0.579475 -0.412674 0.387991
1403638184.845097064971924 -2.448905 8.834191 0.493270 -0.586656 -0.579579 -0.412278 0.387234
1403638184.895097255706787 -2.457079 8.891467 0.509302 -0.585956 -0.579971 -0.413914 0.385959
1403638184.945096969604492 -2.440333 8.986583 0.500681 -0.584740 -0.579071 -0.415527 0.387418
1403638184.995097160339355 -2.436145 9.063505 0.505474 -0.585193 -0.578677 -0.415056 0.387829
1403638185.045097112655640 -2.426992 9.138763 0.512588 -0.585618 -0.578296 -0.414390 0.388467
1403638185.095097064971924 -2.425305 9.208792 0.518522 -0.585373 -0.579305 -0.414959 0.386721
1403638185.145097017288208 -2.424117 9.275526 0.523591 -0.585364 -0.580088 -0.414563 0.385985
1403638185.195097208023071 -2.431158 9.342946 0.528741 -0.584728 -0.580439 -0.415571 0.385335
1403638185.245097160339355 -2.426468 9.411401 0.535974 -0.583292 -0.582421 -0.417224 0.382727
1403638185.295097112655640 -2.428745 9.484570 0.542126 -0.582224 -0.582932 -0.418347 0.382350
1403638185.345097064971924 -2.434158 9.548264 0.549512 -0.580939 -0.583696 -0.420258 0.381041
1403638185.395097255706787 -2.437887 9.616694 0.555892 -0.578081 -0.584491 -0.422355 0.381850
1403638185.445096969604492 -2.447778 9.677783 0.564077 -0.574201 -0.585971 -0.424093 0.383504
1403638185.495097160339355 -2.451896 9.751867 0.568023 -0.568809 -0.588394 -0.425720 0.386021
1403638185.545097112655640 -2.466464 9.809808 0.574414 -0.563319 -0.591913 -0.425718 0.388684
1403638185.595097064971924 -2.479395 9.871419 0.581776 -0.557742 -0.595504 -0.424478 0.392578
1403638185.645097017288208 -2.489293 9.939622 0.586916 -0.552260 -0.599284 -0.423787 0.395313
1403638185.695097208023071 -2.504317 10.004580 0.591971 -0.548595 -0.601090 -0.420932 0.400688
1403638185.745097160339355 -2.514531 10.070327 0.599752 -0.546342 -0.602233 -0.416866 0.406261
1403638185.795097112655640 -2.538652 10.130948 0.606093 -0.547244 -0.602723 -0.409318 0.411956
1403638185.845097064971924 -2.551796 10.184869 0.610788 -0.551636 -0.601575 -0.397869 0.418934
1403638185.895097255706787 -2.555733 10.225578 0.619410 -0.556106 -0.600890 -0.387756 0.423465
1403638185.945096969604492 -2.568628 10.279284 0.623765 -0.560184 -0.600228 -0.378049 0.427783
1403638185.995097160339355 -2.575875 10.344699 0.626562 -0.561502 -0.600245 -0.373585 0.429949
1403638186.045097112655640 -2.592663 10.414927 0.629077 -0.560803 -0.602621 -0.372459 0.428511
1403638186.095097064971924 -2.608848 10.474284 0.629313 -0.559529 -0.605393 -0.372833 0.425936
1403638186.145097017288208 -2.623646 10.528403 0.630420 -0.557464 -0.607466 -0.375090 0.423705
1403638186.195097208023071 -2.633534 10.587293 0.629097 -0.555369 -0.609894 -0.377292 0.421004
1403638186.245097160339355 -2.649683 10.647882 0.628363 -0.554711 -0.611017 -0.377868 0.419726
1403638186.295097112655640 -2.658691 10.706672 0.629802 -0.553222 -0.612325 -0.379557 0.418258
1403638186.345097064971924 -2.672486 10.761729 0.637596 -0.552438 -0.613272 -0.381051 0.416545
1403638186.395097255706787 -2.684537 10.823923 0.640931 -0.552254 -0.613705 -0.381461 0.415777
1403638186.445096969604492 -2.699295 10.889125 0.644572 -0.551918 -0.613600 -0.381975 0.415905
1403638186.495097160339355 -2.712921 10.937783 0.658035 -0.551364 -0.612932 -0.383412 0.416302
1403638186.545097112655640 -2.725642 10.996552 0.666587 -0.550844 -0.613884 -0.384733 0.414365
1403638186.595097064971924 -2.735308 11.061238 0.674256 -0.550275 -0.614260 -0.386130 0.413263
1403638186.645097017288208 -2.743811 11.120994 0.681347 -0.549797 -0.615270 -0.387173 0.411417
1403638186.695097208023071 -2.763569 11.177018 0.688724 -0.548232 -0.616245 -0.390078 0.409295
1403638186.745097160339355 -2.777911 11.240611 0.690467 -0.545374 -0.618160 -0.392690 0.407725
1403638186.795097112655640 -2.796603 11.298318 0.693102 -0.541725 -0.620903 -0.394639 0.406538
1403638186.845097064971924 -2.811709 11.350511 0.698338 -0.537305 -0.624183 -0.395952 0.406105
1403638186.895097255706787 -2.835019 11.410403 0.696074 -0.533090 -0.628750 -0.395035 0.405508
1403638186.945096969604492 -2.861421 11.468134 0.691669 -0.528469 -0.632927 -0.392308 0.407698
1403638186.995097160339355 -2.880872 11.521870 0.697321 -0.523101 -0.638211 -0.387794 0.410692
1403638187.045097112655640 -2.908935 11.582607 0.698980 -0.517449 -0.641649 -0.381174 0.418615
1403638187.095097064971924 -2.937919 11.634530 0.707026 -0.510157 -0.645737 -0.374444 0.427265
1403638187.145097017288208 -2.965919 11.689294 0.712278 -0.501218 -0.649481 -0.367929 0.437702
1403638187.195097208023071 -2.998168 11.741241 0.722002 -0.492221 -0.653694 -0.360410 0.447780
1403638187.245097160339355 -3.047604 11.806389 0.736302 -0.481439 -0.658023 -0.352879 0.459019
1403638187.295097112655640 -3.077445 11.864492 0.747009 -0.470117 -0.662328 -0.347588 0.468503
1403638187.345097064971924 -3.106354 11.915994 0.762625 -0.460056 -0.666680 -0.342020 0.476349
1403638187.395097255706787 -3.133316 11.963255 0.778033 -0.450346 -0.669790 -0.337945 0.484111
1403638187.445096969604492 -3.164038 12.015364 0.793031 -0.441970 -0.672989 -0.334365 0.489845
1403638187.495097160339355 -3.193266 12.058792 0.822373 -0.435976 -0.676854 -0.330770 0.492326
1403638187.545097112655640 -3.221541 12.108726 0.841696 -0.431423 -0.680990 -0.326490 0.493488
1403638187.595097064971924 -3.247801 12.151279 0.856705 -0.428882 -0.685396 -0.321601 0.492814
1403638187.645097017288208 -3.273672 12.196203 0.880805 -0.427343 -0.689289 -0.317367 0.491464
1403638187.695097208023071 -3.300960 12.238471 0.892965 -0.425718 -0.692684 -0.315026 0.489604
1403638187.745097160339355 -3.325601 12.275892 0.906799 -0.423897 -0.695414 -0.314369 0.487733
1403638187.795097112655640 -3.349066 12.308617 0.921973 -0.422383 -0.697590 -0.314208 0.486038
1403638187.845097064971924 -3.384599 12.355969 0.933569 -0.420544 -0.698542 -0.315858 0.485197
1403638187.895097255706787 -3.406342 12.384281 0.946315 -0.417722 -0.700083 -0.319338 0.483131
1403638187.945096969604492 -3.430416 12.418054 0.954520 -0.415704 -0.699725 -0.322298 0.483424
1403638187.995097160339355 -3.465032 12.459742 0.963396 -0.413185 -0.698938 -0.327026 0.483549
1403638188.045097112655640 -3.495131 12.488612 0.972232 -0.410883 -0.698020 -0.331341 0.483897
1403638188.095097064971924 -3.523769 12.519992 0.979952 -0.408638 -0.697352 -0.335665 0.483781
1403638188.145097017288208 -3.554639 12.547791 0.984605 -0.406210 -0.696713 -0.340417 0.483426
1403638188.195097208023071 -3.584298 12.575554 0.986001 -0.405042 -0.694506 -0.343234 0.485585
1403638188.245097160339355 -3.620104 12.601240 0.988500 -0.405039 -0.690388 -0.344674 0.490415
1403638188.295097112655640 -3.654941 12.629268 0.985201 -0.405523 -0.683885 -0.344534 0.499148
1403638188.345097064971924 -3.683443 12.648037 0.987447 -0.406083 -0.677093 -0.344009 0.508231
1403638188.395097255706787 -3.718979 12.666343 0.986010 -0.405894 -0.670701 -0.344887 0.516200
1403638188.445096969604492 -3.750116 12.680845 0.983679 -0.406200 -0.665260 -0.345040 0.522856
1403638188.495097160339355 -3.780353 12.694595 0.982276 -0.406728 -0.660706 -0.344443 0.528582
1403638188.545097112655640 -3.810511 12.700805 0.979575 -0.406614 -0.656642 -0.344892 0.533420
1403638188.595097064971924 -3.838174 12.717862 0.979669 -0.407746 -0.653357 -0.342642 0.538018
1403638188.645097017288208 -3.864543 12.724443 0.982005 -0.406826 -0.654906 -0.341084 0.537822
1403638188.695097208023071 -3.886488 12.718680 0.982382 -0.405696 -0.657675 -0.337993 0.537248
1403638188.745097160339355 -3.913631 12.713878 0.985597 -0.404926 -0.662040 -0.333230 0.535440
1403638188.795097112655640 -3.942207 12.700329 0.976825 -0.404418 -0.667781 -0.328817 0.531407
1403638188.845097064971924 -3.965981 12.678634 0.982501 -0.403604 -0.672144 -0.324728 0.529035
1403638188.895097255706787 -3.984013 12.656022 0.993042 -0.402639 -0.675714 -0.321353 0.527281
1403638188.945096969604492 -4.002861 12.632613 1.008656 -0.402290 -0.679040 -0.317879 0.525376
1403638188.995097160339355 -4.021334 12.614947 1.021674 -0.400992 -0.682140 -0.315472 0.523801
1403638189.045097112655640 -4.036573 12.582873 1.037336 -0.399376 -0.684610 -0.311673 0.524087
1403638189.095097064971924 -4.052812 12.556905 1.049948 -0.396374 -0.686714 -0.307810 0.525895
1403638189.145097017288208 -4.065704 12.527473 1.066942 -0.392490 -0.689463 -0.303310 0.527822
1403638189.195097208023071 -4.085975 12.487247 1.067425 -0.388496 -0.693301 -0.297246 0.529197
1403638189.245097160339355 -4.096690 12.445020 1.078581 -0.383368 -0.697527 -0.290715 0.531009
1403638189.295097112655640 -4.112421 12.415451 1.093744 -0.377678 -0.702608 -0.283946 0.532049
1403638189.345097064971924 -4.125498 12.375825 1.101210 -0.372212 -0.709040 -0.276499 0.531290
1403638189.395097255706787 -4.140475 12.346827 1.107486 -0.368004 -0.717135 -0.269260 0.527058
1403638189.445096969604492 -4.151382 12.303556 1.108487 -0.364294 -0.725246 -0.262030 0.522158
1403638189.495097160339355 -4.164219 12.263619 1.118644 -0.360964 -0.732381 -0.255965 0.517499
1403638189.545097112655640 -4.171888 12.230522 1.123536 -0.358205 -0.738326 -0.250406 0.513674
1403638189.595097064971924 -4.180824 12.207409 1.129855 -0.355614 -0.742052 -0.246161 0.512155
1403638189.645097017288208 -4.190543 12.183856 1.149166 -0.354010 -0.745280 -0.241866 0.510623
1403638189.695097208023071 -4.200420 12.158692 1.154988 -0.353824 -0.748437 -0.236970 0.508425
1403638189.745097160339355 -4.208569 12.128649 1.159903 -0.354438 -0.751980 -0.232612 0.504768
1403638189.795097112655640 -4.223401 12.098567 1.173176 -0.355132 -0.754307 -0.229439 0.502254
1403638189.845097064971924 -4.240939 12.064886 1.180403 -0.355747 -0.756950 -0.227100 0.498895
1403638189.895097255706787 -4.250492 12.038672 1.184327 -0.355636 -0.759593 -0.226192 0.495357
1403638189.945096969604492 -4.264451 12.012256 1.190690 -0.356076 -0.761286 -0.225282 0.492851
1403638189.995097160339355 -4.288580 11.984948 1.200007 -0.355820 -0.760988 -0.226496 0.492938
1403638190.045097112655640 -4.301969 11.966368 1.201500 -0.354527 -0.758803 -0.228938 0.496101
1403638190.095097064971924 -4.311927 11.941634 1.202832 -0.353191 -0.755793 -0.231183 0.500587
1403638190.145097017288208 -4.333952 11.931341 1.193025 -0.351046 -0.752881 -0.235250 0.504573
1403638190.195097208023071 -4.347905 11.915621 1.194694 -0.349095 -0.749317 -0.238971 0.509460
1403638190.245097160339355 -4.367053 11.898062 1.195344 -0.344959 -0.745500 -0.245581 0.514708
1403638190.295097112655640 -4.383638 11.885959 1.186648 -0.337467 -0.743788 -0.253833 0.518136
1403638190.345097064971924 -4.402379 11.870074 1.182698 -0.329524 -0.743140 -0.260471 0.520876
1403638190.395097255706787 -4.417176 11.846812 1.179084 -0.320597 -0.743019 -0.266476 0.523575
1403638190.445096969604492 -4.438567 11.826539 1.176898 -0.312803 -0.744638 -0.270416 0.523970
1403638190.495097160339355 -4.453442 11.796490 1.163159 -0.307764 -0.745989 -0.271136 0.524660
1403638190.545097112655640 -4.473248 11.777016 1.153313 -0.304979 -0.747537 -0.268305 0.525536
1403638190.595097064971924 -4.494663 11.747809 1.150851 -0.303138 -0.749575 -0.265129 0.525311
1403638190.645097017288208 -4.511955 11.727254 1.128758 -0.301930 -0.751089 -0.261149 0.525837
1403638190.695097208023071 -4.530155 11.697851 1.118086 -0.301695 -0.751936 -0.257374 0.526623
1403638190.745097160339355 -4.546223 11.665353 1.112648 -0.300292 -0.752565 -0.255073 0.527644
1403638190.795097112655640 -4.563107 11.630404 1.103444 -0.302112 -0.752069 -0.249341 0.530047
1403638190.845097064971924 -4.581774 11.596568 1.096326 -0.304498 -0.752246 -0.243235 0.531266
1403638190.895097255706787 -4.604917 11.549105 1.096593 -0.306607 -0.752116 -0.238206 0.532515
1403638190.945096969604492 -4.625236 11.509639 1.104811 -0.307233 -0.752987 -0.235824 0.531983
1403638190.995097160339355 -4.645559 11.463101 1.105866 -0.308259 -0.752039 -0.233010 0.533966
1403638191.045097112655640 -4.672646 11.422280 1.113994 -0.307964 -0.750153 -0.232575 0.536971
1403638191.095097064971924 -4.676854 11.374420 1.116320 -0.306459 -0.749369 -0.232639 0.538895
1403638191.145097017288208 -4.696331 11.325313 1.125777 -0.307062 -0.750347 -0.231587 0.537643
1403638191.195097208023071 -4.714610 11.285473 1.131519 -0.308200 -0.752791 -0.229872 0.534301
1403638191.245097160339355 -4.730942 11.241857 1.136677 -0.309996 -0.756236 -0.227864 0.529233
1403638191.295097112655640 -4.749822 11.201012 1.151532 -0.312774 -0.759483 -0.224610 0.524316
1403638191.345097064971924 -4.766364 11.163388 1.160709 -0.312982 -0.762305 -0.224274 0.520225
1403638191.395097255706787 -4.771972 11.117103 1.174090 -0.313355 -0.764169 -0.223936 0.517404
1403638191.445096969604492 -4.788813 11.081219 1.178114 -0.314305 -0.765042 -0.223511 0.515718
1403638191.495097160339355 -4.802923 11.039888 1.190792 -0.315264 -0.765271 -0.222685 0.515151
1403638191.545097112655640 -4.825306 10.989260 1.204049 -0.315495 -0.765341 -0.223837 0.514406
1403638191.595097064971924 -4.847106 10.950503 1.210324 -0.315158 -0.765336 -0.225269 0.513994
1403638191.645097017288208 -4.870639 10.913246 1.213594 -0.315125 -0.765227 -0.226455 0.513655
1403638191.695097208023071 -4.891325 10.876861 1.217234 -0.313697 -0.766030 -0.228847 0.512271
1403638191.745097160339355 -4.907915 10.834462 1.216492 -0.312081 -0.766771 -0.231674 0.510876
1403638191.795097112655640 -4.939376 10.790001 1.224648 -0.310953 -0.767714 -0.234031 0.509072
1403638191.845097064971924 -4.954855 10.738348 1.226673 -0.310035 -0.768591 -0.235527 0.507616
1403638191.895097255706787 -4.981181 10.695013 1.226012 -0.309993 -0.768258 -0.236239 0.507813
1403638191.945096969604492 -5.011766 10.662995 1.221513 -0.310585 -0.768212 -0.236021 0.507623
1403638191.995097160339355 -5.028956 10.623481 1.221435 -0.310631 -0.768214 -0.235668 0.507756
1403638192.045097112655640 -5.058951 10.574523 1.225642 -0.309762 -0.768053 -0.237181 0.507826
1403638192.095097064971924 -5.090891 10.533712 1.229918 -0.310022 -0.768103 -0.237222 0.507573
1403638192.145097017288208 -5.123380 10.501354 1.230513 -0.310734 -0.767313 -0.236172 0.508820
1403638192.195097208023071 -5.156914 10.445955 1.242313 -0.311553 -0.766235 -0.235324 0.510334
1403638192.245097160339355 -5.192482 10.416290 1.257634 -0.311675 -0.764620 -0.235468 0.512610
1403638192.295097112655640 -5.233950 10.373396 1.269685 -0.312509 -0.761528 -0.234553 0.517105
1403638192.345097064971924 -5.263144 10.347534 1.283478 -0.311993 -0.759069 -0.234511 0.521038
1403638192.395097255706787 -5.292968 10.290371 1.310794 -0.311903 -0.757669 -0.234235 0.523248
1403638192.445096969604492 -5.320413 10.247516 1.332775 -0.311772 -0.756944 -0.233702 0.524612
1403638192.495097160339355 -5.357826 10.205027 1.352444 -0.312000 -0.755594 -0.233660 0.526437
1403638192.545097112655640 -5.402359 10.155315 1.377391 -0.311671 -0.754210 -0.234956 0.528038
1403638192.595097064971924 -5.435421 10.112553 1.391337 -0.310672 -0.752030 -0.236106 0.531213
1403638192.645097017288208 -5.474221 10.048884 1.424391 -0.309512 -0.748050 -0.238677 0.536335
1403638192.695097208023071 -5.515146 10.002281 1.446611 -0.310158 -0.744673 -0.238271 0.540825
1403638192.745097160339355 -5.546446 9.954215 1.470536 -0.309138 -0.741396 -0.239879 0.545183
1403638192.795097112655640 -5.563968 9.906908 1.484240 -0.308931 -0.737765 -0.239347 0.550434
1403638192.845097064971924 -5.583086 9.853682 1.515368 -0.309152 -0.734926 -0.238383 0.554510
1403638192.895097255706787 -5.613018 9.810047 1.527736 -0.310067 -0.729527 -0.236891 0.561722
1403638192.945096969604492 -5.641065 9.765290 1.535609 -0.311825 -0.722362 -0.233784 0.571229
1403638192.995097160339355 -5.671681 9.713247 1.548828 -0.313144 -0.716745 -0.230862 0.578722
1403638193.045097112655640 -5.687019 9.669012 1.556625 -0.313715 -0.713600 -0.225882 0.584239
1403638193.095097064971924 -5.699646 9.633711 1.565357 -0.312361 -0.714302 -0.222188 0.585522
1403638193.145097017288208 -5.715290 9.573439 1.588910 -0.310355 -0.718688 -0.218196 0.582716
1403638193.195097208023071 -5.716881 9.514145 1.614732 -0.307327 -0.724465 -0.215796 0.578042
1403638193.245097160339355 -5.723704 9.453691 1.632588 -0.303848 -0.729588 -0.214740 0.573816
1403638193.295097112655640 -5.730863 9.393978 1.661418 -0.300778 -0.734079 -0.213551 0.570137
1403638193.345097064971924 -5.735901 9.327512 1.694608 -0.296697 -0.738624 -0.214928 0.565872
1403638193.395097255706787 -5.727568 9.262179 1.725903 -0.292394 -0.741039 -0.216518 0.564347
1403638193.445096969604492 -5.733214 9.201072 1.754925 -0.288838 -0.742585 -0.218442 0.563404
1403638193.495097160339355 -5.726537 9.143197 1.777806 -0.286216 -0.742851 -0.218697 0.564291
1403638193.545097112655640 -5.714892 9.078332 1.812168 -0.284075 -0.742022 -0.218930 0.566369
1403638193.595097064971924 -5.698072 9.018814 1.834789 -0.283467 -0.743685 -0.217703 0.564964
1403638193.645097017288208 -5.686946 8.957591 1.853941 -0.283437 -0.746899 -0.216040 0.561367
1403638193.695097208023071 -5.674957 8.894804 1.869337 -0.284517 -0.751183 -0.213421 0.556080
1403638193.745097160339355 -5.655417 8.832593 1.885691 -0.286449 -0.754965 -0.209219 0.551545
1403638193.795097112655640 -5.641361 8.763789 1.901108 -0.287650 -0.758217 -0.207026 0.547270
1403638193.845097064971924 -5.615011 8.716869 1.901326 -0.287385 -0.760463 -0.205799 0.544750
1403638193.895097255706787 -5.599586 8.652292 1.916559 -0.288468 -0.762201 -0.204343 0.542291
1403638193.945096969604492 -5.576467 8.589577 1.924982 -0.288840 -0.763851 -0.203965 0.539908
1403638193.995097160339355 -5.556080 8.531787 1.937693 -0.289803 -0.764300 -0.202439 0.539331
1403638194.045097112655640 -5.535371 8.473793 1.942144 -0.289808 -0.764317 -0.202697 0.539208
1403638194.095097064971924 -5.522810 8.410136 1.949154 -0.288987 -0.762251 -0.205156 0.541637
1403638194.145097017288208 -5.509939 8.345170 1.961556 -0.288680 -0.759645 -0.206413 0.544974
1403638194.195097208023071 -5.488968 8.286232 1.961316 -0.287615 -0.756904 -0.208660 0.548485
1403638194.245097160339355 -5.477221 8.221879 1.963517 -0.287223 -0.754355 -0.209894 0.551721
1403638194.295097112655640 -5.452456 8.159893 1.964487 -0.286955 -0.753702 -0.210243 0.552620
1403638194.345097064971924 -5.439921 8.096528 1.965322 -0.288383 -0.755350 -0.208627 0.550232
1403638194.395097255706787 -5.421189 8.033797 1.964682 -0.289702 -0.757192 -0.207337 0.547490
1403638194.445096969604492 -5.401691 7.975653 1.967417 -0.291270 -0.758960 -0.205346 0.544954
1403638194.495097160339355 -5.380438 7.906623 1.970484 -0.293039 -0.760677 -0.203580 0.542267
1403638194.545097112655640 -5.361033 7.848292 1.974134 -0.293319 -0.762512 -0.203747 0.539469
1403638194.595097064971924 -5.340950 7.789681 1.982056 -0.294484 -0.764203 -0.202529 0.536894
1403638194.645097017288208 -5.319623 7.727160 1.990223 -0.295497 -0.766691 -0.201672 0.533100
1403638194.695097208023071 -5.295321 7.661045 1.999192 -0.296869 -0.769584 -0.200320 0.528660
1403638194.745097160339355 -5.280739 7.598630 2.004179 -0.297793 -0.771452 -0.199818 0.525599
1403638194.795097112655640 -5.242735 7.539827 2.000816 -0.297425 -0.772977 -0.200431 0.523327
1403638194.845097064971924 -5.227454 7.481473 2.006655 -0.298551 -0.774601 -0.199690 0.520562
1403638194.895097255706787 -5.198316 7.427484 2.012915 -0.298459 -0.775861 -0.200494 0.518425
1403638194.945096969604492 -5.191960 7.369100 2.013002 -0.298325 -0.776909 -0.201044 0.516716
1403638194.995097160339355 -5.166048 7.312455 2.015082 -0.299120 -0.777427 -0.200250 0.515785
1403638195.045097112655640 -5.153269 7.259538 2.019175 -0.299080 -0.778209 -0.200579 0.514500
1403638195.095097064971924 -5.139331 7.213830 2.014410 -0.298949 -0.778607 -0.200373 0.514054
1403638195.145097017288208 -5.122893 7.159689 2.011058 -0.299313 -0.779757 -0.200199 0.512163
1403638195.195097208023071 -5.104975 7.112158 2.007628 -0.301213 -0.781763 -0.197587 0.508996
1403638195.245097160339355 -5.097664 7.070091 1.997652 -0.303058 -0.785635 -0.194932 0.502927
1403638195.295097112655640 -5.087613 7.019505 1.994636 -0.305333 -0.789341 -0.191743 0.496938
1403638195.345097064971924 -5.071937 6.971286 1.983772 -0.306733 -0.791687 -0.189820 0.493068
1403638195.395097255706787 -5.067510 6.921812 1.986366 -0.306308 -0.791866 -0.190211 0.492893
1403638195.445096969604492 -5.062743 6.877420 1.981047 -0.305593 -0.788719 -0.191732 0.497769
1403638195.495097160339355 -5.060932 6.841514 1.968345 -0.303510 -0.783437 -0.194749 0.506143
1403638195.545097112655640 -5.046816 6.801988 1.963287 -0.301875 -0.778794 -0.196510 0.513552
1403638195.595097064971924 -5.044274 6.768928 1.952075 -0.299421 -0.774541 -0.199755 0.520126
1403638195.645097017288208 -5.044078 6.735778 1.940512 -0.298485 -0.772169 -0.200717 0.523808
1403638195.695097208023071 -5.049770 6.697777 1.932017 -0.298093 -0.772046 -0.201023 0.524095
1403638195.745097160339355 -5.039175 6.669364 1.920970 -0.298709 -0.772389 -0.199974 0.523640
1403638195.795097112655640 -5.050224 6.633611 1.914878 -0.299104 -0.773755 -0.198945 0.521786
1403638195.845097064971924 -5.041859 6.603675 1.909992 -0.299717 -0.775750 -0.197730 0.518927
1403638195.895097255706787 -5.024914 6.578072 1.912037 -0.299647 -0.778802 -0.196618 0.514801
1403638195.945096969604492 -5.035393 6.549610 1.909302 -0.300628 -0.781048 -0.194913 0.511465
1403638195.995097160339355 -5.029616 6.517554 1.905206 -0.301134 -0.783010 -0.193934 0.508530
1403638196.045097112655640 -5.036566 6.493198 1.912128 -0.301209 -0.783706 -0.193314 0.507649
1403638196.095097064971924 -5.037881 6.465032 1.918753 -0.300738 -0.783332 -0.194076 0.508215
1403638196.145097017288208 -5.053708 6.445469 1.924136 -0.299735 -0.781798 -0.195540 0.510602
1403638196.195097208023071 -5.054295 6.420398 1.932612 -0.298300 -0.778966 -0.196932 0.515215
1403638196.245097160339355 -5.068430 6.392268 1.943196 -0.296957 -0.776145 -0.198906 0.519473
1403638196.295097112655640 -5.080656 6.371302 1.957863 -0.296142 -0.774341 -0.199805 0.522277
1403638196.345097064971924 -5.088319 6.354559 1.962769 -0.294637 -0.772704 -0.201863 0.524757
1403638196.395097255706787 -5.101676 6.335338 1.971591 -0.295734 -0.772646 -0.200083 0.524907
1403638196.445096969604492 -5.114539 6.315892 1.966364 -0.296014 -0.772375 -0.200267 0.525077
1403638196.495097160339355 -5.128598 6.295234 1.971325 -0.296633 -0.772726 -0.199764 0.524402
1403638196.545097112655640 -5.141248 6.270665 1.971821 -0.298290 -0.773370 -0.198207 0.523103
1403638196.595097064971924 -5.152604 6.253859 1.972504 -0.299475 -0.775508 -0.196717 0.519812
1403638196.645097017288208 -5.166063 6.239754 1.970559 -0.300980 -0.778687 -0.195296 0.514701
1403638196.695097208023071 -5.173678 6.222507 1.965520 -0.303254 -0.781127 -0.192501 0.510706
1403638196.745097160339355 -5.196050 6.209477 1.961674 -0.304203 -0.782672 -0.191683 0.508078
1403638196.795097112655640 -5.210369 6.198407 1.955376 -0.304345 -0.783253 -0.192151 0.506919
1403638196.845097064971924 -5.223370 6.184112 1.951947 -0.304915 -0.783206 -0.191417 0.506926
1403638196.895097255706787 -5.248074 6.174371 1.948000 -0.303847 -0.780862 -0.193820 0.510260
1403638196.945096969604492 -5.262409 6.163849 1.942478 -0.302761 -0.778737 -0.194843 0.513751
1403638196.995097160339355 -5.283928 6.153761 1.939259 -0.301301 -0.776042 -0.196764 0.517939
1403638197.045097112655640 -5.309948 6.146252 1.939227 -0.300788 -0.773974 -0.197896 0.520892
1403638197.095097064971924 -5.329918 6.142752 1.940419 -0.300026 -0.772706 -0.198895 0.522829
1403638197.145097017288208 -5.342577 6.135501 1.937856 -0.299285 -0.771631 -0.200122 0.524371
1403638197.195097208023071 -5.372783 6.137419 1.942538 -0.297833 -0.771534 -0.202179 0.524552
1403638197.245097160339355 -5.388648 6.133032 1.944892 -0.296093 -0.770812 -0.204211 0.525810
1403638197.295097112655640 -5.406781 6.130918 1.948861 -0.292052 -0.769667 -0.209921 0.527496
1403638197.345097064971924 -5.431309 6.133083 1.952721 -0.288375 -0.768585 -0.215130 0.528995
1403638197.395097255706787 -5.449199 6.133353 1.961231 -0.285540 -0.767723 -0.218933 0.530222
1403638197.445096969604492 -5.478041 6.128316 1.973791 -0.283634 -0.766663 -0.221915 0.531539
1403638197.495097160339355 -5.505588 6.123573 1.981950 -0.282839 -0.765839 -0.222708 0.532816
1403638197.545097112655640 -5.531387 6.108742 1.993051 -0.283584 -0.764627 -0.221667 0.534593
1403638197.595097064971924 -5.551743 6.093464 2.009287 -0.283094 -0.764358 -0.222089 0.535062
1403638197.645097017288208 -5.578912 6.085019 2.024535 -0.282826 -0.763887 -0.222524 0.535695
1403638197.695097208023071 -5.605036 6.081684 2.038689 -0.282868 -0.764136 -0.222210 0.535449
1403638197.745097160339355 -5.627120 6.065370 2.055841 -0.282489 -0.764593 -0.222310 0.534954
1403638197.795097112655640 -5.653863 6.059020 2.074805 -0.282958 -0.764099 -0.221384 0.535796
1403638197.845097064971924 -5.673602 6.048383 2.087824 -0.283867 -0.762569 -0.219612 0.538217
1403638197.895097255706787 -5.696153 6.032708 2.100525 -0.284868 -0.760288 -0.217737 0.541667
1403638197.945096969604492 -5.726341 6.018941 2.113490 -0.284369 -0.755978 -0.217637 0.547964
1403638197.995097160339355 -5.749077 6.001552 2.119313 -0.283847 -0.751122 -0.217896 0.554769
1403638198.045097112655640 -5.768695 5.974564 2.122982 -0.283603 -0.748104 -0.217874 0.558965
1403638198.095097064971924 -5.790956 5.959798 2.122090 -0.283996 -0.748601 -0.217126 0.558390
1403638198.145097017288208 -5.818251 5.946311 2.112323 -0.285552 -0.749545 -0.215020 0.557144
1403638198.195097208023071 -5.826847 5.929016 2.102415 -0.286532 -0.751303 -0.213312 0.554924
1403638198.245097160339355 -5.847605 5.919501 2.086440 -0.287310 -0.753147 -0.212654 0.552269
1403638198.295097112655640 -5.863787 5.900401 2.069770 -0.287207 -0.754618 -0.212694 0.550296
1403638198.345097064971924 -5.876159 5.880798 2.053220 -0.287047 -0.755679 -0.212907 0.548838
1403638198.395097255706787 -5.897242 5.861442 2.036048 -0.286489 -0.758531 -0.213679 0.544882
1403638198.445096969604492 -5.913113 5.838871 2.016634 -0.284962 -0.760902 -0.216014 0.541446
1403638198.495097160339355 -5.929638 5.815590 1.999102 -0.283010 -0.762201 -0.218715 0.539554
1403638198.545097112655640 -5.940332 5.792108 1.980147 -0.279506 -0.764462 -0.223040 0.536402
1403638198.595097064971924 -5.952805 5.788403 1.954857 -0.273425 -0.765388 -0.231270 0.534729
1403638198.645097017288208 -5.965848 5.764075 1.933351 -0.266947 -0.765715 -0.240146 0.533620
1403638198.695097208023071 -5.980713 5.738810 1.917981 -0.260643 -0.766145 -0.248237 0.532414
1403638198.745097160339355 -5.991929 5.706784 1.901026 -0.254539 -0.766150 -0.255936 0.531714
1403638198.795097112655640 -6.012733 5.684212 1.879927 -0.250573 -0.765146 -0.260844 0.532659
1403638198.845097064971924 -6.018478 5.642446 1.868445 -0.248125 -0.764956 -0.262991 0.533021
1403638198.895097255706787 -6.045637 5.603622 1.852394 -0.247716 -0.764887 -0.263520 0.533049
1403638198.945096969604492 -6.070788 5.555802 1.841400 -0.248239 -0.765420 -0.262751 0.532420
1403638198.995097160339355 -6.092377 5.503499 1.832061 -0.249748 -0.765807 -0.260895 0.532071
1403638199.045097112655640 -6.119609 5.457837 1.824078 -0.250938 -0.765998 -0.259434 0.531950
1403638199.095097064971924 -6.144564 5.409618 1.817547 -0.252611 -0.766161 -0.257510 0.531858
1403638199.145097017288208 -6.159157 5.360795 1.815450 -0.253427 -0.765628 -0.256800 0.532581
1403638199.195097208023071 -6.189229 5.307222 1.814295 -0.254925 -0.764835 -0.255203 0.533771
1403638199.245097160339355 -6.218536 5.258793 1.815874 -0.255799 -0.763128 -0.253838 0.536441
1403638199.295097112655640 -6.242470 5.190257 1.821652 -0.255448 -0.761195 -0.254274 0.539142
1403638199.345097064971924 -6.275994 5.123573 1.831291 -0.255963 -0.760175 -0.254037 0.540447
1403638199.395097255706787 -6.305115 5.062444 1.837851 -0.254262 -0.760142 -0.256669 0.540052
1403638199.445096969604492 -6.330692 4.983707 1.847816 -0.253381 -0.760873 -0.258406 0.538606
1403638199.495097160339355 -6.365535 4.917927 1.859023 -0.252797 -0.762454 -0.260140 0.535803
1403638199.545097112655640 -6.400121 4.847355 1.872107 -0.251199 -0.765118 -0.261349 0.532157
1403638199.595097064971924 -6.426269 4.762563 1.886311 -0.249545 -0.766871 -0.259903 0.531118
1403638199.645097017288208 -6.465248 4.681440 1.904206 -0.247095 -0.768737 -0.257000 0.530979
1403638199.695097208023071 -6.494231 4.588523 1.926929 -0.245473 -0.769790 -0.250813 0.533159
1403638199.745097160339355 -6.524192 4.505621 1.945550 -0.245493 -0.770981 -0.242460 0.535289
1403638199.795097112655640 -6.568710 4.417009 1.965509 -0.248692 -0.772342 -0.231889 0.536533
1403638199.845097064971924 -6.605777 4.331318 1.979408 -0.250092 -0.773431 -0.223611 0.537826
1403638199.895097255706787 -6.647572 4.233800 1.999587 -0.251449 -0.774486 -0.216548 0.538565
1403638199.945096969604492 -6.700495 4.139762 2.007123 -0.251907 -0.775547 -0.211108 0.538984
1403638199.995097160339355 -6.736442 4.043708 2.019257 -0.250877 -0.776041 -0.207014 0.540340
1403638200.045097112655640 -6.773259 3.959453 2.029121 -0.248667 -0.776885 -0.203004 0.541667
1403638200.095097064971924 -6.806113 3.874931 2.041029 -0.242574 -0.779081 -0.201579 0.541809
1403638200.145097017288208 -6.841978 3.788822 2.050689 -0.234875 -0.780299 -0.201082 0.543629
1403638200.195097208023071 -6.884809 3.694178 2.062337 -0.225642 -0.780469 -0.201263 0.547217
1403638200.245097160339355 -6.912362 3.601641 2.075920 -0.217625 -0.779317 -0.197878 0.553306
1403638200.295097112655640 -6.949082 3.504060 2.093282 -0.208875 -0.779254 -0.195189 0.557706
1403638200.345097064971924 -6.981493 3.402863 2.110965 -0.200868 -0.778936 -0.190243 0.562777
1403638200.395097255706787 -7.022168 3.299288 2.130019 -0.192102 -0.779139 -0.187744 0.566385
1403638200.445096969604492 -7.057711 3.197756 2.150522 -0.182884 -0.781754 -0.186526 0.566235
1403638200.495097160339355 -7.093276 3.092121 2.169654 -0.174545 -0.783549 -0.186643 0.566347
1403638200.545097112655640 -7.134298 2.976119 2.192236 -0.166907 -0.785701 -0.186135 0.565836
1403638200.595097064971924 -7.169755 2.863853 2.212282 -0.159582 -0.788458 -0.183443 0.564992
1403638200.645097017288208 -7.196976 2.759255 2.234100 -0.150632 -0.790110 -0.182870 0.565327
1403638200.695097208023071 -7.229939 2.647617 2.259560 -0.141546 -0.792212 -0.182735 0.564777
1403638200.745097160339355 -7.268606 2.525756 2.284028 -0.135137 -0.794802 -0.180218 0.563515
1403638200.795097112655640 -7.293245 2.408101 2.309164 -0.130218 -0.797149 -0.177001 0.562376
1403638200.845097064971924 -7.328910 2.280829 2.336244 -0.127245 -0.799158 -0.173595 0.561266
1403638200.895097255706787 -7.356748 2.165793 2.350878 -0.126708 -0.800546 -0.168981 0.560817
1403638200.945096969604492 -7.388734 2.044966 2.371183 -0.129132 -0.800855 -0.160643 0.562272
1403638200.995097160339355 -7.423304 1.924808 2.391505 -0.131955 -0.800766 -0.153377 0.563771
1403638201.045097112655640 -7.469644 1.812899 2.408760 -0.135337 -0.800454 -0.146042 0.565357
1403638201.095097064971924 -7.498318 1.692415 2.425958 -0.136807 -0.800124 -0.141824 0.566543
1403638201.145097017288208 -7.545748 1.573803 2.436338 -0.138382 -0.800691 -0.139170 0.566017
1403638201.195097208023071 -7.602400 1.454958 2.442781 -0.140621 -0.799930 -0.137358 0.566984
1403638201.245097160339355 -7.634983 1.337010 2.454084 -0.142963 -0.798933 -0.135165 0.568329
1403638201.295097112655640 -7.672683 1.206412 2.463384 -0.144073 -0.799420 -0.135930 0.567180
1403638201.345097064971924 -7.728822 1.074997 2.473281 -0.144821 -0.800328 -0.137247 0.565390
1403638201.395097255706787 -7.763721 0.947013 2.476666 -0.144486 -0.800264 -0.139459 0.565024
1403638201.445096969604492 -7.797331 0.812894 2.478263 -0.145450 -0.799617 -0.140072 0.565541
1403638201.495097160339355 -7.831492 0.692947 2.479879 -0.146444 -0.798954 -0.140441 0.566129
1403638201.545097112655640 -7.862199 0.569237 2.473888 -0.146333 -0.798135 -0.142252 0.566861
1403638201.595097064971924 -7.885644 0.455870 2.465809 -0.146318 -0.797186 -0.144285 0.567686
1403638201.645097017288208 -7.921929 0.332107 2.459472 -0.147020 -0.796041 -0.144361 0.569090
1403638201.695097208023071 -7.945225 0.203811 2.449506 -0.148225 -0.795435 -0.144418 0.569610
1403638201.745097160339355 -7.976110 0.087464 2.435714 -0.149108 -0.795193 -0.144625 0.569665
1403638201.795097112655640 -8.004349 -0.030994 2.424931 -0.148659 -0.795189 -0.146191 0.569388
1403638201.845097064971924 -8.037070 -0.160684 2.410540 -0.150520 -0.794113 -0.144013 0.570954
1403638201.895097255706787 -8.067776 -0.311093 2.398981 -0.150249 -0.794890 -0.144681 0.569775
1403638201.945096969604492 -8.094727 -0.443775 2.385555 -0.149069 -0.795389 -0.143049 0.569800
1403638201.995097160339355 -8.124551 -0.582266 2.371625 -0.146364 -0.796125 -0.140938 0.569998
1403638202.045097112655640 -8.135075 -0.707065 2.359431 -0.143405 -0.796809 -0.136322 0.570918
1403638202.095097064971924 -8.159102 -0.839431 2.350445 -0.143716 -0.797981 -0.130280 0.570613
1403638202.145097017288208 -8.191550 -0.971745 2.342285 -0.143468 -0.800178 -0.124015 0.568992
1403638202.195097208023071 -8.192511 -1.094262 2.335729 -0.143094 -0.801448 -0.117030 0.568779
1403638202.245097160339355 -8.210563 -1.216006 2.329977 -0.143723 -0.803600 -0.111741 0.566643
1403638202.295097112655640 -8.228378 -1.328305 2.324704 -0.143102 -0.806382 -0.108824 0.563407
1403638202.345097064971924 -8.261978 -1.452715 2.324610 -0.143919 -0.806770 -0.105543 0.563267
1403638202.395097255706787 -8.272700 -1.594522 2.312805 -0.141707 -0.808327 -0.105625 0.561578
1403638202.445096969604492 -8.304142 -1.726687 2.307908 -0.141587 -0.808489 -0.103605 0.561752
1403638202.495097160339355 -8.318072 -1.848446 2.299873 -0.140137 -0.808905 -0.102465 0.561725
1403638202.545097112655640 -8.343751 -1.979100 2.292682 -0.140730 -0.809335 -0.099583 0.561476
1403638202.595097064971924 -8.348306 -2.096791 2.280249 -0.141099 -0.809496 -0.097484 0.561520
1403638202.645097017288208 -8.376707 -2.219451 2.274619 -0.141120 -0.810775 -0.096659 0.559809
1403638202.695097208023071 -8.392933 -2.318505 2.255176 -0.141661 -0.810655 -0.096484 0.559876
1403638202.745097160339355 -8.408964 -2.422501 2.245433 -0.141304 -0.810775 -0.096546 0.559783
1403638202.795097112655640 -8.421910 -2.533409 2.234250 -0.140818 -0.810510 -0.097289 0.560159
1403638202.845097064971924 -8.431194 -2.632927 2.223611 -0.140475 -0.809999 -0.097624 0.560926
1403638202.895097255706787 -8.462154 -2.727861 2.209833 -0.139846 -0.809562 -0.098795 0.561508
1403638202.945096969604492 -8.473178 -2.868437 2.211670 -0.140248 -0.809653 -0.096914 0.561605
1403638202.995097160339355 -8.500136 -3.000237 2.202839 -0.140608 -0.808939 -0.096554 0.562605
1403638203.045097112655640 -8.532411 -3.141558 2.189425 -0.141545 -0.808208 -0.096262 0.563471
1403638203.095097064971924 -8.559369 -3.251793 2.167384 -0.141110 -0.808755 -0.097145 0.562642
1403638203.145097017288208 -8.590563 -3.352087 2.152904 -0.140275 -0.807862 -0.098853 0.563836
1403638203.195097208023071 -8.598629 -3.439954 2.146418 -0.138647 -0.806233 -0.100951 0.566193
1403638203.245097160339355 -8.617019 -3.533030 2.141049 -0.137197 -0.804868 -0.102734 0.568164
1403638203.295097112655640 -8.632635 -3.636204 2.133976 -0.137439 -0.803280 -0.102032 0.570474
1403638203.345097064971924 -8.656428 -3.736431 2.125317 -0.138093 -0.802863 -0.101682 0.570966
1403638203.395097255706787 -8.675041 -3.824315 2.115004 -0.138241 -0.801671 -0.101116 0.572703
1403638203.445096969604492 -8.688175 -3.921402 2.110783 -0.138896 -0.801082 -0.100309 0.573510
1403638203.495097160339355 -8.705210 -4.016329 2.099387 -0.139389 -0.801503 -0.099777 0.572895
1403638203.545097112655640 -8.714566 -4.107576 2.090699 -0.139965 -0.801593 -0.098497 0.572850
1403638203.595097064971924 -8.746437 -4.206505 2.076816 -0.141654 -0.801523 -0.096544 0.572865
1403638203.645097017288208 -8.743370 -4.289168 2.075141 -0.140742 -0.802895 -0.096111 0.571239
1403638203.695097208023071 -8.743058 -4.380769 2.076221 -0.141329 -0.802771 -0.095119 0.571435
1403638203.745097160339355 -8.758199 -4.473482 2.071042 -0.141437 -0.802387 -0.095472 0.571888
1403638203.795097112655640 -8.785787 -4.572280 2.063519 -0.140803 -0.802497 -0.097148 0.571608
1403638203.845097064971924 -8.803751 -4.667729 2.059875 -0.140900 -0.802271 -0.097039 0.571919
1403638203.895097255706787 -8.805747 -4.771376 2.067824 -0.140109 -0.802179 -0.098339 0.572021
1403638203.945096969604492 -8.845673 -4.860478 2.057729 -0.140512 -0.802579 -0.097685 0.571472
1403638203.995097160339355 -8.843993 -4.949742 2.065009 -0.140493 -0.802605 -0.097215 0.571521
1403638204.045097112655640 -8.841692 -5.040761 2.076356 -0.140674 -0.803964 -0.095820 0.569799
1403638204.095097064971924 -8.846743 -5.116630 2.079221 -0.139886 -0.804866 -0.094710 0.568905
1403638204.145097017288208 -8.838399 -5.212900 2.095520 -0.140883 -0.806272 -0.091868 0.567130
1403638204.195097208023071 -8.831052 -5.307569 2.100549 -0.142530 -0.807001 -0.088788 0.566172
1403638204.245097160339355 -8.833956 -5.377351 2.117084 -0.144860 -0.808489 -0.084736 0.564075
1403638204.295097112655640 -8.832967 -5.457640 2.132281 -0.148974 -0.810095 -0.078801 0.561554
1403638204.345097064971924 -8.836143 -5.525928 2.149094 -0.154078 -0.811664 -0.072043 0.558812
1403638204.395097255706787 -8.837500 -5.606626 2.161344 -0.157949 -0.813556 -0.067232 0.555570
1403638204.445096969604492 -8.841944 -5.680009 2.175536 -0.160731 -0.814273 -0.064063 0.554094
1403638204.495097160339355 -8.829742 -5.740229 2.188333 -0.161695 -0.814645 -0.062104 0.553491
1403638204.545097112655640 -8.830075 -5.817104 2.203803 -0.162558 -0.814132 -0.061097 0.554104
1403638204.595097064971924 -8.837529 -5.889636 2.210105 -0.161856 -0.812710 -0.060190 0.556491
1403638204.645097017288208 -8.846630 -5.957155 2.217909 -0.159613 -0.812827 -0.059820 0.557008
1403638204.695097208023071 -8.851850 -6.010218 2.220728 -0.154607 -0.813381 -0.060103 0.557580
1403638204.745097160339355 -8.858133 -6.073504 2.223942 -0.146812 -0.814568 -0.061081 0.557848
1403638204.795097112655640 -8.863037 -6.135157 2.224049 -0.137195 -0.815869 -0.062034 0.558290
1403638204.845097064971924 -8.865954 -6.185782 2.228443 -0.124526 -0.816832 -0.064595 0.559559
1403638204.895097255706787 -8.872374 -6.243411 2.228107 -0.110150 -0.817265 -0.066153 0.561755
1403638204.945096969604492 -8.886462 -6.283723 2.225006 -0.096130 -0.818518 -0.064183 0.562733
1403638204.995097160339355 -8.901382 -6.318202 2.214683 -0.080913 -0.819453 -0.059947 0.564230
1403638205.045097112655640 -8.897458 -6.359658 2.204945 -0.063326 -0.820308 -0.054150 0.565820
1403638205.095097064971924 -8.904515 -6.393737 2.193152 -0.045700 -0.821492 -0.046101 0.566513
1403638205.145097017288208 -8.914101 -6.448002 2.183534 -0.028427 -0.822191 -0.034959 0.567426
1403638205.195097208023071 -8.905052 -6.518075 2.169624 -0.008789 -0.821505 -0.021635 0.569723
1403638205.245097160339355 -8.918638 -6.583511 2.170841 0.011630 -0.821424 -0.008579 0.570135
1403638205.295097112655640 -8.920228 -6.660105 2.173697 0.032010 -0.819959 0.005756 0.571498
1403638205.345097064971924 -8.934616 -6.721919 2.171353 0.052204 -0.817667 0.020516 0.572953
1403638205.395097255706787 -8.952684 -6.777851 2.171462 0.072061 -0.814606 0.032343 0.574612
1403638205.445096969604492 -8.974067 -6.842147 2.177889 0.090678 -0.811052 0.043623 0.576255
1403638205.495097160339355 -8.984700 -6.890892 2.179196 0.110315 -0.806824 0.049667 0.578273
1403638205.545097112655640 -8.992337 -6.936983 2.187167 0.127318 -0.803216 0.054419 0.579372
1403638205.595097064971924 -8.994303 -6.979005 2.198377 0.143009 -0.798848 0.056662 0.581532
1403638205.645097017288208 -8.992801 -7.028244 2.214465 0.156063 -0.793695 0.057889 0.585099
1403638205.695097208023071 -9.005699 -7.076462 2.241943 0.166072 -0.790641 0.059623 0.586303
1403638205.745097160339355 -9.005508 -7.115682 2.255712 0.175282 -0.786794 0.061380 0.588612
1403638205.795097112655640 -8.997263 -7.173140 2.273305 0.183238 -0.784481 0.065649 0.588815
1403638205.845097064971924 -8.980729 -7.244066 2.295078 0.191780 -0.782552 0.071174 0.588020
1403638205.895097255706787 -8.971410 -7.312804 2.313779 0.200175 -0.781611 0.077354 0.585688
1403638205.945096969604492 -8.963162 -7.376468 2.330218 0.208385 -0.779853 0.085712 0.584002
1403638205.995097160339355 -8.955131 -7.442551 2.344800 0.215793 -0.778787 0.096286 0.581080
1403638206.045097112655640 -8.935291 -7.511614 2.368784 0.224979 -0.777018 0.105155 0.578420
1403638206.095097064971924 -8.911970 -7.589468 2.400732 0.233433 -0.774638 0.114358 0.576513
1403638206.145097017288208 -8.900475 -7.658136 2.424434 0.241897 -0.771762 0.122833 0.575136
1403638206.195097208023071 -8.907816 -7.729563 2.464128 0.249430 -0.768452 0.130599 0.574639
1403638206.245097160339355 -8.890388 -7.798925 2.488577 0.257207 -0.765307 0.138578 0.573539
1403638206.295097112655640 -8.871234 -7.870337 2.505846 0.263780 -0.762159 0.147774 0.572448
1403638206.345097064971924 -8.857015 -7.917933 2.522906 0.266644 -0.760491 0.159434 0.570206
1403638206.395097255706787 -8.824964 -7.984735 2.534570 0.270361 -0.758471 0.168444 0.568553
1403638206.445096969604492 -8.792305 -8.055771 2.552263 0.272260 -0.756800 0.176894 0.567306
1403638206.495097160339355 -8.759322 -8.129092 2.571286 0.273916 -0.754853 0.183199 0.567102
1403638206.545097112655640 -8.724015 -8.203238 2.589844 0.274690 -0.753497 0.188702 0.566727
1403638206.595097064971924 -8.698647 -8.268777 2.602151 0.275930 -0.752124 0.191991 0.566843
1403638206.645097017288208 -8.658365 -8.340739 2.620867 0.276098 -0.751190 0.194471 0.567155
1403638206.695097208023071 -8.625428 -8.399248 2.629538 0.277752 -0.749954 0.199137 0.566364
1403638206.745097160339355 -8.586603 -8.463559 2.636655 0.282179 -0.749234 0.200593 0.564612
1403638206.795097112655640 -8.532689 -8.530176 2.648989 0.284954 -0.747607 0.204076 0.564126
1403638206.845097064971924 -8.488560 -8.584289 2.652576 0.289718 -0.745982 0.206291 0.563044
1403638206.895097255706787 -8.441390 -8.650175 2.659601 0.291357 -0.744590 0.209223 0.562959
1403638206.945096969604492 -8.395819 -8.703417 2.662112 0.292864 -0.742773 0.212501 0.563349
1403638206.995097160339355 -8.352957 -8.756883 2.655173 0.294565 -0.740431 0.216282 0.564105
1403638207.045097112655640 -8.312801 -8.801489 2.648601 0.295219 -0.738931 0.218703 0.564798
1403638207.095097064971924 -8.265162 -8.844862 2.643379 0.296898 -0.736593 0.220145 0.566408
1403638207.145097017288208 -8.207765 -8.902774 2.643125 0.297059 -0.736462 0.221426 0.565994
1403638207.195097208023071 -8.150538 -8.951265 2.638929 0.297443 -0.735424 0.224097 0.566092
1403638207.245097160339355 -8.095420 -9.001456 2.629307 0.300510 -0.733927 0.225660 0.565794
1403638207.295097112655640 -8.048632 -9.043754 2.614429 0.303969 -0.731418 0.228624 0.566006
1403638207.345097064971924 -8.000957 -9.089209 2.600604 0.307693 -0.728725 0.233369 0.565530
1403638207.395097255706787 -7.946120 -9.142139 2.590196 0.312568 -0.725180 0.237434 0.565721
1403638207.445096969604492 -7.888801 -9.168905 2.590118 0.318232 -0.721253 0.242137 0.565590
1403638207.495097160339355 -7.828056 -9.203632 2.574428 0.325254 -0.717362 0.247171 0.564365
1403638207.545097112655640 -7.769165 -9.244953 2.563625 0.332907 -0.715179 0.253728 0.559744
1403638207.595097064971924 -7.711590 -9.284059 2.556724 0.342378 -0.713511 0.256766 0.554752
1403638207.645097017288208 -7.650374 -9.322225 2.551897 0.347671 -0.714785 0.262451 0.547107
1403638207.695097208023071 -7.588438 -9.358759 2.541238 0.353966 -0.716273 0.264610 0.540040
1403638207.745097160339355 -7.528045 -9.385835 2.539336 0.357827 -0.717240 0.269015 0.534002
1403638207.795097112655640 -7.466513 -9.429587 2.533019 0.360929 -0.718587 0.270863 0.529146
1403638207.845097064971924 -7.403536 -9.451643 2.536168 0.363780 -0.720573 0.272988 0.523370
1403638207.895097255706787 -7.339153 -9.482417 2.539192 0.366382 -0.723066 0.273549 0.517793
1403638207.945096969604492 -7.278916 -9.508191 2.545158 0.368108 -0.724358 0.273649 0.514703
1403638207.995097160339355 -7.213181 -9.535967 2.551028 0.369545 -0.724646 0.273248 0.513478
1403638208.045097112655640 -7.152760 -9.559826 2.556940 0.370195 -0.725309 0.273408 0.511987
1403638208.095097064971924 -7.089639 -9.586994 2.561994 0.369528 -0.723675 0.273854 0.514536
1403638208.145097017288208 -7.034444 -9.600932 2.564987 0.367713 -0.722606 0.276835 0.515742
1403638208.195097208023071 -6.982204 -9.619864 2.563287 0.366267 -0.720076 0.278456 0.519423
1403638208.245097160339355 -6.925739 -9.631377 2.562068 0.366215 -0.718286 0.279058 0.521612
1403638208.295097112655640 -6.870353 -9.649080 2.557638 0.365572 -0.718148 0.278464 0.522569
1403638208.345097064971924 -6.807576 -9.667849 2.556885 0.365359 -0.720188 0.276502 0.520950
1403638208.395097255706787 -6.750895 -9.685796 2.550649 0.365603 -0.721816 0.274920 0.519361
1403638208.445096969604492 -6.706025 -9.677784 2.535426 0.367351 -0.723079 0.273849 0.516929
1403638208.495097160339355 -6.649416 -9.682002 2.528660 0.369357 -0.723310 0.274463 0.514847
1403638208.545097112655640 -6.595925 -9.686948 2.523135 0.372493 -0.722838 0.276430 0.512192
1403638208.595097064971924 -6.539977 -9.698402 2.520831 0.377548 -0.721407 0.277751 0.509788
1403638208.645097017288208 -6.486449 -9.710864 2.521449 0.381513 -0.719111 0.280923 0.508341
1403638208.695097208023071 -6.428440 -9.723780 2.523797 0.384886 -0.717343 0.284397 0.506360
1403638208.745097160339355 -6.373294 -9.734452 2.526417 0.387938 -0.715616 0.288615 0.504082
1403638208.795097112655640 -6.321930 -9.740547 2.532210 0.391620 -0.713316 0.291844 0.502634
1403638208.845097064971924 -6.273640 -9.733706 2.537402 0.394992 -0.710516 0.295330 0.501924
1403638208.895097255706787 -6.226464 -9.731754 2.539685 0.398665 -0.708104 0.296335 0.501837
1403638208.945096969604492 -6.171835 -9.735625 2.542724 0.400942 -0.706187 0.297838 0.501835
1403638208.995097160339355 -6.115949 -9.732067 2.544197 0.403324 -0.704547 0.299274 0.501377
1403638209.045097112655640 -6.065849 -9.739329 2.540588 0.404954 -0.703387 0.300937 0.500694
1403638209.095097064971924 -6.017440 -9.735231 2.537209 0.406441 -0.702562 0.302902 0.499463
1403638209.145097017288208 -5.964622 -9.736630 2.531932 0.407612 -0.701999 0.303085 0.499189
1403638209.195097208023071 -5.949299 -9.745127 2.504820 0.407674 -0.702567 0.301962 0.499020
1403638209.245097160339355 -5.906888 -9.749796 2.494544 0.407595 -0.702475 0.302559 0.498852
1403638209.295097112655640 -5.865753 -9.750184 2.485012 0.407287 -0.702837 0.303871 0.497795
1403638209.345097064971924 -5.818061 -9.749109 2.474659 0.407470 -0.703424 0.303971 0.496754
1403638209.395097255706787 -5.776425 -9.739281 2.459882 0.407468 -0.702835 0.305886 0.496414
1403638209.445096969604492 -5.735947 -9.734673 2.443749 0.407637 -0.703033 0.306338 0.495715
1403638209.495097160339355 -5.688179 -9.732897 2.428356 0.406137 -0.702211 0.307671 0.497283
1403638209.545097112655640 -5.643640 -9.732082 2.410756 0.405353 -0.701204 0.308229 0.498996
1403638209.595097064971924 -5.602211 -9.735155 2.386952 0.404050 -0.701084 0.308777 0.499881
1403638209.645097017288208 -5.553950 -9.734465 2.361157 0.403121 -0.701812 0.309086 0.499418
1403638209.695097208023071 -5.512084 -9.732793 2.327006 0.402692 -0.702975 0.308104 0.498736
1403638209.745097160339355 -5.474302 -9.722512 2.298531 0.402898 -0.703869 0.306308 0.498414
1403638209.795097112655640 -5.435376 -9.715348 2.257475 0.404297 -0.702716 0.304088 0.500264
1403638209.845097064971924 -5.399524 -9.701104 2.213360 0.405359 -0.701938 0.302783 0.501288
1403638209.895097255706787 -5.355421 -9.688207 2.166943 0.406040 -0.700280 0.302195 0.503406
1403638209.945096969604492 -5.316074 -9.672552 2.119051 0.405826 -0.698324 0.302605 0.506042
1403638209.995097160339355 -5.271702 -9.659546 2.072218 0.405558 -0.696116 0.303060 0.509018
1403638210.045097112655640 -5.231403 -9.650771 2.022480 0.404258 -0.693988 0.303857 0.512471
1403638210.095097064971924 -5.195442 -9.636122 1.972735 0.403016 -0.691781 0.305868 0.515230
1403638210.145097017288208 -5.156765 -9.621261 1.922295 0.401516 -0.690286 0.308010 0.517126
1403638210.195097208023071 -5.112255 -9.603184 1.878567 0.400617 -0.688074 0.309406 0.519932
1403638210.245097160339355 -5.065561 -9.585563 1.835382 0.400012 -0.688321 0.310605 0.519355
1403638210.295097112655640 -5.025180 -9.559938 1.789076 0.400366 -0.688105 0.310284 0.519561
1403638210.345097064971924 -4.986878 -9.536966 1.743952 0.400990 -0.687755 0.309168 0.520206
1403638210.395097255706787 -4.953079 -9.528887 1.698591 0.399314 -0.689110 0.308679 0.519994
1403638210.445096969604492 -4.908223 -9.507671 1.654992 0.399209 -0.689473 0.307827 0.520098
1403638210.495097160339355 -4.863953 -9.487258 1.607895 0.397540 -0.689682 0.308939 0.520439
1403638210.545097112655640 -4.819950 -9.466807 1.560506 0.397151 -0.689598 0.308365 0.521188
1403638210.595097064971924 -4.769695 -9.437852 1.512888 0.396406 -0.689512 0.308089 0.522032
1403638210.645097017288208 -4.725859 -9.410874 1.461866 0.395367 -0.688967 0.309011 0.522994
1403638210.695097208023071 -4.674389 -9.385365 1.410727 0.393604 -0.689776 0.310224 0.522537
1403638210.745097160339355 -4.621217 -9.356841 1.358345 0.393015 -0.689732 0.309878 0.523245
1403638210.795097112655640 -4.580916 -9.315013 1.311802 0.393444 -0.689588 0.310388 0.522809
1403638210.845097064971924 -4.528828 -9.273968 1.267892 0.394050 -0.690589 0.310101 0.521199
1403638210.895097255706787 -4.482248 -9.230406 1.224278 0.393842 -0.692572 0.310413 0.518533
1403638210.945096969604492 -4.438189 -9.187058 1.189087 0.395733 -0.694337 0.308600 0.515809
1403638210.995097160339355 -4.392791 -9.147483 1.148774 0.395615 -0.696272 0.308440 0.513380
1403638211.045097112655640 -4.343375 -9.104142 1.115022 0.395996 -0.697950 0.307774 0.511202
1403638211.095097064971924 -4.290880 -9.046037 1.077772 0.397167 -0.699128 0.307117 0.509076
1403638211.145097017288208 -4.242859 -8.998124 1.046075 0.397950 -0.700530 0.306830 0.506705
1403638211.195097208023071 -4.203362 -8.946941 1.018426 0.398219 -0.701957 0.307648 0.504015
1403638211.245097160339355 -4.163409 -8.895389 0.993917 0.398965 -0.702494 0.307073 0.503026
1403638211.295097112655640 -4.123684 -8.842496 0.969088 0.399157 -0.703065 0.306333 0.502527
1403638211.345097064971924 -4.083443 -8.785437 0.946920 0.398258 -0.704204 0.305221 0.502321
1403638211.395097255706787 -4.038366 -8.723995 0.915868 0.395763 -0.705342 0.303084 0.503988
1403638211.445096969604492 -4.002193 -8.669829 0.892645 0.392108 -0.708424 0.300321 0.504177
1403638211.495097160339355 -3.970297 -8.611561 0.863982 0.387515 -0.710919 0.297144 0.506095
1403638211.545097112655640 -3.937080 -8.556263 0.840408 0.381845 -0.714397 0.293468 0.507649
1403638211.595097064971924 -3.894728 -8.484047 0.800305 0.373887 -0.718123 0.290704 0.509902
1403638211.645097017288208 -3.869953 -8.423351 0.777966 0.365879 -0.721942 0.287254 0.512267
1403638211.695097208023071 -3.847666 -8.321049 0.736012 0.357319 -0.725395 0.284116 0.515172
1403638211.745097160339355 -3.806992 -8.272748 0.712866 0.347228 -0.731427 0.277853 0.516957
1403638211.795097112655640 -3.759167 -8.233928 0.684651 0.334428 -0.737858 0.271141 0.519814
1403638211.845097064971924 -3.709834 -8.180531 0.648994 0.320425 -0.744896 0.265940 0.521281
1403638211.895097255706787 -3.672434 -8.090162 0.600775 0.308533 -0.749648 0.260729 0.524267
1403638211.945096969604492 -3.628167 -8.041166 0.579156 0.297000 -0.754694 0.252606 0.527654
1403638211.995097160339355 -3.590159 -7.994688 0.550399 0.284465 -0.760068 0.245022 0.530416
1403638212.045097112655640 -3.529835 -7.986694 0.514860 0.270150 -0.764780 0.237123 0.534700
1403638212.095097064971924 -3.485229 -7.952241 0.478719 0.259004 -0.768266 0.227466 0.539391
1403638212.145097017288208 -3.449241 -7.945076 0.458273 0.246865 -0.772420 0.216929 0.543477
1403638212.195097208023071 -3.426833 -7.888846 0.435931 0.237676 -0.774768 0.207396 0.547934
1403638212.245097160339355 -3.410243 -7.773188 0.421684 0.229427 -0.777578 0.201179 0.549784
1403638212.295097112655640 -3.393712 -7.653454 0.422071 0.221763 -0.780170 0.194106 0.551796
1403638212.345097064971924 -3.370048 -7.509840 0.414507 0.214462 -0.783102 0.186024 0.553311
1403638212.395097255706787 -3.344498 -7.379089 0.408475 0.207369 -0.784584 0.177530 0.556695
1403638212.445096969604492 -3.324547 -7.301096 0.402518 0.197724 -0.787799 0.169241 0.558244
1403638212.495097160339355 -3.318917 -7.233661 0.384159 0.186555 -0.789071 0.163409 0.562015
1403638212.545097112655640 -3.295220 -7.169146 0.373261 0.174628 -0.791962 0.157875 0.563363
1403638212.595097064971924 -3.261108 -7.129012 0.365916 0.163512 -0.794720 0.147693 0.565571
1403638212.645097017288208 -3.238168 -7.067786 0.400740 0.151518 -0.798783 0.140928 0.564914
1403638212.695097208023071 -3.199871 -6.998484 0.402186 0.141022 -0.801187 0.131691 0.566454
1403638212.745097160339355 -3.182143 -6.947532 0.374817 0.130052 -0.803453 0.122938 0.567834
1403638212.795097112655640 -3.155205 -6.880848 0.367839 0.117635 -0.804336 0.115991 0.570746
1403638212.845097064971924 -3.129249 -6.806604 0.359457 0.105883 -0.806086 0.107919 0.572160
1403638212.895097255706787 -3.106988 -6.716289 0.356820 0.093650 -0.808026 0.101186 0.572787
1403638212.945096969604492 -3.080313 -6.635019 0.359423 0.081496 -0.809427 0.092103 0.574198
1403638212.995097160339355 -3.034335 -6.553740 0.349841 0.069014 -0.811299 0.083160 0.574557
1403638213.045097112655640 -3.004999 -6.466231 0.357969 0.055840 -0.812433 0.074243 0.575606
1403638213.095097064971924 -2.976719 -6.374676 0.394020 0.041564 -0.814497 0.068418 0.574618
1403638213.145097017288208 -2.970215 -6.291497 0.416595 0.027174 -0.816531 0.061054 0.573420
1403638213.195097208023071 -2.980719 -6.211938 0.434803 0.012628 -0.819289 0.053794 0.570712
1403638213.245097160339355 -2.985675 -6.119340 0.450191 -0.002055 -0.822555 0.048014 0.566651
1403638213.295097112655640 -2.984664 -6.017868 0.460347 -0.017034 -0.825483 0.043410 0.562497
1403638213.345097064971924 -2.921787 -5.945416 0.430679 -0.034096 -0.828126 0.038900 0.558150
1403638213.395097255706787 -2.910639 -5.859004 0.422979 -0.050311 -0.829848 0.034823 0.554625
1403638213.445096969604492 -2.890403 -5.759214 0.426289 -0.066359 -0.831420 0.031199 0.550784
1403638213.495097160339355 -2.866746 -5.658880 0.429775 -0.081332 -0.831372 0.026521 0.549092
1403638213.545097112655640 -2.853931 -5.564065 0.429042 -0.093906 -0.830570 0.019932 0.548579
1403638213.595097064971924 -2.851050 -5.451385 0.429814 -0.101506 -0.828323 0.010217 0.550885
1403638213.645097017288208 -2.851314 -5.323216 0.429827 -0.104019 -0.824105 -0.002348 0.556799
1403638213.695097208023071 -2.856023 -5.190773 0.441396 -0.105799 -0.820426 -0.012463 0.561741
1403638213.745097160339355 -2.853292 -5.077181 0.440803 -0.105622 -0.816460 -0.023553 0.567171
1403638213.795097112655640 -2.830829 -4.985909 0.427778 -0.106452 -0.813073 -0.032623 0.571416
1403638213.845097064971924 -2.811762 -4.930305 0.441106 -0.107633 -0.810714 -0.041543 0.573962
1403638213.895097255706787 -2.796486 -4.841379 0.445677 -0.108274 -0.809422 -0.045455 0.575366
1403638213.945096969604492 -2.784195 -4.744705 0.458035 -0.107116 -0.809781 -0.050502 0.574657
1403638213.995097160339355 -2.763721 -4.648152 0.460691 -0.108066 -0.809971 -0.050660 0.574197
1403638214.045097112655640 -2.739355 -4.551777 0.478821 -0.106408 -0.811642 -0.054718 0.571770
1403638214.095097064971924 -2.724179 -4.457088 0.484423 -0.105693 -0.815111 -0.055283 0.566892
1403638214.145097017288208 -2.712569 -4.358899 0.497088 -0.104927 -0.818264 -0.054301 0.562571
1403638214.195097208023071 -2.704070 -4.260093 0.507465 -0.103557 -0.822324 -0.053236 0.556979
1403638214.245097160339355 -2.700827 -4.160463 0.519950 -0.102116 -0.825146 -0.051758 0.553198
1403638214.295097112655640 -2.697201 -4.060751 0.531354 -0.100887 -0.827949 -0.049930 0.549390
1403638214.345097064971924 -2.694465 -3.964046 0.538012 -0.099303 -0.830180 -0.048286 0.546452
1403638214.395097255706787 -2.696511 -3.869999 0.544713 -0.096912 -0.831885 -0.047354 0.544365
1403638214.445096969604492 -2.690640 -3.782888 0.549202 -0.095063 -0.832161 -0.047957 0.544216
1403638214.495097160339355 -2.684993 -3.686907 0.551828 -0.092536 -0.830258 -0.047711 0.547570
1403638214.545097112655640 -2.680340 -3.597715 0.555102 -0.090890 -0.827246 -0.048022 0.552356
1403638214.595097064971924 -2.673813 -3.499223 0.555605 -0.088709 -0.824318 -0.048292 0.557045
1403638214.645097017288208 -2.675828 -3.402531 0.553831 -0.086589 -0.821141 -0.047568 0.562109
1403638214.695097208023071 -2.677411 -3.307319 0.554432 -0.084370 -0.818074 -0.047376 0.566915
1403638214.745097160339355 -2.673046 -3.213168 0.551445 -0.082297 -0.815070 -0.046986 0.571560
1403638214.795097112655640 -2.682451 -3.113894 0.546474 -0.080721 -0.813077 -0.046122 0.574685
1403638214.845097064971924 -2.671578 -3.033464 0.541424 -0.079557 -0.811227 -0.046727 0.577407
1403638214.895097255706787 -2.667870 -2.963177 0.541026 -0.078698 -0.810006 -0.046914 0.579220
1403638214.945096969604492 -2.671402 -2.891037 0.520160 -0.077936 -0.807588 -0.047343 0.582655
1403638214.995097160339355 -2.667902 -2.805111 0.512764 -0.077117 -0.807191 -0.046707 0.583364
1403638215.045097112655640 -2.666219 -2.712826 0.502809 -0.076603 -0.806913 -0.046100 0.583864
1403638215.095097064971924 -2.666719 -2.625434 0.494069 -0.075157 -0.807305 -0.046693 0.583464
1403638215.145097017288208 -2.666982 -2.528194 0.462634 -0.075021 -0.807154 -0.046961 0.583668
1403638215.195097208023071 -2.663390 -2.439587 0.445568 -0.074697 -0.808349 -0.047314 0.582026
1403638215.245097160339355 -2.663741 -2.353875 0.431404 -0.073909 -0.809363 -0.048443 0.580622
1403638215.295097112655640 -2.658700 -2.269687 0.416645 -0.072351 -0.810501 -0.050684 0.579038
1403638215.345097064971924 -2.659338 -2.183447 0.400592 -0.071420 -0.811250 -0.052330 0.577957
1403638215.395097255706787 -2.659096 -2.101241 0.387835 -0.069646 -0.811483 -0.054494 0.577646
1403638215.445096969604492 -2.658336 -2.019473 0.378173 -0.067077 -0.811235 -0.057383 0.578019
1403638215.495097160339355 -2.661001 -1.939359 0.369195 -0.066361 -0.811470 -0.057840 0.577726
1403638215.545097112655640 -2.656837 -1.863220 0.358679 -0.066370 -0.811483 -0.058120 0.577679
1403638215.595097064971924 -2.652364 -1.783113 0.354078 -0.065360 -0.810242 -0.059414 0.579401
1403638215.645097017288208 -2.651636 -1.706946 0.348068 -0.065956 -0.809444 -0.057776 0.580614
1403638215.695097208023071 -2.650006 -1.633644 0.345289 -0.067171 -0.809247 -0.056207 0.580903
1403638215.745097160339355 -2.645633 -1.561302 0.341350 -0.069103 -0.808636 -0.053780 0.581756
1403638215.795097112655640 -2.638378 -1.497034 0.339796 -0.071360 -0.808374 -0.053782 0.581848
1403638215.845097064971924 -2.630743 -1.431166 0.335118 -0.075277 -0.808214 -0.053408 0.581611
1403638215.895097255706787 -2.624737 -1.361043 0.328791 -0.077357 -0.808101 -0.054913 0.581355
1403638215.945096969604492 -2.617522 -1.290651 0.319639 -0.079928 -0.807753 -0.055686 0.581417
1403638215.995097160339355 -2.610613 -1.218227 0.307607 -0.082159 -0.807533 -0.056190 0.581362
1403638216.045097112655640 -2.602857 -1.155138 0.299147 -0.083918 -0.807439 -0.056968 0.581166
1403638216.095097064971924 -2.598939 -1.106524 0.288344 -0.084384 -0.807139 -0.059718 0.581240
1403638216.145097017288208 -2.593173 -1.037670 0.274430 -0.085760 -0.807195 -0.060184 0.580913
1403638216.195097208023071 -2.591731 -0.979518 0.263037 -0.085914 -0.806931 -0.062217 0.581042
1403638216.245097160339355 -2.581945 -0.911048 0.254377 -0.086361 -0.805853 -0.063366 0.582347
1403638216.295097112655640 -2.570589 -0.838320 0.250899 -0.086556 -0.805720 -0.064446 0.582383
1403638216.345097064971924 -2.557142 -0.770704 0.243139 -0.086779 -0.804742 -0.065681 0.583563
1403638216.395097255706787 -2.524876 -0.711277 0.223002 -0.087760 -0.804365 -0.066372 0.583857
1403638216.445096969604492 -2.506653 -0.645095 0.220316 -0.088134 -0.803873 -0.066803 0.584429
1403638216.495097160339355 -2.492712 -0.586875 0.222500 -0.088162 -0.803942 -0.066701 0.584343
1403638216.545097112655640 -2.480139 -0.531761 0.225778 -0.088185 -0.804338 -0.067419 0.583710
1403638216.595097064971924 -2.470377 -0.479377 0.219856 -0.087771 -0.804657 -0.068684 0.583185
1403638216.645097017288208 -2.453063 -0.422426 0.216926 -0.086840 -0.805788 -0.070385 0.581559
1403638216.695097208023071 -2.439048 -0.362968 0.207352 -0.086338 -0.806574 -0.071081 0.580458
1403638216.745097160339355 -2.426538 -0.314639 0.200142 -0.085115 -0.807202 -0.072398 0.579602
1403638216.795097112655640 -2.413454 -0.264938 0.189839 -0.084658 -0.805813 -0.074227 0.581368
1403638216.845097064971924 -2.395329 -0.211299 0.180887 -0.086106 -0.803553 -0.076347 0.584003
1403638216.895097255706787 -2.378806 -0.161371 0.172093 -0.088837 -0.801736 -0.078796 0.585763
1403638216.945096969604492 -2.356784 -0.114713 0.159793 -0.093357 -0.800530 -0.081205 0.586381
1403638216.995097160339355 -2.327558 -0.079824 0.147546 -0.099972 -0.799627 -0.083553 0.586191
1403638217.045097112655640 -2.320771 -0.067231 0.143220 -0.108299 -0.799730 -0.087220 0.584034
1403638217.095097064971924 -2.299341 -0.046693 0.136704 -0.116190 -0.800077 -0.090036 0.581609
1403638217.145097017288208 -2.281124 -0.010151 0.123610 -0.124413 -0.800321 -0.093294 0.579054
1403638217.195097208023071 -2.255450 0.035501 0.112588 -0.131124 -0.800525 -0.096053 0.576836
1403638217.245097160339355 -2.239671 0.073182 0.100171 -0.136148 -0.800998 -0.100104 0.574322
1403638217.295097112655640 -2.205341 0.107406 0.071840 -0.141292 -0.800811 -0.102759 0.572870
1403638217.345097064971924 -2.180126 0.140954 0.059074 -0.144696 -0.800864 -0.106090 0.571336
1403638217.395097255706787 -2.160812 0.179253 0.051143 -0.147975 -0.801311 -0.108171 0.569477
1403638217.445096969604492 -2.142609 0.216259 0.044340 -0.150220 -0.801191 -0.109863 0.568733
1403638217.495097160339355 -2.122653 0.251835 0.037274 -0.150847 -0.801422 -0.112706 0.567684
1403638217.545097112655640 -2.105365 0.290115 0.040573 -0.150416 -0.802177 -0.115952 0.566076
1403638217.595097064971924 -2.088745 0.325553 0.041970 -0.149741 -0.802802 -0.118614 0.564817
1403638217.645097017288208 -2.069114 0.353897 0.043887 -0.147577 -0.803245 -0.122588 0.563906
1403638217.695097208023071 -2.054202 0.386493 0.047143 -0.145630 -0.803547 -0.126568 0.563103
1403638217.745097160339355 -2.038664 0.407725 0.053946 -0.143575 -0.804479 -0.129916 0.561535
1403638217.795097112655640 -2.024487 0.424018 0.059885 -0.141622 -0.805383 -0.132909 0.560033
1403638217.845097064971924 -2.012223 0.442604 0.068183 -0.140110 -0.806199 -0.135306 0.558663
1403638217.895097255706787 -2.000107 0.458525 0.070129 -0.139580 -0.805794 -0.135794 0.559261
1403638217.945096969604492 -1.986547 0.479930 0.078919 -0.137264 -0.804849 -0.138226 0.560598
1403638217.995097160339355 -1.962784 0.492059 0.079539 -0.137597 -0.803861 -0.137103 0.562208
1403638218.045097112655640 -1.947359 0.506494 0.084404 -0.136418 -0.803225 -0.137757 0.563243
1403638218.095097064971924 -1.933033 0.521364 0.089683 -0.135721 -0.802641 -0.138016 0.564179
1403638218.145097017288208 -1.920568 0.537107 0.091429 -0.136035 -0.801889 -0.136344 0.565578
1403638218.195097208023071 -1.907661 0.550464 0.094175 -0.135336 -0.801024 -0.136183 0.567009
1403638218.245097160339355 -1.896756 0.561389 0.090794 -0.134643 -0.799244 -0.135612 0.569816
1403638218.295097112655640 -1.887328 0.567489 0.089241 -0.133894 -0.797412 -0.134646 0.572780
1403638218.345097064971924 -1.879625 0.573784 0.086241 -0.134790 -0.795394 -0.131432 0.576113
1403638218.395097255706787 -1.869802 0.575210 0.085163 -0.135546 -0.794942 -0.128281 0.577268
1403638218.445096969604492 -1.859891 0.578226 0.086651 -0.136444 -0.794827 -0.125351 0.577858
1403638218.495097160339355 -1.846430 0.583330 0.088181 -0.137245 -0.794998 -0.122922 0.577955
1403638218.545097112655640 -1.836180 0.587058 0.094129 -0.136949 -0.795683 -0.122460 0.577181
1403638218.595097064971924 -1.823012 0.588263 0.099603 -0.137661 -0.796116 -0.120628 0.576799
1403638218.645097017288208 -1.812953 0.584114 0.105895 -0.138000 -0.797604 -0.119167 0.574964
1403638218.695097208023071 -1.803355 0.575560 0.115142 -0.139901 -0.799746 -0.117673 0.571829
1403638218.745097160339355 -1.792402 0.564025 0.116439 -0.142096 -0.801771 -0.118942 0.568176
1403638218.795097112655640 -1.780213 0.558776 0.124442 -0.145906 -0.803413 -0.120014 0.564655
1403638218.845097064971924 -1.765470 0.551377 0.128133 -0.149610 -0.804424 -0.122346 0.561739
1403638218.895097255706787 -1.753258 0.543271 0.129923 -0.153977 -0.804518 -0.123213 0.560232
1403638218.945096969604492 -1.739318 0.539178 0.131832 -0.161410 -0.803702 -0.118732 0.560279
1403638218.995097160339355 -1.727529 0.532090 0.132395 -0.168721 -0.802365 -0.113853 0.561054
1403638219.045097112655640 -1.719691 0.522429 0.127482 -0.175270 -0.800492 -0.109537 0.562578
1403638219.095097064971924 -1.710330 0.513433 0.126648 -0.180369 -0.798493 -0.106578 0.564373
1403638219.145097017288208 -1.699498 0.504810 0.126611 -0.182795 -0.797365 -0.107089 0.565090
1403638219.195097208023071 -1.689491 0.495348 0.122259 -0.182191 -0.795851 -0.110354 0.566788
1403638219.245097160339355 -1.678409 0.491305 0.121960 -0.180169 -0.793458 -0.115783 0.569700
1403638219.295097112655640 -1.664825 0.487684 0.117149 -0.178662 -0.790502 -0.120148 0.573368
1403638219.345097064971924 -1.650974 0.486595 0.113652 -0.176034 -0.787551 -0.125202 0.577149
1403638219.395097255706787 -1.637280 0.485405 0.109718 -0.175069 -0.783323 -0.127646 0.582633
1403638219.445096969604492 -1.623482 0.480639 0.104847 -0.173275 -0.780138 -0.130767 0.586738
1403638219.495097160339355 -1.605890 0.473525 0.108204 -0.172282 -0.778383 -0.132313 0.589009
1403638219.545097112655640 -1.590573 0.465079 0.106113 -0.172726 -0.778116 -0.131966 0.589310
1403638219.595097064971924 -1.572279 0.459060 0.106899 -0.174007 -0.778817 -0.129970 0.588450
1403638219.645097017288208 -1.553393 0.447811 0.110311 -0.175430 -0.780217 -0.127821 0.586640
1403638219.695097208023071 -1.531227 0.436721 0.111198 -0.177885 -0.780866 -0.124020 0.585854
1403638219.745097160339355 -1.513424 0.420324 0.113722 -0.179989 -0.782558 -0.120974 0.583585
1403638219.795097112655640 -1.493546 0.405517 0.112862 -0.183022 -0.783740 -0.116332 0.581997
1403638219.845097064971924 -1.466825 0.390715 0.115961 -0.186168 -0.785322 -0.111660 0.579778
1403638219.895097255706787 -1.443264 0.381289 0.112231 -0.188994 -0.786196 -0.107288 0.578503
1403638219.945096969604492 -1.419331 0.369128 0.109469 -0.191898 -0.787148 -0.103314 0.576974
1403638219.995097160339355 -1.391309 0.357857 0.104571 -0.194215 -0.788109 -0.099900 0.575486
1403638220.045097112655640 -1.365415 0.345544 0.099413 -0.195681 -0.789302 -0.097997 0.573680
1403638220.095097064971924 -1.336077 0.336135 0.094092 -0.196101 -0.790298 -0.097467 0.572253
1403638220.145097017288208 -1.309604 0.331295 0.086961 -0.194407 -0.791710 -0.100033 0.570433
1403638220.195097208023071 -1.278983 0.327892 0.083445 -0.190999 -0.793139 -0.105444 0.568622
1403638220.245097160339355 -1.249450 0.326200 0.082650 -0.185411 -0.794588 -0.113794 0.566836
1403638220.295097112655640 -1.215649 0.327751 0.081296 -0.180945 -0.796582 -0.120466 0.564096
1403638220.345097064971924 -1.182557 0.330850 0.085108 -0.177282 -0.797344 -0.125342 0.563120
1403638220.395097255706787 -1.158758 0.330750 0.089140 -0.175046 -0.797923 -0.128768 0.562225
1403638220.445096969604492 -1.130285 0.322823 0.096682 -0.173885 -0.798423 -0.129898 0.561616
1403638220.495097160339355 -1.107892 0.309968 0.102127 -0.172594 -0.798465 -0.131808 0.561508
1403638220.545097112655640 -1.079088 0.306507 0.111398 -0.173006 -0.798039 -0.131219 0.562125
1403638220.595097064971924 -1.051940 0.301345 0.119856 -0.172760 -0.798036 -0.132408 0.561926
1403638220.645097017288208 -1.022716 0.301245 0.127360 -0.173328 -0.797885 -0.132730 0.561890
1403638220.695097208023071 -0.992090 0.299042 0.132215 -0.173560 -0.797592 -0.133331 0.562092
1403638220.745097160339355 -0.964917 0.292396 0.134140 -0.174728 -0.797632 -0.132889 0.561778
1403638220.795097112655640 -0.941650 0.285787 0.135938 -0.175425 -0.797570 -0.132557 0.561726
1403638220.845097064971924 -0.912884 0.275685 0.135083 -0.176420 -0.796973 -0.132128 0.562363
1403638220.895097255706787 -0.884731 0.265318 0.134005 -0.176887 -0.797342 -0.132845 0.561524
1403638220.945096969604492 -0.862032 0.258592 0.126952 -0.178443 -0.797542 -0.131755 0.561004
1403638220.995097160339355 -0.833480 0.249929 0.122911 -0.178747 -0.798008 -0.131867 0.560218
1403638221.045097112655640 -0.835770 0.256477 0.125943 -0.177939 -0.797290 -0.132312 0.561391
1403638221.095097064971924 -0.821326 0.253399 0.114579 -0.178407 -0.797479 -0.132121 0.561019
1403638221.145097017288208 -0.801654 0.246585 0.103502 -0.178465 -0.797990 -0.132445 0.560196
1403638221.195097208023071 -0.778089 0.236066 0.100334 -0.179193 -0.798751 -0.131938 0.558999
1403638221.245097160339355 -0.745464 0.228708 0.095502 -0.179809 -0.799280 -0.131743 0.558089
1403638221.295097112655640 -0.725927 0.222308 0.093460 -0.180977 -0.799977 -0.130337 0.557042
1403638221.345097064971924 -0.697920 0.216024 0.093653 -0.181918 -0.800621 -0.129650 0.555970
1403638221.395097255706787 -0.676992 0.207759 0.095520 -0.183388 -0.800853 -0.127990 0.555537
1403638221.445096969604492 -0.654584 0.192814 0.095825 -0.184403 -0.800922 -0.126867 0.555360
1403638221.495097160339355 -0.635863 0.178991 0.096003 -0.185417 -0.800872 -0.125758 0.555346
1403638221.545097112655640 -0.617242 0.162842 0.093853 -0.186342 -0.800600 -0.124764 0.555653
1403638221.595097064971924 -0.599440 0.147315 0.091463 -0.187289 -0.799831 -0.124480 0.556506
1403638221.645097017288208 -0.579320 0.140205 0.086564 -0.187030 -0.799451 -0.124519 0.557129
1403638221.695097208023071 -0.562747 0.132494 0.083204 -0.187659 -0.798130 -0.123864 0.558955
1403638221.745097160339355 -0.540644 0.124124 0.080136 -0.188596 -0.796695 -0.123038 0.560866
1403638221.795097112655640 -0.516913 0.117800 0.075670 -0.188845 -0.795821 -0.122068 0.562233
1403638221.845097064971924 -0.497708 0.109193 0.075223 -0.188483 -0.795641 -0.122798 0.562450
1403638221.895097255706787 -0.473910 0.104265 0.076821 -0.187015 -0.794939 -0.124519 0.563554
1403638221.945096969604492 -0.458136 0.093623 0.078274 -0.184981 -0.794692 -0.126993 0.564021
1403638221.995097160339355 -0.442491 0.083658 0.082938 -0.183595 -0.794667 -0.128613 0.564142
1403638222.045097112655640 -0.419774 0.080061 0.086149 -0.182450 -0.795150 -0.130346 0.563434
1403638222.095097064971924 -0.400810 0.074614 0.091726 -0.181387 -0.796538 -0.131735 0.561490
1403638222.145097017288208 -0.380505 0.073318 0.096540 -0.181645 -0.798476 -0.131380 0.558732
1403638222.195097208023071 -0.360889 0.069486 0.098462 -0.181656 -0.800378 -0.131487 0.555974
1403638222.245097160339355 -0.344777 0.061898 0.098891 -0.182355 -0.802093 -0.130613 0.553474
1403638222.295097112655640 -0.329840 0.053557 0.098330 -0.182954 -0.803726 -0.129938 0.551060
1403638222.345097064971924 -0.310775 0.053407 0.097414 -0.183335 -0.805423 -0.129214 0.548621
1403638222.395097255706787 -0.292909 0.053335 0.093357 -0.184077 -0.806512 -0.128723 0.546886
1403638222.445096969604492 -0.274520 0.048994 0.089172 -0.184245 -0.807972 -0.128085 0.544820
1403638222.495097160339355 -0.257644 0.046769 0.086031 -0.184235 -0.808853 -0.127880 0.543564
1403638222.545097112655640 -0.242322 0.042148 0.084200 -0.184255 -0.807751 -0.127798 0.545212
1403638222.595097064971924 -0.229874 0.032587 0.078601 -0.183542 -0.805272 -0.128550 0.548930
1403638222.645097017288208 -0.220358 0.024921 0.073198 -0.183725 -0.802152 -0.128276 0.553481
1403638222.695097208023071 -0.215437 0.018861 0.064688 -0.183632 -0.799854 -0.128438 0.556791
1403638222.745097160339355 -0.208054 0.014178 0.057849 -0.182970 -0.798487 -0.129413 0.558743
1403638222.795097112655640 -0.197560 0.006759 0.050539 -0.182917 -0.797527 -0.129510 0.560106
1403638222.845097064971924 -0.189060 0.001373 0.042046 -0.182233 -0.795954 -0.130447 0.562345
1403638222.895097255706787 -0.178624 -0.007670 0.035029 -0.181139 -0.792070 -0.131949 0.567806
1403638222.945096969604492 -0.175220 -0.024224 0.027286 -0.180880 -0.788553 -0.131850 0.572784
1403638222.995097160339355 -0.160403 -0.030521 0.021349 -0.180747 -0.787581 -0.131724 0.574191
1403638223.045097112655640 -0.149764 -0.033602 0.011445 -0.180883 -0.788179 -0.131536 0.573370
1403638223.095097064971924 -0.134932 -0.040235 0.007858 -0.181002 -0.790321 -0.131743 0.570328
1403638223.145097017288208 -0.123803 -0.044512 0.000704 -0.181660 -0.793965 -0.131468 0.565098
1403638223.195097208023071 -0.109767 -0.051526 -0.000934 -0.184137 -0.799130 -0.128127 0.557735
1403638223.245097160339355 -0.099429 -0.059043 -0.006452 -0.187411 -0.803459 -0.123826 0.551360
1403638223.295097112655640 -0.090862 -0.063147 -0.007723 -0.189023 -0.806353 -0.121198 0.547153
1403638223.345097064971924 -0.079663 -0.072750 -0.008890 -0.189862 -0.805551 -0.120186 0.548266
1403638223.395097255706787 -0.062799 -0.074641 -0.007350 -0.191293 -0.804268 -0.118202 0.550080
1403638223.445096969604492 -0.061221 -0.079904 -0.011646 -0.194205 -0.801651 -0.113908 0.553774
1403638223.495097160339355 -0.040269 -0.087244 -0.012131 -0.197980 -0.798554 -0.108694 0.557944
1403638223.545097112655640 -0.040264 -0.097043 -0.015547 -0.199820 -0.796614 -0.106041 0.560565
1403638223.595097064971924 -0.036322 -0.097410 -0.018036 -0.198507 -0.796078 -0.107956 0.561427
1403638223.645097017288208 -0.037702 -0.106185 -0.022931 -0.194998 -0.796027 -0.113672 0.561602
1403638223.695097208023071 -0.020800 -0.110705 -0.024312 -0.191434 -0.796564 -0.118994 0.560963
1403638223.745097160339355 -0.015144 -0.108731 -0.026983 -0.187238 -0.797461 -0.125461 0.559693
1403638223.795097112655640 -0.001007 -0.106131 -0.032664 -0.184626 -0.798352 -0.129815 0.558297
1403638223.845097064971924 0.049827 -0.119813 -0.032521 -0.182204 -0.798914 -0.132875 0.557568
1403638223.895097255706787 0.032153 -0.109909 -0.045875 -0.180956 -0.799222 -0.135274 0.556956
1403638223.945096969604492 0.058751 -0.102624 -0.049471 -0.179010 -0.799315 -0.138031 0.556775
1403638223.995097160339355 0.076932 -0.105273 -0.054516 -0.178718 -0.800008 -0.138703 0.555705
1403638224.045097112655640 0.135738 -0.122604 -0.066040 -0.178363 -0.801653 -0.139042 0.553359
1403638224.095097064971924 0.090937 -0.101289 -0.057722 -0.179303 -0.803721 -0.138411 0.550205
1403638224.145097017288208 0.120253 -0.108060 -0.053294 -0.179922 -0.807326 -0.136407 0.545202
1403638224.195097208023071 0.122057 -0.107105 -0.062474 -0.181287 -0.810184 -0.134651 0.540931
1403638224.245097160339355 0.142498 -0.119542 -0.075250 -0.181608 -0.810462 -0.134031 0.540561
1403638224.295097112655640 0.130017 -0.107431 -0.079518 -0.181167 -0.809478 -0.134224 0.542133
1403638224.345097064971924 0.149745 -0.114860 -0.086407 -0.181157 -0.806203 -0.134653 0.546888
1403638224.395097255706787 0.140983 -0.118071 -0.089037 -0.183287 -0.803164 -0.132535 0.551152
1403638224.445096969604492 0.159930 -0.127951 -0.094590 -0.185410 -0.799613 -0.129232 0.556364
1403638224.495097160339355 0.165413 -0.136782 -0.103166 -0.185898 -0.795247 -0.128519 0.562590
1403638224.545097112655640 0.157666 -0.145772 -0.107350 -0.184632 -0.792490 -0.130402 0.566451
1403638224.595097064971924 0.175290 -0.155080 -0.115242 -0.184245 -0.792083 -0.131071 0.566991
1403638224.645097017288208 0.195545 -0.179391 -0.126648 -0.184017 -0.794829 -0.131873 0.563022
1403638224.695097208023071 0.191987 -0.176639 -0.137265 -0.184606 -0.799417 -0.131009 0.556498
1403638224.745097160339355 0.200841 -0.187121 -0.149316 -0.185732 -0.804714 -0.129629 0.548757
1403638224.795097112655640 0.193603 -0.184902 -0.145208 -0.186346 -0.808269 -0.128723 0.543513
1403638224.845097064971924 0.169516 -0.160218 -0.148103 -0.186239 -0.807697 -0.127798 0.544617
1403638224.895097255706787 0.120875 -0.142757 -0.150105 -0.187717 -0.804238 -0.125057 0.549841
1403638224.945096969604492 0.100785 -0.134915 -0.148347 -0.189431 -0.800115 -0.122070 0.555906
1403638224.995097160339355 0.079876 -0.127320 -0.147113 -0.191332 -0.795798 -0.118599 0.562166
1403638225.045097112655640 0.073802 -0.131909 -0.145199 -0.192121 -0.793314 -0.117015 0.565730
1403638225.095097064971924 0.062219 -0.132553 -0.146771 -0.190847 -0.792019 -0.118728 0.567615
1403638225.145097017288208 0.057767 -0.134901 -0.143671 -0.188444 -0.792948 -0.121564 0.566519
1403638225.195097208023071 0.057188 -0.130325 -0.140760 -0.186512 -0.795876 -0.123706 0.562575
1403638225.245097160339355 0.065218 -0.134789 -0.138466 -0.185044 -0.799908 -0.124929 0.557045
1403638225.295097112655640 0.064408 -0.136207 -0.135418 -0.184127 -0.803490 -0.125987 0.551932
1403638225.345097064971924 0.035120 -0.124169 -0.131633 -0.183095 -0.803832 -0.127279 0.551480
1403638225.395097255706787 0.056127 -0.133040 -0.127883 -0.181821 -0.803008 -0.128429 0.552834
1403638225.445096969604492 0.060292 -0.134981 -0.128809 -0.181255 -0.799977 -0.129621 0.557118
1403638225.495097160339355 0.064317 -0.136585 -0.131412 -0.179406 -0.795048 -0.131745 0.564230
1403638225.545097112655640 0.080185 -0.146042 -0.135431 -0.178245 -0.789780 -0.133831 0.571459
1403638225.595097064971924 0.104349 -0.161701 -0.143274 -0.176673 -0.784403 -0.136119 0.578767
1403638225.645097017288208 0.130315 -0.179219 -0.154269 -0.175631 -0.779537 -0.137219 0.585360
1403638225.695097208023071 0.185968 -0.209170 -0.165006 -0.175467 -0.779612 -0.137632 0.585212
1403638225.745097160339355 0.339036 -0.272814 -0.173990 -0.175909 -0.782256 -0.137097 0.581666
1403638225.795097112655640 0.450568 -0.281829 -0.189316 -0.177453 -0.786652 -0.135226 0.575677
1403638225.845097064971924 0.511682 -0.338055 -0.227910 -0.177719 -0.793070 -0.134442 0.566905
1403638225.895097255706787 0.712484 -0.475336 -0.224463 -0.178723 -0.799575 -0.132616 0.557809
1403638225.945096969604492 0.338719 -0.312433 -0.414819 -0.178530 -0.804118 -0.131694 0.551523
1403638225.995097160339355 0.665337 -0.603761 -0.357429 -0.182352 -0.808521 -0.126615 0.544986
1403638226.045097112655640 0.042787 -0.185884 -0.348456 -0.180258 -0.815169 -0.125400 0.535986
1403638226.095097064971924 -0.080160 -0.098094 -0.153948 -0.191500 -0.810766 -0.108057 0.542504
1403638226.145097017288208 -0.174209 -0.085228 -0.207429 -0.194227 -0.811063 -0.101726 0.542313
1403638226.195097208023071 0.195567 -0.224335 -0.242941 -0.190245 -0.816448 -0.106243 0.534726
1403638226.245097160339355 0.433183 -0.316207 -0.234042 -0.178894 -0.818201 -0.127347 0.531344
1403638226.295097112655640 -0.030778 -0.130946 -0.259850 -0.188028 -0.808128 -0.120254 0.545081
1403638226.345097064971924 0.143631 -0.201687 -0.230604 -0.179143 -0.814818 -0.125151 0.536951
1403638226.395097255706787 0.056623 -0.166083 -0.220886 -0.176622 -0.814914 -0.125881 0.537469
1403638226.445096969604492 0.006146 -0.135791 -0.233494 -0.178780 -0.814029 -0.126681 0.537909
1403638226.495097160339355 0.043900 -0.163294 -0.228744 -0.178774 -0.814357 -0.126212 0.537525
1403638226.545097112655640 0.039066 -0.163524 -0.235441 -0.178457 -0.813907 -0.126649 0.538209
1403638226.595097064971924 0.054357 -0.171418 -0.223092 -0.178575 -0.814072 -0.127189 0.537792
1403638226.645097017288208 0.034873 -0.173286 -0.235046 -0.179020 -0.813512 -0.126946 0.538549
1403638226.695097208023071 0.052646 -0.181501 -0.230361 -0.178680 -0.813843 -0.127736 0.537975
1403638226.745097160339355 0.037864 -0.181846 -0.236958 -0.179727 -0.813722 -0.126652 0.538065
1403638226.795097112655640 0.044277 -0.177612 -0.240287 -0.178722 -0.813615 -0.127893 0.538269
1403638226.845097064971924 0.041238 -0.182459 -0.238249 -0.179454 -0.813518 -0.126766 0.538437
1403638226.895097255706787 0.045555 -0.178181 -0.238068 -0.178852 -0.813650 -0.127667 0.538226
1403638226.945096969604492 0.041362 -0.179449 -0.235828 -0.179208 -0.813613 -0.127239 0.538265
1403638226.995097160339355 0.045155 -0.182499 -0.239056 -0.179498 -0.813683 -0.126712 0.538187
1403638227.045097112655640 0.041473 -0.175235 -0.242358 -0.178686 -0.813602 -0.127746 0.538335
1403638227.095097064971924 0.043749 -0.185386 -0.238180 -0.179589 -0.813581 -0.126664 0.538322
1403638227.145097017288208 0.043333 -0.174814 -0.241114 -0.178941 -0.813613 -0.127599 0.538269
1403638227.195097208023071 0.042615 -0.181981 -0.242303 -0.179386 -0.813527 -0.126907 0.538413
1403638227.245097160339355 0.044102 -0.176538 -0.243334 -0.178984 -0.813614 -0.127338 0.538314
1403638227.295097112655640 0.043891 -0.178349 -0.241443 -0.179163 -0.813552 -0.127199 0.538381
1403638227.345097064971924 0.044158 -0.179993 -0.242441 -0.179364 -0.813542 -0.126990 0.538378
1403638227.395097255706787 0.042563 -0.176853 -0.242682 -0.179031 -0.813582 -0.127440 0.538323
1403638227.445096969604492 0.043914 -0.181827 -0.241620 -0.179391 -0.813576 -0.127016 0.538311
1403638227.495097160339355 0.042561 -0.177927 -0.242265 -0.179135 -0.813563 -0.127288 0.538352
1403638227.545097112655640 0.041734 -0.180081 -0.243419 -0.179219 -0.813544 -0.127151 0.538385
1403638227.595097064971924 0.042585 -0.179880 -0.242744 -0.179219 -0.813527 -0.127140 0.538414
1403638227.645097017288208 0.042397 -0.177940 -0.242130 -0.179093 -0.813553 -0.127290 0.538381
1403638227.695097208023071 0.043019 -0.180386 -0.241939 -0.179308 -0.813585 -0.126968 0.538338
1403638227.745097160339355 0.042910 -0.177518 -0.243286 -0.179172 -0.813550 -0.127203 0.538379
1403638227.795097112655640 0.043789 -0.179976 -0.241719 -0.179303 -0.813545 -0.127003 0.538391
1403638227.845097064971924 0.042964 -0.177452 -0.243388 -0.179121 -0.813564 -0.127205 0.538375
1403638227.895097255706787 0.042624 -0.178945 -0.243339 -0.179193 -0.813532 -0.127093 0.538427
1403638227.945096969604492 0.042449 -0.178385 -0.243435 -0.179197 -0.813541 -0.127083 0.538413
1403638227.995097160339355 0.042383 -0.178412 -0.242800 -0.179199 -0.813535 -0.127148 0.538407
1403638228.045097112655640 0.041502 -0.179426 -0.242768 -0.179271 -0.813543 -0.127106 0.538380
1403638228.095097064971924 0.042407 -0.178884 -0.242998 -0.179170 -0.813553 -0.127201 0.538377
1403638228.145097017288208 0.041991 -0.179680 -0.242882 -0.179282 -0.813520 -0.127123 0.538407
1403638228.195097208023071 0.041979 -0.178334 -0.242963 -0.179198 -0.813540 -0.127144 0.538401
1403638228.245097160339355 0.042221 -0.178922 -0.243256 -0.179214 -0.813537 -0.127130 0.538403
1403638228.295097112655640 0.043081 -0.179418 -0.243219 -0.179234 -0.813523 -0.127111 0.538422
1403638228.345097064971924 0.042211 -0.178607 -0.242723 -0.179201 -0.813546 -0.127124 0.538396
1403638228.395097255706787 0.042527 -0.178992 -0.242549 -0.179282 -0.813552 -0.127046 0.538378
1403638228.445096969604492 0.043106 -0.178501 -0.242405 -0.179128 -0.813610 -0.127158 0.538315
1403638228.495097160339355 0.042864 -0.179148 -0.242251 -0.179216 -0.813537 -0.127092 0.538411
1403638228.545097112655640 0.041575 -0.176930 -0.242693 -0.179130 -0.813579 -0.127094 0.538377
1403638228.595097064971924 0.043544 -0.179042 -0.242651 -0.179173 -0.813573 -0.127089 0.538372
1403638228.645097017288208 0.043393 -0.180078 -0.242561 -0.179183 -0.813586 -0.127203 0.538323
1403638228.695097208023071 0.042237 -0.178387 -0.242277 -0.179216 -0.813533 -0.127127 0.538409
1403638228.745097160339355 0.043544 -0.178579 -0.242141 -0.179188 -0.813577 -0.127082 0.538362
1403638228.795097112655640 0.044558 -0.180038 -0.241105 -0.179193 -0.813617 -0.127120 0.538292
1403638228.845097064971924 0.044252 -0.179034 -0.240924 -0.179168 -0.813591 -0.127100 0.538344
