# timestamp(s) tx ty tz qx qy qz qw
1731662207.988904714584351 0.000000 0.000000 0.000000 0.126346 0.988910 -0.000002 -0.078068
1731662208.088903903961182 0.000397 -0.000143 0.002487 0.126557 0.988901 -0.000289 -0.077835
1731662208.188903093338013 0.001621 0.002035 0.008476 0.127022 0.988400 -0.006519 -0.082998
1731662208.288902044296265 0.004690 0.003068 0.012921 0.127022 0.988003 -0.006641 -0.087584
1731662208.388901472091675 0.007374 0.002817 0.016706 0.127013 0.988051 -0.004353 -0.087197
1731662208.488900423049927 0.009860 0.002680 0.020833 0.127164 0.988070 -0.004407 -0.086762
1731662208.588899612426758 0.012319 0.002127 0.025163 0.127330 0.988102 -0.003895 -0.086175
1731662208.688898801803589 0.014834 0.001606 0.029187 0.127502 0.988172 -0.003716 -0.085121
1731662208.788897991180420 0.018075 0.001651 0.033062 0.127674 0.988222 -0.003898 -0.084264
1731662208.888897180557251 0.020923 0.001543 0.037103 0.127790 0.988296 -0.003824 -0.083222
1731662208.988896369934082 0.012651 0.003385 0.046620 0.127986 0.988574 -0.003794 -0.079538
1731662209.088895320892334 0.011281 0.004165 0.051169 0.128098 0.988649 -0.003784 -0.078416
1731662209.188894510269165 0.011537 0.004747 0.054092 0.128199 0.988687 -0.003685 -0.077782
1731662209.288893699645996 0.012382 0.004837 0.056428 0.128261 0.988712 -0.003541 -0.077363
1731662209.388892889022827 0.013564 0.004697 0.058156 0.128307 0.988734 -0.003338 -0.077018
1731662209.488892078399658 0.015028 0.004716 0.059608 0.128332 0.988750 -0.003335 -0.076772
1731662209.588891506195068 0.016456 0.004561 0.060650 0.128370 0.988764 -0.003308 -0.076523
1731662209.688890457153320 0.017827 0.004256 0.061356 0.128366 0.988780 -0.003279 -0.076322
1731662209.788889408111572 0.019216 0.004021 0.062220 0.128352 0.988791 -0.003306 -0.076205
1731662209.888888597488403 0.020462 0.003788 0.062905 0.128347 0.988802 -0.003349 -0.076067
1731662209.988887786865234 0.021584 0.003364 0.063498 0.128338 0.988812 -0.003255 -0.075959
1731662210.088886976242065 0.022537 0.002863 0.064084 0.128302 0.988827 -0.003205 -0.075828
1731662210.188886165618896 0.023364 0.002406 0.064597 0.128312 0.988832 -0.003161 -0.075747
1731662210.288885354995728 0.024024 0.001874 0.064936 0.128270 0.988841 -0.003091 -0.075696
1731662210.388884544372559 0.024477 0.001183 0.065341 0.128208 0.988851 -0.002928 -0.075684
1731662210.488883733749390 0.024776 0.000496 0.065644 0.128136 0.988861 -0.002808 -0.075674
1731662210.588882684707642 0.024956 -0.000174 0.065934 0.128082 0.988872 -0.002639 -0.075630
1731662210.688882112503052 0.025083 -0.001094 0.066122 0.128008 0.988882 -0.002538 -0.075627
1731662210.788881063461304 0.025002 -0.002018 0.066348 0.127872 0.988900 -0.002403 -0.075625
1731662210.888880014419556 0.024820 -0.002779 0.066451 0.127791 0.988907 -0.002204 -0.075678
1731662210.988879442214966 0.024580 -0.003996 0.066427 0.127688 0.988919 -0.002164 -0.075693
1731662211.088878393173218 0.024275 -0.005056 0.066301 0.127567 0.988932 -0.002164 -0.075739
1731662211.188877582550049 0.023782 -0.005965 0.066199 0.127417 0.988947 -0.002099 -0.075793
1731662211.288876771926880 0.023291 -0.007028 0.065899 0.127259 0.988962 -0.002037 -0.075866
1731662211.388871908187866 0.022647 -0.008178 0.065740 0.127088 0.988977 -0.001977 -0.075959
1731662211.488871097564697 0.021868 -0.009413 0.065418 0.126914 0.988992 -0.001862 -0.076051
1731662211.588870048522949 0.021116 -0.010820 0.064773 0.126751 0.989008 -0.001741 -0.076119
1731662211.688869237899780 0.020324 -0.012167 0.064079 0.126623 0.989019 -0.001591 -0.076192
1731662211.788868427276611 0.019559 -0.013373 0.063610 0.126512 0.989026 -0.001424 -0.076289
1731662211.888867378234863 0.018752 -0.014545 0.062830 0.126359 0.989038 -0.001230 -0.076397
1731662211.988866567611694 0.017879 -0.015766 0.062047 0.126152 0.989057 -0.000902 -0.076490
1731662212.088865756988525 0.016937 -0.017089 0.061261 0.125885 0.989079 -0.000506 -0.076646
1731662212.188864707946777 0.015224 -0.019638 0.061390 0.125575 0.989104 0.000164 -0.076838
1731662212.288863897323608 0.013535 -0.022494 0.060931 0.125381 0.989123 0.000811 -0.076912
1731662212.388863086700439 0.011689 -0.025422 0.060881 0.125243 0.989135 0.001466 -0.076967
1731662212.488862276077271 0.010036 -0.028378 0.060662 0.125189 0.989138 0.002004 -0.077002
1731662212.588861465454102 0.008743 -0.031074 0.060313 0.125234 0.989132 0.002278 -0.077005
1731662212.688860416412354 0.007260 -0.033236 0.060412 0.125213 0.989129 0.002403 -0.077063
1731662212.788859605789185 0.005915 -0.035118 0.060464 0.125161 0.989130 0.002438 -0.077138
1731662212.888858556747437 0.004513 -0.036997 0.060434 0.125147 0.989132 0.002404 -0.077138
1731662212.988857746124268 0.003119 -0.039242 0.060474 0.125206 0.989124 0.002366 -0.077148
1731662213.088856935501099 0.001871 -0.040716 0.060553 0.125176 0.989125 0.002269 -0.077187
1731662213.188855886459351 0.000887 -0.042399 0.060445 0.125255 0.989112 0.002188 -0.077226
1731662213.288855075836182 0.003651 -0.041120 0.056679 0.125152 0.989115 0.001991 -0.077355
1731662213.388854265213013 0.005475 -0.040570 0.053970 0.125064 0.989116 0.001793 -0.077494
1731662213.488853454589844 0.006790 -0.040064 0.051854 0.125040 0.989115 0.001640 -0.077550
1731662213.588852643966675 0.008186 -0.039832 0.050133 0.125042 0.989112 0.001475 -0.077591
1731662213.688851594924927 0.009118 -0.039616 0.048638 0.125065 0.989105 0.001362 -0.077636
1731662213.788850784301758 0.010070 -0.039513 0.047526 0.125041 0.989111 0.001235 -0.077602
1731662213.888849973678589 0.010950 -0.039723 0.046402 0.125074 0.989106 0.001049 -0.077614
1731662213.988848924636841 0.011404 -0.039694 0.045377 0.125097 0.989098 0.000808 -0.077689
1731662214.088848114013672 0.011808 -0.039750 0.044356 0.125101 0.989095 0.000647 -0.077718
1731662214.188847064971924 0.012022 -0.039946 0.043318 0.125159 0.989089 0.000534 -0.077701
1731662214.288846254348755 0.012090 -0.040074 0.042077 0.125200 0.989079 0.000386 -0.077762
1731662214.388845682144165 0.011993 -0.040141 0.041082 0.125272 0.989065 0.000295 -0.077829
1731662214.488844633102417 0.011988 -0.040569 0.039877 0.125333 0.989056 0.000108 -0.077841
1731662214.588843822479248 0.011856 -0.040823 0.038706 0.125406 0.989048 -0.000072 -0.077832
1731662214.688842773437500 0.011761 -0.041169 0.037696 0.125509 0.989033 -0.000234 -0.077854
1731662214.788841962814331 0.011382 -0.041440 0.036622 0.125602 0.989016 -0.000411 -0.077925
1731662214.888841152191162 0.010961 -0.042016 0.035446 0.125687 0.989004 -0.000606 -0.077932
1731662214.988840103149414 0.010516 -0.042391 0.034176 0.125783 0.988992 -0.000766 -0.077934
1731662215.088839054107666 0.010136 -0.042841 0.032968 0.125882 0.988977 -0.000916 -0.077958
1731662215.188838481903076 0.009684 -0.043256 0.031999 0.125981 0.988964 -0.001093 -0.077961
1731662215.288837432861328 0.009242 -0.043792 0.031052 0.126088 0.988952 -0.001213 -0.077940
1731662215.388836622238159 0.008796 -0.044063 0.029965 0.126235 0.988935 -0.001240 -0.077911
1731662215.488835811614990 0.008232 -0.044365 0.028968 0.126376 0.988915 -0.001256 -0.077941
1731662215.588835000991821 0.007671 -0.044680 0.027873 0.126505 0.988900 -0.001214 -0.077918
1731662215.688833951950073 0.007166 -0.044867 0.026757 0.126636 0.988885 -0.001175 -0.077897
1731662215.788833141326904 0.006684 -0.045187 0.025670 0.126750 0.988875 -0.001092 -0.077839
1731662215.888832330703735 0.006151 -0.045525 0.024762 0.126854 0.988862 -0.000976 -0.077845
1731662215.988831281661987 0.005609 -0.046012 0.023830 0.126921 0.988852 -0.000802 -0.077861
1731662216.088830471038818 0.004951 -0.046667 0.023018 0.126973 0.988845 -0.000582 -0.077865
1731662216.188829660415649 0.004485 -0.047262 0.022289 0.127023 0.988843 -0.000320 -0.077810
1731662216.288828611373901 0.004107 -0.047650 0.021622 0.127111 0.988836 -0.000104 -0.077753
1731662216.388829946517944 0.003055 -0.048848 0.021580 0.127177 0.988834 0.000235 -0.077675
1731662216.488829135894775 -0.000293 -0.048075 0.019968 0.128748 0.988670 -0.000303 -0.077174
1731662216.588828325271606 -0.011577 -0.047728 0.018907 0.131957 0.988065 -0.000069 -0.079473
1731662216.688827276229858 -0.023388 -0.044955 0.024540 0.132727 0.987777 -0.000818 -0.081731
1731662216.788826465606689 -0.041536 -0.042531 0.028586 0.133585 0.987552 0.000691 -0.083033
1731662216.888825654983521 -0.066304 -0.039581 0.035392 0.135159 0.987206 0.000743 -0.084587
1731662216.988824605941772 -0.096263 -0.033961 0.037432 0.135462 0.986718 -0.003411 -0.089583
1731662217.088823795318604 -0.122659 -0.028197 0.041694 0.133103 0.986884 0.000745 -0.091343
1731662217.188822984695435 -0.154151 -0.018612 0.052423 0.129405 0.987407 0.002209 -0.090981
1731662217.288821935653687 -0.199588 -0.001804 0.064853 0.125799 0.988049 0.003703 -0.088992
1731662217.388821363449097 -0.240794 0.016200 0.074433 0.127170 0.986980 0.012356 -0.097705
1731662217.488820314407349 -0.277102 0.032661 0.090239 0.129232 0.986682 0.011686 -0.098086
1731662217.588819503784180 -0.317688 0.047837 0.104110 0.130824 0.986450 0.010369 -0.098459
1731662217.688818693161011 -0.363496 0.061488 0.119506 0.133031 0.986005 0.009600 -0.100028
1731662217.788817644119263 -0.404300 0.073876 0.128922 0.133775 0.984969 0.009934 -0.108816
1731662217.888816833496094 -0.444862 0.082594 0.137698 0.132524 0.985034 0.012444 -0.109506
1731662217.988815784454346 -0.479001 0.091820 0.140996 0.134633 0.985116 0.011286 -0.106272
1731662218.088814735412598 -0.528330 0.111373 0.153257 0.138161 0.985062 0.012312 -0.102042
1731662218.188814163208008 -0.573197 0.132734 0.160979 0.147254 0.982857 0.021496 -0.108838
1731662218.288813114166260 -0.608510 0.155731 0.174487 0.157451 0.981298 0.021579 -0.108619
1731662218.388812303543091 -0.648077 0.180675 0.185352 0.168240 0.979618 0.018172 -0.108227
1731662218.488811492919922 -0.686691 0.206781 0.199146 0.179671 0.977489 0.014800 -0.109616
1731662218.588810682296753 -0.719227 0.230242 0.203847 0.188384 0.975268 0.015400 -0.114567
1731662218.688809871673584 -0.759707 0.249344 0.212009 0.194710 0.973912 0.016974 -0.115303
1731662218.788808822631836 -0.802806 0.271031 0.223232 0.198618 0.973607 0.015889 -0.111304
1731662218.888808012008667 -0.854144 0.298357 0.237405 0.198982 0.974072 0.012813 -0.106893
1731662218.988807201385498 -0.904768 0.316901 0.247092 0.197709 0.973431 0.021367 -0.113522
1731662219.088806152343750 -0.942221 0.339513 0.259121 0.198104 0.973385 0.019902 -0.113490
1731662219.188805341720581 -0.980179 0.359122 0.268787 0.198216 0.973448 0.016300 -0.113326
1731662219.288804292678833 -1.021980 0.381395 0.282102 0.198239 0.973351 0.013258 -0.114513
1731662219.388803482055664 -1.065173 0.404943 0.289015 0.198239 0.972528 0.013444 -0.121287
1731662219.488802671432495 -1.107356 0.428678 0.291064 0.203752 0.971488 0.014737 -0.120325
1731662219.588801860809326 -1.151531 0.454042 0.297143 0.208309 0.971142 0.013987 -0.115302
1731662219.688801050186157 -1.204584 0.481668 0.307347 0.211825 0.971137 0.012191 -0.108970
1731662219.788800001144409 -1.260266 0.514544 0.314691 0.222219 0.968792 0.017848 -0.108358
1731662219.888799190521240 -1.307955 0.547378 0.328838 0.235678 0.965823 0.017348 -0.106489
1731662219.988798379898071 -1.351894 0.576844 0.342627 0.248407 0.962879 0.011826 -0.104964
1731662220.088797330856323 -1.404874 0.608252 0.361974 0.260070 0.959744 0.007842 -0.105801
1731662220.188796520233154 -1.460349 0.642740 0.364712 0.268777 0.957179 0.010962 -0.106992
1731662220.288795471191406 -1.506886 0.670613 0.366313 0.276997 0.955154 0.009387 -0.104234
1731662220.388799428939819 -1.568986 0.715042 0.376678 0.283355 0.953790 0.005687 -0.099808
1731662220.488798618316650 -1.593501 0.735300 0.378531 0.289648 0.952504 0.008987 -0.093596
1731662220.588797807693481 -1.657088 0.787262 0.389210 0.304034 0.947628 0.011997 -0.097057
1731662220.688796997070312 -1.737375 0.849062 0.408506 0.322268 0.942005 0.007703 -0.093330
1731662220.788796424865723 -1.760645 0.883126 0.414044 0.338654 0.936309 0.002452 -0.092913
1731662220.888795614242554 -1.821895 0.931519 0.426695 0.350673 0.931623 0.007140 -0.095159
1731662220.988794803619385 -1.863607 0.979745 0.427482 0.353830 0.930471 0.009761 -0.094517
1731662221.088793992996216 -1.898925 1.017579 0.427443 0.350524 0.931896 0.006280 -0.093074
1731662221.188793182373047 -1.927458 1.061092 0.429916 0.344628 0.934680 0.005933 -0.087000
1731662221.288792371749878 -1.984301 1.102026 0.439629 0.344418 0.934601 0.010748 -0.088209
1731662221.388791561126709 -1.986715 1.121225 0.446760 0.346150 0.934040 0.009984 -0.087466
1731662221.488790750503540 -2.034752 1.167134 0.455207 0.347088 0.933683 0.006357 -0.087899
1731662221.588789939880371 -2.077552 1.221356 0.460830 0.346641 0.933338 0.004895 -0.093253
1731662221.688789129257202 -2.106753 1.254249 0.443272 0.343038 0.934481 0.010504 -0.094654
1731662221.788788318634033 -2.188118 1.349681 0.451758 0.338076 0.936566 0.010059 -0.091909
1731662221.888787508010864 -2.229090 1.396303 0.468328 0.331346 0.939475 0.008974 -0.086695
1731662221.988786697387695 -2.412239 1.523369 0.514724 0.327549 0.940879 0.012215 -0.085496
1731662222.088786125183105 -2.467136 1.562520 0.531700 0.328336 0.940574 0.012949 -0.085727
1731662222.188785314559937 -2.574293 1.641976 0.634169 0.329779 0.940139 0.009166 -0.085444
1731662222.288784265518188 -2.646260 1.697356 0.659012 0.329834 0.939978 0.009420 -0.086957
1731662222.388783693313599 -2.764081 1.793301 0.684324 0.325635 0.941457 0.014654 -0.086054
1731662222.488783121109009 -2.873431 1.860468 0.729426 0.320729 0.943334 0.011702 -0.084367
1731662222.588782310485840 -2.955951 1.936487 0.722641 0.312611 0.946503 0.010544 -0.079348
1731662222.688781499862671 -3.098506 2.046305 0.732272 0.309674 0.947692 0.011293 -0.076517
1731662222.788780689239502 -3.159509 2.109245 0.749576 0.311175 0.947248 0.010521 -0.076029
1731662222.888779878616333 -3.231644 2.175178 0.773168 0.313226 0.946788 0.005201 -0.073855
1731662222.988779067993164 -3.275102 2.218604 0.797532 0.313116 0.946530 0.002753 -0.077666
1731662223.088778257369995 -3.328399 2.265361 0.823864 0.310861 0.947337 0.011161 -0.076111
1731662223.188777446746826 -3.477267 2.358244 0.872378 0.305895 0.949226 0.007646 -0.073069
1731662223.288776636123657 -3.497027 2.346569 0.882359 0.299517 0.951676 0.009037 -0.067242
1731662223.388775825500488 -3.563098 2.365525 0.937017 0.296875 0.952698 0.014112 -0.063506
1731662223.488775014877319 -3.629997 2.404440 0.962771 0.300991 0.951247 0.013956 -0.065867
1731662223.588774204254150 -3.702857 2.480182 0.972989 0.304898 0.950236 0.009289 -0.063268
1731662223.688773393630981 -3.786977 2.528283 1.019859 0.309448 0.948893 0.003386 -0.061901
1731662223.788772821426392 -3.874565 2.587672 1.029129 0.307095 0.949497 0.005468 -0.064173
1731662223.888772010803223 -3.980625 2.655985 1.051265 0.304784 0.950457 0.002063 -0.061098
1731662223.988771438598633 -4.104875 2.749288 1.071922 0.302308 0.951495 0.000248 -0.057160
1731662224.088770389556885 -4.374093 2.951563 1.118150 0.302042 0.951791 0.000663 -0.053519
1731662224.188769578933716 -4.429418 3.027635 1.112016 0.310521 0.948987 0.002023 -0.054740
1731662224.288768768310547 -4.520743 3.111547 1.127824 0.319219 0.946238 0.001014 -0.052260
1731662224.388768196105957 -4.602904 3.194299 1.125152 0.327023 0.943544 -0.001229 -0.052720
1731662224.488767385482788 -4.664749 3.261112 1.103590 0.329373 0.942633 0.001548 -0.054358
1731662224.588766574859619 -4.800206 3.343115 1.128200 0.331338 0.942027 -0.001209 -0.052901
1731662224.688765764236450 -4.940257 3.440471 1.149839 0.332434 0.941847 -0.002669 -0.049043
1731662224.788764953613281 -5.134146 3.594706 1.178560 0.337178 0.940240 0.000213 -0.047536
1731662224.888764142990112 -5.225847 3.685546 1.199340 0.346556 0.936794 0.003765 -0.047965
1731662224.988763332366943 -5.319783 3.763764 1.236964 0.354868 0.933716 0.003764 -0.047221
1731662225.088762521743774 -5.472082 3.950082 1.280363 0.364929 0.929783 0.000597 -0.048271
1731662225.188761711120605 -5.586959 4.081554 1.277627 0.372094 0.926674 0.005400 -0.052847
1731662225.288760900497437 -5.656460 4.168733 1.272773 0.377623 0.924489 0.003347 -0.052054
1731662225.388757944107056 -5.748108 4.271840 1.271941 0.381870 0.922914 0.001693 -0.049022
1731662225.488757133483887 -5.665187 4.222417 1.234267 0.385192 0.921687 0.002547 -0.045971
1731662225.588756322860718 -5.618238 4.227480 1.198286 0.394939 0.917523 0.008700 -0.045812
1731662225.688755512237549 -5.725256 4.363717 1.218158 0.404687 0.913347 0.007347 -0.044407
1731662225.788754701614380 -5.727631 4.392135 1.200217 0.414346 0.908969 0.003826 -0.045583
1731662225.888753890991211 -5.800284 4.484066 1.198481 0.421204 0.905755 0.004250 -0.046659
1731662225.988753080368042 -5.801789 4.504914 1.170374 0.425272 0.903880 0.003068 -0.046207
1731662226.088752269744873 -5.859497 4.593427 1.170078 0.427989 0.902623 0.001382 -0.045764
1731662226.188751459121704 -5.931819 4.699505 1.173107 0.430004 0.901855 0.000467 -0.041883
1731662226.288750648498535 -5.974087 4.789644 1.178546 0.439231 0.897419 0.002705 -0.041324
1731662226.388750076293945 -5.918059 4.767593 1.170433 0.442804 0.895756 0.003674 -0.039145
1731662226.488749265670776 -5.948857 4.835666 1.169144 0.444634 0.894844 0.000367 -0.039437
1731662226.588748455047607 -6.076879 4.989981 1.180175 0.444269 0.894749 0.000168 -0.045271
1731662226.688747406005859 -6.142888 5.048555 1.160763 0.440272 0.896756 0.002092 -0.044540
1731662226.788746833801270 -6.200310 5.121844 1.157437 0.436449 0.898674 0.000438 -0.043550
1731662226.888746023178101 -6.267000 5.211295 1.154416 0.431217 0.901293 -0.001704 -0.041470
1731662226.988745212554932 -6.211798 5.157257 1.134627 0.429753 0.901955 0.003196 -0.042193
1731662227.088744401931763 -6.187858 5.160801 1.136701 0.431576 0.901102 0.004289 -0.041700
1731662227.188743829727173 -6.157999 5.119566 1.140344 0.431415 0.901201 0.002857 -0.041349
1731662227.288743019104004 -6.110707 5.039032 1.124606 0.428316 0.902667 -0.000975 -0.041681
1731662227.388742208480835 -6.043055 4.935220 1.099842 0.423622 0.904790 0.001569 -0.043557
1731662227.488741397857666 -5.997283 4.861699 1.087735 0.420656 0.906136 0.004578 -0.044094
1731662227.588740587234497 -5.962422 4.805668 1.078547 0.418622 0.907070 0.005615 -0.044125
1731662227.688739776611328 -5.946034 4.777435 1.075215 0.416693 0.907965 0.005825 -0.043968
1731662227.788738965988159 -5.935212 4.762997 1.072065 0.414547 0.908949 0.005836 -0.043905
1731662227.888738155364990 -5.928943 4.756962 1.071090 0.412539 0.909868 0.005442 -0.043851
1731662227.988737344741821 -5.924297 4.755420 1.070133 0.410980 0.910573 0.005081 -0.043878
1731662228.088736534118652 -5.920414 4.754648 1.069739 0.409558 0.911207 0.004736 -0.044067
1731662228.188735723495483 -5.915566 4.754668 1.068983 0.408365 0.911734 0.004108 -0.044299
1731662228.288734912872314 -5.911396 4.755318 1.069226 0.407501 0.912112 0.003036 -0.044566
1731662228.388734579086304 -5.904819 4.755209 1.068636 0.407048 0.912310 0.001885 -0.044714
1731662228.488733530044556 -5.896648 4.755477 1.067577 0.406942 0.912367 0.001071 -0.044541
1731662228.588732719421387 -5.888823 4.753280 1.067350 0.407083 0.912325 0.000431 -0.044112
1731662228.688731908798218 -5.879809 4.749616 1.066776 0.407374 0.912235 0.000453 -0.043293
1731662228.788731098175049 -5.868690 4.743272 1.066240 0.407714 0.912121 0.000918 -0.042472
1731662228.888730525970459 -5.857129 4.736044 1.065313 0.407927 0.912061 0.001878 -0.041666
1731662228.988729715347290 -5.846052 4.727961 1.064559 0.408125 0.912015 0.003332 -0.040630
1731662229.088728904724121 -5.834212 4.718565 1.064285 0.408451 0.911924 0.004613 -0.039245
1731662229.188728094100952 -5.825738 4.711887 1.063087 0.408703 0.911857 0.005531 -0.038047
1731662229.288727283477783 -5.819498 4.706820 1.062822 0.409039 0.911741 0.006232 -0.037106
1731662229.388720750808716 -5.813082 4.702002 1.062479 0.409531 0.911546 0.006588 -0.036400
1731662229.488719701766968 -5.807232 4.697792 1.062222 0.410183 0.911273 0.006666 -0.035882
1731662229.588718652725220 -5.800533 4.693791 1.061670 0.410821 0.911004 0.006750 -0.035393
1731662229.688717842102051 -5.795108 4.690097 1.061326 0.411494 0.910716 0.006729 -0.034973
1731662229.788716793060303 -5.790646 4.687289 1.060305 0.412064 0.910475 0.006750 -0.034554
1731662229.888715982437134 -5.786429 4.683196 1.059947 0.412490 0.910300 0.007079 -0.033984
1731662229.988714933395386 -5.781545 4.678861 1.059772 0.412920 0.910124 0.007254 -0.033443
1731662230.088714122772217 -5.778671 4.675659 1.059794 0.413504 0.909878 0.007609 -0.032844
1731662230.188713073730469 -5.776272 4.673109 1.059709 0.414173 0.909593 0.007887 -0.032240
1731662230.288712263107300 -5.773403 4.670524 1.058717 0.414778 0.909340 0.008099 -0.031540
1731662230.388711214065552 -5.771460 4.668477 1.058091 0.415273 0.909134 0.008170 -0.030932
1731662230.488710403442383 -5.769157 4.666292 1.057856 0.415789 0.908918 0.008121 -0.030365
1731662230.588709354400635 -5.766488 4.664954 1.057018 0.416350 0.908680 0.007881 -0.029850
1731662230.688708543777466 -5.764189 4.663617 1.056659 0.416929 0.908430 0.007611 -0.029447
1731662230.788707494735718 -5.761017 4.663104 1.055376 0.417557 0.908152 0.007239 -0.029201
1731662230.888706445693970 -5.757763 4.662801 1.054569 0.418249 0.907843 0.006845 -0.029031
1731662230.988705635070801 -5.755204 4.661125 1.054971 0.419079 0.907469 0.006401 -0.028847
1731662231.088704586029053 -5.753146 4.660711 1.054849 0.419925 0.907085 0.006182 -0.028677
1731662231.188703775405884 -5.751337 4.660392 1.054400 0.420791 0.906689 0.006022 -0.028516
1731662231.288702726364136 -5.749780 4.658554 1.054730 0.421888 0.906184 0.006141 -0.028332
1731662231.388701915740967 -5.748572 4.655634 1.054681 0.422961 0.905691 0.006439 -0.028047
1731662231.488701105117798 -5.748110 4.653295 1.054832 0.423965 0.905225 0.006942 -0.027807
1731662231.588700056076050 -5.753742 4.649456 1.042807 0.426713 0.904045 0.007176 -0.023814
1731662231.688699245452881 -5.763545 4.657802 1.031210 0.427274 0.903870 0.005927 -0.020511
1731662231.788698196411133 -5.783571 4.668376 1.020211 0.427503 0.903833 0.004604 -0.017502
1731662231.888697385787964 -5.809385 4.680129 1.012829 0.428124 0.903586 0.003302 -0.015184
1731662231.988696336746216 -5.841479 4.694404 1.006505 0.429889 0.902778 0.001765 -0.013557
1731662232.088695287704468 -5.872094 4.720386 1.000163 0.437661 0.899062 0.005591 -0.010474
1731662232.188694477081299 -5.902687 4.751924 1.004125 0.444147 0.895879 0.005632 -0.010104
1731662232.288693428039551 -5.940356 4.787126 1.006559 0.447705 0.894072 0.005397 -0.012913
1731662232.388692617416382 -5.976020 4.821306 1.002227 0.447030 0.894419 0.005344 -0.012250
1731662232.488691806793213 -6.002126 4.859344 1.004283 0.446295 0.894794 0.002535 -0.012554
1731662232.588690757751465 -6.033835 4.912006 1.003045 0.445412 0.895262 -0.000422 -0.010672
1731662232.688689947128296 -6.061978 4.972003 1.004734 0.450257 0.892835 0.001191 -0.010642
1731662232.888688087463379 -6.096131 5.073275 1.013932 0.459142 0.888269 -0.002542 -0.012658
1731662232.988687038421631 -6.116786 5.124956 1.015287 0.460897 0.887238 -0.001791 -0.019482
1731662233.088685989379883 -6.140968 5.177621 1.007468 0.458410 0.888586 0.001616 -0.016546
1731662233.188684940338135 -6.171197 5.224116 1.005883 0.456052 0.889813 0.001021 -0.015760
1731662233.288684129714966 -6.206708 5.278328 1.004605 0.452558 0.891629 -0.000139 -0.013755
1731662233.388683319091797 -6.243060 5.340387 1.000183 0.452435 0.891693 0.000866 -0.013615
1731662233.488682508468628 -6.262876 5.402380 0.996470 0.455980 0.889885 0.005227 -0.012599
1731662233.588681459426880 -6.298915 5.453072 1.003328 0.458194 0.888729 0.007021 -0.013078
1731662233.688680648803711 -6.355190 5.507668 1.009990 0.458905 0.888315 0.007217 -0.015824
1731662233.788679599761963 -6.405568 5.566266 1.010612 0.456618 0.889432 0.012171 -0.016212
1731662233.888679027557373 -6.457976 5.615159 1.016256 0.452075 0.891790 0.012152 -0.013843
1731662233.988677740097046 -6.512375 5.669056 1.018250 0.447142 0.894326 0.010749 -0.011408
1731662234.088676691055298 -6.568790 5.735068 1.019204 0.440023 0.897855 0.010751 -0.010998
1731662234.188675880432129 -6.615664 5.796948 1.022416 0.436901 0.899307 0.015070 -0.011683
1731662234.288674831390381 -6.661150 5.852953 1.026275 0.433911 0.900733 0.016877 -0.010817
1731662234.388674020767212 -6.717318 5.907792 1.032081 0.430952 0.902146 0.016638 -0.011661
1731662234.488673210144043 -6.786097 5.972324 1.037385 0.426848 0.903952 0.018684 -0.017959
1731662234.588672161102295 -6.836402 6.020912 1.033691 0.420988 0.906740 0.017590 -0.016819
1731662234.688671350479126 -6.915835 6.090997 1.044316 0.416012 0.909092 0.017094 -0.013932
1731662234.788670301437378 -6.977200 6.157238 1.044147 0.409689 0.912007 0.016284 -0.011566
1731662234.888669490814209 -7.041377 6.231998 1.043683 0.407954 0.912752 0.017716 -0.011998
1731662234.988668441772461 -7.087142 6.292180 1.045386 0.408101 0.912652 0.019292 -0.012160
1731662235.088667392730713 -7.130485 6.356554 1.044847 0.408480 0.912485 0.018454 -0.013235
1731662235.188666582107544 -7.187595 6.428395 1.048935 0.408137 0.912620 0.015158 -0.017865
1731662235.288665533065796 -7.245674 6.489240 1.045276 0.403992 0.914378 0.018103 -0.019370
1731662235.388664722442627 -7.292810 6.539685 1.040169 0.399049 0.916576 0.017695 -0.018336
1731662235.488663911819458 -7.348138 6.597183 1.035163 0.393245 0.919149 0.015388 -0.016944
1731662235.588662862777710 -7.432975 6.682539 1.037418 0.388864 0.921028 0.015582 -0.015757
1731662235.688662052154541 -7.475039 6.742552 1.036872 0.391544 0.919833 0.018508 -0.016059
1731662235.788661003112793 -7.507903 6.794187 1.036811 0.392458 0.919408 0.019765 -0.016584
1731662235.888660192489624 -7.567920 6.859656 1.046097 0.393552 0.918942 0.017789 -0.018621
1731662235.988659143447876 -7.631790 6.928134 1.044167 0.391505 0.919658 0.021465 -0.022176
1731662236.088658094406128 -7.695458 6.983070 1.039837 0.387383 0.921465 0.020052 -0.020843
1731662236.188657522201538 -7.751285 7.040595 1.030769 0.383223 0.923274 0.018918 -0.018615
1731662236.288656234741211 -7.806564 7.103556 1.021255 0.379221 0.925006 0.016186 -0.017111
1731662236.388655424118042 -7.862295 7.159845 1.020174 0.379134 0.924924 0.021225 -0.017943
1731662236.488654613494873 -7.918483 7.209376 1.028098 0.379404 0.924732 0.025408 -0.016668
1731662236.588653564453125 -7.968079 7.256508 1.031302 0.379220 0.924762 0.026645 -0.017265
1731662236.688652753829956 -8.016722 7.290613 1.032437 0.377251 0.925565 0.024247 -0.020561
1731662236.788651704788208 -7.966465 7.256485 1.035406 0.372509 0.927161 0.034005 -0.021290
1731662236.888650894165039 -7.805570 7.102967 1.012023 0.365460 0.929539 0.039899 -0.028359
1731662236.988649845123291 -7.732027 7.012914 0.988676 0.363087 0.930562 0.037557 -0.028482
1731662237.088648796081543 -7.711650 6.990534 0.980327 0.359906 0.931871 0.035240 -0.029003
1731662237.188647985458374 -7.702610 6.989668 0.975290 0.356771 0.933163 0.032858 -0.029011
1731662237.288646936416626 -7.695162 6.990513 0.973107 0.354191 0.934252 0.029380 -0.029317
1731662237.388646125793457 -7.688566 6.995125 0.969830 0.352476 0.934993 0.025348 -0.030097
1731662237.488645315170288 -7.676881 6.997205 0.966399 0.351549 0.935410 0.021279 -0.031128
1731662237.588644266128540 -7.662158 7.000469 0.962355 0.351088 0.935625 0.017455 -0.032223
1731662237.688643217086792 -7.650134 7.001725 0.958034 0.351077 0.935647 0.014221 -0.033263
1731662237.788642406463623 -7.640635 7.004265 0.953983 0.351230 0.935594 0.011806 -0.034104
1731662237.888641595840454 -7.629506 7.002096 0.949032 0.351344 0.935546 0.010294 -0.034701
1731662237.988640546798706 -7.625979 7.000764 0.946501 0.351469 0.935494 0.009700 -0.035014
1731662238.088639497756958 -7.621523 6.996547 0.943189 0.351571 0.935451 0.009558 -0.035192
1731662238.288637638092041 -7.620351 6.990469 0.938609 0.351704 0.935395 0.009484 -0.035367
1731662238.388636827468872 -7.620340 6.987780 0.937483 0.351678 0.935407 0.009355 -0.035342
1731662238.488636016845703 -7.621903 6.984649 0.936032 0.351593 0.935438 0.009187 -0.035419
1731662238.588634967803955 -7.624502 6.981734 0.934401 0.351506 0.935474 0.008891 -0.035405
1731662238.688634157180786 -7.627202 6.979672 0.933663 0.351403 0.935517 0.008462 -0.035390
1731662238.788633108139038 -7.630865 6.977679 0.933132 0.351279 0.935572 0.008144 -0.035246
1731662238.888632297515869 -7.634096 6.975116 0.932531 0.351078 0.935657 0.007707 -0.035091
1731662238.988631248474121 -7.613901 6.969341 0.926367 0.350421 0.935913 0.007072 -0.034952
1731662239.088630199432373 -7.604639 6.966388 0.923009 0.349882 0.936128 0.006714 -0.034663
1731662239.188629388809204 -7.599724 6.964191 0.920899 0.349414 0.936317 0.006491 -0.034315
1731662239.288628339767456 -7.598184 6.962793 0.920075 0.349028 0.936475 0.006382 -0.033960
1731662239.388627529144287 -7.598142 6.961675 0.919667 0.348667 0.936623 0.006505 -0.033550
1731662239.488626718521118 -7.599173 6.961180 0.919777 0.348370 0.936750 0.006622 -0.033094
1731662239.588625669479370 -7.600842 6.960574 0.920243 0.348141 0.936847 0.006730 -0.032719
1731662239.688624858856201 -7.604151 6.959824 0.920186 0.347938 0.936929 0.007013 -0.032457
1731662239.788623809814453 -7.606297 6.959418 0.921054 0.347822 0.936979 0.007302 -0.032204
1731662239.888622999191284 -7.608808 6.959011 0.921748 0.347753 0.937009 0.007511 -0.032026
1731662239.988621711730957 -7.611525 6.958568 0.922935 0.347683 0.937039 0.007852 -0.031835
1731662240.088620901107788 -7.613507 6.958254 0.924113 0.347597 0.937075 0.008166 -0.031619
1731662240.188620090484619 -7.615209 6.957943 0.925169 0.347506 0.937112 0.008311 -0.031494
1731662240.288619041442871 -7.617303 6.957535 0.925945 0.347452 0.937131 0.008521 -0.031454
1731662240.388618230819702 -7.618631 6.957010 0.927246 0.347468 0.937125 0.008806 -0.031383
1731662240.488617420196533 -7.620049 6.956620 0.928376 0.347475 0.937122 0.008989 -0.031349
1731662240.588616371154785 -7.621345 6.956243 0.929898 0.347469 0.937125 0.009140 -0.031286
1731662240.688615798950195 -7.622896 6.956002 0.930951 0.347435 0.937135 0.009302 -0.031303
1731662240.788614511489868 -7.623680 6.955650 0.932172 0.347477 0.937118 0.009331 -0.031342
1731662240.888613700866699 -7.625036 6.955499 0.932870 0.347443 0.937127 0.009381 -0.031427
1731662240.988612651824951 -7.625589 6.955255 0.933966 0.347517 0.937098 0.009401 -0.031469
1731662241.088611602783203 -7.626226 6.955108 0.935047 0.347552 0.937084 0.009347 -0.031534
1731662241.188610792160034 -7.626773 6.954838 0.936010 0.347576 0.937074 0.009284 -0.031591
1731662241.288609743118286 -7.626826 6.954570 0.937331 0.347616 0.937059 0.009176 -0.031599
1731662241.388608932495117 -7.626826 6.954243 0.938622 0.347678 0.937037 0.009043 -0.031635
1731662241.488607883453369 -7.626813 6.954068 0.939980 0.347758 0.937007 0.008911 -0.031653
1731662241.588607072830200 -7.626581 6.953831 0.941170 0.347827 0.936983 0.008756 -0.031669
1731662241.688606262207031 -7.626341 6.953581 0.942425 0.347907 0.936954 0.008641 -0.031681
1731662241.788605213165283 -7.625918 6.953131 0.943448 0.347996 0.936921 0.008555 -0.031684
1731662241.888604402542114 -7.625746 6.952826 0.944249 0.348028 0.936912 0.008502 -0.031641
1731662241.988603353500366 -7.625334 6.952381 0.944748 0.348046 0.936905 0.008414 -0.031664
1731662242.088602304458618 -7.624925 6.951956 0.945304 0.348121 0.936877 0.008409 -0.031664
1731662242.188601493835449 -7.624547 6.951488 0.945615 0.348185 0.936855 0.008404 -0.031613
1731662242.288600206375122 -7.624094 6.951167 0.946511 0.348253 0.936834 0.008394 -0.031484
1731662242.388599634170532 -7.623696 6.950746 0.947375 0.348313 0.936818 0.008405 -0.031286
1731662242.488598823547363 -7.623340 6.950163 0.947351 0.348398 0.936789 0.008491 -0.031186
1731662242.588597774505615 -7.622902 6.949818 0.947520 0.348428 0.936782 0.008460 -0.031083
1731662242.688596963882446 -7.622381 6.949283 0.947551 0.348530 0.936747 0.008539 -0.030985
1731662242.788595914840698 -7.622072 6.948786 0.947405 0.348578 0.936732 0.008664 -0.030831
1731662242.888595104217529 -7.621797 6.948364 0.947343 0.348621 0.936721 0.008726 -0.030696
1731662242.988594293594360 -7.621353 6.947965 0.947541 0.348696 0.936700 0.008797 -0.030438
1731662243.088593006134033 -7.620939 6.947650 0.947554 0.348763 0.936682 0.008924 -0.030206
1731662243.188592195510864 -7.620568 6.947234 0.947435 0.348846 0.936659 0.008966 -0.029946
1731662243.288591146469116 -7.620273 6.946919 0.947665 0.348911 0.936642 0.009074 -0.029668
1731662243.388590335845947 -7.619774 6.946371 0.947752 0.349043 0.936600 0.009241 -0.029403
1731662243.488589286804199 -7.619367 6.946102 0.947717 0.349111 0.936581 0.009219 -0.029208
1731662243.588588476181030 -7.619056 6.945955 0.947713 0.349179 0.936564 0.009218 -0.028931
1731662243.688587665557861 -7.618727 6.945680 0.947693 0.349268 0.936537 0.009264 -0.028696
1731662243.788586378097534 -7.618317 6.945545 0.947444 0.349356 0.936511 0.009169 -0.028533
1731662243.888585805892944 -7.618014 6.945329 0.947544 0.349417 0.936493 0.009141 -0.028365
1731662243.988584756851196 -7.617491 6.945121 0.947277 0.349507 0.936462 0.009129 -0.028280
1731662244.088583707809448 -7.616929 6.945035 0.947239 0.349608 0.936428 0.008991 -0.028216
1731662244.288581848144531 -7.615800 6.944807 0.947408 0.349775 0.936377 0.008899 -0.027878
1731662244.388581037521362 -7.615202 6.944825 0.947339 0.349878 0.936341 0.008728 -0.027823
1731662244.488579988479614 -7.614917 6.944634 0.947401 0.349979 0.936307 0.008718 -0.027713
1731662244.588579177856445 -7.614483 6.944661 0.947618 0.350060 0.936281 0.008597 -0.027610
1731662244.688578128814697 -7.613989 6.944743 0.947493 0.350197 0.936232 0.008439 -0.027584
1731662244.788577318191528 -7.613646 6.944714 0.947454 0.350310 0.936192 0.008372 -0.027518
1731662244.888576507568359 -7.613453 6.944437 0.946844 0.350423 0.936149 0.008377 -0.027523
1731662244.988575458526611 -7.613058 6.944441 0.946770 0.350565 0.936098 0.008284 -0.027487
1731662245.088574409484863 -7.612889 6.944476 0.946618 0.350676 0.936058 0.008246 -0.027453
1731662245.188573598861694 -7.612611 6.944354 0.946357 0.350822 0.936004 0.008245 -0.027436
1731662245.288572788238525 -7.612541 6.944448 0.946217 0.350926 0.935968 0.008068 -0.027399
1731662245.388571739196777 -7.612333 6.944477 0.945867 0.351033 0.935929 0.007971 -0.027379
1731662245.488570690155029 -7.611948 6.944582 0.945871 0.351200 0.935867 0.007918 -0.027351
1731662245.588569879531860 -7.611642 6.944856 0.945571 0.351353 0.935810 0.007779 -0.027385
1731662245.688568830490112 -7.611421 6.944999 0.945732 0.351531 0.935744 0.007749 -0.027374
1731662245.788568019866943 -7.616711 6.952716 0.941335 0.354236 0.934776 0.009166 -0.025037
1731662245.888567209243774 -7.628613 6.970834 0.929484 0.354734 0.934666 0.007707 -0.022453
1731662245.988566160202026 -7.646428 6.984314 0.921646 0.357078 0.933855 0.006385 -0.019252
1731662246.088565111160278 -7.676107 7.001990 0.915726 0.359411 0.933015 0.006433 -0.016281
1731662246.188564300537109 -7.714557 7.018308 0.911914 0.360738 0.932512 0.009216 -0.014270
1731662246.288563251495361 -7.761108 7.037497 0.902297 0.365042 0.930834 0.013012 -0.011101
1731662246.388562440872192 -7.803842 7.062669 0.903628 0.371286 0.928340 0.015375 -0.009728
1731662246.588560581207275 -7.897556 7.120186 0.903191 0.377068 0.925980 0.014666 -0.012833
1731662246.688559532165527 -7.934376 7.149414 0.902642 0.376987 0.926035 0.014324 -0.011634
1731662246.888557910919189 -8.009277 7.231504 0.904485 0.378770 0.925398 0.010180 -0.008206
1731662246.988556861877441 -8.045722 7.279183 0.905729 0.386376 0.922209 0.012738 -0.009060
1731662247.088555812835693 -8.073571 7.319395 0.909957 0.391993 0.919830 0.013340 -0.008675
1731662247.188555002212524 -8.102545 7.358723 0.911523 0.397030 0.917656 0.012680 -0.010660
1731662247.288553953170776 -8.131612 7.402485 0.911803 0.402187 0.915323 0.010323 -0.017972
1731662247.388553142547607 -8.114643 7.385986 0.920551 0.405250 0.913931 0.012056 -0.018903
1731662247.488552093505859 -8.095109 7.375442 0.937482 0.407500 0.912930 0.012076 -0.018876
1731662247.588551282882690 -8.100475 7.383256 0.947053 0.408067 0.912716 0.010210 -0.018071
1731662247.688550233840942 -8.117083 7.405088 0.950423 0.412112 0.910797 0.014493 -0.020044
1731662247.788549423217773 -8.137190 7.437134 0.953391 0.419988 0.907099 0.019571 -0.019992
1731662247.888548612594604 -8.157872 7.469116 0.960353 0.429447 0.902615 0.021225 -0.020241
1731662247.988547563552856 -8.183461 7.506710 0.963805 0.438845 0.898091 0.019221 -0.021863
1731662248.088546514511108 -8.211357 7.541116 0.959129 0.444998 0.894983 0.018773 -0.025108
1731662248.188545703887939 -8.214539 7.540468 0.963579 0.450460 0.892285 0.018502 -0.023889
1731662248.288544654846191 -8.229047 7.540446 0.959739 0.455229 0.889968 0.016091 -0.021555
1731662248.388543844223022 -8.247527 7.554630 0.958523 0.460870 0.887099 0.015656 -0.020208
1731662248.488542795181274 -8.248244 7.579895 0.963589 0.473397 0.880351 0.021077 -0.020803
1731662248.588541984558105 -8.241497 7.602294 0.970236 0.485105 0.873934 0.023329 -0.019169
1731662248.688540935516357 -8.253048 7.599786 0.976630 0.498821 0.866166 0.022653 -0.020507
1731662248.788540124893188 -8.281427 7.582680 0.989022 0.509525 0.859716 0.023782 -0.026572
1731662248.888539314270020 -8.275685 7.604950 1.002355 0.517004 0.855329 0.021547 -0.025587
1731662248.988538265228271 -8.260354 7.627049 1.008083 0.524602 0.850837 0.017256 -0.023912
1731662249.088537454605103 -8.250822 7.648978 1.011602 0.533084 0.845672 0.013302 -0.021992
1731662249.188536405563354 -8.251466 7.664986 1.020540 0.544223 0.838450 0.017511 -0.022736
1731662249.288535356521606 -8.218364 7.677081 1.024545 0.556344 0.830445 0.020050 -0.021008
1731662249.388534545898438 -8.174217 7.684624 1.001095 0.565827 0.824016 0.019067 -0.021773
1731662249.488533496856689 -8.141957 7.692606 0.994404 0.574229 0.817987 0.016906 -0.029552
1731662249.588532686233521 -8.121853 7.697554 0.975477 0.577176 0.815889 0.019232 -0.028706
1731662249.688531637191772 -8.102028 7.703774 0.975370 0.579476 0.814356 0.016311 -0.027676
1731662249.788530826568604 -8.109424 7.725567 0.987404 0.581605 0.812970 0.013050 -0.025398
1731662249.888530015945435 -8.124130 7.741817 0.984708 0.585401 0.810059 0.019537 -0.026983
1731662249.988528966903687 -8.083010 7.737151 0.965918 0.590338 0.806490 0.020984 -0.025193
1731662250.088527917861938 -8.081285 7.741158 0.956589 0.594036 0.803742 0.021531 -0.025615
1731662250.188527107238770 -8.082713 7.760395 0.957833 0.593177 0.804169 0.022031 -0.031105
1731662250.288526058197021 -8.103228 7.790958 0.997876 0.589712 0.806609 0.026224 -0.030565
1731662250.388523101806641 -8.120696 7.805756 1.027401 0.586306 0.809198 0.024189 -0.029318
1731662250.488522052764893 -8.156033 7.830250 1.047506 0.581879 0.812537 0.023491 -0.025465
1731662250.588521242141724 -8.165969 7.863817 1.054643 0.581669 0.812543 0.028369 -0.025120
1731662250.688520193099976 -8.166026 7.877576 1.054762 0.582817 0.811632 0.030982 -0.024848
1731662250.788519382476807 -8.170882 7.891905 1.058468 0.584542 0.810392 0.030861 -0.024942
1731662250.888518333435059 -8.186025 7.916077 1.062714 0.583572 0.810856 0.032086 -0.030432
1731662250.988517522811890 -8.194168 7.923083 1.067571 0.580972 0.812701 0.032669 -0.030354
1731662251.088516235351562 -8.187981 7.933103 1.067467 0.577616 0.815296 0.029302 -0.028153
1731662251.188515424728394 -8.203093 7.955350 1.072337 0.576878 0.815870 0.027978 -0.028014
1731662251.288514614105225 -8.201538 7.971601 1.082660 0.581374 0.812533 0.030774 -0.029110
1731662251.388513803482056 -8.191016 7.975293 1.079418 0.584954 0.809964 0.030660 -0.029124
1731662251.488512754440308 -8.186802 7.990173 1.079291 0.587403 0.808075 0.029788 -0.032951
1731662251.588511943817139 -8.186626 7.996726 1.077562 0.589115 0.806715 0.031767 -0.033849
1731662251.688510894775391 -8.177507 8.009768 1.082581 0.590526 0.805856 0.028372 -0.032699
1731662251.788510322570801 -8.174436 8.031585 1.085228 0.592984 0.804168 0.026457 -0.031369
1731662251.888509035110474 -8.161594 8.056696 1.090482 0.600418 0.798594 0.027286 -0.031654
1731662251.988508224487305 -8.148319 8.066792 1.097307 0.608043 0.792837 0.026792 -0.031237
1731662252.088507175445557 -8.152349 8.084610 1.101215 0.613830 0.788358 0.026233 -0.031859
1731662252.188506126403809 -8.152025 8.104301 1.104724 0.615657 0.786929 0.027981 -0.030451
1731662252.288505315780640 -8.144857 8.114908 1.102653 0.617331 0.785778 0.024444 -0.029273
1731662252.388504505157471 -8.134515 8.146731 1.115445 0.620111 0.783708 0.022119 -0.027834
1731662252.488503456115723 -8.128360 8.175020 1.121922 0.626748 0.778333 0.023369 -0.028940
1731662252.588502645492554 -8.122600 8.192211 1.131240 0.632342 0.773814 0.024589 -0.027393
1731662252.688501596450806 -8.126122 8.214243 1.137145 0.635230 0.771422 0.025450 -0.027243
1731662252.788500785827637 -8.129344 8.232149 1.141604 0.632819 0.773397 0.026662 -0.026197
1731662252.888499736785889 -8.128331 8.246505 1.143399 0.630518 0.775395 0.024928 -0.024238
1731662252.988498926162720 -8.132495 8.268977 1.147038 0.631282 0.774679 0.026701 -0.025344
1731662253.088497877120972 -8.124886 8.287806 1.153066 0.634012 0.772389 0.028690 -0.024918
1731662253.188496828079224 -8.125004 8.308628 1.159194 0.634556 0.772013 0.027887 -0.023611
1731662253.288496017456055 -8.138888 8.330514 1.170257 0.631961 0.773833 0.032226 -0.027734
1731662253.388495206832886 -8.143379 8.349545 1.170481 0.627900 0.777144 0.032135 -0.027511
1731662253.488494157791138 -8.145382 8.375337 1.173571 0.626128 0.778796 0.028037 -0.025597
1731662253.588493347167969 -8.134979 8.421832 1.177534 0.629465 0.775888 0.031407 -0.028029
1731662253.688492298126221 -8.126622 8.458503 1.193399 0.634128 0.772026 0.033323 -0.027325
1731662253.788491487503052 -8.138584 8.488292 1.194206 0.637502 0.769362 0.031497 -0.026085
1731662253.888490438461304 -8.138639 8.535613 1.189406 0.640934 0.766176 0.034299 -0.031636
1731662253.988489627838135 -8.145730 8.570152 1.193360 0.644365 0.763373 0.033366 -0.030704
1731662254.088488817214966 -8.158006 8.597444 1.191949 0.647125 0.761335 0.028222 -0.028320
1731662254.188487529754639 -8.157720 8.634829 1.206906 0.654912 0.754292 0.034184 -0.031070
1731662254.288486719131470 -8.157970 8.662881 1.215593 0.663023 0.747097 0.036694 -0.029988
1731662254.388484239578247 -8.164615 8.682198 1.210683 0.670457 0.740558 0.034881 -0.029070
1731662254.488483190536499 -8.168273 8.714850 1.214658 0.674485 0.736544 0.037944 -0.033668
1731662254.588482379913330 -8.170110 8.733748 1.216143 0.675435 0.735703 0.038118 -0.032801
1731662254.688481330871582 -8.169572 8.755920 1.223950 0.675904 0.735463 0.034919 -0.032077
1731662254.788480520248413 -8.170288 8.787684 1.231854 0.675924 0.735293 0.036538 -0.033706
1731662254.888479471206665 -8.169755 8.807956 1.240398 0.678364 0.732995 0.037163 -0.034044
1731662254.988478422164917 -8.170803 8.831458 1.240995 0.679831 0.731794 0.035277 -0.032600
1731662255.088477611541748 -8.164685 8.857231 1.246239 0.680287 0.731120 0.038068 -0.035002
1731662255.188476562500000 -8.164063 8.871225 1.237791 0.679987 0.731467 0.037082 -0.034625
1731662255.288475275039673 -8.165538 8.889308 1.240715 0.681635 0.730258 0.032916 -0.031838
1731662255.388474702835083 -8.156812 8.910017 1.248589 0.688325 0.723858 0.035408 -0.031374
1731662255.488473892211914 -8.151945 8.933251 1.249973 0.699916 0.712565 0.037926 -0.030512
1731662255.588472843170166 -8.148731 8.957817 1.250550 0.708775 0.703843 0.036749 -0.029865
1731662255.688471794128418 -8.145948 8.977767 1.248930 0.713859 0.698470 0.038500 -0.032608
1731662255.788470983505249 -8.149880 9.001109 1.250236 0.713996 0.698381 0.037880 -0.032214
1731662255.888469934463501 -8.154229 9.023008 1.250661 0.714465 0.698224 0.033934 -0.029534
1731662255.988468885421753 -8.152735 9.056893 1.254098 0.717183 0.695305 0.036327 -0.029675
1731662256.088468074798584 -8.147735 9.082272 1.256578 0.722637 0.689522 0.038076 -0.030090
1731662256.188467025756836 -8.145735 9.106908 1.258180 0.727238 0.684761 0.037150 -0.029106
1731662256.288465976715088 -8.142487 9.132828 1.265794 0.729641 0.681824 0.038541 -0.035407
1731662256.388465404510498 -8.131510 9.156402 1.275544 0.728948 0.682358 0.040960 -0.036676
1731662256.488464355468750 -8.121635 9.180210 1.292475 0.726074 0.685609 0.037167 -0.037081
1731662256.588463306427002 -8.112194 9.227520 1.301151 0.723686 0.688237 0.037490 -0.034677
1731662256.688462495803833 -8.105771 9.260466 1.312591 0.725881 0.685778 0.040642 -0.033971
1731662256.788461685180664 -8.100129 9.294379 1.321690 0.727362 0.684378 0.039458 -0.031859
1731662256.888460397720337 -8.099985 9.338582 1.337763 0.726098 0.685341 0.042087 -0.036309
1731662256.988459587097168 -8.118921 9.378018 1.337614 0.722223 0.689437 0.043714 -0.034045
1731662257.088458538055420 -8.118728 9.417408 1.348010 0.717569 0.694568 0.040819 -0.031682
1731662257.188457489013672 -8.116266 9.466377 1.356503 0.713859 0.698450 0.041116 -0.029703
1731662257.288456678390503 -8.104833 9.515946 1.366490 0.715468 0.696643 0.043316 -0.030293
1731662257.388455629348755 -8.106047 9.535068 1.369764 0.717131 0.695040 0.042452 -0.028988
1731662257.488454818725586 -8.119485 9.569725 1.372719 0.716136 0.695973 0.041422 -0.032494
1731662257.588453769683838 -8.121986 9.610489 1.379932 0.713495 0.698475 0.044642 -0.032631
1731662257.688452720642090 -8.137512 9.639018 1.391245 0.710845 0.701446 0.041083 -0.031388
1731662257.788451910018921 -8.146371 9.680782 1.398038 0.708822 0.703731 0.038905 -0.028654
1731662257.888450860977173 -8.144812 9.729159 1.406920 0.712152 0.700074 0.043017 -0.029768
1731662257.988449811935425 -8.158570 9.760006 1.414031 0.715620 0.696611 0.042992 -0.027795
1731662258.088449001312256 -8.163899 9.785160 1.413280 0.718999 0.693359 0.039309 -0.027369
1731662258.188447952270508 -8.174771 9.825730 1.419075 0.718914 0.693066 0.043865 -0.029974
1731662258.288447141647339 -8.204392 9.866828 1.430596 0.717524 0.694686 0.041438 -0.029212
1731662258.388446092605591 -8.218854 9.901114 1.437077 0.716680 0.695938 0.036256 -0.026926
1731662258.488445281982422 -8.215603 9.937369 1.448096 0.722613 0.689336 0.043083 -0.028094
1731662258.588444232940674 -8.221862 9.972107 1.458871 0.729621 0.681908 0.044127 -0.026577
1731662258.688443183898926 -8.239519 10.013162 1.469657 0.735124 0.676160 0.039982 -0.028310
1731662258.788442373275757 -8.257492 10.071613 1.483068 0.737426 0.673303 0.044008 -0.030481
1731662258.888441324234009 -8.265568 10.105845 1.488631 0.738270 0.672504 0.041234 -0.031539
1731662258.988440275192261 -8.263438 10.156946 1.498334 0.740288 0.670544 0.037273 -0.030916
1731662259.088439464569092 -8.254851 10.218056 1.504923 0.746808 0.663108 0.040304 -0.030670
1731662259.188438415527344 -8.245435 10.271960 1.512665 0.753526 0.655457 0.041018 -0.029881
1731662259.288437604904175 -8.230797 10.328948 1.519017 0.758112 0.649981 0.040896 -0.033431
1731662259.388436794281006 -8.227989 10.375404 1.523486 0.757991 0.649897 0.043357 -0.034680
1731662259.488435745239258 -8.230944 10.391475 1.526431 0.754468 0.654123 0.040360 -0.035665
1731662259.588434696197510 -8.236815 10.426451 1.542932 0.752865 0.656022 0.040407 -0.034589
1731662259.688433885574341 -8.236907 10.467314 1.553760 0.754913 0.653593 0.041323 -0.034866
1731662259.788432836532593 -8.230729 10.486950 1.551687 0.755665 0.652839 0.040775 -0.033312
1731662259.888431787490845 -8.215598 10.513119 1.552476 0.754338 0.653692 0.047825 -0.037063
1731662259.988431215286255 -8.204374 10.533302 1.559423 0.750527 0.658122 0.048036 -0.035724
1731662260.088429927825928 -8.215898 10.549464 1.570918 0.746207 0.663274 0.045423 -0.034338
1731662260.188428878784180 -8.220786 10.590277 1.589419 0.747555 0.661386 0.049896 -0.035204
1731662260.288428068161011 -8.228973 10.608949 1.599390 0.749562 0.659095 0.050318 -0.034918
1731662260.388427019119263 -8.233830 10.639397 1.612301 0.749324 0.659414 0.048086 -0.037079
1731662260.488426208496094 -8.230537 10.669388 1.616009 0.747337 0.661356 0.051643 -0.037795
1731662260.588425159454346 -8.231679 10.697546 1.623455 0.745261 0.663950 0.048359 -0.037659
1731662260.688424110412598 -8.235066 10.734834 1.637858 0.745219 0.664206 0.045227 -0.037858
1731662260.788423538208008 -8.223821 10.777103 1.653669 0.750563 0.658062 0.047378 -0.036931
1731662260.888422250747681 -8.236844 10.808647 1.674823 0.754832 0.653294 0.046781 -0.035309
1731662260.988421440124512 -8.243018 10.839771 1.686252 0.755933 0.651721 0.049419 -0.037182
1731662261.088420391082764 -8.248896 10.867249 1.700430 0.752191 0.655957 0.050571 -0.037025
1731662261.188419342041016 -8.260624 10.903317 1.713902 0.748924 0.659926 0.047546 -0.036732
1731662261.288418531417847 -8.272514 10.957796 1.749863 0.750102 0.658729 0.045681 -0.036541
1731662261.388417482376099 -8.279245 10.978287 1.757009 0.751889 0.656628 0.046719 -0.036337
1731662261.488416671752930 -8.287444 11.002763 1.761002 0.752416 0.656020 0.047453 -0.035435
1731662261.588415861129761 -8.301595 11.034963 1.770010 0.749866 0.658787 0.050213 -0.034339
1731662261.688414812088013 -8.306275 11.047876 1.781314 0.748372 0.660750 0.047118 -0.033613
1731662261.788413763046265 -8.321304 11.083571 1.805606 0.750878 0.657851 0.046337 -0.035607
1731662261.888412714004517 -8.327870 11.117031 1.818954 0.756263 0.651550 0.046284 -0.037491
1731662261.988411903381348 -8.292495 11.076301 1.754437 0.762814 0.644015 0.045240 -0.036239
1731662262.088410854339600 -8.295263 11.102361 1.758225 0.766417 0.639312 0.049758 -0.037545
1731662262.188409805297852 -8.293696 11.109768 1.746773 0.769677 0.635537 0.047839 -0.037427
1731662262.288408994674683 -8.288587 11.110193 1.729844 0.773726 0.630387 0.048527 -0.040063
1731662262.388407945632935 -8.290456 11.107673 1.716989 0.780174 0.622175 0.048457 -0.043352
1731662262.488407135009766 -8.294052 11.106503 1.704330 0.785856 0.615141 0.047055 -0.042636
1731662262.588406085968018 -8.280383 11.116254 1.700249 0.790642 0.608935 0.047204 -0.043066
1731662262.688405275344849 -8.282427 11.133484 1.700823 0.792433 0.606632 0.049050 -0.040513
1731662262.788404226303101 -8.303270 11.146252 1.701012 0.793031 0.606212 0.045462 -0.039263
1731662262.888403177261353 -8.304341 11.161161 1.699687 0.795960 0.602284 0.046247 -0.039549
1731662263.088401317596436 -8.300240 11.185436 1.698305 0.804132 0.591529 0.045710 -0.037097
1731662263.188400268554688 -8.294344 11.196067 1.699370 0.805689 0.588836 0.049017 -0.041649
1731662263.288399457931519 -8.290101 11.203670 1.702982 0.805124 0.589584 0.050348 -0.040380
1731662263.388398408889771 -8.292923 11.209529 1.704322 0.802649 0.593369 0.044887 -0.040648
1731662263.488397598266602 -8.296121 11.229100 1.707767 0.800746 0.596018 0.045961 -0.038151
1731662263.588396549224854 -8.288986 11.245895 1.706736 0.801717 0.594673 0.047103 -0.037352
1731662263.688395738601685 -8.297618 11.251904 1.705549 0.802552 0.593866 0.044390 -0.035524
1731662263.788394689559937 -8.285718 11.276074 1.711016 0.801123 0.595332 0.047336 -0.039255
1731662263.888393640518188 -8.281274 11.283180 1.712039 0.798059 0.599306 0.049817 -0.038104
1731662263.988392591476440 -8.281773 11.289113 1.716642 0.794777 0.604024 0.046479 -0.036392
1731662264.088391780853271 -8.283477 11.305829 1.720770 0.791701 0.608127 0.047330 -0.033922
1731662264.188390731811523 -8.267645 11.322644 1.724006 0.793868 0.605060 0.050285 -0.033878
1731662264.288389921188354 -8.267823 11.332128 1.722392 0.796121 0.602207 0.049693 -0.032702
1731662264.388389110565186 -8.262316 11.350196 1.721188 0.796011 0.602101 0.049564 -0.037199
1731662264.488388061523438 -8.254919 11.366862 1.722828 0.793131 0.605444 0.054187 -0.038022
1731662264.588387012481689 -8.259629 11.375055 1.727523 0.790238 0.609465 0.050684 -0.038832
1731662264.688386201858521 -8.257780 11.388029 1.731871 0.786490 0.614507 0.049751 -0.036594
1731662264.788385391235352 -8.247742 11.412133 1.742804 0.787429 0.612822 0.055297 -0.036702
1731662264.888384103775024 -8.244552 11.422217 1.745869 0.788583 0.611536 0.054182 -0.034999
1731662264.988383293151855 -8.242717 11.439403 1.747142 0.788503 0.611883 0.051404 -0.034919
1731662265.088382244110107 -8.244026 11.449621 1.743963 0.785444 0.615308 0.056453 -0.035875
1731662265.188381195068359 -8.247693 11.455089 1.747730 0.783758 0.617793 0.052478 -0.036085
1731662265.288380384445190 -8.239169 11.468877 1.748045 0.782088 0.620394 0.048156 -0.033622
1731662265.388381719589233 -8.224660 11.479577 1.755404 0.786232 0.614662 0.053216 -0.034610
1731662265.488380670547485 -8.211488 11.495581 1.769456 0.791146 0.608318 0.054468 -0.032715
1731662265.588379621505737 -8.204865 11.506235 1.775224 0.795126 0.603463 0.050467 -0.032569
1731662265.688378810882568 -8.205068 11.510665 1.775428 0.796771 0.600861 0.053320 -0.035760
1731662265.788377761840820 -8.213437 11.516454 1.786490 0.798704 0.598579 0.050600 -0.034847
1731662265.888376712799072 -8.207168 11.526601 1.790243 0.800476 0.596717 0.045661 -0.032897
1731662265.988375902175903 -8.198350 11.530063 1.797928 0.805168 0.589818 0.050780 -0.035228
1731662266.088374853134155 -8.188455 11.536409 1.805720 0.809809 0.583373 0.051163 -0.035609
1731662266.188373804092407 -8.182920 11.542673 1.807366 0.813779 0.577978 0.048018 -0.037412
1731662266.288372993469238 -8.175128 11.554751 1.806111 0.814902 0.575859 0.052608 -0.039404
1731662266.388372182846069 -8.178604 11.559966 1.809892 0.815095 0.575817 0.050044 -0.039379
1731662266.488371133804321 -8.173610 11.567170 1.812045 0.815623 0.575521 0.044866 -0.038998
1731662266.588370084762573 -8.164934 11.569398 1.819692 0.820609 0.568104 0.048778 -0.038462
1731662266.688369035720825 -8.155180 11.575476 1.828689 0.825773 0.560651 0.049064 -0.036902
1731662266.788368225097656 -8.156562 11.585185 1.828124 0.828948 0.556090 0.047107 -0.037277
1731662266.888367176055908 -8.144531 11.596637 1.827512 0.829384 0.555075 0.051353 -0.037115
1731662266.988366365432739 -8.141987 11.600159 1.828225 0.829615 0.555023 0.048270 -0.036863
1731662267.088365316390991 -8.134670 11.610178 1.829984 0.828150 0.557486 0.046867 -0.034350
1731662267.188364267349243 -8.123379 11.620018 1.833997 0.829319 0.555465 0.049052 -0.035799
1731662267.288363456726074 -8.123912 11.615774 1.837039 0.830504 0.553762 0.049151 -0.034565
1731662267.388362407684326 -8.115816 11.624288 1.839334 0.829872 0.554608 0.049571 -0.035570
1731662267.488361358642578 -8.105210 11.631621 1.838776 0.827112 0.558530 0.053064 -0.033377
1731662267.588360548019409 -8.105873 11.632512 1.837995 0.824424 0.562744 0.050851 -0.032538
1731662267.688359737396240 -8.100546 11.640217 1.841180 0.822797 0.565411 0.047846 -0.032027
1731662267.788358688354492 -8.092091 11.647072 1.842948 0.824572 0.562688 0.049013 -0.032565
1731662267.888357639312744 -8.087408 11.651217 1.844211 0.828328 0.557301 0.047586 -0.031994
1731662267.988356828689575 -8.081542 11.665246 1.841999 0.830739 0.553361 0.051411 -0.031958
1731662268.088355779647827 -8.081134 11.665217 1.842510 0.831061 0.552833 0.052185 -0.031465
1731662268.188354730606079 -8.077889 11.671754 1.842750 0.830970 0.553342 0.048746 -0.030404
1731662268.288353681564331 -8.064853 11.684093 1.847086 0.833894 0.548726 0.050682 -0.030846
1731662268.388353109359741 -8.050913 11.690783 1.850918 0.838593 0.541487 0.051887 -0.029350
1731662268.488352060317993 -8.043335 11.699252 1.852832 0.842287 0.536079 0.048817 -0.028076
1731662268.588351011276245 -8.054030 11.698506 1.853015 0.843068 0.534457 0.051567 -0.030547
1731662268.688350200653076 -8.052138 11.698467 1.849858 0.841539 0.537088 0.048192 -0.032040
1731662268.788349151611328 -8.047758 11.704093 1.849331 0.840194 0.539686 0.043024 -0.030999
1731662268.888348340988159 -8.035098 11.715046 1.853746 0.841786 0.537015 0.045680 -0.030418
1731662268.988347291946411 -8.025876 11.719516 1.861287 0.844895 0.532104 0.046816 -0.028743
1731662269.088346481323242 -8.019687 11.725189 1.863734 0.847612 0.528055 0.044337 -0.027327
1731662269.188345432281494 -8.013766 11.733650 1.864269 0.848512 0.526203 0.048444 -0.028115
1731662269.288344383239746 -8.013585 11.736538 1.862717 0.847828 0.527305 0.048414 -0.028155
1731662269.388345718383789 -8.004899 11.743135 1.863833 0.847170 0.528847 0.043407 -0.027190
1731662269.488344669342041 -7.994681 11.754168 1.867530 0.848310 0.526950 0.044638 -0.026478
1731662269.588343620300293 -7.988100 11.758569 1.871349 0.852531 0.520058 0.046616 -0.023628
1731662269.688342571258545 -7.986593 11.762654 1.869891 0.856422 0.513839 0.044400 -0.023204
1731662269.788341760635376 -7.987353 11.769626 1.872259 0.857830 0.511041 0.047254 -0.027061
1731662269.888340711593628 -7.981300 11.776735 1.873158 0.856377 0.513416 0.048145 -0.026556
1731662269.988339662551880 -7.980217 11.780989 1.872105 0.854919 0.516223 0.044342 -0.025708
1731662270.088338851928711 -7.980454 11.787828 1.872403 0.854468 0.516903 0.045986 -0.024110
1731662270.188337802886963 -7.972942 11.794707 1.876183 0.856700 0.512830 0.049871 -0.024131
1731662270.288336753845215 -7.971147 11.799236 1.877998 0.858619 0.509672 0.049994 -0.022543
1731662270.388335943222046 -7.967619 11.807218 1.880639 0.858844 0.509170 0.049763 -0.025613
1731662270.488334894180298 -7.961908 11.816519 1.881037 0.856099 0.513326 0.054213 -0.025527
1731662270.588334083557129 -7.960006 11.821845 1.881512 0.853138 0.518615 0.049913 -0.026494
1731662270.688333034515381 -7.958614 11.831200 1.878583 0.849910 0.524225 0.048203 -0.022747
1731662270.788331985473633 -7.952473 11.840380 1.880349 0.851143 0.522038 0.050181 -0.022661
1731662270.888331174850464 -7.947946 11.847527 1.884680 0.853561 0.518178 0.049539 -0.021719
1731662270.988330125808716 -7.946305 11.855813 1.884308 0.855436 0.515176 0.047627 -0.023550
1731662271.088329076766968 -7.939702 11.866377 1.880687 0.854827 0.515695 0.052988 -0.022833
1731662271.188328266143799 -7.938843 11.871819 1.880741 0.855743 0.514522 0.049229 -0.023418
1731662271.288327217102051 -7.935175 11.879232 1.880351 0.856877 0.512955 0.046125 -0.022608
1731662271.388326406478882 -7.926433 11.892327 1.885420 0.861887 0.503921 0.051620 -0.023457
1731662271.488325357437134 -7.918758 11.900957 1.893092 0.867225 0.494707 0.051912 -0.022145
1731662271.588324546813965 -7.915007 11.909258 1.893508 0.871723 0.486989 0.048111 -0.025008
1731662271.688323497772217 -7.910179 11.921159 1.893372 0.872099 0.485823 0.051604 -0.027488
1731662271.788322448730469 -7.907041 11.928661 1.893065 0.871348 0.487437 0.048231 -0.028836
1731662271.888321638107300 -7.899085 11.937649 1.892349 0.871044 0.488399 0.045787 -0.025522
1731662271.988320589065552 -7.887336 11.949602 1.901945 0.875317 0.480341 0.049721 -0.024932
1731662272.088319778442383 -7.879973 11.960053 1.905773 0.879655 0.472459 0.049219 -0.023833
1731662272.188318729400635 -7.875787 11.965843 1.905646 0.883694 0.465016 0.046549 -0.026038
1731662272.288317680358887 -7.869912 11.976559 1.906056 0.884577 0.462540 0.052801 -0.028148
1731662272.388316869735718 -7.866152 11.983434 1.907817 0.885733 0.460417 0.051732 -0.028573
1731662272.488316059112549 -7.859140 11.991963 1.907165 0.885382 0.461611 0.047339 -0.027790
1731662272.588315248489380 -7.849275 12.003487 1.914572 0.885788 0.459909 0.056025 -0.026924
1731662272.688313961029053 -7.840373 12.013747 1.914741 0.886520 0.458617 0.055358 -0.026245
1731662272.788313150405884 -7.832231 12.023469 1.913440 0.887119 0.457648 0.053364 -0.027049
1731662272.888312101364136 -7.821168 12.037094 1.915410 0.885583 0.459824 0.059052 -0.028591
1731662272.988311052322388 -7.815648 12.047863 1.917910 0.882892 0.465135 0.057578 -0.028896
1731662273.088310241699219 -7.804553 12.059571 1.917655 0.879844 0.471462 0.053004 -0.028086
1731662273.188309192657471 -7.792689 12.081270 1.921742 0.877797 0.475182 0.054566 -0.026381
1731662273.288308382034302 -7.783075 12.092183 1.925858 0.879024 0.472719 0.056132 -0.026498
1731662273.388307571411133 -7.774891 12.103893 1.927878 0.879816 0.471442 0.054245 -0.026916
1731662273.488306283950806 -7.760424 12.126566 1.931309 0.878640 0.473017 0.056962 -0.031659
1731662273.588305473327637 -7.752256 12.149097 1.932074 0.875254 0.479105 0.058308 -0.031442
1731662273.688304424285889 -7.749676 12.163706 1.931006 0.871616 0.486181 0.054470 -0.030758
1731662273.788303375244141 -7.745411 12.192503 1.934211 0.868841 0.490939 0.057940 -0.027161
1731662273.888302564620972 -7.734287 12.216117 1.943677 0.869431 0.489203 0.063236 -0.027788
1731662273.988301515579224 -7.726775 12.235499 1.949173 0.870201 0.487824 0.063103 -0.028195
1731662274.088300704956055 -7.712889 12.272401 1.960716 0.869993 0.487926 0.062697 -0.033318
1731662274.188299894332886 -7.700299 12.308952 1.963733 0.867394 0.491510 0.069179 -0.035502
1731662274.288298606872559 -7.689963 12.331977 1.969517 0.864191 0.497201 0.066725 -0.038902
1731662274.388297796249390 -7.680393 12.363904 1.969228 0.859866 0.505376 0.064025 -0.033573
1731662274.488296747207642 -7.664644 12.400454 1.977267 0.858829 0.506615 0.068658 -0.032233
1731662274.588295936584473 -7.652842 12.420887 1.983923 0.859698 0.505122 0.069397 -0.030901
1731662274.688294887542725 -7.641808 12.440231 1.989590 0.859993 0.504977 0.066235 -0.031999
1731662274.788294076919556 -7.627302 12.472355 1.991206 0.858867 0.506648 0.068249 -0.031579
1731662274.888293027877808 -7.617393 12.505381 1.989680 0.856773 0.510540 0.065828 -0.030895
1731662274.988291978836060 -7.602702 12.541462 1.991667 0.855953 0.512563 0.061974 -0.027996
1731662275.088291168212891 -7.601017 12.564742 1.989230 0.855142 0.514356 0.059614 -0.024841
1731662275.188290119171143 -7.584612 12.605478 1.988738 0.857669 0.509947 0.061673 -0.023541
1731662275.288289070129395 -7.574025 12.631236 1.990524 0.860463 0.505425 0.060446 -0.022260
1731662275.388288259506226 -7.564060 12.662688 1.993209 0.863480 0.500721 0.055504 -0.024497
1731662275.488287448883057 -7.550200 12.706417 1.988883 0.863763 0.500053 0.056714 -0.025384
1731662275.588286399841309 -7.541488 12.735265 1.984572 0.862710 0.502231 0.053049 -0.026120
1731662275.688285350799561 -7.527693 12.764689 1.982704 0.861498 0.504875 0.048451 -0.023954
1731662275.788284301757812 -7.504570 12.808440 1.985349 0.862285 0.503507 0.049501 -0.022231
1731662275.888283491134644 -7.487610 12.836428 1.987137 0.865173 0.498625 0.049299 -0.020446
1731662275.988282680511475 -7.472918 12.868509 1.987469 0.867618 0.494681 0.045963 -0.020431
1731662276.088281631469727 -7.454474 12.906070 1.983646 0.868464 0.492942 0.046998 -0.023884
1731662276.188280582427979 -7.441360 12.942761 1.981908 0.868140 0.493541 0.046631 -0.024006
1731662276.288279771804810 -7.430538 12.964528 1.975688 0.868969 0.492365 0.043077 -0.024779
1731662276.388278722763062 -7.406059 13.004178 1.978758 0.869749 0.491357 0.040059 -0.022357
1731662276.488277673721313 -7.379908 13.040691 1.983686 0.875430 0.480869 0.043888 -0.021460
1731662276.588276624679565 -7.359062 13.076436 1.991457 0.881105 0.470483 0.043906 -0.019257
1731662276.688275814056396 -7.335978 13.113796 1.998984 0.886266 0.460935 0.039881 -0.021922
1731662276.788275003433228 -7.316455 13.156759 1.989970 0.886907 0.459367 0.042527 -0.023870
1731662276.888273954391479 -7.301370 13.186861 1.985724 0.886581 0.460193 0.039357 -0.025443
1731662276.988272905349731 -7.278380 13.222834 1.984408 0.886532 0.460794 0.035190 -0.022166
1731662277.088272094726562 -7.250115 13.263904 1.988732 0.888049 0.457434 0.040991 -0.021027
1731662277.188271045684814 -7.243401 13.258836 1.988780 0.889888 0.454046 0.039662 -0.019213
1731662277.288269996643066 -7.250892 13.237082 1.985839 0.891386 0.451329 0.036805 -0.019430
1731662277.388269424438477 -7.252426 13.237239 1.980109 0.890852 0.451904 0.040304 -0.023260
1731662277.488268375396729 -7.247972 13.245470 1.976189 0.890120 0.453482 0.038243 -0.024045
1731662277.588267326354980 -7.237223 13.255118 1.976085 0.889503 0.454999 0.033831 -0.024813
1731662277.688266277313232 -7.220725 13.274537 1.976316 0.889799 0.454442 0.034398 -0.023595
1731662277.788265466690063 -7.199590 13.302814 1.985410 0.893052 0.447753 0.038414 -0.022335
1731662277.888264417648315 -7.184250 13.322903 1.987645 0.895873 0.442190 0.037706 -0.021413
1731662277.988263368606567 -7.166301 13.350896 1.987698 0.898271 0.436921 0.038210 -0.027371
1731662278.088262557983398 -7.147927 13.383252 1.986920 0.898741 0.435783 0.041041 -0.025954
1731662278.188261747360229 -7.133185 13.396146 1.986391 0.899611 0.434220 0.038065 -0.026514
1731662278.288260459899902 -7.105809 13.425413 1.987708 0.901329 0.431054 0.034989 -0.023981
1731662278.388259649276733 -7.073115 13.460929 1.998613 0.907126 0.418673 0.036220 -0.022882
1731662278.488258838653564 -7.041040 13.494517 2.007604 0.913098 0.405537 0.036746 -0.021017
1731662278.588257789611816 -7.010319 13.530375 2.014092 0.918624 0.393048 0.032507 -0.024236
1731662278.688256978988647 -6.973921 13.574862 2.012383 0.920927 0.387411 0.034213 -0.025210
1731662278.788255929946899 -6.944883 13.618791 2.011538 0.922413 0.383959 0.031143 -0.027577
1731662278.888254880905151 -6.906376 13.648071 2.008537 0.923834 0.381002 0.026905 -0.025399
1731662278.988254070281982 -6.857091 13.683098 2.017507 0.928381 0.369748 0.028271 -0.024415
1731662279.088253021240234 -6.811741 13.722180 2.023246 0.933049 0.357946 0.029754 -0.020249
1731662279.188251972198486 -6.767508 13.757551 2.028460 0.936733 0.348236 0.027617 -0.022376
1731662279.288251161575317 -6.726761 13.801501 2.028689 0.937890 0.344570 0.033134 -0.023149
1731662279.388250112533569 -6.695929 13.825444 2.025774 0.938708 0.342461 0.030461 -0.024903
1731662279.488249301910400 -6.653639 13.854347 2.028744 0.939715 0.340124 0.026198 -0.023766
1731662279.588248252868652 -6.595422 13.893340 2.034213 0.942836 0.331418 0.028594 -0.020099
1731662279.688247203826904 -6.546579 13.921740 2.039916 0.946921 0.319699 0.029966 -0.015361
1731662279.788246154785156 -6.487293 13.964691 2.032314 0.950388 0.309482 0.027171 -0.015666
1731662279.888245344161987 -6.432917 13.999445 2.026659 0.951739 0.305030 0.030529 -0.014720
1731662279.988244295120239 -6.429765 13.979078 1.989426 0.953176 0.300806 0.027197 -0.015232
1731662280.088243484497070 -6.383810 13.996635 1.984642 0.955524 0.293670 0.022174 -0.015517
1731662280.188242435455322 -6.318924 14.047096 1.979932 0.959486 0.280205 0.024717 -0.016160
1731662280.288241624832153 -6.276616 14.079342 1.970311 0.964583 0.262195 0.025854 -0.012843
1731662280.388240575790405 -6.264151 14.074634 1.969962 0.969507 0.243673 0.023310 -0.011637
1731662280.488239765167236 -6.244995 14.083289 1.966057 0.972450 0.231074 0.027183 -0.014367
1731662280.588238477706909 -6.202523 14.107698 1.961039 0.974734 0.221464 0.024139 -0.016254
1731662280.688237667083740 -6.172156 14.115397 1.958464 0.977657 0.208498 0.019151 -0.018697
1731662280.788236856460571 -6.103392 14.151913 1.954252 0.981339 0.189994 0.022241 -0.019543
1731662280.888235807418823 -6.059490 14.154981 1.953170 0.985537 0.167336 0.021794 -0.015531
1731662280.988234758377075 -6.014966 14.161776 1.950432 0.989004 0.145722 0.020616 -0.014531
1731662281.088233947753906 -5.979806 14.160463 1.944602 0.991654 0.125379 0.022323 -0.020095
1731662281.188232898712158 -5.930174 14.165488 1.938712 0.993385 0.110786 0.023741 -0.018709
1731662281.288231849670410 -5.892942 14.155956 1.937564 0.995026 0.094611 0.021340 -0.022737
1731662281.388231277465820 -5.895313 14.124789 1.931588 0.996582 0.076712 0.017370 -0.025274
1731662281.488230228424072 -5.899416 14.099040 1.927218 0.998082 0.053138 0.025520 -0.018887
1731662281.588229179382324 -5.866350 14.089559 1.934892 0.999136 0.028047 0.026552 -0.015347
1731662281.688228368759155 -5.855813 14.076725 1.936011 0.999317 0.017839 0.028653 -0.015032
1731662281.788227319717407 -5.834286 14.069896 1.931979 0.999253 0.015313 0.032156 -0.015021
1731662281.888226270675659 -5.803456 14.072125 1.922531 0.998926 0.019075 0.040817 -0.010807
1731662281.988225460052490 -5.758261 14.075364 1.942474 0.998891 0.018901 0.041336 -0.012247
1731662282.088224411010742 -5.728339 14.066915 1.950647 0.999028 0.019028 0.037694 -0.012682
1731662282.188223600387573 -5.674336 14.063272 1.949919 0.999266 0.011099 0.035094 -0.010643
1731662282.288222551345825 -5.675306 14.046369 1.949086 0.999372 -0.005391 0.034920 -0.002600
1731662282.388221502304077 -5.691686 14.029041 1.950202 0.999134 -0.022340 0.035076 -0.001301
1731662282.488220691680908 -5.699405 14.008693 1.956570 0.998620 -0.040449 0.033305 -0.003485
1731662282.588219642639160 -5.661349 14.003390 1.960905 0.998126 -0.053222 0.030189 -0.000803
1731662282.688218593597412 -5.636651 13.991149 1.975103 0.997299 -0.067751 0.028313 -0.001443
1731662282.788217782974243 -5.603657 13.979839 1.981020 0.996235 -0.083250 0.023647 -0.005098
1731662282.888216733932495 -5.547078 13.966435 1.977815 0.994758 -0.101082 0.014731 -0.004750
1731662282.988215923309326 -5.508244 13.953136 1.969211 0.992667 -0.120388 0.010948 -0.000110
1731662283.088214874267578 -5.467727 13.936733 1.972435 0.990324 -0.138555 0.007539 0.002075
1731662283.188213825225830 -5.430084 13.912365 1.971328 0.987939 -0.154799 0.003586 -0.000842
1731662283.288213014602661 -5.362042 13.889180 1.975551 0.986120 -0.165844 0.003443 -0.007166
1731662283.388211965560913 -5.328052 13.867569 1.967463 0.983789 -0.178626 -0.005153 -0.014993
1731662283.488211154937744 -5.311081 13.836482 1.965500 0.980863 -0.193027 -0.014414 -0.020966
1731662283.588210105895996 -5.302853 13.804422 1.953665 0.977315 -0.209736 -0.022856 -0.018541
1731662283.688209056854248 -5.315626 13.780583 1.941564 0.973659 -0.225333 -0.031117 -0.015669
1731662283.788208246231079 -5.259124 13.743387 1.939684 0.969812 -0.240248 -0.037665 -0.018073
1731662283.888207197189331 -5.220123 13.716702 1.909173 0.965555 -0.254711 -0.051751 -0.012171
1731662283.988206148147583 -5.167681 13.690290 1.896135 0.963879 -0.258951 -0.058206 -0.022211
1731662284.088205337524414 -5.131729 13.663778 1.880498 0.962567 -0.262242 -0.063299 -0.026198
1731662284.188204288482666 -5.089710 13.626652 1.870325 0.962308 -0.260507 -0.069650 -0.035315
1731662284.288203477859497 -5.050968 13.601865 1.857523 0.962283 -0.259790 -0.075672 -0.028184
1731662284.388202667236328 -5.012715 13.573975 1.847766 0.962642 -0.257968 -0.078433 -0.024922
1731662284.488201618194580 -4.916654 13.524116 1.839296 0.962751 -0.257588 -0.079387 -0.021383
1731662284.588200330734253 -4.829178 13.486548 1.804698 0.963541 -0.251247 -0.089430 -0.021596
1731662284.688199758529663 -4.755662 13.455893 1.797872 0.964089 -0.246991 -0.094193 -0.025613
1731662284.788198709487915 -4.675696 13.411571 1.769248 0.964016 -0.244383 -0.099963 -0.030945
1731662284.888197660446167 -4.578052 13.372905 1.756584 0.963994 -0.245475 -0.099984 -0.021447
1731662284.988196849822998 -4.511787 13.343915 1.735422 0.963745 -0.246149 -0.101759 -0.015842
1731662285.088195800781250 -4.442915 13.317973 1.690127 0.963456 -0.244807 -0.108305 -0.009632
1731662285.188194751739502 -4.437601 13.326709 1.684829 0.964658 -0.239426 -0.108901 -0.015827
1731662285.288193941116333 -4.414384 13.324337 1.682681 0.964881 -0.237013 -0.111484 -0.020036
1731662285.388195037841797 -4.378004 13.315623 1.662085 0.965060 -0.234697 -0.113824 -0.024926
1731662285.488193988800049 -4.315416 13.293771 1.627149 0.965592 -0.231176 -0.115940 -0.027336
1731662285.588192939758301 -4.281991 13.284991 1.600144 0.965853 -0.230800 -0.116264 -0.018474
1731662285.688192367553711 -4.229090 13.264784 1.577580 0.966306 -0.228934 -0.116779 -0.014327
1731662285.788191080093384 -4.169643 13.244149 1.549697 0.967328 -0.224947 -0.116788 -0.005988
1731662285.888190031051636 -4.101358 13.226753 1.516207 0.969184 -0.215020 -0.119886 -0.008747
1731662285.988189220428467 -4.054873 13.221250 1.501946 0.970553 -0.207632 -0.121689 -0.010333
1731662286.088188171386719 -4.012546 13.218515 1.492057 0.973167 -0.192218 -0.125425 -0.016346
1731662286.188187122344971 -3.960373 13.206623 1.466251 0.975235 -0.181172 -0.125287 -0.019904
1731662286.288186311721802 -3.909561 13.193231 1.449097 0.976377 -0.175294 -0.125579 -0.013757
1731662286.388185501098633 -3.853205 13.180155 1.435982 0.978055 -0.166560 -0.124803 -0.009538
1731662286.488184690475464 -3.796770 13.168107 1.421481 0.978805 -0.163432 -0.123363 -0.003431
1731662286.588183641433716 -3.738118 13.158260 1.395450 0.981159 -0.156297 -0.113559 -0.001923
1731662286.688182592391968 -3.671447 13.152088 1.365930 0.981854 -0.148357 -0.118039 -0.004549
1731662286.788181543350220 -3.595735 13.141921 1.334068 0.982947 -0.138555 -0.120707 -0.006945
1731662286.888180732727051 -3.527231 13.133030 1.308048 0.984754 -0.130751 -0.114650 -0.004261
1731662286.988179683685303 -3.458176 13.123477 1.287033 0.985083 -0.128808 -0.114108 0.000118
1731662287.088178634643555 -3.394521 13.119774 1.272992 0.985297 -0.127070 -0.114170 0.002907
1731662287.188177824020386 -3.314036 13.112875 1.252716 0.985926 -0.124647 -0.111220 0.006643
1731662287.288177013397217 -3.248895 13.119601 1.229318 0.987547 -0.116581 -0.105329 0.008120
1731662287.388175964355469 -3.174459 13.118265 1.202922 0.987687 -0.113201 -0.107812 0.006120
1731662287.488174915313721 -3.016438 13.061183 1.154221 0.988138 -0.109696 -0.107476 0.000106
1731662287.588174104690552 -2.999693 13.105228 1.124409 0.988811 -0.109329 -0.101447 0.003020
1731662287.688173055648804 -2.946196 13.117002 1.104364 0.988654 -0.110258 -0.101449 0.010699
1731662287.788172006607056 -2.892667 13.131700 1.094082 0.988939 -0.107924 -0.100842 0.013501
1731662287.888171195983887 -2.817697 13.140387 1.066010 0.990145 -0.106059 -0.090476 0.013371
1731662287.988170146942139 -2.706768 13.122491 1.039789 0.990563 -0.098301 -0.094361 0.014741
1731662288.088169097900391 -2.643729 13.115369 1.052186 0.991184 -0.092896 -0.094001 0.009452
1731662288.188168287277222 -2.580325 13.096839 1.065249 0.991881 -0.089276 -0.090207 0.008035
1731662288.288167238235474 -2.571972 13.129027 1.071286 0.991858 -0.091855 -0.087112 0.013825
1731662288.388166427612305 -2.498228 13.116021 1.069398 0.991978 -0.092330 -0.084971 0.015336
1731662288.488165378570557 -2.415683 13.102531 1.064813 0.992683 -0.093048 -0.076281 0.010202
1731662288.588164329528809 -2.337749 13.088060 1.056214 0.992898 -0.089595 -0.077646 0.009895
1731662288.688163518905640 -2.270113 13.080939 1.036247 0.992906 -0.090427 -0.077014 0.005465
1731662288.788162469863892 -2.177714 13.060822 1.025684 0.992823 -0.095466 -0.071794 0.005818
1731662288.888161420822144 -2.158827 13.077992 1.029597 0.992102 -0.104181 -0.068992 0.010972
1731662288.988160610198975 -2.163123 13.114778 1.041783 0.991415 -0.110814 -0.068157 0.013061
1731662289.088159561157227 -2.118994 13.119131 1.034841 0.991759 -0.113475 -0.058652 0.009878
1731662289.188158512115479 -2.082046 13.121711 1.028467 0.991678 -0.114245 -0.058874 0.007583
1731662289.288157701492310 -2.043571 13.103957 1.002271 0.991698 -0.114854 -0.057686 0.004085
1731662289.388161182403564 -2.009369 13.087000 1.003932 0.991482 -0.120113 -0.049724 0.008052
1731662289.488160371780396 -2.047890 13.111430 1.013141 0.991293 -0.123070 -0.044809 0.013574
1731662289.588159561157227 -2.046000 13.106361 1.019768 0.991043 -0.125421 -0.043735 0.013809
1731662289.688158512115479 -2.003056 13.104196 1.000017 0.991262 -0.127829 -0.031664 0.007589
1731662289.788157701492310 -1.951999 13.091150 0.981812 0.991204 -0.128902 -0.029614 0.004736
1731662289.888156890869141 -1.913847 13.082245 0.977754 0.991302 -0.128603 -0.027966 -0.000383
1731662289.988156080245972 -1.858522 13.068918 0.984438 0.991198 -0.130824 -0.020130 0.002517
1731662290.088155031204224 -1.809458 13.048737 0.983470 0.990375 -0.137454 -0.014183 0.007878
1731662290.188154220581055 -1.762277 13.033660 0.986596 0.989530 -0.143604 -0.009628 0.010767
1731662290.288153409957886 -1.710173 13.020687 0.989639 0.988626 -0.150115 -0.003759 0.008429
1731662290.388152599334717 -1.670538 13.013061 0.992343 0.988232 -0.152713 0.000479 0.008762
1731662290.488151788711548 -1.614543 12.995593 0.989462 0.988027 -0.154166 0.002213 0.005474
1731662290.588150978088379 -1.559175 12.979696 0.986815 0.987972 -0.154612 0.001411 0.001927
1731662290.688150167465210 -1.508095 12.959007 0.994033 0.986755 -0.161883 0.009462 0.004368
1731662290.788148880004883 -1.465359 12.938818 1.002931 0.985380 -0.169446 0.014578 0.010048
1731662290.888148307800293 -1.398385 12.911913 0.999088 0.984075 -0.176503 0.018546 0.009951
1731662290.988147497177124 -1.373460 12.903745 1.013236 0.983672 -0.177940 0.026713 0.003547
1731662291.088146686553955 -1.319853 12.889011 1.004705 0.984163 -0.174350 0.031909 0.002756
1731662291.188145637512207 -1.296437 12.881659 1.004805 0.984993 -0.168964 0.035194 -0.001137
1731662291.288144826889038 -1.156674 12.811799 0.999113 0.986453 -0.160730 0.032765 0.001592
1731662291.388144016265869 -0.873889 12.667055 1.037355 0.986014 -0.162636 0.036300 0.002801
1731662291.488143205642700 -0.661593 12.556573 1.073607 0.985815 -0.163740 0.036607 0.004171
1731662291.588142395019531 -0.510400 12.473892 1.116654 0.985606 -0.164914 0.037203 0.000300
1731662291.688141584396362 -0.442811 12.434103 1.133547 0.985276 -0.164146 0.047804 -0.001157
1731662291.788140773773193 -0.372288 12.395221 1.145886 0.985531 -0.160782 0.053648 0.000100
1731662291.888139724731445 -0.295619 12.355529 1.155446 0.986190 -0.155996 0.055536 -0.003263
1731662291.988138914108276 -0.244760 12.326540 1.153983 0.987298 -0.150439 0.051040 -0.002388
1731662292.088137865066528 -0.168601 12.280218 1.172707 0.986674 -0.153259 0.054609 -0.001788
1731662292.188137292861938 -0.103763 12.237302 1.185700 0.986292 -0.156051 0.053575 -0.002562
1731662292.288136243820190 -0.012376 12.192696 1.199816 0.986062 -0.157396 0.053538 -0.006533
1731662292.388135671615601 0.066289 12.159836 1.210520 0.985817 -0.152319 0.070186 -0.006120
1731662292.488134622573853 0.134313 12.127730 1.217341 0.985907 -0.150107 0.073641 -0.005662
1731662292.588133811950684 0.207545 12.097028 1.224395 0.986591 -0.145584 0.073067 -0.010237
1731662292.688133001327515 0.299745 12.059020 1.231945 0.987482 -0.140744 0.070250 -0.011614
1731662292.788132190704346 0.306358 12.063834 1.229856 0.987037 -0.141333 0.075723 -0.006999
1731662292.888131141662598 0.276775 12.082930 1.221674 0.986921 -0.141966 0.075979 -0.007718
1731662292.988130331039429 0.286932 12.078344 1.221483 0.986895 -0.142214 0.075368 -0.011525
1731662293.088129520416260 0.358589 12.052978 1.224741 0.986894 -0.138375 0.081675 -0.014914
1731662293.188128709793091 0.416223 12.033096 1.224241 0.987180 -0.134606 0.085234 -0.009618
1731662293.288127899169922 0.473145 12.014250 1.228370 0.987613 -0.131812 0.084635 -0.009139
1731662293.388127088546753 0.544471 11.989215 1.231946 0.988527 -0.127509 0.079999 -0.012502
1731662293.488126277923584 0.630032 11.960081 1.239077 0.989101 -0.125140 0.077416 -0.005160
1731662293.588125228881836 0.691902 11.937176 1.247465 0.989296 -0.124915 0.075420 -0.001349
1731662293.688124418258667 0.754484 11.915494 1.248679 0.989719 -0.123813 0.071555 -0.002651
1731662293.788123607635498 0.833327 11.895367 1.254417 0.990167 -0.121703 0.068847 -0.004146
1731662293.888122797012329 0.891994 11.886135 1.240412 0.990891 -0.113637 0.072122 -0.004489
1731662293.988121747970581 0.952449 11.875842 1.244877 0.991586 -0.108893 0.069966 -0.002255
1731662294.088120937347412 1.019034 11.858829 1.251778 0.992566 -0.103008 0.064614 -0.005219
1731662294.188120126724243 1.097859 11.843910 1.262470 0.993043 -0.099357 0.063202 0.000361
1731662294.288119316101074 1.155189 11.825272 1.254975 0.993151 -0.098388 0.062934 0.003087
1731662294.388118505477905 1.212936 11.808604 1.267045 0.992838 -0.103168 0.060176 0.002724
1731662294.488117694854736 1.279462 11.785858 1.277749 0.991826 -0.114294 0.056729 -0.000517
1731662294.588116645812988 1.323479 11.774491 1.253930 0.990550 -0.123030 0.060581 -0.002151
1731662294.688115596771240 1.414490 11.752423 1.275445 0.989226 -0.133825 0.059311 -0.002013
1731662294.788115024566650 1.439568 11.741898 1.269833 0.987415 -0.147860 0.055832 -0.005561
1731662294.888114213943481 1.498959 11.719501 1.278699 0.985302 -0.162164 0.052918 -0.009091
1731662294.988113403320312 1.566254 11.699101 1.290706 0.983637 -0.171611 0.054318 -0.007634
1731662295.088112354278564 1.626550 11.670896 1.309651 0.982213 -0.179809 0.053616 -0.007193
1731662295.288110733032227 1.726565 11.623746 1.331845 0.980668 -0.188515 0.051411 -0.010457
1731662295.388107299804688 1.781982 11.594766 1.316954 0.981101 -0.186465 0.051368 -0.005670
1731662295.488106489181519 1.796580 11.571051 1.297320 0.982182 -0.181499 0.048134 -0.007752
1731662295.588105440139771 1.849256 11.541276 1.289815 0.983414 -0.175842 0.043433 -0.009518
1731662295.688104629516602 1.919221 11.491471 1.272265 0.985022 -0.168830 0.032892 -0.012096
1731662295.788103818893433 2.013967 11.450323 1.270954 0.984757 -0.171113 0.029346 -0.010645
1731662295.888103008270264 2.068067 11.426397 1.272403 0.984391 -0.174028 0.024877 -0.008359
1731662295.988101959228516 2.125287 11.404835 1.267972 0.984312 -0.174972 0.020644 -0.009367
1731662296.088101148605347 2.215596 11.379967 1.247628 0.984817 -0.173109 0.010867 -0.007165
1731662296.188100337982178 2.278181 11.359178 1.235218 0.985641 -0.168515 0.002284 -0.010488
1731662296.288099527359009 2.359475 11.332864 1.225303 0.986156 -0.165311 -0.006261 -0.011415
1731662296.388098716735840 2.385747 11.336928 1.183645 0.986712 -0.160921 -0.015545 -0.016222
1731662296.488097906112671 2.484461 11.293028 1.179928 0.986309 -0.162867 -0.021772 -0.013961
1731662296.588096857070923 2.513350 11.288635 1.161294 0.985962 -0.164246 -0.027767 -0.011453
1731662296.688096046447754 2.560592 11.268132 1.143422 0.985587 -0.165299 -0.034441 -0.010408
1731662296.788095235824585 2.675066 11.230912 1.114116 0.985626 -0.162512 -0.045644 -0.006874
1731662296.888094425201416 2.738956 11.207163 1.095478 0.985857 -0.158169 -0.054152 -0.011667
1731662296.988093614578247 2.807073 11.183231 1.072015 0.985841 -0.155789 -0.060909 -0.011752
1731662297.088092565536499 2.826817 11.168961 1.036834 0.985517 -0.154273 -0.067781 -0.019012
1731662297.188091754913330 3.082577 11.064307 1.032737 0.985327 -0.154087 -0.072196 -0.013277
1731662297.288090944290161 3.392710 10.938016 1.033936 0.985449 -0.151041 -0.077094 -0.011591
1731662297.388090133666992 3.507496 10.881430 1.022926 0.985270 -0.149511 -0.082536 -0.008742
1731662297.488089323043823 3.498856 10.867690 0.986798 0.985561 -0.144165 -0.088238 -0.009959
1731662297.588088512420654 3.555869 10.813782 0.938052 0.985693 -0.139354 -0.093624 -0.014956
1731662297.688087463378906 3.608970 10.787103 0.912157 0.985541 -0.136169 -0.099230 -0.017895
1731662297.788086414337158 3.761549 10.732914 0.883121 0.985765 -0.134730 -0.099539 -0.014420
1731662297.888085842132568 3.951933 10.665582 0.873294 0.985885 -0.131627 -0.102761 -0.012038
1731662297.988085031509399 4.023609 10.639859 0.849070 0.985862 -0.129597 -0.105551 -0.011823
1731662298.088084220886230 4.094744 10.625488 0.803399 0.986058 -0.126305 -0.108111 -0.006977
1731662298.188083171844482 4.108370 10.653575 0.740509 0.986161 -0.120724 -0.112703 -0.014482
1731662298.288082361221313 4.208625 10.653516 0.690867 0.986050 -0.117960 -0.115926 -0.018784
1731662298.388081550598145 4.286056 10.629045 0.653150 0.986331 -0.117899 -0.114115 -0.015124
1731662298.488080739974976 4.358346 10.603414 0.623245 0.986309 -0.118477 -0.114145 -0.011374
1731662298.588079929351807 4.444987 10.570110 0.593303 0.986100 -0.118497 -0.115876 -0.011731
1731662298.688079118728638 4.558976 10.531770 0.547599 0.986018 -0.118037 -0.117371 -0.007786
1731662298.788078069686890 4.635820 10.534137 0.489031 0.985986 -0.113797 -0.121174 -0.014109
1731662298.888077259063721 4.684791 10.523317 0.454380 0.985574 -0.114046 -0.123477 -0.019766
1731662298.988076448440552 4.756187 10.501666 0.404808 0.984802 -0.118399 -0.124695 -0.024452
1731662299.088075637817383 4.839664 10.462119 0.365953 0.984653 -0.123645 -0.121854 -0.017934
1731662299.188074827194214 4.938117 10.431589 0.342394 0.984250 -0.125966 -0.122514 -0.019347
1731662299.288073778152466 5.073370 10.381087 0.307385 0.983627 -0.128633 -0.124413 -0.021268
1731662299.388072729110718 5.115568 10.363118 0.222037 0.983842 -0.128504 -0.123642 -0.015954
1731662299.488071680068970 5.194847 10.345269 0.167724 0.983300 -0.127299 -0.127371 -0.026307
1731662299.588070869445801 5.297700 10.296269 0.116537 0.982577 -0.127739 -0.130220 -0.035612
1731662299.688070058822632 5.448469 10.233476 0.079669 0.982434 -0.133786 -0.126748 -0.029309
1731662299.788069486618042 5.572724 10.176079 0.025598 0.981669 -0.138232 -0.128559 -0.026285
1731662299.888068437576294 5.703651 10.126109 -0.014019 0.980860 -0.140593 -0.131612 -0.028739
1731662299.988067388534546 5.812100 10.101014 -0.056331 0.981016 -0.141326 -0.129405 -0.029802
1731662300.088066577911377 5.910380 10.069769 -0.093161 0.980617 -0.139959 -0.131835 -0.037707
1731662300.188065767288208 5.954375 10.062833 -0.126505 0.980270 -0.139962 -0.132885 -0.042703
1731662300.288064956665039 5.994710 10.049852 -0.154222 0.980746 -0.142173 -0.128428 -0.037831
1731662300.388064146041870 6.076792 10.027570 -0.169892 0.981008 -0.141952 -0.127696 -0.034170
1731662300.488063335418701 6.175007 9.985803 -0.195169 0.981314 -0.138992 -0.128348 -0.035080
1731662300.588062286376953 6.256380 9.970133 -0.245422 0.981890 -0.135852 -0.129267 -0.026948
1731662300.688061475753784 6.438630 9.927052 -0.297278 0.981008 -0.133674 -0.136027 -0.035376
1731662300.788060665130615 6.603452 9.885049 -0.364999 0.980075 -0.134642 -0.140263 -0.040642
1731662300.888059854507446 6.579329 9.890609 -0.391647 0.979930 -0.136027 -0.138677 -0.044739
1731662300.988059043884277 6.669204 9.867603 -0.422902 0.979975 -0.139619 -0.137792 -0.034186
1731662301.088057994842529 6.740240 9.847927 -0.452123 0.979297 -0.144322 -0.138476 -0.031178
1731662301.188057184219360 6.955438 9.787505 -0.522328 0.978696 -0.148898 -0.137944 -0.030910
1731662301.288056373596191 7.115754 9.739753 -0.574648 0.978627 -0.150471 -0.136362 -0.032447
1731662301.388055562973022 7.236575 9.700076 -0.615184 0.977581 -0.156659 -0.136006 -0.035991
1731662301.488054752349854 7.580069 9.591344 -0.717886 0.976537 -0.160833 -0.137016 -0.041651
1731662301.588053941726685 7.688692 9.540794 -0.769002 0.975993 -0.166871 -0.135383 -0.035536
1731662301.688052892684937 7.829271 9.481857 -0.795070 0.975860 -0.169452 -0.134079 -0.031731
1731662301.788052082061768 7.853966 9.475432 -0.806309 0.975081 -0.175413 -0.132126 -0.031475
1731662301.888051271438599 7.897732 9.480878 -0.822901 0.976642 -0.177980 -0.115571 -0.033716
1731662302.088049650192261 8.142965 9.391512 -0.897519 0.976723 -0.174943 -0.116179 -0.043687
1731662302.188048601150513 8.259025 9.334014 -0.935458 0.977183 -0.176061 -0.112791 -0.037341
1731662302.288047790527344 8.374682 9.290956 -0.966648 0.977282 -0.175402 -0.113838 -0.034563
1731662302.388044834136963 8.503594 9.240939 -1.005981 0.977457 -0.174373 -0.114270 -0.033382
1731662302.488043785095215 8.588995 9.211773 -1.029142 0.978212 -0.173133 -0.111198 -0.027601
1731662302.588042974472046 8.640340 9.192358 -1.046654 0.978697 -0.169451 -0.111331 -0.032309
1731662302.688042163848877 8.732189 9.147241 -1.088584 0.978634 -0.169167 -0.110843 -0.037035
1731662302.788041353225708 8.849606 9.098613 -1.118543 0.979236 -0.169765 -0.105653 -0.033391
1731662302.888040304183960 8.960849 9.052146 -1.144144 0.979526 -0.169568 -0.104440 -0.029451
1731662302.988039493560791 9.076691 9.005656 -1.169475 0.979815 -0.168914 -0.103196 -0.027948
1731662303.088038682937622 9.195502 8.950577 -1.201304 0.980937 -0.166931 -0.095821 -0.026720
1731662303.188037872314453 9.310433 8.899339 -1.239374 0.981575 -0.162750 -0.096205 -0.027720
1731662303.288037061691284 9.559828 8.808319 -1.310026 0.981752 -0.160904 -0.096310 -0.031587
1731662303.388036251068115 9.823376 8.716638 -1.368828 0.982590 -0.159187 -0.091935 -0.026926
1731662303.488035440444946 9.953126 8.670787 -1.392784 0.983080 -0.158901 -0.087946 -0.023887
1731662303.588034391403198 10.087759 8.619319 -1.424148 0.983570 -0.157213 -0.086214 -0.021002
1731662303.688033580780029 10.232154 8.568853 -1.450696 0.983838 -0.156996 -0.083987 -0.018997
1731662303.788032770156860 10.419887 8.505498 -1.501954 0.985336 -0.149657 -0.079920 -0.018137
1731662303.888031959533691 10.622498 8.437673 -1.557548 0.986087 -0.143780 -0.081190 -0.019197
1731662303.988030910491943 10.765215 8.398303 -1.594074 0.986999 -0.137616 -0.079567 -0.023739
1731662304.088030099868774 10.901325 8.365326 -1.608210 0.987688 -0.137850 -0.071366 -0.019392
1731662304.188029289245605 11.039302 8.317200 -1.621695 0.987747 -0.139908 -0.068057 -0.012271
1731662304.288028478622437 11.195900 8.268524 -1.646385 0.987640 -0.140972 -0.067824 -0.009741
1731662304.388027667999268 11.376879 8.201649 -1.682606 0.987659 -0.143306 -0.062646 -0.008296
1731662304.488026857376099 11.525695 8.157497 -1.713071 0.987884 -0.140876 -0.064157 -0.011070
1731662304.588025808334351 11.625432 8.116879 -1.724024 0.987499 -0.143570 -0.063257 -0.015217
1731662304.688024997711182 11.752281 8.069503 -1.739946 0.986820 -0.148983 -0.061062 -0.016210
1731662304.788023948669434 11.905002 8.014071 -1.762153 0.985327 -0.160181 -0.057968 -0.010592
1731662304.888023376464844 12.024213 7.966126 -1.772289 0.983769 -0.170111 -0.056393 -0.008951
1731662304.988022565841675 12.136274 7.918130 -1.785159 0.982136 -0.180438 -0.052410 -0.010206
1731662305.088021516799927 12.259014 7.867060 -1.811087 0.981301 -0.185479 -0.050339 -0.010594
1731662305.188020706176758 12.408078 7.799651 -1.837860 0.981132 -0.185796 -0.050476 -0.017682
1731662305.288019895553589 12.570351 7.736899 -1.865577 0.981351 -0.184370 -0.050874 -0.019207
1731662305.388019084930420 12.702154 7.668873 -1.878202 0.980648 -0.189182 -0.047151 -0.017807
1731662305.488018274307251 12.828951 7.598946 -1.892823 0.979735 -0.193453 -0.048306 -0.019025
1731662305.588017463684082 12.977416 7.529996 -1.907636 0.979294 -0.195770 -0.047694 -0.019546
1731662305.688016414642334 13.133359 7.455538 -1.943493 0.980199 -0.191961 -0.043158 -0.022329
1731662305.788015604019165 13.279495 7.385149 -1.973406 0.981061 -0.186437 -0.044563 -0.027833
1731662305.888014793395996 13.433227 7.310135 -2.004127 0.981590 -0.182619 -0.046140 -0.031660
1731662305.988013744354248 13.589619 7.230224 -2.008205 0.981254 -0.186636 -0.039336 -0.027554
1731662306.088013172149658 13.609465 7.213640 -1.989758 0.981056 -0.188674 -0.035816 -0.025445
1731662306.188012123107910 13.759373 7.144659 -2.002521 0.980904 -0.190164 -0.032869 -0.024193
1731662306.288011312484741 13.867418 7.111449 -2.018228 0.981787 -0.186925 -0.021026 -0.026659
1731662306.388006925582886 14.011320 7.057682 -2.042853 0.983116 -0.179694 -0.020329 -0.027930
1731662306.488006114959717 14.170455 6.995580 -2.068817 0.984064 -0.174192 -0.020448 -0.029289
1731662306.588005065917969 14.442189 6.904108 -2.107651 0.984738 -0.171005 -0.019929 -0.025503
1731662306.688004255294800 14.583296 6.847599 -2.105589 0.983994 -0.176234 -0.018336 -0.019004
1731662306.788003444671631 14.735169 6.800484 -2.116359 0.983755 -0.178015 -0.017599 -0.015039
1731662306.888002395629883 14.896058 6.748418 -2.132725 0.983501 -0.179742 -0.016010 -0.012719
1731662307.088000535964966 15.248747 6.644796 -2.177266 0.985204 -0.170477 -0.014481 -0.010013
1731662307.187999486923218 15.384392 6.608522 -2.186585 0.985887 -0.166256 -0.016367 -0.010885
1731662307.287998676300049 15.522918 6.565483 -2.190498 0.986070 -0.165617 -0.013945 -0.006452
1731662307.387997865676880 15.593714 6.548546 -2.178839 0.985990 -0.166302 -0.012733 -0.002355
1731662307.487996816635132 15.719201 6.508499 -2.175252 0.985838 -0.167269 -0.011957 -0.001385
1731662307.587996006011963 15.824642 6.487012 -2.183836 0.986197 -0.165452 -0.006470 -0.000434
1731662307.687994956970215 15.927969 6.467319 -2.196877 0.987176 -0.159414 -0.007674 -0.003413
1731662307.787994146347046 16.134773 6.393610 -2.226120 0.987751 -0.155526 -0.009675 -0.008120
1731662307.887993097305298 16.424270 6.303544 -2.255969 0.988142 -0.153313 -0.006992 -0.004706
1731662307.987992286682129 16.590149 6.239154 -2.256618 0.987863 -0.155182 -0.006184 -0.002518
1731662308.087991237640381 16.745030 6.186869 -2.258813 0.987723 -0.156041 -0.006814 -0.002890
1731662308.187990427017212 16.918398 6.123390 -2.268833 0.987631 -0.156644 -0.006076 -0.003218
1731662308.287989616394043 17.088855 6.087758 -2.298235 0.988627 -0.150118 -0.007636 -0.004718
1731662308.387988567352295 17.346224 5.990178 -2.313901 0.989149 -0.146375 -0.010265 -0.007277
1731662308.487987756729126 17.549433 5.901332 -2.307237 0.989709 -0.142323 -0.012933 -0.007340
1731662308.587986707687378 17.757661 5.803480 -2.310914 0.988682 -0.149585 -0.010823 -0.003792
1731662308.687985897064209 17.927747 5.736259 -2.311586 0.987790 -0.155499 -0.009439 0.001478
1731662308.787984848022461 18.155612 5.664874 -2.324906 0.987042 -0.160166 -0.009664 0.000980
1731662308.887984037399292 18.365177 5.598239 -2.347837 0.987007 -0.160471 -0.007667 0.002847
1731662308.987982988357544 18.532352 5.557626 -2.361105 0.987922 -0.154680 -0.009068 0.001146
1731662309.087981939315796 18.388933 5.657632 -2.339697 0.988862 -0.148569 -0.008898 -0.000362
1731662309.187981128692627 18.543375 5.610396 -2.339690 0.989247 -0.145991 -0.007950 0.003706
1731662309.287980318069458 18.725074 5.542698 -2.344294 0.989013 -0.147420 -0.006116 0.009077
1731662309.387979269027710 18.888317 5.487259 -2.349783 0.989002 -0.147457 -0.004924 0.010339
1731662309.487978458404541 19.010222 5.448477 -2.341781 0.989254 -0.145933 -0.001350 0.008801
1731662309.587977647781372 19.078913 5.471685 -2.362147 0.990306 -0.138745 -0.001981 0.006309
1731662309.687976598739624 19.223947 5.437296 -2.367742 0.990991 -0.133772 -0.003149 0.005594
1731662309.787975311279297 19.388514 5.382521 -2.371801 0.991688 -0.128464 -0.004520 0.005632
1731662309.887974739074707 19.559055 5.330324 -2.376885 0.991669 -0.128570 -0.002526 0.007487
1731662309.987973928451538 19.706600 5.291551 -2.374332 0.991636 -0.128532 -0.002449 0.011435
1731662310.087972879409790 19.870683 5.249189 -2.377477 0.991712 -0.127858 -0.003301 0.012161
1731662310.187971830368042 20.032482 5.212102 -2.399266 0.992218 -0.123856 0.000527 0.012764
1731662310.287971019744873 20.178649 5.192678 -2.411549 0.993131 -0.116591 -0.000699 0.009813
1731662310.387970209121704 20.336007 5.166583 -2.419741 0.993806 -0.110688 -0.003071 0.009375
1731662310.487969398498535 20.457726 5.142597 -2.389601 0.994357 -0.105617 -0.001407 0.009844
1731662310.587968349456787 20.565333 5.107530 -2.369733 0.994078 -0.107448 -0.000151 0.016237
1731662310.687967300415039 20.405595 5.173125 -2.335966 0.993878 -0.108870 0.001717 0.018748
1731662310.787966489791870 20.462029 5.158770 -2.277597 0.993912 -0.108660 0.001730 0.018162
1731662310.887965440750122 20.566764 5.151812 -2.272990 0.994654 -0.101663 0.004351 0.017584
1731662310.987964630126953 20.602835 5.162759 -2.265975 0.995386 -0.094643 0.003451 0.015418
1731662311.087963581085205 20.754370 5.134865 -2.249569 0.996060 -0.087512 0.000862 0.014354
1731662311.187962770462036 20.774055 5.115408 -2.250967 0.995911 -0.088852 0.005123 0.015509
1731662311.287961483001709 20.790695 5.091933 -2.233138 0.995646 -0.090659 0.007228 0.020417
1731662311.387960910797119 20.862205 5.054490 -2.233617 0.995508 -0.091788 0.007151 0.022089
1731662311.487960100173950 20.816618 5.064853 -2.271948 0.995566 -0.090807 0.010491 0.022210
1731662311.587959051132202 20.882555 5.058533 -2.283133 0.996252 -0.084041 0.008143 0.018775
1731662311.687958240509033 20.923902 5.046713 -2.297290 0.996649 -0.079565 0.005650 0.018118
1731662311.787957191467285 21.015209 5.039049 -2.292933 0.996926 -0.075156 0.008914 0.020255
1731662311.887956380844116 21.096876 5.020871 -2.300617 0.996705 -0.076464 0.010281 0.025022
1731662311.987955570220947 21.173713 5.009863 -2.301299 0.996603 -0.076213 0.010640 0.029357
1731662312.087954521179199 21.261851 4.984855 -2.299593 0.996646 -0.075869 0.008208 0.029568
1731662312.187953472137451 21.309764 4.971909 -2.308932 0.996970 -0.071575 0.014970 0.026518
1731662312.287952423095703 21.343884 4.956233 -2.313349 0.997431 -0.066481 0.013359 0.023082
1731662312.387951850891113 21.397545 4.943065 -2.320319 0.997782 -0.061478 0.011258 0.022925
1731662312.487950801849365 21.472328 4.932807 -2.323276 0.997939 -0.058639 0.015983 0.020588
1731662312.587949991226196 21.531830 4.917248 -2.321798 0.997483 -0.062069 0.018085 0.029113
1731662312.687948942184448 21.569184 4.902509 -2.332531 0.997177 -0.064518 0.017918 0.033973
1731662312.787948131561279 21.720451 4.897147 -2.309665 0.997304 -0.063819 0.016468 0.032263
1731662312.887947082519531 21.791050 4.890296 -2.318876 0.997677 -0.056408 0.018451 0.033438
1731662312.987946033477783 21.857630 4.892474 -2.316833 0.998220 -0.048087 0.016310 0.031288
1731662313.087945222854614 21.926655 4.894584 -2.320758 0.998606 -0.040111 0.013953 0.031346
1731662313.187944412231445 21.994167 4.911531 -2.329568 0.998297 -0.039450 0.022664 0.036507
1731662313.287943363189697 22.050768 4.906129 -2.318443 0.997954 -0.039979 0.025449 0.042908
1731662313.387942552566528 22.134683 4.907112 -2.308176 0.998069 -0.037018 0.024686 0.043342
1731662313.487941741943359 22.206644 4.920636 -2.317328 0.998326 -0.028213 0.030915 0.039910
1731662313.587940692901611 22.259775 4.932858 -2.323483 0.998801 -0.015067 0.027267 0.037771
1731662313.687939643859863 22.326213 4.943783 -2.313486 0.999029 -0.002745 0.023638 0.037087
1731662313.787938833236694 22.373296 4.965318 -2.309171 0.998446 0.005611 0.033861 0.043896
1731662313.887937784194946 22.423976 4.964361 -2.290119 0.998062 0.010047 0.036933 0.049070
1731662313.987936973571777 22.469306 4.958451 -2.269888 0.997847 0.016219 0.037444 0.051344
1731662314.087935924530029 22.541756 4.986214 -2.271827 0.997904 0.024205 0.034791 0.048901
1731662314.187935113906860 22.609022 5.002911 -2.266371 0.997472 0.037303 0.038928 0.046294
1731662314.287934064865112 22.646408 5.034732 -2.273169 0.997071 0.051307 0.036636 0.043310
1731662314.387933254241943 22.707024 5.034448 -2.262755 0.996359 0.065221 0.034147 0.042995
1731662314.487932443618774 22.777226 5.060857 -2.242205 0.995222 0.074992 0.043649 0.044760
1731662314.587931394577026 22.780483 5.051958 -2.240913 0.994525 0.076929 0.048225 0.051735
1731662314.687930583953857 22.814627 5.060224 -2.226151 0.993885 0.083134 0.049580 0.053136
1731662314.787929534912109 22.863542 5.081510 -2.216548 0.993370 0.089829 0.051222 0.050227
1731662314.887928724288940 22.901308 5.088193 -2.209108 0.991815 0.101211 0.054657 0.055434
1731662314.987927436828613 22.922969 5.107468 -2.211170 0.990108 0.115481 0.054425 0.058204
1731662315.087926864624023 22.940159 5.094484 -2.243333 0.988231 0.131530 0.051897 0.058368
1731662315.187925815582275 22.963523 5.072282 -2.257766 0.985556 0.149917 0.058366 0.052887
1731662315.287925004959106 22.976924 5.075131 -2.270045 0.982485 0.164082 0.062575 0.062328
1731662315.387924194335938 22.979447 5.136763 -2.261382 0.978213 0.186885 0.062301 0.065507
1731662315.487923145294189 22.983013 5.180183 -2.263399 0.973742 0.209209 0.060142 0.066645
1731662315.587922334671021 22.995341 5.156847 -2.269542 0.967944 0.234009 0.057711 0.070665
1731662315.687921524047852 22.986470 5.174877 -2.275589 0.962400 0.256482 0.050793 0.073639
1731662315.787920475006104 22.967107 5.201624 -2.283394 0.956037 0.279819 0.047005 0.074059
1731662315.887919425964355 22.976838 5.229091 -2.235869 0.948986 0.305304 0.042556 0.066363
1731662315.987918615341187 22.977112 5.273204 -2.238015 0.942314 0.325188 0.040512 0.068233
1731662316.087917566299438 22.952941 5.284994 -2.219688 0.936073 0.342461 0.040881 0.069395
1731662316.187916755676270 22.942149 5.301404 -2.190186 0.930556 0.357406 0.040076 0.068709
1731662316.287915706634521 22.959407 5.299595 -2.164448 0.927628 0.364380 0.037210 0.073141
1731662316.387914896011353 22.969011 5.330551 -2.155309 0.925709 0.369429 0.030941 0.075016
1731662316.487913846969604 22.958769 5.351968 -2.166122 0.924677 0.372101 0.027869 0.075743
1731662316.587913036346436 22.955533 5.360979 -2.153903 0.923265 0.376057 0.031146 0.072053
1731662316.687912225723267 22.955232 5.368535 -2.163843 0.922876 0.376825 0.033423 0.072015
1731662316.787911176681519 22.967630 5.401827 -2.144596 0.922015 0.378805 0.035659 0.071574
1731662316.887910127639771 22.993110 5.433183 -2.133908 0.921857 0.379972 0.033046 0.068621
1731662316.987909317016602 23.009054 5.460785 -2.133719 0.919182 0.387044 0.036407 0.063062
1731662317.087908506393433 23.010413 5.512445 -2.122092 0.915773 0.395041 0.034244 0.064262
1731662317.187907695770264 23.023053 5.557846 -2.119360 0.913079 0.401686 0.030388 0.063333
1731662317.287906646728516 23.037957 5.574819 -2.130216 0.912013 0.403491 0.038587 0.062751
1731662317.387905836105347 23.052507 5.624677 -2.110047 0.911214 0.403909 0.041430 0.069491
1731662317.487904787063599 23.066964 5.671140 -2.107247 0.910032 0.405791 0.041353 0.073933
1731662317.587903738021851 23.091839 5.711363 -2.105359 0.907702 0.411465 0.042848 0.070264
1731662317.687902927398682 23.097308 5.734037 -2.115249 0.903813 0.420024 0.037175 0.072932
1731662317.787901878356934 23.102123 5.745308 -2.122334 0.901161 0.426400 0.032502 0.070961
1731662317.887901067733765 23.127152 5.774287 -2.123270 0.899955 0.429872 0.033104 0.064764
1731662317.987900257110596 23.147632 5.807962 -2.115167 0.900371 0.428162 0.036039 0.068634
1731662318.087899208068848 23.179548 5.863179 -2.092941 0.900157 0.427990 0.037987 0.071413
1731662318.187898159027100 23.174102 5.845234 -2.115643 0.900036 0.428552 0.037974 0.069547
1731662318.287897348403931 23.175363 5.854034 -2.130179 0.895530 0.437531 0.035601 0.072981
1731662318.387896537780762 23.202647 5.913863 -2.118154 0.891277 0.446525 0.032243 0.072114
1731662318.487895488739014 23.236953 5.971680 -2.118778 0.888071 0.454314 0.028435 0.064183
1731662318.587894678115845 23.255246 6.011007 -2.117393 0.887203 0.455228 0.029079 0.069231
1731662318.687893390655518 23.270361 6.032114 -2.110528 0.885931 0.456935 0.031736 0.073008
1731662318.787892818450928 23.306803 6.081783 -2.095862 0.882726 0.463604 0.029918 0.070503
1731662318.887891769409180 23.311559 6.093655 -2.111079 0.875365 0.476697 0.027960 0.075589
1731662318.987890958786011 23.333478 6.134649 -2.100897 0.868808 0.488949 0.024379 0.074204
1731662319.087889909744263 23.339084 6.123523 -2.096781 0.864526 0.497955 0.015856 0.066209
1731662319.187889099121094 23.347679 6.115493 -2.108049 0.861804 0.501306 0.019687 0.074822
1731662319.287888050079346 23.345531 6.122541 -2.124484 0.858675 0.505668 0.023268 0.080222
1731662319.387887477874756 23.349475 6.130458 -2.128877 0.853599 0.514122 0.025596 0.079955
1731662319.487886428833008 23.340741 6.119996 -2.138650 0.845465 0.526679 0.024605 0.084813
1731662319.587885379791260 23.343328 6.128781 -2.159676 0.838788 0.537885 0.020156 0.081901
1731662319.687884569168091 23.336887 6.124895 -2.181903 0.832178 0.549335 0.010653 0.074814
1731662319.787883520126343 23.339067 6.134969 -2.178282 0.827068 0.555710 0.014514 0.083275
1731662319.887882709503174 23.340051 6.151053 -2.178003 0.821396 0.563085 0.017967 0.088998
1731662319.987881660461426 23.336609 6.147082 -2.184625 0.813673 0.573697 0.017298 0.092242
1731662320.087880849838257 23.328443 6.141986 -2.198825 0.804607 0.585887 0.017961 0.094976
1731662320.187879562377930 23.333852 6.154124 -2.217973 0.797496 0.596120 0.013862 0.091916
1731662320.287878990173340 23.332981 6.158111 -2.226772 0.791399 0.604983 0.008817 0.087214
1731662320.387877941131592 23.335596 6.158965 -2.227306 0.788398 0.608617 0.007807 0.089183
1731662320.487877130508423 23.328151 6.142229 -2.199261 0.788017 0.608260 0.013264 0.094198
1731662320.587876319885254 23.322573 6.128385 -2.201630 0.786957 0.608562 0.013832 0.100799
1731662320.687875270843506 23.322358 6.137318 -2.213839 0.782595 0.614879 0.015660 0.096036
1731662320.787874221801758 23.312155 6.109325 -2.206361 0.778885 0.619739 0.012029 0.095485
1731662320.887873649597168 23.317055 6.134072 -2.212400 0.774685 0.625586 0.008711 0.091809
1731662320.987872600555420 23.318679 6.134736 -2.213565 0.772362 0.628787 0.006239 0.089695
1731662321.087871551513672 23.323060 6.149329 -2.204399 0.772155 0.628530 0.010813 0.092785
1731662321.187870740890503 23.336731 6.165838 -2.195867 0.771357 0.628772 0.013169 0.097367
1731662321.287869691848755 23.333605 6.181758 -2.201248 0.767665 0.634158 0.014933 0.091162
1731662321.387868881225586 23.334132 6.194396 -2.204063 0.762491 0.640701 0.009842 0.089516
1731662321.487867832183838 23.331253 6.200032 -2.210201 0.758930 0.645420 0.005010 0.086219
1731662321.587867021560669 23.331942 6.201753 -2.206575 0.756614 0.648603 0.002442 0.082730
1731662321.687865972518921 23.337370 6.207210 -2.198982 0.756519 0.648620 0.003772 0.083409
1731662321.787865161895752 23.338937 6.204097 -2.185859 0.756607 0.648410 0.003570 0.084246
1731662321.887864351272583 23.341742 6.218243 -2.183174 0.754726 0.651116 0.005603 0.080026
1731662321.987863302230835 23.345371 6.244252 -2.183052 0.749918 0.656637 0.000431 0.080317
1731662322.087862253189087 23.352988 6.271487 -2.184792 0.746608 0.660660 -0.005983 0.077904
1731662322.187861442565918 23.361167 6.305336 -2.192104 0.743768 0.664412 -0.011360 0.072365
1731662322.287860631942749 23.375140 6.358004 -2.190880 0.743579 0.664501 -0.006976 0.074028
1731662322.387859344482422 23.380320 6.383529 -2.186409 0.743817 0.664231 -0.004945 0.074228
1731662322.487858772277832 23.383914 6.433393 -2.190681 0.742824 0.665366 -0.005097 0.073992
1731662322.587857723236084 23.385081 6.484801 -2.197886 0.738939 0.670061 -0.004498 0.070478
1731662322.687856912612915 23.379253 6.518900 -2.204054 0.735465 0.674145 -0.010721 0.067117
1731662322.787855863571167 23.370384 6.554667 -2.208928 0.731965 0.678183 -0.016560 0.063403
1731662322.887855052947998 23.371220 6.586527 -2.216658 0.731984 0.678354 -0.015256 0.061663
1731662322.987854003906250 23.380532 6.633595 -2.219218 0.732523 0.677891 -0.012318 0.061008
1731662323.087853193283081 23.375781 6.648426 -2.219053 0.732801 0.677738 -0.011615 0.059492
1731662323.187852144241333 23.359517 6.644553 -2.221189 0.732678 0.678463 -0.007997 0.052978
1731662323.287851333618164 23.359135 6.684115 -2.222899 0.728344 0.682950 -0.009147 0.054878
1731662323.387850522994995 23.357419 6.733896 -2.220007 0.724294 0.687367 -0.013839 0.052280
1731662323.487849473953247 23.351026 6.761783 -2.216790 0.721424 0.690567 -0.017127 0.048695
1731662323.587848663330078 23.340142 6.773714 -2.224155 0.721745 0.690323 -0.016041 0.047757
1731662323.687847614288330 23.334204 6.799684 -2.232143 0.721664 0.690479 -0.013157 0.047618
1731662323.787846803665161 23.333866 6.824154 -2.233154 0.721553 0.690696 -0.010852 0.046716
1731662323.887845516204834 23.327879 6.821275 -2.227881 0.719862 0.692844 -0.007700 0.041299
1731662323.987844944000244 23.318620 6.827742 -2.222823 0.718008 0.694803 -0.011411 0.039783
1731662324.087843894958496 23.314098 6.857190 -2.224483 0.716149 0.696844 -0.015037 0.036235
1731662324.187843084335327 23.312728 6.872828 -2.222507 0.716481 0.696644 -0.010888 0.034975
1731662324.287842035293579 23.316684 6.890965 -2.221190 0.715720 0.697462 -0.007488 0.035151
1731662324.387850046157837 23.322783 6.898562 -2.212800 0.714192 0.699044 -0.005905 0.035102
1731662324.487848281860352 23.323191 6.874896 -2.201107 0.711691 0.701788 -0.001843 0.031408
1731662324.587846517562866 23.330039 6.891532 -2.197488 0.708023 0.705499 -0.005971 0.030643
1731662324.687844753265381 23.313091 6.862917 -2.197771 0.708455 0.705088 -0.008671 0.029449
1731662324.787842988967896 23.311936 6.838108 -2.200115 0.712119 0.701465 -0.002735 0.028749
1731662324.887841224670410 23.306725 6.815767 -2.207430 0.715469 0.698069 -0.002558 0.028242
1731662324.987839460372925 23.304563 6.807730 -2.208690 0.717173 0.696372 -0.004454 0.026653
1731662325.087837696075439 23.309495 6.831758 -2.204710 0.713994 0.699900 0.000053 0.018758
1731662325.187836170196533 23.306801 6.857033 -2.208791 0.709469 0.704535 -0.003103 0.016607
1731662325.287834405899048 23.303031 6.893415 -2.214019 0.705463 0.708541 -0.007996 0.015055
1731662325.387832641601562 23.307302 6.934785 -2.203618 0.705296 0.708770 -0.002847 0.013958
1731662325.487830877304077 23.304227 6.945920 -2.201012 0.707046 0.707042 -0.001060 0.013295
1731662325.587829351425171 23.302303 6.964163 -2.201073 0.707627 0.706512 -0.002335 0.009946
1731662325.687827348709106 23.300905 6.984214 -2.198658 0.706811 0.707382 0.000383 0.005415
1731662325.787825822830200 23.299819 6.998399 -2.194485 0.704657 0.709535 -0.001775 0.003938
1731662325.887824058532715 23.299433 7.017268 -2.191786 0.704130 0.710047 -0.004709 0.003417
1731662325.987822294235229 23.298962 7.030903 -2.188891 0.705846 0.708357 -0.001953 0.002850
1731662326.087820529937744 23.299051 7.037271 -2.186901 0.710320 0.703864 0.001532 0.004444
1731662326.187818765640259 23.294408 7.040462 -2.193376 0.714202 0.699920 0.003299 0.004068
1731662326.287817001342773 23.294484 7.048933 -2.191180 0.718793 0.695213 0.003060 0.002188
1731662326.387815475463867 23.293856 7.054309 -2.193517 0.720937 0.692974 0.005278 0.002950
1731662326.487813711166382 23.289808 7.054851 -2.205658 0.723379 0.690442 0.001771 0.002967
1731662326.587811946868896 23.286909 7.064107 -2.215390 0.726531 0.687131 -0.001312 0.001559
1731662326.687810420989990 23.287112 7.083553 -2.216342 0.728059 0.685511 -0.002160 0.000649
1731662326.787808418273926 23.288765 7.093920 -2.219648 0.734020 0.679126 0.000378 0.001675
1731662326.887806653976440 23.289635 7.119911 -2.230848 0.740026 0.672571 0.000885 0.002945
1731662326.987804889678955 23.293117 7.138578 -2.239297 0.747107 0.664701 0.000529 0.001892
1731662327.087803363800049 23.295895 7.148013 -2.241604 0.750443 0.660932 0.002020 0.000252
1731662327.187801599502563 23.295315 7.153271 -2.244774 0.751640 0.659571 -0.001456 0.000827
1731662327.287799835205078 23.299902 7.161464 -2.246848 0.754269 0.656551 -0.004339 0.001120
1731662327.387804269790649 23.308259 7.181565 -2.242305 0.758927 0.651133 -0.007059 0.002251
1731662327.487802505493164 23.321743 7.203242 -2.249958 0.766695 0.641997 -0.002931 0.003148
1731662327.587800741195679 23.329495 7.237677 -2.255304 0.772859 0.634558 -0.001278 0.004848
1731662327.687798976898193 23.332471 7.244590 -2.252300 0.775483 0.631360 -0.002376 0.002252
1731662327.787797212600708 23.334427 7.249963 -2.241743 0.775360 0.631517 0.001421 -0.001046
1731662327.887795448303223 23.334221 7.262438 -2.240571 0.775624 0.631195 -0.000048 0.000296
1731662327.987793684005737 23.334997 7.280971 -2.239105 0.775711 0.631083 -0.002682 0.000895
1731662328.087791919708252 23.334949 7.297825 -2.241091 0.775428 0.631413 -0.005379 -0.000768
1731662328.187790393829346 23.340172 7.313622 -2.240983 0.777185 0.629267 -0.001938 -0.001536
1731662328.287788629531860 23.341404 7.337129 -2.243935 0.779672 0.626187 -0.000181 0.000216
1731662328.387786865234375 23.344071 7.363734 -2.248015 0.781789 0.623542 0.000327 -0.001037
1731662328.487785100936890 23.348194 7.378317 -2.244988 0.783486 0.621400 0.002453 -0.002450
1731662328.587783575057983 23.348739 7.394845 -2.240469 0.781884 0.623413 0.001338 -0.003505
1731662328.687781810760498 23.349747 7.413917 -2.235832 0.780164 0.625566 -0.001681 -0.003024
1731662328.787780046463013 23.353613 7.441919 -2.230852 0.778454 0.627675 -0.005312 -0.002107
1731662328.887778282165527 23.361474 7.468628 -2.230125 0.780004 0.625773 -0.000983 0.000779
1731662328.987776517868042 23.363003 7.491032 -2.222590 0.781425 0.623995 0.000986 0.002161
1731662329.087774753570557 23.370113 7.511982 -2.217105 0.785661 0.618649 0.001965 0.002340
1731662329.187772989273071 23.373612 7.530066 -2.207144 0.784872 0.619639 0.004341 -0.001957
1731662329.287771224975586 23.371477 7.558571 -2.205644 0.782305 0.622885 0.001561 -0.003174
1731662329.387769699096680 23.374817 7.578836 -2.202258 0.781467 0.623910 -0.003542 -0.005845
1731662329.487767696380615 23.382880 7.604847 -2.201602 0.782533 0.622573 0.000264 -0.006623
1731662329.587766170501709 23.386877 7.626340 -2.199576 0.785210 0.619208 0.002414 -0.004653
1731662329.687764406204224 23.389389 7.650535 -2.200896 0.786494 0.617552 0.003382 -0.006803
1731662329.787762641906738 23.395329 7.664108 -2.198108 0.789037 0.614252 0.005916 -0.008888
1731662329.887761116027832 23.397161 7.687947 -2.198123 0.786680 0.617240 0.005720 -0.010830
1731662329.987759113311768 23.401545 7.710204 -2.200661 0.784542 0.619939 0.001721 -0.012887
1731662330.087757587432861 23.412634 7.743023 -2.201075 0.782998 0.621894 0.000380 -0.012687
1731662330.187755823135376 23.422609 7.770389 -2.195540 0.784541 0.619967 0.004527 -0.010815
1731662330.287754058837891 23.431272 7.800748 -2.193638 0.785311 0.618966 0.005583 -0.011696
1731662330.387752294540405 23.446413 7.814158 -2.185884 0.786392 0.617517 0.004238 -0.015567
1731662330.487750768661499 23.453410 7.832507 -2.185068 0.785735 0.618234 0.008194 -0.018413
1731662330.587749004364014 23.462472 7.860184 -2.182261 0.784865 0.619338 0.005401 -0.019445
1731662330.687747240066528 23.470899 7.888928 -2.182312 0.783156 0.621510 0.001657 -0.019725
1731662330.787745475769043 23.481441 7.928755 -2.179035 0.781508 0.623579 0.004507 -0.019362
1731662330.887743711471558 23.494102 7.961482 -2.177044 0.783864 0.620576 0.007227 -0.019755
1731662330.987741947174072 23.503187 7.996749 -2.175874 0.787410 0.616062 0.008373 -0.019565
1731662331.087740182876587 23.514337 8.030071 -2.176702 0.794098 0.607400 0.007946 -0.020249
1731662331.187738418579102 23.528603 8.072507 -2.176220 0.802320 0.596370 0.010744 -0.022570
1731662331.287736892700195 23.547077 8.105153 -2.181460 0.809638 0.586396 0.008943 -0.023361
1731662331.387773513793945 23.561842 8.145632 -2.191031 0.816498 0.576747 0.004205 -0.026010
1731662331.487772703170776 23.591146 8.190330 -2.181331 0.823552 0.566548 -0.000635 -0.028033
1731662331.587771892547607 23.624402 8.245439 -2.177748 0.832235 0.553749 0.003396 -0.027102
1731662331.687770843505859 23.643070 8.287186 -2.168998 0.839148 0.543386 0.004088 -0.023354
1731662331.787770032882690 23.648685 8.314442 -2.173644 0.844860 0.534485 0.004783 -0.022682
1731662331.887768983840942 23.650683 8.351726 -2.185010 0.849770 0.526405 0.006235 -0.027373
1731662331.987768173217773 23.664227 8.343699 -2.181851 0.854275 0.519112 0.011080 -0.024780
1731662332.087767362594604 23.673522 8.360967 -2.180435 0.858035 0.512903 0.010554 -0.024378
1731662332.187766313552856 23.693000 8.393236 -2.180492 0.860376 0.508890 0.004787 -0.027569
1731662332.287765502929688 23.719162 8.429912 -2.182022 0.865645 0.499850 0.009994 -0.026608
1731662332.387764692306519 23.742859 8.468521 -2.176051 0.873015 0.487047 0.011495 -0.022326
1731662332.487763881683350 23.763473 8.527055 -2.181596 0.878739 0.476677 0.012376 -0.021083
1731662332.587762832641602 23.771821 8.553448 -2.195056 0.884412 0.465934 0.011200 -0.024407
1731662332.687762022018433 23.785985 8.560994 -2.192536 0.888198 0.458436 0.015222 -0.026634
1731662332.787761211395264 23.799708 8.572601 -2.185568 0.888792 0.457273 0.014405 -0.027268
1731662332.887760162353516 23.813640 8.577597 -2.174937 0.887594 0.459499 0.010435 -0.030465
1731662332.987759351730347 23.833964 8.607049 -2.171312 0.885859 0.462898 0.012352 -0.028760
1731662333.087758541107178 23.860047 8.649676 -2.159283 0.886882 0.461017 0.015439 -0.025778
1731662333.187757492065430 23.878541 8.671653 -2.151889 0.887712 0.459511 0.015233 -0.024173
1731662333.287756681442261 23.899589 8.695184 -2.141364 0.887880 0.459108 0.014728 -0.025922
1731662333.387755870819092 23.922531 8.682570 -2.127770 0.886459 0.461500 0.021091 -0.027647
1731662333.487755060195923 23.938887 8.690062 -2.115752 0.885060 0.464177 0.020046 -0.028394
1731662333.587754011154175 23.960810 8.692545 -2.104565 0.884112 0.466188 0.016826 -0.027041
1731662333.687753200531006 23.986977 8.725623 -2.101522 0.883486 0.467289 0.020508 -0.025920
1731662333.787752389907837 24.003730 8.755404 -2.099357 0.885060 0.464440 0.022517 -0.021359
1731662333.887751340866089 24.025569 8.763847 -2.092688 0.886557 0.461684 0.022145 -0.019361
1731662333.987750768661499 24.046968 8.772767 -2.087774 0.886592 0.461365 0.022155 -0.024628
1731662334.087749481201172 24.050689 8.742811 -2.085930 0.885252 0.463862 0.026573 -0.021349
1731662334.187748670578003 24.065031 8.737509 -2.084784 0.884415 0.465467 0.025692 -0.022159
1731662334.287747859954834 24.072719 8.774858 -2.080536 0.881802 0.470598 0.022047 -0.021837
1731662334.387747049331665 24.083665 8.815991 -2.081486 0.881088 0.471609 0.029153 -0.020467
1731662334.487746000289917 24.093896 8.835391 -2.081386 0.882203 0.469573 0.030475 -0.017035
1731662334.587745189666748 24.105426 8.844057 -2.083733 0.883358 0.467515 0.029102 -0.016176
1731662334.687744140625000 24.124112 8.846582 -2.076694 0.883153 0.467518 0.031140 -0.022341
1731662334.787743330001831 24.134098 8.864096 -2.078559 0.881157 0.471262 0.032187 -0.020927
1731662334.887742519378662 24.146888 8.874851 -2.078686 0.879583 0.474330 0.029684 -0.021517
1731662334.987741708755493 24.158121 8.887181 -2.075720 0.877385 0.478574 0.026496 -0.021475
1731662335.087740659713745 24.172364 8.911221 -2.070158 0.877571 0.477775 0.034714 -0.019904
1731662335.187739849090576 24.181393 8.907861 -2.069805 0.878981 0.475279 0.034451 -0.017770
1731662335.287738800048828 24.192172 8.914932 -2.068330 0.879759 0.473977 0.032420 -0.017851
1731662335.387738227844238 24.211251 8.911917 -2.053246 0.878946 0.474952 0.035291 -0.025081
1731662335.487737178802490 24.222363 8.916360 -2.053398 0.877525 0.477500 0.037304 -0.023490
1731662335.587736368179321 24.231266 8.934095 -2.052902 0.876210 0.480047 0.035213 -0.023903
1731662335.687735319137573 24.245964 8.967905 -2.045680 0.874011 0.484376 0.031254 -0.022547
1731662335.787734508514404 24.260379 8.999801 -2.046354 0.873921 0.484229 0.036521 -0.021258
1731662335.887733697891235 24.269528 9.022583 -2.044194 0.874447 0.483348 0.036719 -0.019211
1731662335.987732648849487 24.282774 9.044036 -2.041773 0.875102 0.482265 0.034948 -0.019864
1731662336.087731599807739 24.299730 9.049649 -2.033677 0.873267 0.484700 0.041915 -0.026723
1731662336.187730789184570 24.310877 9.086593 -2.034522 0.871198 0.488563 0.041844 -0.023863
1731662336.287729978561401 24.319217 9.127787 -2.026222 0.869062 0.492681 0.038292 -0.023015
1731662336.387729167938232 24.331021 9.172769 -2.025157 0.866444 0.497264 0.039353 -0.021324
1731662336.487728357315063 24.347834 9.186065 -2.016686 0.867561 0.494699 0.046140 -0.021942
1731662336.587727308273315 24.355715 9.208079 -2.010149 0.868708 0.492738 0.046022 -0.020910
1731662336.687726497650146 24.361036 9.240357 -2.011841 0.869483 0.491529 0.043381 -0.022715
1731662336.787725687026978 24.377234 9.274616 -2.008892 0.868550 0.492387 0.049711 -0.026552
1731662336.887724876403809 24.387459 9.304592 -2.006481 0.868655 0.492404 0.047894 -0.026145
1731662336.987723827362061 24.395448 9.324399 -2.007906 0.869049 0.492119 0.043547 -0.026005
1731662337.087723016738892 24.404066 9.361073 -2.013874 0.869219 0.491813 0.043210 -0.026651
1731662337.187722206115723 24.430265 9.390112 -2.002591 0.871842 0.486502 0.049227 -0.027985
1731662337.287721157073975 24.452948 9.410571 -1.997045 0.875394 0.480292 0.047678 -0.027039
1731662337.387720346450806 24.461611 9.446871 -1.996010 0.879031 0.473811 0.045694 -0.026840
1731662337.487719535827637 24.468017 9.504362 -1.995303 0.880345 0.470384 0.052202 -0.031729
1731662337.587718486785889 24.487157 9.529964 -1.993598 0.883579 0.464567 0.050755 -0.029835
1731662337.687717676162720 24.507782 9.554078 -1.990971 0.886606 0.459159 0.045964 -0.031471
1731662337.787716865539551 24.529995 9.591177 -1.992815 0.886944 0.458296 0.047279 -0.032568
1731662337.887715816497803 24.550801 9.628110 -1.990628 0.886323 0.458278 0.057803 -0.032734
1731662337.987715005874634 24.565242 9.645156 -1.985459 0.885557 0.459486 0.059243 -0.033948
1731662338.087714195251465 24.579270 9.677122 -1.979209 0.885171 0.460389 0.058802 -0.032506
1731662338.187712907791138 24.597878 9.722801 -1.971756 0.882344 0.464078 0.066295 -0.041296
1731662338.287712335586548 24.614364 9.742170 -1.965847 0.881102 0.466038 0.069867 -0.039828
1731662338.387711524963379 24.630221 9.762326 -1.967034 0.880433 0.467767 0.067290 -0.038783
1731662338.487710475921631 24.653724 9.805386 -1.949613 0.878781 0.471496 0.063933 -0.036727
1731662338.587709665298462 24.679374 9.832531 -1.946246 0.879090 0.469413 0.075768 -0.033345
1731662338.687708854675293 24.700881 9.863886 -1.942059 0.881102 0.465839 0.075194 -0.031626
1731662338.787707805633545 24.720589 9.913017 -1.933376 0.883255 0.462192 0.071705 -0.033143
1731662338.887706995010376 24.737341 9.957676 -1.942021 0.883868 0.459724 0.076895 -0.038970
1731662338.987706184387207 24.747334 9.974207 -1.934574 0.884102 0.459384 0.077045 -0.037328
1731662339.087705135345459 24.757647 9.999245 -1.923964 0.884745 0.458780 0.073450 -0.036778
1731662339.187704324722290 24.781471 10.059571 -1.912209 0.883864 0.461324 0.068821 -0.035054
1731662339.287703275680542 24.810180 10.103339 -1.908534 0.883819 0.460809 0.072861 -0.034777
1731662339.387702703475952 24.829457 10.125442 -1.903535 0.884018 0.460691 0.071931 -0.033185
1731662339.487701654434204 24.830414 10.133705 -1.909717 0.884445 0.460205 0.069439 -0.033845
1731662339.587700843811035 24.839676 10.148351 -1.905437 0.883230 0.461840 0.073011 -0.035747
1731662339.687699794769287 24.856259 10.153069 -1.901615 0.881842 0.464694 0.071775 -0.035536
1731662339.787698984146118 24.877371 10.141380 -1.903277 0.880649 0.467729 0.067399 -0.033825
1731662339.887698173522949 24.898287 10.172043 -1.899646 0.878246 0.472792 0.065308 -0.029781
1731662339.987697124481201 24.905290 10.217527 -1.906355 0.877438 0.473621 0.070311 -0.029006
1731662340.087696313858032 24.910253 10.240362 -1.906828 0.877925 0.473018 0.068778 -0.027761
1731662340.187695503234863 24.913456 10.280550 -1.904852 0.877882 0.473515 0.064826 -0.030077
1731662340.287694692611694 24.918552 10.296696 -1.905361 0.877221 0.473970 0.069866 -0.030905
1731662340.387693881988525 24.926164 10.292402 -1.914591 0.876812 0.474995 0.067478 -0.032061
1731662340.487692832946777 24.939644 10.276774 -1.906489 0.877765 0.473973 0.062557 -0.031067
1731662340.587692022323608 24.951070 10.308492 -1.897411 0.878106 0.473675 0.061654 -0.027585
1731662340.687691211700439 24.962022 10.330425 -1.898476 0.881312 0.467052 0.066261 -0.027591
1731662340.787690162658691 24.976160 10.330166 -1.885858 0.884951 0.460450 0.064122 -0.027135
1731662340.887689590454102 24.990508 10.341367 -1.879448 0.888098 0.454696 0.059771 -0.031009
1731662340.987688302993774 24.998835 10.341142 -1.873282 0.889413 0.451403 0.065007 -0.030900
1731662341.087687492370605 24.998603 10.343665 -1.869942 0.889809 0.450914 0.062513 -0.031765
1731662341.187686681747437 25.005560 10.344050 -1.875445 0.889306 0.452666 0.056044 -0.032964
1731662341.287685632705688 25.018749 10.365411 -1.869375 0.889332 0.452861 0.056622 -0.028287
1731662341.387686729431152 25.020744 10.374921 -1.864085 0.892224 0.447032 0.058982 -0.024913
1731662341.487685918807983 25.030238 10.379215 -1.865920 0.895235 0.441330 0.056645 -0.023963
1731662341.587685108184814 25.039635 10.384961 -1.861808 0.897343 0.437128 0.054458 -0.027006
1731662341.687684059143066 25.046924 10.357395 -1.858682 0.897935 0.435565 0.058196 -0.024676
1731662341.787683248519897 25.054612 10.356870 -1.863408 0.898282 0.435228 0.054897 -0.025527
1731662341.887682199478149 25.068998 10.357240 -1.866326 0.898010 0.436528 0.048993 -0.024915
1731662341.987681388854980 25.081314 10.364038 -1.867210 0.897543 0.437023 0.054093 -0.022382
1731662342.087680578231812 25.090822 10.365541 -1.863407 0.898311 0.435497 0.054887 -0.019186
1731662342.187679529190063 25.096674 10.368608 -1.863994 0.898556 0.435177 0.053311 -0.019386
1731662342.287678718566895 25.106020 10.373505 -1.860120 0.897973 0.436065 0.053916 -0.024170
1731662342.387677907943726 25.114721 10.360552 -1.863153 0.896317 0.439232 0.056459 -0.022465
1731662342.487677097320557 25.118854 10.362469 -1.861282 0.894540 0.443087 0.054075 -0.023419
1731662342.587676048278809 25.133733 10.377239 -1.862412 0.892087 0.448549 0.050275 -0.021369
1731662342.687675237655640 25.149433 10.386874 -1.856899 0.892169 0.447753 0.056325 -0.019469
1731662342.787674188613892 25.159414 10.390442 -1.854139 0.892416 0.447301 0.056227 -0.018785
1731662342.887673377990723 25.169999 10.395684 -1.856866 0.892496 0.447420 0.053427 -0.020306
1731662342.987672567367554 25.178957 10.402350 -1.854870 0.890653 0.450325 0.058895 -0.021816
1731662343.087671518325806 25.188650 10.409353 -1.857720 0.888496 0.454553 0.058324 -0.023579
1731662343.187670707702637 25.203022 10.415921 -1.860460 0.886214 0.459532 0.053618 -0.024078
1731662343.287669897079468 25.217325 10.439585 -1.857832 0.883989 0.463722 0.054401 -0.023781
1731662343.387669086456299 25.233792 10.439879 -1.845354 0.885223 0.461206 0.055940 -0.023263
1731662343.487668037414551 25.249811 10.444615 -1.839484 0.886616 0.458827 0.053643 -0.022647
1731662343.587667226791382 25.265219 10.457337 -1.838385 0.886724 0.458688 0.050969 -0.026983
1731662343.687666416168213 25.276959 10.455506 -1.836485 0.884891 0.461542 0.056141 -0.028192
1731662343.787665367126465 25.283536 10.459128 -1.836081 0.883832 0.463795 0.053268 -0.029958
1731662343.887664556503296 25.294652 10.477482 -1.837110 0.882107 0.467667 0.047235 -0.030706
1731662343.987663984298706 25.318935 10.487627 -1.835654 0.885063 0.461988 0.047685 -0.030940
1731662344.087662696838379 25.329596 10.495557 -1.832001 0.889293 0.454311 0.043993 -0.028709
1731662344.187661886215210 25.338641 10.508145 -1.828134 0.894243 0.444871 0.038563 -0.030523
1731662344.287661075592041 25.358146 10.513107 -1.821015 0.898020 0.436964 0.039636 -0.032434
1731662344.387660264968872 25.372638 10.523719 -1.819137 0.902019 0.428926 0.035694 -0.033306
1731662344.587658405303955 25.404517 10.530611 -1.819173 0.908232 0.416228 0.026309 -0.034298
1731662344.687657356262207 25.424356 10.520196 -1.804461 0.912951 0.406116 0.025029 -0.031031
1731662344.787656545639038 25.440267 10.522095 -1.804150 0.916626 0.398163 0.021159 -0.028557
1731662344.887655735015869 25.456988 10.518214 -1.798362 0.918435 0.393777 0.019382 -0.032278
1731662344.987654685974121 25.465626 10.506986 -1.800665 0.918424 0.393691 0.020954 -0.032651
1731662345.087653875350952 25.477762 10.502272 -1.794656 0.918865 0.392707 0.017430 -0.034135
1731662345.187653064727783 25.502742 10.492166 -1.791183 0.919165 0.392000 0.013283 -0.035986
1731662345.287652015686035 25.522975 10.498494 -1.788851 0.921168 0.387320 0.019947 -0.032177
1731662345.387648820877075 25.539982 10.500233 -1.783779 0.923376 0.382284 0.020329 -0.028657
1731662345.487648010253906 25.558171 10.501174 -1.784090 0.925237 0.377843 0.018204 -0.028968
1731662345.587646961212158 25.570827 10.519750 -1.781782 0.924657 0.378314 0.024713 -0.035747
1731662345.687646150588989 25.589130 10.528907 -1.782360 0.927408 0.371748 0.023939 -0.033833
1731662345.787645101547241 25.606165 10.530600 -1.783686 0.930445 0.364094 0.019872 -0.036226
1731662345.887644529342651 25.641415 10.519225 -1.770053 0.935611 0.350845 0.019170 -0.034243
1731662345.987643241882324 25.664983 10.523382 -1.771225 0.942933 0.330528 0.024483 -0.032083
1731662346.087642192840576 25.687332 10.514852 -1.758827 0.950117 0.309612 0.023193 -0.029657
1731662346.187641382217407 25.713218 10.511260 -1.754231 0.956556 0.288764 0.020888 -0.034344
1731662346.287640333175659 25.728755 10.520425 -1.744637 0.960506 0.273715 0.028947 -0.040872
1731662346.387639522552490 25.743761 10.542522 -1.752419 0.964172 0.260722 0.026258 -0.041318
1731662346.487638711929321 25.762064 10.555546 -1.753885 0.966981 0.249707 0.022035 -0.045911
1731662346.587637662887573 25.806723 10.524756 -1.743509 0.969729 0.239118 0.018810 -0.045761
1731662346.687636852264404 25.843846 10.511064 -1.733890 0.973560 0.223623 0.020060 -0.042086
1731662346.787635803222656 25.871963 10.508717 -1.725263 0.977074 0.208796 0.018821 -0.037102
1731662346.887634754180908 25.903255 10.504303 -1.733237 0.979917 0.195215 0.016268 -0.037275
1731662346.987633943557739 25.932848 10.517657 -1.739319 0.980970 0.187604 0.024533 -0.043586
1731662347.087632894515991 25.957674 10.511120 -1.741554 0.981777 0.183875 0.026697 -0.039894
1731662347.187632083892822 25.991927 10.474263 -1.739229 0.982603 0.178894 0.026093 -0.042523
1731662347.287631034851074 26.045701 10.439707 -1.740222 0.983898 0.173051 0.025454 -0.036736
1731662347.387630224227905 26.080153 10.429996 -1.731384 0.986169 0.160207 0.029804 -0.030259
1731662347.487629413604736 26.106685 10.431666 -1.734806 0.988405 0.146260 0.028557 -0.029127
1731662347.587628364562988 26.134032 10.418661 -1.725851 0.990377 0.131490 0.028601 -0.032327
1731662347.687627315521240 26.154084 10.389924 -1.709363 0.990819 0.125816 0.037082 -0.032771
1731662347.787626504898071 26.172621 10.384006 -1.701036 0.991422 0.120796 0.036226 -0.034318
1731662347.887625455856323 26.189352 10.364520 -1.700591 0.991886 0.116647 0.034405 -0.037039
1731662347.987624645233154 26.229755 10.349892 -1.701193 0.992874 0.109964 0.032878 -0.032058
1731662348.087623596191406 26.250692 10.338224 -1.692057 0.994914 0.090940 0.032598 -0.028534
1731662348.187623023986816 26.266930 10.341237 -1.687301 0.996810 0.069030 0.029156 -0.027468
1731662348.287621736526489 26.285309 10.371162 -1.707529 0.998109 0.045989 0.028273 -0.029395
1731662348.387620925903320 26.296791 10.373520 -1.706020 0.998583 0.032274 0.031046 -0.028746
1731662348.487620115280151 26.313375 10.373414 -1.699552 0.998997 0.016080 0.028778 -0.030301
1731662348.587619066238403 26.335624 10.366550 -1.681067 0.999174 0.000448 0.025438 -0.031685
1731662348.687618017196655 26.366976 10.353661 -1.682828 0.999102 -0.017716 0.020268 -0.032723
1731662348.787617206573486 26.390401 10.347226 -1.681011 0.998638 -0.039666 0.017392 -0.029094
1731662348.887616157531738 26.411851 10.353419 -1.681707 0.998002 -0.055190 0.013059 -0.027866
1731662348.987615346908569 26.437158 10.346958 -1.685491 0.997192 -0.066830 0.011794 -0.031665
1731662349.087614297866821 26.459549 10.319952 -1.680551 0.996753 -0.071920 0.016785 -0.032086
1731662349.187613487243652 26.479027 10.316786 -1.667290 0.996759 -0.070160 0.014313 -0.036653
1731662349.287612438201904 26.506798 10.292504 -1.658782 0.996680 -0.070277 0.011737 -0.039401
1731662349.387611627578735 26.555349 10.252908 -1.667970 0.996602 -0.075352 0.008433 -0.032168
1731662349.487610816955566 26.576875 10.238197 -1.666486 0.995799 -0.086400 0.007182 -0.029466
1731662349.587609767913818 26.594469 10.233267 -1.667248 0.994590 -0.100219 0.005621 -0.026758
1731662349.687608718872070 26.626899 10.203940 -1.635740 0.992938 -0.114353 0.010587 -0.029748
1731662349.787607908248901 26.646524 10.180561 -1.626173 0.992375 -0.119275 0.010726 -0.029158
1731662349.887606859207153 26.662851 10.169316 -1.623122 0.991617 -0.125089 0.009887 -0.030825
1731662349.987605810165405 26.691416 10.148525 -1.614419 0.991439 -0.126262 0.008249 -0.032221
1731662350.087604999542236 26.720682 10.138963 -1.608478 0.990658 -0.133464 0.008730 -0.026613
1731662350.187604188919067 26.742491 10.126256 -1.589831 0.989704 -0.141042 0.007741 -0.023081
1731662350.287603139877319 26.763176 10.107595 -1.586408 0.988509 -0.149082 0.006178 -0.024222
1731662350.387602329254150 26.781728 10.082773 -1.579053 0.987867 -0.152005 0.016421 -0.027274
1731662350.487601518630981 26.794835 10.080708 -1.575908 0.988209 -0.149558 0.016255 -0.028478
1731662350.587600469589233 26.810741 10.072033 -1.575379 0.987816 -0.151096 0.016313 -0.033505
1731662350.687599420547485 26.836012 10.056936 -1.574730 0.987493 -0.153504 0.017262 -0.031563
1731662350.787598609924316 26.851149 10.024039 -1.563366 0.984813 -0.170197 0.017937 -0.029230
1731662350.887597560882568 26.860034 10.009057 -1.562598 0.981665 -0.187800 0.015811 -0.028544
1731662350.987596511840820 26.871369 9.999671 -1.577210 0.978422 -0.203265 0.016480 -0.033199
1731662351.087595701217651 26.886439 10.001119 -1.568708 0.976324 -0.212099 0.028817 -0.031223
1731662351.187594652175903 26.906458 9.999945 -1.559944 0.975115 -0.217740 0.026304 -0.032376
1731662351.287593841552734 26.919303 9.995830 -1.555974 0.973017 -0.226337 0.025488 -0.036865
1731662351.387595176696777 26.944251 9.979372 -1.546326 0.970512 -0.236709 0.022971 -0.039339
1731662351.487594127655029 26.961769 9.962327 -1.543736 0.966504 -0.253268 0.024188 -0.033758
1731662351.587593317031860 26.972728 9.944909 -1.542271 0.961742 -0.271487 0.021430 -0.029813
1731662351.687592267990112 26.992714 9.921037 -1.541160 0.957204 -0.286882 0.021101 -0.031840
1731662351.787591218948364 27.009037 9.904931 -1.535960 0.953233 -0.299443 0.022608 -0.034201
1731662351.887590408325195 27.028416 9.880974 -1.531175 0.952149 -0.303091 0.023735 -0.031386
1731662351.987589359283447 27.040615 9.871443 -1.526025 0.950961 -0.306670 0.021450 -0.034161
1731662352.087588548660278 27.060080 9.857274 -1.530878 0.949628 -0.310752 0.018448 -0.036055
1731662352.187587499618530 27.085210 9.823795 -1.543648 0.944956 -0.325083 0.013722 -0.034512
1731662352.287586927413940 27.099434 9.789853 -1.533746 0.937203 -0.347298 0.008348 -0.031056
1731662352.387585639953613 27.117400 9.742809 -1.518479 0.929065 -0.368497 0.007048 -0.031615
1731662352.487584829330444 27.136635 9.721130 -1.523962 0.921026 -0.388504 0.006161 -0.027162
1731662352.587583780288696 27.150317 9.702102 -1.522933 0.915383 -0.401442 0.001797 -0.030253
1731662352.687582969665527 27.164381 9.676164 -1.527144 0.909898 -0.413456 0.000761 -0.033748
1731662352.787581920623779 27.177494 9.652311 -1.540452 0.904798 -0.424239 -0.001367 -0.036873
1731662352.887581110000610 27.194109 9.608625 -1.546152 0.896724 -0.441197 -0.005638 -0.034640
1731662352.987580060958862 27.206084 9.578687 -1.547825 0.889207 -0.456344 -0.008903 -0.031323
1731662353.087579250335693 27.218184 9.545708 -1.548777 0.886082 -0.462226 -0.008025 -0.033792
1731662353.187578201293945 27.236609 9.516389 -1.557515 0.883975 -0.466196 -0.004760 -0.035036
1731662353.287577390670776 27.245633 9.485664 -1.554000 0.884444 -0.465285 0.003902 -0.035420
1731662353.387576341629028 27.260755 9.454137 -1.555466 0.883426 -0.466849 0.004819 -0.039843
1731662353.487575531005859 27.275683 9.398623 -1.574446 0.882369 -0.468639 0.002761 -0.042369
1731662353.587574481964111 27.291417 9.361774 -1.576369 0.879828 -0.474010 0.004056 -0.034656
1731662353.687573671340942 27.291231 9.344117 -1.576087 0.877150 -0.478987 0.003779 -0.034127
1731662353.787572622299194 27.299078 9.317915 -1.575204 0.875434 -0.482081 0.005384 -0.034413
1731662353.887571811676025 27.304401 9.304235 -1.585185 0.875379 -0.482021 0.016945 -0.032855
1731662353.987570762634277 27.316986 9.306204 -1.600498 0.878501 -0.476481 0.014991 -0.031255
1731662354.087569952011108 27.329839 9.290586 -1.603682 0.880700 -0.472383 0.014301 -0.031877
1731662354.187568902969360 27.339181 9.292129 -1.611239 0.884268 -0.465829 0.013250 -0.029950
1731662354.287567853927612 27.344773 9.276616 -1.603443 0.883802 -0.467074 0.015934 -0.021944
1731662354.387567043304443 27.348342 9.260411 -1.600456 0.882821 -0.469082 0.015465 -0.018710
1731662354.487566232681274 27.361497 9.232040 -1.582861 0.882416 -0.469762 0.017071 -0.019350
1731662354.587564945220947 27.377271 9.210181 -1.566455 0.883992 -0.466056 0.028594 -0.023074
1731662354.687564373016357 27.380549 9.215137 -1.571674 0.887050 -0.460109 0.032463 -0.019695
1731662354.787563323974609 27.388509 9.202602 -1.571373 0.888793 -0.456440 0.035079 -0.021894
1731662354.887562513351440 27.390403 9.213955 -1.581031 0.891232 -0.451755 0.035167 -0.019673
1731662354.987561464309692 27.391866 9.185652 -1.570468 0.889476 -0.455239 0.035252 -0.018638
1731662355.087560653686523 27.391142 9.152610 -1.565465 0.887823 -0.458501 0.034713 -0.018506
1731662355.187559604644775 27.398571 9.118658 -1.558127 0.886549 -0.460635 0.037022 -0.021813
1731662355.287558555603027 27.412287 9.034246 -1.541094 0.884394 -0.463795 0.046117 -0.024787
1731662355.387558698654175 27.421857 8.988431 -1.539795 0.886240 -0.459817 0.052734 -0.019113
1731662355.487557649612427 27.433119 8.966967 -1.539629 0.887606 -0.457007 0.053185 -0.021723
1731662355.587556838989258 27.441272 8.935538 -1.535859 0.888586 -0.455039 0.051908 -0.025697
1731662355.687556028366089 27.438777 8.919448 -1.553726 0.889637 -0.453486 0.050984 -0.017230
1731662355.787554979324341 27.439567 8.901852 -1.545722 0.887279 -0.458512 0.046945 -0.017274
1731662355.887553930282593 27.443145 8.860329 -1.541967 0.882010 -0.468749 0.044649 -0.018397
1731662355.987553358078003 27.441075 8.833768 -1.533735 0.877792 -0.476551 0.044306 -0.020448
1731662356.087552309036255 27.446600 8.794274 -1.518824 0.872800 -0.485552 0.044462 -0.021982
1731662356.187551498413086 27.439182 8.796333 -1.524221 0.867170 -0.495021 0.050042 -0.021601
1731662356.287550449371338 27.431782 8.800845 -1.525804 0.864259 -0.499858 0.050600 -0.025237
1731662356.387549638748169 27.426384 8.802178 -1.525301 0.860953 -0.505506 0.049686 -0.027488
1731662356.487548828125000 27.422181 8.801581 -1.528266 0.857695 -0.510956 0.049155 -0.029455
1731662356.587548017501831 27.421661 8.792732 -1.529408 0.853325 -0.518873 0.043271 -0.027114
1731662356.687546968460083 27.418354 8.785873 -1.521902 0.845472 -0.532046 0.038436 -0.025029
1731662356.787546157836914 27.412473 8.784052 -1.518260 0.838215 -0.543449 0.037103 -0.026106
1731662356.887545108795166 27.400925 8.790402 -1.520378 0.829439 -0.556397 0.041298 -0.027354
1731662356.987544298171997 27.393517 8.799014 -1.522622 0.823299 -0.565421 0.042506 -0.025910
1731662357.087543249130249 27.386667 8.801341 -1.530456 0.816726 -0.574973 0.040544 -0.026852
1731662357.187542438507080 27.380164 8.799316 -1.529341 0.810259 -0.583976 0.040391 -0.028649
1731662357.287541389465332 27.373796 8.798475 -1.534760 0.803035 -0.593790 0.039003 -0.032063
1731662357.387540817260742 27.369814 8.791705 -1.545265 0.793689 -0.606767 0.032201 -0.029224
1731662357.487539768218994 27.364058 8.785163 -1.543650 0.783227 -0.620368 0.027475 -0.030712
1731662357.587538957595825 27.357119 8.771207 -1.533644 0.773301 -0.632570 0.026486 -0.034046
1731662357.687538146972656 27.344453 8.784081 -1.532708 0.763896 -0.643740 0.033767 -0.030367
1731662357.787537097930908 27.344216 8.775754 -1.525182 0.757049 -0.651751 0.032383 -0.032382
1731662357.887536287307739 27.341140 8.764314 -1.521659 0.749942 -0.659899 0.031117 -0.033935
1731662357.987535476684570 27.333175 8.756041 -1.525451 0.742611 -0.668090 0.029373 -0.036363
1731662358.087534427642822 27.328348 8.740888 -1.531137 0.732348 -0.679651 0.020815 -0.036177
1731662358.187533617019653 27.323268 8.734145 -1.527565 0.722122 -0.690572 0.016445 -0.037127
1731662358.287532567977905 27.318623 8.723815 -1.522256 0.710734 -0.702179 0.015024 -0.039710
1731662358.387531757354736 27.313531 8.723556 -1.519516 0.698310 -0.714466 0.015446 -0.040781
1731662358.487530946731567 27.308170 8.719265 -1.512674 0.688690 -0.723661 0.019168 -0.040675
1731662358.587529897689819 27.304871 8.711817 -1.512438 0.681653 -0.730232 0.017021 -0.042675
1731662358.687528848648071 27.301844 8.703819 -1.509280 0.674126 -0.737116 0.016931 -0.043901
1731662358.787528038024902 27.301605 8.695177 -1.507305 0.665814 -0.744421 0.017746 -0.047047
1731662358.887527227401733 27.303141 8.687328 -1.505462 0.657032 -0.751948 0.019156 -0.050167
1731662358.987526416778564 27.303842 8.679153 -1.503548 0.647392 -0.760089 0.020399 -0.052279
1731662359.087525367736816 27.305551 8.669785 -1.502623 0.635342 -0.770053 0.021628 -0.053760
1731662359.187524557113647 27.306435 8.656653 -1.505459 0.619680 -0.783009 0.015564 -0.051480
1731662359.287523746490479 27.297700 8.640840 -1.493821 0.600858 -0.797680 0.007996 -0.051099
1731662359.387522697448730 27.276641 8.635990 -1.471187 0.580395 -0.812467 0.008479 -0.054470
1731662359.487521886825562 27.259788 8.639640 -1.454146 0.558734 -0.827639 0.009201 -0.052400
1731662359.587521076202393 27.248792 8.638443 -1.441515 0.539962 -0.839998 0.008151 -0.052712
1731662359.687520265579224 27.231830 8.634208 -1.425910 0.518770 -0.853258 0.006493 -0.052780
1731662359.787519216537476 27.213752 8.636237 -1.413540 0.496543 -0.866313 0.006265 -0.053916
1731662359.887518405914307 27.195627 8.630902 -1.405081 0.468825 -0.881298 0.004031 -0.059162
1731662359.987517356872559 27.180444 8.638138 -1.387371 0.443845 -0.894109 -0.003282 -0.059665
1731662360.087516784667969 27.172481 8.650544 -1.382727 0.418696 -0.905918 -0.004185 -0.063147
1731662360.187515735626221 27.166564 8.673307 -1.375080 0.392079 -0.917756 -0.004266 -0.063080
1731662360.287514686584473 27.166443 8.697954 -1.361938 0.368909 -0.927244 -0.003017 -0.064157
1731662360.387513875961304 27.154362 8.711563 -1.354292 0.347417 -0.935282 -0.002471 -0.067398
1731662360.487513065338135 27.151357 8.713184 -1.353876 0.326450 -0.942608 0.000258 -0.070145
1731662360.587512016296387 27.140249 8.722677 -1.343595 0.301751 -0.950444 0.001966 -0.074830
1731662360.687511205673218 27.147179 8.727015 -1.332382 0.276317 -0.958051 -0.006107 -0.075828
1731662360.787510156631470 27.142340 8.741664 -1.303634 0.255963 -0.963450 -0.005950 -0.078816
1731662360.887509346008301 27.132575 8.775174 -1.287289 0.238051 -0.968324 -0.009560 -0.074752
1731662360.987508535385132 27.125233 8.772444 -1.263862 0.237669 -0.968226 -0.006049 -0.077560
1731662361.087507486343384 27.117507 8.769738 -1.240972 0.239095 -0.968103 -0.005585 -0.074690
1731662361.187506675720215 27.107293 8.772806 -1.227919 0.240572 -0.967885 -0.005385 -0.072760
1731662361.287505865097046 27.097026 8.771284 -1.211038 0.242417 -0.967524 -0.005988 -0.071387
1731662361.387505054473877 27.093076 8.767892 -1.197819 0.244233 -0.967068 -0.005595 -0.071398
1731662361.487504243850708 27.090287 8.766408 -1.189302 0.245874 -0.966610 -0.004617 -0.072034
1731662361.587503194808960 27.091315 8.775257 -1.188478 0.245668 -0.966343 -0.007946 -0.075934
1731662361.687502145767212 27.096732 8.791033 -1.200258 0.243571 -0.966312 -0.018213 -0.081139
1731662361.787501335144043 27.099922 8.795222 -1.197224 0.242794 -0.966235 -0.019486 -0.084030
1731662361.887500524520874 27.108470 8.800866 -1.190715 0.242161 -0.966180 -0.022308 -0.085772
1731662361.987499475479126 27.123788 8.811123 -1.184688 0.242831 -0.965916 -0.026098 -0.085775
1731662362.087498664855957 27.146373 8.813726 -1.187071 0.245577 -0.965165 -0.028289 -0.085726
1731662362.187497615814209 27.169086 8.822023 -1.186334 0.247805 -0.964478 -0.031183 -0.086042
1731662362.287496805191040 27.202501 8.826319 -1.183401 0.250142 -0.963928 -0.032468 -0.084953
1731662362.387490272521973 27.232876 8.826679 -1.178543 0.252588 -0.963587 -0.030976 -0.082101
1731662362.487488985061646 27.233807 8.832481 -1.178226 0.243475 -0.965712 -0.037319 -0.082021
1731662362.587487220764160 27.224853 8.856669 -1.169745 0.229319 -0.968977 -0.038533 -0.083733
1731662362.687485694885254 27.214750 8.892147 -1.164546 0.213641 -0.972769 -0.035660 -0.082505
1731662362.787484169006348 27.202828 8.935384 -1.165989 0.193909 -0.977048 -0.035864 -0.080565
1731662362.887482881546021 27.193362 8.993947 -1.135812 0.173855 -0.980747 -0.036008 -0.081324
1731662362.987481355667114 27.175463 9.040450 -1.109554 0.149774 -0.984657 -0.034310 -0.082708
1731662363.087479591369629 27.161820 9.139309 -1.066412 0.127291 -0.987915 -0.031632 -0.082584
1731662363.187478065490723 27.141056 9.217025 -1.048587 0.099830 -0.991207 -0.032911 -0.080377
1731662363.287476778030396 27.118767 9.267209 -1.034787 0.067447 -0.993976 -0.042041 -0.075469
1731662363.387475252151489 27.088540 9.340547 -0.989485 0.038428 -0.995637 -0.041308 -0.074317
1731662363.487473726272583 27.071710 9.432112 -0.933427 0.007637 -0.996660 -0.038087 -0.071834
1731662363.587472200393677 27.067250 9.489786 -0.925254 -0.023309 -0.996789 -0.036169 -0.067522
1731662363.687470674514771 27.073158 9.519905 -0.920384 -0.050902 -0.995702 -0.036852 -0.068033
1731662363.787469148635864 27.082417 9.542488 -0.908683 -0.079202 -0.993759 -0.037030 -0.069267
1731662363.887467622756958 27.097216 9.549874 -0.916030 -0.108159 -0.991120 -0.035475 -0.068737
1731662363.987466096878052 27.111025 9.558127 -0.928374 -0.138606 -0.987522 -0.033930 -0.066619
1731662364.087464332580566 27.123233 9.587645 -0.920845 -0.169742 -0.982676 -0.043776 -0.060161
1731662364.187463283538818 27.116679 9.638276 -0.918130 -0.199623 -0.977159 -0.045620 -0.056829
1731662364.287461519241333 27.123628 9.676967 -0.892187 -0.232755 -0.969997 -0.045862 -0.053180
1731662364.387460470199585 27.127885 9.709594 -0.885236 -0.262298 -0.963037 -0.040768 -0.045802
1731662364.487458705902100 27.160329 9.691114 -0.856564 -0.287859 -0.955496 -0.044473 -0.046768
1731662364.587457180023193 27.197438 9.670163 -0.850318 -0.314224 -0.947140 -0.044774 -0.046741
1731662364.687455654144287 27.224194 9.651099 -0.844955 -0.339716 -0.938456 -0.043042 -0.045166
1731662364.787454128265381 27.231864 9.660925 -0.840908 -0.364729 -0.929147 -0.046548 -0.038631
1731662364.887452602386475 27.243611 9.686297 -0.812971 -0.391519 -0.918140 -0.049094 -0.036363
1731662364.987451076507568 27.242834 9.742081 -0.788414 -0.418724 -0.906287 -0.048699 -0.030687
1731662365.087449550628662 27.250246 9.782379 -0.776358 -0.446906 -0.892734 -0.050439 -0.027508
1731662365.187448024749756 27.262953 9.817560 -0.778710 -0.470481 -0.881016 -0.045687 -0.019285
1731662365.287446498870850 27.275432 9.837743 -0.765897 -0.489505 -0.870356 -0.049420 -0.020556
1731662365.387458801269531 27.277956 9.878024 -0.744296 -0.508224 -0.859594 -0.049379 -0.019168
1731662365.487457275390625 27.285039 9.909857 -0.731959 -0.528502 -0.847354 -0.048568 -0.017846
1731662365.587455987930298 27.291070 9.946056 -0.715186 -0.550641 -0.833161 -0.048832 -0.015923
1731662365.687454462051392 27.305231 9.968846 -0.704536 -0.575410 -0.815447 -0.062468 -0.006890
1731662365.787452697753906 27.306865 10.026711 -0.698581 -0.594581 -0.801555 -0.063114 0.000275
1731662365.887451171875000 27.324957 10.058217 -0.651198 -0.615848 -0.785248 -0.063814 0.006614
1731662365.987449884414673 27.341694 10.088979 -0.615338 -0.635136 -0.769583 -0.064900 0.011499
1731662366.087448358535767 27.361369 10.117359 -0.625865 -0.650235 -0.757254 -0.057222 0.022040
1731662366.187446832656860 27.373143 10.137117 -0.611025 -0.657176 -0.751329 -0.056343 0.021195
1731662366.287445068359375 27.367896 10.171197 -0.598816 -0.654841 -0.753279 -0.056815 0.022927
1731662366.387443780899048 27.354752 10.195528 -0.587880 -0.651956 -0.755417 -0.061319 0.023198
1731662366.487442255020142 27.349797 10.196051 -0.582566 -0.653229 -0.753443 -0.070674 0.024918
1731662366.587440729141235 27.333548 10.226376 -0.585157 -0.652651 -0.753545 -0.075340 0.023241
1731662366.687439203262329 27.314656 10.270368 -0.589558 -0.653685 -0.752393 -0.077941 0.022911
1731662366.787437677383423 27.298131 10.301941 -0.608328 -0.654814 -0.751447 -0.077861 0.022016
1731662366.887435913085938 27.280346 10.333759 -0.611940 -0.650093 -0.755342 -0.080199 0.020147
1731662366.987434864044189 27.261756 10.363441 -0.614361 -0.644413 -0.760282 -0.079870 0.017996
1731662367.087433099746704 27.241712 10.397989 -0.612060 -0.639317 -0.764452 -0.081332 0.016515
1731662367.187431573867798 27.224172 10.442048 -0.602837 -0.637951 -0.765402 -0.083239 0.015812
1731662367.287430286407471 27.211071 10.479786 -0.588914 -0.638094 -0.764803 -0.087348 0.016824
1731662367.387428760528564 27.192495 10.536673 -0.580670 -0.638651 -0.764337 -0.087042 0.018347
1731662367.487427234649658 27.168202 10.603884 -0.573205 -0.638277 -0.764977 -0.083545 0.020816
1731662367.587425708770752 27.144566 10.661547 -0.569980 -0.633999 -0.768369 -0.084660 0.022067
1731662367.687424182891846 27.128379 10.701103 -0.567880 -0.628369 -0.773218 -0.082521 0.021809
1731662367.787422657012939 27.134358 10.705235 -0.570262 -0.625755 -0.775581 -0.080253 0.021540
1731662367.887421131134033 27.134788 10.740829 -0.564431 -0.626770 -0.774606 -0.080768 0.024916
1731662367.987419605255127 27.150519 10.730197 -0.574271 -0.631271 -0.770365 -0.085224 0.027777
1731662368.087418079376221 27.169002 10.726958 -0.568430 -0.634983 -0.767364 -0.083511 0.031234
1731662368.187416553497314 27.174761 10.750250 -0.556245 -0.637243 -0.765447 -0.082948 0.033647
1731662368.287415027618408 27.174706 10.776963 -0.554050 -0.637117 -0.765265 -0.080992 0.043499
1731662368.387413501739502 27.176093 10.795180 -0.549305 -0.633574 -0.768164 -0.081694 0.042824
1731662368.487411975860596 27.171051 10.829142 -0.539357 -0.627214 -0.773590 -0.079525 0.042860
1731662368.587410688400269 27.181272 10.845849 -0.547337 -0.623066 -0.776653 -0.083975 0.039337
1731662368.687409162521362 27.167151 10.890857 -0.543045 -0.622165 -0.776590 -0.088360 0.044833
1731662368.787407636642456 27.157755 10.919622 -0.549440 -0.621404 -0.776875 -0.090574 0.046025
1731662368.887406110763550 27.140019 10.949362 -0.562070 -0.620088 -0.777677 -0.091423 0.048480
1731662368.987404584884644 27.124397 10.979901 -0.577238 -0.619816 -0.777881 -0.088271 0.054197
1731662369.087403059005737 27.118556 10.991893 -0.571370 -0.614482 -0.781578 -0.091305 0.056668
1731662369.187401533126831 27.112565 11.009174 -0.575427 -0.602676 -0.790822 -0.090470 0.056546
1731662369.287400007247925 27.109236 11.027901 -0.576085 -0.589496 -0.800943 -0.089628 0.054331
1731662369.387429714202881 27.101221 11.045128 -0.574284 -0.576915 -0.809188 -0.096220 0.055901
1731662369.487428665161133 27.093205 11.053212 -0.557104 -0.562654 -0.818708 -0.100094 0.055851
1731662369.587427616119385 27.086641 11.064149 -0.533575 -0.544550 -0.831026 -0.100455 0.052623
1731662369.687426805496216 27.077522 11.070584 -0.520374 -0.526577 -0.842489 -0.102192 0.049848
1731662369.787425994873047 27.060151 11.090445 -0.537734 -0.507911 -0.854635 -0.096424 0.048248
1731662369.887424945831299 27.036523 11.084726 -0.540788 -0.483322 -0.868998 -0.094919 0.047246
1731662369.987423896789551 27.022925 11.072559 -0.556454 -0.455776 -0.883983 -0.094583 0.043542
1731662370.087423086166382 27.005463 11.061375 -0.563448 -0.428005 -0.898064 -0.093208 0.040061
1731662370.187422275543213 26.980662 11.063841 -0.576839 -0.404158 -0.909374 -0.090416 0.038982
1731662370.287421226501465 26.959447 11.046083 -0.566289 -0.383585 -0.918130 -0.092224 0.037333
1731662370.387420415878296 26.947239 11.028215 -0.554781 -0.363388 -0.926510 -0.091240 0.034703
1731662370.487419605255127 26.940013 11.014190 -0.535369 -0.343687 -0.933881 -0.093210 0.032521
1731662370.587418556213379 26.912646 11.036118 -0.548090 -0.329143 -0.939463 -0.090896 0.028485
1731662370.687417745590210 26.895744 11.059469 -0.546084 -0.323464 -0.941632 -0.088809 0.028528
1731662370.787416458129883 26.890353 11.048726 -0.530863 -0.319370 -0.943077 -0.089581 0.024161
1731662370.887415885925293 26.877410 11.037060 -0.518117 -0.313822 -0.945439 -0.084558 0.022595
1731662370.987414836883545 26.858344 11.041723 -0.513552 -0.308535 -0.947595 -0.078336 0.027096
1731662371.087414026260376 26.834805 11.055667 -0.522211 -0.307607 -0.947900 -0.078273 0.027146
1731662371.187412977218628 26.808755 11.060850 -0.513197 -0.307944 -0.947854 -0.077212 0.027946
1731662371.287412166595459 26.767845 11.069325 -0.508846 -0.307867 -0.947940 -0.075932 0.029361
1731662371.387411355972290 26.741111 11.089224 -0.510328 -0.306906 -0.948454 -0.072457 0.031525
1731662371.487410545349121 26.717030 11.105379 -0.513080 -0.301847 -0.950374 -0.068662 0.031020
1731662371.587409496307373 26.702500 11.115373 -0.514605 -0.294229 -0.952993 -0.066276 0.028998
1731662371.687408447265625 26.684225 11.132365 -0.523473 -0.285119 -0.955947 -0.064718 0.026154
1731662371.787407636642456 26.657913 11.155657 -0.534417 -0.278453 -0.957903 -0.064375 0.027239
1731662371.887406587600708 26.644161 11.172496 -0.544175 -0.279719 -0.957048 -0.070173 0.029860
1731662371.987405776977539 26.626326 11.188244 -0.551562 -0.279198 -0.957137 -0.070840 0.030330
1731662372.087404727935791 26.595599 11.210182 -0.562165 -0.278004 -0.957514 -0.071166 0.028568
1731662372.187403917312622 26.570839 11.228184 -0.571693 -0.272797 -0.959304 -0.066431 0.030076
1731662372.287402868270874 26.555113 11.228707 -0.567841 -0.263382 -0.962026 -0.065848 0.028280
1731662372.387402057647705 26.539491 11.221996 -0.563965 -0.254922 -0.964442 -0.064805 0.025817
1731662372.487401247024536 26.518254 11.218297 -0.559405 -0.247456 -0.966528 -0.062150 0.026936
1731662372.587400197982788 26.508323 11.224606 -0.567781 -0.248321 -0.965665 -0.070655 0.028917
1731662372.687399387359619 26.489115 11.228735 -0.559362 -0.247961 -0.965509 -0.073689 0.029627
1731662372.787398338317871 26.469665 11.241868 -0.558332 -0.248743 -0.965122 -0.075427 0.031257
1731662372.887397527694702 26.440923 11.260099 -0.557745 -0.246740 -0.965941 -0.071222 0.031712
1731662372.987396240234375 26.417710 11.266767 -0.558992 -0.240683 -0.967621 -0.069201 0.031509
1731662373.087395668029785 26.397712 11.267199 -0.549944 -0.231620 -0.970092 -0.066547 0.029086
1731662373.187394618988037 26.366827 11.273297 -0.529973 -0.221999 -0.972530 -0.064486 0.027251
1731662373.287393808364868 26.341609 11.286841 -0.515228 -0.219519 -0.972792 -0.067166 0.031252
1731662373.387392997741699 26.318071 11.295615 -0.492940 -0.221089 -0.972195 -0.069473 0.033602
1731662373.487391948699951 26.290311 11.304543 -0.473184 -0.220518 -0.972298 -0.069476 0.034384
1731662373.587391138076782 26.261616 11.321471 -0.468617 -0.222183 -0.971802 -0.071122 0.034295
1731662373.687390089035034 26.225182 11.341953 -0.474322 -0.224065 -0.971713 -0.065167 0.036362
1731662373.787389278411865 26.206127 11.347401 -0.463872 -0.222375 -0.972156 -0.064797 0.035548
1731662373.887388229370117 26.183201 11.356510 -0.456638 -0.223432 -0.972074 -0.063323 0.033784
1731662373.987387418746948 26.163362 11.372815 -0.450636 -0.228460 -0.971119 -0.060155 0.033384
1731662374.087386369705200 26.144896 11.396412 -0.438364 -0.238314 -0.968343 -0.062697 0.039847
1731662374.187385559082031 26.126906 11.418068 -0.424453 -0.251365 -0.964624 -0.067796 0.041470
1731662374.287384510040283 26.108641 11.439062 -0.416986 -0.263116 -0.961317 -0.069449 0.042621
1731662374.387383699417114 26.093246 11.464209 -0.414198 -0.276207 -0.957546 -0.069981 0.043803
1731662374.487382888793945 26.072169 11.489152 -0.420174 -0.285235 -0.955180 -0.061278 0.050179
1731662374.587381839752197 26.063992 11.499471 -0.418224 -0.292922 -0.952992 -0.062651 0.045591
1731662374.687381029129028 26.049509 11.515881 -0.413716 -0.299747 -0.951017 -0.061558 0.043926
1731662374.787380218505859 26.035079 11.536134 -0.410806 -0.311838 -0.947254 -0.059557 0.043826
1731662374.887379169464111 26.023461 11.555670 -0.407543 -0.326046 -0.941445 -0.067432 0.053181
1731662374.987378120422363 26.010655 11.569231 -0.403862 -0.329211 -0.939774 -0.073086 0.055704
1731662375.087377309799194 25.989479 11.584789 -0.400103 -0.328079 -0.939829 -0.075725 0.057893
1731662375.187376499176025 25.963488 11.602583 -0.393207 -0.328347 -0.939445 -0.077731 0.059921
1731662375.287375450134277 25.927864 11.625208 -0.387268 -0.327900 -0.939690 -0.074822 0.062167
1731662375.387374639511108 25.900096 11.633878 -0.381640 -0.324609 -0.940562 -0.077191 0.063345
1731662375.487373828887939 25.877225 11.644240 -0.373796 -0.318782 -0.942541 -0.078566 0.061828
1731662375.587372779846191 25.854402 11.660010 -0.370526 -0.312038 -0.944992 -0.076425 0.061492
1731662375.687371730804443 25.826374 11.680977 -0.361497 -0.309644 -0.945210 -0.080937 0.064401
1731662375.787370920181274 25.799018 11.702867 -0.348430 -0.310099 -0.944600 -0.084029 0.067142
1731662375.887369871139526 25.772213 11.720167 -0.338421 -0.309399 -0.944757 -0.083806 0.068431
1731662375.987369060516357 25.742207 11.737118 -0.329867 -0.309351 -0.944594 -0.084818 0.069638
1731662376.087368011474609 25.708578 11.752661 -0.324305 -0.304850 -0.946184 -0.080563 0.072879
1731662376.187367200851440 25.680883 11.756833 -0.315486 -0.293512 -0.949699 -0.081030 0.073192
1731662376.287366390228271 25.656081 11.765679 -0.310437 -0.279889 -0.954019 -0.080448 0.070975
1731662376.387365341186523 25.627245 11.767962 -0.307910 -0.261597 -0.959351 -0.079764 0.069644
1731662376.487364530563354 25.595646 11.778201 -0.306341 -0.243934 -0.963735 -0.083298 0.069080
1731662376.587363958358765 25.598473 11.767704 -0.306323 -0.230427 -0.966529 -0.087540 0.071150
1731662376.687362670898438 25.580225 11.766379 -0.303824 -0.215402 -0.969922 -0.088801 0.070482
1731662376.787361621856689 25.567510 11.757890 -0.301999 -0.201335 -0.972673 -0.091159 0.071150
1731662376.887360811233521 25.547460 11.752190 -0.308473 -0.183861 -0.976702 -0.085178 0.070662
1731662376.987360000610352 25.520936 11.726885 -0.336220 -0.159375 -0.981251 -0.084428 0.067958
1731662377.087358951568604 25.499416 11.708497 -0.331327 -0.132387 -0.985446 -0.085762 0.063369
1731662377.187357902526855 25.479162 11.691610 -0.321576 -0.103520 -0.989051 -0.085496 0.061261
1731662377.287357091903687 25.450778 11.678338 -0.327076 -0.074147 -0.992740 -0.077122 0.054966
1731662377.387356042861938 25.438103 11.669104 -0.323581 -0.056932 -0.993960 -0.076559 0.054230
1731662377.487355232238770 25.428835 11.666304 -0.316810 -0.048478 -0.994567 -0.074447 0.054258
1731662377.587354421615601 25.413474 11.670027 -0.309900 -0.044438 -0.994949 -0.071484 0.054701
1731662377.687353610992432 25.388831 11.685006 -0.320070 -0.043262 -0.995368 -0.066553 0.054242
1731662377.787352561950684 25.361742 11.697460 -0.334798 -0.037792 -0.995870 -0.063801 0.052382
1731662377.887351512908936 25.343311 11.697996 -0.334637 -0.029505 -0.996306 -0.063555 0.049654
1731662377.987350702285767 25.310146 11.686459 -0.325902 -0.020791 -0.996764 -0.062589 0.045951
1731662378.087350130081177 25.273988 11.690532 -0.328255 -0.012328 -0.997124 -0.060017 0.044604
1731662378.187348842620850 25.238719 11.687672 -0.316322 -0.012951 -0.996466 -0.067225 0.048675
1731662378.287347793579102 25.210094 11.686411 -0.313383 -0.006970 -0.996519 -0.067641 0.048227
1731662378.387349367141724 25.177065 11.682485 -0.315717 -0.000546 -0.996378 -0.069526 0.048949
1731662378.487348079681396 25.138558 11.673536 -0.320988 0.011660 -0.996788 -0.064785 0.045615
1731662378.587347030639648 25.116207 11.664980 -0.326776 0.026358 -0.996576 -0.064359 0.044717
1731662378.687346220016479 25.097014 11.653261 -0.330267 0.042018 -0.996124 -0.064922 0.041911
1731662378.787345409393311 25.074442 11.637724 -0.328947 0.057726 -0.995459 -0.064158 0.040171
1731662378.887344360351562 25.055324 11.626950 -0.335893 0.074684 -0.994799 -0.059982 0.034645
1731662378.987343311309814 25.036084 11.617471 -0.346934 0.085054 -0.993728 -0.064373 0.033559
1731662379.087342500686646 25.016837 11.609810 -0.350182 0.093036 -0.993064 -0.064679 0.031383
1731662379.187341451644897 24.994692 11.595256 -0.343381 0.100507 -0.992191 -0.066699 0.031719
1731662379.287340641021729 24.968753 11.584929 -0.351075 0.107731 -0.991704 -0.063368 0.030015
1731662379.387339830398560 24.950661 11.567780 -0.350669 0.114964 -0.990860 -0.064805 0.027946
1731662379.487339019775391 24.935669 11.553839 -0.354347 0.125485 -0.989808 -0.062422 0.025250
1731662379.587337970733643 24.919929 11.534902 -0.348280 0.135772 -0.988759 -0.058254 0.022986
1731662379.687337160110474 24.904778 11.530230 -0.354047 0.147498 -0.987409 -0.053290 0.020696
1731662379.787336111068726 24.895374 11.518245 -0.363818 0.148676 -0.986881 -0.059101 0.021618
1731662379.887335538864136 24.869824 11.510338 -0.357585 0.148414 -0.986924 -0.059093 0.021491
1731662379.987334251403809 24.841607 11.494311 -0.348431 0.146175 -0.987122 -0.061045 0.022305
1731662380.087333202362061 24.805428 11.486971 -0.345105 0.146766 -0.987212 -0.057559 0.023646
1731662380.187332391738892 24.774707 11.477293 -0.348461 0.151040 -0.986657 -0.056888 0.021394
1731662380.287331581115723 24.749442 11.470277 -0.347115 0.157224 -0.985767 -0.056212 0.019607
1731662380.387330770492554 24.720072 11.459178 -0.342928 0.163941 -0.984987 -0.051409 0.016749
1731662380.487329721450806 24.691910 11.460328 -0.346139 0.169178 -0.984215 -0.048666 0.018223
1731662380.587328910827637 24.665586 11.456201 -0.343860 0.169499 -0.983914 -0.052450 0.020772
1731662380.687327861785889 24.639071 11.451384 -0.342887 0.170908 -0.983645 -0.052201 0.022524
1731662380.787327051162720 24.613110 11.442458 -0.340009 0.173226 -0.983133 -0.053185 0.024753
1731662380.887326002120972 24.599274 11.434147 -0.338643 0.176743 -0.982636 -0.049650 0.026902
1731662380.987325191497803 24.575731 11.417960 -0.339270 0.184038 -0.981301 -0.050279 0.025496
1731662381.087324142456055 24.552936 11.403027 -0.330974 0.192248 -0.979693 -0.051722 0.023805
1731662381.187323331832886 24.529863 11.381601 -0.326241 0.198173 -0.978558 -0.051081 0.023292
1731662381.287322282791138 24.504535 11.359108 -0.324000 0.203447 -0.977712 -0.046570 0.022803
1731662381.387321710586548 24.479095 11.330665 -0.327866 0.203700 -0.977278 -0.052959 0.025088
1731662381.487320661544800 24.449894 11.310329 -0.319546 0.203962 -0.977098 -0.054624 0.026353
1731662381.587319612503052 24.420959 11.293395 -0.319525 0.204358 -0.976763 -0.058060 0.028294
1731662381.687318801879883 24.412425 11.285311 -0.324112 0.208657 -0.976064 -0.053214 0.030497
1731662381.787317752838135 24.399744 11.275800 -0.321988 0.216290 -0.974568 -0.051104 0.028704
1731662381.887316942214966 24.393631 11.266074 -0.321780 0.222802 -0.973302 -0.048396 0.026455
1731662381.987315893173218 24.375112 11.252390 -0.320117 0.228178 -0.972258 -0.045268 0.024489
1731662382.087315082550049 24.357723 11.243272 -0.322175 0.229831 -0.971881 -0.044139 0.026023
1731662382.187314033508301 24.339978 11.232499 -0.317155 0.229437 -0.971845 -0.045862 0.027783
1731662382.287313222885132 24.323664 11.221595 -0.310586 0.228612 -0.972018 -0.045626 0.028907
1731662382.387312412261963 24.318996 11.222264 -0.313840 0.228158 -0.972007 -0.047063 0.030520
1731662382.487311601638794 24.318771 11.219396 -0.315057 0.232767 -0.971019 -0.042779 0.033350
1731662382.587310791015625 24.314498 11.223907 -0.325804 0.239882 -0.969319 -0.044071 0.030564
1731662382.687309741973877 24.305614 11.216296 -0.323838 0.243963 -0.968521 -0.040338 0.028672
1731662382.787308692932129 24.301810 11.216703 -0.324997 0.249409 -0.966998 -0.042157 0.030547
1731662382.887307882308960 24.298491 11.215306 -0.323729 0.256109 -0.965283 -0.041497 0.030243
1731662382.987306833267212 24.296184 11.213833 -0.323482 0.266644 -0.962419 -0.041672 0.030244
1731662383.087306022644043 24.292486 11.209800 -0.322572 0.280376 -0.958340 -0.044730 0.031182
1731662383.187305212020874 24.283116 11.200696 -0.325959 0.298176 -0.953064 -0.041935 0.031661
1731662383.287304162979126 24.278655 11.190766 -0.324544 0.315875 -0.947355 -0.042441 0.030656
1731662383.387303352355957 24.275893 11.172264 -0.330220 0.335798 -0.940402 -0.044454 0.030124
1731662383.487302303314209 24.279470 11.155335 -0.328753 0.354409 -0.933513 -0.046002 0.028854
1731662383.587301492691040 24.272834 11.145084 -0.330380 0.364154 -0.929755 -0.048411 0.024572
1731662383.687300682067871 24.262505 11.135198 -0.330629 0.364786 -0.929477 -0.048811 0.024920
1731662383.787299633026123 24.253103 11.126603 -0.331938 0.365034 -0.929262 -0.050521 0.025881
1731662383.887298583984375 24.242366 11.118402 -0.336601 0.367487 -0.928477 -0.047065 0.025849
1731662383.987297773361206 24.241193 11.104653 -0.339153 0.372927 -0.926373 -0.046640 0.024148
1731662384.087296962738037 24.241538 11.094333 -0.335323 0.376824 -0.924909 -0.045454 0.021922
1731662384.187295913696289 24.239090 11.086070 -0.333863 0.381669 -0.923106 -0.042268 0.020421
1731662384.287294864654541 24.231619 11.078932 -0.335683 0.386339 -0.921359 -0.038404 0.019076
1731662384.387294292449951 24.221713 11.072048 -0.340702 0.385760 -0.921400 -0.041515 0.022075
1731662384.487293243408203 24.212206 11.066951 -0.340864 0.385195 -0.921652 -0.040517 0.023251
1731662384.587292194366455 24.202739 11.061262 -0.338956 0.383437 -0.922370 -0.039911 0.024855
1731662384.687291383743286 24.193821 11.057880 -0.340347 0.383931 -0.922350 -0.034431 0.026111
1731662384.787290573120117 24.186367 11.048778 -0.342112 0.389438 -0.920114 -0.032349 0.026115
1731662384.887289524078369 24.185087 11.055768 -0.340950 0.395096 -0.917755 -0.031591 0.025042
1731662384.987288713455200 24.184855 11.058987 -0.346132 0.397483 -0.916947 -0.027018 0.022043
1731662385.087287664413452 24.188012 11.065647 -0.347971 0.401798 -0.915095 -0.026068 0.021935
1731662385.187286853790283 24.193409 11.070370 -0.348274 0.405378 -0.913535 -0.025695 0.021504
1731662385.287285804748535 24.198895 11.072950 -0.349257 0.407593 -0.912599 -0.024736 0.020462
1731662385.387284994125366 24.203189 11.073818 -0.348938 0.410188 -0.911502 -0.023057 0.019449
1731662385.487284183502197 24.206557 11.073704 -0.348130 0.412753 -0.910426 -0.020492 0.018436
1731662385.587283134460449 24.209067 11.072981 -0.347493 0.415024 -0.909481 -0.017350 0.017252
1731662385.687282085418701 24.210754 11.071900 -0.346764 0.416822 -0.908740 -0.013939 0.016016
1731662385.787281036376953 24.211506 11.070467 -0.346048 0.418155 -0.908193 -0.010672 0.014765
1731662385.887280464172363 24.211948 11.069554 -0.345190 0.418995 -0.907853 -0.007842 0.013614
1731662385.987279415130615 24.211547 11.069173 -0.344991 0.419531 -0.907638 -0.005376 0.012550
1731662386.087278604507446 24.211032 11.068838 -0.344838 0.419917 -0.907480 -0.003670 0.011691
1731662386.187277555465698 24.210464 11.068600 -0.344821 0.420003 -0.907453 -0.002522 0.011006
1731662386.287276744842529 24.209965 11.068379 -0.345209 0.420080 -0.907423 -0.001913 0.010605
1731662386.387275695800781 24.209411 11.068200 -0.345921 0.420239 -0.907350 -0.001976 0.010554
1731662386.487275123596191 24.208457 11.068445 -0.346836 0.420597 -0.907181 -0.002635 0.010650
1731662386.587274074554443 24.207969 11.068215 -0.347312 0.420780 -0.907090 -0.003574 0.010917
1731662386.687273025512695 24.205775 11.065074 -0.349679 0.419133 -0.907836 -0.005914 0.011258
1731662386.787272214889526 24.197614 11.058030 -0.351454 0.415586 -0.909422 -0.007516 0.013569
1731662386.887271165847778 24.177672 11.049562 -0.352971 0.414055 -0.910086 -0.007502 0.015661
1731662386.987270355224609 24.149586 11.033778 -0.353938 0.412377 -0.910797 -0.008213 0.018100
1731662387.087269306182861 24.115792 11.008459 -0.353783 0.412307 -0.910792 -0.006491 0.020483
1731662387.187268495559692 24.086071 10.972605 -0.360105 0.417065 -0.908677 -0.005313 0.018279
1731662387.287267446517944 24.056268 10.931305 -0.358890 0.422843 -0.905993 -0.008723 0.017423
1731662387.387266635894775 24.028883 10.884498 -0.353695 0.429205 -0.903012 -0.010695 0.015435
1731662387.487265586853027 23.982945 10.830287 -0.356999 0.429463 -0.902716 -0.014295 0.021448
1731662387.587264776229858 23.949986 10.781892 -0.356023 0.428478 -0.902990 -0.019363 0.025321
1731662387.687263965606689 23.915036 10.741163 -0.355382 0.428604 -0.902868 -0.020178 0.026842
1731662387.787262916564941 23.868072 10.687984 -0.354115 0.429718 -0.902434 -0.016580 0.026063
1731662387.887262105941772 23.824304 10.638399 -0.363996 0.436903 -0.898979 -0.014764 0.027087
1731662387.987261295318604 23.789254 10.598677 -0.360193 0.443945 -0.895537 -0.015161 0.026391
1731662388.087260246276855 23.749011 10.546102 -0.357774 0.450538 -0.892301 -0.015376 0.024044
1731662388.187259197235107 23.713491 10.510269 -0.360296 0.452142 -0.891396 -0.017015 0.026282
1731662388.287258386611938 23.676126 10.477400 -0.360487 0.450968 -0.891885 -0.019218 0.028268
1731662388.387257575988770 23.631259 10.434579 -0.360339 0.448575 -0.893084 -0.019369 0.028390
1731662388.487256526947021 23.601543 10.396139 -0.359386 0.448143 -0.893342 -0.017989 0.028011
1731662388.587255716323853 23.574861 10.360609 -0.368900 0.453888 -0.890520 -0.016995 0.025918
1731662388.687254667282104 23.546367 10.308879 -0.366716 0.457326 -0.888758 -0.019161 0.024397
1731662388.787253856658936 23.513191 10.262974 -0.368196 0.461692 -0.886568 -0.019486 0.021419
1731662388.887252807617188 23.472168 10.216496 -0.375415 0.455963 -0.889520 -0.020654 0.020635
1731662388.987251996994019 23.435778 10.191796 -0.373404 0.444064 -0.895402 -0.023362 0.022710
1731662389.087250947952271 23.408612 10.185662 -0.369566 0.433853 -0.900449 -0.020399 0.023372
1731662389.187250137329102 23.365278 10.142475 -0.379476 0.423038 -0.905609 -0.019877 0.022710
1731662389.287249088287354 23.337435 10.123660 -0.383815 0.416305 -0.908803 -0.019992 0.019147
1731662389.387248277664185 23.304047 10.110053 -0.376837 0.407722 -0.912787 -0.018114 0.015973
1731662389.487247467041016 23.263543 10.085590 -0.376476 0.398463 -0.916952 -0.016690 0.012141
1731662389.587246417999268 23.219960 10.058599 -0.379251 0.390060 -0.920441 -0.019117 0.016628
1731662389.687245607376099 23.192600 10.045767 -0.379786 0.386573 -0.921861 -0.020201 0.018018
1731662389.787244558334351 23.154726 10.025165 -0.382308 0.385676 -0.922312 -0.017646 0.016850
1731662389.887243747711182 23.112140 9.997093 -0.380759 0.385172 -0.922569 -0.015037 0.016799
1731662389.987242698669434 23.073501 9.966178 -0.387739 0.390645 -0.920390 -0.011811 0.011807
1731662390.087241888046265 23.046519 9.941590 -0.386730 0.395734 -0.918237 -0.012045 0.009447
1731662390.187241077423096 22.988640 9.898901 -0.383020 0.400425 -0.916204 -0.013972 0.005918
1731662390.287240028381348 22.953826 9.865683 -0.387343 0.397671 -0.917367 -0.014440 0.009296
1731662390.387241840362549 22.917440 9.842239 -0.385093 0.394879 -0.918532 -0.016060 0.010568
1731662390.487240552902222 22.881332 9.806855 -0.379645 0.393314 -0.919220 -0.015406 0.010045
1731662390.587239742279053 22.842941 9.767918 -0.381391 0.397178 -0.917584 -0.011572 0.012461
1731662390.687238693237305 22.819964 9.741445 -0.378208 0.403261 -0.914996 -0.009444 0.008526
1731662390.787237882614136 22.804109 9.715441 -0.372648 0.407688 -0.913055 -0.009401 0.005707
1731662390.887236833572388 22.781915 9.676988 -0.375444 0.411399 -0.911407 -0.008274 0.004394
1731662390.987236022949219 22.756772 9.652451 -0.376932 0.408022 -0.912856 -0.011755 0.008570
1731662391.087234973907471 22.745728 9.639990 -0.380326 0.405870 -0.913791 -0.012728 0.009688
1731662391.187234163284302 22.730243 9.606408 -0.385091 0.407569 -0.913031 -0.011632 0.011252
1731662391.287233114242554 22.721112 9.574084 -0.386864 0.415203 -0.909624 -0.010253 0.009311
1731662391.387232303619385 22.722071 9.559532 -0.382044 0.420695 -0.907140 -0.008187 0.006832
1731662391.487231492996216 22.713895 9.541140 -0.382927 0.427655 -0.903903 -0.007963 0.002654
1731662391.587230682373047 22.703958 9.518186 -0.386272 0.428004 -0.903716 -0.009742 0.003941
1731662391.687229633331299 22.701353 9.504811 -0.380744 0.425070 -0.905074 -0.011718 0.004446
1731662391.787228584289551 22.695001 9.486930 -0.374544 0.419765 -0.907536 -0.012807 0.003439
1731662391.887227535247803 22.687895 9.473025 -0.379095 0.415219 -0.909633 -0.012193 0.003336
1731662391.987226724624634 22.678882 9.465462 -0.389348 0.412838 -0.910730 -0.011571 -0.001581
1731662392.087225914001465 22.670409 9.453345 -0.399012 0.409168 -0.912377 -0.010845 -0.005664
1731662392.187224864959717 22.657470 9.438675 -0.404150 0.405324 -0.914098 -0.010103 -0.005948
1731662392.287224054336548 22.649869 9.432072 -0.402338 0.400318 -0.916275 -0.012936 -0.004321
1731662392.387223243713379 22.643094 9.428560 -0.395166 0.396611 -0.917876 -0.013210 -0.005389
1731662392.487222194671631 22.633985 9.425337 -0.393942 0.394441 -0.918813 -0.012701 -0.006098
1731662392.587221622467041 22.622807 9.409509 -0.396959 0.398304 -0.917157 -0.011980 -0.005862
1731662392.687220573425293 22.620543 9.409832 -0.402430 0.403913 -0.914684 -0.009783 -0.010579
1731662392.787219524383545 22.611948 9.402928 -0.404063 0.408657 -0.912528 -0.008715 -0.014699
1731662392.887218475341797 22.596776 9.390613 -0.401481 0.408418 -0.912656 -0.010641 -0.011849
1731662392.987217664718628 22.582744 9.387800 -0.387490 0.404043 -0.914585 -0.013149 -0.010538
1731662393.087216854095459 22.572559 9.378031 -0.380463 0.402917 -0.915069 -0.013368 -0.011280
1731662393.187215805053711 22.559878 9.353949 -0.385912 0.407079 -0.913168 -0.017808 -0.009713
1731662393.287214994430542 22.551056 9.359154 -0.394316 0.411488 -0.911156 -0.015539 -0.015197
1731662393.387214183807373 22.541939 9.351742 -0.397391 0.415008 -0.909500 -0.013701 -0.019751
1731662393.487213134765625 22.521649 9.336119 -0.400521 0.416768 -0.908717 -0.012636 -0.019443
1731662393.587212085723877 22.511164 9.329467 -0.392973 0.414493 -0.909726 -0.016685 -0.017763
1731662393.687211275100708 22.505463 9.322483 -0.389812 0.414054 -0.909904 -0.017398 -0.018210
1731662393.787210464477539 22.497249 9.310199 -0.393502 0.417100 -0.908561 -0.016991 -0.015991
1731662393.887209415435791 22.488592 9.309408 -0.395674 0.424639 -0.905041 -0.014796 -0.019036
1731662393.987208366394043 22.474978 9.302928 -0.403790 0.430885 -0.902019 -0.013686 -0.022622
1731662394.087207794189453 22.457126 9.293660 -0.409807 0.433856 -0.900603 -0.011849 -0.023294
1731662394.187206745147705 22.445063 9.289379 -0.395088 0.432427 -0.901311 -0.014499 -0.020872
1731662394.287205696105957 22.434856 9.276399 -0.385033 0.432973 -0.901024 -0.016499 -0.020450
1731662394.387209892272949 22.422544 9.265779 -0.382200 0.436409 -0.899435 -0.016004 -0.017569
1731662394.487208843231201 22.405864 9.263559 -0.400115 0.443141 -0.896035 -0.018494 -0.020138
1731662394.587208271026611 22.393101 9.250605 -0.397732 0.445100 -0.894992 -0.017207 -0.024065
1731662394.687207221984863 22.371886 9.239520 -0.390850 0.444021 -0.895563 -0.016243 -0.023396
1731662394.787206411361694 22.345944 9.235638 -0.369509 0.435211 -0.899983 -0.018029 -0.017220
1731662394.887205839157104 22.328251 9.223864 -0.351884 0.429230 -0.902808 -0.021888 -0.014814
1731662394.987205028533936 22.308902 9.210505 -0.343094 0.423012 -0.905704 -0.023094 -0.015066
1731662395.087203979492188 22.288192 9.207779 -0.332631 0.417774 -0.908286 -0.018889 -0.011181
1731662395.187203168869019 22.265905 9.205543 -0.317075 0.413461 -0.910269 -0.015749 -0.014551
1731662395.287202358245850 22.235217 9.203129 -0.301500 0.407770 -0.912820 -0.012821 -0.017864
1731662395.387201786041260 22.190541 9.204460 -0.265227 0.395525 -0.918341 -0.010650 -0.009805
1731662395.487200975418091 22.153322 9.205486 -0.239267 0.385865 -0.922422 -0.014873 -0.005038
1731662395.587200164794922 22.118316 9.211395 -0.229504 0.382081 -0.924005 -0.014829 -0.003156
1731662395.687199115753174 22.080221 9.203424 -0.213739 0.382126 -0.924005 -0.013780 -0.002143
1731662395.787198305130005 22.063403 9.190505 -0.215780 0.387311 -0.921855 -0.013129 -0.000440
1731662395.887197732925415 22.069513 9.187225 -0.232698 0.390189 -0.920649 -0.012519 -0.000626
1731662395.987196922302246 22.081443 9.160717 -0.243907 0.396069 -0.918135 -0.012456 -0.001589
1731662396.087196111679077 22.080175 9.146462 -0.236050 0.397740 -0.917359 -0.014011 0.007656
1731662396.187195301055908 22.068947 9.154465 -0.241185 0.396450 -0.917798 -0.017505 0.012954
1731662396.287194252014160 22.066207 9.152471 -0.250702 0.395977 -0.917932 -0.018903 0.015660
1731662396.387193679809570 22.058960 9.132279 -0.249662 0.397940 -0.917087 -0.017576 0.016905
1731662396.487192869186401 22.046640 9.115922 -0.244047 0.402544 -0.915106 -0.017571 0.015167
1731662396.587192058563232 22.031522 9.109259 -0.246219 0.405043 -0.914024 -0.017722 0.013652
1731662396.687191247940063 22.015539 9.093434 -0.247740 0.409462 -0.912092 -0.017242 0.011479
1731662396.787190437316895 21.997062 9.076272 -0.247652 0.408848 -0.912225 -0.018336 0.018768
1731662396.887189388275146 21.982987 9.063941 -0.246482 0.408495 -0.912232 -0.022016 0.021881
1731662396.987188816070557 21.969829 9.041434 -0.245355 0.409237 -0.911831 -0.023611 0.023058
1731662397.087188005447388 21.955020 9.015422 -0.247638 0.412967 -0.910121 -0.023774 0.023950
1731662397.187187194824219 21.946026 8.996768 -0.246039 0.419194 -0.907367 -0.021520 0.022327
1731662397.287186384201050 21.937301 8.979998 -0.245906 0.422792 -0.905748 -0.021560 0.020044
1731662397.387185573577881 21.923028 8.952442 -0.244917 0.428173 -0.903258 -0.021017 0.018760
1731662397.487184524536133 21.903131 8.913222 -0.248182 0.429596 -0.902415 -0.023434 0.023364
1731662397.587183952331543 21.888042 8.892399 -0.245595 0.429527 -0.902233 -0.027513 0.026911
1731662397.687183141708374 21.871374 8.860313 -0.243940 0.431061 -0.901476 -0.027860 0.027399
1731662397.787182331085205 21.855053 8.824594 -0.249842 0.433565 -0.900117 -0.029783 0.030404
1731662397.887181520462036 21.832325 8.801223 -0.251844 0.440160 -0.897109 -0.027342 0.026598
1731662397.987180709838867 21.818753 8.773430 -0.249869 0.445641 -0.894495 -0.026681 0.023903
1731662398.087179660797119 21.794407 8.737704 -0.247568 0.450044 -0.892377 -0.025435 0.021859
1731662398.187179088592529 21.774822 8.711536 -0.251643 0.448648 -0.892900 -0.026695 0.027054
1731662398.287178277969360 21.756865 8.682947 -0.249256 0.447247 -0.893500 -0.028595 0.028465
1731662398.387175321578979 21.741568 8.655832 -0.250172 0.447181 -0.893523 -0.028506 0.028860
1731662398.487174510955811 21.714458 8.629478 -0.253152 0.450179 -0.892279 -0.019994 0.027878
1731662398.587173700332642 21.694635 8.602041 -0.253598 0.456967 -0.888944 -0.017292 0.025726
1731662398.687172651290894 21.683761 8.588826 -0.259295 0.462518 -0.886152 -0.016546 0.023194
1731662398.787171840667725 21.646911 8.545376 -0.257171 0.467534 -0.883508 -0.017272 0.022977
1731662398.887171030044556 21.629678 8.517371 -0.254595 0.466596 -0.883813 -0.021184 0.026711
1731662398.987170219421387 21.615539 8.490680 -0.252552 0.466169 -0.883952 -0.022573 0.028392
1731662399.087169647216797 21.608208 8.472264 -0.251559 0.468352 -0.882847 -0.021317 0.027817
1731662399.187168598175049 21.600050 8.436143 -0.250511 0.472768 -0.880401 -0.018881 0.032053
1731662399.287167787551880 21.596990 8.427006 -0.251668 0.476896 -0.878293 -0.016189 0.030140
1731662399.387167215347290 21.594873 8.415040 -0.251779 0.481710 -0.875782 -0.015281 0.026983
1731662399.487166404724121 21.577414 8.372428 -0.245850 0.484410 -0.874249 -0.013653 0.029133
1731662399.587165594100952 21.567565 8.349879 -0.239946 0.482845 -0.874936 -0.017596 0.032219
1731662399.687164783477783 21.555004 8.357065 -0.243537 0.479849 -0.876550 -0.019339 0.032119
1731662399.787163734436035 21.538057 8.345933 -0.243322 0.479718 -0.876727 -0.017957 0.029963
1731662399.887162923812866 21.527882 8.326555 -0.241808 0.483867 -0.874380 -0.014861 0.033336
1731662399.987162113189697 21.522522 8.311408 -0.244751 0.488273 -0.872044 -0.012991 0.030982
1731662400.087161302566528 21.514609 8.310488 -0.248400 0.492822 -0.869621 -0.012597 0.026973
1731662400.187160491943359 21.496091 8.286880 -0.248681 0.494103 -0.868746 -0.012652 0.031340
1731662400.287159919738770 21.480815 8.289964 -0.249628 0.491630 -0.869970 -0.015529 0.034793
1731662400.387159109115601 21.470025 8.272146 -0.246787 0.491029 -0.870283 -0.016171 0.035158
1731662400.487158298492432 21.456157 8.275157 -0.252115 0.491362 -0.870099 -0.009880 0.037325
1731662400.587157487869263 21.446406 8.267932 -0.263501 0.495322 -0.867801 -0.010274 0.038370
1731662400.687156677246094 21.437841 8.243369 -0.265544 0.502247 -0.863929 -0.008737 0.036046
1731662400.787155866622925 21.425927 8.224593 -0.266050 0.508393 -0.860435 -0.008611 0.033370
1731662400.887155055999756 21.407872 8.203317 -0.261541 0.508799 -0.859801 -0.009969 0.042032
1731662400.987154006958008 21.404767 8.182150 -0.255789 0.510170 -0.858898 -0.011304 0.043522
1731662401.087153196334839 21.397065 8.164478 -0.252820 0.511845 -0.857914 -0.011436 0.043213
1731662401.187152624130249 21.383885 8.154293 -0.259391 0.514322 -0.856391 -0.001972 0.045424
1731662401.287151813507080 21.376500 8.143688 -0.255914 0.518277 -0.854006 -0.000551 0.045407
1731662401.387151002883911 21.368917 8.130267 -0.248857 0.522166 -0.851749 0.000710 0.043198
1731662401.487150192260742 21.362611 8.101226 -0.242799 0.528105 -0.848158 0.000121 0.041632
1731662401.587149381637573 21.350338 8.078113 -0.241511 0.527791 -0.848138 -0.002031 0.045768
1731662401.687148571014404 21.343709 8.062959 -0.237550 0.529355 -0.847156 -0.003454 0.045797
1731662401.787147760391235 21.332685 8.048222 -0.236428 0.532175 -0.845493 -0.002373 0.043879
1731662401.887146949768066 21.319573 8.034940 -0.235307 0.537940 -0.841615 0.001212 0.047990
1731662401.987146139144897 21.312251 8.028766 -0.238407 0.545846 -0.836535 0.001964 0.047515
1731662402.087145328521729 21.316367 8.028505 -0.234185 0.557312 -0.829047 0.001925 0.045608
1731662402.187144517898560 21.307290 8.003798 -0.240414 0.569170 -0.820988 0.000611 0.044977
1731662402.287143707275391 21.309600 7.991019 -0.237902 0.577297 -0.814997 0.000617 0.050076
1731662402.387140035629272 21.305444 7.969693 -0.237406 0.584910 -0.809468 -0.001342 0.051386
1731662402.487139225006104 21.304799 7.942765 -0.233886 0.592701 -0.803864 -0.000282 0.050081
1731662402.587138414382935 21.305560 7.908766 -0.216414 0.603178 -0.795725 0.007065 0.054287
1731662402.687137603759766 21.306417 7.882377 -0.208671 0.614793 -0.786885 0.009897 0.052377
1731662402.787136554718018 21.309842 7.866956 -0.218126 0.628045 -0.776449 0.008314 0.051154
1731662402.887135744094849 21.308122 7.838614 -0.229587 0.640150 -0.766486 0.006885 0.051560
1731662402.987134933471680 21.308610 7.815491 -0.228915 0.646543 -0.760869 0.006128 0.054974
1731662403.087134122848511 21.313324 7.785772 -0.223080 0.652603 -0.755773 0.005831 0.053684
1731662403.187133550643921 21.316951 7.759803 -0.221361 0.656316 -0.752675 0.007910 0.051645
1731662403.287132501602173 21.318562 7.730311 -0.226695 0.660204 -0.749011 0.012733 0.054312
1731662403.387131690979004 21.324753 7.696876 -0.221414 0.664727 -0.745168 0.014522 0.051497
1731662403.487130880355835 21.330210 7.664456 -0.215597 0.670428 -0.740266 0.015017 0.048036
1731662403.587130069732666 21.327159 7.629174 -0.210153 0.673951 -0.737205 0.014275 0.045999
1731662403.687129259109497 21.321944 7.610126 -0.212199 0.673512 -0.737180 0.014412 0.052351
1731662403.787128686904907 21.325832 7.563180 -0.202748 0.673900 -0.736871 0.013857 0.051834
1731662403.887127637863159 21.324732 7.522660 -0.199001 0.674304 -0.736675 0.016558 0.048487
1731662403.987126588821411 21.324556 7.488533 -0.200847 0.677899 -0.733032 0.021855 0.051379
1731662404.087125778198242 21.330125 7.446517 -0.202567 0.685008 -0.726628 0.023968 0.046925
1731662404.187124967575073 21.337006 7.407791 -0.205405 0.693763 -0.718481 0.022480 0.044411
1731662404.287124156951904 21.342442 7.358524 -0.194431 0.698980 -0.713189 0.020672 0.048581
1731662404.387123346328735 21.338876 7.328720 -0.184257 0.697644 -0.714058 0.020591 0.054692
1731662404.487122535705566 21.336443 7.297988 -0.176126 0.696495 -0.715099 0.020456 0.055768
1731662404.587121725082397 21.336219 7.262265 -0.173263 0.696820 -0.714938 0.023149 0.052625
1731662404.687120914459229 21.337742 7.228487 -0.170907 0.700771 -0.710449 0.029634 0.057472
1731662404.787120103836060 21.346574 7.184956 -0.163657 0.705371 -0.706016 0.031391 0.054851
1731662404.887119054794312 21.354770 7.145405 -0.163241 0.712596 -0.699032 0.031364 0.050773
1731662404.987118244171143 21.364266 7.098822 -0.159617 0.717642 -0.693404 0.034205 0.054869
1731662405.087117671966553 21.362959 7.061373 -0.139416 0.714883 -0.695695 0.037442 0.059573
1731662405.187116622924805 21.364288 7.019408 -0.126977 0.713940 -0.696695 0.039090 0.058122
1731662405.287115812301636 21.370608 6.961197 -0.115589 0.713531 -0.697003 0.045569 0.054625
1731662405.387115001678467 21.372334 6.932927 -0.105084 0.712246 -0.696418 0.062282 0.061880
1731662405.487114191055298 21.375830 6.904031 -0.097192 0.708535 -0.699414 0.070563 0.061799
1731662405.587113380432129 21.370784 6.870766 -0.093534 0.704833 -0.702996 0.077988 0.054084
1731662405.687112331390381 21.372947 6.818062 -0.072897 0.696229 -0.711207 0.077181 0.059103
1731662405.787111759185791 21.354176 6.792800 -0.064659 0.680281 -0.726276 0.079082 0.059048
1731662405.887110948562622 21.342430 6.746559 -0.049883 0.665417 -0.740094 0.081322 0.053550
1731662405.987110137939453 21.320726 6.721071 -0.046751 0.648543 -0.754593 0.087236 0.048694
1731662406.087109088897705 21.305182 6.698243 -0.051419 0.634921 -0.765379 0.091614 0.051734
1731662406.187108278274536 21.283816 6.672105 -0.050312 0.622097 -0.775978 0.091242 0.050290
1731662406.287107467651367 21.265951 6.646719 -0.049382 0.618171 -0.779056 0.095173 0.043330
1731662406.387106657028198 21.251156 6.605397 -0.040467 0.616253 -0.781188 0.090901 0.041412
1731662406.487105846405029 21.232330 6.567706 -0.025538 0.615558 -0.781128 0.093813 0.046117
1731662406.587105035781860 21.215197 6.530323 -0.022675 0.617064 -0.779892 0.096585 0.040892
1731662406.687104225158691 21.201193 6.485788 -0.015144 0.617850 -0.779295 0.097663 0.037714
1731662406.787103414535522 21.196972 6.438867 -0.005745 0.621685 -0.775721 0.098482 0.045448
1731662406.887102603912354 21.180775 6.396507 -0.006604 0.624698 -0.773649 0.095532 0.045750
1731662406.987101793289185 21.173918 6.354750 -0.009349 0.627700 -0.771337 0.096283 0.041976
1731662407.087100744247437 21.160230 6.295497 0.003826 0.631207 -0.768963 0.089712 0.047176
1731662407.187100172042847 21.155381 6.256307 0.022450 0.630793 -0.768477 0.092761 0.054212
1731662407.287099361419678 21.138926 6.221530 0.038973 0.629755 -0.769510 0.091773 0.053299
1731662407.387098550796509 21.127754 6.182904 0.035497 0.628822 -0.770278 0.093612 0.049917
1731662407.487097740173340 21.118461 6.130348 0.058999 0.631320 -0.767307 0.096293 0.058340
1731662407.587096691131592 21.104427 6.090395 0.064741 0.633701 -0.765473 0.093613 0.060921
1731662407.687095880508423 21.102353 6.065507 0.061436 0.637062 -0.762747 0.094529 0.058600
1731662407.787095069885254 21.107583 6.029674 0.067544 0.642011 -0.759005 0.089857 0.060488
1731662407.887094259262085 21.094426 5.985715 0.080768 0.641043 -0.759056 0.090566 0.068520
1731662407.987093448638916 21.083606 5.943399 0.095147 0.641233 -0.759131 0.090280 0.066258
1731662408.087092638015747 21.075924 5.905218 0.097446 0.640910 -0.759493 0.093120 0.061105
1731662408.187091827392578 21.056418 5.844794 0.127261 0.643745 -0.754717 0.104872 0.070689
1731662408.287090778350830 21.050014 5.823453 0.128727 0.646024 -0.752956 0.102910 0.071550
1731662408.387090206146240 21.035831 5.792492 0.135243 0.640664 -0.757541 0.106214 0.066324
1731662408.487089395523071 21.012404 5.753074 0.141434 0.634274 -0.763881 0.100621 0.063705
1731662408.587088346481323 20.988664 5.725103 0.150685 0.617773 -0.777053 0.099132 0.068682
1731662408.687087535858154 20.963807 5.694727 0.154851 0.593980 -0.795615 0.100719 0.063558
1731662408.787086963653564 20.941297 5.672747 0.170115 0.570478 -0.812359 0.105570 0.059020
1731662408.887085914611816 20.923108 5.653045 0.161140 0.550846 -0.826546 0.100375 0.057581
1731662408.987085103988647 20.901512 5.636227 0.159374 0.540706 -0.833452 0.099739 0.055199
1731662409.087084293365479 20.885024 5.619884 0.163066 0.536144 -0.836411 0.102903 0.048749
1731662409.187083482742310 20.875543 5.595709 0.164100 0.531997 -0.839706 0.101015 0.040858
1731662409.287082672119141 20.855228 5.580179 0.167094 0.522953 -0.845706 0.095982 0.045699
1731662409.387082099914551 20.838670 5.564028 0.171614 0.514102 -0.851425 0.095055 0.041702
1731662409.487081050872803 20.803827 5.537799 0.180434 0.508332 -0.854891 0.096604 0.037789
1731662409.587080240249634 20.792601 5.510809 0.196419 0.509770 -0.853255 0.101762 0.041659
1731662409.687079429626465 20.771182 5.463663 0.196796 0.512079 -0.852652 0.093904 0.044074
1731662409.787078380584717 20.759097 5.425969 0.202258 0.517447 -0.849765 0.092803 0.039189
1731662409.887077569961548 20.731802 5.379509 0.214477 0.524169 -0.846406 0.086636 0.036570
1731662409.987076759338379 20.708135 5.336982 0.224729 0.521678 -0.847978 0.082128 0.045177
1731662410.087075948715210 20.690902 5.303358 0.234113 0.519826 -0.849287 0.079970 0.045798
1731662410.187075138092041 20.676834 5.265637 0.238681 0.519602 -0.849494 0.081275 0.042054
1731662410.287074327468872 20.664843 5.219490 0.256663 0.522342 -0.846809 0.087363 0.049412
1731662410.387073516845703 20.625940 5.180315 0.257683 0.524267 -0.846086 0.080224 0.053355
1731662410.487072706222534 20.605530 5.156862 0.263316 0.518118 -0.850315 0.078418 0.048672
1731662410.587071895599365 20.570386 5.134670 0.264300 0.509618 -0.855929 0.075070 0.045159
1731662410.687071084976196 20.506859 5.117044 0.260061 0.489769 -0.868141 0.068053 0.042726
1731662410.787070035934448 20.464281 5.099164 0.267020 0.465726 -0.881459 0.065563 0.042778
1731662410.887069463729858 20.423323 5.086099 0.274167 0.442743 -0.893211 0.067796 0.039447
1731662410.987068414688110 20.389648 5.067311 0.279887 0.421945 -0.902930 0.072074 0.038531
1731662411.087067604064941 20.359582 5.048267 0.278079 0.408632 -0.909071 0.070578 0.040362
1731662411.287065744400024 20.302912 5.028299 0.284550 0.387034 -0.918618 0.071910 0.034280
1731662411.387065172195435 20.287472 4.988933 0.285540 0.380819 -0.921868 0.067150 0.025045
1731662411.487064361572266 20.251674 4.974518 0.286949 0.364571 -0.928804 0.062096 0.023542
1731662411.587063550949097 20.222613 4.964039 0.289051 0.349135 -0.934890 0.060622 0.020237
1731662411.687062740325928 20.186307 4.944106 0.287434 0.334971 -0.939814 0.064755 0.018738
1731662411.787061929702759 20.154046 4.923173 0.286991 0.327838 -0.942153 0.065879 0.023006
1731662411.887060880661011 20.116834 4.912256 0.285089 0.319796 -0.944924 0.066602 0.020350
1731662411.987060070037842 20.065298 4.892855 0.290574 0.311492 -0.947986 0.063731 0.015297
1731662412.087059259414673 20.037449 4.867474 0.287092 0.299666 -0.952227 0.056342 0.017036
1731662412.187058448791504 19.997195 4.869990 0.293053 0.280624 -0.958315 0.050350 0.018621
1731662412.287057638168335 19.949445 4.868541 0.299121 0.262528 -0.963401 0.051002 0.018353
1731662412.387056827545166 19.913577 4.863825 0.298107 0.249107 -0.966562 0.055935 0.023978
1731662412.487056016921997 19.874404 4.846717 0.297622 0.249781 -0.966498 0.054517 0.022781
1731662412.587055206298828 19.815416 4.846762 0.297445 0.245504 -0.967486 0.056940 0.021339
1731662412.687054395675659 19.768095 4.832219 0.290870 0.249136 -0.966996 0.048862 0.021492
1731662412.787053585052490 19.711103 4.833204 0.300484 0.245357 -0.968107 0.042636 0.027391
1731662412.887052536010742 19.649834 4.831124 0.308697 0.240559 -0.969418 0.040033 0.027529
1731662412.987051963806152 19.593173 4.821523 0.317510 0.237641 -0.970011 0.041890 0.029170
1731662413.087051153182983 19.562143 4.793290 0.330877 0.244556 -0.967776 0.045514 0.039127
1731662413.187049865722656 19.525013 4.781353 0.328689 0.250790 -0.966194 0.045701 0.038535
1731662413.287049293518066 19.494701 4.754030 0.338584 0.259685 -0.963997 0.043580 0.037075
1731662413.387048482894897 19.449265 4.734429 0.341294 0.264043 -0.962725 0.034083 0.047747
1731662413.487047672271729 19.406152 4.715034 0.355899 0.261415 -0.963382 0.030235 0.051403
1731662413.587046861648560 19.378865 4.697411 0.361670 0.259872 -0.963752 0.030384 0.052205
1731662413.687046051025391 19.356592 4.671716 0.368247 0.260670 -0.962932 0.040356 0.056429
1731662413.787045001983643 19.342833 4.655622 0.371254 0.255312 -0.963698 0.039090 0.067626
1731662413.887044429779053 19.297045 4.660230 0.371887 0.244552 -0.966506 0.038875 0.067448
1731662413.987043619155884 19.258963 4.662414 0.371797 0.229548 -0.970380 0.039848 0.063892
1731662414.087042570114136 19.227088 4.667291 0.387301 0.205328 -0.976105 0.038022 0.060112
1731662414.187041759490967 19.177166 4.683134 0.398795 0.168936 -0.983193 0.036186 0.059015
1731662414.287040948867798 19.145593 4.712629 0.393167 0.133638 -0.988723 0.036289 0.057015
1731662414.387040138244629 19.126917 4.734989 0.391820 0.098464 -0.992619 0.040634 0.057976
1731662414.487039566040039 19.111768 4.753879 0.381755 0.073535 -0.994435 0.042604 0.062258
1731662414.687037706375122 19.094545 4.778821 0.358222 0.045049 -0.996322 0.049494 0.053514
1731662414.787036895751953 19.068999 4.791130 0.355747 0.031853 -0.997115 0.048464 0.048979
1731662414.887036085128784 19.040048 4.809488 0.360913 0.015313 -0.997854 0.041870 0.047954
1731662414.987035274505615 19.007158 4.831390 0.368072 0.006198 -0.998218 0.039112 0.044647
1731662415.087034463882446 18.970287 4.849687 0.369836 -0.002064 -0.998309 0.038804 0.043224
1731662415.187033653259277 18.933368 4.873264 0.366691 -0.006411 -0.997876 0.041132 0.050103
1731662415.287032842636108 18.888392 4.875804 0.369541 -0.007282 -0.998092 0.039037 0.047270
1731662415.387032032012939 18.855878 4.873234 0.366916 -0.013153 -0.998183 0.038130 0.044768
1731662415.487031221389771 18.804848 4.874111 0.367420 -0.019611 -0.998406 0.034454 0.040172
1731662415.587030172348022 18.766530 4.875061 0.359676 -0.040071 -0.997919 0.025283 0.043736
1731662415.687029361724854 18.731225 4.883330 0.366948 -0.062967 -0.996896 0.020694 0.042494
1731662415.787028551101685 18.698898 4.885886 0.373907 -0.082370 -0.995534 0.020062 0.041518
1731662415.887027740478516 18.662130 4.886819 0.373489 -0.093391 -0.994413 0.022160 0.043922
1731662415.987026929855347 18.630907 4.887874 0.379634 -0.094361 -0.994341 0.022459 0.043340
1731662416.087026119232178 18.594175 4.885541 0.391114 -0.088342 -0.994975 0.022506 0.041396
1731662416.187025308609009 18.553928 4.885904 0.395394 -0.083514 -0.995563 0.016780 0.039980
1731662416.287024497985840 18.515255 4.898047 0.403430 -0.085621 -0.995396 0.010922 0.041683
1731662416.387023687362671 18.486649 4.901381 0.407548 -0.085441 -0.995447 0.010098 0.041015
1731662416.587022066116333 18.408560 4.924905 0.416393 -0.082454 -0.995299 0.008583 0.050073
1731662416.687021255493164 18.373485 4.936012 0.424124 -0.077819 -0.995695 0.011070 0.049128
1731662416.787020206451416 18.331299 4.947072 0.424190 -0.071839 -0.996283 0.011034 0.046239
1731662416.887019634246826 18.295277 4.938671 0.428681 -0.067796 -0.996395 -0.000263 0.050995
1731662416.987018585205078 18.264558 4.944937 0.439774 -0.076162 -0.995788 -0.002094 0.050998
1731662417.087017774581909 18.243018 4.944373 0.449338 -0.089544 -0.994714 -0.002836 0.050178
1731662417.187016963958740 18.218042 4.955923 0.448787 -0.103787 -0.993244 0.002834 0.051829
1731662417.287016153335571 18.195992 4.955867 0.444065 -0.114616 -0.992008 0.000231 0.052753
1731662417.387015342712402 18.175082 4.960492 0.443794 -0.125798 -0.990760 0.003846 0.050541
1731662417.487014770507812 18.152799 4.964855 0.441558 -0.134724 -0.989662 0.005611 0.048849
1731662417.587013721466064 18.134170 4.967901 0.443815 -0.143690 -0.988435 0.003591 0.048336
1731662417.687012910842896 18.112052 4.977041 0.449160 -0.154930 -0.986591 -0.002376 0.051274
1731662417.787011861801147 18.095914 4.986269 0.449195 -0.164323 -0.985204 -0.002682 0.048611
1731662417.887011051177979 18.068962 5.011234 0.450443 -0.177319 -0.983002 -0.000203 0.047592
1731662417.987010240554810 18.049830 5.025140 0.452471 -0.188080 -0.980884 0.001525 0.049910
1731662418.087009429931641 18.035216 5.007950 0.460231 -0.191161 -0.980428 0.001648 0.047063
1731662418.187008619308472 18.030714 5.004613 0.466680 -0.195703 -0.979638 0.004361 0.044615
1731662418.287007808685303 18.018697 4.985858 0.477723 -0.193375 -0.980247 0.006449 0.040996
1731662418.387006998062134 17.995577 4.975950 0.495552 -0.194764 -0.979927 0.000024 0.042550
1731662418.487006187438965 17.981472 4.975042 0.509016 -0.198014 -0.979241 -0.004634 0.043084
1731662418.587005376815796 17.966133 4.965061 0.522925 -0.197540 -0.979359 -0.006163 0.042374
1731662418.687004566192627 17.939447 4.975982 0.524017 -0.200586 -0.978697 -0.004898 0.043515
1731662418.787003755569458 17.900059 4.985201 0.522622 -0.196905 -0.979136 -0.006242 0.049816
1731662418.887002944946289 17.872958 4.985456 0.530445 -0.188189 -0.980933 -0.002562 0.048470
1731662418.987001895904541 17.837754 4.992553 0.535572 -0.179254 -0.982765 -0.004662 0.044938
1731662419.087001085281372 17.791867 4.998290 0.549142 -0.174423 -0.983590 -0.008822 0.045271
1731662419.187000274658203 17.765794 5.002676 0.561101 -0.176006 -0.983155 -0.014977 0.046938
1731662419.286999464035034 17.739762 5.005399 0.566748 -0.176305 -0.983169 -0.016055 0.045143
1731662419.386998414993286 17.719478 4.997738 0.565726 -0.172914 -0.983518 -0.011865 0.051503
1731662419.486997842788696 17.694065 4.956526 0.588300 -0.160509 -0.985508 -0.013393 0.053206
1731662419.586997032165527 17.671814 4.944111 0.600187 -0.153076 -0.986753 -0.014058 0.051858
1731662419.686996221542358 17.645828 4.935574 0.611470 -0.145354 -0.988047 -0.016825 0.048500
1731662419.786995410919189 17.607465 4.934536 0.620788 -0.144408 -0.987932 -0.021950 0.051517
1731662419.886994600296021 17.580650 4.931276 0.631054 -0.145892 -0.987675 -0.025897 0.050420
1731662419.986993551254272 17.544792 4.926851 0.645370 -0.147580 -0.987492 -0.025775 0.049137
1731662420.086992740631104 17.510826 4.926149 0.646734 -0.147016 -0.987582 -0.021979 0.050838
1731662420.186991930007935 17.484738 4.916311 0.655271 -0.140398 -0.988461 -0.021574 0.052608
1731662420.286991119384766 17.453172 4.908245 0.674599 -0.133989 -0.989468 -0.018931 0.051394
1731662420.386990308761597 17.427340 4.908081 0.677192 -0.126738 -0.990565 -0.019491 0.048369
1731662420.486989498138428 17.399882 4.926137 0.677953 -0.126337 -0.990361 -0.024177 0.051383
1731662420.586988687515259 17.393293 4.930876 0.679054 -0.128626 -0.989998 -0.027621 0.050947
1731662420.686987876892090 17.400357 4.925316 0.669145 -0.131138 -0.989781 -0.027348 0.048865
1731662420.786987066268921 17.378562 4.926570 0.677054 -0.135186 -0.989330 -0.025732 0.047844
1731662420.886986255645752 17.368550 4.909748 0.686655 -0.133326 -0.989430 -0.024680 0.051408
1731662420.986985445022583 17.353001 4.903398 0.695730 -0.133655 -0.989506 -0.024262 0.049257
1731662421.086984634399414 17.346570 4.892953 0.686857 -0.132369 -0.989771 -0.024725 0.047118
1731662421.186983585357666 17.353221 4.905931 0.673911 -0.134101 -0.989537 -0.024532 0.047233
1731662421.286982774734497 17.338050 4.937380 0.673061 -0.143417 -0.988050 -0.028745 0.048604
1731662421.386979579925537 17.320183 4.941087 0.687039 -0.149665 -0.987112 -0.031550 0.047059
1731662421.486978769302368 17.293871 4.974190 0.693503 -0.155652 -0.986164 -0.032069 0.047155
1731662421.586977958679199 17.277179 4.994396 0.683026 -0.155199 -0.985946 -0.027645 0.055321
1731662421.686976909637451 17.273482 5.000684 0.676881 -0.150452 -0.986698 -0.025834 0.055900
1731662421.786976337432861 17.265858 5.020398 0.672075 -0.146857 -0.987344 -0.024173 0.054778
1731662421.886975526809692 17.246481 5.039795 0.671173 -0.141690 -0.988148 -0.025941 0.053047
1731662421.986974716186523 17.218229 5.065926 0.670515 -0.144658 -0.987453 -0.028711 0.056446
1731662422.086973667144775 17.205991 5.078676 0.678910 -0.148137 -0.986912 -0.029985 0.056233
1731662422.186972856521606 17.194465 5.086778 0.684871 -0.150227 -0.986656 -0.028056 0.056174
1731662422.286972045898438 17.169202 5.109808 0.687854 -0.148807 -0.986532 -0.024635 0.063286
1731662422.386971235275269 17.158304 5.098743 0.686652 -0.140926 -0.987914 -0.021144 0.060988
1731662422.486970424652100 17.152014 5.086855 0.693117 -0.132774 -0.989225 -0.020618 0.058128
1731662422.586969614028931 17.136148 5.076338 0.707053 -0.125184 -0.990260 -0.027082 0.054596
1731662422.686968803405762 17.126187 5.089639 0.716459 -0.128397 -0.989542 -0.032085 0.057374
1731662422.786967992782593 17.128889 5.059510 0.734251 -0.128755 -0.989458 -0.033449 0.057241
1731662422.886967182159424 17.112621 5.050962 0.748062 -0.131407 -0.989212 -0.030483 0.057126
1731662422.986966371536255 17.091077 5.052906 0.748752 -0.126478 -0.989498 -0.031712 0.062376
1731662423.086965322494507 17.082051 5.028862 0.752001 -0.115168 -0.991075 -0.028415 0.060830
1731662423.186964511871338 17.071243 5.017942 0.759601 -0.105706 -0.992268 -0.029195 0.058129
1731662423.286963701248169 17.047107 5.012637 0.767193 -0.098240 -0.992772 -0.032988 0.060530
1731662423.386963129043579 17.023176 5.000194 0.791528 -0.097579 -0.992295 -0.038443 0.065966
1731662423.486962318420410 17.007654 4.972337 0.808380 -0.093031 -0.992604 -0.040105 0.066891
1731662423.586961269378662 16.981607 4.962207 0.816427 -0.090580 -0.992896 -0.036996 0.067709
1731662423.686960458755493 16.957648 4.953877 0.822054 -0.087234 -0.992666 -0.034842 0.076100
1731662423.786959648132324 16.935810 4.948946 0.833900 -0.084467 -0.992840 -0.032538 0.077946
1731662423.886958837509155 16.908538 4.958699 0.848940 -0.085519 -0.992912 -0.030422 0.076721
1731662423.986958026885986 16.872847 4.972663 0.860611 -0.094915 -0.991537 -0.037488 0.080246
1731662424.086957216262817 16.850658 4.990655 0.861970 -0.110195 -0.989404 -0.038399 0.086387
1731662424.186956405639648 16.837551 5.009101 0.879583 -0.124894 -0.987536 -0.035909 0.088792
1731662424.286955356597900 16.824315 5.033738 0.903832 -0.141230 -0.985269 -0.028711 0.092054
1731662424.386954784393311 16.816819 5.055305 0.900384 -0.144507 -0.983978 -0.027785 0.100665
1731662424.486953973770142 16.814814 5.064717 0.893039 -0.141710 -0.984156 -0.025491 0.103466
1731662424.586952924728394 16.808319 5.069291 0.894623 -0.136664 -0.985254 -0.023190 0.100301
1731662424.686952114105225 16.792292 5.076386 0.902404 -0.134151 -0.985341 -0.029343 0.101216
1731662424.786951541900635 16.787528 5.093094 0.902830 -0.135881 -0.984778 -0.029420 0.104320
1731662424.886950492858887 16.779778 5.094503 0.902710 -0.135065 -0.985124 -0.026253 0.102949
1731662424.986949682235718 16.768476 5.102867 0.904837 -0.134804 -0.985061 -0.023118 0.104631
1731662425.086948871612549 16.750600 5.127859 0.903967 -0.131483 -0.984854 -0.026211 0.109948
1731662425.186948060989380 16.747132 5.136246 0.897978 -0.125659 -0.985777 -0.023360 0.109122
1731662425.286947011947632 16.734139 5.142908 0.905261 -0.117511 -0.987335 -0.023659 0.103924
1731662425.386947154998779 16.717920 5.147543 0.906313 -0.113584 -0.987125 -0.028048 0.109074
1731662425.486946344375610 16.713521 5.144415 0.908458 -0.113377 -0.986909 -0.030310 0.110621
1731662425.586945533752441 16.707048 5.145283 0.911483 -0.114435 -0.987133 -0.027832 0.108162
1731662425.686944723129272 16.700083 5.150778 0.909690 -0.115610 -0.986696 -0.023859 0.111784
1731662425.786943912506104 16.689096 5.150422 0.920432 -0.111775 -0.986229 -0.024749 0.119361
1731662425.886942863464355 16.694432 5.157112 0.906781 -0.108932 -0.986686 -0.022991 0.118555
1731662425.986942291259766 16.687690 5.162400 0.904535 -0.105347 -0.987469 -0.022122 0.115399
1731662426.086941480636597 16.680895 5.173698 0.903504 -0.105395 -0.985944 -0.028803 0.126395
1731662426.186940670013428 16.677952 5.159440 0.912306 -0.103873 -0.985792 -0.028723 0.128837
1731662426.286939859390259 16.672465 5.158534 0.918717 -0.103133 -0.985996 -0.028358 0.127949
1731662426.386939287185669 16.672416 5.147139 0.919869 -0.102428 -0.985719 -0.025579 0.131198
1731662426.486938476562500 16.656845 5.164847 0.931222 -0.103247 -0.984144 -0.025706 0.141914
1731662426.586937665939331 16.655921 5.165326 0.931681 -0.103076 -0.983886 -0.023407 0.144209
1731662426.686936855316162 16.649081 5.154891 0.938696 -0.101388 -0.984349 -0.023244 0.142259
1731662426.786936044692993 16.637517 5.155490 0.944736 -0.102998 -0.982594 -0.030922 0.151475
1731662426.886935234069824 16.638454 5.144524 0.949309 -0.103748 -0.982048 -0.027531 0.155112
1731662426.986934423446655 16.633235 5.132950 0.957979 -0.105270 -0.981996 -0.023770 0.155042
1731662427.086933612823486 16.627815 5.126617 0.962729 -0.107386 -0.980752 -0.020019 0.161842
1731662427.186932802200317 16.615850 5.140860 0.968046 -0.112055 -0.978966 -0.016046 0.169739
1731662427.286931991577148 16.611824 5.134196 0.970930 -0.114405 -0.978888 -0.010448 0.169061
1731662427.386931419372559 16.599352 5.125399 0.989797 -0.112793 -0.979737 -0.011648 0.165098
1731662427.486930608749390 16.588918 5.127063 0.995326 -0.110691 -0.978437 -0.015980 0.173648
1731662427.586930036544800 16.593444 5.113483 0.991467 -0.105272 -0.979153 -0.009966 0.173430
1731662427.686928987503052 16.581494 5.128023 0.996129 -0.104293 -0.979893 -0.006763 0.169959
1731662427.786928176879883 16.569093 5.138185 0.999694 -0.102427 -0.978807 -0.005141 0.177255
1731662427.886927366256714 16.562222 5.154160 0.993359 -0.101570 -0.978438 -0.008360 0.179645
1731662427.986926555633545 16.556406 5.175342 0.989650 -0.101796 -0.978431 -0.008024 0.179573
1731662428.086925745010376 16.540521 5.169908 1.001977 -0.097626 -0.979509 -0.015020 0.175514
1731662428.186925172805786 16.521371 5.184424 1.003929 -0.097769 -0.976806 -0.026681 0.188626
1731662428.286924123764038 16.518233 5.179581 1.010518 -0.093905 -0.977409 -0.021417 0.188136
1731662428.386923551559448 16.512667 5.190921 1.011021 -0.093213 -0.977430 -0.020940 0.188424
1731662428.486922740936279 16.505067 5.206624 1.012790 -0.100113 -0.974607 -0.016414 0.199621
1731662428.586921930313110 16.493622 5.218041 1.018935 -0.111960 -0.973628 -0.013208 0.198339
1731662428.686921119689941 16.492299 5.212586 1.026577 -0.120780 -0.972583 -0.010702 0.198441
1731662428.786920309066772 16.491900 5.202836 1.040437 -0.132695 -0.971376 -0.012894 0.196608
1731662428.886919498443604 16.498825 5.202169 1.038210 -0.150883 -0.966367 -0.024101 0.206855
1731662428.986918687820435 16.497861 5.178012 1.049594 -0.151065 -0.967215 -0.016707 0.203459
1731662429.086917877197266 16.500027 5.157969 1.042155 -0.147682 -0.967513 -0.011912 0.204857
1731662429.186917066574097 16.487654 5.163956 1.051248 -0.147689 -0.967120 -0.015150 0.206490
1731662429.286916255950928 16.473670 5.188186 1.057093 -0.148103 -0.967745 -0.015614 0.203203
1731662429.386915445327759 16.468484 5.189026 1.058802 -0.144219 -0.969361 -0.017854 0.198042
1731662429.486914634704590 16.450588 5.198748 1.066853 -0.140116 -0.969672 -0.033184 0.197490
1731662429.586913824081421 16.446300 5.199983 1.073289 -0.135753 -0.968913 -0.035723 0.203723
1731662429.686913013458252 16.448945 5.186972 1.077017 -0.130745 -0.969488 -0.030969 0.205038
1731662429.786912202835083 16.433460 5.198759 1.086047 -0.130218 -0.969502 -0.029951 0.205454
1731662429.886911392211914 16.398967 5.229723 1.097398 -0.132310 -0.968570 -0.034553 0.207778
1731662429.986910581588745 16.370629 5.251528 1.105026 -0.132239 -0.969648 -0.035273 0.202610
1731662430.086909770965576 16.347551 5.261040 1.113478 -0.130356 -0.970449 -0.038268 0.199430
1731662430.186908960342407 16.324202 5.265226 1.120912 -0.127673 -0.969856 -0.045830 0.202430
1731662430.286908149719238 16.318382 5.290935 1.115112 -0.127975 -0.969311 -0.047496 0.204459
1731662430.386907577514648 16.318951 5.293300 1.112608 -0.124703 -0.970762 -0.041635 0.200841
1731662430.486906766891479 16.304684 5.277067 1.121701 -0.129071 -0.969857 -0.040913 0.202592
1731662430.586905956268311 16.280827 5.294858 1.124694 -0.129570 -0.969317 -0.031432 0.206517
1731662430.686905145645142 16.254510 5.312811 1.130334 -0.128943 -0.970699 -0.031804 0.200263
1731662430.786904335021973 16.234986 5.320320 1.138525 -0.125212 -0.971738 -0.037172 0.196636
1731662430.886903524398804 16.215983 5.322366 1.140860 -0.122708 -0.971829 -0.039381 0.197331
1731662430.986902713775635 16.210080 5.317544 1.144162 -0.120881 -0.972719 -0.032014 0.195399
1731662431.086901903152466 16.201884 5.318411 1.144415 -0.123402 -0.973395 -0.026365 0.191255
1731662431.186901092529297 16.181838 5.324500 1.153118 -0.126262 -0.972474 -0.022577 0.194533
1731662431.286900281906128 16.160784 5.349950 1.154610 -0.132165 -0.971896 -0.024084 0.193316
1731662431.386899709701538 16.151980 5.368068 1.157730 -0.141003 -0.971377 -0.024672 0.189569
1731662431.486898899078369 16.137373 5.369533 1.161488 -0.140662 -0.972099 -0.029919 0.185315
1731662431.586898088455200 16.112749 5.381095 1.167199 -0.144037 -0.970442 -0.035065 0.190436
1731662431.686897039413452 16.100925 5.387551 1.171875 -0.141608 -0.971392 -0.030210 0.188236
1731662431.786896467208862 16.087786 5.395551 1.177399 -0.141052 -0.972146 -0.027303 0.185179
1731662431.886895656585693 16.071242 5.402451 1.183476 -0.140131 -0.971578 -0.025083 0.189132
1731662431.986894845962524 16.048431 5.425201 1.189321 -0.140164 -0.972006 -0.025504 0.186839
1731662432.086894035339355 16.035636 5.433639 1.193773 -0.138739 -0.972897 -0.025175 0.183274
1731662432.186893224716187 16.008346 5.441296 1.202286 -0.134268 -0.974497 -0.030549 0.177186
1731662432.286892175674438 15.978222 5.456774 1.197472 -0.134889 -0.974216 -0.036429 0.177145
1731662432.386891841888428 15.967585 5.459095 1.192399 -0.131653 -0.975655 -0.028632 0.173047
1731662432.486891031265259 15.950341 5.465079 1.189783 -0.130746 -0.976930 -0.021339 0.167502
1731662432.586890220642090 15.923845 5.473145 1.191747 -0.129078 -0.977348 -0.024305 0.165949
1731662432.686889410018921 15.900589 5.493211 1.186548 -0.127378 -0.978545 -0.024376 0.160097
1731662432.786888599395752 15.881475 5.509563 1.182401 -0.124848 -0.980045 -0.026096 0.152461
1731662432.886887788772583 15.847207 5.522606 1.179875 -0.118813 -0.982497 -0.027654 0.140777
1731662432.986886978149414 15.812854 5.546870 1.160770 -0.120956 -0.983141 -0.028960 0.134034
1731662433.086886167526245 15.793257 5.562587 1.147982 -0.123190 -0.984170 -0.022641 0.125382
1731662433.186885356903076 15.769602 5.582055 1.134461 -0.130114 -0.984445 -0.017302 0.116783
1731662433.286884546279907 15.735819 5.602946 1.105331 -0.136816 -0.984717 -0.020316 0.105839
1731662433.386883735656738 15.717274 5.622403 1.080286 -0.139755 -0.985318 -0.016062 0.096741
1731662433.486883163452148 15.703966 5.638359 1.058591 -0.141458 -0.985937 -0.014970 0.087712
1731662433.586882352828979 15.678104 5.660850 1.035012 -0.140740 -0.987184 -0.012444 0.074195
1731662433.686881542205811 15.653322 5.692290 1.003449 -0.147280 -0.986945 -0.011370 0.064183
1731662433.786880731582642 15.644987 5.719367 0.975299 -0.154364 -0.986388 -0.009451 0.055868
1731662433.886879920959473 15.632651 5.747615 0.948466 -0.159898 -0.985861 -0.004033 0.049943
1731662433.986879348754883 15.609014 5.774657 0.911000 -0.161182 -0.986052 -0.003359 0.041363
1731662434.086878299713135 15.568742 5.786579 0.884121 -0.157538 -0.986972 0.000206 0.032667
1731662434.186877489089966 15.508474 5.792925 0.870572 -0.154180 -0.987724 0.002183 0.024985
1731662434.286876678466797 15.432070 5.807245 0.860447 -0.148978 -0.988693 0.001089 0.017042
1731662434.386875867843628 15.411839 5.832253 0.834392 -0.149201 -0.988717 -0.001901 0.013187
1731662434.486875057220459 15.351746 5.847758 0.822024 -0.147955 -0.988954 -0.003232 0.008299
1731662434.586874485015869 15.263502 5.860397 0.816695 -0.146478 -0.989202 -0.001394 0.004605
1731662434.686873435974121 15.102304 5.873617 0.814429 -0.140480 -0.990077 0.000268 0.003607
1731662434.786872863769531 15.008520 5.889884 0.812737 -0.137451 -0.990507 0.001253 -0.000984
1731662434.886872053146362 14.892862 5.909620 0.820115 -0.136236 -0.990659 0.003258 -0.004962
1731662434.986871242523193 14.807680 5.930046 0.813866 -0.132840 -0.991121 0.001707 -0.005486
1731662435.086870431900024 14.734609 5.949882 0.813413 -0.134723 -0.990866 -0.004323 -0.003932
1731662435.186869621276855 14.661795 5.963988 0.818985 -0.135195 -0.990776 -0.008033 -0.004533
1731662435.286868572235107 14.598648 5.965844 0.829197 -0.133883 -0.990937 -0.009999 -0.004386
1731662435.386868000030518 14.524360 5.959721 0.826074 -0.128764 -0.991641 -0.007965 -0.002324
1731662435.486867189407349 14.458016 5.963403 0.818708 -0.123060 -0.992368 -0.006434 -0.004525
1731662435.586866378784180 14.425111 5.963421 0.807205 -0.118307 -0.992944 -0.004855 -0.006461
1731662435.686865568161011 14.363732 5.973768 0.791954 -0.112687 -0.993587 -0.000737 -0.009302
1731662435.786864757537842 14.295175 5.989090 0.770663 -0.109903 -0.993912 -0.001878 -0.007561
1731662435.886863946914673 14.239765 6.004618 0.758484 -0.109590 -0.993924 -0.004306 -0.009317
1731662435.986863136291504 14.175890 6.009719 0.747473 -0.108512 -0.994022 -0.004529 -0.011133
1731662436.086862325668335 14.085954 6.009823 0.743209 -0.107214 -0.994159 -0.005603 -0.011012
1731662436.186861515045166 14.018088 6.015876 0.725215 -0.107187 -0.994171 -0.004651 -0.010635
1731662436.286860704421997 13.939850 6.041822 0.715060 -0.117189 -0.992998 -0.004085 -0.014312
1731662436.386857748031616 13.859277 6.072021 0.705565 -0.126803 -0.991767 -0.001865 -0.017764
1731662436.486856937408447 13.779752 6.101647 0.697070 -0.134504 -0.990708 0.002487 -0.020014
1731662436.586856126785278 13.697524 6.139219 0.673895 -0.144222 -0.989341 -0.001226 -0.020069
1731662436.686855316162109 13.627273 6.177032 0.665589 -0.154195 -0.987801 -0.002918 -0.021569
1731662436.786854505538940 13.569682 6.210730 0.668815 -0.160359 -0.986811 -0.002920 -0.021917
1731662436.886853694915771 13.541066 6.236889 0.694912 -0.162268 -0.986511 -0.002184 -0.021457
1731662436.986852884292603 13.464950 6.272767 0.685154 -0.162062 -0.986493 0.000608 -0.023793
1731662437.086852073669434 13.356738 6.314949 0.690731 -0.159852 -0.986803 0.003304 -0.025599
1731662437.186851263046265 13.235171 6.361521 0.690312 -0.156071 -0.987307 0.006893 -0.028626
1731662437.286850929260254 13.120737 6.404252 0.687451 -0.154421 -0.987716 0.001228 -0.023869
1731662437.386849880218506 13.019296 6.442378 0.693180 -0.154064 -0.987788 -0.003959 -0.022894
1731662437.486849069595337 12.905566 6.485981 0.700571 -0.152337 -0.988086 -0.005858 -0.021078
1731662437.586848258972168 12.796755 6.522147 0.696287 -0.150451 -0.988358 -0.006349 -0.021750
1731662437.686847448348999 12.703765 6.549870 0.669532 -0.146939 -0.988917 -0.005060 -0.020647
1731662437.786846637725830 12.613437 6.575883 0.662042 -0.144607 -0.989259 -0.002293 -0.021232
1731662437.886846065521240 12.512792 6.609807 0.651300 -0.141922 -0.989621 0.001606 -0.022495
1731662437.986845016479492 12.399540 6.646655 0.649772 -0.139198 -0.990126 -0.003257 -0.016271
1731662438.086844205856323 12.298074 6.683350 0.649841 -0.139596 -0.990067 -0.008200 -0.014586
1731662438.186843395233154 12.202019 6.718226 0.648862 -0.139232 -0.990142 -0.009156 -0.012211
1731662438.286842584609985 12.158289 6.735024 0.665595 -0.138042 -0.990348 -0.008027 -0.009523
1731662438.386842012405396 12.052693 6.782308 0.663777 -0.136256 -0.990603 -0.009363 -0.007265
1731662438.486841201782227 11.933571 6.817138 0.663907 -0.131183 -0.991290 -0.006591 -0.009619
1731662438.586840391159058 11.772970 6.874882 0.644134 -0.130163 -0.991430 -0.003720 -0.010546
1731662438.686839580535889 11.595237 6.936857 0.634349 -0.126336 -0.991933 -0.000417 -0.010378
1731662438.786838769912720 11.447048 6.989744 0.627778 -0.126715 -0.991885 -0.004230 -0.009423
1731662438.886837959289551 11.341427 7.028972 0.634689 -0.126988 -0.991854 -0.005492 -0.008331
1731662438.986837148666382 11.226500 7.073402 0.640387 -0.127353 -0.991819 -0.005135 -0.007014
1731662439.086836338043213 11.090447 7.120675 0.629005 -0.126726 -0.991918 -0.004712 -0.004029
1731662439.186835527420044 11.001215 7.147634 0.619452 -0.126573 -0.991943 -0.002954 -0.004481
1731662439.286834716796875 10.872482 7.193050 0.615264 -0.126923 -0.991903 -0.001232 -0.004137
1731662439.386834144592285 10.761260 7.230192 0.619911 -0.126652 -0.991943 -0.001937 -0.002069
1731662439.486833333969116 10.690910 7.237757 0.638503 -0.131764 -0.991252 -0.005321 0.005383
1731662439.586832523345947 10.659129 7.233546 0.663690 -0.136445 -0.990561 -0.009151 0.009413
1731662439.686831712722778 10.559597 7.255479 0.683504 -0.144204 -0.989420 -0.008571 0.013386
1731662439.786830902099609 10.438355 7.288295 0.694534 -0.150143 -0.988412 -0.003231 0.022095
1731662439.886830091476440 10.343148 7.326396 0.695763 -0.154048 -0.987741 -0.001607 0.025184
1731662439.986829280853271 10.219762 7.374018 0.704549 -0.155726 -0.987435 0.001438 0.026838
1731662440.086828470230103 10.083459 7.427952 0.714855 -0.156464 -0.987322 0.002822 0.026593
1731662440.186827659606934 9.968717 7.476217 0.733686 -0.159061 -0.986557 -0.005929 0.037020
1731662440.286826848983765 10.072303 7.439469 0.763980 -0.160458 -0.986160 -0.008505 0.040869
1731662440.386821985244751 10.035056 7.454476 0.782894 -0.159711 -0.986131 -0.008752 0.044285
1731662440.486820936203003 10.028980 7.460576 0.806707 -0.158260 -0.986191 -0.006722 0.048336
1731662440.586820125579834 9.906446 7.510964 0.825295 -0.155184 -0.986164 -0.009289 0.057559
1731662440.686819314956665 9.797606 7.552334 0.841689 -0.151546 -0.986587 -0.009883 0.059845
1731662440.786818265914917 9.604705 7.624146 0.859330 -0.145308 -0.987686 -0.007342 0.057511
1731662440.886817216873169 9.574672 7.637505 0.885479 -0.139640 -0.988277 -0.014089 0.060088
1731662440.986816406250000 9.512332 7.670238 0.913498 -0.140438 -0.987701 -0.016248 0.066776
1731662441.086815595626831 9.473665 7.690243 0.947303 -0.140776 -0.987497 -0.016943 0.068877
1731662441.186814546585083 9.371384 7.730763 0.974274 -0.142025 -0.987217 -0.015946 0.070551
1731662441.286813735961914 9.298794 7.763607 1.009745 -0.141032 -0.986400 -0.015251 0.083019
1731662441.386812686920166 8.984736 7.866211 1.047389 -0.137115 -0.986634 -0.016675 0.086458
1731662441.486811876296997 8.651403 7.969770 1.085560 -0.131792 -0.987466 -0.014334 0.085655
1731662441.586811065673828 8.343624 8.063445 1.121877 -0.127325 -0.988361 -0.015125 0.081870
1731662441.686810016632080 8.146690 8.122463 1.158134 -0.130366 -0.987185 -0.020290 0.089770
1731662441.786809206008911 8.025877 8.161319 1.191040 -0.138453 -0.985590 -0.021510 0.094767
1731662441.886808156967163 7.887225 8.197847 1.224113 -0.147469 -0.984138 -0.017859 0.096982
1731662441.986807346343994 7.728339 8.252453 1.256709 -0.159004 -0.981775 -0.014286 0.103112
1731662442.086806297302246 7.576588 8.299655 1.283129 -0.167242 -0.979650 -0.016353 0.109768
1731662442.186805486679077 7.958493 8.168202 1.329308 -0.170918 -0.978653 -0.013557 0.113323
1731662442.286804437637329 8.321934 8.051847 1.386398 -0.170538 -0.978794 -0.010834 0.112966
1731662442.386803627014160 8.171206 8.113603 1.424091 -0.173070 -0.977911 -0.021230 0.115265
1731662442.486803054809570 8.049215 8.163066 1.464079 -0.177279 -0.976338 -0.023189 0.121652
1731662442.586802005767822 7.935488 8.215803 1.501973 -0.182442 -0.975166 -0.021473 0.123714
1731662442.686800956726074 7.811288 8.271937 1.543996 -0.187557 -0.973914 -0.016866 0.126610
1731662442.786799907684326 7.698862 8.317385 1.585118 -0.190921 -0.971686 -0.021788 0.137479
1731662442.886799097061157 7.579081 8.365303 1.622616 -0.192256 -0.971041 -0.021844 0.140144
1731662442.986798286437988 7.456950 8.421180 1.665509 -0.190278 -0.971709 -0.020276 0.138440
1731662443.086797237396240 7.294849 8.490601 1.707898 -0.189373 -0.971117 -0.036891 0.140385
1731662443.186796426773071 7.197371 8.537217 1.751375 -0.191719 -0.969511 -0.041989 0.146729
1731662443.286795377731323 7.088191 8.585648 1.796475 -0.193517 -0.968925 -0.040717 0.148588
1731662443.386794567108154 6.968952 8.632319 1.841726 -0.194486 -0.968660 -0.037330 0.149935
1731662443.486793756484985 6.857008 8.663546 1.884441 -0.192119 -0.966892 -0.040781 0.162931
1731662443.586792707443237 6.736668 8.699070 1.920896 -0.187768 -0.967234 -0.040929 0.165913
1731662443.686791896820068 6.602396 8.743234 1.960134 -0.182766 -0.968324 -0.040960 0.165126
1731662443.786790847778320 6.453806 8.802329 2.006245 -0.178186 -0.969116 -0.048456 0.163449
1731662443.886790037155151 6.325498 8.841562 2.045858 -0.174721 -0.968307 -0.049932 0.171350
1731662443.986788749694824 6.205098 8.888859 2.090020 -0.173162 -0.968548 -0.046504 0.172531
1731662444.086788177490234 6.079780 8.936927 2.135558 -0.173627 -0.968659 -0.042861 0.172383
1731662444.186787128448486 5.948182 8.983015 2.185218 -0.172712 -0.967443 -0.042799 0.179978
1731662444.286786317825317 5.819011 9.022009 2.226246 -0.168293 -0.967993 -0.042205 0.181342
1731662444.386785507202148 5.682980 9.068849 2.270952 -0.163113 -0.969480 -0.043337 0.177834
1731662444.486784696578979 5.538698 9.121824 2.327786 -0.157400 -0.970684 -0.051506 0.174200
1731662444.586783647537231 6.147984 8.926862 2.325287 -0.154905 -0.969531 -0.056364 0.181210
1731662444.686782836914062 6.432161 8.821942 2.334445 -0.153756 -0.969659 -0.052822 0.182568
1731662444.786781787872314 6.391685 8.835180 2.366057 -0.154629 -0.970226 -0.048288 0.180054
1731662444.886780977249146 6.298487 8.864767 2.413254 -0.154013 -0.969539 -0.046756 0.184627
1731662444.986779928207397 6.193653 8.891387 2.440859 -0.151423 -0.969858 -0.045812 0.185334
1731662445.086779117584229 6.096366 8.926555 2.475875 -0.149912 -0.970596 -0.047268 0.182308
1731662445.186778068542480 5.980733 8.968524 2.519804 -0.147189 -0.971547 -0.052797 0.177888
1731662445.286777257919312 5.874913 9.006665 2.551430 -0.146379 -0.970757 -0.054963 0.182163
1731662445.386776208877563 5.794825 9.044096 2.587655 -0.146124 -0.971353 -0.050507 0.180471
1731662445.486775398254395 5.710082 9.079856 2.619536 -0.148137 -0.971990 -0.045964 0.176576
1731662445.586774587631226 5.622864 9.120128 2.660053 -0.148625 -0.971862 -0.042970 0.177617
1731662445.686773538589478 5.524665 9.139953 2.675525 -0.147162 -0.972179 -0.044110 0.176822
1731662445.786772727966309 5.428307 9.182788 2.701757 -0.146534 -0.973172 -0.045628 0.171410
1731662445.886771678924561 5.324334 9.224650 2.734079 -0.145108 -0.974533 -0.047261 0.164305
1731662445.986770868301392 5.203574 9.266463 2.747579 -0.143413 -0.975889 -0.046261 0.157905
1731662446.086770057678223 5.114030 9.324700 2.767270 -0.143552 -0.977130 -0.041262 0.151351
1731662446.186769008636475 5.015354 9.359659 2.781721 -0.143624 -0.978429 -0.034191 0.144500
1731662446.286768198013306 4.913697 9.400025 2.802380 -0.143645 -0.979358 -0.026847 0.139656
1731662446.386767387390137 4.799844 9.442295 2.792554 -0.142635 -0.980970 -0.033210 0.127478
1731662446.486766338348389 4.714231 9.482466 2.797943 -0.139883 -0.982547 -0.032084 0.118338
1731662446.586765289306641 4.612812 9.524493 2.808319 -0.136372 -0.984287 -0.031704 0.107596
1731662446.686764478683472 4.497118 9.572298 2.806500 -0.135680 -0.985707 -0.031068 0.094909
1731662446.786763668060303 4.401557 9.613801 2.808314 -0.137883 -0.986171 -0.029369 0.087130
1731662446.886762380599976 4.299243 9.654460 2.808483 -0.139293 -0.986818 -0.025668 0.078282
1731662446.986761808395386 4.173177 9.701961 2.799589 -0.137809 -0.987986 -0.023033 0.066039
1731662447.086760759353638 4.522127 9.561245 2.739431 -0.131733 -0.989451 -0.018640 0.057315
1731662447.186759948730469 4.782825 9.471955 2.703132 -0.126735 -0.990623 -0.016490 0.048290
1731662447.286758899688721 4.792758 9.452192 2.692947 -0.121430 -0.991654 -0.014171 0.040931
1731662447.386758089065552 4.709064 9.491616 2.715635 -0.121928 -0.991730 -0.014300 0.037427
1731662447.486757278442383 4.638435 9.520093 2.716842 -0.121527 -0.991957 -0.014320 0.032358
1731662447.586756467819214 4.559226 9.550261 2.718813 -0.121526 -0.992094 -0.011494 0.029150
1731662447.686755418777466 4.789848 9.494110 2.681436 -0.115640 -0.992662 -0.007951 0.034435
1731662447.786754608154297 4.944884 9.472164 2.644927 -0.109270 -0.993502 -0.005312 0.031400
1731662447.886753559112549 4.981443 9.473664 2.625709 -0.103703 -0.994222 -0.004843 0.027310
1731662448.086751699447632 4.922252 9.500347 2.611198 -0.099823 -0.994321 -0.017712 0.032363
1731662448.186750888824463 4.861371 9.523076 2.618434 -0.100272 -0.994202 -0.020262 0.033126
1731662448.286749839782715 4.797139 9.539662 2.621459 -0.100794 -0.994155 -0.019946 0.033134
1731662448.386749029159546 4.740252 9.549320 2.619235 -0.095752 -0.994472 -0.018466 0.038933
1731662448.486748218536377 4.666541 9.567103 2.624632 -0.089911 -0.995094 -0.015902 0.038087
1731662448.586747169494629 4.591023 9.590074 2.627246 -0.084678 -0.995650 -0.015563 0.035611
1731662448.686746358871460 4.517489 9.602861 2.634542 -0.081084 -0.995908 -0.018706 0.035263
1731662448.786745309829712 4.469679 9.620220 2.642291 -0.085152 -0.995274 -0.024764 0.039579
1731662448.886744499206543 4.417976 9.632713 2.653438 -0.088661 -0.994933 -0.025812 0.039759
1731662448.986743450164795 4.366092 9.646273 2.666454 -0.095716 -0.994331 -0.024920 0.039039
1731662449.086742639541626 4.303103 9.665600 2.670410 -0.098816 -0.993989 -0.024246 0.040415
1731662449.186741590499878 4.263864 9.674502 2.673268 -0.100382 -0.993980 -0.020850 0.038631
1731662449.286740779876709 4.183879 9.699695 2.671884 -0.101814 -0.993906 -0.019776 0.037331
1731662449.386739969253540 4.097934 9.722515 2.674872 -0.103644 -0.993783 -0.019724 0.035548
1731662449.486738920211792 4.078508 9.726702 2.687120 -0.111144 -0.992804 -0.024719 0.037094
1731662449.686737298965454 3.963305 9.745922 2.713961 -0.119764 -0.991927 -0.022992 0.034769
1731662449.786736011505127 3.921712 9.756633 2.720501 -0.120248 -0.991815 -0.022109 0.036816
1731662449.886735439300537 3.881770 9.764595 2.724715 -0.118306 -0.992278 -0.016500 0.033413
1731662449.986734390258789 3.790191 9.783378 2.733487 -0.116466 -0.992573 -0.014892 0.031828
1731662450.086733579635620 3.736616 9.802211 2.736272 -0.115159 -0.992801 -0.013972 0.029829
1731662450.186732530593872 3.702531 9.822255 2.740371 -0.122158 -0.991838 -0.017669 0.031965
1731662450.286731719970703 3.662745 9.838555 2.755627 -0.130736 -0.990690 -0.019626 0.032505
1731662450.386730909347534 3.620584 9.857374 2.763458 -0.138609 -0.989679 -0.015725 0.032794
1731662450.486730098724365 3.589640 9.865468 2.764667 -0.138825 -0.989589 -0.015351 0.034731
1731662450.586729049682617 3.543493 9.876468 2.774792 -0.137382 -0.989903 -0.012200 0.032710
1731662450.686728000640869 3.472759 9.898424 2.776256 -0.138079 -0.989856 -0.010323 0.031808
1731662450.786727190017700 3.415285 9.918100 2.789975 -0.140179 -0.989560 -0.012455 0.031084
1731662450.886726140975952 3.366557 9.930701 2.802982 -0.149017 -0.988118 -0.017440 0.033346
1731662450.986725330352783 3.287467 9.951483 2.812313 -0.156433 -0.986914 -0.019614 0.033826
1731662451.086724281311035 3.222287 9.971266 2.829802 -0.167314 -0.985139 -0.017209 0.034793
1731662451.186723470687866 3.171149 9.993751 2.850977 -0.176371 -0.983312 -0.011558 0.043099
1731662451.286722660064697 3.141290 10.012098 2.869634 -0.184978 -0.981666 -0.009332 0.045038
1731662451.486720800399780 3.011834 10.079043 2.897623 -0.198472 -0.978879 -0.013022 0.047267
1731662451.586719989776611 2.953683 10.151778 2.911005 -0.211513 -0.975661 -0.019528 0.054474
1731662451.686718940734863 2.946607 10.171981 2.921008 -0.224086 -0.972666 -0.022117 0.056712
1731662451.786718130111694 2.888650 10.200120 2.948810 -0.237463 -0.969405 -0.019296 0.059093
1731662451.886717081069946 2.841124 10.230646 2.968626 -0.246509 -0.966325 -0.017035 0.071827
1731662451.986716270446777 2.824494 10.251930 2.980202 -0.253442 -0.964220 -0.017128 0.075855
1731662452.086715221405029 2.790122 10.283220 3.000533 -0.261437 -0.962000 -0.013416 0.077634
1731662452.186714410781860 2.728971 10.328894 3.028679 -0.268274 -0.960239 -0.010202 0.076591
1731662452.286713600158691 2.660764 10.387037 3.071903 -0.282259 -0.955595 -0.018181 0.082693
1731662452.386712551116943 2.624854 10.422086 3.123794 -0.300338 -0.949413 -0.022036 0.089027
1731662452.486711740493774 2.577739 10.466262 3.170972 -0.324413 -0.941296 -0.018975 0.091426
1731662452.586710691452026 2.547274 10.529136 3.181718 -0.346664 -0.932257 -0.016495 0.102222
1731662452.686709642410278 2.525651 10.576643 3.167476 -0.362478 -0.925844 -0.016249 0.105634
1731662452.786709070205688 2.508650 10.624079 3.189110 -0.380461 -0.918454 -0.013067 0.107335
1731662452.886708021163940 2.487399 10.683320 3.222950 -0.398098 -0.911220 -0.006346 0.105622
1731662452.986707210540771 2.455056 10.757888 3.263140 -0.417687 -0.901874 -0.015933 0.109116
1731662453.086706161499023 2.456411 10.812355 3.302953 -0.437306 -0.892166 -0.016184 0.111989
1731662453.186705350875854 2.472488 10.870285 3.327522 -0.446476 -0.887528 -0.011105 0.113272
1731662453.286704301834106 2.484475 10.926549 3.342427 -0.446613 -0.886366 -0.013083 0.121326
1731662453.386703729629517 2.481896 10.975034 3.342294 -0.443921 -0.887487 -0.024075 0.121334
1731662453.486702680587769 2.488625 11.022135 3.336267 -0.440129 -0.889229 -0.023342 0.122528
1731662453.586701631546021 2.479453 11.092958 3.358272 -0.435475 -0.892128 -0.023065 0.118056
1731662453.686700820922852 2.478687 11.154508 3.378870 -0.433675 -0.892541 -0.034585 0.118743
1731662453.786699771881104 2.485869 11.215507 3.405757 -0.435676 -0.891400 -0.033451 0.120308
1731662453.886698961257935 2.489905 11.277630 3.420417 -0.438034 -0.890404 -0.026417 0.120865
1731662453.986697912216187 2.503960 11.312243 3.423816 -0.436995 -0.890071 -0.027758 0.126648
1731662454.086697101593018 2.506598 11.327206 3.411247 -0.433063 -0.891664 -0.037369 0.126471
1731662454.186696290969849 2.523858 11.355055 3.420259 -0.428140 -0.894108 -0.038087 0.125766
1731662454.286695241928101 2.509095 11.407547 3.427652 -0.422803 -0.897137 -0.038986 0.121914
1731662454.386694431304932 2.496062 11.454518 3.442789 -0.419467 -0.897627 -0.048688 0.126265
1731662454.486693382263184 2.485479 11.494844 3.462525 -0.418443 -0.897880 -0.049383 0.127585
1731662454.586692571640015 2.460759 11.532366 3.485488 -0.418805 -0.898050 -0.045605 0.126604
1731662454.686691761016846 2.419425 11.575472 3.523825 -0.417387 -0.898211 -0.044826 0.130372
1731662454.786690711975098 2.391167 11.615866 3.534927 -0.413233 -0.898975 -0.050980 0.135952
1731662454.886689901351929 2.393917 11.646599 3.537405 -0.409981 -0.900487 -0.051175 0.135722
1731662454.986688852310181 2.346775 11.691655 3.561711 -0.404840 -0.903259 -0.050057 0.133125
1731662455.086688041687012 2.324014 11.742300 3.573954 -0.401572 -0.903645 -0.062230 0.135256
1731662455.186686992645264 2.301894 11.778357 3.599044 -0.400549 -0.903710 -0.062255 0.137818
1731662455.286686182022095 2.299870 11.799829 3.598583 -0.400304 -0.904001 -0.060217 0.137521
1731662455.386685371398926 2.269964 11.833524 3.621293 -0.399534 -0.904366 -0.056384 0.138980
1731662455.486684322357178 2.235096 11.842490 3.625088 -0.394645 -0.904818 -0.058039 0.148969
1731662455.586683273315430 2.209542 11.880402 3.654725 -0.391053 -0.906105 -0.058144 0.150569
1731662455.686682462692261 2.180387 11.977820 3.732570 -0.387683 -0.908150 -0.056370 0.147607
1731662455.786681652069092 2.130288 12.027579 3.751131 -0.384269 -0.909852 -0.063632 0.143030
1731662455.886680603027344 2.102088 12.092271 3.794150 -0.381373 -0.910547 -0.063230 0.146493
1731662455.986679792404175 2.074025 12.147109 3.831164 -0.379483 -0.911461 -0.058959 0.147494
1731662456.086678981781006 2.040223 12.192698 3.858777 -0.378481 -0.912249 -0.052811 0.147527
1731662456.186677932739258 2.001900 12.245378 3.890392 -0.375258 -0.912503 -0.054391 0.153500
1731662456.286676883697510 1.962969 12.283563 3.903068 -0.371334 -0.913870 -0.055753 0.154417
1731662456.386676311492920 1.924232 12.311308 3.913720 -0.368132 -0.915564 -0.055794 0.152016
1731662456.486675262451172 1.860634 12.370727 3.930907 -0.363640 -0.918531 -0.057401 0.144124
1731662456.586674451828003 1.808304 12.430647 3.946508 -0.362241 -0.918330 -0.063408 0.146393
1731662456.686673402786255 1.757701 12.488675 3.976495 -0.361138 -0.919178 -0.060526 0.145010
1731662456.786672592163086 1.713614 12.528505 3.994459 -0.361630 -0.919510 -0.055971 0.143499
1731662456.886671543121338 1.663146 12.573625 4.015468 -0.361395 -0.919930 -0.053541 0.142325
1731662456.986670732498169 1.608840 12.604222 4.013524 -0.353862 -0.921962 -0.054293 0.147719
1731662457.086669683456421 1.556029 12.643830 4.029535 -0.338958 -0.928647 -0.055947 0.139974
1731662457.186668872833252 1.502272 12.699205 4.047838 -0.323403 -0.934834 -0.060748 0.133437
1731662457.286667823791504 1.447026 12.711040 4.028066 -0.306108 -0.940585 -0.068386 0.130084
1731662457.386667013168335 1.389552 12.735221 4.042715 -0.288568 -0.946481 -0.068526 0.127302
1731662457.486666202545166 1.332481 12.756700 4.054370 -0.269922 -0.952563 -0.067998 0.123056
1731662457.586665153503418 1.264740 12.768761 4.070314 -0.250343 -0.958327 -0.068064 0.119602
1731662457.686664342880249 1.195442 12.783965 4.077139 -0.230922 -0.963247 -0.061436 0.122703
1731662457.786663055419922 1.123860 12.796841 4.081883 -0.220162 -0.966200 -0.063562 0.118095
1731662457.886662483215332 1.042953 12.826779 4.101248 -0.214044 -0.968054 -0.063631 0.114055
1731662457.986661672592163 0.944038 12.866250 4.128060 -0.206915 -0.969666 -0.065247 0.112595
1731662458.086660623550415 0.851413 12.916076 4.145990 -0.205006 -0.970103 -0.062999 0.113591
1731662458.186659812927246 0.765621 12.940463 4.166112 -0.203134 -0.970973 -0.059078 0.111618
1731662458.286658763885498 0.609872 13.006721 4.231902 -0.198071 -0.972924 -0.050818 0.107720
1731662458.386657953262329 0.441582 13.060324 4.289565 -0.189320 -0.974490 -0.051074 0.109172
1731662458.486657142639160 0.332968 13.077179 4.297272 -0.169650 -0.978804 -0.047280 0.104527
1731662458.586656093597412 0.238273 13.085196 4.303873 -0.146382 -0.982983 -0.049475 0.099340
1731662458.686655282974243 0.247796 12.940228 4.226464 -0.120226 -0.986901 -0.052895 0.093669
1731662458.786654233932495 0.202280 12.885318 4.208975 -0.102947 -0.988774 -0.054621 0.093515
1731662458.886653423309326 0.153287 12.859516 4.200670 -0.085893 -0.990799 -0.054157 0.089475
1731662458.986652612686157 0.075031 12.855252 4.211512 -0.068512 -0.992457 -0.054637 0.085738
1731662459.086651563644409 0.041883 12.759442 4.185996 -0.046513 -0.993697 -0.052147 0.087660
1731662459.186650514602661 0.011160 12.679809 4.175133 -0.022722 -0.994797 -0.050728 0.085380
1731662459.286649703979492 -0.040889 12.628324 4.161010 -0.000253 -0.995337 -0.052659 0.080819
1731662459.386648893356323 -0.055851 12.536468 4.138135 0.020742 -0.995297 -0.052678 0.078605
1731662459.486648082733154 -0.098485 12.488107 4.116637 0.027477 -0.995055 -0.053326 0.079161
1731662459.586647033691406 -0.157162 12.457156 4.117186 0.032914 -0.995150 -0.052038 0.076713
1731662459.686645984649658 -0.239791 12.426371 4.119004 0.037867 -0.995436 -0.048458 0.072968
1731662459.786645174026489 -0.333263 12.396497 4.120583 0.051003 -0.994784 -0.044374 0.076388
1731662459.886644363403320 -0.402308 12.365149 4.122723 0.070304 -0.993853 -0.043356 0.073710
1731662459.986643314361572 -0.468884 12.336795 4.126043 0.091630 -0.992230 -0.045949 0.070518
1731662460.086642503738403 -0.549567 12.289473 4.127042 0.113067 -0.990092 -0.047694 0.068264
1731662460.186641454696655 -0.614032 12.246980 4.126549 0.128023 -0.987875 -0.053114 0.069936
1731662460.286640644073486 -0.677163 12.204518 4.130439 0.146791 -0.985201 -0.057566 0.067206
1731662460.386639833450317 -0.745775 12.151794 4.135938 0.169225 -0.981585 -0.060982 0.064302
1731662460.486638784408569 -0.820603 12.087147 4.130673 0.196125 -0.976749 -0.054569 0.067222
1731662460.586637973785400 -0.880118 12.029036 4.123916 0.225730 -0.970650 -0.051287 0.065224
1731662460.686636686325073 -0.940081 11.979153 4.120232 0.257312 -0.962547 -0.055674 0.064761
1731662460.786636114120483 -0.993897 11.930378 4.125092 0.289057 -0.953521 -0.056957 0.063242
1731662460.886635303497314 -1.048568 11.867918 4.117420 0.314962 -0.945166 -0.060151 0.061987
1731662460.986634254455566 -1.084732 11.792773 4.117020 0.341434 -0.935853 -0.064778 0.058369
1731662461.086633205413818 -1.094621 11.754347 4.104131 0.370665 -0.924390 -0.070691 0.055802
1731662461.186632394790649 -1.114153 11.702487 4.103889 0.403159 -0.910453 -0.076046 0.052481
1731662461.286631584167480 -1.107782 11.648542 4.083348 0.436712 -0.895213 -0.071077 0.053135
1731662461.386630773544312 -1.091470 11.596583 4.065558 0.466192 -0.880584 -0.069919 0.048457
1731662461.486629724502563 -1.076760 11.533668 4.050089 0.490487 -0.867204 -0.072675 0.045803
1731662461.586628913879395 -1.069264 11.472153 4.038580 0.504373 -0.859678 -0.068565 0.043124
1731662461.686627864837646 -1.075119 11.397672 4.004934 0.509868 -0.855812 -0.076691 0.041701
1731662461.786627054214478 -1.093307 11.305864 3.985047 0.510619 -0.855165 -0.078664 0.042104
1731662461.886626005172729 -1.103844 11.169213 3.964536 0.514875 -0.853554 -0.070958 0.036270
1731662461.986625194549561 -1.124550 11.088896 3.955107 0.521483 -0.850062 -0.064989 0.035023
1731662462.086624145507812 -1.143980 11.011999 3.953416 0.527880 -0.846604 -0.059695 0.032245
1731662462.186623334884644 -1.176965 10.945889 3.954129 0.532854 -0.843845 -0.055340 0.030487
1731662462.286622285842896 -1.238760 10.897701 3.964776 0.532139 -0.844446 -0.053671 0.029303
1731662462.386621475219727 -1.273787 10.826088 3.966764 0.531075 -0.845308 -0.051300 0.027979
1731662462.486620664596558 -1.317417 10.736570 3.973707 0.530822 -0.845514 -0.050906 0.027248
1731662462.586619615554810 -1.362498 10.643117 3.965716 0.534333 -0.843632 -0.046990 0.023770
1731662462.686618804931641 -1.404166 10.600332 3.961097 0.540973 -0.839779 -0.042766 0.017039
1731662462.786617994308472 -1.448373 10.545283 3.966448 0.546197 -0.836550 -0.041128 0.012714
1731662462.886616945266724 -1.490270 10.480458 3.962502 0.551470 -0.833150 -0.041154 0.006924
1731662462.986615896224976 -1.325593 10.379967 3.860828 0.552002 -0.832646 -0.042812 0.012706
1731662463.086615085601807 -1.286532 10.313061 3.822172 0.552292 -0.832413 -0.043557 0.012809
1731662463.186614274978638 -1.236531 10.263093 3.788085 0.552824 -0.831950 -0.044752 0.015540
1731662463.286613225936890 -1.258980 10.194543 3.791101 0.557410 -0.829079 -0.041059 0.015358
1731662463.386612415313721 -1.277656 10.138118 3.796530 0.562715 -0.825456 -0.042992 0.011255
1731662463.486611604690552 -1.287915 10.125879 3.793638 0.566184 -0.823089 -0.043441 0.008509
1731662463.586610317230225 -1.309607 10.111380 3.795299 0.572772 -0.818670 -0.041230 0.003517
1731662463.686609745025635 -1.320743 10.061657 3.793660 0.576818 -0.815762 -0.040740 0.012412
1731662463.786608695983887 -1.339440 10.038568 3.795600 0.576775 -0.815645 -0.042857 0.014729
1731662463.886607885360718 -1.357290 10.014883 3.793713 0.577490 -0.815075 -0.043967 0.015007
1731662463.986606836318970 -1.370181 9.971791 3.786872 0.578902 -0.813994 -0.045546 0.014563
1731662464.086606025695801 -1.417778 9.899188 3.797153 0.588281 -0.807384 -0.044281 0.009722
1731662464.186605215072632 -1.399477 9.923330 3.778284 0.595018 -0.802596 -0.042038 0.005126
1731662464.286604404449463 -1.392354 9.895154 3.768397 0.606933 -0.793779 -0.039303 0.001276
1731662464.386603355407715 -1.387967 9.848724 3.762229 0.625251 -0.779421 -0.039318 -0.004343
1731662464.486602306365967 -1.377229 9.820261 3.754266 0.641368 -0.765860 -0.045870 -0.001339
1731662464.586601495742798 -1.355601 9.781279 3.738750 0.660516 -0.748992 -0.052211 0.001918
1731662464.686600685119629 -1.323900 9.731751 3.713658 0.680393 -0.730728 -0.055485 0.004921
1731662464.786599636077881 -1.283211 9.651448 3.700813 0.702986 -0.709340 -0.051431 0.001201
1731662464.886598587036133 -1.267863 9.636521 3.694494 0.717713 -0.694474 -0.050593 -0.005854
1731662464.986597776412964 -1.252796 9.623954 3.687981 0.731486 -0.679809 -0.052047 -0.008876
1731662465.086596965789795 -1.243950 9.591153 3.684261 0.737431 -0.673134 -0.054587 -0.010344
1731662465.186595916748047 -1.240847 9.549618 3.678379 0.741238 -0.668993 -0.053573 -0.012013
1731662465.286595106124878 -1.237710 9.513027 3.673689 0.742421 -0.667412 -0.057813 -0.005562
1731662465.386594295501709 -1.235112 9.500954 3.664014 0.742106 -0.667637 -0.059421 -0.002989
1731662465.486593246459961 -1.234365 9.397679 3.649229 0.746092 -0.663521 -0.055476 -0.003005
1731662465.586592435836792 -1.240621 9.373082 3.638361 0.750873 -0.658372 -0.051438 -0.009549
1731662465.686591386795044 -1.246409 9.376038 3.630131 0.753702 -0.655321 -0.048043 -0.013444
1731662465.786590576171875 -1.256134 9.355785 3.621220 0.756020 -0.652711 -0.045428 -0.018390
1731662465.886589527130127 -1.267639 9.359017 3.622344 0.753464 -0.655794 -0.043502 -0.018297
1731662465.986588716506958 -1.283353 9.371330 3.630351 0.748358 -0.661599 -0.044512 -0.016274
1731662466.086587905883789 -1.303188 9.417857 3.639383 0.733766 -0.677571 -0.045795 -0.019702
1731662466.186586856842041 -1.327517 9.418876 3.634689 0.717596 -0.694978 -0.041649 -0.018077
1731662466.286585807800293 -1.355717 9.476924 3.631816 0.699022 -0.713547 -0.040553 -0.023963
1731662466.386584997177124 -1.391505 9.539313 3.636380 0.674750 -0.736558 -0.037071 -0.028632
1731662466.486583948135376 -1.433275 9.598418 3.647697 0.646358 -0.761684 -0.031878 -0.032289
1731662466.586583375930786 -1.481866 9.638693 3.658481 0.615418 -0.787231 -0.032139 -0.022261
1731662466.686582326889038 -1.525832 9.665617 3.664107 0.585838 -0.809491 -0.034609 -0.017899
1731662466.786581516265869 -1.564585 9.737108 3.661999 0.567833 -0.822530 -0.027172 -0.016480
1731662466.886580467224121 -1.592248 9.798884 3.650784 0.564536 -0.825011 -0.019454 -0.016629
1731662466.986579656600952 -1.622316 9.834827 3.631037 0.563208 -0.826068 -0.014330 -0.014248
1731662467.086578607559204 -1.644060 9.855017 3.616127 0.565985 -0.824111 -0.012512 -0.018556
1731662467.186578035354614 -1.668493 9.845459 3.605843 0.570180 -0.821122 -0.012740 -0.022184
1731662467.286576747894287 -1.690513 9.834845 3.602440 0.570432 -0.821033 -0.013156 -0.018435
1731662467.386575937271118 -1.708499 9.812143 3.604875 0.569559 -0.821703 -0.016016 -0.012248
1731662467.486575126647949 -1.714389 9.803834 3.601613 0.569219 -0.821955 -0.017252 -0.009053
1731662467.586574316024780 -1.719869 9.783310 3.597081 0.571054 -0.820763 -0.014508 -0.005949
1731662467.686573266983032 -1.729009 9.746180 3.593296 0.576462 -0.816932 -0.015839 -0.007933
1731662467.786572217941284 -1.739229 9.712302 3.592376 0.579891 -0.814474 -0.016397 -0.009533
1731662467.886571407318115 -1.746883 9.684148 3.588114 0.584416 -0.811233 -0.016240 -0.009755
1731662467.986570596694946 -1.756860 9.656753 3.589539 0.583075 -0.812224 -0.017590 -0.002350
1731662468.086569547653198 -1.771340 9.626111 3.590845 0.583430 -0.811906 -0.020358 0.002044
1731662468.186568498611450 -1.777189 9.609906 3.591844 0.583654 -0.811738 -0.020365 0.003891
1731662468.286567687988281 -1.779648 9.588023 3.587744 0.586106 -0.810029 -0.016890 0.006918
1731662468.386566877365112 -1.784408 9.567709 3.585766 0.590619 -0.806782 -0.016105 0.003530
1731662468.486566066741943 -1.790385 9.548578 3.583544 0.593594 -0.804634 -0.014479 0.000947
1731662468.586565017700195 -1.794673 9.533589 3.583005 0.596345 -0.802617 -0.013164 0.002199
1731662468.686564207077026 -1.805308 9.518212 3.587292 0.593916 -0.804363 -0.015043 0.006143
1731662468.786563158035278 -1.821952 9.507021 3.589777 0.593612 -0.804534 -0.016413 0.008978
1731662468.886562347412109 -1.830517 9.495303 3.592253 0.593424 -0.804664 -0.016118 0.010134
1731662468.986561298370361 -1.836107 9.479100 3.596465 0.594602 -0.803825 -0.011397 0.013544
1731662469.086560487747192 -1.838909 9.466380 3.594016 0.598559 -0.800916 -0.011362 0.011474
1731662469.186559438705444 -1.838583 9.456242 3.595258 0.602861 -0.797707 -0.010726 0.010400
1731662469.286558628082275 -1.842733 9.440413 3.597995 0.608204 -0.793665 -0.009602 0.009600
1731662469.386559724807739 -1.848700 9.402015 3.601688 0.609056 -0.792885 -0.011505 0.015859
1731662469.486558914184570 -1.858813 9.350559 3.608990 0.609938 -0.792045 -0.013789 0.021215
1731662469.586557865142822 -1.857791 9.379400 3.612346 0.608689 -0.792968 -0.013614 0.022684
1731662469.686556816101074 -1.855697 9.335033 3.608609 0.612455 -0.790044 -0.007378 0.025977
1731662469.786556005477905 -1.856270 9.313195 3.616033 0.618149 -0.785695 -0.004837 0.023486
1731662469.886555194854736 -1.858495 9.278638 3.617977 0.623429 -0.781574 -0.004658 0.021353
1731662469.986554384231567 -1.864523 9.249107 3.622563 0.626827 -0.778767 -0.005739 0.024021
1731662470.086553335189819 -1.872971 9.220004 3.624549 0.625574 -0.779533 -0.006848 0.030644
1731662470.186552286148071 -1.874913 9.207365 3.630562 0.624002 -0.780698 -0.006865 0.032925
1731662470.286551475524902 -1.879323 9.180474 3.633788 0.624478 -0.780329 -0.006062 0.032820
1731662470.386550664901733 -1.880052 9.147841 3.636357 0.628593 -0.776836 0.000845 0.037364
1731662470.486549854278564 -1.885133 9.119778 3.638061 0.632995 -0.773311 0.002610 0.036050
1731662470.586548805236816 -1.888724 9.090642 3.639694 0.637737 -0.769475 0.001647 0.034610
1731662470.686547994613647 -1.889697 9.055904 3.641775 0.641433 -0.766433 0.000425 0.033818
1731662470.786546945571899 -1.895297 9.030911 3.645130 0.640816 -0.766581 -0.000916 0.041316
1731662470.886546134948730 -1.903048 9.000071 3.648085 0.640043 -0.767130 -0.001514 0.043062
1731662470.986545085906982 -1.907022 8.967204 3.652363 0.637564 -0.769263 -0.000362 0.041783
1731662471.086544275283813 -1.909597 8.929538 3.650161 0.635900 -0.770477 0.005888 0.044289
1731662471.186542987823486 -1.914162 8.903884 3.654466 0.634166 -0.771944 0.008917 0.043085
1731662471.286542415618896 -1.920309 8.870677 3.656410 0.630414 -0.775126 0.010358 0.040621
1731662471.386541604995728 -1.934405 8.840473 3.663589 0.622752 -0.781257 0.012013 0.040899
1731662471.486540555953979 -1.948129 8.799756 3.675538 0.608185 -0.792298 0.012304 0.047152
1731662471.586539745330811 -1.966461 8.747941 3.687519 0.593728 -0.803135 0.013124 0.047838
1731662471.686538696289062 -1.990600 8.698876 3.697653 0.575786 -0.816171 0.019636 0.044166
1731662471.786537885665894 -2.011961 8.655576 3.705749 0.559794 -0.826659 0.031584 0.047622
1731662471.886537075042725 -2.030351 8.614668 3.714885 0.546329 -0.835457 0.034613 0.048345
1731662471.986536026000977 -2.053612 8.561510 3.723737 0.532310 -0.844490 0.038515 0.044711
1731662472.086534976959229 -2.088002 8.522665 3.738605 0.521988 -0.851048 0.038321 0.042163
1731662472.186534166336060 -2.124899 8.475809 3.754841 0.510464 -0.857675 0.037930 0.048806
1731662472.286533355712891 -2.149606 8.444253 3.769298 0.501019 -0.863114 0.037702 0.050927
1731662472.386532545089722 -2.180018 8.406498 3.780136 0.491286 -0.868789 0.037653 0.049254
1731662472.486531496047974 -2.208581 8.361133 3.792321 0.488191 -0.869558 0.048095 0.056796
1731662472.586530447006226 -2.227698 8.328322 3.803044 0.490330 -0.867824 0.048534 0.064052
1731662472.686529636383057 -2.249634 8.294888 3.815612 0.492601 -0.866495 0.049331 0.064017
1731662472.786528825759888 -2.281655 8.257633 3.833040 0.497639 -0.863918 0.047191 0.061439
1731662472.886527776718140 -2.316580 8.211772 3.850127 0.498334 -0.862923 0.044737 0.070893
1731662472.986526966094971 -2.347082 8.173739 3.865352 0.498231 -0.862722 0.044074 0.074386
1731662473.086525917053223 -2.381700 8.120200 3.878128 0.497147 -0.863312 0.045849 0.073727
1731662473.186525106430054 -2.422107 8.053989 3.894602 0.497311 -0.862420 0.050930 0.079494
1731662473.286524534225464 -2.449212 8.013399 3.905865 0.499618 -0.860343 0.049780 0.087829
1731662473.386522293090820 -2.477422 7.964514 3.923060 0.502380 -0.858585 0.050406 0.088910
1731662473.486521482467651 -2.499545 7.917615 3.943109 0.507568 -0.855747 0.048263 0.087991
1731662473.586520433425903 -2.531899 7.851178 3.961436 0.509583 -0.853900 0.040064 0.097852
1731662473.686519384384155 -2.562957 7.803465 3.971870 0.508272 -0.854677 0.037776 0.098796
1731662473.786518573760986 -2.598137 7.744214 3.994304 0.507369 -0.855315 0.037373 0.098060
1731662473.886517524719238 -2.637585 7.667436 4.020619 0.506596 -0.855504 0.041151 0.098888
1731662473.986516475677490 -2.661935 7.615579 4.037227 0.509095 -0.853293 0.041939 0.104665
1731662474.086515665054321 -2.688292 7.566130 4.056281 0.512209 -0.851426 0.041432 0.104881
1731662474.186514616012573 -2.715737 7.510157 4.074171 0.516996 -0.848789 0.040755 0.103010
1731662474.286513566970825 -2.737777 7.455334 4.092753 0.519817 -0.846852 0.035555 0.106620
1731662474.386512756347656 -2.768602 7.405586 4.109021 0.519132 -0.847092 0.035836 0.107947
1731662474.486511707305908 -2.794525 7.356298 4.124429 0.518701 -0.847657 0.036130 0.105460
1731662474.586510896682739 -2.825353 7.304756 4.141281 0.516941 -0.849114 0.038532 0.101451
1731662474.686509847640991 -2.853463 7.248603 4.157843 0.518049 -0.847365 0.045833 0.107223
1731662474.786508798599243 -2.878444 7.192772 4.172147 0.522082 -0.844773 0.046206 0.107956
1731662474.886507987976074 -2.905890 7.140580 4.192482 0.527343 -0.841965 0.045038 0.104765
1731662474.986506938934326 -2.941200 7.063337 4.213610 0.532921 -0.838736 0.038557 0.105021
1731662475.086505889892578 -2.978377 6.976674 4.234881 0.533704 -0.837971 0.039162 0.106917
1731662475.186504840850830 -3.007942 6.918198 4.253642 0.533466 -0.838217 0.039774 0.105944
1731662475.286504030227661 -3.041323 6.849138 4.272670 0.532182 -0.839410 0.043217 0.101517
1731662475.386503219604492 -3.079657 6.772901 4.292876 0.525959 -0.842708 0.051345 0.102829
1731662475.486502170562744 -3.120110 6.710781 4.311979 0.514934 -0.849179 0.052743 0.104675
1731662475.586501359939575 -3.145754 6.666239 4.329492 0.501961 -0.857201 0.053865 0.101682
1731662475.686500310897827 -3.192670 6.616633 4.347596 0.488784 -0.865210 0.054866 0.097423
1731662475.786499261856079 -3.231279 6.583033 4.357073 0.471320 -0.875014 0.051940 0.097525
1731662475.886498451232910 -3.321091 6.525915 4.387731 0.451262 -0.885532 0.054378 0.096122
1731662475.986497163772583 -3.360049 6.510983 4.393776 0.430267 -0.896094 0.059473 0.091368
1731662476.086496591567993 -3.419477 6.487595 4.409242 0.411594 -0.904347 0.066532 0.091214
1731662476.186495542526245 -3.479260 6.434599 4.423613 0.398516 -0.909937 0.069141 0.091755
1731662476.286494493484497 -3.532376 6.399312 4.437167 0.390035 -0.913680 0.071998 0.088752
1731662476.386493682861328 -3.597979 6.352261 4.456099 0.392617 -0.913515 0.065974 0.083601
1731662476.486492633819580 -3.667763 6.276432 4.483940 0.393233 -0.913286 0.060754 0.087098
1731662476.586491823196411 -3.722845 6.227973 4.508107 0.392192 -0.913961 0.060488 0.084869
1731662476.686490774154663 -3.786066 6.172758 4.529588 0.389977 -0.915304 0.061780 0.079498
1731662476.786489486694336 -3.848917 6.105928 4.551461 0.390525 -0.914324 0.062185 0.087375
1731662476.886488914489746 -3.904037 6.032456 4.564904 0.393916 -0.912960 0.060028 0.087923
1731662476.986487865447998 -3.959716 5.968048 4.580802 0.397315 -0.911982 0.057187 0.084613
1731662477.086486816406250 -4.035019 5.886005 4.603598 0.402577 -0.910235 0.047759 0.084396
1731662477.186486005783081 -4.108607 5.803045 4.631326 0.399445 -0.911055 0.043860 0.092186
1731662477.286484956741333 -4.177068 5.741016 4.652712 0.395276 -0.913091 0.042256 0.090756
1731662477.386484146118164 -4.253909 5.681569 4.670564 0.390649 -0.915442 0.044134 0.086090
1731662477.486483097076416 -4.322738 5.606056 4.693411 0.392092 -0.913829 0.047736 0.094351
1731662477.586482286453247 -4.386429 5.520708 4.711754 0.395042 -0.912653 0.045978 0.094304
1731662477.686481237411499 -4.351759 5.574619 4.691708 0.395064 -0.913061 0.046252 0.090024
1731662477.786480188369751 -4.299756 5.664699 4.669351 0.393590 -0.913922 0.037487 0.091804
1731662477.886479377746582 -4.375674 5.538051 4.709458 0.387111 -0.916116 0.036767 0.097596
1731662477.986478328704834 -4.418960 5.528698 4.724074 0.377726 -0.920136 0.040339 0.095109
1731662478.086477279663086 -4.415628 5.572080 4.725287 0.366395 -0.924767 0.045798 0.092000
1731662478.186476469039917 -4.460896 5.543478 4.743223 0.359041 -0.926687 0.049401 0.099502
1731662478.286475419998169 -4.519421 5.489655 4.761658 0.349476 -0.930117 0.051509 0.100477
1731662478.386477470397949 -4.581678 5.455823 4.780799 0.339529 -0.934117 0.052925 0.096670
1731662478.486476659774780 -4.663209 5.420360 4.803921 0.328782 -0.938467 0.047716 0.094368
1731662478.586475372314453 -4.741616 5.361751 4.822578 0.312012 -0.943822 0.043917 0.099600
1731662478.686474561691284 -4.812225 5.331257 4.841097 0.294520 -0.949670 0.044572 0.096948
1731662478.786473512649536 -4.889795 5.288392 4.862191 0.277051 -0.955023 0.051011 0.092589
1731662478.886472463607788 -4.848879 5.402061 4.844374 0.265358 -0.957148 0.055191 0.102019
1731662478.986471652984619 -4.821484 5.460331 4.844933 0.253619 -0.960262 0.055821 0.102269
1731662479.086470603942871 -4.821889 5.498991 4.843065 0.242393 -0.963422 0.058624 0.098117
1731662479.186469793319702 -4.878572 5.515204 4.847855 0.231171 -0.967113 0.052608 0.092117
1731662479.286468982696533 -4.936697 5.508749 4.865026 0.214814 -0.970536 0.051805 0.096084
1731662479.386467695236206 -4.968954 5.541012 4.879010 0.195949 -0.974803 0.052840 0.092585
1731662479.486466884613037 -5.047902 5.529628 4.893070 0.177862 -0.978235 0.058627 0.089355
1731662479.586465835571289 -5.030403 5.646314 4.880646 0.164670 -0.979946 0.057013 0.096644
1731662479.686464786529541 -5.082979 5.678223 4.854759 0.161862 -0.980618 0.055127 0.095655
1731662479.786463975906372 -5.150288 5.678013 4.853538 0.162596 -0.980659 0.056728 0.093018
1731662479.886462926864624 -5.272264 5.650496 4.860433 0.165006 -0.981020 0.049414 0.089056
1731662479.986461877822876 -5.353125 5.643817 4.876010 0.159793 -0.981641 0.046680 0.093106
1731662480.086461067199707 -5.441232 5.634721 4.893185 0.152765 -0.982907 0.048003 0.090839
1731662480.186460018157959 -5.532223 5.619054 4.908975 0.146406 -0.983847 0.051227 0.089370
1731662480.286458969116211 -5.578339 5.635295 4.922050 0.146282 -0.982505 0.052043 0.102848
1731662480.386458396911621 -5.647456 5.611515 4.918561 0.144303 -0.982910 0.048787 0.103366
1731662480.486457347869873 -5.753392 5.573134 4.935666 0.143411 -0.983356 0.047863 0.100767
1731662480.586456298828125 -5.876635 5.520437 4.936444 0.140461 -0.984331 0.040368 0.098663
1731662480.686455488204956 -5.914580 5.536617 4.943261 0.129837 -0.985399 0.035303 0.104334
1731662480.786454439163208 -6.140566 5.475785 5.018987 0.113188 -0.987559 0.036741 0.102793
1731662480.886453390121460 -6.135007 5.492939 5.040123 0.093584 -0.989470 0.043299 0.101574
1731662480.986452579498291 -6.229604 5.468678 5.059417 0.081991 -0.989803 0.044349 0.107707
1731662481.086451530456543 -6.273654 5.497214 5.058197 0.069959 -0.990771 0.043881 0.107486
1731662481.186450481414795 -6.309814 5.507568 5.054205 0.060452 -0.991426 0.049703 0.104640
1731662481.286449670791626 -6.392837 5.542617 5.067098 0.047208 -0.992800 0.045875 0.100079
1731662481.386448621749878 -6.465579 5.574672 5.086565 0.028428 -0.993121 0.045569 0.104048
1731662481.486447811126709 -6.531674 5.619398 5.088796 0.009002 -0.993597 0.049345 0.101239
1731662481.586446762084961 -6.522587 5.685396 5.070953 -0.007760 -0.993213 0.056716 0.101244
1731662481.686445713043213 -6.655907 5.749644 5.080438 -0.022641 -0.992224 0.053855 0.109906
1731662481.786444902420044 -6.788995 5.789768 5.085091 -0.036584 -0.992149 0.054799 0.106293
1731662481.886443853378296 -6.853769 5.823312 5.092134 -0.051738 -0.991477 0.058597 0.104224
1731662481.986442804336548 -6.930842 5.855855 5.102089 -0.068721 -0.990929 0.060056 0.098647
1731662482.086441993713379 -7.022420 5.968403 5.096352 -0.095871 -0.989077 0.052042 0.099127
1731662482.186440944671631 -7.094834 6.060183 5.089754 -0.122183 -0.986584 0.050896 0.095564
1731662482.286439895629883 -7.188001 6.112419 5.105335 -0.147490 -0.983038 0.055221 0.093987
1731662482.386447191238403 -7.213384 6.201026 5.091636 -0.166456 -0.979663 0.057691 0.096043
1731662482.486446380615234 -7.281393 6.249131 5.083861 -0.179223 -0.977613 0.054064 0.096072
1731662482.586445569992065 -7.373461 6.290377 5.086086 -0.194738 -0.974819 0.054526 0.093980
1731662482.686444759368896 -7.411690 6.372385 5.092606 -0.208417 -0.972075 0.057807 0.091057
1731662482.786443948745728 -7.480380 6.475554 5.088164 -0.223244 -0.969783 0.052016 0.083531
1731662482.886443376541138 -7.601470 6.575121 5.116775 -0.243561 -0.965031 0.044834 0.085925
1731662482.986442327499390 -7.722607 6.685739 5.146698 -0.264743 -0.959609 0.046584 0.083022
1731662483.086441516876221 -7.790932 6.768543 5.155506 -0.282792 -0.954376 0.049754 0.081977
1731662483.186440706253052 -7.799902 6.831240 5.145699 -0.294554 -0.950454 0.043500 0.089346
1731662483.286439895629883 -7.830868 6.884732 5.132411 -0.297025 -0.949817 0.045946 0.086675
1731662483.386439323425293 -7.876177 6.954391 5.133105 -0.300592 -0.948427 0.050710 0.086941
1731662483.486438512802124 -7.970274 7.046176 5.140991 -0.305117 -0.947821 0.043454 0.081551
1731662483.586437702178955 -8.047127 7.126547 5.159567 -0.317067 -0.944103 0.034389 0.083395
1731662483.686436891555786 -8.118505 7.200918 5.174684 -0.325332 -0.941405 0.033575 0.082392
1731662483.786436319351196 -8.206949 7.240276 5.203214 -0.327168 -0.940586 0.035567 0.083630
1731662483.886435508728027 -8.239540 7.237209 5.219078 -0.318940 -0.942298 0.027082 0.098071
1731662483.986434698104858 -8.328343 7.253236 5.238498 -0.312999 -0.944644 0.023398 0.095562
1731662484.086433887481689 -8.430340 7.301656 5.262020 -0.307300 -0.946499 0.023624 0.095650
1731662484.186433076858521 -8.562910 7.365791 5.302286 -0.301755 -0.948908 0.012751 0.091403
1731662484.286432266235352 -8.564132 7.376050 5.323864 -0.301801 -0.948554 0.008176 0.095368
1731662484.386431455612183 -8.539282 7.370583 5.336625 -0.301537 -0.948627 0.008223 0.095472
1731662484.486430883407593 -8.591062 7.408150 5.360835 -0.302910 -0.948082 0.011661 0.096180
1731662484.586429834365845 -8.669670 7.458327 5.375252 -0.297765 -0.948851 0.005416 0.104822
1731662484.686429262161255 -8.733228 7.511238 5.379594 -0.292471 -0.950431 0.003333 0.105500
1731662484.786428451538086 -8.806669 7.573999 5.390558 -0.286253 -0.952365 0.004702 0.105064
1731662484.886427640914917 -8.894953 7.644478 5.408144 -0.279996 -0.954680 -0.007033 0.100687
1731662484.986426830291748 -8.962342 7.698297 5.429424 -0.279679 -0.954529 -0.008594 0.102865
1731662485.086426019668579 -9.021533 7.739685 5.451775 -0.287112 -0.952300 -0.006548 0.103193
1731662485.186424970626831 -9.084114 7.781045 5.476277 -0.294245 -0.949864 -0.000993 0.105720
1731662485.286424398422241 -9.144414 7.815740 5.494226 -0.300838 -0.946685 -0.001226 0.115251
1731662485.386423826217651 -9.188819 7.851285 5.499553 -0.307930 -0.944453 -0.000240 0.114834
1731662485.486423015594482 -9.247696 7.900136 5.513642 -0.310758 -0.943619 0.005125 0.113957
1731662485.586422204971313 -9.320209 7.965278 5.527138 -0.312789 -0.943500 0.000584 0.109408
1731662485.686421394348145 -9.386527 8.017722 5.546968 -0.318938 -0.941240 -0.001390 0.111102
1731662485.786420583724976 -9.438266 8.053174 5.566884 -0.327086 -0.938594 0.001285 0.109790
1731662485.886419773101807 -9.489816 8.095993 5.583328 -0.337415 -0.934848 0.007411 0.110249
1731662485.986418962478638 -9.551969 8.146953 5.600793 -0.349665 -0.929831 0.005288 0.114548
1731662486.086418151855469 -9.595919 8.172696 5.608415 -0.360731 -0.925468 0.004097 0.115606
1731662486.186417341232300 -9.600615 8.172192 5.600812 -0.377406 -0.918911 0.009015 0.114394
1731662486.286416530609131 -9.588352 8.175414 5.579500 -0.395089 -0.911721 0.015117 0.111539
1731662486.386415958404541 -9.577834 8.195221 5.555200 -0.415444 -0.903585 0.011758 0.103937
1731662486.486415147781372 -9.574011 8.221582 5.549038 -0.435685 -0.894240 0.012397 0.101780
1731662486.586414337158203 -9.607500 8.306894 5.556594 -0.448882 -0.887915 0.014833 0.099461
1731662486.686413526535034 -9.635134 8.387007 5.567350 -0.455565 -0.884216 0.019260 0.101251
1731662486.786412715911865 -9.674126 8.483800 5.566207 -0.459270 -0.882593 0.014867 0.099393
1731662486.886412143707275 -9.717630 8.561144 5.557833 -0.459184 -0.882840 0.017397 0.097161
1731662486.986411094665527 -9.793319 8.693320 5.560691 -0.460013 -0.882562 0.020210 0.095202
1731662487.086410522460938 -9.904440 8.868825 5.579528 -0.461579 -0.882508 0.015024 0.088868
1731662487.186409711837769 -9.951300 8.945409 5.602852 -0.467868 -0.879242 0.011273 0.088918
1731662487.286408901214600 -9.987296 9.017739 5.618877 -0.474920 -0.875554 0.011926 0.087830
1731662487.386408090591431 -10.031704 9.102022 5.639758 -0.480831 -0.872086 0.012517 0.090065
1731662487.486407518386841 -9.990190 9.081954 5.651757 -0.480684 -0.871632 0.003303 0.095864
1731662487.586406707763672 -9.918123 9.034845 5.652654 -0.480306 -0.871663 -0.000545 0.097518
1731662487.686405897140503 -9.924966 9.084349 5.657703 -0.477324 -0.873278 0.001185 0.097702
1731662487.786405086517334 -9.956568 9.163113 5.673663 -0.474522 -0.874898 -0.008624 0.096479
1731662487.886404275894165 -9.974908 9.225511 5.689686 -0.475955 -0.873834 -0.011170 0.098773
1731662487.986403465270996 -10.016237 9.328052 5.714676 -0.483035 -0.870133 -0.008565 0.097328
1731662488.086402654647827 -10.072079 9.456199 5.739668 -0.490112 -0.866074 -0.006208 0.098324
1731662488.186401844024658 -10.088858 9.519351 5.741690 -0.496883 -0.861508 -0.014225 0.103482
1731662488.286401033401489 -10.096861 9.586301 5.727038 -0.503008 -0.858527 -0.013023 0.098720
1731662488.386400222778320 -10.123553 9.663300 5.731775 -0.511566 -0.853590 -0.009065 0.097995
1731662488.486399650573730 -10.154863 9.736718 5.742880 -0.521798 -0.847397 -0.003658 0.098143
1731662488.586398601531982 -10.169122 9.795583 5.762373 -0.537555 -0.837620 -0.000006 0.097091
1731662488.686398029327393 -10.171868 9.837727 5.780911 -0.556520 -0.824873 -0.006311 0.099149
1731662488.786397218704224 -10.161807 9.891953 5.792395 -0.572777 -0.813980 -0.000311 0.096761
1731662488.886396408081055 -10.150093 9.951090 5.804611 -0.589621 -0.801818 0.006519 0.096916
1731662488.986395597457886 -10.138029 10.013149 5.814381 -0.606364 -0.788790 0.009892 0.100177
1731662489.086394786834717 -10.126179 10.074183 5.808684 -0.618661 -0.778929 0.006968 0.102376
1731662489.186393737792969 -10.107578 10.132325 5.809734 -0.632753 -0.767867 0.008882 0.099621
1731662489.286393165588379 -10.084522 10.196960 5.804993 -0.649293 -0.753733 0.016479 0.100173
1731662489.386392593383789 -10.065516 10.308400 5.803941 -0.667632 -0.737870 0.024074 0.096107
1731662489.486391782760620 -10.033243 10.372676 5.804083 -0.690648 -0.717938 0.013712 0.085918
1731662489.586390972137451 -9.998785 10.449558 5.812508 -0.711480 -0.698080 0.014174 0.079245
1731662489.686390161514282 -9.958596 10.501936 5.824538 -0.719435 -0.689910 0.015992 0.078620
1731662489.786389350891113 -9.928390 10.568842 5.833431 -0.721624 -0.687146 0.018058 0.082240
1731662489.886388540267944 -9.902840 10.634661 5.826689 -0.720231 -0.688890 0.014032 0.080630
1731662489.986387729644775 -9.913884 10.896612 5.834783 -0.717239 -0.692386 0.016556 0.076787
1731662490.086386919021606 -9.899471 11.074989 5.827070 -0.713027 -0.697230 0.019844 0.071202
1731662490.186386108398438 -9.878042 11.182452 5.826355 -0.710593 -0.700454 0.012482 0.065306
1731662490.286385297775269 -9.858120 11.253732 5.845413 -0.711255 -0.700221 0.006030 0.061401
1731662490.386384725570679 -9.833970 11.281120 5.847099 -0.712360 -0.699282 0.003366 0.059469
1731662490.486383914947510 -9.818072 11.275872 5.844360 -0.710206 -0.701312 -0.003084 0.061312
1731662490.586383104324341 -9.818151 11.350248 5.855295 -0.706089 -0.705523 -0.005130 0.060412
1731662490.686382293701172 -9.810818 11.425075 5.850595 -0.701275 -0.710460 -0.005864 0.058525
1731662490.786381721496582 -9.806116 11.517576 5.864486 -0.696244 -0.715708 -0.014784 0.052802
1731662490.886380910873413 -9.802950 11.598805 5.890630 -0.696566 -0.715148 -0.020517 0.054205
1731662490.986380100250244 -9.795094 11.689117 5.904331 -0.697026 -0.714738 -0.021542 0.053303
1731662491.086379289627075 -9.794986 11.775358 5.931822 -0.697627 -0.714130 -0.021664 0.053537
1731662491.186378479003906 -9.792845 11.850706 5.927570 -0.698275 -0.713182 -0.026667 0.055430
1731662491.386376857757568 -9.775008 11.992240 5.940092 -0.710534 -0.701356 -0.022334 0.052368
1731662491.486376285552979 -9.771668 12.015638 5.945675 -0.715102 -0.696807 -0.020727 0.051563
1731662491.586375474929810 -9.759718 12.102205 5.968768 -0.720797 -0.690491 -0.028288 0.053615
1731662491.686374664306641 -9.740742 12.161474 5.976960 -0.725750 -0.685000 -0.029416 0.056538
1731662491.786373853683472 -9.721353 12.196640 5.987388 -0.731689 -0.678556 -0.028335 0.058220
1731662491.886373043060303 -9.697704 12.261658 6.002234 -0.736574 -0.672954 -0.027215 0.062055
1731662491.986372470855713 -9.676825 12.339804 6.012165 -0.741207 -0.667934 -0.029981 0.059819
1731662492.086371421813965 -9.656401 12.363889 6.018416 -0.750888 -0.657366 -0.025658 0.058130
1731662492.186370611190796 -9.625065 12.424351 6.024485 -0.761134 -0.645477 -0.019154 0.060569
1731662492.286369800567627 -9.579157 12.501944 6.026118 -0.775107 -0.628879 -0.013572 0.059465
1731662492.386368989944458 -9.532787 12.578986 6.038378 -0.791189 -0.608511 -0.019259 0.058003
1731662492.486368417739868 -9.493197 12.632117 6.042740 -0.800159 -0.596789 -0.019731 0.056565
1731662492.586367607116699 -9.454839 12.687876 6.049018 -0.803950 -0.591482 -0.019038 0.058747
1731662492.686366796493530 -9.403653 12.772729 6.052216 -0.806432 -0.587735 -0.020692 0.061707
1731662492.786365985870361 -9.366628 12.853177 6.049349 -0.806408 -0.587943 -0.019745 0.060332
1731662492.886365175247192 -9.331074 12.922008 6.047353 -0.806908 -0.587570 -0.015022 0.058605
1731662492.986364364624023 -9.288436 13.021262 6.051507 -0.807442 -0.587518 -0.012434 0.052018
1731662493.086363554000854 -9.253734 13.081719 6.053875 -0.812048 -0.581219 -0.023475 0.047031
1731662493.186362504959106 -9.223039 13.142569 6.057487 -0.816547 -0.575138 -0.026571 0.041960
1731662493.286361932754517 -9.181125 13.244765 6.062090 -0.821078 -0.568780 -0.026925 0.039950
1731662493.386361360549927 -9.139962 13.353783 6.052726 -0.823570 -0.565317 -0.029336 0.035891
1731662493.486360549926758 -9.105991 13.438096 6.057304 -0.824375 -0.564426 -0.027156 0.033032
1731662493.586359739303589 -9.070750 13.518074 6.061677 -0.825167 -0.563582 -0.024979 0.029155
1731662493.686358928680420 -9.046642 13.581372 6.060492 -0.825573 -0.563018 -0.029935 0.023329
1731662493.786358118057251 -9.026336 13.622607 6.070093 -0.830329 -0.555697 -0.036190 0.021106
1731662493.886357307434082 -9.001455 13.666886 6.072189 -0.834681 -0.549143 -0.037464 0.018617
1731662493.986356496810913 -8.978071 13.707909 6.064189 -0.838923 -0.542563 -0.038384 0.018973
1731662494.086355924606323 -8.940566 13.787144 6.050768 -0.840826 -0.539397 -0.040506 0.020534
1731662494.186355113983154 -9.003018 13.718208 5.997252 -0.839104 -0.542253 -0.037805 0.020915
1731662494.286354064941406 -9.029523 13.695014 5.977333 -0.836703 -0.546065 -0.036597 0.020036
1731662494.386353492736816 -9.016037 13.738098 5.984504 -0.832771 -0.552225 -0.035506 0.016717
1731662494.486352682113647 -9.016317 13.754243 5.964694 -0.833405 -0.551066 -0.039843 0.013206
1731662494.586352109909058 -8.979949 13.814243 5.966986 -0.835384 -0.548006 -0.041612 0.009533
1731662494.686351299285889 -8.989171 13.814451 5.951250 -0.837523 -0.544803 -0.040846 0.008816
1731662494.786350488662720 -8.950208 13.899059 5.949739 -0.837466 -0.545003 -0.039735 0.006666
1731662494.886349678039551 -8.922705 13.958566 5.943114 -0.833652 -0.551209 -0.034117 0.005434
1731662494.986348867416382 -8.893047 14.011377 5.942802 -0.829735 -0.557300 -0.030667 0.004027
1731662495.086348056793213 -8.862424 14.071583 5.947159 -0.824946 -0.564735 -0.023107 0.002080
1731662495.186347246170044 -8.830937 14.125223 5.944483 -0.824296 -0.565721 -0.022238 -0.000828
1731662495.286346435546875 -8.806718 14.173698 5.940918 -0.821823 -0.569363 -0.020648 -0.002756
1731662495.386345624923706 -8.779540 14.226690 5.945282 -0.816846 -0.576573 -0.017913 -0.002322
1731662495.486344814300537 -8.766015 14.282474 5.934880 -0.808394 -0.588370 -0.017820 -0.001409
1731662495.586344242095947 -8.768128 14.314681 5.940598 -0.795874 -0.605294 -0.013958 -0.002905
1731662495.686343431472778 -8.782576 14.345539 5.938737 -0.785826 -0.618255 -0.013840 -0.006870
1731662495.786342620849609 -8.791426 14.376399 5.927068 -0.776768 -0.629577 -0.014164 -0.007922
1731662495.886341810226440 -8.808888 14.400079 5.924043 -0.774998 -0.631610 -0.019452 -0.008285
1731662495.986341238021851 -8.826632 14.425361 5.924529 -0.773425 -0.633501 -0.020706 -0.007796
1731662496.086340188980103 -8.840054 14.461739 5.921359 -0.771639 -0.635754 -0.019328 -0.004180
1731662496.186339378356934 -8.845683 14.503531 5.928836 -0.762837 -0.646200 -0.022465 0.001014
1731662496.286338567733765 -8.846905 14.531670 5.929849 -0.752167 -0.658695 -0.018702 0.004018
1731662496.386337995529175 -8.851184 14.562022 5.926127 -0.740218 -0.672135 -0.017385 0.003061
1731662496.486337184906006 -8.857329 14.612427 5.921756 -0.731617 -0.681428 -0.019541 0.003153
1731662496.586336374282837 -8.857752 14.635456 5.924968 -0.724927 -0.688381 -0.024471 0.003690
1731662496.686335563659668 -8.858173 14.665352 5.918170 -0.721809 -0.691629 -0.024886 0.004759
1731662496.786334753036499 -8.861789 14.703577 5.915296 -0.717958 -0.695470 -0.024740 0.015661
1731662496.886333942413330 -8.879188 14.701710 5.905350 -0.712777 -0.700670 -0.025924 0.018384
1731662496.986333131790161 -8.896571 14.701291 5.895199 -0.708463 -0.705035 -0.024090 0.020622
1731662497.186331510543823 -8.926348 14.724880 5.888668 -0.702350 -0.710794 -0.030677 0.023138
1731662497.286330699920654 -8.932093 14.745717 5.890253 -0.702809 -0.710208 -0.034765 0.021338
1731662497.386330127716064 -8.940464 14.766469 5.890103 -0.703033 -0.709930 -0.036269 0.020679
1731662497.486329317092896 -8.955941 14.775608 5.885282 -0.700235 -0.712540 -0.036185 0.025445
1731662497.586328506469727 -8.965796 14.776783 5.876717 -0.695085 -0.717584 -0.037267 0.023253
1731662497.686327695846558 -8.970574 14.787545 5.874400 -0.690667 -0.721928 -0.035270 0.023562
1731662497.786327123641968 -8.976535 14.808155 5.876692 -0.687216 -0.725337 -0.032474 0.023787
1731662497.886326313018799 -8.969983 14.860780 5.895391 -0.690671 -0.721921 -0.033762 0.025749
1731662497.986325502395630 -8.962847 14.881479 5.903947 -0.700099 -0.712627 -0.038267 0.023648
1731662498.086324691772461 -8.948262 14.945414 5.908216 -0.712946 -0.699686 -0.039873 0.023605
1731662498.186323881149292 -8.941934 14.995578 5.903110 -0.728878 -0.682989 -0.039901 0.025889
1731662498.286322832107544 -8.944858 15.011495 5.897642 -0.739810 -0.670887 -0.041018 0.030150
1731662498.386322259902954 -8.936521 15.036510 5.900369 -0.751423 -0.657875 -0.039751 0.031377
1731662498.486321449279785 -8.943537 15.046476 5.896405 -0.758877 -0.649389 -0.035276 0.033985
1731662498.586320877075195 -8.954556 15.045749 5.892815 -0.763766 -0.643616 -0.034972 0.034597
1731662498.686320066452026 -8.959035 15.053973 5.894972 -0.767557 -0.638311 -0.045230 0.037004
1731662498.786319255828857 -8.944623 15.086838 5.904205 -0.770432 -0.634836 -0.044161 0.038303
1731662498.886318445205688 -8.919844 15.132942 5.910425 -0.773792 -0.630820 -0.043439 0.037755
1731662498.986317634582520 -8.898493 15.184470 5.919992 -0.774881 -0.628770 -0.049704 0.041677
1731662499.086316823959351 -8.891587 15.222123 5.924605 -0.775050 -0.628400 -0.052195 0.041066
1731662499.186316013336182 -8.879239 15.257637 5.929301 -0.776146 -0.627162 -0.050052 0.041965
1731662499.286315202713013 -8.862720 15.300154 5.936861 -0.776404 -0.627278 -0.045705 0.040379
1731662499.386314392089844 -8.842507 15.343585 5.949190 -0.781402 -0.620160 -0.055321 0.041856
1731662499.486313819885254 -8.832185 15.359448 5.956311 -0.787978 -0.611531 -0.060354 0.038436
1731662499.586313009262085 -8.815917 15.391789 5.962231 -0.794388 -0.603190 -0.059979 0.038875
1731662499.686312198638916 -8.800180 15.433515 5.972129 -0.799045 -0.596454 -0.062209 0.043578
1731662499.786311388015747 -8.799938 15.453716 5.975245 -0.803015 -0.590445 -0.068193 0.043500
1731662499.886310577392578 -8.803440 15.472614 5.978695 -0.806393 -0.585824 -0.067628 0.044357
1731662499.986310005187988 -8.789263 15.506815 5.983907 -0.809552 -0.581704 -0.064260 0.046015
1731662500.086308956146240 -8.770347 15.555211 5.992989 -0.815350 -0.572654 -0.071404 0.046620
1731662500.186308145523071 -8.768319 15.570464 6.002003 -0.821424 -0.563447 -0.074639 0.047103
1731662500.286307334899902 -8.759555 15.591263 6.006019 -0.828851 -0.552621 -0.072764 0.048194
1731662500.386306762695312 -8.737777 15.634828 6.012831 -0.835847 -0.541562 -0.072812 0.052609
1731662500.486305952072144 -8.729001 15.660149 6.019817 -0.837464 -0.537402 -0.079979 0.058787
1731662500.586305141448975 -8.737381 15.670114 6.027120 -0.839441 -0.534176 -0.080394 0.059430
1731662500.686304330825806 -8.728498 15.703953 6.036736 -0.840984 -0.532410 -0.077607 0.057128
1731662500.786303520202637 -8.718422 15.731032 6.045895 -0.842981 -0.527963 -0.086735 0.055812
1731662500.886302709579468 -8.726318 15.716541 6.049285 -0.846053 -0.522196 -0.090734 0.057204
1731662500.986301898956299 -8.729928 15.717126 6.049028 -0.847591 -0.519814 -0.089825 0.057578
1731662501.086301326751709 -8.716810 15.727582 6.054186 -0.848667 -0.517556 -0.092395 0.057998
1731662501.186300516128540 -8.706187 15.741498 6.070876 -0.846472 -0.518670 -0.104203 0.060080
1731662501.286299705505371 -8.688170 15.755451 6.070135 -0.844911 -0.520255 -0.108766 0.060243
1731662501.386298894882202 -8.670636 15.778927 6.073993 -0.841855 -0.525378 -0.108556 0.058943
1731662501.486298084259033 -8.659643 15.804538 6.079138 -0.838911 -0.530266 -0.110594 0.053053
1731662501.586297512054443 -8.646695 15.842664 6.086995 -0.837655 -0.531224 -0.116574 0.050459
1731662501.686296463012695 -8.632811 15.862621 6.093332 -0.836990 -0.531423 -0.121306 0.048190
1731662501.786295890808105 -8.610242 15.886309 6.092846 -0.837564 -0.530750 -0.122201 0.043097
1731662501.886295080184937 -8.592196 15.920924 6.094559 -0.837784 -0.531539 -0.118376 0.039640
1731662501.986294269561768 -8.607853 15.921525 6.093179 -0.835996 -0.533807 -0.120081 0.041719
1731662502.086293458938599 -8.608264 15.916718 6.070105 -0.835342 -0.535029 -0.120563 0.037587
1731662502.186292648315430 -8.634006 15.880754 6.047234 -0.835063 -0.535554 -0.120047 0.037946
1731662502.286291599273682 -8.648213 15.854758 6.030517 -0.835160 -0.537381 -0.109963 0.040477
1731662502.386291027069092 -8.692164 15.817877 6.025337 -0.833302 -0.541192 -0.105348 0.040258
1731662502.486290216445923 -8.700065 15.798869 6.022559 -0.832876 -0.541700 -0.105655 0.041433
1731662502.586289644241333 -8.707067 15.783621 6.019413 -0.831444 -0.543542 -0.107206 0.042075
1731662502.686288833618164 -8.711686 15.777441 6.020350 -0.831210 -0.543682 -0.107444 0.044226
1731662502.786288022994995 -8.702099 15.792254 6.015904 -0.829864 -0.544984 -0.110113 0.046835
1731662502.886287212371826 -8.680168 15.825716 6.020996 -0.828215 -0.547480 -0.111750 0.042864
1731662502.986286401748657 -8.658158 15.859481 6.027782 -0.827311 -0.548821 -0.112723 0.040566
1731662503.086285591125488 -8.636524 15.900527 6.042754 -0.826828 -0.548911 -0.116787 0.037584
1731662503.186284780502319 -8.615114 15.940382 6.051748 -0.826034 -0.548859 -0.123288 0.034957
1731662503.286283969879150 -8.605913 15.965773 6.063208 -0.824848 -0.550346 -0.125101 0.033083
1731662503.386283636093140 -8.589152 16.006344 6.069974 -0.824413 -0.550938 -0.126626 0.027859
1731662503.486282587051392 -8.576580 16.052707 6.076414 -0.824014 -0.551122 -0.126884 0.034150
1731662503.586281776428223 -8.557256 16.095258 6.085351 -0.823150 -0.551407 -0.131426 0.033198
1731662503.686280965805054 -8.545665 16.132314 6.090934 -0.819932 -0.556199 -0.132566 0.027932
1731662503.786280155181885 -8.534930 16.171765 6.099340 -0.815850 -0.562257 -0.133118 0.023135
1731662503.886279344558716 -8.519692 16.227720 6.106751 -0.810496 -0.570489 -0.131174 0.020766
1731662503.986278772354126 -8.507054 16.294458 6.109029 -0.806040 -0.577084 -0.130563 0.015091
1731662504.086277723312378 -8.500049 16.336544 6.111237 -0.799932 -0.586174 -0.128002 0.011163
1731662504.186276912689209 -8.492520 16.392045 6.114856 -0.793486 -0.595712 -0.124445 0.004529
1731662504.286276102066040 -8.494986 16.450234 6.118310 -0.782616 -0.610266 -0.122282 0.011621
1731662504.386275529861450 -8.496879 16.505851 6.130607 -0.769868 -0.625999 -0.123287 0.015134
1731662504.486274719238281 -8.505422 16.552669 6.134504 -0.756185 -0.642349 -0.124326 0.010737
1731662504.586273908615112 -8.510672 16.610122 6.143516 -0.741693 -0.659162 -0.123964 0.005445
1731662504.686273097991943 -8.510391 16.679993 6.136071 -0.730736 -0.672036 -0.119840 0.005506
1731662504.786272525787354 -8.510730 16.740137 6.132820 -0.724124 -0.679172 -0.119846 0.002367
1731662504.886271715164185 -8.503688 16.801205 6.133838 -0.718852 -0.685108 -0.117810 -0.000630
1731662504.986270904541016 -8.491542 16.875823 6.140542 -0.716046 -0.688775 -0.113390 -0.003268
1731662505.086270093917847 -8.504310 16.959246 6.146817 -0.711028 -0.693458 -0.115609 0.013769
1731662505.186269283294678 -8.505757 17.031238 6.152702 -0.707643 -0.696651 -0.117119 0.014218
1731662505.286268472671509 -8.512885 17.106873 6.165356 -0.703957 -0.700387 -0.117138 0.013462
1731662505.386267662048340 -8.516945 17.195905 6.183899 -0.701410 -0.702325 -0.120777 0.013255
1731662505.486266851425171 -8.519556 17.307565 6.190557 -0.701517 -0.702459 -0.119207 0.014634
1731662505.586266040802002 -8.519288 17.413049 6.210097 -0.702191 -0.701741 -0.119651 0.013088
1731662505.686265230178833 -8.521669 17.523733 6.228225 -0.702185 -0.702076 -0.118099 0.008784
1731662505.786264657974243 -8.522196 17.626527 6.243969 -0.699957 -0.704012 -0.117570 0.024585
1731662505.886263847351074 -8.530747 17.721152 6.254027 -0.693611 -0.709676 -0.120292 0.028176
1731662505.986263036727905 -8.541465 17.801289 6.271276 -0.686016 -0.716964 -0.121071 0.026199
1731662506.086262226104736 -8.555820 17.895338 6.293803 -0.676490 -0.724987 -0.127265 0.023655
1731662506.186261415481567 -8.560914 17.973599 6.305451 -0.673064 -0.727953 -0.128335 0.024486
1731662506.286260366439819 -8.561390 18.012131 6.314651 -0.670589 -0.730351 -0.128118 0.021971
1731662506.386256694793701 -8.574248 18.063177 6.311369 -0.667530 -0.733312 -0.128043 0.016210
1731662506.486254453659058 -8.595221 18.166921 6.324020 -0.662378 -0.738170 -0.124170 0.030707
1731662506.586252450942993 -8.610112 18.257336 6.333493 -0.653823 -0.745636 -0.124837 0.030961
1731662506.686250209808350 -8.630657 18.289086 6.345882 -0.644710 -0.753538 -0.125151 0.029444
1731662506.786247968673706 -8.655508 18.388621 6.376593 -0.634988 -0.761136 -0.129193 0.027793
1731662506.886245965957642 -8.672357 18.474385 6.385003 -0.631798 -0.763927 -0.128502 0.027099
1731662506.986243724822998 -8.693593 18.542519 6.389292 -0.629648 -0.766144 -0.126418 0.024202
1731662507.086241483688354 -8.716965 18.637553 6.402767 -0.627501 -0.768272 -0.124850 0.020302
1731662507.186239242553711 -8.755102 18.784885 6.427645 -0.623321 -0.772368 -0.118069 0.031282
1731662507.286237239837646 -8.771030 18.831059 6.432427 -0.615002 -0.779036 -0.117757 0.031773
1731662507.386235237121582 -8.796397 18.918781 6.454616 -0.603941 -0.787684 -0.118319 0.028462
1731662507.486232995986938 -8.827917 18.992223 6.470509 -0.592632 -0.795928 -0.121058 0.025094
1731662507.586230754852295 -8.844376 19.031552 6.465422 -0.588434 -0.799841 -0.115720 0.024661
1731662507.686228752136230 -8.867937 19.077692 6.476072 -0.583054 -0.804213 -0.113445 0.020479
1731662507.786226511001587 -8.901222 19.124194 6.480072 -0.576220 -0.809678 -0.110163 0.016007
1731662507.886224269866943 -8.944080 19.208670 6.489995 -0.567912 -0.816312 -0.103390 0.020535
1731662507.986222267150879 -8.983233 19.277982 6.494055 -0.552364 -0.826730 -0.104490 0.022219
1731662508.086220026016235 -9.021620 19.329088 6.509730 -0.533433 -0.838904 -0.106485 0.018724
1731662508.186217784881592 -9.061680 19.389211 6.527517 -0.512914 -0.851381 -0.109057 0.013288
1731662508.286215305328369 -9.108172 19.460929 6.538970 -0.497353 -0.860966 -0.106110 0.010877
1731662508.386213541030884 -9.177937 19.571812 6.559578 -0.483039 -0.869081 -0.106374 0.007457
1731662508.486211538314819 -9.247611 19.704356 6.581223 -0.467840 -0.877458 -0.105781 0.001722
1731662508.586209297180176 -9.308769 19.745053 6.584117 -0.451411 -0.886489 -0.101810 -0.000945
1731662508.686207056045532 -9.362800 19.724170 6.574396 -0.431089 -0.896656 -0.100693 0.005545
1731662508.786204814910889 -9.405393 19.697014 6.564547 -0.408440 -0.907601 -0.097048 0.004271
1731662508.886202812194824 -9.440821 19.659886 6.562220 -0.387714 -0.917019 -0.093449 0.004614
1731662508.986200571060181 -9.474258 19.653300 6.559434 -0.372901 -0.923421 -0.090708 0.003320
1731662509.086198568344116 -9.505533 19.668221 6.554109 -0.364664 -0.926878 -0.088984 0.000395
1731662509.186196327209473 -9.525397 19.666630 6.548891 -0.360607 -0.928331 -0.090347 0.001195
1731662509.286194086074829 -9.542332 19.650338 6.547950 -0.353598 -0.930875 -0.091864 0.001477
1731662509.386210203170776 -9.573067 19.664328 6.547067 -0.335824 -0.937656 -0.089452 -0.004575
1731662509.486207962036133 -9.603760 19.640911 6.524230 -0.311390 -0.946749 -0.081248 -0.010072
1731662509.586205959320068 -9.624802 19.635251 6.526138 -0.286332 -0.954933 -0.077229 -0.012325
1731662509.686203718185425 -9.637860 19.646178 6.530354 -0.259145 -0.962689 -0.076573 -0.014503
1731662509.786201715469360 -9.656991 19.644058 6.531881 -0.230153 -0.970021 -0.075562 -0.019475
1731662509.886199474334717 -9.676660 19.644635 6.541377 -0.208453 -0.974857 -0.076285 -0.019562
1731662509.986197233200073 -9.703806 19.640000 6.549513 -0.186949 -0.979127 -0.076599 -0.022219
1731662510.086194992065430 -9.741006 19.564037 6.539345 -0.163378 -0.982871 -0.081113 -0.026336
1731662510.186192989349365 -9.775801 19.406497 6.485003 -0.133725 -0.987558 -0.075883 -0.032993
1731662510.286190748214722 -9.770329 19.303345 6.459366 -0.106314 -0.990888 -0.073371 -0.038150
1731662510.386188745498657 -9.753258 19.220797 6.444510 -0.078484 -0.993298 -0.074016 -0.041485
1731662510.486186504364014 -9.722803 19.204418 6.434647 -0.049270 -0.995858 -0.060299 -0.046941
1731662510.586184263229370 -9.735456 19.139160 6.432038 -0.027167 -0.996345 -0.062600 -0.051383
1731662510.686182260513306 -9.730407 19.111831 6.452440 -0.008177 -0.996309 -0.067043 -0.052972
1731662510.786180019378662 -9.727112 19.081716 6.467511 0.011941 -0.995656 -0.073848 -0.055431
1731662510.886177778244019 -9.723069 19.041730 6.457023 0.038583 -0.994401 -0.077119 -0.061074
1731662510.986175775527954 -9.714318 19.018244 6.464637 0.065064 -0.993397 -0.071674 -0.061572
1731662511.086173534393311 -9.709132 19.006787 6.480618 0.093425 -0.991008 -0.070989 -0.064308
1731662511.186171293258667 -9.681154 19.015163 6.483549 0.120601 -0.988065 -0.067610 -0.067909
1731662511.286169290542603 -9.672106 18.983568 6.476746 0.147987 -0.984198 -0.061186 -0.075569
1731662511.386167049407959 -9.676360 18.925676 6.476181 0.169674 -0.980533 -0.064317 -0.075022
1731662511.486165046691895 -9.657426 18.905491 6.474857 0.190320 -0.976394 -0.067754 -0.076438
1731662511.586162805557251 -9.644741 18.854648 6.475436 0.214173 -0.970700 -0.074395 -0.079606
1731662511.686160564422607 -9.623657 18.817916 6.470169 0.239192 -0.965079 -0.069669 -0.080967
1731662511.786158561706543 -9.590426 18.793094 6.487225 0.264164 -0.958452 -0.068502 -0.083030
1731662511.886156320571899 -9.562611 18.755090 6.489823 0.288236 -0.951559 -0.064445 -0.085453
1731662511.986154317855835 -9.547057 18.699386 6.488237 0.315790 -0.943001 -0.057613 -0.087790
1731662512.086152076721191 -9.566329 18.623435 6.478424 0.340173 -0.934472 -0.059910 -0.086343
1731662512.186149835586548 -9.573648 18.583141 6.475091 0.362452 -0.925970 -0.061207 -0.086385
1731662512.286147832870483 -9.593412 18.525046 6.464192 0.384697 -0.916868 -0.063193 -0.085841
1731662512.386145591735840 -9.597350 18.473895 6.453108 0.406240 -0.907959 -0.061058 -0.082775
1731662512.486143350601196 -9.570450 18.432640 6.461071 0.428054 -0.897695 -0.057501 -0.087217
1731662512.586141347885132 -9.543517 18.397730 6.458723 0.448467 -0.887695 -0.056512 -0.087640
1731662512.686139106750488 -9.535839 18.346326 6.446127 0.470818 -0.875992 -0.053320 -0.090140
1731662512.786137104034424 -9.540719 18.278208 6.422297 0.492682 -0.863862 -0.052989 -0.090549
1731662512.886134862899780 -9.522867 18.233216 6.410408 0.510921 -0.853565 -0.054620 -0.086045
1731662512.986132621765137 -9.510884 18.178416 6.399425 0.529509 -0.842178 -0.053691 -0.086452
1731662513.086130619049072 -9.493894 18.118309 6.387059 0.550019 -0.829100 -0.054540 -0.084245
1731662513.186128377914429 -9.490977 18.033162 6.391526 0.578049 -0.811019 -0.041965 -0.079666
1731662513.286126136779785 -9.510085 17.911944 6.397060 0.609950 -0.787213 -0.039908 -0.081629
1731662513.386185407638550 -9.519090 17.813155 6.378509 0.640612 -0.762652 -0.041379 -0.079162
1731662513.486184597015381 -9.528920 17.720505 6.357405 0.670725 -0.736407 -0.042165 -0.077816
1731662513.586183309555054 -9.525416 17.640788 6.340941 0.694725 -0.714095 -0.041370 -0.075590
1731662513.686182498931885 -9.496943 17.588330 6.334903 0.717649 -0.691533 -0.041078 -0.071236
1731662513.786181688308716 -9.502065 17.504844 6.345739 0.739416 -0.668564 -0.038837 -0.069124
1731662513.886180877685547 -9.478245 17.472061 6.365077 0.761071 -0.644773 -0.024317 -0.066681
1731662513.986179828643799 -9.508644 17.382593 6.388699 0.785051 -0.615603 -0.017116 -0.066597
1731662514.086179018020630 -9.487729 17.317638 6.429290 0.805391 -0.588923 -0.015134 -0.065463
1731662514.186177968978882 -9.479382 17.274253 6.445292 0.824166 -0.562493 -0.014514 -0.064355
1731662514.286177396774292 -9.456432 17.265652 6.459636 0.835959 -0.546116 -0.015029 -0.051998
1731662514.386176347732544 -9.481571 17.213736 6.459471 0.837635 -0.543875 -0.013475 -0.048850
1731662514.486175298690796 -9.514297 17.168970 6.457834 0.838985 -0.541904 -0.012660 -0.047781
1731662514.586174488067627 -9.588480 17.072491 6.442333 0.841769 -0.537852 -0.009159 -0.045339
1731662514.686173439025879 -9.627055 16.982030 6.427207 0.845430 -0.531848 -0.006968 -0.048357
1731662514.786172628402710 -9.682578 16.894932 6.411617 0.850958 -0.522939 -0.006565 -0.048600
1731662514.886171579360962 -9.744873 16.772581 6.387733 0.855631 -0.515200 -0.007758 -0.049041
1731662514.986170768737793 -9.804455 16.650366 6.373087 0.857366 -0.512870 -0.010503 -0.042152
1731662515.086169958114624 -9.833289 16.592185 6.366429 0.858409 -0.511209 -0.012431 -0.040557
1731662515.186168909072876 -9.846858 16.539166 6.359741 0.858851 -0.510277 -0.012305 -0.042908
1731662515.286168098449707 -9.872152 16.452263 6.353169 0.858871 -0.510184 -0.014246 -0.043013
1731662515.386167287826538 -9.898229 16.371462 6.339573 0.861108 -0.506380 -0.015675 -0.042734
1731662515.486166238784790 -9.911889 16.318632 6.330698 0.863855 -0.501444 -0.016327 -0.045188
1731662515.586165428161621 -9.939906 16.226543 6.316114 0.867321 -0.495264 -0.016760 -0.046753
1731662515.686164379119873 -9.920214 16.197708 6.317629 0.867036 -0.497036 -0.016182 -0.030687
1731662515.786163568496704 -9.889216 16.210434 6.322035 0.865860 -0.499143 -0.018559 -0.028259
1731662515.886162519454956 -9.860426 16.199391 6.325786 0.865150 -0.500330 -0.018132 -0.029275
1731662515.986161708831787 -9.842454 16.171353 6.326205 0.864682 -0.501145 -0.015635 -0.030577
1731662516.086160898208618 -9.876105 16.114650 6.312572 0.868609 -0.494364 -0.011972 -0.031288
1731662516.186159849166870 -9.851156 16.103385 6.311974 0.869771 -0.492212 -0.011454 -0.033094
1731662516.286158800125122 -9.856106 16.024488 6.302972 0.872223 -0.487704 -0.012408 -0.034895
1731662516.386157989501953 -9.857325 15.984558 6.300530 0.871323 -0.489779 -0.009809 -0.028564
1731662516.486156940460205 -9.823643 15.996791 6.305418 0.868620 -0.494583 -0.009721 -0.028167
1731662516.586156368255615 -9.791044 16.005653 6.310348 0.866524 -0.498211 -0.008222 -0.029224
1731662516.686155319213867 -9.769149 15.996345 6.311640 0.866379 -0.498414 -0.001977 -0.031105
1731662516.786154508590698 -9.731126 16.012519 6.306446 0.866789 -0.497550 -0.002798 -0.033353
1731662516.886153459548950 -9.702425 16.013048 6.305643 0.866923 -0.496999 -0.001205 -0.037877
1731662516.986152648925781 -9.687217 16.005024 6.302207 0.867825 -0.495782 0.000500 -0.032850
1731662517.086151599884033 -9.670706 16.002156 6.310393 0.865523 -0.499759 -0.000002 -0.033342
1731662517.186151027679443 -9.632881 16.026462 6.316372 0.862289 -0.505292 -0.000551 -0.033734
1731662517.286149978637695 -9.599002 16.033343 6.321411 0.859655 -0.509604 0.000345 -0.036017
1731662517.386148929595947 -9.577429 16.020801 6.328754 0.858700 -0.510754 0.013011 -0.039933
1731662517.486148118972778 -9.557271 15.997558 6.326911 0.859213 -0.510142 0.011241 -0.037165
1731662517.586147308349609 -9.540715 15.967014 6.330496 0.856774 -0.514000 0.013192 -0.039601
1731662517.686146259307861 -9.551218 15.892709 6.320462 0.853545 -0.519595 0.012331 -0.036474
1731662517.786145448684692 -9.561075 15.843670 6.327273 0.846435 -0.531711 0.010087 -0.027005
1731662517.886144399642944 -9.565251 15.824452 6.335225 0.838178 -0.544770 0.008086 -0.024862
1731662517.986143589019775 -9.579787 15.744445 6.337918 0.828791 -0.558973 0.007653 -0.024422
1731662518.086142539978027 -9.600694 15.689387 6.332984 0.817566 -0.575183 0.011861 -0.024701
1731662518.186141729354858 -9.615800 15.657579 6.324827 0.808866 -0.587251 0.012238 -0.026872
1731662518.286140680313110 -9.637442 15.545211 6.328774 0.799899 -0.599385 0.011724 -0.027583
1731662518.386140108108521 -9.656748 15.479175 6.323255 0.791607 -0.609986 0.013643 -0.033006
1731662518.486139059066772 -9.669510 15.440192 6.322748 0.781857 -0.622625 0.011468 -0.030107
1731662518.586138010025024 -9.687169 15.397070 6.323599 0.769385 -0.638118 0.004028 -0.028896
1731662518.686137199401855 -9.705750 15.356091 6.323370 0.758860 -0.650554 0.000079 -0.030177
1731662518.786136388778687 -9.724981 15.340792 6.322742 0.748117 -0.662767 -0.001145 -0.032535
1731662518.886135339736938 -9.760075 15.244929 6.316019 0.740832 -0.670941 0.005080 -0.031309
1731662518.986134290695190 -9.766126 15.212080 6.316847 0.741301 -0.670230 0.004547 -0.035258
1731662519.086133480072021 -9.751994 15.218356 6.317837 0.743382 -0.667721 0.004736 -0.038848
1731662519.186132669448853 -9.736512 15.210692 6.317011 0.745394 -0.665636 0.001739 -0.036243
1731662519.286131620407104 -9.727762 15.202755 6.318661 0.743913 -0.667363 -0.003725 -0.034732
1731662519.386130571365356 -9.693696 15.304363 6.324656 0.743005 -0.668402 -0.005028 -0.034011
1731662519.486129999160767 -9.665674 15.387542 6.329832 0.742710 -0.668704 -0.006829 -0.034219
1731662519.586128950119019 -9.645724 15.418001 6.328522 0.744486 -0.666908 -0.002339 -0.031140
1731662519.786127090454102 -9.630009 15.405001 6.320114 0.750029 -0.660263 -0.002665 -0.038766
1731662519.886126279830933 -9.617301 15.405529 6.313993 0.751140 -0.658999 -0.002823 -0.038748
1731662519.986125469207764 -9.590067 15.478861 6.309849 0.748120 -0.662625 -0.005186 -0.034895
1731662520.086124658584595 -9.600725 15.448422 6.310350 0.746334 -0.664559 -0.007211 -0.035983
1731662520.186123609542847 -9.615933 15.406544 6.313457 0.745980 -0.664755 -0.007300 -0.039520
1731662520.286122560501099 -9.626968 15.386122 6.315269 0.746260 -0.664478 -0.003860 -0.039362
1731662520.386121749877930 -9.648183 15.323467 6.325900 0.749045 -0.661508 0.001377 -0.036560
1731662520.486120939254761 -9.663021 15.265855 6.321822 0.751262 -0.658827 -0.000143 -0.039392
1731662520.586119890213013 -9.654013 15.283215 6.319737 0.752385 -0.657380 -0.001152 -0.042039
1731662520.686119079589844 -9.640015 15.308322 6.314981 0.753197 -0.656259 -0.002169 -0.044882
1731662520.786118030548096 -9.621070 15.362471 6.313704 0.752500 -0.657527 -0.006254 -0.036916
1731662520.886117219924927 -9.612828 15.371027 6.315181 0.751129 -0.659251 -0.009038 -0.033333
1731662520.986116409301758 -9.604409 15.374318 6.312920 0.749901 -0.660621 -0.008091 -0.034108
1731662521.086115360260010 -9.598593 15.375947 6.309457 0.749199 -0.661442 -0.007611 -0.033706
1731662521.186114311218262 -9.591406 15.379405 6.306967 0.750523 -0.660036 -0.005799 -0.032155
1731662521.286113500595093 -9.593337 15.363127 6.303386 0.750213 -0.660242 -0.004886 -0.035166
1731662521.386114597320557 -9.598317 15.347849 6.291281 0.746807 -0.663792 -0.003500 -0.040585
1731662521.486113786697388 -9.607359 15.315789 6.292281 0.740006 -0.671412 -0.005355 -0.039606
1731662521.586112976074219 -9.629263 15.277705 6.296883 0.732985 -0.678937 -0.008413 -0.041310
1731662521.686111927032471 -9.657962 15.241668 6.298226 0.725544 -0.686646 -0.008943 -0.044975
1731662521.786110877990723 -9.691198 15.220098 6.300960 0.716401 -0.696142 -0.008291 -0.045681
1731662521.886110067367554 -9.723001 15.203657 6.296267 0.707535 -0.705316 -0.006376 -0.043396
1731662521.986109256744385 -9.746641 15.179953 6.291377 0.699800 -0.712698 -0.006372 -0.047958
1731662522.086108207702637 -9.768871 15.140726 6.287118 0.692689 -0.719236 -0.005394 -0.053413
1731662522.186107397079468 -9.790159 15.097369 6.285478 0.686496 -0.725211 -0.008662 -0.052126
1731662522.286106348037720 -9.810864 15.090038 6.286852 0.679691 -0.731757 -0.012951 -0.048825
1731662522.386105537414551 -9.835472 15.082962 6.289127 0.673760 -0.737055 -0.013890 -0.051032
1731662522.486104726791382 -9.855054 15.088394 6.294045 0.668507 -0.741777 -0.012272 -0.052105
1731662522.586103439331055 -9.880467 15.062983 6.294279 0.666802 -0.743789 -0.008387 -0.045636
1731662522.686102867126465 -9.885459 15.046840 6.291458 0.668517 -0.742083 -0.007153 -0.048435
1731662522.786101818084717 -9.879821 15.045025 6.287306 0.671299 -0.739494 -0.008530 -0.049329
1731662522.886101007461548 -9.875404 15.042891 6.280302 0.673352 -0.737663 -0.011081 -0.048245
1731662522.986100196838379 -9.872448 15.035687 6.278645 0.671502 -0.739595 -0.016205 -0.042692
1731662523.086099147796631 -9.869055 15.028377 6.278858 0.670983 -0.740079 -0.017326 -0.042001
1731662523.186098337173462 -9.863336 14.996546 6.276174 0.671198 -0.739807 -0.020260 -0.042058
1731662523.286097526550293 -9.856626 14.966703 6.267097 0.673340 -0.737996 -0.021778 -0.038735
1731662523.386096477508545 -9.850105 14.936653 6.259639 0.677487 -0.733900 -0.021243 -0.044164
1731662523.486095666885376 -9.840359 14.950012 6.253228 0.676342 -0.734681 -0.022158 -0.048094
1731662523.586094617843628 -9.832215 14.981960 6.246769 0.673274 -0.737360 -0.021719 -0.050296
1731662523.786092996597290 -9.830944 14.943575 6.252914 0.654579 -0.754051 -0.028703 -0.045921
1731662523.886091947555542 -9.839548 14.923558 6.256590 0.645433 -0.761785 -0.030261 -0.046731
1731662523.986090898513794 -9.829870 14.904235 6.257383 0.634438 -0.771082 -0.031936 -0.043597
1731662524.086090087890625 -9.823285 14.896870 6.251533 0.625324 -0.778265 -0.031701 -0.047626
1731662524.186089277267456 -9.821244 14.893341 6.251436 0.616149 -0.785255 -0.032088 -0.052016
1731662524.286088228225708 -9.821880 14.884513 6.249547 0.608316 -0.791145 -0.029697 -0.056200
1731662524.386087417602539 -9.817842 14.906355 6.252934 0.596825 -0.800206 -0.029053 -0.051255
1731662524.486086606979370 -9.820185 14.922951 6.256495 0.585623 -0.808524 -0.033204 -0.047233
1731662524.586085557937622 -9.823405 14.930755 6.257323 0.579659 -0.812848 -0.032978 -0.046752
1731662524.686084747314453 -9.822463 14.944541 6.257757 0.579283 -0.813178 -0.032655 -0.045889
1731662524.786083698272705 -9.817798 14.947932 6.260364 0.580202 -0.812686 -0.031518 -0.043750
1731662524.886082887649536 -9.818593 14.938387 6.261205 0.583792 -0.809877 -0.031131 -0.048136
1731662524.986081838607788 -9.812478 14.933951 6.262589 0.585418 -0.808481 -0.031899 -0.051254
1731662525.086081027984619 -9.803290 14.929757 6.261685 0.587111 -0.807121 -0.029655 -0.054561
1731662525.186079978942871 -9.795079 14.915200 6.262293 0.585375 -0.808610 -0.032221 -0.049470
1731662525.286079168319702 -9.786613 14.949207 6.262679 0.584136 -0.809723 -0.033784 -0.044628
1731662525.386080026626587 -9.771058 15.041895 6.260318 0.582983 -0.810707 -0.032422 -0.042817
1731662525.486079216003418 -9.764520 15.044934 6.258730 0.583287 -0.810777 -0.032098 -0.037245
1731662525.586078166961670 -9.761234 15.059255 6.258977 0.585882 -0.808664 -0.035703 -0.039112
1731662525.686077356338501 -9.768492 15.004164 6.260042 0.589111 -0.806141 -0.035988 -0.042298
1731662525.786076307296753 -9.759592 15.024894 6.257798 0.591735 -0.804073 -0.033604 -0.046752
1731662525.886075019836426 -9.754986 15.025801 6.251420 0.591354 -0.804584 -0.029143 -0.045789
1731662525.986074447631836 -9.760649 14.997370 6.252662 0.589440 -0.806140 -0.031846 -0.041042
1731662526.086073637008667 -9.763078 14.982823 6.250679 0.589668 -0.806130 -0.030827 -0.038679
1731662526.186072587966919 -9.759822 14.985460 6.249807 0.590389 -0.805768 -0.030415 -0.035408
1731662526.286071538925171 -9.759661 14.966783 6.248505 0.593889 -0.803406 -0.028556 -0.031928
1731662526.386070966720581 -9.762449 14.940398 6.246737 0.599019 -0.799485 -0.028286 -0.034648
1731662526.486069917678833 -9.764876 14.919667 6.243798 0.602567 -0.796686 -0.026303 -0.038900
1731662526.586069107055664 -9.769257 14.903612 6.243761 0.603309 -0.796438 -0.025727 -0.032281
1731662526.686068058013916 -9.778862 14.873700 6.245056 0.601844 -0.797677 -0.026169 -0.028470
1731662526.786067247390747 -9.783409 14.856680 6.242987 0.601666 -0.797905 -0.025494 -0.026367
1731662526.886066198348999 -9.792772 14.821711 6.240309 0.602886 -0.797067 -0.024882 -0.024344
1731662526.986065149307251 -9.799285 14.791547 6.237458 0.605858 -0.794923 -0.023030 -0.022431
1731662527.086064338684082 -9.802017 14.770687 6.235100 0.609760 -0.791906 -0.022302 -0.024103
1731662527.186063289642334 -9.804386 14.755003 6.233515 0.612765 -0.789580 -0.019600 -0.026438
1731662527.286062479019165 -9.807168 14.741038 6.234702 0.614749 -0.788239 -0.017585 -0.021317
1731662527.386061668395996 -9.812706 14.731885 6.238009 0.610962 -0.791277 -0.018516 -0.016249
1731662527.486060619354248 -9.819359 14.716389 6.238374 0.607655 -0.793903 -0.018125 -0.012060
1731662527.586059808731079 -9.820643 14.704362 6.236450 0.604600 -0.796280 -0.017726 -0.009152
1731662527.686058759689331 -9.826258 14.703642 6.246285 0.601870 -0.798428 -0.015269 -0.005656
1731662527.786057949066162 -9.831709 14.708116 6.266100 0.597414 -0.801764 -0.015177 -0.006389
1731662527.886056900024414 -9.839482 14.712470 6.285832 0.592551 -0.805388 -0.011899 -0.009554
1731662527.986056089401245 -9.862176 14.692725 6.310773 0.588628 -0.808318 -0.009210 -0.007322
1731662528.086055278778076 -9.886434 14.679091 6.340006 0.578497 -0.815603 -0.011522 -0.001049
1731662528.186054229736328 -9.904624 14.679160 6.368066 0.570240 -0.821391 -0.011548 0.003091
1731662528.286053180694580 -9.919643 14.684674 6.392493 0.561709 -0.827252 -0.010200 0.005787
1731662528.386052370071411 -9.937537 14.682118 6.416410 0.555109 -0.831710 -0.004560 0.009601
1731662528.486051559448242 -9.947091 14.688900 6.431264 0.550105 -0.835055 -0.004229 0.007075
1731662528.586050510406494 -9.954408 14.700229 6.453270 0.545173 -0.838299 -0.002019 0.006045
1731662528.686049699783325 -9.964820 14.705052 6.476392 0.540377 -0.841415 0.001005 0.003415
1731662528.786048650741577 -9.976812 14.710547 6.496230 0.534829 -0.844926 0.002549 0.007234
1731662528.886047840118408 -9.992110 14.703807 6.518103 0.526302 -0.850210 -0.001099 0.012135
1731662528.986046791076660 -10.004592 14.703411 6.541060 0.519744 -0.854197 -0.002749 0.014382
1731662529.086045742034912 -10.018612 14.703618 6.564413 0.513357 -0.858010 -0.002338 0.016656
1731662529.186044931411743 -10.036141 14.671711 6.579954 0.511078 -0.859311 -0.001276 0.019548
1731662529.286044120788574 -10.052712 14.618255 6.585614 0.516138 -0.856296 -0.001323 0.018902
1731662529.386045932769775 -10.068640 14.561372 6.597083 0.522431 -0.852507 -0.001274 0.017209
1731662529.486044883728027 -10.077121 14.540146 6.608369 0.527246 -0.849583 -0.000851 0.014813
1731662529.586043834686279 -10.102009 14.480446 6.620312 0.531629 -0.846785 -0.001629 0.018004
1731662529.686043024063110 -10.122015 14.436432 6.636968 0.531451 -0.846743 -0.004691 0.023758
1731662529.786041975021362 -10.143727 14.389583 6.655296 0.531404 -0.846689 -0.006174 0.026267
1731662529.886041164398193 -10.165168 14.333546 6.672993 0.531513 -0.846601 -0.006979 0.026689
1731662529.986040115356445 -10.179385 14.278626 6.673406 0.536204 -0.843551 -0.006546 0.029392
1731662530.086039304733276 -10.192587 14.231295 6.680223 0.542718 -0.839458 -0.006096 0.027024
1731662530.186038255691528 -10.211922 14.179711 6.688268 0.549520 -0.835105 -0.006472 0.024190
1731662530.286037445068359 -10.239694 14.115415 6.698566 0.553515 -0.832360 -0.007096 0.027327
1731662530.386036634445190 -10.263235 14.066409 6.709505 0.551793 -0.833285 -0.008898 0.032882
1731662530.486035823822021 -10.289613 14.013221 6.721080 0.551175 -0.833534 -0.010364 0.036324
1731662530.586034774780273 -10.307233 13.959897 6.734831 0.550795 -0.833696 -0.009923 0.038434
1731662530.686033725738525 -10.338739 13.800478 6.755078 0.554926 -0.830842 -0.003625 0.041784
1731662530.786032915115356 -10.367934 13.588377 6.789775 0.562087 -0.826030 -0.005062 0.041323
1731662530.886031866073608 -10.409183 13.421064 6.814171 0.568923 -0.821399 -0.007125 0.039750
1731662530.986031055450439 -10.452764 13.297097 6.831358 0.575182 -0.817069 -0.007583 0.038797
1731662531.086030006408691 -10.503050 13.179643 6.833276 0.578575 -0.814732 -0.006882 0.037625
1731662531.186029195785522 -10.526506 13.099149 6.848773 0.577875 -0.814902 -0.009365 0.043674
1731662531.286028146743774 -10.550552 13.014926 6.865639 0.576996 -0.815382 -0.010344 0.046054
1731662531.386027336120605 -10.590480 12.871863 6.891469 0.577562 -0.815034 -0.009087 0.045368
1731662531.486026525497437 -10.641304 12.727405 6.909414 0.581900 -0.811733 -0.000895 0.049812
1731662531.586025476455688 -10.662175 12.647695 6.926914 0.585365 -0.809079 -0.002022 0.052302
1731662531.686024427413940 -10.688426 12.563655 6.944540 0.591609 -0.804480 -0.002787 0.052941
1731662531.786023616790771 -10.712149 12.460162 6.972510 0.596908 -0.800265 -0.004878 0.057033
1731662531.886022806167603 -10.744642 12.349814 6.993818 0.597788 -0.799077 -0.001171 0.064216
1731662531.986021518707275 -10.766366 12.244041 7.021018 0.599667 -0.797158 -0.002261 0.070233
1731662532.086020946502686 -10.781277 12.134927 7.039060 0.601264 -0.795561 -0.007872 0.074176
1731662532.186019897460938 -10.790445 12.008844 7.040105 0.603356 -0.794125 -0.015327 0.071359
1731662532.286019086837769 -10.794517 11.907487 7.033105 0.606821 -0.791440 -0.005591 0.073207
1731662532.386018037796021 -10.788849 11.817356 7.035488 0.618182 -0.782639 -0.010605 0.072209
1731662532.486017227172852 -10.778228 11.728326 7.038605 0.633096 -0.770399 -0.013117 0.074177
1731662532.586016416549683 -10.773025 11.637232 7.047114 0.648215 -0.757403 -0.016868 0.076640
1731662532.686015605926514 -10.766361 11.552870 7.045424 0.664762 -0.743599 -0.012878 0.070603
1731662532.786014318466187 -10.771998 11.469751 7.013207 0.676702 -0.734676 -0.012443 0.046595
1731662532.886013507843018 -10.775070 11.392763 6.996472 0.688220 -0.724389 -0.012212 0.038269
1731662532.986012458801270 -10.768297 11.323963 7.000605 0.699565 -0.712518 -0.006491 0.053712
1731662533.086011648178101 -10.762621 11.226873 7.002198 0.710412 -0.701577 0.000879 0.055711
1731662533.186010837554932 -10.753007 11.114100 7.015237 0.710357 -0.701013 -0.014013 0.061462
1731662533.286009788513184 -10.736728 11.001803 7.031658 0.711051 -0.699729 -0.023360 0.065116
1731662533.386013031005859 -10.723496 10.872830 7.029424 0.716421 -0.695648 -0.027442 0.045402
1731662533.486011981964111 -10.712343 10.746973 7.013000 0.713442 -0.697818 -0.046194 0.043778
1731662533.586011171340942 -10.688417 10.614495 7.013794 0.710895 -0.700517 -0.049470 0.038177
1731662533.686010360717773 -10.644023 10.495723 6.992799 0.712715 -0.700077 -0.035841 0.025406
1731662533.786009550094604 -10.629822 10.379912 6.992455 0.717720 -0.694974 -0.033315 0.027926
1731662533.886008739471436 -10.620645 10.246340 6.995955 0.721772 -0.691031 -0.031280 0.023273
1731662533.986007690429688 -10.625561 10.093279 6.992802 0.726393 -0.686291 -0.031997 0.018284
1731662534.086006879806519 -10.555958 10.332808 6.935979 0.724548 -0.688119 -0.033285 0.020381
1731662534.186005830764771 -10.534610 10.551123 6.884460 0.722427 -0.690307 -0.033855 0.020719
1731662534.286005020141602 -10.543112 10.562114 6.869099 0.722070 -0.690579 -0.035241 0.021762
1731662534.386004447937012 -10.554752 10.452362 6.876476 0.722831 -0.689812 -0.034673 0.021735
1731662534.486003398895264 -10.561148 10.331234 6.874429 0.727785 -0.684756 -0.031454 0.021213
1731662534.586002588272095 -10.562491 10.211487 6.879853 0.731812 -0.680524 -0.031073 0.019293
1731662534.686001777648926 -10.552899 10.089133 6.882328 0.735986 -0.676054 -0.031148 0.017464
1731662534.786000728607178 -10.550066 9.955621 6.883899 0.741131 -0.670567 -0.031182 0.009634
1731662534.885999917984009 -10.548443 9.826420 6.857273 0.743327 -0.668169 -0.031843 0.000716
1731662534.985999107360840 -10.562026 9.705632 6.860729 0.738901 -0.672920 -0.034560 0.003172
1731662535.085998296737671 -10.574690 9.592117 6.866975 0.736957 -0.674931 -0.036475 0.005714
1731662535.185997247695923 -10.596018 9.478184 6.868510 0.731987 -0.680124 -0.038983 0.010337
1731662535.285996437072754 -10.618361 9.358120 6.863045 0.730022 -0.683092 -0.020590 0.005328
1731662535.385995626449585 -10.634456 9.231544 6.862049 0.726372 -0.686971 -0.020788 0.004589
1731662535.485994815826416 -10.638591 9.100314 6.865629 0.722269 -0.691207 -0.022912 0.005886
1731662535.585994005203247 -10.635269 8.961671 6.871165 0.720396 -0.693140 -0.023825 0.004314
1731662535.685992956161499 -10.614339 9.172215 6.827854 0.713904 -0.699725 -0.026588 0.004437
1731662535.785992145538330 -10.594719 9.378148 6.799356 0.703850 -0.709778 -0.027651 0.006796
1731662535.885991334915161 -10.592170 9.331286 6.808681 0.693591 -0.719658 -0.030372 0.010034
1731662535.985990285873413 -10.598985 9.219267 6.812141 0.682914 -0.729744 -0.032226 0.007919
1731662536.085989475250244 -10.596876 9.107833 6.811940 0.678563 -0.733799 -0.032274 0.007129
1731662536.185988664627075 -10.599220 9.010677 6.819138 0.676708 -0.735550 -0.031499 0.006390
1731662536.285987854003906 -10.589353 8.902678 6.822096 0.678951 -0.733550 -0.030227 0.004153
1731662536.385987043380737 -10.588930 8.780908 6.823444 0.681993 -0.730788 -0.028809 -0.002080
1731662536.485986232757568 -10.596835 8.660176 6.823816 0.682258 -0.730362 -0.033047 0.001655
1731662536.585985183715820 -10.612204 8.539097 6.819945 0.682891 -0.729727 -0.034051 0.000245
1731662536.685984373092651 -10.567616 8.815753 6.786848 0.682096 -0.730514 -0.033014 0.002397
1731662536.785983562469482 -10.546177 9.306913 6.731418 0.682712 -0.730137 -0.027965 0.004662
1731662536.885982751846313 -10.539140 9.293598 6.720682 0.687622 -0.725619 -0.025531 0.000856
1731662536.985981702804565 -10.539427 9.199281 6.725615 0.692656 -0.720782 -0.026444 0.001225
1731662537.085980892181396 -10.548802 9.075499 6.718955 0.698008 -0.715570 -0.027298 0.000203
1731662537.185980081558228 -10.554161 8.948925 6.717111 0.697945 -0.715538 -0.028785 0.007022
1731662537.285979032516479 -10.557681 8.838091 6.715453 0.698722 -0.714664 -0.030183 0.011454
1731662537.385978221893311 -10.559057 8.726354 6.705882 0.700345 -0.712894 -0.032442 0.015704
1731662537.485977649688721 -10.559589 8.601084 6.682881 0.703794 -0.709396 -0.034459 0.015642
1731662537.585976600646973 -10.539835 8.515813 6.669342 0.709135 -0.704080 -0.034337 0.014796
1731662537.685975790023804 -10.526432 8.404042 6.656174 0.713306 -0.699835 -0.034794 0.014696
1731662537.785974740982056 -10.511847 8.294536 6.651353 0.717424 -0.695592 -0.035114 0.014864
1731662537.885973930358887 -10.470383 8.198912 6.655732 0.718762 -0.693991 -0.036547 0.020539
1731662537.985972881317139 -10.465109 8.080997 6.653819 0.719224 -0.693288 -0.038675 0.023933
1731662538.085972309112549 -10.460272 8.357602 6.619439 0.720030 -0.692157 -0.040614 0.028743
1731662538.185971260070801 -10.447773 8.721124 6.569896 0.723710 -0.688399 -0.038985 0.028821
1731662538.285970449447632 -10.416921 8.788222 6.550372 0.731622 -0.680166 -0.034641 0.030048
1731662538.385969638824463 -10.378860 8.814991 6.509804 0.740235 -0.670906 -0.033189 0.028916
1731662538.485968828201294 -10.332357 8.787846 6.494228 0.748861 -0.661433 -0.031602 0.026750
1731662538.585968017578125 -10.307253 8.719702 6.482898 0.756177 -0.653294 -0.030290 0.022028
1731662538.685967206954956 -10.292467 8.658214 6.468414 0.756955 -0.652028 -0.034304 0.026484
1731662538.785966157913208 -10.275709 8.595458 6.461509 0.757925 -0.650848 -0.035635 0.026002
1731662538.885965347290039 -10.278017 8.822672 6.433590 0.758487 -0.650134 -0.035247 0.027938
1731662538.985964536666870 -10.277567 9.355095 6.388955 0.762549 -0.645425 -0.032937 0.029335
1731662539.085963726043701 -10.262217 9.423116 6.352333 0.771668 -0.634564 -0.033480 0.027124
1731662539.185962677001953 -10.244955 9.432471 6.329310 0.781116 -0.622829 -0.035202 0.026501
1731662539.285961866378784 -10.225890 9.443232 6.307249 0.790398 -0.610968 -0.036481 0.025654
1731662539.385961055755615 -10.212508 9.391320 6.299022 0.792410 -0.608075 -0.040118 0.026860
1731662539.485960245132446 -10.199436 9.347376 6.298320 0.793079 -0.606966 -0.041171 0.030379
1731662539.585959434509277 -10.180180 9.285334 6.297944 0.792976 -0.606974 -0.041317 0.032631
1731662539.685958385467529 -10.156183 9.208372 6.293892 0.795322 -0.603876 -0.042008 0.032140
1731662539.785957574844360 -10.133570 9.148571 6.291725 0.800301 -0.597391 -0.042445 0.028975
1731662539.885956764221191 -10.115356 9.107960 6.292735 0.804209 -0.592166 -0.043250 0.026774
1731662539.985955953598022 -10.093183 9.060559 6.291312 0.807424 -0.587940 -0.042249 0.024653
1731662540.085954904556274 -10.077512 8.988473 6.280647 0.806824 -0.588595 -0.043860 0.025840
1731662540.185954093933105 -10.084217 9.125364 6.271780 0.805966 -0.589542 -0.044911 0.029007
1731662540.285953283309937 -10.097019 9.291672 6.265832 0.805378 -0.590107 -0.046811 0.030799
1731662540.385952472686768 -10.085156 9.330005 6.256635 0.808449 -0.586305 -0.043067 0.028321
1731662540.485951423645020 -10.053719 9.253357 6.304837 0.812394 -0.581037 -0.043223 0.023312
1731662540.585950613021851 -10.031848 9.219814 6.302925 0.816332 -0.575532 -0.044083 0.020526
1731662540.685949802398682 -10.008598 9.175700 6.292984 0.818816 -0.572166 -0.043269 0.017154
1731662540.785948991775513 -9.983627 9.104904 6.294754 0.817792 -0.573230 -0.046361 0.021784
1731662540.885947942733765 -9.962459 9.056565 6.292854 0.816829 -0.574363 -0.047809 0.024728
1731662540.985947132110596 -9.936065 8.997019 6.291298 0.816959 -0.574317 -0.046819 0.023361
1731662541.085946321487427 -9.909032 8.963527 6.280334 0.821343 -0.568330 -0.042370 0.024529
1731662541.185945510864258 -9.889420 8.937563 6.272332 0.825461 -0.562529 -0.040695 0.022770
1731662541.285944461822510 -9.870346 8.889690 6.267610 0.829306 -0.557012 -0.039576 0.020534
1731662541.385943651199341 -9.853073 8.846012 6.266562 0.830587 -0.555235 -0.035081 0.024685
1731662541.485942840576172 -9.827368 8.772228 6.264795 0.828843 -0.557288 -0.037654 0.032130
1731662541.585942029953003 -9.798706 8.694746 6.266707 0.827978 -0.558092 -0.038975 0.038309
1731662541.685941219329834 -9.772019 8.630187 6.260705 0.827382 -0.559260 -0.034545 0.038387
1731662541.785940170288086 -9.742649 8.569497 6.260151 0.828696 -0.557331 -0.031496 0.040648
1731662541.885939359664917 -9.706741 8.497170 6.258534 0.831384 -0.553388 -0.030750 0.040208
1731662541.985938549041748 -9.676399 8.448388 6.256129 0.834231 -0.549376 -0.029051 0.037429
1731662542.085937738418579 -9.644594 8.379769 6.250623 0.836906 -0.545678 -0.025239 0.034450
1731662542.185936927795410 -9.619006 8.341427 6.247931 0.836955 -0.545129 -0.028442 0.039149
1731662542.285935878753662 -9.595759 8.304934 6.244962 0.837158 -0.544447 -0.030712 0.042430
1731662542.385935068130493 -9.569296 8.271972 6.238630 0.837765 -0.543174 -0.032886 0.045050
1731662542.485934257507324 -9.541796 8.216638 6.240058 0.840559 -0.539036 -0.027928 0.046056
1731662542.585933685302734 -9.516021 8.189495 6.236232 0.844306 -0.533221 -0.028472 0.044850
1731662542.685932636260986 -9.487469 8.156853 6.233400 0.847949 -0.527301 -0.030424 0.044847
1731662542.785931587219238 -9.459747 8.118254 6.232546 0.851017 -0.522410 -0.030246 0.044076
1731662542.885930776596069 -9.438450 8.084457 6.229488 0.851512 -0.521647 -0.030286 0.043528
1731662542.985929965972900 -9.416960 8.058286 6.231823 0.850118 -0.523341 -0.031957 0.048911
1731662543.085929155349731 -9.391803 8.036906 6.232308 0.850440 -0.522464 -0.032666 0.052120
1731662543.185928106307983 -9.357689 8.007283 6.230494 0.854983 -0.515180 -0.029887 0.051957
1731662543.285927057266235 -9.316530 7.975498 6.221834 0.862901 -0.501716 -0.029766 0.052885
1731662543.385929107666016 -9.283988 7.962530 6.212534 0.870968 -0.487682 -0.030448 0.051515
1731662543.485928297042847 -9.250517 7.944180 6.203114 0.878491 -0.474202 -0.030034 0.049836
1731662543.585927486419678 -9.191516 7.868785 6.185355 0.887193 -0.458403 -0.031826 0.041740
1731662543.685926437377930 -9.155894 7.851252 6.171373 0.893805 -0.444627 -0.035851 0.046188
1731662543.785925626754761 -9.129447 7.846618 6.167909 0.900327 -0.430599 -0.040598 0.048457
1731662543.885924816131592 -9.091351 7.835401 6.163127 0.907391 -0.414562 -0.044572 0.052845
1731662543.985924005508423 -9.060367 7.827244 6.151113 0.916793 -0.393778 -0.041671 0.051891
1731662544.085922956466675 -9.023190 7.826669 6.141588 0.925330 -0.373669 -0.044001 0.046910
1731662544.185922145843506 -8.986720 7.824914 6.133049 0.933559 -0.352911 -0.045949 0.042544
1731662544.285921335220337 -8.958857 7.836643 6.126677 0.939807 -0.335826 -0.047167 0.041947
1731662544.385920524597168 -8.961480 7.879705 6.114738 0.942228 -0.328734 -0.051869 0.038091
1731662544.485919713973999 -8.938412 7.875227 6.109972 0.942082 -0.328384 -0.053859 0.041759
1731662544.585918903350830 -8.898826 7.862295 6.102091 0.942122 -0.327094 -0.057223 0.046271
1731662544.685917854309082 -8.858057 7.833868 6.084120 0.943730 -0.323871 -0.050389 0.044073
1731662544.785917043685913 -8.821262 7.822722 6.072742 0.946096 -0.316852 -0.053031 0.041160
1731662544.885915994644165 -8.784015 7.798673 6.065867 0.948151 -0.311162 -0.052498 0.037848
1731662544.985915184020996 -8.737563 7.760901 6.061296 0.950097 -0.305828 -0.050778 0.034731
1731662545.085914373397827 -8.674308 7.702499 6.048540 0.949583 -0.306988 -0.051491 0.037400
1731662545.185913562774658 -8.645292 7.690162 6.040620 0.948828 -0.308806 -0.051426 0.041473
1731662545.285912513732910 -8.593820 7.658641 6.031402 0.948606 -0.308993 -0.052262 0.044022
1731662545.385912179946899 -8.531371 7.615767 6.012988 0.950086 -0.304763 -0.050368 0.043810
1731662545.485910892486572 -8.489159 7.595005 6.001634 0.952454 -0.298008 -0.051435 0.037115
1731662545.585910081863403 -8.443284 7.572415 5.992568 0.954496 -0.291760 -0.051984 0.033329
1731662545.685909271240234 -8.415670 7.544119 5.983248 0.955973 -0.287721 -0.049226 0.030151
1731662545.785908460617065 -8.410569 7.544997 5.979613 0.955112 -0.289923 -0.049173 0.035881
1731662545.885907411575317 -8.370776 7.513850 5.977683 0.954427 -0.291563 -0.048947 0.040802
1731662545.985906600952148 -8.335812 7.491738 5.975828 0.954185 -0.292006 -0.049570 0.042495
1731662546.085905551910400 -8.273106 7.459341 5.972254 0.956307 -0.285260 -0.047761 0.042692
1731662546.185904979705811 -8.205866 7.428915 5.973231 0.958682 -0.277790 -0.048919 0.036984
1731662546.285903930664062 -8.135107 7.388930 5.957803 0.960720 -0.270797 -0.050393 0.033872
1731662546.385903120040894 -8.075412 7.365335 5.951021 0.961066 -0.269799 -0.044166 0.040136
1731662546.485902309417725 -8.029132 7.354854 5.942575 0.961001 -0.268915 -0.042279 0.048720
1731662546.585901498794556 -7.933777 7.338941 5.928805 0.963273 -0.259784 -0.042211 0.053244
1731662546.685900688171387 -7.864685 7.328153 5.918413 0.966216 -0.247861 -0.041484 0.057196
1731662546.785899639129639 -7.811978 7.325570 5.906406 0.971002 -0.228663 -0.045369 0.053002
1731662546.885898828506470 -7.757739 7.322875 5.889029 0.975975 -0.207469 -0.046642 0.047465
1731662546.985898017883301 -7.701092 7.319392 5.873059 0.981440 -0.181670 -0.044859 0.041952
1731662547.085897207260132 -7.663783 7.320546 5.868030 0.984498 -0.163153 -0.043725 0.047264
1731662547.185896158218384 -7.609396 7.327256 5.862298 0.987339 -0.143184 -0.044359 0.051887
1731662547.285895347595215 -7.556527 7.336965 5.849205 0.989202 -0.126508 -0.048166 0.056175
1731662547.385893821716309 -7.499040 7.341669 5.831614 0.990334 -0.114401 -0.050034 0.060397
1731662547.485893011093140 -7.470042 7.352648 5.822324 0.991272 -0.106515 -0.053308 0.056509
1731662547.585892200469971 -7.420223 7.359284 5.810624 0.992113 -0.099908 -0.053860 0.053184
1731662547.685891151428223 -7.374850 7.364936 5.806179 0.993079 -0.094271 -0.047963 0.051063
1731662547.785890340805054 -7.332704 7.368219 5.801538 0.992932 -0.092800 -0.046611 0.057459
1731662547.885889530181885 -7.298945 7.371266 5.796841 0.992945 -0.091659 -0.044960 0.060306
1731662547.985888481140137 -7.265635 7.373405 5.790338 0.993003 -0.088813 -0.046345 0.062524
1731662548.085887670516968 -7.225192 7.377391 5.779259 0.994192 -0.079735 -0.042635 0.058361
1731662548.185886621475220 -7.194479 7.386667 5.770725 0.995461 -0.067996 -0.044183 0.049818
1731662548.285885810852051 -7.145770 7.386535 5.764832 0.996397 -0.055985 -0.045705 0.044388
1731662548.385885000228882 -7.106167 7.385195 5.764688 0.996760 -0.050041 -0.044123 0.044919
1731662548.485884189605713 -7.044975 7.392725 5.763873 0.996990 -0.042364 -0.041396 0.050036
1731662548.585883140563965 -6.987547 7.407039 5.760060 0.997338 -0.030618 -0.041263 0.051740
1731662548.685882329940796 -6.929198 7.425881 5.747417 0.997770 -0.013209 -0.038684 0.052770
1731662548.785881280899048 -6.889052 7.446151 5.735510 0.998039 0.005819 -0.042467 0.045607
1731662548.885880470275879 -6.844085 7.464497 5.724729 0.997908 0.023790 -0.044291 0.040655
1731662548.985879182815552 -6.802755 7.482016 5.722528 0.997536 0.039760 -0.042178 0.039525
1731662549.085878610610962 -6.774061 7.507367 5.723065 0.996758 0.053650 -0.039489 0.045123
1731662549.185877799987793 -6.735480 7.538820 5.717069 0.995607 0.069759 -0.039654 0.048252
1731662549.285876750946045 -6.685765 7.576106 5.706857 0.993747 0.089697 -0.041650 0.051826
1731662549.385875940322876 -6.651264 7.608702 5.700982 0.992122 0.108267 -0.043945 0.045183
1731662549.485875129699707 -6.619732 7.638678 5.695726 0.990095 0.126272 -0.044984 0.041764
1731662549.585874319076538 -6.579948 7.670223 5.693800 0.988202 0.140076 -0.041014 0.046400
1731662549.685873270034790 -6.540449 7.707597 5.690938 0.986137 0.153076 -0.038182 0.051425
1731662549.785872459411621 -6.527212 7.740830 5.683265 0.983185 0.169891 -0.038894 0.054515
1731662549.885871648788452 -6.523725 7.771597 5.676208 0.979232 0.191070 -0.041133 0.053899
1731662549.985870599746704 -6.499521 7.804217 5.667398 0.975899 0.208020 -0.044970 0.048225
1731662550.085869789123535 -6.477990 7.833113 5.663036 0.973078 0.222631 -0.042586 0.041724
1731662550.185868740081787 -6.478389 7.843201 5.659999 0.972466 0.225045 -0.040883 0.044636
1731662550.285867929458618 -6.486943 7.849738 5.658505 0.972424 0.225286 -0.037630 0.047126
1731662550.385867118835449 -6.491589 7.853592 5.654087 0.972070 0.225922 -0.038609 0.050474
1731662550.485866308212280 -6.473274 7.874194 5.651237 0.970348 0.233066 -0.042961 0.047527
1731662550.585865259170532 -6.446736 7.896558 5.642973 0.969436 0.237285 -0.045753 0.042376
1731662550.685864448547363 -6.423450 7.921244 5.625435 0.969210 0.239561 -0.043125 0.037178
1731662550.785863399505615 -6.402086 7.936840 5.617277 0.969950 0.236521 -0.039216 0.041430
1731662550.885862588882446 -6.372643 7.961242 5.612853 0.970375 0.234904 -0.036259 0.043345
1731662550.985861539840698 -6.350694 7.981473 5.598798 0.970194 0.235723 -0.034572 0.044309
1731662551.085860490798950 -6.325891 8.009193 5.589437 0.968458 0.242545 -0.037952 0.042674
1731662551.185859918594360 -6.294322 8.037571 5.580182 0.967485 0.246901 -0.039692 0.037898
1731662551.285858869552612 -6.260855 8.063047 5.576174 0.967161 0.249162 -0.035350 0.035599
1731662551.385858058929443 -6.229084 8.085147 5.567630 0.968163 0.245280 -0.034479 0.036188
1731662551.485857248306274 -6.197752 8.110885 5.565561 0.968394 0.244291 -0.031078 0.039614
1731662551.585856437683105 -6.172743 8.134873 5.552848 0.968100 0.245571 -0.030224 0.039558
1731662551.685855388641357 -6.154017 8.156592 5.546419 0.966372 0.252314 -0.030639 0.039043
1731662551.785854578018188 -6.130766 8.180288 5.538058 0.965174 0.257071 -0.033403 0.035176
1731662551.885853528976440 -6.105009 8.199656 5.533710 0.964106 0.261728 -0.031984 0.031224
1731662551.985852718353271 -6.089227 8.204711 5.528495 0.964728 0.259426 -0.027555 0.035198
1731662552.085851907730103 -6.072111 8.215539 5.526281 0.964925 0.258542 -0.024736 0.038267
1731662552.185850858688354 -6.061525 8.216772 5.522995 0.964835 0.258588 -0.024597 0.040267
1731662552.285850048065186 -6.039001 8.225433 5.518398 0.962701 0.265013 -0.028214 0.046670
1731662552.385849237442017 -6.004272 8.257072 5.506562 0.961186 0.270711 -0.033064 0.041752
1731662552.485848426818848 -5.959195 8.295385 5.491564 0.960022 0.275254 -0.033586 0.038271
1731662552.585847377777100 -5.926378 8.314662 5.488494 0.960574 0.273668 -0.029969 0.038797
1731662552.685846328735352 -5.884058 8.354450 5.483503 0.960252 0.274981 -0.027288 0.039469
1731662552.785845518112183 -5.861676 8.372585 5.481740 0.959031 0.279368 -0.026108 0.039143
1731662552.885844707489014 -5.843276 8.398654 5.478059 0.955569 0.290526 -0.027409 0.041611
1731662552.985843658447266 -5.799557 8.456493 5.470537 0.952678 0.300076 -0.031551 0.036926
1731662553.085842847824097 -5.782781 8.480274 5.463970 0.949608 0.310501 -0.028210 0.032216
1731662553.285840988159180 -5.765941 8.515633 5.469310 0.944155 0.326437 -0.024891 0.037295
1731662553.385842800140381 -5.748458 8.550575 5.463723 0.939857 0.338725 -0.020836 0.038720
1731662553.485841751098633 -5.740745 8.570543 5.465279 0.933731 0.355246 -0.024612 0.036628
1731662553.585840702056885 -5.729732 8.586151 5.466245 0.927983 0.369978 -0.028994 0.033516
1731662553.685839891433716 -5.722008 8.607160 5.462563 0.922713 0.383143 -0.027970 0.031947
1731662553.785838842391968 -5.705677 8.627642 5.465173 0.919046 0.391715 -0.025682 0.035405
1731662553.885838031768799 -5.689717 8.660551 5.456819 0.915480 0.399749 -0.024498 0.038681
1731662553.985837221145630 -5.680114 8.672197 5.453997 0.912333 0.406418 -0.026364 0.042173
1731662554.085836172103882 -5.665370 8.706453 5.439383 0.906992 0.417872 -0.031653 0.041793
1731662554.185835361480713 -5.656365 8.727363 5.429747 0.902571 0.427175 -0.038195 0.037804
1731662554.285834550857544 -5.638741 8.758104 5.419819 0.898746 0.435217 -0.039745 0.035517
1731662554.385833740234375 -5.624101 8.781227 5.413704 0.897124 0.438501 -0.039403 0.036511
1731662554.485832691192627 -5.612098 8.805909 5.411185 0.894873 0.442860 -0.038860 0.039581
1731662554.585831642150879 -5.599737 8.835668 5.401032 0.892055 0.448150 -0.038700 0.043607
1731662554.685830831527710 -5.590289 8.865460 5.380867 0.886012 0.458592 -0.043318 0.052909
1731662554.785830259323120 -5.582026 8.884477 5.371491 0.881881 0.466329 -0.048537 0.049674
1731662554.885828971862793 -5.562184 8.930320 5.357867 0.879402 0.471614 -0.043993 0.047923
1731662554.985828161239624 -5.545029 8.965592 5.349750 0.878306 0.473874 -0.040871 0.048493
1731662555.085827350616455 -5.529374 9.014029 5.335310 0.877007 0.476219 -0.041038 0.048898
1731662555.185826301574707 -5.523458 9.044731 5.317320 0.875105 0.479526 -0.038984 0.052217
1731662555.285825490951538 -5.511565 9.085023 5.304793 0.871554 0.485630 -0.044199 0.051023
1731662555.385824680328369 -5.500255 9.111524 5.295239 0.870422 0.487654 -0.048481 0.047002
1731662555.485823631286621 -5.485716 9.139472 5.292195 0.871548 0.486544 -0.042407 0.043362
1731662555.585822820663452 -5.474945 9.161581 5.287462 0.872417 0.484598 -0.041271 0.048478
1731662555.685822010040283 -5.466964 9.186172 5.280850 0.872103 0.484638 -0.043674 0.051527
1731662555.785820960998535 -5.456416 9.228047 5.259276 0.870249 0.487539 -0.041900 0.056719
1731662555.885820150375366 -5.392313 9.304572 5.270237 0.868305 0.490741 -0.049385 0.052726
1731662555.985819339752197 -5.234714 9.454024 5.321386 0.868318 0.490822 -0.053073 0.047976
1731662556.085818290710449 -5.210333 9.490350 5.318711 0.870195 0.488523 -0.046484 0.044097
1731662556.185817718505859 -5.184989 9.520866 5.318876 0.870848 0.487335 -0.045785 0.045079
1731662556.285816669464111 -5.162204 9.555634 5.313198 0.870800 0.487160 -0.047826 0.045763
1731662556.385815858840942 -5.147561 9.586483 5.302670 0.869209 0.490341 -0.043472 0.046383
1731662556.485814809799194 -5.135190 9.612326 5.290166 0.867183 0.493614 -0.049656 0.043275
1731662556.585813760757446 -5.112388 9.647996 5.274871 0.867223 0.493923 -0.048525 0.040127
1731662556.685812950134277 -5.083442 9.732253 5.273435 0.870523 0.488558 -0.044819 0.038612
1731662556.785812139511108 -5.067115 9.760107 5.273149 0.871355 0.487128 -0.043609 0.039300
1731662556.885811090469360 -5.062240 9.788003 5.256263 0.871099 0.487771 -0.041991 0.038753
1731662556.985810279846191 -5.110064 9.765960 5.220699 0.868259 0.492660 -0.043676 0.038781
1731662557.085809469223022 -5.105728 9.768282 5.213738 0.866919 0.495147 -0.045769 0.034451
1731662557.185808420181274 -5.133894 9.803878 5.178094 0.867293 0.495205 -0.039062 0.032396
1731662557.285807609558105 -5.114269 9.851492 5.168853 0.868976 0.492541 -0.036126 0.031300
1731662557.385807514190674 -5.088752 9.909788 5.162606 0.868405 0.493783 -0.031959 0.032092
1731662557.485806703567505 -5.063465 9.972832 5.145531 0.867026 0.496257 -0.029107 0.033884
1731662557.585805654525757 -5.040079 10.061659 5.130273 0.865188 0.500041 -0.025639 0.027421
1731662557.685804843902588 -5.009347 10.160085 5.118452 0.862889 0.503923 -0.030609 0.023412
1731662557.785803794860840 -4.971428 10.262009 5.103281 0.861920 0.505640 -0.032954 0.018347
1731662557.885802984237671 -4.950585 10.278832 5.113085 0.866188 0.498334 -0.026094 0.026482
1731662557.985802173614502 -4.938400 10.271255 5.117205 0.875872 0.481122 -0.025497 0.026833
1731662558.085801124572754 -4.927755 10.246621 5.120586 0.887025 0.460345 -0.026799 0.023478
1731662558.185800075531006 -4.911583 10.188701 5.105429 0.898897 0.436978 -0.024988 0.020228
1731662558.285799264907837 -4.883852 10.175102 5.108207 0.909274 0.415246 -0.022581 0.016802
1731662558.385798454284668 -4.845764 10.162510 5.112868 0.918316 0.394675 -0.024154 0.018548
1731662558.485797643661499 -4.812541 10.138404 5.124610 0.928779 0.369319 -0.026183 0.016974
1731662558.585796594619751 -4.770781 10.117622 5.135703 0.939683 0.340600 -0.026199 0.017337
1731662558.685795783996582 -4.736089 10.045438 5.146131 0.950320 0.309823 -0.018802 0.023436
1731662558.785794734954834 -4.708372 9.968457 5.161445 0.960292 0.277444 -0.016649 0.024217
1731662558.885794162750244 -4.690812 9.909830 5.181750 0.970287 0.240582 -0.014412 0.021354
1731662558.985792875289917 -4.687902 9.848658 5.187259 0.979415 0.200900 -0.009612 0.017102
1731662559.085792064666748 -4.685719 9.796782 5.185333 0.985982 0.166012 -0.005916 0.015652
1731662559.185791015625000 -4.669691 9.754029 5.189002 0.991032 0.132520 -0.007807 0.015284
1731662559.285790205001831 -4.649333 9.741477 5.204737 0.995086 0.097773 -0.008189 0.013324
1731662559.385789155960083 -4.610736 9.741877 5.229634 0.997988 0.061517 -0.007714 0.013256
1731662559.485788345336914 -4.587402 9.729648 5.254940 0.999531 0.025436 -0.003906 0.016611
1731662559.585787534713745 -4.567734 9.713933 5.269754 0.999781 -0.011964 -0.004695 0.016504
1731662559.685786485671997 -4.552362 9.686039 5.285796 0.998614 -0.051234 -0.005817 0.010577
1731662559.785785675048828 -4.542548 9.654348 5.295038 0.995770 -0.091622 0.000392 0.006925
1731662559.885784626007080 -4.536893 9.624869 5.304530 0.991813 -0.127440 0.000666 0.008065
1731662559.985783815383911 -4.533396 9.595503 5.315961 0.986626 -0.162822 -0.000729 0.007600
1731662560.085782766342163 -4.536990 9.570165 5.325189 0.979855 -0.199480 -0.001670 0.009455
1731662560.185781955718994 -4.546151 9.546368 5.327059 0.972090 -0.234075 -0.000006 0.015776
1731662560.285780906677246 -4.543155 9.544910 5.350107 0.962706 -0.269210 0.004494 0.026535
1731662560.385780334472656 -4.539843 9.533202 5.365020 0.953489 -0.300498 0.006933 0.022627
1731662560.485779285430908 -4.531611 9.527051 5.384306 0.942838 -0.332383 0.009037 0.022286
1731662560.585778474807739 -4.519289 9.518519 5.401022 0.931576 -0.362621 0.015047 0.021099
1731662560.785776376724243 -4.558086 9.502813 5.386110 0.911501 -0.410612 0.016368 0.017189
1731662560.885775566101074 -4.563423 9.464335 5.394863 0.903862 -0.427156 0.017588 0.016169
1731662560.985774755477905 -4.582465 9.454005 5.382061 0.898848 -0.436376 0.024086 0.032697
1731662561.085773706436157 -4.586584 9.448555 5.386362 0.893833 -0.445789 0.026629 0.040327
1731662561.185772657394409 -4.575771 9.432335 5.390585 0.892215 -0.448701 0.026602 0.043729
1731662561.285771846771240 -4.551688 9.412288 5.397988 0.891286 -0.449992 0.027372 0.048649
1731662561.385771036148071 -4.520125 9.380846 5.406796 0.890929 -0.450546 0.038345 0.042236
1731662561.485770225524902 -4.493082 9.359052 5.416524 0.891526 -0.448552 0.042246 0.046881
1731662561.585769176483154 -4.472059 9.335939 5.424792 0.893234 -0.445051 0.046467 0.043615
1731662561.685768365859985 -4.450561 9.311365 5.433132 0.895346 -0.440788 0.046540 0.043546
1731662561.785767316818237 -4.431393 9.276674 5.431279 0.894820 -0.442534 0.045295 0.037528
1731662561.885766506195068 -4.425012 9.256507 5.422556 0.890129 -0.452287 0.040982 0.037773
1731662561.985765457153320 -4.417150 9.238730 5.424109 0.885150 -0.461622 0.039650 0.042931
1731662562.085764646530151 -4.406466 9.215031 5.430049 0.879282 -0.472532 0.040323 0.044162
1731662562.185763597488403 -4.398738 9.201456 5.429554 0.876411 -0.477809 0.043384 0.041472
1731662562.285762786865234 -4.378894 9.192605 5.428805 0.877075 -0.476313 0.043294 0.044620
1731662562.385761976242065 -4.344723 9.171001 5.435691 0.879549 -0.471686 0.043317 0.045040
1731662562.485760927200317 -4.319188 9.161526 5.441323 0.881858 -0.467400 0.043773 0.044126
1731662562.585760116577148 -4.288806 9.140961 5.443903 0.882614 -0.466097 0.041851 0.044658
1731662562.685759067535400 -4.265618 9.120138 5.446022 0.881668 -0.468467 0.037730 0.042156
1731662562.785758256912231 -4.239975 9.098995 5.446202 0.881149 -0.469892 0.032870 0.041205
1731662562.885757207870483 -4.205697 9.071607 5.447427 0.880534 -0.471325 0.029368 0.040627
1731662562.985756397247314 -4.166175 9.042478 5.441304 0.880662 -0.471466 0.021514 0.041129
1731662563.085755586624146 -4.140822 9.022145 5.446693 0.883759 -0.465994 0.018191 0.038589
1731662563.185754537582397 -4.128032 9.017881 5.443346 0.886293 -0.461446 0.014258 0.036734
1731662563.285753488540649 -4.112192 9.002764 5.440561 0.888832 -0.456969 0.011791 0.031895
1731662563.385752677917480 -4.102856 8.989884 5.429330 0.889258 -0.456049 0.010374 0.033661
1731662563.485751867294312 -4.094756 8.996228 5.426044 0.889884 -0.454603 0.007230 0.037271
1731662563.585751056671143 -4.069277 8.989082 5.424127 0.892134 -0.449971 0.003822 0.040098
1731662563.685750007629395 -4.035286 8.980838 5.407508 0.897384 -0.439376 -0.005462 0.040262
1731662563.785748958587646 -4.001508 8.982728 5.399960 0.906498 -0.420657 -0.009633 0.034876
1731662563.885748147964478 -3.959890 8.979175 5.400954 0.915983 -0.399800 -0.015670 0.029832
1731662563.985747337341309 -3.926996 8.984959 5.397104 0.925103 -0.378884 -0.016500 0.018944
1731662564.085746288299561 -3.900915 8.997035 5.388289 0.931907 -0.361641 -0.019039 0.020082
1731662564.185745477676392 -3.879022 9.003018 5.382724 0.937805 -0.345581 -0.022156 0.024596
1731662564.285744428634644 -3.864507 8.993108 5.380955 0.939594 -0.340839 -0.027738 0.014928
1731662564.385745525360107 -3.857552 8.993805 5.381031 0.940140 -0.339160 -0.029915 0.014547
1731662564.485744714736938 -3.846831 8.992071 5.388175 0.940526 -0.337848 -0.031683 0.016307
1731662564.585743665695190 -3.823371 8.972898 5.389550 0.940990 -0.336920 -0.028445 0.014591
1731662564.685742855072021 -3.812022 8.983364 5.383561 0.941870 -0.334254 -0.032051 0.011301
1731662564.785742044448853 -3.786373 8.982835 5.377027 0.942978 -0.330217 -0.040163 0.011704
1731662564.885740995407104 -3.760363 8.980466 5.373710 0.944131 -0.326487 -0.044067 0.008958
1731662564.985740184783936 -3.734924 8.975274 5.362570 0.945430 -0.322710 -0.044943 0.000892
1731662565.085738897323608 -3.706069 8.963652 5.356136 0.944996 -0.323826 -0.045657 0.005977
1731662565.185738325119019 -3.687532 8.954451 5.354802 0.944659 -0.324635 -0.047078 0.003905
1731662565.285737276077271 -3.681920 8.954764 5.344445 0.944396 -0.325178 -0.048728 0.001087
1731662565.385736465454102 -3.672620 8.949668 5.329926 0.943129 -0.327910 -0.054307 0.005845
1731662565.485735416412354 -3.652314 8.939980 5.324278 0.943420 -0.326467 -0.058116 -0.000986
1731662565.585734605789185 -3.630743 8.937901 5.312315 0.944217 -0.322673 -0.065855 0.000127
1731662565.685733795166016 -3.604573 8.929770 5.303006 0.945085 -0.319216 -0.070011 -0.003717
1731662565.785732746124268 -3.574250 8.910727 5.286738 0.945206 -0.317577 -0.075201 -0.008669
1731662565.885731935501099 -3.543331 8.893327 5.280971 0.946487 -0.313420 -0.076548 -0.008443
1731662565.985730886459351 -3.512077 8.882426 5.274108 0.949214 -0.304167 -0.079744 -0.010752
1731662566.085730075836182 -3.477562 8.876836 5.255455 0.951943 -0.292948 -0.089233 -0.004832
1731662566.185729026794434 -3.449293 8.876831 5.241257 0.956103 -0.277065 -0.094633 -0.012074
1731662566.285728216171265 -3.429724 8.884549 5.233215 0.960874 -0.257124 -0.102079 -0.013755
1731662566.385727405548096 -3.414253 8.895494 5.221367 0.965278 -0.237057 -0.108315 -0.017619
1731662566.485726356506348 -3.405284 8.906042 5.217925 0.969440 -0.219153 -0.108926 -0.017098
1731662566.585725545883179 -3.392222 8.919878 5.212579 0.973009 -0.201309 -0.111852 -0.014754
1731662566.685724735260010 -3.380144 8.935421 5.213242 0.975999 -0.185309 -0.113468 -0.014533
1731662566.785723686218262 -3.368496 8.954014 5.211460 0.978679 -0.170018 -0.114802 -0.010035
1731662566.885722637176514 -3.363430 8.971094 5.209744 0.981003 -0.153727 -0.117208 -0.016237
1731662566.985721826553345 -3.359342 8.986605 5.206974 0.982695 -0.140817 -0.119257 -0.016081
1731662567.085721015930176 -3.358422 9.005071 5.199488 0.983411 -0.134668 -0.120258 -0.017491
1731662567.185719966888428 -3.376713 9.074597 5.173489 0.984558 -0.132278 -0.114306 -0.009123
1731662567.285719156265259 -3.308896 9.034847 5.170093 0.984616 -0.131524 -0.114961 -0.004198
1731662567.385718345642090 -3.189947 8.945039 5.198484 0.984496 -0.131644 -0.115784 -0.005630
1731662567.485717296600342 -3.194041 9.003716 5.167451 0.984624 -0.131645 -0.114809 -0.001827
1731662567.585716485977173 -3.166832 8.989684 5.129022 0.983007 -0.130934 -0.128662 0.000821
1731662567.685715436935425 -3.146328 9.028490 5.074524 0.982712 -0.129322 -0.132360 -0.005819
1731662567.785714626312256 -3.118374 9.051563 5.054075 0.984967 -0.120745 -0.123257 -0.008232
1731662567.885713577270508 -3.036905 9.023520 5.041814 0.984007 -0.120903 -0.130808 0.001180
1731662567.985712528228760 -2.993312 9.007792 5.012179 0.983744 -0.118830 -0.134610 0.002734
1731662568.085711717605591 -2.901433 8.985045 5.004335 0.983742 -0.117274 -0.135985 -0.002735
1731662568.185710906982422 -2.888486 9.004697 4.981925 0.983269 -0.114464 -0.141304 -0.010688
1731662568.285709857940674 -2.814259 8.954481 4.980390 0.982403 -0.113795 -0.147138 -0.016875
1731662568.385708332061768 -2.786732 8.941566 4.975774 0.981901 -0.112856 -0.151735 -0.010499
1731662568.485707283020020 -2.767255 8.934791 4.965818 0.981331 -0.110418 -0.157390 -0.005163
1731662568.585706472396851 -2.746980 8.928805 4.967118 0.981676 -0.107211 -0.157416 -0.006179
1731662568.685705423355103 -2.728810 8.922641 4.971678 0.981725 -0.103874 -0.159361 -0.005411
1731662568.785704612731934 -2.707331 8.932765 4.981998 0.983892 -0.101042 -0.147292 -0.007241
1731662568.885703563690186 -2.689033 8.945287 4.990339 0.985613 -0.096533 -0.138499 -0.008103
1731662568.985702514648438 -2.677489 8.946703 4.999057 0.986661 -0.094145 -0.132422 -0.010042
1731662569.085701704025269 -2.666075 8.943824 5.003673 0.986959 -0.093109 -0.130930 -0.009950
1731662569.185700893402100 -2.640437 8.939321 5.006746 0.987108 -0.092476 -0.130279 -0.009644
1731662569.285699844360352 -2.603726 8.933428 4.996528 0.987107 -0.089833 -0.131353 -0.017237
1731662569.385699033737183 -2.565160 8.923910 4.982931 0.986688 -0.087134 -0.136154 -0.017779
1731662569.485697984695435 -2.518985 8.919191 4.968226 0.986232 -0.085036 -0.140296 -0.020767
1731662569.585697174072266 -2.490165 8.916406 4.954027 0.986273 -0.081781 -0.140817 -0.027360
1731662569.685695886611938 -2.496299 8.921537 4.937775 0.986672 -0.080092 -0.139353 -0.025364
1731662569.785695314407349 -2.468029 8.920054 4.929038 0.986836 -0.079307 -0.139195 -0.022157
1731662569.885694265365601 -2.430427 8.915739 4.926154 0.986688 -0.079983 -0.139223 -0.025798
1731662569.985693216323853 -2.389962 8.907933 4.924381 0.986527 -0.079145 -0.140434 -0.027921
1731662570.085692405700684 -2.350179 8.897900 4.911637 0.986537 -0.077276 -0.142336 -0.022684
1731662570.185691356658936 -2.301050 8.881723 4.851269 0.984009 -0.071374 -0.162923 -0.009430
1731662570.285690546035767 -2.261918 8.876372 4.824279 0.982729 -0.067527 -0.171429 -0.017187
1731662570.385689973831177 -2.227349 8.872911 4.812870 0.982477 -0.065809 -0.172736 -0.023879
1731662570.485688686370850 -2.191274 8.864119 4.802603 0.982360 -0.064839 -0.172724 -0.030514
1731662570.585687875747681 -2.157460 8.854702 4.794237 0.982673 -0.064450 -0.170935 -0.031311
1731662570.685686826705933 -2.120927 8.841862 4.790966 0.982707 -0.065890 -0.171012 -0.026447
1731662570.785686016082764 -2.084110 8.828466 4.788979 0.982065 -0.072792 -0.171575 -0.028510
1731662570.885684967041016 -2.056066 8.811595 4.783017 0.981547 -0.079940 -0.172555 -0.020004
1731662570.985683917999268 -2.026086 8.799162 4.754589 0.979971 -0.085938 -0.179503 -0.007073
1731662571.085683107376099 -1.988382 8.788081 4.719261 0.976484 -0.096102 -0.192979 -0.001408
1731662571.185682058334351 -1.963016 8.784695 4.714540 0.975066 -0.100090 -0.197253 -0.017875
1731662571.285681247711182 -1.942897 8.773637 4.733319 0.976160 -0.099211 -0.192501 -0.014582
1731662571.385680198669434 -1.910367 8.761778 4.730970 0.976349 -0.097071 -0.193179 -0.001047
1731662571.485679388046265 -1.877187 8.758655 4.720816 0.978027 -0.096635 -0.184728 -0.000099
1731662571.585678577423096 -1.859999 8.748931 4.679380 0.974677 -0.093268 -0.202755 0.014016
1731662571.685677528381348 -1.857182 8.718241 4.635268 0.971093 -0.094908 -0.218742 0.011078
1731662571.785676717758179 -1.816684 8.704707 4.647993 0.972263 -0.095014 -0.213554 0.008450
1731662571.885675668716431 -1.781992 8.693213 4.664674 0.973906 -0.094171 -0.206135 0.012140
1731662571.985674381256104 -1.739398 8.688521 4.657850 0.974603 -0.096378 -0.201787 0.011905
1731662572.085673809051514 -1.718622 8.666044 4.628456 0.974239 -0.100513 -0.200822 0.020636
1731662572.185672760009766 -1.833938 8.726497 4.580259 0.971038 -0.111779 -0.209770 0.024241
1731662572.285671949386597 -1.958308 8.812878 4.538878 0.968640 -0.126630 -0.212443 0.023871
1731662572.385670900344849 -1.965926 8.828560 4.542388 0.967667 -0.143547 -0.205873 0.025109
1731662572.485670089721680 -1.962074 8.834116 4.543295 0.965406 -0.164509 -0.200620 0.026053
1731662572.585669040679932 -1.928939 8.846984 4.504254 0.963682 -0.178835 -0.197468 0.018495
1731662572.685668468475342 -1.912357 8.875220 4.492345 0.964903 -0.179049 -0.191667 0.012977
1731662572.785667181015015 -1.892016 8.900005 4.491967 0.969553 -0.169733 -0.176313 0.008493
1731662572.885666370391846 -1.883768 8.915925 4.495813 0.970973 -0.168378 -0.169578 0.010213
1731662572.985665321350098 -1.862203 8.925503 4.485691 0.972183 -0.163879 -0.167133 0.008368
1731662573.085664510726929 -1.842134 8.926699 4.476437 0.972237 -0.166345 -0.164463 0.006105
1731662573.185663461685181 -1.814756 8.933139 4.468051 0.972516 -0.166329 -0.162929 0.001393
1731662573.285662412643433 -1.793455 8.939428 4.442099 0.971727 -0.164409 -0.169451 0.001455
1731662573.385661602020264 -1.796917 8.936522 4.426952 0.970589 -0.163381 -0.176758 -0.004485
1731662573.485660552978516 -1.787583 8.935092 4.428002 0.971387 -0.164938 -0.170617 -0.009611
1731662573.585659742355347 -1.777385 8.928088 4.435878 0.971306 -0.170032 -0.166295 -0.000307
1731662573.685658931732178 -1.773881 8.931875 4.433672 0.970465 -0.177032 -0.163754 -0.006481
1731662573.785657882690430 -1.767515 8.922648 4.433304 0.969501 -0.182647 -0.163182 -0.008885
1731662573.885657072067261 -1.765369 8.913201 4.424511 0.968232 -0.189300 -0.162764 -0.014164
1731662573.985656023025513 -1.761590 8.900723 4.427567 0.968199 -0.193833 -0.158120 -0.004111
1731662574.085655212402344 -1.747456 8.895174 4.421530 0.967303 -0.199181 -0.156971 -0.003379
1731662574.185654163360596 -1.724636 8.882885 4.412725 0.966166 -0.204863 -0.156635 -0.004454
1731662574.285652875900269 -1.697661 8.874194 4.394060 0.965542 -0.206130 -0.158840 -0.003111
1731662574.385652303695679 -1.670821 8.873565 4.374676 0.965227 -0.206014 -0.160610 -0.009964
1731662574.485651493072510 -1.654442 8.877183 4.364922 0.965290 -0.205701 -0.160330 -0.014028
1731662574.585650444030762 -1.631373 8.871710 4.350535 0.965145 -0.205834 -0.160185 -0.021655
1731662574.685649394989014 -1.626306 8.880314 4.336968 0.965756 -0.208054 -0.154193 -0.015896
1731662574.785648584365845 -1.613653 8.884109 4.327902 0.966090 -0.210372 -0.149387 -0.009831
1731662574.885647773742676 -1.599677 8.890538 4.313607 0.965995 -0.213532 -0.145396 -0.010837
1731662574.985646963119507 -1.571258 8.886924 4.295181 0.965442 -0.215353 -0.146441 -0.009999
1731662575.085645914077759 -1.569351 8.914177 4.272948 0.966033 -0.214857 -0.142701 -0.015884
1731662575.185644865036011 -1.547834 8.913723 4.255833 0.966837 -0.211693 -0.140595 -0.025382
1731662575.285643815994263 -1.519680 8.901324 4.235650 0.966801 -0.210628 -0.141156 -0.031745
1731662575.385645389556885 -1.493926 8.888016 4.223930 0.967900 -0.212119 -0.133207 -0.020776
1731662575.485644340515137 -1.464624 8.871533 4.211394 0.967985 -0.213091 -0.131381 -0.018322
1731662575.585643529891968 -1.435739 8.862532 4.198982 0.968352 -0.211667 -0.131145 -0.017073
1731662575.685642480850220 -1.395346 8.850601 4.182754 0.968744 -0.210295 -0.130752 -0.014664
1731662575.785641670227051 -1.360424 8.840446 4.168175 0.969815 -0.206471 -0.127665 -0.023018
1731662575.885640621185303 -1.327591 8.831490 4.156313 0.970472 -0.202804 -0.127964 -0.026077
1731662575.985640048980713 -1.302556 8.824578 4.144066 0.970887 -0.199781 -0.128636 -0.030301
1731662576.085638761520386 -1.283490 8.817043 4.136107 0.972045 -0.199507 -0.121184 -0.025284
1731662576.185637712478638 -1.258663 8.798159 4.130237 0.972152 -0.200345 -0.120085 -0.019001
1731662576.285636901855469 -1.232747 8.788727 4.126884 0.972717 -0.199597 -0.117189 -0.015783
1731662576.385636091232300 -1.192336 8.771415 4.121148 0.973214 -0.198163 -0.116002 -0.011354
1731662576.485635042190552 -1.159453 8.763592 4.114668 0.974206 -0.195303 -0.112262 -0.013263
1731662576.585634231567383 -1.124409 8.753490 4.105531 0.974490 -0.194189 -0.111443 -0.015482
1731662576.685633182525635 -1.092850 8.739927 4.098637 0.974604 -0.193516 -0.111500 -0.016345
1731662576.785632371902466 -1.057475 8.723796 4.091351 0.975208 -0.194730 -0.104220 -0.013711
1731662576.885631322860718 -1.044607 8.710131 4.098155 0.974852 -0.199019 -0.099958 -0.008010
1731662576.985630512237549 -1.011202 8.697233 4.090954 0.974909 -0.200025 -0.097305 -0.008632
1731662577.085629463195801 -0.978435 8.678733 4.086364 0.974697 -0.201772 -0.095926 -0.007207
1731662577.185628414154053 -0.951860 8.668162 4.078149 0.975003 -0.202625 -0.090967 -0.006045
1731662577.285627603530884 -0.927162 8.657635 4.071093 0.974802 -0.203110 -0.091798 -0.009007
1731662577.385626792907715 -0.900967 8.647921 4.063248 0.973865 -0.206408 -0.094472 -0.007650
1731662577.485625743865967 -0.878867 8.642938 4.052336 0.973201 -0.209759 -0.093690 -0.010189
1731662577.585624694824219 -0.856554 8.634170 4.051435 0.972369 -0.215417 -0.089700 -0.006978
1731662577.685623884201050 -0.831272 8.625105 4.047488 0.970467 -0.224897 -0.087269 -0.000136
1731662577.785622835159302 -0.806803 8.612973 4.043808 0.966929 -0.240198 -0.085707 0.002795
1731662577.885622024536133 -0.785012 8.593126 4.044012 0.963221 -0.257548 -0.076640 -0.000412
1731662577.985621213912964 -0.763665 8.571659 4.039143 0.959736 -0.270749 -0.074832 -0.001533
1731662578.085620164871216 -0.736377 8.544197 4.034185 0.955729 -0.284837 -0.073732 -0.003598
1731662578.185619115829468 -0.708363 8.515573 4.024806 0.951581 -0.299125 -0.070408 -0.007747
1731662578.285618543624878 -0.690637 8.481605 4.028976 0.945365 -0.319072 -0.066689 -0.005486
1731662578.385617494583130 -0.681223 8.449247 4.032974 0.937874 -0.340414 -0.067146 0.001064
1731662578.485616445541382 -0.657747 8.404793 4.035873 0.930445 -0.360801 -0.063989 0.000785
1731662578.585615396499634 -0.630352 8.357695 4.035021 0.923289 -0.380255 -0.054245 -0.001174
1731662578.685614585876465 -0.626400 8.317455 4.041297 0.916036 -0.398240 -0.047782 -0.000515
1731662578.785613536834717 -0.612654 8.277230 4.038688 0.909206 -0.413729 -0.046498 -0.003158
1731662578.885612726211548 -0.593250 8.223274 4.039057 0.901637 -0.430039 -0.045185 -0.008694
1731662578.985611677169800 -0.577600 8.164033 4.047852 0.890995 -0.452324 -0.039127 0.000171
1731662579.085610866546631 -0.563748 8.101173 4.057928 0.879011 -0.475274 -0.037908 0.004236
1731662579.185609817504883 -0.533523 8.029258 4.071116 0.868623 -0.494209 -0.034972 0.005239
1731662579.285609006881714 -0.523743 7.980618 4.076294 0.857888 -0.512795 -0.032139 0.006105
1731662579.385612010955811 -0.512146 7.917942 4.089342 0.849208 -0.527684 -0.019371 0.004581
1731662579.485611200332642 -0.503043 7.873383 4.090573 0.842753 -0.538018 -0.017297 0.002264
1731662579.585610389709473 -0.498565 7.829501 4.096214 0.835118 -0.549890 -0.013944 -0.002203
1731662579.685609102249146 -0.489599 7.776055 4.098131 0.826915 -0.562174 -0.010691 -0.007623
1731662579.785608768463135 -0.484612 7.721823 4.103099 0.815458 -0.578749 -0.007975 -0.003798
1731662579.885607719421387 -0.478085 7.666151 4.094239 0.802304 -0.596837 -0.009546 0.001715
1731662579.985606908798218 -0.481739 7.610655 4.101666 0.789970 -0.613082 -0.007940 0.003967
1731662580.085606098175049 -0.486955 7.554954 4.107136 0.777473 -0.628863 -0.006027 0.005583
1731662580.185605287551880 -0.492098 7.499446 4.109154 0.767528 -0.640996 -0.000198 0.005015
1731662580.285604238510132 -0.492952 7.437023 4.116793 0.758341 -0.651853 0.000433 0.002663
1731662580.385603666305542 -0.490293 7.353187 4.126456 0.747602 -0.664140 0.001541 -0.002380
1731662580.485602855682373 -0.495581 7.271489 4.137173 0.736386 -0.676529 0.003438 -0.005727
1731662580.585602045059204 -0.512578 7.205689 4.139341 0.719994 -0.693979 0.001337 0.000281
1731662580.685600996017456 -0.537700 7.150889 4.146609 0.704191 -0.710007 -0.000762 0.002080
1731662580.785600185394287 -0.565689 7.088961 4.152379 0.688201 -0.725515 0.001158 0.002286
1731662580.885599374771118 -0.594638 7.021011 4.151095 0.672742 -0.739855 0.003086 0.004800
1731662580.985598564147949 -0.621883 6.959121 4.149908 0.662766 -0.748822 0.002452 0.000810
1731662581.085597753524780 -0.655256 6.898530 4.151065 0.651513 -0.758619 0.003554 -0.003989
1731662581.185596942901611 -0.692182 6.826892 4.153099 0.642239 -0.766440 0.004416 -0.008906
1731662581.285595893859863 -0.735166 6.768514 4.154480 0.628317 -0.777930 0.002736 -0.005981
1731662581.385595321655273 -0.778849 6.743114 4.156367 0.615045 -0.788490 -0.001091 -0.001112
1731662581.485594272613525 -0.819039 6.690592 4.159417 0.602918 -0.797802 -0.001524 -0.000080
1731662581.585593461990356 -0.857027 6.616630 4.158140 0.591643 -0.806198 0.001801 -0.000187
1731662581.685592651367188 -0.895524 6.548425 4.149529 0.585023 -0.811010 0.001010 -0.003127
1731662581.785591840744019 -0.935891 6.488970 4.151472 0.578519 -0.815644 0.001730 -0.006204
1731662581.885591030120850 -0.983006 6.416943 4.148710 0.572136 -0.820075 0.002521 -0.011431
1731662581.985590219497681 -1.037725 6.342745 4.147453 0.561849 -0.827193 0.000464 -0.008787
1731662582.085589408874512 -1.072016 6.302120 4.156712 0.555669 -0.831385 -0.003389 -0.004536
1731662582.185588598251343 -1.105132 6.255774 4.159846 0.551328 -0.834274 -0.004018 -0.002995
1731662582.285587549209595 -1.131845 6.173569 4.156161 0.551098 -0.834436 0.000429 -0.002801
1731662582.385586738586426 -1.159847 6.103172 4.150942 0.556568 -0.830789 -0.001439 -0.004459
1731662582.485586166381836 -1.186198 6.036753 4.156433 0.560553 -0.828099 -0.001063 -0.005633
1731662582.585585117340088 -1.209579 5.950215 4.157481 0.566196 -0.824229 -0.002073 -0.008020
1731662582.685584306716919 -1.250926 5.874638 4.159213 0.566160 -0.824265 -0.004448 -0.005497
1731662582.785583734512329 -1.277127 5.803935 4.163591 0.565460 -0.824743 -0.007148 -0.001594
1731662582.885582685470581 -1.310997 5.742616 4.169123 0.564532 -0.825378 -0.007479 -0.000057
1731662582.985581636428833 -1.345757 5.673125 4.158321 0.565462 -0.824731 -0.008018 0.002880
1731662583.085581064224243 -1.358821 5.619632 4.141203 0.571098 -0.820827 -0.009449 -0.001293
1731662583.185580015182495 -1.389359 5.561759 4.130613 0.575429 -0.817803 -0.007978 -0.003844
1731662583.285579204559326 -1.418252 5.462884 4.119128 0.581029 -0.813814 -0.007801 -0.007177
1731662583.385576009750366 -1.433431 5.414988 4.123055 0.580611 -0.814104 -0.009974 -0.005141
1731662583.485575199127197 -1.457037 5.337062 4.121499 0.579594 -0.814786 -0.013883 -0.001177
1731662583.585574150085449 -1.461919 5.296906 4.117956 0.579730 -0.814679 -0.014487 -0.001040
1731662583.685573339462280 -1.467218 5.259703 4.110245 0.583508 -0.812025 -0.011315 0.002565
1731662583.785572528839111 -1.486853 5.218994 4.108026 0.587938 -0.808833 -0.010891 -0.000423
1731662583.885571956634521 -1.473569 5.194678 4.116131 0.592141 -0.805753 -0.010868 -0.003482
1731662583.985570907592773 -1.491223 5.132838 4.112210 0.594811 -0.803776 -0.011651 -0.002799
1731662584.085570096969604 -1.515124 5.079325 4.110383 0.592613 -0.805341 -0.015217 0.001954
1731662584.185569047927856 -1.565770 4.928466 4.103077 0.590716 -0.806712 -0.016167 0.003144
1731662584.285568237304688 -1.582457 4.837694 4.077112 0.590315 -0.807026 -0.015053 0.003187
1731662584.385567665100098 -1.653739 4.601589 4.055997 0.594354 -0.804071 -0.014550 0.000795
1731662584.485567092895508 -1.654112 4.527545 4.042102 0.599284 -0.800444 -0.011984 -0.002159
1731662584.585565805435181 -1.690361 4.418271 4.020538 0.604035 -0.796853 -0.011761 -0.005302
1731662584.685564994812012 -1.728554 4.334299 4.018028 0.603351 -0.797368 -0.013098 0.000502
1731662584.785564184188843 -1.760795 4.209060 4.009551 0.603622 -0.797133 -0.014621 0.002490
1731662584.885563373565674 -1.784710 4.097908 3.999742 0.604350 -0.796578 -0.014763 0.002645
1731662584.985562562942505 -1.799181 4.021091 3.982922 0.607446 -0.794274 -0.011387 0.002802
1731662585.085561752319336 -1.796698 3.965306 3.975392 0.612848 -0.790140 -0.009809 -0.000374
1731662585.185560464859009 -1.804161 3.876153 3.971659 0.617589 -0.786438 -0.009755 -0.002095
1731662585.285559892654419 -1.787508 3.817384 3.968448 0.621914 -0.782993 -0.010694 -0.005462
1731662585.385559082031250 -1.803226 3.737797 3.964792 0.619513 -0.784858 -0.014176 0.000162
1731662585.485558271408081 -1.811023 3.676793 3.958702 0.617537 -0.786411 -0.014258 0.001796
1731662585.585557460784912 -1.823517 3.587085 3.948541 0.617283 -0.786616 -0.014007 0.000443
1731662585.685556650161743 -1.841753 3.519363 3.924647 0.621760 -0.783102 -0.012884 -0.000838
1731662585.785555601119995 -1.853504 3.453410 3.911553 0.625617 -0.780035 -0.011715 -0.003445
1731662585.985554218292236 -1.875458 3.270379 3.908958 0.628790 -0.777431 -0.014852 -0.001887
1731662586.085553169250488 -1.889921 3.201970 3.905954 0.626759 -0.779003 -0.018042 0.001501
1731662586.185552358627319 -1.902187 3.133699 3.892501 0.625721 -0.779828 -0.018396 0.001977
1731662586.285551548004150 -1.917308 3.067132 3.881800 0.628368 -0.777709 -0.017062 0.005585
1731662586.385550737380981 -1.917285 2.998821 3.878047 0.633510 -0.773587 -0.015119 -0.000288
1731662586.485549926757812 -1.969315 2.891456 3.878696 0.636394 -0.771208 -0.014775 -0.004772
1731662586.585549116134644 -2.000055 2.792920 3.878315 0.637946 -0.769934 -0.014843 -0.002533
1731662586.685548305511475 -1.997211 2.744931 3.876312 0.636667 -0.770890 -0.019445 0.002220
1731662586.785547494888306 -1.999748 2.660450 3.873015 0.636326 -0.771137 -0.020768 0.002203
1731662586.885546445846558 -2.006919 2.579741 3.858460 0.637666 -0.770061 -0.019171 0.004599
1731662586.985545635223389 -2.021925 2.484448 3.848738 0.642481 -0.766055 -0.019435 0.000060
1731662587.085544586181641 -2.004459 2.434688 3.841214 0.646827 -0.762403 -0.018659 -0.002905
1731662587.185544013977051 -2.004580 2.337495 3.828701 0.650744 -0.759077 -0.018238 -0.001496
1731662587.285543203353882 -2.001293 2.280852 3.824312 0.648617 -0.760862 -0.019530 0.001954
1731662587.385541915893555 -1.998997 2.230049 3.807705 0.647119 -0.762069 -0.021520 0.004965
1731662587.485541105270386 -2.003494 2.147075 3.796661 0.646543 -0.762517 -0.023063 0.004238
1731662587.585540294647217 -2.020647 2.061798 3.786990 0.651389 -0.758507 -0.018320 0.004924
1731662587.685539245605469 -2.033445 1.978065 3.790493 0.655999 -0.754576 -0.016703 0.000662
1731662587.785538673400879 -2.054517 1.885982 3.784197 0.660111 -0.750988 -0.016228 -0.002732
1731662587.885537624359131 -2.100903 1.779024 3.780983 0.660253 -0.750843 -0.017302 0.000806
1731662587.985536813735962 -2.103289 1.705548 3.783286 0.659799 -0.751175 -0.019401 0.005014
1731662588.085536003112793 -2.132232 1.601566 3.778810 0.659351 -0.751556 -0.019724 0.005595
1731662588.185535192489624 -2.145226 1.502612 3.764731 0.661037 -0.750109 -0.017889 0.006819
1731662588.285534143447876 -2.138819 1.414618 3.749714 0.666640 -0.745184 -0.016901 0.002292
1731662588.385533809661865 -2.143211 1.330020 3.743101 0.670263 -0.741949 -0.016128 -0.000585
1731662588.485532522201538 -2.150836 1.227981 3.740033 0.673747 -0.738813 -0.014521 -0.003158
1731662588.585531949996948 -2.165120 1.147411 3.735259 0.671755 -0.740577 -0.016927 0.002106
1731662588.685530900955200 -2.177217 1.074835 3.724329 0.670425 -0.741735 -0.018461 0.004243
1731662588.785530090332031 -2.182886 0.977644 3.716607 0.670812 -0.741374 -0.018735 0.005050
1731662588.885529279708862 -2.179246 0.898170 3.703986 0.675756 -0.736871 -0.018807 0.004572
1731662588.985528469085693 -2.195309 0.831260 3.698057 0.679100 -0.733857 -0.016616 -0.000623
1731662589.085527181625366 -2.202743 0.759003 3.689953 0.681608 -0.731558 -0.015265 -0.000600
1731662589.185526847839355 -2.220276 0.685822 3.691105 0.679857 -0.733169 -0.016025 -0.000036
1731662589.285525798797607 -2.228871 0.608130 3.691111 0.679191 -0.733744 -0.017743 0.002328
1731662589.385525226593018 -2.238494 0.524379 3.678710 0.679271 -0.733686 -0.017020 0.002249
1731662589.485524177551270 -2.241133 0.441335 3.669884 0.682423 -0.730766 -0.016050 0.004676
1731662589.585523366928101 -2.215275 0.439393 3.667831 0.686609 -0.726870 -0.015117 0.000587
1731662589.685522317886353 -2.209874 0.380906 3.666172 0.689640 -0.724006 -0.014448 -0.001746
1731662589.785521745681763 -2.190300 0.346274 3.671846 0.688663 -0.724955 -0.013197 0.003068
1731662589.885520935058594 -2.197388 0.281600 3.675295 0.687349 -0.726142 -0.015147 0.006311
1731662589.985520124435425 -2.191117 0.233834 3.670581 0.687646 -0.725774 -0.018828 0.006327
1731662590.085519313812256 -2.190005 0.168434 3.661864 0.691436 -0.722129 -0.018886 0.009427
1731662590.185518264770508 -2.181156 0.148503 3.658395 0.696580 -0.717222 -0.018481 0.005178
1731662590.285517454147339 -2.172029 0.088138 3.646746 0.700443 -0.713473 -0.018254 0.001381
1731662590.385516643524170 -2.169610 0.018420 3.645033 0.700377 -0.713548 -0.017401 0.004262
1731662590.485515832901001 -2.176005 -0.049253 3.644890 0.699112 -0.714708 -0.019315 0.007796
1731662590.585515022277832 -2.180123 -0.123291 3.640444 0.698905 -0.714853 -0.021278 0.007928
1731662590.685514211654663 -2.173221 -0.175400 3.629279 0.701612 -0.712169 -0.020807 0.011095
1731662590.785513401031494 -2.166533 -0.228781 3.621020 0.705712 -0.708217 -0.019296 0.005247
1731662590.885512590408325 -2.170448 -0.292101 3.616443 0.708740 -0.705230 -0.018393 -0.000193
1731662590.985511541366577 -2.172282 -0.373599 3.608931 0.708233 -0.705796 -0.016034 -0.001072
1731662591.085510730743408 -2.167656 -0.421734 3.611898 0.706495 -0.707519 -0.016718 0.001188
1731662591.185509920120239 -2.150215 -0.465295 3.609469 0.706869 -0.707147 -0.016585 0.002052
1731662591.285509109497070 -2.129507 -0.528790 3.597226 0.709520 -0.704476 -0.015467 0.007474
1731662591.385508298873901 -2.117736 -0.593625 3.586019 0.714079 -0.699907 -0.014754 0.001962
1731662591.485507488250732 -2.111108 -0.659534 3.574908 0.717174 -0.696748 -0.013763 -0.003653
1731662591.585506677627563 -2.110653 -0.740124 3.571058 0.718203 -0.695732 -0.011427 -0.003224
1731662591.685505867004395 -2.116190 -0.794798 3.573552 0.716138 -0.697834 -0.013226 0.000305
1731662591.785504817962646 -2.117606 -0.850555 3.575304 0.715247 -0.698762 -0.012333 0.001480
1731662591.885504245758057 -2.111915 -0.908423 3.566679 0.716004 -0.697991 -0.011571 0.003415
1731662591.985503196716309 -2.102919 -0.958107 3.554638 0.720142 -0.693720 -0.011983 0.002375
1731662592.085502386093140 -2.095833 -0.999390 3.546163 0.723701 -0.690008 -0.011918 -0.001873
1731662592.185501813888550 -2.090899 -1.052594 3.536565 0.727030 -0.686503 -0.010178 -0.006097
1731662592.285500764846802 -2.091477 -1.112727 3.536037 0.726074 -0.687538 -0.010175 -0.002184
1731662592.385499954223633 -2.090022 -1.163893 3.536561 0.724980 -0.688690 -0.010470 0.000840
1731662592.485499143600464 -2.087334 -1.214050 3.537703 0.724695 -0.689013 -0.008852 0.000315
1731662592.585498332977295 -2.081184 -1.272322 3.530075 0.726160 -0.687468 -0.007670 0.004638
1731662592.685497522354126 -2.071435 -1.318055 3.521942 0.729367 -0.684082 -0.007423 0.000144
1731662592.785496473312378 -2.063076 -1.369637 3.515083 0.732166 -0.681078 -0.007552 -0.002974
1731662592.885495662689209 -2.053888 -1.433139 3.507301 0.734485 -0.678576 -0.005559 -0.005980
1731662592.985494852066040 -2.058987 -1.502634 3.501626 0.732496 -0.680706 -0.008429 -0.004315
1731662593.085494041442871 -2.058593 -1.560451 3.501233 0.731625 -0.681652 -0.007938 -0.003445
1731662593.185493230819702 -2.059283 -1.623820 3.496129 0.731525 -0.681776 -0.007101 -0.001466
1731662593.285492420196533 -2.048048 -1.685832 3.487777 0.734154 -0.678946 -0.006915 0.001794
1731662593.385491609573364 -2.038552 -1.736705 3.478784 0.737645 -0.675151 -0.006370 -0.003096
1731662593.485490798950195 -2.035532 -1.798287 3.470525 0.740047 -0.672503 -0.006263 -0.005568
1731662593.585489988327026 -2.031141 -1.872736 3.468903 0.737563 -0.675237 -0.006528 -0.003669
1731662593.685488939285278 -2.027085 -1.933668 3.469088 0.736395 -0.676512 -0.007293 -0.000533
1731662593.785488128662109 -2.011486 -2.002933 3.461894 0.736770 -0.676096 -0.007931 0.001089
1731662593.885487318038940 -1.997113 -2.083691 3.452530 0.740907 -0.671531 -0.009988 0.001860
1731662593.985486507415771 -1.980209 -2.144573 3.445200 0.745637 -0.666281 -0.009595 -0.001931
1731662594.085485935211182 -1.967881 -2.209091 3.436457 0.749704 -0.661695 -0.008868 -0.005020
1731662594.185484886169434 -1.960858 -2.271041 3.440080 0.748292 -0.663315 -0.008405 0.000957
1731662594.285483837127686 -1.957816 -2.318146 3.440230 0.747145 -0.664584 -0.009364 0.003857
1731662594.385483264923096 -1.958990 -2.372345 3.435597 0.746584 -0.665238 -0.008030 0.002529
1731662594.485482215881348 -1.953030 -2.375989 3.429808 0.748953 -0.662576 -0.006836 0.004067
1731662594.585481643676758 -1.948651 -2.435125 3.422349 0.752530 -0.658530 -0.006046 -0.000837
1731662594.685480594635010 -1.951321 -2.531382 3.414077 0.755228 -0.655418 -0.006479 -0.003921
1731662594.785479784011841 -1.946690 -2.584334 3.421953 0.753961 -0.656896 -0.005439 -0.001195
1731662594.885478973388672 -1.948130 -2.644242 3.423483 0.752431 -0.658643 -0.006093 0.000700
1731662594.985478162765503 -1.940255 -2.709360 3.422849 0.751935 -0.659217 -0.005239 0.000252
1731662595.085477352142334 -1.931639 -2.782001 3.412333 0.753946 -0.656910 -0.003088 0.005004
1731662595.185476541519165 -1.918290 -2.846166 3.405551 0.757162 -0.653216 -0.003624 0.001242
1731662595.285475492477417 -1.908326 -2.921598 3.398694 0.759854 -0.650075 -0.003706 -0.003325
1731662595.385474920272827 -1.890198 -3.260752 3.396428 0.759915 -0.650021 -0.001320 0.000110
1731662595.485473871231079 -1.890774 -3.235903 3.404032 0.758475 -0.651680 -0.002564 0.004749
1731662595.585473060607910 -1.884829 -3.271094 3.404022 0.757989 -0.652235 -0.002917 0.005704
1731662595.685472249984741 -1.868800 -3.345756 3.398319 0.759790 -0.650094 -0.001894 0.009647
1731662595.785471439361572 -1.854126 -3.423656 3.391697 0.763655 -0.645607 -0.001878 0.004259
1731662595.885470628738403 -1.843633 -3.504761 3.383543 0.766367 -0.642400 -0.001363 -0.001321
1731662595.985469579696655 -1.833865 -3.606180 3.387534 0.766572 -0.642158 0.000249 -0.000397
1731662596.085468769073486 -1.829354 -3.688879 3.384556 0.764816 -0.644240 -0.001643 0.003077
1731662596.185467958450317 -1.821931 -3.774848 3.379442 0.764109 -0.645078 -0.001426 0.002915
1731662596.285467147827148 -1.784693 -3.950384 3.373317 0.764976 -0.644025 -0.003690 0.005483
1731662596.385466337203979 -1.733806 -4.150066 3.375780 0.769140 -0.639066 -0.004280 0.000821
1731662596.485465526580811 -1.672333 -4.422264 3.379250 0.771689 -0.635965 -0.005088 -0.004381
1731662596.585464715957642 -1.634709 -4.739573 3.375882 0.772495 -0.634974 -0.005497 -0.005417
1731662596.685463905334473 -1.610046 -4.922059 3.381139 0.771397 -0.636307 -0.007643 -0.001133
1731662596.785463094711304 -1.592674 -5.021035 3.386743 0.771272 -0.636457 -0.007751 -0.001146
1731662596.885462284088135 -1.565712 -5.102223 3.375034 0.773679 -0.633523 -0.007692 0.003229
1731662596.985461235046387 -1.545581 -5.156936 3.370719 0.777835 -0.628422 -0.007606 -0.000919
1731662597.085460424423218 -1.520129 -5.266547 3.355884 0.781367 -0.623999 -0.008305 -0.004701
1731662597.185459613800049 -1.506155 -5.346213 3.362259 0.780181 -0.625521 -0.006204 0.001792
1731662597.285458803176880 -1.500520 -5.399317 3.371235 0.778935 -0.627050 -0.007143 0.004089
1731662597.385457992553711 -1.486531 -5.480967 3.377591 0.778822 -0.627196 -0.007116 0.003318
1731662597.485457181930542 -1.463743 -5.571765 3.369630 0.781085 -0.624367 -0.004528 0.007183
1731662597.585456371307373 -1.451412 -5.633155 3.369873 0.783710 -0.621106 -0.004575 0.002260
1731662597.685455560684204 -1.431847 -5.728614 3.363046 0.784248 -0.620423 -0.005369 -0.001291
1731662597.785454750061035 -1.420302 -5.785347 3.361697 0.781076 -0.624431 -0.001869 0.001782
1731662597.885453939437866 -1.410221 -5.871649 3.366938 0.776093 -0.630587 -0.002622 0.005713
1731662597.985452890396118 -1.381630 -6.012076 3.363020 0.772855 -0.634560 -0.001495 0.005223
1731662598.085452079772949 -1.371687 -6.048180 3.365138 0.772320 -0.635160 -0.000396 0.009663
1731662598.185451269149780 -1.347020 -6.144236 3.354805 0.773928 -0.633254 -0.000431 0.005012
1731662598.285450458526611 -1.325734 -6.254090 3.352993 0.774545 -0.632518 -0.000545 0.000252
1731662598.385449647903442 -1.300901 -6.345201 3.352158 0.774487 -0.632585 0.002309 0.000331
1731662598.485449075698853 -1.298063 -6.395254 3.366142 0.772144 -0.635433 0.000999 0.004184
1731662598.585448026657104 -1.278658 -6.482682 3.359611 0.770928 -0.636897 0.001249 0.005529
1731662598.685447216033936 -1.271777 -6.515527 3.361463 0.770773 -0.637077 0.001674 0.006233
1731662598.785446166992188 -1.243455 -6.624995 3.341811 0.774573 -0.632476 0.001439 0.002882
1731662598.885445356369019 -1.243541 -6.640796 3.322190 0.777755 -0.628553 0.002840 -0.003236
1731662598.985444545745850 -1.250745 -6.667634 3.314986 0.777040 -0.629437 0.004196 -0.000815
1731662599.085443735122681 -1.294538 -6.510956 3.315316 0.772271 -0.635279 0.004028 0.001475
1731662599.185442924499512 -1.291594 -6.578170 3.314974 0.765798 -0.643060 0.004262 0.002936
1731662599.285442113876343 -1.291616 -6.646083 3.314816 0.758598 -0.651523 0.005752 0.003724
1731662599.385441303253174 -1.288371 -6.719776 3.306409 0.754213 -0.656610 0.005018 -0.000458
1731662599.485440492630005 -1.285261 -6.806834 3.307101 0.748934 -0.662602 0.004987 -0.005640
1731662599.585439443588257 -1.316875 -6.850442 3.305684 0.740746 -0.671715 0.008191 -0.005240
1731662599.685438632965088 -1.317129 -6.957890 3.312201 0.731582 -0.681710 0.007478 -0.001512
1731662599.785437583923340 -1.329961 -7.068371 3.316047 0.723649 -0.690140 0.006292 0.000392
1731662599.885437011718750 -1.373699 -7.087457 3.301364 0.716428 -0.697596 0.009479 -0.000334
1731662599.985436201095581 -1.370666 -7.276464 3.294973 0.716749 -0.697302 0.006381 0.000071
1731662600.085435390472412 -1.364216 -7.366486 3.280855 0.719494 -0.694455 0.006362 -0.004542
1731662600.185434341430664 -1.347889 -7.515271 3.278119 0.721140 -0.692744 0.006805 -0.003980
1731662600.285433530807495 -1.359858 -7.575801 3.284997 0.718772 -0.695222 0.005742 -0.000470
1731662600.385430812835693 -1.368985 -7.629785 3.287584 0.717355 -0.696687 0.005238 0.001534
1731662600.485430002212524 -1.347644 -7.778931 3.289271 0.715959 -0.698113 0.004327 0.004733
1731662600.585429191589355 -1.340376 -7.877831 3.277190 0.716094 -0.697996 0.003138 0.001032
1731662600.685428142547607 -1.343708 -7.968279 3.268554 0.714121 -0.700003 0.003623 -0.003624
1731662600.785427570343018 -1.340456 -8.149833 3.288018 0.708692 -0.705491 0.005782 0.002044
1731662600.885426521301270 -1.369719 -8.320537 3.305500 0.702403 -0.711760 0.003548 0.003827
1731662600.985425710678101 -1.387408 -8.399790 3.310045 0.697861 -0.716211 0.004858 0.002876
1731662601.085424900054932 -1.380405 -8.547413 3.311217 0.694853 -0.719078 0.009612 0.003583
1731662601.185424089431763 -1.364496 -8.709592 3.304761 0.696834 -0.717165 0.009514 0.002398
1731662601.285423040390015 -1.366600 -8.842833 3.302631 0.700521 -0.713523 0.012188 -0.002479
1731662601.385422706604004 -1.340128 -9.077839 3.321920 0.703851 -0.710262 0.011039 0.000237
1731662601.485421419143677 -1.334106 -9.241179 3.340355 0.701627 -0.712474 0.009697 0.002352
1731662601.585420608520508 -1.344116 -9.377792 3.347602 0.700862 -0.713232 0.008168 0.005129
1731662601.685419797897339 -1.368708 -9.523763 3.348194 0.700385 -0.713684 0.010186 0.003514
1731662601.785418987274170 -1.372750 -9.656538 3.330461 0.703375 -0.710742 0.009088 0.005153
1731662601.885418176651001 -1.374017 -9.772630 3.312766 0.707132 -0.707033 0.007972 0.002032
1731662601.985417366027832 -1.374006 -9.899724 3.300128 0.711687 -0.702483 0.004332 0.000995
1731662602.085416078567505 -1.379094 -10.042188 3.305131 0.711825 -0.702303 0.004952 0.007144
1731662602.185415506362915 -1.382494 -10.153399 3.309342 0.711030 -0.703073 0.002934 0.010748
1731662602.285414695739746 -1.372722 -10.285844 3.309298 0.711049 -0.703057 0.001484 0.010826
1731662602.385413885116577 -1.359285 -10.416845 3.294508 0.713365 -0.700666 0.002105 0.013174
1731662602.485413074493408 -1.372124 -10.261235 3.305800 0.715477 -0.698521 0.002886 0.012347
1731662602.585412263870239 -1.350198 -10.243545 3.328138 0.718946 -0.694981 0.002362 0.010666
1731662602.685411214828491 -1.319772 -10.400468 3.347053 0.722228 -0.691560 0.002703 0.011177
1731662602.785410642623901 -1.286948 -10.593488 3.330800 0.722817 -0.690864 0.001711 0.015453
1731662602.885409593582153 -1.274435 -10.708657 3.338081 0.722667 -0.690996 0.001545 0.016605
1731662602.985408782958984 -1.269839 -10.827380 3.337852 0.722384 -0.691325 0.001255 0.015149
1731662603.085407972335815 -1.259604 -10.951514 3.323945 0.726420 -0.687022 0.002712 0.017521
1731662603.185407161712646 -1.249308 -11.054107 3.311810 0.731323 -0.681911 0.003589 0.012297
1731662603.285406351089478 -1.245870 -11.178610 3.308849 0.735320 -0.677651 0.001340 0.009593
1731662603.385405540466309 -1.241895 -11.298326 3.317695 0.734380 -0.678590 0.002838 0.013923
1731662603.485404729843140 -1.238648 -11.410998 3.321012 0.732901 -0.680065 0.001545 0.019119
1731662603.585403919219971 -1.251590 -11.345227 3.304264 0.732440 -0.680505 0.004771 0.020566
1731662603.685403108596802 -1.242225 -11.428956 3.314346 0.735087 -0.677503 0.007825 0.023985
1731662603.785402297973633 -1.227770 -11.471089 3.305063 0.739713 -0.672563 0.008593 0.020228
1731662603.885401248931885 -1.219788 -11.559802 3.300100 0.743333 -0.668655 0.007093 0.017490
1731662603.985400438308716 -1.209742 -11.661830 3.303563 0.742150 -0.669805 0.008045 0.022599
1731662604.085399627685547 -1.198857 -11.762756 3.312885 0.739984 -0.672046 0.006112 0.027215
1731662604.185398817062378 -1.186479 -11.863836 3.312899 0.739246 -0.672858 0.003633 0.027658
1731662604.285398006439209 -1.155724 -11.944479 3.313116 0.742680 -0.668882 0.002340 0.031896
1731662604.385393619537354 -1.129472 -11.961747 3.303138 0.748011 -0.663115 0.003894 0.027274
1731662604.485392570495605 -1.131524 -11.988697 3.288776 0.751872 -0.658819 0.005037 0.024917
1731662604.585391759872437 -1.130093 -12.027158 3.276991 0.752222 -0.658231 0.007614 0.028919
1731662604.685390710830688 -1.119999 -12.063681 3.276142 0.752650 -0.657622 0.006383 0.031810
1731662604.785389900207520 -1.109046 -12.120548 3.273179 0.755039 -0.654873 0.006920 0.031791
1731662604.885388851165771 -1.105475 -12.165186 3.273774 0.761169 -0.647567 0.003532 0.035572
1731662604.985388040542603 -1.079845 -12.203007 3.272588 0.768377 -0.639243 0.003539 0.030885
1731662605.085386991500854 -1.088011 -12.239902 3.252355 0.774644 -0.631550 0.008644 0.031566
1731662605.185386180877686 -1.097281 -12.291896 3.242495 0.778839 -0.626238 0.009062 0.033977
1731662605.285385131835938 -1.104319 -12.325384 3.234316 0.784655 -0.618870 0.008822 0.035211
1731662605.385384559631348 -1.088160 -12.372620 3.231460 0.791967 -0.609222 0.010084 0.039180
1731662605.485383272171021 -1.063277 -12.403534 3.229471 0.802080 -0.595965 0.009495 0.037457
1731662605.585382461547852 -1.042740 -12.442171 3.225518 0.810804 -0.584214 0.009543 0.034633
1731662605.685381412506104 -1.007057 -12.517661 3.224421 0.816277 -0.576351 0.012588 0.036788
1731662605.785380363464355 -0.988071 -12.552066 3.226760 0.819942 -0.570957 0.012309 0.039386
1731662605.885379552841187 -0.968429 -12.581699 3.224800 0.825279 -0.563186 0.011893 0.039940
1731662605.985378503799438 -0.954864 -12.585740 3.224666 0.833017 -0.551457 0.010429 0.043229
1731662606.085377693176270 -0.941020 -12.622852 3.218997 0.840681 -0.539997 0.010615 0.039313
1731662606.185376882553101 -0.938797 -12.701583 3.206879 0.845796 -0.531752 0.015084 0.040515
1731662606.285375833511353 -0.917735 -12.774216 3.199119 0.848959 -0.526560 0.016198 0.041726
1731662606.385374784469604 -0.909520 -12.756293 3.202702 0.853542 -0.519057 0.014044 0.042997
1731662606.485373973846436 -0.897305 -12.746128 3.203323 0.860436 -0.507259 0.014437 0.046153
1731662606.585373163223267 -0.871874 -12.718826 3.218483 0.869677 -0.491751 0.013346 0.040802
1731662606.685372114181519 -0.842091 -12.733938 3.220191 0.877341 -0.478097 0.011872 0.039424
1731662606.785371065139771 -0.812688 -12.803029 3.215616 0.880364 -0.472299 0.014512 0.041012
1731662606.885370254516602 -0.797607 -12.803231 3.216637 0.883273 -0.466766 0.014737 0.041727
1731662606.985369205474854 -0.787852 -12.804747 3.214991 0.887428 -0.458836 0.013909 0.041804
1731662607.085368394851685 -0.777318 -12.820721 3.201259 0.893782 -0.446477 0.012064 0.040828
1731662607.185367345809937 -0.791294 -12.783806 3.198968 0.899842 -0.434617 0.010950 0.035668
1731662607.285366296768188 -0.777468 -12.796846 3.202174 0.903583 -0.426501 0.014846 0.037606
1731662607.385365486145020 -0.772253 -12.784793 3.204988 0.905306 -0.422446 0.015129 0.041619
1731662607.485364675521851 -0.776333 -12.746549 3.205515 0.908300 -0.416010 0.013711 0.041697
1731662607.585363626480103 -0.769190 -12.730840 3.204315 0.912401 -0.406582 0.014661 0.044724
1731662607.685362577438354 -0.782917 -12.683247 3.204415 0.918064 -0.394234 0.014633 0.039043
1731662607.785361766815186 -0.765989 -12.671160 3.206819 0.923205 -0.382465 0.012043 0.035616
1731662607.885360956192017 -0.746218 -12.674189 3.216694 0.924906 -0.377675 0.016276 0.040560
1731662607.985359907150269 -0.731553 -12.655784 3.225775 0.926893 -0.372522 0.016654 0.042648
1731662608.085359096527100 -0.724243 -12.647553 3.224097 0.929596 -0.365993 0.015620 0.040700
1731662608.185358047485352 -0.713890 -12.622328 3.222036 0.933608 -0.355277 0.017668 0.042913
1731662608.285356998443604 -0.718122 -12.580939 3.222497 0.938175 -0.343651 0.017234 0.037887
1731662608.385358333587646 -0.702091 -12.578434 3.222049 0.942189 -0.332745 0.016302 0.035982
1731662608.485357284545898 -0.690952 -12.582083 3.227709 0.942635 -0.330959 0.019421 0.039100
1731662608.585356473922729 -0.684794 -12.559870 3.235080 0.943634 -0.327941 0.019146 0.040539
1731662608.685355424880981 -0.713145 -12.569194 3.218615 0.945333 -0.322803 0.018752 0.042327
1731662608.785354614257812 -0.708039 -12.552036 3.206706 0.949518 -0.310320 0.014880 0.043534
1731662608.885353565216064 -0.696049 -12.552760 3.199695 0.952163 -0.302623 0.012402 0.040632
1731662608.985352516174316 -0.673608 -12.582488 3.193773 0.952576 -0.302155 0.013144 0.033576
1731662609.085351705551147 -0.656815 -12.578622 3.197855 0.951310 -0.305754 0.013327 0.036683
1731662609.185350656509399 -0.648600 -12.575740 3.192085 0.951534 -0.304918 0.010744 0.038625
1731662609.285349845886230 -0.625044 -12.566922 3.193053 0.953993 -0.297230 0.008592 0.038450
1731662609.385349035263062 -0.586424 -12.555684 3.197870 0.955909 -0.291794 0.007157 0.032287
1731662609.485347986221313 -0.558446 -12.570495 3.198596 0.955818 -0.292140 0.010061 0.031062
1731662609.585346698760986 -0.537013 -12.574319 3.204000 0.955175 -0.293964 0.008935 0.033862
1731662609.685346126556396 -0.523562 -12.578271 3.199746 0.955577 -0.292596 0.006665 0.034871
1731662609.785345077514648 -0.490958 -12.577955 3.202153 0.958139 -0.284276 0.005969 0.033498
1731662609.885344266891479 -0.454553 -12.580277 3.204907 0.960398 -0.277085 0.003565 0.029086
1731662609.985343217849731 -0.420453 -12.599046 3.205458 0.960831 -0.275778 0.004772 0.026983
1731662610.085342407226562 -0.397375 -12.613101 3.204486 0.960026 -0.278161 0.005051 0.030833
1731662610.185341358184814 -0.382600 -12.622655 3.200323 0.959720 -0.279056 0.002913 0.032503
1731662610.285340309143066 -0.334159 -12.632680 3.195644 0.961689 -0.272041 0.000579 0.033887
1731662610.385339736938477 -0.298576 -12.641037 3.194051 0.964172 -0.263955 -0.001015 0.026457
1731662610.485338687896729 -0.261479 -12.654479 3.191703 0.965131 -0.260571 0.001024 0.024978
1731662610.585337638854980 -0.207085 -12.678115 3.202396 0.964521 -0.262599 0.001190 0.027190
1731662610.685336828231812 -0.176165 -12.690679 3.205694 0.964217 -0.263611 0.001098 0.028172
1731662610.785335779190063 -0.143050 -12.702852 3.202513 0.964761 -0.261340 0.001459 0.030580
1731662610.885334968566895 -0.099118 -12.712903 3.202269 0.966949 -0.253396 -0.001515 0.028226
1731662610.985333919525146 -0.036820 -12.726652 3.205671 0.968191 -0.248891 -0.001555 0.025617
1731662611.085333108901978 0.015124 -12.749572 3.211566 0.967638 -0.250943 0.000986 0.026505
1731662611.185332059860229 0.060423 -12.764641 3.213744 0.967486 -0.251282 0.000403 0.028770
1731662611.285331010818481 0.091065 -12.772849 3.210462 0.967598 -0.250628 0.000143 0.030643
1731662611.385330200195312 0.136180 -12.786773 3.199260 0.969316 -0.243479 -0.007276 0.033045
1731662611.485329389572144 0.182378 -12.803212 3.193536 0.970848 -0.237816 -0.011714 0.027576
1731662611.585328340530396 0.223856 -12.817972 3.187104 0.971248 -0.236844 -0.007169 0.023052
1731662611.685327529907227 0.257070 -12.835234 3.190755 0.970082 -0.241354 -0.007635 0.025135
1731662611.785326480865479 0.280677 -12.838910 3.190627 0.969593 -0.242981 -0.008858 0.027780
1731662611.885325193405151 0.309019 -12.845300 3.187948 0.970928 -0.237199 -0.011075 0.030219
1731662611.985324621200562 0.321830 -12.837277 3.186559 0.972057 -0.233264 -0.012201 0.023340
1731662612.085323572158813 0.348026 -12.847517 3.179583 0.971683 -0.235196 -0.010227 0.020242
1731662612.185322761535645 0.364493 -12.857466 3.180769 0.969728 -0.242948 -0.011104 0.021899
1731662612.285321712493896 0.389218 -12.863734 3.179615 0.968520 -0.247517 -0.013851 0.022649
1731662612.385327577590942 0.403284 -12.867079 3.178574 0.968324 -0.248377 -0.013530 0.021768
1731662612.485326766967773 0.395079 -12.861201 3.176874 0.967286 -0.252743 -0.014286 0.016544
1731662612.585326194763184 0.393265 -12.868639 3.181150 0.964442 -0.263544 -0.012484 0.015508
1731662612.685325145721436 0.404225 -12.878499 3.182651 0.961623 -0.273475 -0.013394 0.017723
1731662612.785324335098267 0.397011 -12.889207 3.192859 0.958996 -0.282672 -0.011603 0.017013
1731662612.885323286056519 0.404926 -12.902944 3.196651 0.957756 -0.287013 -0.006898 0.016685
1731662612.985322475433350 0.377943 -12.902568 3.196667 0.955714 -0.293988 -0.007600 0.011135
1731662613.085321664810181 0.343000 -12.900540 3.191143 0.952389 -0.304744 -0.002991 0.008781
1731662613.185320854187012 0.346993 -12.914886 3.193246 0.948869 -0.315429 -0.003079 0.011946
1731662613.285320043563843 0.361922 -12.936635 3.187415 0.947503 -0.319420 -0.004232 0.013835
1731662613.385319471359253 0.380047 -12.958676 3.183915 0.947217 -0.320162 -0.002450 0.016453
1731662613.485318422317505 0.412106 -12.981087 3.178303 0.948586 -0.316192 -0.004697 0.013588
1731662613.585317611694336 0.441116 -13.014001 3.170888 0.948660 -0.316076 -0.007145 0.009413
1731662613.685316801071167 0.445896 -13.036368 3.166468 0.947405 -0.319859 -0.006376 0.008612
1731662613.785315990447998 0.474429 -13.069456 3.167276 0.945901 -0.324221 -0.007119 0.010050
1731662613.885315179824829 0.510537 -13.104224 3.164197 0.944974 -0.326871 -0.008156 0.010634
1731662613.985314369201660 0.532720 -13.124980 3.166224 0.944271 -0.328924 -0.005022 0.011688
1731662614.085313558578491 0.542910 -13.138986 3.162171 0.944185 -0.329164 -0.007435 0.010546
1731662614.185312747955322 0.523095 -13.134166 3.153989 0.943476 -0.331254 -0.007779 0.007926
1731662614.285311937332153 0.504045 -13.130074 3.145354 0.941523 -0.336703 -0.006325 0.011243
1731662614.385311126708984 0.481260 -13.129842 3.137796 0.938517 -0.344941 -0.007008 0.012378
1731662614.485310316085815 0.456977 -13.117013 3.128844 0.935847 -0.352033 -0.008355 0.013916
1731662614.585309267044067 0.461956 -13.115505 3.126769 0.935229 -0.353672 -0.006860 0.014669
1731662614.685308456420898 0.464500 -13.120445 3.120161 0.933821 -0.357473 -0.009585 0.009931
1731662614.785307645797729 0.455339 -13.132218 3.110934 0.930893 -0.365112 -0.010134 0.005438
1731662614.885306835174561 0.457635 -13.149441 3.109999 0.926406 -0.376202 -0.012605 0.009267
1731662614.985306024551392 0.467780 -13.159414 3.106400 0.922858 -0.384715 -0.014376 0.011031
1731662615.085304975509644 0.498019 -13.183679 3.099593 0.919208 -0.393286 -0.015273 0.012211
1731662615.185304403305054 0.528680 -13.210023 3.093627 0.917635 -0.396971 -0.017101 0.008182
1731662615.285303592681885 0.529468 -13.236401 3.089439 0.914826 -0.403411 -0.018609 0.002552
1731662615.385302782058716 0.463721 -13.231432 3.084549 0.910678 -0.412806 -0.015838 0.002446
1731662615.485301971435547 0.391270 -13.199314 3.088855 0.906191 -0.422518 -0.015947 0.006562
1731662615.585301160812378 0.381769 -13.198148 3.094134 0.903151 -0.428902 -0.016520 0.009383
1731662615.685300111770630 0.402761 -13.205803 3.096518 0.903485 -0.428187 -0.016421 0.010036
1731662615.785299539566040 0.425107 -13.216834 3.094536 0.906093 -0.422636 -0.017657 0.007982
1731662615.885298728942871 0.458192 -13.238175 3.088893 0.908021 -0.418436 -0.019982 0.003098
1731662615.985297918319702 0.475040 -13.255192 3.085640 0.909059 -0.416195 -0.019805 0.001452
1731662616.085296869277954 0.522659 -13.292134 3.089541 0.908473 -0.417463 -0.019878 0.002521
1731662616.185296058654785 0.586593 -13.339855 3.086545 0.909029 -0.416194 -0.020834 -0.003895
1731662616.285295248031616 0.665663 -13.381808 3.088736 0.909861 -0.414392 -0.020448 -0.003811
1731662616.385294675827026 0.697854 -13.397789 3.090097 0.911069 -0.411845 -0.017786 -0.004478
1731662616.485293865203857 0.705198 -13.397709 3.096518 0.912472 -0.408820 -0.015255 -0.005287
1731662616.585293054580688 0.725597 -13.405133 3.100960 0.913848 -0.405764 -0.014153 -0.006092
1731662616.685292005538940 0.730778 -13.407817 3.102905 0.914866 -0.403463 -0.014012 -0.006408
1731662616.785291194915771 0.731918 -13.409122 3.104175 0.915829 -0.401260 -0.014366 -0.006467
1731662616.885290384292603 0.732759 -13.408324 3.105281 0.917003 -0.398562 -0.014474 -0.006677
1731662616.985289573669434 0.724545 -13.404873 3.106043 0.918028 -0.396196 -0.014288 -0.007081
1731662617.085288763046265 0.722186 -13.402586 3.107402 0.919230 -0.393409 -0.013835 -0.007343
1731662617.185287952423096 0.727150 -13.401218 3.109665 0.920716 -0.389930 -0.013254 -0.007734
1731662617.285287141799927 0.729357 -13.398491 3.111364 0.922102 -0.386654 -0.012641 -0.008213
1731662617.385286331176758 0.726043 -13.396114 3.112084 0.923183 -0.384066 -0.012147 -0.008887
1731662617.485285520553589 0.721636 -13.391499 3.112930 0.924134 -0.381761 -0.011914 -0.009620
1731662617.585284709930420 0.722111 -13.388421 3.113814 0.925013 -0.379602 -0.012219 -0.010235
1731662617.685283899307251 0.720877 -13.383746 3.114401 0.925681 -0.377941 -0.012901 -0.010409
1731662617.785283088684082 0.719630 -13.378392 3.114923 0.926263 -0.376487 -0.013749 -0.010211
1731662617.885282278060913 0.733906 -13.379267 3.115892 0.927084 -0.374437 -0.014678 -0.009833
1731662617.985281467437744 0.735186 -13.374711 3.116023 0.927582 -0.373180 -0.015486 -0.009385
1731662618.085280656814575 0.736266 -13.365974 3.117217 0.928281 -0.371427 -0.015941 -0.009038
1731662618.185279369354248 0.753942 -13.360926 3.118902 0.929324 -0.368792 -0.016345 -0.009069
1731662618.285278797149658 0.757367 -13.352138 3.119784 0.930090 -0.366845 -0.016451 -0.009347
1731662618.385275602340698 0.737665 -13.335633 3.120428 0.930538 -0.365713 -0.015977 -0.009922
1731662618.485274791717529 0.740129 -13.330144 3.120891 0.931287 -0.363793 -0.015604 -0.010768
1731662618.585273742675781 0.741476 -13.325437 3.121153 0.931999 -0.361954 -0.014997 -0.011904
1731662618.685273170471191 0.740623 -13.320041 3.121307 0.932620 -0.360335 -0.014362 -0.013150
1731662618.785272121429443 0.741380 -13.315140 3.121288 0.933231 -0.358728 -0.013692 -0.014379
1731662618.885271310806274 0.742518 -13.311195 3.121685 0.933786 -0.357252 -0.013199 -0.015499
1731662618.985270500183105 0.745854 -13.308236 3.121847 0.934331 -0.355797 -0.012844 -0.016428
1731662619.085269689559937 0.753512 -13.306693 3.122176 0.934907 -0.354263 -0.012792 -0.016851
1731662619.185268878936768 0.758089 -13.304411 3.122197 0.935226 -0.353418 -0.013267 -0.016515
1731662619.285268068313599 0.764516 -13.300630 3.122606 0.935535 -0.352606 -0.014268 -0.015453
1731662619.385267257690430 0.770685 -13.299126 3.122241 0.935881 -0.351697 -0.015497 -0.013983
1731662619.485266447067261 0.777142 -13.296077 3.121799 0.936254 -0.350708 -0.016929 -0.012106
1731662619.585265636444092 0.783819 -13.293186 3.121057 0.936714 -0.349461 -0.018204 -0.010590
1731662619.685264825820923 0.793020 -13.289471 3.120956 0.937414 -0.347577 -0.018628 -0.009919
1731662619.785264015197754 0.796543 -13.286231 3.120424 0.938086 -0.345762 -0.018463 -0.010162
1731662619.885263204574585 0.798703 -13.282051 3.120158 0.938612 -0.344338 -0.018027 -0.010703
1731662619.985262393951416 0.801089 -13.279754 3.119827 0.939000 -0.343280 -0.017345 -0.011698
1731662620.085261583328247 0.801923 -13.276994 3.119698 0.939231 -0.342652 -0.016502 -0.012767
1731662620.185260772705078 0.800898 -13.274737 3.119676 0.939388 -0.342220 -0.015618 -0.013845
1731662620.285259723663330 0.802507 -13.273259 3.119728 0.939574 -0.341696 -0.014753 -0.015055
1731662620.385259151458740 0.806357 -13.274449 3.119543 0.939900 -0.340775 -0.013838 -0.016423
1731662620.485258340835571 0.815117 -13.276331 3.119446 0.940343 -0.339515 -0.013130 -0.017701
1731662620.585257291793823 0.817121 -13.276368 3.119488 0.940590 -0.338793 -0.012504 -0.018804
1731662620.685256481170654 0.820548 -13.274775 3.119634 0.940895 -0.337918 -0.011905 -0.019652
1731662620.785255670547485 0.823171 -13.275191 3.119344 0.941169 -0.337121 -0.011365 -0.020537
1731662620.885254859924316 0.824997 -13.274997 3.118862 0.941429 -0.336362 -0.010926 -0.021263
1731662620.985254049301147 0.826581 -13.274446 3.118637 0.941650 -0.335713 -0.010623 -0.021902
1731662621.085253238677979 0.830103 -13.275378 3.118424 0.941896 -0.334994 -0.010531 -0.022349
1731662621.185252428054810 0.834017 -13.276883 3.117996 0.942038 -0.334591 -0.010764 -0.022315
1731662621.285251617431641 0.839325 -13.277126 3.117696 0.942184 -0.334208 -0.011479 -0.021507
1731662621.385250806808472 0.843718 -13.276631 3.116856 0.942295 -0.333953 -0.012645 -0.019878
1731662621.485249996185303 0.850437 -13.277414 3.115644 0.942519 -0.333377 -0.014237 -0.017768
1731662621.585249185562134 0.855672 -13.275863 3.114254 0.942745 -0.332761 -0.016138 -0.015520
1731662621.685248374938965 0.862606 -13.275468 3.112943 0.943170 -0.331554 -0.017681 -0.013768
1731662621.785247564315796 0.865693 -13.273026 3.111747 0.943593 -0.330338 -0.018587 -0.012748
1731662621.885246753692627 0.868430 -13.271845 3.111198 0.944106 -0.328860 -0.018844 -0.012625
1731662621.985245704650879 0.868420 -13.269159 3.111031 0.944491 -0.327751 -0.018713 -0.012908
1731662622.085244894027710 0.867620 -13.267519 3.110874 0.944763 -0.326966 -0.018295 -0.013467
1731662622.185244083404541 0.867643 -13.266920 3.110728 0.944939 -0.326462 -0.017589 -0.014236
1731662622.285243511199951 0.868088 -13.267303 3.110787 0.945014 -0.326243 -0.016831 -0.015178
1731662622.385239124298096 0.868559 -13.267895 3.110710 0.945135 -0.325884 -0.016010 -0.016242
1731662622.485238075256348 0.868251 -13.268585 3.110834 0.945244 -0.325553 -0.015314 -0.017160
1731662622.585237264633179 0.868150 -13.268869 3.110848 0.945362 -0.325197 -0.014705 -0.017923
1731662622.685236454010010 0.868344 -13.268647 3.111059 0.945476 -0.324850 -0.014150 -0.018629
1731662622.785235404968262 0.868201 -13.269374 3.111120 0.945592 -0.324496 -0.013689 -0.019265
1731662622.885234594345093 0.870013 -13.270571 3.111003 0.945757 -0.324001 -0.013170 -0.019839
1731662622.985233545303345 0.871191 -13.272022 3.110759 0.945922 -0.323504 -0.012628 -0.020432
1731662623.085232734680176 0.872898 -13.272747 3.110935 0.946092 -0.322987 -0.012289 -0.020947
1731662623.185231924057007 0.871879 -13.272017 3.110911 0.946157 -0.322788 -0.011844 -0.021322
1731662623.285231113433838 0.872266 -13.272131 3.111049 0.946260 -0.322468 -0.011503 -0.021751
1731662623.385230302810669 0.872421 -13.271940 3.111289 0.946354 -0.322169 -0.011225 -0.022240
1731662623.485229253768921 0.872296 -13.272605 3.111349 0.946436 -0.321910 -0.011029 -0.022606
1731662623.585228443145752 0.872503 -13.272733 3.111297 0.946537 -0.321597 -0.010825 -0.022917
1731662623.685227632522583 0.872854 -13.272953 3.111068 0.946635 -0.321298 -0.010629 -0.023160
1731662623.785226821899414 0.873674 -13.273422 3.110868 0.946750 -0.320953 -0.010553 -0.023287
1731662623.885225772857666 0.874644 -13.274582 3.110587 0.946856 -0.320646 -0.010638 -0.023179
1731662623.985224962234497 0.875357 -13.275076 3.110175 0.946942 -0.320409 -0.010889 -0.022793
1731662624.085224151611328 0.877939 -13.275735 3.109963 0.947063 -0.320089 -0.011376 -0.022050
1731662624.185223102569580 0.879483 -13.275343 3.109480 0.947119 -0.319970 -0.012246 -0.020860
1731662624.285222291946411 0.880215 -13.274303 3.108595 0.947174 -0.319860 -0.013383 -0.019284
1731662624.385221481323242 0.881009 -13.273552 3.107706 0.947266 -0.319632 -0.014569 -0.017591
1731662624.485220670700073 0.882044 -13.271801 3.106588 0.947411 -0.319245 -0.015636 -0.015852
1731662624.585219621658325 0.882199 -13.270290 3.105715 0.947623 -0.318640 -0.016570 -0.014309
1731662624.685218811035156 0.883085 -13.268660 3.105166 0.947924 -0.317755 -0.017207 -0.013244
1731662624.785218000411987 0.883838 -13.267063 3.104841 0.948287 -0.316675 -0.017485 -0.012780
1731662624.885216951370239 0.883509 -13.266491 3.104425 0.948593 -0.315750 -0.017527 -0.012849
1731662624.985216140747070 0.883531 -13.266245 3.104225 0.948760 -0.315244 -0.017526 -0.013006
1731662625.085215330123901 0.882912 -13.266494 3.104053 0.948834 -0.315010 -0.017494 -0.013283
1731662625.185214519500732 0.881690 -13.266805 3.103963 0.948862 -0.314916 -0.017414 -0.013619
1731662625.285213470458984 0.880610 -13.267380 3.103693 0.948870 -0.314882 -0.017387 -0.013897
1731662625.385212659835815 0.879907 -13.267254 3.103515 0.948857 -0.314907 -0.017553 -0.014029
1731662625.485211849212646 0.879753 -13.267594 3.103170 0.948848 -0.314908 -0.017940 -0.014069
1731662625.585211038589478 0.878533 -13.268032 3.102694 0.948830 -0.314932 -0.018370 -0.014209
1731662625.685210227966309 0.878813 -13.268719 3.102050 0.948824 -0.314913 -0.018998 -0.014224
1731662625.785209178924561 0.877920 -13.267894 3.101313 0.948784 -0.314975 -0.020035 -0.014102
1731662625.885208368301392 0.877562 -13.267824 3.100473 0.948793 -0.314878 -0.021157 -0.013996
1731662625.985207319259644 0.877961 -13.267367 3.099668 0.948790 -0.314812 -0.022278 -0.013927
1731662626.085206508636475 0.879244 -13.267718 3.098883 0.948842 -0.314584 -0.023251 -0.013965
1731662626.185205698013306 0.877944 -13.267850 3.098158 0.948845 -0.314507 -0.024101 -0.014068
1731662626.285204648971558 0.877127 -13.267844 3.097537 0.948833 -0.314475 -0.024906 -0.014199
1731662626.385206222534180 0.877012 -13.267809 3.097220 0.948850 -0.314364 -0.025550 -0.014365
1731662626.485205411911011 0.877046 -13.267967 3.096778 0.948868 -0.314259 -0.026041 -0.014545
1731662626.585204362869263 0.876674 -13.267859 3.096460 0.948858 -0.314249 -0.026435 -0.014723
1731662626.685203552246094 0.875882 -13.267354 3.096266 0.948840 -0.314265 -0.026773 -0.014936
1731662626.785202741622925 0.875295 -13.267774 3.096196 0.948862 -0.314162 -0.027008 -0.015267
1731662626.885201692581177 0.874939 -13.268532 3.095988 0.948900 -0.314026 -0.027064 -0.015616
1731662626.985200881958008 0.874309 -13.268887 3.095855 0.948905 -0.314002 -0.027010 -0.015892
1731662627.085199832916260 0.873277 -13.269049 3.095743 0.948898 -0.314011 -0.026901 -0.016339
1731662627.185199022293091 0.873041 -13.269073 3.095932 0.948910 -0.313966 -0.026725 -0.016769
1731662627.285198450088501 0.872831 -13.269029 3.096031 0.948919 -0.313936 -0.026441 -0.017266
1731662627.385197401046753 0.874381 -13.270157 3.096160 0.948963 -0.313796 -0.026119 -0.017886
1731662627.485196590423584 0.874752 -13.270839 3.096317 0.948988 -0.313711 -0.025780 -0.018492
1731662627.585195541381836 0.875576 -13.271644 3.096590 0.949049 -0.313514 -0.025391 -0.019236
1731662627.685194730758667 0.876415 -13.271855 3.096756 0.949097 -0.313369 -0.024809 -0.019993
1731662627.785193920135498 0.875579 -13.271857 3.097037 0.949161 -0.313168 -0.024188 -0.020827
1731662627.885193109512329 0.873941 -13.272529 3.097380 0.949220 -0.312983 -0.023409 -0.021788
1731662627.985191822052002 0.873331 -13.273436 3.097603 0.949313 -0.312697 -0.022597 -0.022668
1731662628.085191249847412 0.871149 -13.273530 3.098027 0.949308 -0.312713 -0.021793 -0.023461
1731662628.185190439224243 0.868962 -13.273427 3.098338 0.949330 -0.312641 -0.020937 -0.024269
1731662628.285189390182495 0.868655 -13.274007 3.098597 0.949412 -0.312385 -0.020293 -0.024924
1731662628.385188579559326 0.867048 -13.274451 3.098725 0.949492 -0.312135 -0.019646 -0.025499
1731662628.485187768936157 0.867790 -13.274050 3.099105 0.949603 -0.311793 -0.019294 -0.025825
1731662628.585186958312988 0.869320 -13.274725 3.099181 0.949795 -0.311206 -0.018982 -0.026089
1731662628.685186147689819 0.870756 -13.274766 3.099190 0.949936 -0.310787 -0.018948 -0.025960
1731662628.785185098648071 0.870088 -13.274414 3.098984 0.950018 -0.310560 -0.019230 -0.025464
1731662628.885184288024902 0.872964 -13.273556 3.098830 0.950189 -0.310081 -0.019735 -0.024496
1731662628.985183238983154 0.872946 -13.271706 3.098127 0.950243 -0.309973 -0.020445 -0.023165
1731662629.085182428359985 0.875876 -13.270245 3.097847 0.950459 -0.309350 -0.021405 -0.021707
1731662629.185181617736816 0.882329 -13.269003 3.097907 0.950914 -0.307992 -0.022299 -0.020137
1731662629.285181045532227 0.879720 -13.266070 3.096751 0.951143 -0.307327 -0.022971 -0.018708
1731662629.385179996490479 0.882353 -13.263516 3.096426 0.951567 -0.306045 -0.023524 -0.017402
1731662629.485178947448730 0.880658 -13.260895 3.095562 0.951895 -0.305042 -0.023885 -0.016560
1731662629.585178136825562 0.877915 -13.258699 3.094881 0.952117 -0.304352 -0.024073 -0.016212
1731662629.685177326202393 0.878516 -13.258744 3.094875 0.952378 -0.303522 -0.024287 -0.016174
1731662629.785176277160645 0.878825 -13.258145 3.094628 0.952486 -0.303170 -0.024441 -0.016139
1731662629.885175466537476 0.877015 -13.257820 3.094523 0.952491 -0.303146 -0.024512 -0.016193
1731662629.985174417495728 0.875122 -13.257196 3.094473 0.952467 -0.303215 -0.024501 -0.016330
1731662630.085173845291138 0.875522 -13.256670 3.094518 0.952486 -0.303149 -0.024479 -0.016510
1731662630.185172796249390 0.874967 -13.257398 3.094582 0.952494 -0.303104 -0.024486 -0.016820
1731662630.285171985626221 0.873992 -13.257176 3.094476 0.952449 -0.303237 -0.024536 -0.016946
1731662630.385172367095947 0.872465 -13.255777 3.094193 0.952370 -0.303474 -0.024638 -0.016944
1731662630.485171794891357 0.872682 -13.254850 3.094104 0.952346 -0.303533 -0.024909 -0.016890
1731662630.585170984268188 0.875580 -13.254153 3.094123 0.952358 -0.303465 -0.025309 -0.016780
1731662630.685170173645020 0.891730 -13.257493 3.094862 0.952705 -0.302332 -0.025881 -0.016707
1731662630.785169363021851 0.891394 -13.255834 3.094438 0.952616 -0.302581 -0.026321 -0.016552
1731662630.885168313980103 0.891427 -13.255132 3.094078 0.952577 -0.302673 -0.026772 -0.016416
1731662630.985167503356934 0.890786 -13.253120 3.093718 0.952458 -0.303018 -0.027270 -0.016129
1731662631.085166692733765 0.890522 -13.252693 3.093141 0.952420 -0.303115 -0.027648 -0.015930
1731662631.185165882110596 0.896179 -13.255044 3.093277 0.952621 -0.302451 -0.028014 -0.015856
1731662631.285165071487427 0.900638 -13.258211 3.093228 0.952778 -0.301924 -0.028367 -0.015848
1731662631.385164260864258 0.898937 -13.257668 3.092836 0.952652 -0.302282 -0.028841 -0.015738
1731662631.485163450241089 0.900201 -13.257595 3.092507 0.952636 -0.302297 -0.029250 -0.015668
1731662631.585162639617920 0.903033 -13.259059 3.092405 0.952658 -0.302186 -0.029660 -0.015717
1731662631.685161828994751 0.901850 -13.257831 3.091748 0.952544 -0.302520 -0.029970 -0.015619
1731662631.785161018371582 0.904654 -13.259882 3.091603 0.952675 -0.302070 -0.030251 -0.015761
1731662631.885159969329834 0.905280 -13.260952 3.091365 0.952671 -0.302043 -0.030615 -0.015816
1731662631.985159158706665 0.902737 -13.260696 3.091136 0.952552 -0.302377 -0.030993 -0.015857
1731662632.085158348083496 0.918340 -13.265978 3.091578 0.952958 -0.301047 -0.031462 -0.015871
1731662632.185157537460327 0.920547 -13.267964 3.091713 0.953074 -0.300645 -0.031765 -0.015933
1731662632.285156726837158 0.914661 -13.265238 3.091086 0.952769 -0.301575 -0.032108 -0.015878
1731662632.385155916213989 0.910241 -13.264493 3.090928 0.952588 -0.302111 -0.032415 -0.015982
1731662632.485155105590820 0.907548 -13.262645 3.090696 0.952412 -0.302646 -0.032619 -0.015920
1731662632.585154056549072 0.906052 -13.263183 3.090757 0.952422 -0.302599 -0.032715 -0.016033
1731662632.685153245925903 0.905701 -13.263118 3.090603 0.952396 -0.302654 -0.032917 -0.016102
1731662632.785152435302734 0.906840 -13.263988 3.090571 0.952446 -0.302481 -0.033033 -0.016160
1731662632.885151863098145 0.906588 -13.265290 3.090579 0.952478 -0.302354 -0.033182 -0.016313
1731662632.985150814056396 0.906919 -13.265994 3.090615 0.952498 -0.302276 -0.033267 -0.016418
1731662633.085150003433228 0.906255 -13.266470 3.090618 0.952486 -0.302306 -0.033317 -0.016514
1731662633.185148954391479 0.905372 -13.266959 3.090487 0.952483 -0.302310 -0.033330 -0.016556
1731662633.285148143768311 0.904451 -13.267438 3.090284 0.952473 -0.302335 -0.033337 -0.016639
1731662633.385147333145142 0.903667 -13.267881 3.090094 0.952468 -0.302351 -0.033313 -0.016679
1731662633.485146522521973 0.903095 -13.268219 3.090057 0.952456 -0.302386 -0.033313 -0.016737
1731662633.585145711898804 0.902935 -13.268234 3.090110 0.952449 -0.302405 -0.033300 -0.016809
1731662633.685144901275635 0.902550 -13.268418 3.090152 0.952440 -0.302427 -0.033306 -0.016933
1731662633.785144090652466 0.902139 -13.268615 3.090168 0.952443 -0.302415 -0.033284 -0.017021
1731662633.885143280029297 0.901830 -13.268700 3.090029 0.952431 -0.302455 -0.033219 -0.017133
1731662633.985142230987549 0.902000 -13.268626 3.090144 0.952445 -0.302411 -0.033152 -0.017263
1731662634.085141420364380 0.902130 -13.268283 3.090035 0.952440 -0.302433 -0.033010 -0.017413
1731662634.185140848159790 0.903159 -13.268214 3.090167 0.952475 -0.302325 -0.032852 -0.017664
1731662634.285139799118042 0.900845 -13.266789 3.090293 0.952358 -0.302697 -0.032655 -0.017955
1731662634.385138988494873 0.897491 -13.265185 3.090297 0.952228 -0.303115 -0.032391 -0.018299
1731662634.485138177871704 0.896225 -13.263417 3.090316 0.952151 -0.303364 -0.032121 -0.018648
1731662634.585137367248535 0.896420 -13.262129 3.090516 0.952137 -0.303408 -0.031829 -0.019107
1731662634.685136556625366 0.897582 -13.263496 3.091009 0.952309 -0.302872 -0.031375 -0.019780
1731662634.785135507583618 0.897654 -13.264492 3.091217 0.952401 -0.302598 -0.030789 -0.020477
1731662634.885134696960449 0.896644 -13.264684 3.091660 0.952443 -0.302485 -0.030040 -0.021263
1731662634.985133886337280 0.896733 -13.264526 3.092125 0.952487 -0.302367 -0.029240 -0.022099
1731662635.085133075714111 0.898114 -13.265473 3.092672 0.952615 -0.301980 -0.028412 -0.022943
1731662635.185132265090942 0.899890 -13.266735 3.093285 0.952806 -0.301385 -0.027531 -0.023854
1731662635.285131216049194 0.896768 -13.265673 3.094035 0.952707 -0.301706 -0.026695 -0.024710
1731662635.385130643844604 0.892139 -13.264613 3.094637 0.952608 -0.302020 -0.025914 -0.025488
1731662635.485129356384277 0.894099 -13.265692 3.095014 0.952773 -0.301512 -0.025130 -0.026108
1731662635.585129022598267 0.892947 -13.266042 3.095249 0.952884 -0.301170 -0.024432 -0.026658
1731662635.685127973556519 0.891971 -13.266153 3.095497 0.953011 -0.300775 -0.023959 -0.027011
1731662635.785127162933350 0.893426 -13.266363 3.096004 0.953228 -0.300093 -0.023683 -0.027190
1731662635.885126352310181 0.894011 -13.265606 3.096212 0.953354 -0.299713 -0.023493 -0.027128
1731662635.985125541687012 0.893067 -13.264045 3.096306 0.953455 -0.299421 -0.023375 -0.026893
1731662636.085124492645264 0.893774 -13.263186 3.096191 0.953598 -0.299009 -0.023420 -0.026364
1731662636.185123920440674 0.893199 -13.262520 3.096084 0.953746 -0.298591 -0.023649 -0.025542
1731662636.285122871398926 0.893387 -13.261886 3.096181 0.953902 -0.298147 -0.024009 -0.024552
1731662636.385122299194336 0.893452 -13.260731 3.096105 0.954003 -0.297895 -0.024342 -0.023307
1731662636.485121250152588 0.894872 -13.259137 3.096090 0.954135 -0.297561 -0.024696 -0.021777
1731662636.585120439529419 0.896830 -13.258059 3.096100 0.954360 -0.296922 -0.024979 -0.020236
1731662636.685119628906250 0.899639 -13.257385 3.095968 0.954598 -0.296220 -0.025301 -0.018850
1731662636.885118007659912 0.897366 -13.254639 3.095335 0.954771 -0.295732 -0.025846 -0.016913
1731662636.985117197036743 0.891925 -13.251977 3.094987 0.954680 -0.296036 -0.026109 -0.016332
1731662637.085116147994995 0.886145 -13.249504 3.094675 0.954501 -0.296619 -0.026338 -0.015850
1731662637.185115337371826 0.882825 -13.247941 3.094390 0.954287 -0.297297 -0.026620 -0.015538
1731662637.285114526748657 0.884825 -13.248367 3.094246 0.954333 -0.297134 -0.026878 -0.015402
1731662637.385113716125488 0.879413 -13.246466 3.093818 0.954096 -0.297878 -0.027106 -0.015342
1731662637.485112905502319 0.878425 -13.246087 3.093488 0.954008 -0.298143 -0.027345 -0.015254
1731662637.585112094879150 0.888830 -13.247402 3.090387 0.954054 -0.297963 -0.027821 -0.015012
1731662637.685111284255981 0.892172 -13.248437 3.089891 0.954125 -0.297721 -0.028071 -0.014849
1731662637.785110235214233 0.894654 -13.248943 3.089472 0.954119 -0.297721 -0.028328 -0.014750
1731662637.885109424591064 0.896481 -13.249223 3.089109 0.954155 -0.297585 -0.028592 -0.014638
1731662637.985108852386475 0.893281 -13.247989 3.088873 0.954037 -0.297941 -0.028835 -0.014609
1731662638.085107803344727 0.894474 -13.248524 3.088708 0.954092 -0.297740 -0.029048 -0.014664
1731662638.185106992721558 0.891093 -13.247405 3.088306 0.953948 -0.298183 -0.029226 -0.014686
1731662638.285106182098389 0.887815 -13.246446 3.087964 0.953818 -0.298577 -0.029422 -0.014752
1731662638.385105371475220 0.882743 -13.244479 3.087366 0.953612 -0.299218 -0.029504 -0.014883
1731662638.485104560852051 0.881432 -13.244172 3.087096 0.953542 -0.299422 -0.029636 -0.015042
1731662638.585103511810303 0.881355 -13.244435 3.087061 0.953561 -0.299335 -0.029773 -0.015295
1731662638.685102701187134 0.883065 -13.245416 3.087059 0.953660 -0.299000 -0.029798 -0.015621
1731662638.785101890563965 0.880079 -13.244836 3.086896 0.953605 -0.299162 -0.029687 -0.016093
1731662638.885101079940796 0.877555 -13.244459 3.086842 0.953587 -0.299204 -0.029513 -0.016660
1731662638.985100269317627 0.876849 -13.244830 3.087033 0.953594 -0.299165 -0.029324 -0.017299
1731662639.085099458694458 0.876283 -13.245227 3.087151 0.953626 -0.299038 -0.029066 -0.018113
1731662639.185098409652710 0.876920 -13.246199 3.087449 0.953678 -0.298844 -0.028840 -0.018928
1731662639.285097360610962 0.876659 -13.246952 3.087501 0.953689 -0.298779 -0.028531 -0.019850
1731662639.385097026824951 0.877839 -13.248361 3.087810 0.953750 -0.298554 -0.028189 -0.020785
1731662639.485095977783203 0.875571 -13.248491 3.087924 0.953707 -0.298661 -0.027818 -0.021696
1731662639.585095167160034 0.874371 -13.249015 3.088135 0.953675 -0.298740 -0.027372 -0.022582
1731662639.685094356536865 0.871536 -13.248914 3.088367 0.953565 -0.299059 -0.026985 -0.023433
1731662639.785093545913696 0.868640 -13.248434 3.088459 0.953452 -0.299400 -0.026497 -0.024208
1731662639.885092496871948 0.862975 -13.247413 3.088527 0.953211 -0.300146 -0.025994 -0.025024
1731662639.985091924667358 0.864116 -13.248296 3.088790 0.953292 -0.299875 -0.025512 -0.025657
1731662640.085090875625610 0.862312 -13.248281 3.089035 0.953232 -0.300051 -0.025046 -0.026294
1731662640.185090065002441 0.863512 -13.248997 3.089480 0.953295 -0.299836 -0.024652 -0.026826
1731662640.285089254379272 0.865013 -13.250005 3.089821 0.953378 -0.299553 -0.024260 -0.027379
1731662640.385091066360474 0.864230 -13.249947 3.090460 0.953386 -0.299512 -0.023935 -0.027840
1731662640.485090255737305 0.862808 -13.249833 3.090736 0.953378 -0.299527 -0.023531 -0.028285
1731662640.585089445114136 0.862647 -13.249845 3.090834 0.953445 -0.299312 -0.023132 -0.028641
1731662640.685088396072388 0.859494 -13.248787 3.091035 0.953357 -0.299586 -0.022806 -0.028965
1731662640.785087823867798 0.859978 -13.249203 3.091349 0.953461 -0.299255 -0.022521 -0.029184
1731662640.885086774826050 0.854489 -13.253029 3.091119 0.950859 -0.307438 -0.021108 -0.030063
1731662640.985086202621460 0.846403 -13.261347 3.086244 0.946376 -0.321312 -0.021684 -0.025723
1731662641.085085153579712 0.836595 -13.271068 3.087856 0.941339 -0.335746 -0.020793 -0.026882
1731662641.185084342956543 0.826428 -13.279412 3.088874 0.936012 -0.350372 -0.020928 -0.026126
1731662641.285083532333374 0.814655 -13.289234 3.085745 0.929128 -0.368331 -0.021811 -0.024042
1731662641.385082721710205 0.807008 -13.298055 3.084487 0.923033 -0.383366 -0.022325 -0.023302
1731662641.485081911087036 0.796911 -13.303228 3.084087 0.915839 -0.400174 -0.025411 -0.021292
1731662641.585081100463867 0.787447 -13.308205 3.084584 0.908235 -0.417050 -0.028003 -0.019850
1731662641.685080289840698 0.777883 -13.311752 3.083854 0.899624 -0.435266 -0.028268 -0.020527
1731662641.785079479217529 0.764849 -13.310147 3.083279 0.889481 -0.456085 -0.024772 -0.014013
1731662641.885078430175781 0.751167 -13.312267 3.084879 0.877591 -0.478811 -0.023713 -0.003494
1731662641.985077619552612 0.737046 -13.318378 3.092973 0.865112 -0.501110 -0.021645 -0.001128
1731662642.085076808929443 0.720074 -13.324813 3.094174 0.851054 -0.524651 -0.021143 0.000859
1731662642.185075998306274 0.746545 -13.348398 3.094244 0.838260 -0.545119 -0.012722 0.001898
1731662642.285075187683105 0.749983 -13.356718 3.095044 0.825792 -0.563749 -0.015242 0.004737
1731662642.385074377059937 0.757177 -13.362456 3.094232 0.812371 -0.582931 -0.014975 0.004588
1731662642.485073566436768 0.759964 -13.362040 3.092794 0.797142 -0.603659 -0.012628 0.001429
1731662642.585072755813599 0.763535 -13.351036 3.086104 0.779650 -0.626086 -0.009255 0.008813
1731662642.785070896148682 0.775687 -13.377742 3.092110 0.739006 -0.673532 -0.008332 0.012425
1731662642.885070085525513 0.774740 -13.398909 3.095676 0.716497 -0.697461 -0.004475 0.012677
1731662642.985069274902344 0.776608 -13.408089 3.101370 0.697392 -0.716542 -0.000083 0.014552
1731662643.085068464279175 0.766854 -13.412616 3.106121 0.678799 -0.734162 -0.002694 0.015163
1731662643.185067415237427 0.770782 -13.420470 3.108213 0.659423 -0.751673 -0.000518 0.012196
1731662643.285066604614258 0.768790 -13.422777 3.109128 0.638378 -0.769665 0.001201 0.009403
1731662643.385065793991089 0.767643 -13.421469 3.108964 0.613887 -0.789339 0.001752 0.009078
1731662643.485064983367920 0.758430 -13.393925 3.105832 0.585815 -0.810082 -0.000169 0.024250
1731662643.585064172744751 0.775494 -13.402640 3.105608 0.557939 -0.829494 0.002072 0.025270
1731662643.685063362121582 0.790992 -13.410122 3.105875 0.528045 -0.848794 0.003415 0.026567
1731662643.785062551498413 0.815467 -13.419274 3.105437 0.500311 -0.865252 0.013616 0.029022
1731662643.885061740875244 0.780093 -13.397758 3.106120 0.475721 -0.879078 0.009842 0.028529
1731662643.985060691833496 0.777228 -13.384106 3.112785 0.450531 -0.892253 0.008433 0.028896
1731662644.085059881210327 0.769991 -13.367302 3.118560 0.423137 -0.905604 0.007861 0.027837
1731662644.185059070587158 0.764350 -13.342391 3.126306 0.391989 -0.919467 0.006769 0.029661
1731662644.285058259963989 0.763015 -13.305217 3.140415 0.359309 -0.932101 0.003196 0.045558
1731662644.385060787200928 0.787567 -13.317898 3.149413 0.330223 -0.942707 0.005863 0.047136
1731662644.485060214996338 0.785242 -13.315709 3.149072 0.299386 -0.952917 0.004589 0.047927
1731662644.585059165954590 0.784484 -13.315596 3.147488 0.273077 -0.960637 0.010061 0.050042
1731662644.685058355331421 0.736894 -13.286009 3.155934 0.254577 -0.965649 0.009606 0.051187
1731662644.785057544708252 0.720818 -13.273377 3.161835 0.239960 -0.969373 0.007457 0.051759
1731662644.885056734085083 0.681992 -13.260999 3.161354 0.226241 -0.972694 0.007430 0.051246
1731662644.985055923461914 0.659417 -13.260867 3.160178 0.211092 -0.976192 0.008907 0.049099
1731662645.085055112838745 0.628119 -13.258789 3.155061 0.193022 -0.980053 0.008399 0.046573
1731662645.185054302215576 0.654193 -13.230139 3.162706 0.167996 -0.984068 -0.003088 0.058111
1731662645.285053491592407 0.677366 -13.234990 3.163701 0.145797 -0.987710 -0.004388 0.056158
1731662645.385052919387817 0.706771 -13.235468 3.164851 0.121255 -0.990928 -0.008499 0.057336
1731662645.485052108764648 0.719069 -13.243194 3.152924 0.090625 -0.994051 -0.004635 0.060238
1731662645.585051298141479 0.744825 -13.233984 3.152463 0.064901 -0.996022 -0.007173 0.060643
1731662645.685050249099731 0.790295 -13.225264 3.156077 0.038870 -0.997413 -0.011099 0.059440
1731662645.785049676895142 0.810774 -13.211407 3.159025 0.009987 -0.998226 -0.010701 0.057716
1731662645.885048866271973 0.878158 -13.216830 3.163156 -0.017164 -0.998292 -0.006619 0.055458
1731662645.985048055648804 0.915541 -13.196590 3.174679 -0.045620 -0.996909 -0.012297 0.062772
1731662646.085047245025635 0.968146 -13.191356 3.180455 -0.071274 -0.995460 -0.009191 0.062411
1731662646.185046434402466 1.021955 -13.186872 3.187649 -0.081876 -0.994713 -0.005665 0.061728
1731662646.285045385360718 1.082146 -13.179953 3.194737 -0.088759 -0.994068 -0.005637 0.062597
1731662646.385044813156128 1.127836 -13.173831 3.209454 -0.090491 -0.993434 -0.000325 0.069996
1731662646.485044240951538 1.073472 -13.161497 3.206956 -0.094798 -0.993243 -0.003133 0.066867
1731662646.585043430328369 1.033842 -13.153710 3.204703 -0.098647 -0.992932 -0.004186 0.065854
1731662646.685042619705200 1.007591 -13.145338 3.204980 -0.101088 -0.992671 -0.003214 0.066150
1731662646.785041809082031 0.963719 -13.133772 3.207683 -0.103278 -0.992288 -0.007158 0.068174
1731662646.885040998458862 0.918900 -13.119847 3.213549 -0.103444 -0.992124 -0.010019 0.069924
1731662646.985040187835693 0.868965 -13.102941 3.218288 -0.104764 -0.991876 -0.012074 0.071136
1731662647.085039377212524 0.838092 -13.093306 3.221760 -0.105685 -0.991735 -0.013112 0.071553
1731662647.185038566589355 0.831861 -13.096172 3.220536 -0.105079 -0.991785 -0.012816 0.071811
1731662647.285037755966187 0.838404 -13.102939 3.217873 -0.103830 -0.991904 -0.011643 0.072179
1731662647.385036945343018 0.848229 -13.111673 3.213431 -0.102088 -0.992071 -0.010097 0.072606
1731662647.485036134719849 0.856630 -13.118356 3.210885 -0.100547 -0.992215 -0.008674 0.072967
1731662647.585035324096680 0.864885 -13.124871 3.208291 -0.099141 -0.992342 -0.007317 0.073315
1731662647.685034513473511 0.868685 -13.128941 3.206890 -0.097954 -0.992445 -0.005999 0.073633
1731662647.785033941268921 0.875050 -13.134040 3.205232 -0.096694 -0.992554 -0.004863 0.073913
1731662647.885033130645752 0.878163 -13.137993 3.204016 -0.095262 -0.992671 -0.003863 0.074259
1731662647.985032558441162 0.882962 -13.141915 3.202533 -0.093710 -0.992799 -0.002942 0.074566
1731662648.085031509399414 0.886678 -13.146068 3.201231 -0.091844 -0.992955 -0.002038 0.074835
1731662648.185030698776245 0.888831 -13.147950 3.200411 -0.090110 -0.993092 -0.001404 0.075147
1731662648.285029888153076 0.894623 -13.152263 3.199397 -0.087847 -0.993281 -0.000882 0.075332
1731662648.385025978088379 0.897994 -13.154559 3.198330 -0.085772 -0.993451 -0.000537 0.075484
1731662648.485025167465210 0.904154 -13.157821 3.197150 -0.083248 -0.993659 -0.000211 0.075568
1731662648.585024356842041 0.908200 -13.159609 3.196362 -0.080981 -0.993841 -0.000288 0.075641
1731662648.685023546218872 0.915978 -13.162580 3.195264 -0.078539 -0.994038 -0.000324 0.075633
1731662648.785022735595703 0.918870 -13.163327 3.194908 -0.076383 -0.994210 -0.000461 0.075574
1731662648.885021924972534 0.926145 -13.165394 3.194359 -0.073817 -0.994418 -0.000290 0.075387
1731662648.985021114349365 0.929795 -13.165563 3.194319 -0.071444 -0.994603 -0.000372 0.075235
1731662649.085020303726196 0.933383 -13.165909 3.193634 -0.068825 -0.994789 -0.000577 0.075214
1731662649.185019731521606 0.936811 -13.165751 3.193587 -0.066417 -0.994954 -0.000987 0.075192
1731662649.285018920898438 0.941988 -13.166241 3.193145 -0.064051 -0.995117 -0.001276 0.075088
1731662649.385018110275269 0.946911 -13.166064 3.193143 -0.061884 -0.995262 -0.001599 0.074971
1731662649.485017299652100 0.950399 -13.165757 3.192703 -0.059755 -0.995406 -0.001865 0.074779
1731662649.585016489028931 0.956913 -13.165724 3.193013 -0.057724 -0.995545 -0.001907 0.074523
1731662649.685015439987183 0.958658 -13.164796 3.192866 -0.055924 -0.995658 -0.002315 0.074381
1731662649.785014867782593 0.962393 -13.164014 3.193431 -0.054466 -0.995748 -0.002747 0.074247
1731662649.885014057159424 0.965771 -13.163481 3.193235 -0.053274 -0.995828 -0.003106 0.074016
1731662649.985013246536255 0.968464 -13.162562 3.193508 -0.052055 -0.995914 -0.003195 0.073723
1731662650.085012435913086 0.971804 -13.162065 3.193508 -0.050825 -0.995998 -0.003299 0.073440
1731662650.185011625289917 0.974692 -13.161117 3.193877 -0.049598 -0.996076 -0.003419 0.073224
1731662650.285010576248169 0.976094 -13.160416 3.194014 -0.048403 -0.996153 -0.003559 0.072965
1731662650.385010242462158 0.978165 -13.159432 3.194272 -0.047365 -0.996222 -0.003676 0.072696
1731662650.485009431838989 0.980063 -13.158443 3.194639 -0.046306 -0.996289 -0.003681 0.072453
1731662650.585008621215820 0.981157 -13.157335 3.194900 -0.045418 -0.996346 -0.003806 0.072229
1731662650.685007810592651 0.981029 -13.156100 3.194999 -0.044538 -0.996404 -0.003730 0.071980
1731662650.785006999969482 0.979231 -13.155063 3.194926 -0.043867 -0.996449 -0.003826 0.071764
1731662650.885006189346313 0.980826 -13.154147 3.194953 -0.043129 -0.996495 -0.003912 0.071573
1731662650.985005378723145 0.984440 -13.153535 3.195200 -0.042409 -0.996541 -0.003939 0.071364
1731662651.085004568099976 0.987545 -13.153456 3.194908 -0.041760 -0.996578 -0.004026 0.071212
1731662651.185003757476807 0.988918 -13.153007 3.194762 -0.041259 -0.996606 -0.004214 0.071114
1731662651.285002946853638 0.989213 -13.152733 3.194472 -0.041066 -0.996621 -0.004608 0.070987
1731662651.385002613067627 0.994539 -13.153250 3.194628 -0.040745 -0.996641 -0.005020 0.070861
1731662651.485001564025879 0.996098 -13.154025 3.193767 -0.040434 -0.996661 -0.005396 0.070735
1731662651.585000753402710 0.999299 -13.154184 3.193554 -0.040003 -0.996687 -0.005576 0.070592
1731662651.684999942779541 1.004770 -13.154312 3.193630 -0.039347 -0.996725 -0.005618 0.070429
1731662651.784999132156372 1.011689 -13.154574 3.194303 -0.038749 -0.996755 -0.005694 0.070324
1731662651.884998321533203 1.009323 -13.154360 3.194380 -0.038809 -0.996767 -0.005861 0.070112
1731662651.984997749328613 1.024604 -13.157239 3.194797 -0.037712 -0.996813 -0.006104 0.070034
1731662652.084996700286865 1.035525 -13.160395 3.193932 -0.036849 -0.996850 -0.006334 0.069936
1731662652.184995889663696 1.029398 -13.161384 3.193537 -0.037041 -0.996856 -0.006495 0.069748
1731662652.284995079040527 1.024166 -13.161962 3.193320 -0.037492 -0.996851 -0.006655 0.069554
1731662652.384992837905884 1.030121 -13.163983 3.194556 -0.036255 -0.996904 -0.006783 0.069439
1731662652.484992027282715 1.026107 -13.164643 3.194140 -0.036138 -0.996914 -0.006962 0.069338
1731662652.584991216659546 1.025656 -13.165222 3.194232 -0.036018 -0.996927 -0.007146 0.069193
1731662652.684990406036377 1.023720 -13.165574 3.194098 -0.035826 -0.996942 -0.007304 0.069062
1731662652.784989595413208 1.023292 -13.165876 3.193978 -0.035682 -0.996953 -0.007420 0.068973
1731662652.884988784790039 1.021573 -13.165824 3.193911 -0.035504 -0.996954 -0.007532 0.069030
1731662652.984987974166870 1.023188 -13.165893 3.194069 -0.035290 -0.996965 -0.007769 0.068952
1731662653.084986925125122 1.022166 -13.165377 3.194113 -0.035176 -0.996974 -0.007858 0.068882
1731662653.184986114501953 1.022477 -13.164813 3.194090 -0.035023 -0.996984 -0.007834 0.068812
1731662653.284985303878784 1.022762 -13.163750 3.194450 -0.034878 -0.996998 -0.007702 0.068697
1731662653.384984493255615 1.023838 -13.162867 3.194686 -0.034653 -0.997009 -0.007484 0.068681
1731662653.484983921051025 1.024341 -13.162166 3.194969 -0.034535 -0.997018 -0.007283 0.068619
1731662653.584982872009277 1.025575 -13.161833 3.195088 -0.034402 -0.997026 -0.007232 0.068587
1731662653.684982061386108 1.024632 -13.162030 3.194753 -0.034401 -0.997026 -0.007278 0.068571
1731662653.784981250762939 1.026472 -13.162389 3.194401 -0.034386 -0.997028 -0.007439 0.068544
1731662653.884980440139771 1.025645 -13.162433 3.194152 -0.034351 -0.997028 -0.007496 0.068555
1731662653.984979629516602 1.026926 -13.162452 3.194015 -0.034277 -0.997033 -0.007591 0.068503
1731662654.084979057312012 1.027932 -13.162553 3.194087 -0.034189 -0.997038 -0.007690 0.068459
1731662654.184977769851685 1.029703 -13.162714 3.193853 -0.034118 -0.997045 -0.007742 0.068386
1731662654.284976959228516 1.029073 -13.162902 3.193403 -0.034111 -0.997044 -0.007797 0.068404
1731662654.384976387023926 1.030186 -13.162929 3.193148 -0.033992 -0.997048 -0.007860 0.068390
1731662654.484975576400757 1.030756 -13.163194 3.192788 -0.033945 -0.997051 -0.007940 0.068371
1731662654.584974765777588 1.031736 -13.163321 3.192440 -0.033884 -0.997052 -0.008024 0.068372
1731662654.684973716735840 1.032284 -13.163362 3.192381 -0.033815 -0.997060 -0.008149 0.068278
1731662654.784972906112671 1.032693 -13.163450 3.192197 -0.033696 -0.997065 -0.008246 0.068248
1731662654.884972095489502 1.033730 -13.163328 3.192288 -0.033612 -0.997070 -0.008258 0.068209
1731662654.984971284866333 1.034094 -13.163111 3.192173 -0.033622 -0.997075 -0.008176 0.068142
1731662655.084970474243164 1.033816 -13.162895 3.191938 -0.033624 -0.997081 -0.008061 0.068078
1731662655.184969663619995 1.032878 -13.162508 3.191646 -0.033671 -0.997083 -0.007877 0.068041
1731662655.284968852996826 1.032305 -13.162077 3.191452 -0.033678 -0.997091 -0.007605 0.067958
1731662655.384968042373657 1.031160 -13.161793 3.191039 -0.033769 -0.997092 -0.007322 0.067928
1731662655.484967231750488 1.030784 -13.161520 3.190779 -0.033794 -0.997096 -0.007005 0.067887
1731662655.584966421127319 1.031716 -13.161096 3.190776 -0.033822 -0.997106 -0.006624 0.067766
1731662655.684965610504150 1.031943 -13.160866 3.190594 -0.033858 -0.997112 -0.006248 0.067688
1731662655.784964561462402 1.032652 -13.160321 3.190795 -0.033962 -0.997125 -0.005830 0.067492
1731662655.884963989257812 1.031812 -13.160190 3.190360 -0.034027 -0.997133 -0.005434 0.067367
1731662655.984963178634644 1.031278 -13.159916 3.190060 -0.034106 -0.997142 -0.004957 0.067238
1731662656.084962129592896 1.031480 -13.159431 3.190115 -0.034149 -0.997154 -0.004439 0.067068
1731662656.184961318969727 1.031286 -13.158949 3.190177 -0.034297 -0.997163 -0.003890 0.066887
1731662656.284960508346558 1.031514 -13.158633 3.190033 -0.034319 -0.997177 -0.003379 0.066706
1731662656.384959697723389 1.031447 -13.158321 3.190020 -0.034401 -0.997189 -0.002926 0.066493
1731662656.484958887100220 1.031681 -13.158022 3.190099 -0.034454 -0.997203 -0.002468 0.066276
1731662656.584957838058472 1.031062 -13.157931 3.189659 -0.034572 -0.997212 -0.002118 0.066089
1731662656.684957265853882 1.031876 -13.157640 3.189621 -0.034620 -0.997226 -0.001808 0.065862
1731662656.784956455230713 1.031946 -13.157334 3.189703 -0.034695 -0.997239 -0.001528 0.065643
1731662656.884955644607544 1.032534 -13.157057 3.189931 -0.034654 -0.997257 -0.001249 0.065392
1731662656.984954833984375 1.032237 -13.156904 3.189886 -0.034686 -0.997270 -0.000990 0.065186
1731662657.084953784942627 1.032245 -13.156795 3.189696 -0.034703 -0.997279 -0.000777 0.065032
1731662657.184952974319458 1.031404 -13.156754 3.189467 -0.034778 -0.997286 -0.000578 0.064895
1731662657.284952163696289 1.031441 -13.156585 3.189252 -0.034844 -0.997293 -0.000434 0.064741
1731662657.384951591491699 1.031308 -13.156326 3.189260 -0.034886 -0.997299 -0.000349 0.064627
1731662657.484950780868530 1.031129 -13.156227 3.189196 -0.034925 -0.997304 -0.000270 0.064535
1731662657.584949731826782 1.031107 -13.156047 3.189187 -0.034939 -0.997309 -0.000230 0.064455
1731662657.684948921203613 1.030990 -13.156015 3.189092 -0.034954 -0.997313 -0.000218 0.064381
1731662657.784948110580444 1.030923 -13.155846 3.189052 -0.034945 -0.997319 -0.000214 0.064288
1731662657.884947299957275 1.031294 -13.155799 3.188923 -0.034832 -0.997325 -0.000357 0.064259
1731662657.984946489334106 1.031542 -13.155853 3.188821 -0.034811 -0.997327 -0.000599 0.064235
1731662658.084945678710938 1.031708 -13.156060 3.188978 -0.034775 -0.997327 -0.000923 0.064259
1731662658.184944868087769 1.032215 -13.156220 3.188913 -0.034760 -0.997332 -0.001401 0.064181
1731662658.284944057464600 1.032793 -13.156289 3.188924 -0.034763 -0.997338 -0.001845 0.064075
1731662658.384943246841431 1.033112 -13.156286 3.189042 -0.034777 -0.997342 -0.002296 0.063992
1731662658.484942436218262 1.033514 -13.156331 3.188940 -0.034693 -0.997347 -0.002749 0.063933
1731662658.584941625595093 1.033499 -13.156425 3.189001 -0.034644 -0.997351 -0.003132 0.063880
1731662658.684940576553345 1.033074 -13.156768 3.188646 -0.034475 -0.997356 -0.003568 0.063865
1731662658.784939765930176 1.032546 -13.157017 3.188109 -0.034358 -0.997357 -0.003939 0.063893
1731662658.884939193725586 1.032496 -13.156949 3.187970 -0.034186 -0.997365 -0.004189 0.063850
1731662658.984938144683838 1.033072 -13.156667 3.188016 -0.034028 -0.997373 -0.004510 0.063792
1731662659.084937334060669 1.032985 -13.156744 3.187925 -0.033895 -0.997378 -0.004817 0.063761
1731662659.184936523437500 1.032930 -13.156844 3.188013 -0.033777 -0.997381 -0.005004 0.063755
1731662659.284935712814331 1.032644 -13.156981 3.187823 -0.033640 -0.997386 -0.005140 0.063749
1731662659.384934902191162 1.032550 -13.156865 3.187652 -0.033570 -0.997385 -0.005247 0.063794
1731662659.484934091567993 1.032353 -13.156668 3.187604 -0.033482 -0.997387 -0.005378 0.063788
1731662659.584933280944824 1.032159 -13.156556 3.187561 -0.033423 -0.997385 -0.005452 0.063848
1731662659.684932470321655 1.032071 -13.156360 3.187642 -0.033355 -0.997388 -0.005556 0.063827
1731662659.784931659698486 1.032536 -13.156011 3.187871 -0.033320 -0.997390 -0.005670 0.063810
1731662659.884930849075317 1.032043 -13.156084 3.187663 -0.033303 -0.997386 -0.005753 0.063873
1731662659.984929800033569 1.032155 -13.156006 3.187598 -0.033211 -0.997386 -0.005855 0.063898
1731662660.084928989410400 1.032037 -13.155808 3.187541 -0.033195 -0.997385 -0.005870 0.063925
1731662660.184928178787231 1.031798 -13.155831 3.187348 -0.033230 -0.997384 -0.005717 0.063942
1731662660.284927606582642 1.031090 -13.155781 3.186922 -0.033312 -0.997376 -0.005423 0.064042
1731662660.384926795959473 1.031108 -13.155492 3.186732 -0.033371 -0.997374 -0.005038 0.064083
1731662660.484925985336304 1.030954 -13.155206 3.186255 -0.033338 -0.997375 -0.004665 0.064106
1731662660.584924936294556 1.031354 -13.154871 3.186097 -0.033358 -0.997374 -0.004306 0.064133
1731662660.684924125671387 1.031226 -13.154641 3.185938 -0.033417 -0.997374 -0.003947 0.064130
1731662660.784923315048218 1.030878 -13.154692 3.185558 -0.033553 -0.997370 -0.003593 0.064150
1731662660.884922742843628 1.030713 -13.154445 3.185447 -0.033631 -0.997369 -0.003174 0.064147
1731662660.984921693801880 1.030670 -13.154353 3.185081 -0.033739 -0.997365 -0.002728 0.064169
1731662661.084920883178711 1.030544 -13.153984 3.184852 -0.033945 -0.997360 -0.002310 0.064146
1731662661.184920072555542 1.030324 -13.154039 3.184516 -0.034238 -0.997350 -0.001905 0.064167
1731662661.284919261932373 1.030261 -13.153636 3.184539 -0.034461 -0.997343 -0.001423 0.064163
1731662661.384918451309204 1.030069 -13.153504 3.184101 -0.034840 -0.997332 -0.001016 0.064139
1731662661.484917879104614 1.030037 -13.153302 3.183939 -0.035245 -0.997322 -0.000576 0.064077
1731662661.584916591644287 1.030362 -13.152881 3.183839 -0.035558 -0.997315 -0.000232 0.064016
1731662661.684915781021118 1.030146 -13.152517 3.183756 -0.035991 -0.997301 0.000071 0.063995
1731662661.784914970397949 1.029902 -13.152598 3.183427 -0.036398 -0.997287 0.000363 0.063980
1731662661.884914159774780 1.031400 -13.153199 3.183380 -0.033759 -0.997341 0.002603 0.064535
1731662661.984913349151611 1.030751 -13.155147 3.184052 -0.028446 -0.997357 0.003739 0.066759
1731662662.084912538528442 1.030308 -13.158140 3.186999 -0.019243 -0.997467 0.007087 0.068115
1731662662.184911727905273 1.032109 -13.160146 3.191681 -0.008026 -0.997571 0.009024 0.068599
1731662662.284910917282104 1.029111 -13.172387 3.190817 0.003993 -0.997607 0.005852 0.068769
1731662662.384912729263306 1.024669 -13.190368 3.186362 0.020100 -0.997199 0.010025 0.071341
1731662662.484911918640137 1.026024 -13.203972 3.184820 0.040375 -0.996393 0.011260 0.073789
1731662662.584911108016968 1.030984 -13.217574 3.182267 0.061468 -0.995291 0.005390 0.074760
1731662662.684910297393799 1.031693 -13.231955 3.179954 0.084449 -0.993552 0.000632 0.075643
1731662662.784909486770630 1.029008 -13.245200 3.174154 0.109117 -0.991128 -0.002253 0.075858
1731662662.884908914566040 1.034097 -13.255981 3.169643 0.131126 -0.988002 -0.008218 0.081182
1731662662.984907865524292 1.038553 -13.267543 3.170550 0.153132 -0.985020 -0.007269 0.078947
1731662663.084907054901123 1.047753 -13.281071 3.167652 0.175573 -0.981277 -0.010270 0.078506
1731662663.184906005859375 1.053725 -13.294541 3.164388 0.197598 -0.977119 -0.012639 0.077679
1731662663.284905195236206 1.057105 -13.308471 3.156758 0.223756 -0.971500 -0.007080 0.077913
1731662663.384904623031616 1.061904 -13.325331 3.151142 0.251314 -0.964912 -0.009420 0.075475
1731662663.484903573989868 1.071435 -13.345945 3.142308 0.279726 -0.957052 -0.015553 0.074589
1731662663.584902763366699 1.085968 -13.365819 3.138820 0.308370 -0.948090 -0.018881 0.075350
1731662663.684901952743530 1.098707 -13.382531 3.131838 0.331154 -0.940373 -0.019964 0.075078
1731662663.784901142120361 1.111930 -13.398271 3.124423 0.353271 -0.932502 -0.019927 0.072412
1731662663.884900331497192 1.134451 -13.417886 3.117023 0.375518 -0.923881 -0.022597 0.070147
1731662663.984899520874023 1.150409 -13.442778 3.108390 0.398051 -0.914552 -0.022374 0.068194
1731662664.084898710250854 1.169589 -13.460273 3.102170 0.423200 -0.903695 -0.013285 0.063724
1731662664.184897899627686 1.182876 -13.471414 3.098998 0.444470 -0.893498 -0.014076 0.062523
1731662664.284897089004517 1.217461 -13.480107 3.099767 0.465397 -0.882781 -0.016212 0.061979
1731662664.384896278381348 1.236924 -13.484336 3.096902 0.478185 -0.875853 -0.018349 0.062314
1731662664.484895467758179 1.258836 -13.491822 3.089515 0.476653 -0.876844 -0.024689 0.057770
1731662664.584894657135010 1.271605 -13.498539 3.087565 0.477393 -0.876757 -0.025235 0.052503
1731662664.684893846511841 1.277591 -13.502015 3.086240 0.478299 -0.876387 -0.026940 0.049494
1731662664.784892559051514 1.300994 -13.496385 3.089944 0.483159 -0.873833 -0.024380 0.048769
1731662664.884891986846924 1.325667 -13.498360 3.094640 0.487920 -0.871293 -0.021325 0.048241
1731662664.984891176223755 1.324818 -13.495752 3.097243 0.490916 -0.869741 -0.018640 0.046959
1731662665.084890365600586 1.337451 -13.494705 3.101017 0.493549 -0.868390 -0.016398 0.045164
1731662665.184889554977417 1.334944 -13.491853 3.101714 0.495940 -0.867172 -0.014000 0.043142
1731662665.284888744354248 1.346613 -13.490016 3.105047 0.498351 -0.865911 -0.011692 0.041322
1731662665.384887695312500 1.345027 -13.488657 3.106614 0.500699 -0.864672 -0.009659 0.039362
1731662665.484887123107910 1.350656 -13.487392 3.109321 0.502923 -0.863470 -0.007938 0.037749
1731662665.584886312484741 1.346502 -13.487163 3.109456 0.505060 -0.862283 -0.006427 0.036620
1731662665.684885501861572 1.348649 -13.485633 3.113446 0.507321 -0.861001 -0.005125 0.035741
1731662665.784884691238403 1.352295 -13.484622 3.114293 0.509720 -0.859624 -0.003970 0.034869
1731662665.884883880615234 1.352399 -13.484393 3.119307 0.512094 -0.858238 -0.003052 0.034327
1731662665.984882831573486 1.349192 -13.486299 3.119877 0.514278 -0.856948 -0.002231 0.033957
1731662666.084882020950317 1.347750 -13.486387 3.124440 0.516655 -0.855536 -0.001385 0.033520
1731662666.184881210327148 1.344622 -13.487219 3.124750 0.518832 -0.854229 -0.000979 0.033229
1731662666.284880399703979 1.341984 -13.487712 3.124982 0.520739 -0.853071 -0.000803 0.033159
1731662666.384882211685181 1.346138 -13.488549 3.126472 0.522713 -0.851872 -0.000641 0.032934
1731662666.484881401062012 1.341065 -13.489768 3.125118 0.524764 -0.850618 -0.000561 0.032737
1731662666.584880590438843 1.339522 -13.489296 3.123293 0.526957 -0.849265 -0.000379 0.032628
1731662666.684879779815674 1.340593 -13.490208 3.124409 0.528791 -0.848124 -0.000548 0.032636
1731662666.784878730773926 1.342114 -13.490595 3.123317 0.530650 -0.846954 -0.001134 0.032844
1731662666.884878158569336 1.336618 -13.494016 3.123738 0.532340 -0.845890 -0.001584 0.032887
1731662666.984877347946167 1.338798 -13.493978 3.123129 0.533826 -0.844945 -0.002105 0.033051
1731662667.084876537322998 1.338565 -13.494449 3.124312 0.535279 -0.844021 -0.002752 0.033106
1731662667.184875726699829 1.340394 -13.495048 3.123370 0.536624 -0.843159 -0.003387 0.033258
1731662667.284874916076660 1.336700 -13.499654 3.123100 0.537669 -0.842492 -0.004014 0.033206
1731662667.384874343872070 1.337235 -13.500238 3.122107 0.538930 -0.841681 -0.004510 0.033263
1731662667.484873294830322 1.339992 -13.499518 3.121380 0.539743 -0.841153 -0.005004 0.033373
1731662667.584872484207153 1.341205 -13.500531 3.121541 0.540530 -0.840639 -0.005693 0.033473
1731662667.684871673583984 1.339034 -13.505779 3.121413 0.541415 -0.840064 -0.006632 0.033427
1731662667.784870862960815 1.339888 -13.505580 3.120501 0.542477 -0.839379 -0.007425 0.033266
1731662667.884870052337646 1.344051 -13.506132 3.120953 0.542946 -0.839076 -0.007880 0.033160
1731662667.984869003295898 1.345777 -13.508068 3.119643 0.543553 -0.838690 -0.008196 0.032900
1731662668.084868431091309 1.345706 -13.508590 3.118649 0.543902 -0.838465 -0.008469 0.032798
1731662668.184867620468140 1.345919 -13.512279 3.119567 0.544074 -0.838353 -0.008854 0.032699
1731662668.284866809844971 1.349092 -13.512399 3.118677 0.544235 -0.838246 -0.009308 0.032639
1731662668.384866237640381 1.349084 -13.514835 3.119317 0.544391 -0.838144 -0.009837 0.032512
1731662668.484865427017212 1.349653 -13.516234 3.117626 0.544483 -0.838086 -0.010246 0.032323
1731662668.584864616394043 1.349815 -13.517935 3.118010 0.544613 -0.838007 -0.010711 0.032025
1731662668.684863805770874 1.349744 -13.518324 3.117548 0.544614 -0.838016 -0.011100 0.031661
1731662668.784862995147705 1.349981 -13.519565 3.117707 0.544568 -0.838056 -0.011452 0.031262
1731662668.884862184524536 1.352542 -13.520529 3.116367 0.544428 -0.838161 -0.011667 0.030806
1731662668.984861373901367 1.352782 -13.521143 3.115128 0.544367 -0.838210 -0.011812 0.030475
1731662669.084860563278198 1.357290 -13.512714 3.108133 0.544126 -0.838380 -0.011902 0.030086
1731662669.184859752655029 1.361576 -13.507173 3.103226 0.543882 -0.838544 -0.011958 0.029882
1731662669.284858942031860 1.364354 -13.503785 3.101657 0.543705 -0.838663 -0.011948 0.029792
1731662669.384858131408691 1.366220 -13.501572 3.099622 0.543611 -0.838724 -0.011859 0.029813
1731662669.484857320785522 1.368097 -13.500437 3.097398 0.543494 -0.838800 -0.011695 0.029854
1731662669.584856510162354 1.369241 -13.499224 3.095408 0.543443 -0.838834 -0.011509 0.029899
1731662669.684856176376343 1.369843 -13.498418 3.094352 0.543345 -0.838899 -0.011312 0.029944
1731662669.784855127334595 1.370075 -13.497795 3.093797 0.543294 -0.838935 -0.011110 0.029944
1731662669.884854316711426 1.371014 -13.497676 3.092108 0.543220 -0.838986 -0.010850 0.029940
1731662669.984853506088257 1.371379 -13.497395 3.091286 0.543181 -0.839015 -0.010598 0.029923
1731662670.084852457046509 1.372029 -13.497183 3.090096 0.543122 -0.839058 -0.010316 0.029899
1731662670.184851646423340 1.371972 -13.497007 3.089243 0.543085 -0.839084 -0.010065 0.029911
1731662670.284850835800171 1.371987 -13.496722 3.089132 0.543087 -0.839090 -0.009740 0.029843
1731662670.384850263595581 1.371730 -13.496748 3.088678 0.543113 -0.839079 -0.009320 0.029807
1731662670.484849452972412 1.372804 -13.496024 3.087645 0.543228 -0.839007 -0.008952 0.029822
1731662670.584848642349243 1.372455 -13.496044 3.087381 0.543228 -0.839009 -0.008721 0.029853
1731662670.684847831726074 1.372362 -13.495823 3.086755 0.543237 -0.839003 -0.008648 0.029880
1731662670.784847021102905 1.372076 -13.496071 3.086538 0.543231 -0.839006 -0.008721 0.029865
1731662670.884846448898315 1.371828 -13.495970 3.086425 0.543251 -0.838993 -0.008730 0.029886
1731662670.984845399856567 1.371313 -13.496437 3.086563 0.543198 -0.839029 -0.008748 0.029835
1731662671.084844589233398 1.370417 -13.496582 3.086953 0.543192 -0.839038 -0.008755 0.029683
1731662671.184843778610229 1.370368 -13.496570 3.086446 0.543170 -0.839056 -0.008702 0.029611
1731662671.284842967987061 1.370364 -13.496430 3.085827 0.543208 -0.839034 -0.008737 0.029504
1731662671.384842157363892 1.370641 -13.496527 3.084845 0.543257 -0.839007 -0.008759 0.029359
1731662671.484841585159302 1.369909 -13.496340 3.084816 0.543279 -0.838999 -0.008771 0.029188
1731662671.584840536117554 1.369044 -13.496575 3.085170 0.543315 -0.838982 -0.008804 0.028992
1731662671.684839725494385 1.369320 -13.496772 3.084396 0.543382 -0.838945 -0.008899 0.028797
1731662671.784838914871216 1.368258 -13.496791 3.085070 0.543443 -0.838911 -0.009043 0.028553
1731662671.984837532043457 1.369533 -13.496433 3.083155 0.543655 -0.838782 -0.009344 0.028225
1731662672.084836721420288 1.368296 -13.496406 3.084093 0.543753 -0.838722 -0.009547 0.028045
1731662672.184835910797119 1.367701 -13.496415 3.084353 0.543801 -0.838693 -0.009769 0.027930
1731662672.284835100173950 1.367191 -13.495893 3.084496 0.543917 -0.838617 -0.010008 0.027854
1731662672.384834289550781 1.366892 -13.496080 3.084538 0.543945 -0.838601 -0.010241 0.027713
1731662672.484833478927612 1.366796 -13.495560 3.084821 0.544032 -0.838541 -0.010466 0.027714
1731662672.584832668304443 1.367162 -13.495259 3.084383 0.544009 -0.838554 -0.010647 0.027718
1731662672.684831857681274 1.366550 -13.494859 3.084797 0.544109 -0.838488 -0.010853 0.027663
1731662672.784831047058105 1.365972 -13.494736 3.085150 0.544143 -0.838468 -0.011122 0.027498
1731662672.884830236434937 1.364741 -13.494323 3.086562 0.544292 -0.838373 -0.011435 0.027326
1731662672.984829425811768 1.365058 -13.494153 3.086327 0.544333 -0.838346 -0.011795 0.027177
1731662673.084828615188599 1.364346 -13.493622 3.087205 0.544466 -0.838261 -0.012193 0.026960
1731662673.184827804565430 1.364287 -13.493676 3.087439 0.544443 -0.838279 -0.012526 0.026716
1731662673.284826993942261 1.363625 -13.493027 3.088043 0.544559 -0.838205 -0.012865 0.026513
1731662673.384826421737671 1.363863 -13.492950 3.087516 0.544629 -0.838162 -0.013176 0.026254
1731662673.484825611114502 1.363484 -13.492656 3.087859 0.544673 -0.838138 -0.013410 0.025997
1731662673.584824800491333 1.363168 -13.492648 3.088001 0.544656 -0.838154 -0.013632 0.025732
1731662673.684823989868164 1.362756 -13.492207 3.088433 0.544724 -0.838109 -0.013724 0.025703
1731662673.784823179244995 1.362249 -13.491976 3.089055 0.544702 -0.838124 -0.013730 0.025662
1731662673.884822130203247 1.361206 -13.491405 3.090169 0.544822 -0.838048 -0.013609 0.025668
1731662673.984821319580078 1.361778 -13.491216 3.089674 0.544833 -0.838041 -0.013482 0.025735
1731662674.084820508956909 1.361714 -13.490843 3.089624 0.544921 -0.837986 -0.013293 0.025780
1731662674.184819936752319 1.361341 -13.490690 3.090147 0.544927 -0.837984 -0.013131 0.025768
1731662674.284819126129150 1.360909 -13.490305 3.090248 0.545003 -0.837938 -0.012876 0.025815
1731662674.384818315505981 1.360371 -13.490191 3.090695 0.545070 -0.837898 -0.012583 0.025838
1731662674.484817504882812 1.359368 -13.489643 3.091000 0.545221 -0.837808 -0.012127 0.025781
1731662674.584816694259644 1.358814 -13.489671 3.091286 0.545283 -0.837775 -0.011690 0.025754
1731662674.684815883636475 1.358371 -13.489409 3.091227 0.545379 -0.837719 -0.011189 0.025765
1731662674.784815073013306 1.358469 -13.489439 3.090611 0.545488 -0.837654 -0.010720 0.025761
1731662674.884814262390137 1.357873 -13.489171 3.090802 0.545647 -0.837555 -0.010351 0.025769
1731662674.984813451766968 1.357935 -13.489208 3.090529 0.545743 -0.837493 -0.010121 0.025835
1731662675.084812641143799 1.357477 -13.488814 3.090830 0.545871 -0.837409 -0.010109 0.025868
1731662675.184811830520630 1.357764 -13.488856 3.090477 0.545941 -0.837363 -0.010107 0.025878
1731662675.284811019897461 1.357462 -13.488583 3.090681 0.546038 -0.837302 -0.010055 0.025819
1731662675.384810209274292 1.357418 -13.488662 3.090717 0.546048 -0.837298 -0.010016 0.025736
1731662675.484809637069702 1.356907 -13.488353 3.091436 0.546090 -0.837274 -0.009978 0.025660
1731662675.584808588027954 1.356835 -13.488268 3.091899 0.546108 -0.837267 -0.009942 0.025522
1731662675.684808015823364 1.356808 -13.487974 3.092068 0.546179 -0.837223 -0.009900 0.025453
1731662675.784807205200195 1.357147 -13.488008 3.091924 0.546185 -0.837223 -0.009802 0.025367
1731662675.884806394577026 1.357314 -13.487962 3.092366 0.546222 -0.837202 -0.009751 0.025285
1731662675.984805583953857 1.357533 -13.487923 3.092645 0.546219 -0.837210 -0.009656 0.025122
1731662676.084804773330688 1.357518 -13.487577 3.093642 0.546272 -0.837181 -0.009622 0.024949
1731662676.184803724288940 1.357888 -13.487534 3.093899 0.546291 -0.837177 -0.009486 0.024708
1731662676.284803152084351 1.357952 -13.487399 3.095406 0.546315 -0.837172 -0.009402 0.024389
1731662676.384799242019653 1.358504 -13.487485 3.095089 0.546335 -0.837168 -0.009310 0.024106
1731662676.484798431396484 1.358765 -13.487278 3.095396 0.546418 -0.837123 -0.009240 0.023798
1731662676.584797620773315 1.359094 -13.487149 3.095784 0.546449 -0.837113 -0.009250 0.023442
1731662676.684796810150146 1.358746 -13.486221 3.096750 0.546597 -0.837027 -0.009296 0.023034
1731662676.784795999526978 1.359370 -13.486451 3.096979 0.546606 -0.837029 -0.009382 0.022702
1731662676.884795188903809 1.359486 -13.486192 3.097519 0.546658 -0.837003 -0.009480 0.022367
1731662676.984794378280640 1.359964 -13.486238 3.096879 0.546744 -0.836951 -0.009548 0.022204
1731662677.084793567657471 1.359993 -13.485865 3.096823 0.546852 -0.836883 -0.009714 0.022008
1731662677.184792757034302 1.360168 -13.485638 3.096576 0.546943 -0.836827 -0.009874 0.021825
1731662677.284791946411133 1.359928 -13.485046 3.097268 0.547040 -0.836766 -0.010065 0.021669
1731662677.384791135787964 1.360337 -13.485183 3.096997 0.547060 -0.836752 -0.010359 0.021534
1731662677.484790563583374 1.359995 -13.484674 3.097863 0.547122 -0.836713 -0.010627 0.021338
1731662677.584789752960205 1.360266 -13.484860 3.097605 0.547121 -0.836712 -0.010894 0.021265
1731662677.684788942337036 1.360380 -13.485007 3.097262 0.547139 -0.836699 -0.011138 0.021214
1731662677.784787893295288 1.360383 -13.485048 3.097035 0.547146 -0.836691 -0.011403 0.021199
1731662677.884787082672119 1.360107 -13.484803 3.097461 0.547163 -0.836678 -0.011688 0.021118
1731662677.984786272048950 1.360554 -13.485223 3.096822 0.547164 -0.836672 -0.011985 0.021158
1731662678.084785461425781 1.360019 -13.484746 3.097677 0.547191 -0.836651 -0.012256 0.021146
1731662678.184784650802612 1.360166 -13.484639 3.098297 0.547183 -0.836652 -0.012449 0.021202
1731662678.284783840179443 1.360011 -13.484464 3.098876 0.547208 -0.836632 -0.012515 0.021309
1731662678.384783267974854 1.360165 -13.484513 3.098697 0.547220 -0.836619 -0.012568 0.021464
1731662678.484782218933105 1.359917 -13.484367 3.098988 0.547287 -0.836571 -0.012551 0.021624
1731662678.584781646728516 1.360023 -13.484560 3.098336 0.547381 -0.836506 -0.012488 0.021796
1731662678.684780836105347 1.359347 -13.484075 3.099418 0.547526 -0.836410 -0.012458 0.021846
1731662678.784780025482178 1.359523 -13.484176 3.099129 0.547647 -0.836329 -0.012395 0.021980
1731662678.884779214859009 1.358705 -13.483457 3.100161 0.547855 -0.836192 -0.012319 0.022027
1731662678.984778404235840 1.358651 -13.483454 3.100289 0.548006 -0.836094 -0.012155 0.022103
1731662679.084777355194092 1.358066 -13.482923 3.100970 0.548180 -0.835981 -0.011924 0.022180
1731662679.184776782989502 1.358003 -13.482974 3.101028 0.548328 -0.835889 -0.011585 0.022192
1731662679.284775972366333 1.357505 -13.482506 3.101650 0.548485 -0.835790 -0.011274 0.022195
1731662679.384775161743164 1.357659 -13.482853 3.101165 0.548591 -0.835724 -0.010851 0.022247
1731662679.484774351119995 1.357392 -13.482525 3.101956 0.548729 -0.835639 -0.010456 0.022241
1731662679.584773540496826 1.357276 -13.482428 3.101928 0.548843 -0.835568 -0.010150 0.022226
1731662679.684772968292236 1.357143 -13.482312 3.102020 0.548947 -0.835501 -0.010037 0.022240
1731662679.784772157669067 1.357124 -13.482509 3.101628 0.549058 -0.835426 -0.010050 0.022294
1731662679.884771347045898 1.357077 -13.482623 3.101323 0.549177 -0.835345 -0.010078 0.022390
1731662679.984770536422729 1.356902 -13.482648 3.100481 0.549352 -0.835233 -0.009892 0.022397
1731662680.084769725799561 1.356510 -13.482788 3.100203 0.549495 -0.835143 -0.009629 0.022343
1731662680.184768915176392 1.356489 -13.482885 3.100000 0.549624 -0.835063 -0.009255 0.022292
1731662680.284767627716064 1.356356 -13.482926 3.099819 0.549737 -0.834994 -0.008874 0.022250
1731662680.384764194488525 1.356273 -13.483162 3.099550 0.549821 -0.834946 -0.008466 0.022162
1731662680.484763383865356 1.356046 -13.482881 3.099853 0.549908 -0.834895 -0.008070 0.022068
1731662680.584762573242188 1.356023 -13.482707 3.100525 0.549973 -0.834859 -0.007651 0.021946
1731662680.684761524200439 1.355977 -13.482720 3.100310 0.550062 -0.834806 -0.007219 0.021856
1731662680.784760713577271 1.355848 -13.482844 3.100026 0.550134 -0.834764 -0.006801 0.021815
1731662680.884759902954102 1.356025 -13.483138 3.099989 0.550195 -0.834727 -0.006294 0.021810
1731662680.984759092330933 1.356054 -13.483373 3.099722 0.550244 -0.834700 -0.005895 0.021733
1731662681.084758281707764 1.356067 -13.483611 3.099799 0.550292 -0.834673 -0.005486 0.021664
1731662681.184757471084595 1.355889 -13.483567 3.099772 0.550357 -0.834631 -0.005291 0.021670
1731662681.284756422042847 1.355988 -13.483565 3.099963 0.550434 -0.834580 -0.005383 0.021674
1731662681.384755849838257 1.355891 -13.483461 3.100040 0.550457 -0.834562 -0.005595 0.021732
1731662681.484754800796509 1.356048 -13.483482 3.100055 0.550437 -0.834572 -0.005728 0.021807
1731662681.584753990173340 1.355924 -13.483633 3.099811 0.550422 -0.834581 -0.005814 0.021850
1731662681.684753179550171 1.356022 -13.483629 3.099933 0.550455 -0.834560 -0.005808 0.021803
1731662681.784752368927002 1.355873 -13.483484 3.100216 0.550486 -0.834543 -0.005771 0.021675
1731662681.884751558303833 1.355786 -13.483632 3.100223 0.550477 -0.834550 -0.005744 0.021643
1731662681.984750509262085 1.355750 -13.483439 3.100414 0.550503 -0.834534 -0.005786 0.021587
1731662682.084749937057495 1.355806 -13.483551 3.100337 0.550528 -0.834518 -0.005842 0.021547
1731662682.184748888015747 1.355604 -13.483752 3.099941 0.550520 -0.834522 -0.005904 0.021588
1731662682.284748077392578 1.355773 -13.483663 3.099948 0.550557 -0.834498 -0.005993 0.021558
1731662682.384747266769409 1.355738 -13.483791 3.099945 0.550578 -0.834485 -0.006078 0.021486
1731662682.484746456146240 1.355943 -13.483982 3.099636 0.550606 -0.834467 -0.006164 0.021461
1731662682.584745645523071 1.356056 -13.484090 3.099679 0.550612 -0.834463 -0.006309 0.021407
1731662682.684745073318481 1.355917 -13.483966 3.099883 0.550653 -0.834435 -0.006526 0.021369
1731662682.784743785858154 1.355899 -13.483898 3.100265 0.550661 -0.834428 -0.006789 0.021354
1731662682.884743213653564 1.355991 -13.483887 3.100391 0.550674 -0.834418 -0.007047 0.021327
1731662682.984742164611816 1.356027 -13.483916 3.100539 0.550699 -0.834399 -0.007382 0.021329
1731662683.084741353988647 1.355763 -13.483549 3.100861 0.550760 -0.834355 -0.007750 0.021328
1731662683.184740543365479 1.355873 -13.483530 3.101028 0.550762 -0.834348 -0.008101 0.021407
1731662683.284739494323730 1.355828 -13.483390 3.101586 0.550741 -0.834358 -0.008384 0.021489
1731662683.384738922119141 1.355837 -13.483169 3.102190 0.550771 -0.834334 -0.008582 0.021559
1731662683.484738111495972 1.355886 -13.483006 3.102688 0.550783 -0.834324 -0.008674 0.021597
1731662683.584737300872803 1.355991 -13.482949 3.102927 0.550797 -0.834312 -0.008683 0.021695
1731662683.684736251831055 1.356063 -13.482862 3.103168 0.550820 -0.834295 -0.008653 0.021770
1731662683.784735441207886 1.356059 -13.482670 3.103760 0.550846 -0.834279 -0.008617 0.021764
1731662683.884734630584717 1.356151 -13.482631 3.103835 0.550864 -0.834266 -0.008561 0.021804
1731662683.984733581542969 1.356188 -13.482539 3.104187 0.550891 -0.834250 -0.008431 0.021788
1731662684.084733009338379 1.356287 -13.482455 3.104501 0.550910 -0.834239 -0.008307 0.021775
1731662684.184731960296631 1.356362 -13.482427 3.104758 0.550917 -0.834236 -0.008176 0.021762
1731662684.284731149673462 1.356482 -13.482404 3.104952 0.550928 -0.834230 -0.008018 0.021773
1731662684.384730339050293 1.356584 -13.482622 3.104613 0.550964 -0.834209 -0.007744 0.021773
1731662684.484729528427124 1.356499 -13.482661 3.104424 0.550973 -0.834207 -0.007492 0.021724
1731662684.584728717803955 1.356360 -13.482807 3.104131 0.550992 -0.834198 -0.007166 0.021680
1731662684.684727907180786 1.356350 -13.482600 3.104281 0.551046 -0.834167 -0.006877 0.021582
1731662684.784727096557617 1.356386 -13.482594 3.104243 0.551083 -0.834145 -0.006612 0.021565
1731662684.884726285934448 1.356315 -13.482408 3.104651 0.551133 -0.834115 -0.006398 0.021539
1731662684.984725236892700 1.356370 -13.482549 3.104403 0.551151 -0.834105 -0.006174 0.021506
1731662685.084724426269531 1.356430 -13.482474 3.104497 0.551193 -0.834080 -0.005973 0.021472
1731662685.184723615646362 1.356301 -13.482756 3.103824 0.551232 -0.834055 -0.005742 0.021502
1731662685.284722805023193 1.356372 -13.482624 3.103946 0.551278 -0.834025 -0.005598 0.021541
1731662685.384721994400024 1.356510 -13.482665 3.103826 0.551312 -0.834001 -0.005603 0.021594
1731662685.484721183776855 1.356514 -13.482883 3.103498 0.551325 -0.833989 -0.005762 0.021683
1731662685.584720373153687 1.356524 -13.483298 3.102865 0.551310 -0.833994 -0.005942 0.021814
1731662685.684719324111938 1.356733 -13.483362 3.102795 0.551334 -0.833975 -0.006085 0.021884
1731662685.784718513488770 1.356759 -13.483552 3.102332 0.551388 -0.833938 -0.006124 0.021950
1731662685.884717941284180 1.356757 -13.483587 3.102400 0.551433 -0.833907 -0.006158 0.021994
1731662685.984716892242432 1.356642 -13.483745 3.101867 0.551446 -0.833896 -0.006156 0.022056
1731662686.084716081619263 1.356475 -13.483857 3.101772 0.551474 -0.833876 -0.006137 0.022115
1731662686.184715270996094 1.356516 -13.484138 3.101106 0.551495 -0.833861 -0.006112 0.022189
1731662686.284714221954346 1.356300 -13.484265 3.101094 0.551509 -0.833852 -0.006095 0.022171
1731662686.384713411331177 1.356127 -13.484139 3.101314 0.551523 -0.833842 -0.006126 0.022163
1731662686.484712600708008 1.356147 -13.484039 3.101616 0.551548 -0.833826 -0.006111 0.022167
1731662686.584711790084839 1.356185 -13.484160 3.101326 0.551573 -0.833808 -0.006055 0.022239
