# timestamp(s) tx ty tz qx qy qz qw
1031.239672603000145 0.000000 -0.000000 -0.000000 -0.075464 0.007220 -0.000000 0.997122
1031.272917551000091 -0.000061 0.000022 -0.000072 -0.075541 0.007203 -0.000033 0.997117
1031.306019915999968 0.000087 0.000193 -0.000147 -0.075606 0.012354 0.000305 0.997061
1031.339264759000116 0.000262 0.000253 -0.000253 -0.075700 0.012327 0.000246 0.997054
1031.372365551000030 0.000499 0.000309 -0.000376 -0.075802 0.012295 0.000186 0.997047
1031.405665759000158 0.000924 0.000428 -0.000583 -0.075907 0.012255 0.000136 0.997040
1031.438711655000134 0.001494 0.000530 -0.000751 -0.076026 0.012218 0.000093 0.997031
1031.471884863000014 0.000079 0.000169 0.000001 -0.074510 0.006566 -0.000129 0.997199
1031.505057603000068 -0.000054 0.000149 -0.000033 -0.075096 0.006174 -0.000151 0.997157
1031.538230811000176 -0.000021 0.000082 0.000020 -0.074892 0.006565 -0.000113 0.997170
1031.571444655000050 -0.000047 0.000088 0.000081 -0.075402 0.006914 -0.000091 0.997129
1031.604576759000111 0.000052 0.000122 0.000125 -0.075376 0.007548 -0.000038 0.997127
1031.637748759000033 -0.000037 0.000123 0.000170 -0.075502 0.007282 -0.000053 0.997119
1031.670922707000045 0.000039 0.000103 0.000217 -0.075317 0.007313 -0.000036 0.997133
1031.704096706999962 0.000008 0.000168 0.000239 -0.075457 0.007345 -0.000030 0.997122
1031.737267602999964 0.000037 0.000038 0.000234 -0.075157 0.007377 -0.000021 0.997144
1031.770441655000013 -0.000069 0.000044 0.000277 -0.075072 0.007159 -0.000035 0.997152
1031.803615603000026 -0.000018 0.000012 0.000262 -0.075224 0.007341 -0.000030 0.997140
1031.836827603000074 -0.000040 0.000142 0.000311 -0.075537 0.007438 -0.000029 0.997115
1031.869959759000039 -0.000122 0.000081 0.000276 -0.075443 0.007249 -0.000026 0.997124
1031.903208551000034 -0.000038 0.000101 0.000259 -0.075405 0.007347 -0.000021 0.997126
1031.936306654999953 -0.000011 0.000097 0.000334 -0.075253 0.007513 -0.000021 0.997136
1031.969479759000023 0.000007 0.000081 0.000335 -0.075176 0.007560 0.000004 0.997142
1032.002652811999951 -0.000082 0.000112 0.000362 -0.075165 0.007297 -0.000029 0.997144
1032.035905643999968 0.000031 0.000073 0.000336 -0.075216 0.007469 -0.000015 0.997139
1032.069133072000113 0.000033 0.000120 0.000389 -0.075236 0.007463 -0.000022 0.997138
1032.102171707000025 -0.000034 0.000112 0.000370 -0.075230 0.007383 -0.000017 0.997139
1032.135343603000138 -0.000052 0.000155 0.000353 -0.075236 0.007319 -0.000024 0.997139
1032.168517603000055 0.000004 0.000136 0.000385 -0.075178 0.007411 -0.000014 0.997143
1032.201690603000088 -0.000064 0.000089 0.000325 -0.075129 0.007415 -0.000011 0.997146
1032.234903603000021 -0.000136 0.000045 0.000293 -0.075117 0.007347 -0.000002 0.997148
1032.268036655000060 -0.000083 0.000036 0.000329 -0.075080 0.007430 0.000004 0.997150
1032.301226603000032 -0.000107 0.000040 0.000371 -0.075068 0.007530 0.000004 0.997150
1032.334456655000167 -0.000024 0.000086 0.000347 -0.075164 0.007527 -0.000020 0.997143
1032.367622707000010 -0.000032 0.000059 0.000357 -0.075134 0.007455 -0.000021 0.997146
1032.400727603000178 -0.000040 0.000066 0.000349 -0.075156 0.007424 -0.000018 0.997144
1032.433901227999968 -0.000006 0.000059 0.000280 -0.075123 0.007443 -0.000014 0.997146
1032.467073916000118 -0.000038 0.000084 0.000271 -0.075150 0.007468 -0.000001 0.997144
1032.500246811000125 -0.000015 0.000055 0.000280 -0.075080 0.007456 -0.000008 0.997150
1032.533459759000152 -0.000108 0.000029 0.000235 -0.075087 0.007411 -0.000004 0.997149
1032.566593760000160 -0.000042 -0.000049 0.000217 -0.075091 0.007481 0.000015 0.997149
1032.599766758999976 -0.000052 0.000018 0.000307 -0.075096 0.007534 0.000018 0.997148
1032.632939707000105 -0.000004 0.000034 0.000310 -0.075113 0.007556 0.000003 0.997146
1032.666137916000025 -0.000052 0.000042 0.000301 -0.075126 0.007447 0.000000 0.997146
1032.699326916000018 -0.000039 0.000048 0.000277 -0.075071 0.007445 -0.000006 0.997150
1032.732459280000057 -0.000040 0.000058 0.000249 -0.075022 0.007467 0.000006 0.997154
1032.765630759000032 -0.000022 0.000007 0.000230 -0.075008 0.007494 -0.000003 0.997155
1032.798878915000159 0.000046 -0.000008 0.000218 -0.075046 0.007480 -0.000004 0.997152
1032.832046655000113 -0.000001 0.000060 0.000248 -0.075041 0.007463 -0.000013 0.997153
1032.865150603000075 0.000013 0.000017 0.000324 -0.075003 0.007482 0.000014 0.997155
1032.898323124000171 0.000059 0.000023 0.000349 -0.074947 0.007494 0.000012 0.997159
1032.931566707000002 0.000062 0.000009 0.000383 -0.074966 0.007493 0.000005 0.997158
1032.964668603000064 0.000047 0.000036 0.000345 -0.074979 0.007446 -0.000004 0.997157
1032.997969655000134 0.000004 0.000026 0.000333 -0.075011 0.007467 -0.000003 0.997155
1033.031016655000030 -0.000008 0.000009 0.000323 -0.074969 0.007455 0.000006 0.997158
1033.064188654999953 0.000004 -0.000020 0.000346 -0.074931 0.007495 0.000005 0.997161
1033.097360655000102 -0.000026 -0.000030 0.000370 -0.074887 0.007513 0.000019 0.997164
1033.130608655000060 0.000022 0.000011 0.000351 -0.074919 0.007502 0.000010 0.997161
1033.163706915000148 -0.000037 0.000024 0.000372 -0.074907 0.007476 0.000005 0.997163
1033.196882656000071 -0.000061 0.000062 0.000354 -0.074915 0.007494 0.000000 0.997162
1033.230053707000025 0.000011 -0.000002 0.000364 -0.074894 0.007570 0.000010 0.997163
1033.263226603000021 -0.000079 0.000009 0.000332 -0.074932 0.007552 0.000023 0.997160
1033.296399654999959 -0.000086 -0.000016 0.000365 -0.074870 0.007546 0.000015 0.997165
1033.329600968000022 0.000040 0.000031 0.000321 -0.074926 0.007512 0.000012 0.997161
1033.362786123999967 -0.000053 -0.000034 0.000302 -0.074886 0.007531 0.000012 0.997164
1033.395917603000044 0.000033 0.000020 0.000298 -0.074981 0.007551 0.000011 0.997156
1033.429090654999982 0.000027 0.000011 0.000258 -0.074851 0.007552 0.000026 0.997166
1033.462332707000087 0.000061 -0.000015 0.000242 -0.074897 0.007559 0.000012 0.997163
1033.495511124000132 0.000020 0.000037 0.000318 -0.074780 0.007532 0.000009 0.997172
1033.528611811000019 0.000096 -0.000006 0.000379 -0.074836 0.007528 0.000012 0.997167
1033.561783812000158 -0.000038 0.000050 0.000387 -0.074790 0.007544 0.000022 0.997171
1033.595028864000142 0.000026 0.000048 0.000385 -0.074898 0.007578 0.000015 0.997162
1033.628130020000071 0.000001 -0.000012 0.000347 -0.074859 0.007543 0.000004 0.997166
1033.661328863000108 -0.000035 0.000061 0.000386 -0.074850 0.007549 0.000007 0.997166
1033.694477811000070 -0.000034 -0.000018 0.000427 -0.074758 0.007595 0.000024 0.997173
1033.727648758999976 0.000026 0.000007 0.000427 -0.074835 0.007648 0.000021 0.997167
1033.760821967000084 0.000049 -0.000001 0.000360 -0.074840 0.007596 0.000010 0.997167
1033.827263708000146 0.000002 0.000026 0.000392 -0.074827 0.007556 -0.000012 0.997168
1033.860431020000078 0.000078 0.000044 0.000365 -0.074798 0.007506 -0.000002 0.997170
1033.893514603000085 0.000053 0.000026 0.000405 -0.074794 0.007541 0.000004 0.997170
1033.926732655000023 0.000044 0.000026 0.000448 -0.074777 0.007571 0.000004 0.997172
1033.959860018999962 -0.000028 0.000072 0.000458 -0.074700 0.007581 -0.000003 0.997177
1033.993073811000158 0.000024 0.000054 0.000448 -0.074680 0.007556 -0.000010 0.997179
1034.026204655000129 0.000025 0.000002 0.000414 -0.074695 0.007596 0.000005 0.997177
1034.059419603000151 0.000077 0.000052 0.000448 -0.074704 0.007627 0.000017 0.997177
1034.092551655000079 0.000041 0.000046 0.000357 -0.074705 0.007574 0.000014 0.997177
1034.125724915000092 0.000039 0.000071 0.000303 -0.074714 0.007581 0.000002 0.997176
1034.158897707000051 0.000041 0.000064 0.000276 -0.074665 0.007589 0.000009 0.997180
1034.192069655000068 0.000020 -0.000039 0.000269 -0.074692 0.007571 0.000028 0.997178
1034.225243603000081 -0.000027 -0.000004 0.000279 -0.074663 0.007518 0.000014 0.997180
1034.258491864000007 0.000014 0.000073 0.000300 -0.074810 0.007607 0.000010 0.997169
1034.291589706999957 -0.000015 0.000020 0.000322 -0.074750 0.007614 0.000020 0.997173
1034.324762706999991 -0.000090 0.000045 0.000267 -0.074825 0.007376 -0.000019 0.997169
1034.357935760000146 -0.000164 -0.000033 0.000210 -0.074593 0.007260 -0.000003 0.997188
1034.391108603000021 -0.000345 -0.000138 0.000130 -0.074574 0.007231 -0.000001 0.997189
1034.424280759000112 0.000004 0.000026 0.000385 -0.074816 0.007428 -0.000002 0.997170
1034.490671811000084 -0.000092 0.000138 0.000351 -0.074781 0.007353 -0.000020 0.997173
1034.523799812000107 -0.000198 0.000110 0.000297 -0.074876 0.007326 -0.000016 0.997166
1034.556973384000003 -0.000192 0.000061 0.000315 -0.074891 0.007331 -0.000023 0.997165
1034.590147592999983 -0.000187 0.000129 0.000369 -0.074885 0.007361 -0.000025 0.997165
1034.623319603000027 -0.000136 0.000089 0.000394 -0.074900 0.007356 -0.000019 0.997164
1034.656492654999965 -0.000184 0.000095 0.000338 -0.074919 0.007341 -0.000034 0.997163
1034.689710812000158 -0.000130 0.000120 0.000391 -0.074909 0.007352 -0.000038 0.997163
1034.722837656000138 -0.000178 0.000075 0.000349 -0.074919 0.007371 -0.000025 0.997162
1034.756012217000034 -0.000208 0.000138 0.000373 -0.074916 0.007372 -0.000037 0.997163
1034.822402216999990 -0.000112 0.000154 0.000392 -0.074931 0.007381 -0.000045 0.997161
1034.855572113000107 -0.000136 0.000064 0.000309 -0.074931 0.007375 -0.000021 0.997161
1034.888703603000067 -0.000147 0.000105 0.000381 -0.074940 0.007389 -0.000014 0.997161
1034.921876603000101 -0.000115 0.000145 0.000392 -0.074937 0.007392 -0.000022 0.997161
1034.988265655000077 -0.000115 0.000133 0.000386 -0.074928 0.007395 -0.000043 0.997162
1035.021397165000053 -0.000143 0.000114 0.000395 -0.074961 0.007400 -0.000032 0.997159
1035.054568707000044 -0.000078 0.000102 0.000411 -0.074966 0.007393 -0.000025 0.997159
1035.087785123999993 -0.000070 0.000122 0.000399 -0.074959 0.007383 -0.000036 0.997159
1035.120962863000159 -0.000120 0.000194 0.000357 -0.074981 0.007390 -0.000036 0.997158
1035.154087655000012 -0.000047 0.000207 0.000456 -0.074984 0.007382 -0.000013 0.997157
1035.187350603000141 -0.000113 0.000114 0.000444 -0.074988 0.007422 -0.000009 0.997157
1035.220433603000174 -0.000031 0.000273 0.000452 -0.074973 0.007421 -0.000012 0.997158
1035.253606602999980 -0.000069 0.000214 0.000455 -0.074982 0.007436 -0.000004 0.997157
1035.286868707000167 -0.000068 0.000134 0.000390 -0.075014 0.007435 -0.000000 0.997155
1035.319952654999952 -0.000024 0.000211 0.000395 -0.075019 0.007424 0.000005 0.997154
1035.353196811000089 -0.000087 0.000274 0.000404 -0.074998 0.007430 0.000000 0.997156
1035.386425656000029 -0.000105 0.000158 0.000427 -0.075002 0.007408 -0.000025 0.997156
1035.419511603000046 -0.000041 0.000205 0.000441 -0.075023 0.007422 -0.000029 0.997154
1035.452688811000144 -0.000092 0.000339 0.000477 -0.075006 0.007411 -0.000017 0.997156
1035.485816603000103 -0.000123 0.000186 0.000488 -0.075030 0.007453 -0.000038 0.997153
1035.518990603000020 -0.000122 0.000187 0.000532 -0.075044 0.007416 -0.000048 0.997153
1035.552164759000107 -0.000150 0.000286 0.000456 -0.075032 0.007398 -0.000057 0.997154
1035.585336708000114 -0.000075 0.000330 0.000452 -0.075022 0.007396 -0.000049 0.997154
1035.618509655000025 0.000034 0.000252 0.000417 -0.075046 0.007395 -0.000043 0.997153
1035.651682656000048 -0.001210 0.000756 -0.000754 -0.074934 0.008427 0.000264 0.997153
1035.684899654999981 -0.002353 0.000216 -0.001631 -0.074279 0.010421 0.000146 0.997183
1035.718028759000163 0.000709 -0.000708 0.001889 -0.074446 0.008091 -0.000358 0.997192
1035.751202644000159 -0.004888 -0.000621 -0.002012 -0.074315 0.009384 -0.001343 0.997190
1035.784374654999965 -0.000925 -0.000490 0.001225 -0.074581 0.007761 -0.001255 0.997184
1035.817549654999993 -0.002640 -0.001064 -0.000610 -0.074499 0.008205 -0.000973 0.997187
1035.850761708000164 -0.006178 -0.002591 -0.002114 -0.074294 0.009952 -0.002421 0.997184
1035.883894655000176 -0.004687 -0.001388 -0.000304 -0.074202 0.008765 -0.001889 0.997203
1035.917066489000035 -0.004922 -0.002407 -0.000712 -0.074603 0.009144 -0.002259 0.997169
1035.950289384000143 -0.006270 -0.001294 -0.000646 -0.074093 0.008759 -0.002157 0.997211
1035.983459322000044 -0.007697 -0.002437 -0.001794 -0.073897 0.009105 -0.002152 0.997222
1036.016587478000019 -0.005700 -0.003162 -0.000653 -0.074663 0.008737 -0.001887 0.997169
1036.049759946999984 -0.005094 -0.002707 -0.000462 -0.074979 0.008959 -0.001158 0.997144
1036.082930551000118 -0.003869 -0.001224 0.000091 -0.074750 0.007968 -0.000763 0.997170
1036.116104018999977 -0.003015 0.000678 0.000332 -0.073924 0.007685 -0.000416 0.997234
1036.149276863000068 -0.000890 -0.001537 0.001290 -0.074263 0.006756 -0.000284 0.997216
1036.182450863999975 -0.001502 -0.005010 0.000459 -0.076374 0.006923 -0.001004 0.997055
1036.215623603000040 0.002974 -0.005732 0.003695 -0.078621 0.005495 -0.002180 0.996887
1036.248836759000142 0.003036 -0.006739 0.003604 -0.081400 0.005467 -0.002489 0.996663
1036.281969863000086 0.006285 -0.008891 0.006736 -0.084480 0.004831 -0.002212 0.996411
1036.315182758999981 0.008337 -0.013337 0.011155 -0.087430 0.005093 -0.002991 0.996153
1036.348314707000100 0.010829 -0.016784 0.014955 -0.090044 0.008409 -0.005596 0.995887
1036.381527811000069 0.010757 -0.021953 0.020012 -0.092240 0.014436 -0.008903 0.995592
1036.414701603000140 0.009859 -0.019805 0.025492 -0.089476 0.021994 -0.013262 0.995658
1036.447833706999972 0.021260 -0.009397 0.037507 -0.082271 0.023863 -0.016181 0.996193
1036.481008915000075 0.025726 -0.004383 0.058971 -0.073264 0.025294 -0.015914 0.996865
1036.514180655000018 0.024494 -0.005260 0.063633 -0.063320 0.024069 -0.012947 0.997619
1036.547353708000173 0.003936 -0.013237 0.065785 -0.056109 0.027328 -0.008593 0.998014
1036.580526760000112 -0.006792 -0.009002 0.075878 -0.049192 0.029084 -0.003620 0.998359
1036.613699602999986 -0.010828 -0.004504 0.098160 -0.045609 0.030167 0.001952 0.998502
1036.646868634000157 -0.020148 -0.001421 0.114921 -0.043063 0.031923 0.007593 0.998533
1036.680042426000000 -0.029261 0.001050 0.152450 -0.039557 0.036075 0.011776 0.998496
1036.713214529999959 -0.039085 0.002371 0.119630 -0.037216 0.038314 0.013899 0.998476
1036.746394581999994 -0.039775 0.000909 0.094632 -0.035066 0.039544 0.015836 0.998477
1036.779560582000158 -0.054995 -0.003053 0.094685 -0.034728 0.042664 0.019427 0.998297
1036.845905426000172 -0.070390 -0.003791 0.097016 -0.039088 0.053636 0.026078 0.997454
1036.879079426000089 -0.085670 -0.007886 0.096450 -0.044566 0.057800 0.030319 0.996872
1036.912346478000018 -0.097783 -0.012491 0.091901 -0.049987 0.060348 0.034734 0.996320
1036.945525478000036 -0.100665 -0.013650 0.091221 -0.052799 0.062158 0.038939 0.995908
1036.978598529999999 -0.101978 -0.014761 0.091746 -0.053696 0.062179 0.043619 0.995665
1037.044944426000029 -0.101002 -0.016989 0.093265 -0.054242 0.058784 0.051393 0.995470
1037.078203530000110 -0.097155 -0.018537 0.093670 -0.055459 0.057167 0.054729 0.995320
1037.144538530000091 -0.081225 -0.020110 0.097211 -0.061190 0.050288 0.056271 0.995269
1037.177677687000141 -0.067532 -0.020617 0.100030 -0.064415 0.044359 0.053374 0.995507
1037.210917416000029 -0.051831 -0.021189 0.105095 -0.065760 0.038657 0.048283 0.995917
1037.244060657000091 -0.031388 -0.020824 0.112523 -0.067060 0.031743 0.040176 0.996434
1037.277239760000157 -0.012401 -0.021514 0.119396 -0.069446 0.024907 0.030140 0.996819
1037.310321552999994 0.007403 -0.022286 0.126050 -0.071828 0.019900 0.018936 0.997039
1037.343494397000086 0.029450 -0.022590 0.133208 -0.074172 0.017046 0.007013 0.997075
1037.376708813000050 0.048105 -0.024148 0.138281 -0.077779 0.015203 -0.005566 0.996839
1037.409919806000062 0.065663 -0.025868 0.144032 -0.081698 0.013703 -0.019207 0.996378
1037.443021858000066 0.079178 -0.027389 0.149032 -0.084239 0.012993 -0.031559 0.995861
1037.509441171000162 0.095006 -0.030083 0.156030 -0.085220 0.012060 -0.049808 0.995043
1037.542540806000034 0.095956 -0.030230 0.158642 -0.084908 0.010370 -0.053436 0.994901
1037.608960910000178 0.087257 -0.025909 0.161546 -0.082779 0.012555 -0.050261 0.995221
1037.642070727000146 0.077724 -0.023354 0.162515 -0.080358 0.015377 -0.044955 0.995633
1037.675255580000112 0.063812 -0.019840 0.162074 -0.077796 0.019655 -0.038989 0.996013
1037.708549310000080 0.047038 -0.015547 0.161755 -0.075215 0.024698 -0.032042 0.996346
1037.741588267999987 0.026489 -0.011944 0.164565 -0.072295 0.031083 -0.023537 0.996621
1037.774762268000131 -0.000940 -0.011772 0.172811 -0.068286 0.039136 -0.012653 0.996818
1037.807946990000119 -0.029522 -0.012456 0.178780 -0.063947 0.048279 -0.001688 0.996783
1037.841131043000132 -0.048582 -0.007827 0.181061 -0.059625 0.056729 0.008299 0.996573
1037.874330937999957 -0.068860 -0.003208 0.183175 -0.055698 0.064880 0.017837 0.996178
1037.907462937999981 -0.089816 0.000159 0.184812 -0.051730 0.072431 0.026945 0.995667
1037.940681781999956 -0.108848 0.002189 0.185641 -0.046944 0.078573 0.035728 0.995161
1037.973849834000021 -0.124155 0.004441 0.188052 -0.041954 0.083497 0.044530 0.994628
1038.007026886000176 -0.136031 0.006242 0.189896 -0.038333 0.086134 0.053350 0.994115
1038.040195990000029 -0.141218 0.007079 0.191619 -0.036356 0.086505 0.061597 0.993681
1038.106557782999971 -0.147123 0.009265 0.193287 -0.033490 0.082143 0.072938 0.993384
1038.139673782000045 -0.145929 0.010668 0.193712 -0.032747 0.078073 0.074676 0.993607
1038.172974781999983 -0.137055 0.011160 0.193381 -0.032097 0.073359 0.073796 0.994054
1038.206023729999970 -0.126240 0.011663 0.192731 -0.033087 0.067926 0.070221 0.994666
1038.239233886999955 -0.113886 0.011210 0.191480 -0.035992 0.061340 0.065011 0.995347
1038.272411887000089 -0.096194 0.010298 0.189842 -0.040724 0.055177 0.059204 0.995887
1038.338712782000130 -0.059543 0.007965 0.188394 -0.052444 0.040437 0.045544 0.996765
1038.371884782000052 -0.040866 0.006466 0.188631 -0.058034 0.032541 0.037249 0.997089
1038.405127834000041 -0.020974 0.004548 0.190993 -0.062416 0.025501 0.028622 0.997314
1038.438230678000082 -0.001467 0.001359 0.193166 -0.065159 0.017796 0.019779 0.997520
1038.471451835000153 0.018562 -0.001689 0.196199 -0.067700 0.010479 0.011320 0.997586
1038.504579730000160 0.035962 -0.005316 0.199838 -0.070682 0.004225 0.003509 0.997484
1038.537824782000143 0.052675 -0.008920 0.201942 -0.073416 -0.001532 -0.003925 0.997293
1038.570922730000120 0.065345 -0.011684 0.203600 -0.075113 -0.005394 -0.009413 0.997116
1038.604095782000059 0.072847 -0.014115 0.203835 -0.076091 -0.007272 -0.013090 0.996988
1038.637309834000007 0.078722 -0.015581 0.204204 -0.076385 -0.007870 -0.015256 0.996931
1038.670482886000173 0.078535 -0.016241 0.202783 -0.075937 -0.007187 -0.015590 0.996965
1038.703657043000021 0.078175 -0.017553 0.201196 -0.074580 -0.006067 -0.013836 0.997101
1038.736867834000122 0.073140 -0.017638 0.198764 -0.072995 -0.004402 -0.011153 0.997260
1038.769960886000035 0.064394 -0.016346 0.195630 -0.070925 -0.001586 -0.007881 0.997449
1038.803210991000014 0.049640 -0.014954 0.191408 -0.067812 0.003177 -0.004396 0.997683
1038.836307834000081 0.033383 -0.013158 0.186443 -0.066022 0.009801 0.000105 0.997770
1038.869521886000030 0.016416 -0.011463 0.181437 -0.065141 0.017345 0.006096 0.997707
1038.902700730000106 -0.000931 -0.009867 0.175793 -0.063835 0.024601 0.013527 0.997566
1038.935867782000059 -0.017126 -0.008105 0.171224 -0.062716 0.029900 0.022838 0.997322
1038.969084834000114 -0.030495 -0.006891 0.167566 -0.062492 0.033028 0.033379 0.996940
1039.002214939000169 -0.043774 -0.006972 0.164858 -0.063108 0.035591 0.042931 0.996447
1039.035344938999970 -0.053037 -0.008396 0.163733 -0.064185 0.036577 0.049605 0.996033
1039.068559094999955 -0.058635 -0.011521 0.163781 -0.064958 0.036231 0.052996 0.995821
1039.101731990999951 -0.060649 -0.015004 0.165190 -0.065147 0.035703 0.053139 0.995820
1039.134864730000118 -0.061446 -0.020495 0.166945 -0.065791 0.034454 0.051255 0.995920
1039.201283937999960 -0.058647 -0.034472 0.171285 -0.071173 0.033532 0.048926 0.995699
1039.234382601000107 -0.055745 -0.041875 0.173673 -0.075377 0.033065 0.048915 0.995406
1039.267570674000126 -0.055443 -0.050833 0.175354 -0.081628 0.034390 0.050345 0.994796
1039.300763153000162 -0.053898 -0.060306 0.177313 -0.087346 0.038575 0.050726 0.994138
1039.333896153000069 -0.052363 -0.070970 0.179258 -0.092216 0.042896 0.050577 0.993528
1039.367168361000040 -0.049850 -0.081857 0.180275 -0.096823 0.045374 0.047431 0.993135
1039.433589101000052 -0.046806 -0.101930 0.180430 -0.105662 0.047149 0.037689 0.992568
1039.466591361000155 -0.044881 -0.105558 0.179134 -0.108207 0.044319 0.037455 0.992433
1039.499762257000157 -0.043707 -0.104421 0.177622 -0.107463 0.042056 0.039355 0.992539
1039.532975204999957 -0.043116 -0.097748 0.176106 -0.103765 0.040937 0.042643 0.992844
1039.566108206000081 -0.042776 -0.087588 0.174340 -0.100358 0.038840 0.046552 0.993103
1039.599321205000024 -0.041454 -0.074578 0.171810 -0.099105 0.034377 0.049033 0.993273
1039.632454048999989 -0.041307 -0.059423 0.169794 -0.096953 0.032203 0.048488 0.993585
1039.665627102000144 -0.042712 -0.042568 0.166699 -0.092462 0.035187 0.046217 0.994020
1039.698841100999971 -0.045802 -0.024827 0.162484 -0.087889 0.040618 0.044191 0.994320
1039.731974048999973 -0.047843 -0.007216 0.159310 -0.085490 0.044134 0.042819 0.994440
1039.765186101000154 -0.049777 0.010707 0.155352 -0.083114 0.045495 0.042822 0.994580
1039.798321881999982 -0.052704 0.028244 0.152296 -0.079998 0.047360 0.045450 0.994631
1039.831491100999983 -0.054034 0.044230 0.149653 -0.076397 0.048419 0.048403 0.994724
1039.864741413000047 -0.055058 0.059481 0.148385 -0.072725 0.046605 0.050457 0.994984
1039.931017622000127 -0.055851 0.080597 0.146069 -0.069312 0.043909 0.055762 0.995067
1039.964224995999984 -0.055736 0.085579 0.145049 -0.070846 0.044723 0.056024 0.994908
1039.997399465000171 -0.054852 0.086200 0.144737 -0.074164 0.046099 0.054875 0.994667
1040.030572726000173 -0.054134 0.082319 0.145645 -0.078520 0.045792 0.051283 0.994539
1040.096914205000076 -0.052981 0.063551 0.149380 -0.083763 0.046942 0.041332 0.994521
1040.130050205000089 -0.049772 0.051197 0.152332 -0.083880 0.047431 0.038430 0.994604
1040.163298205000046 -0.047273 0.036806 0.155342 -0.085983 0.046242 0.037554 0.994514
1040.196396466000124 -0.046448 0.019946 0.157601 -0.090584 0.044994 0.038387 0.994131
1040.229567153000062 -0.045002 0.001035 0.158857 -0.096276 0.045650 0.037025 0.993618
1040.262741101000074 -0.042996 -0.020185 0.160414 -0.103540 0.048154 0.032001 0.992943
1040.295913049000092 -0.041988 -0.042076 0.163086 -0.112324 0.050080 0.026213 0.992063
1040.329086256999972 -0.040678 -0.063601 0.165106 -0.121425 0.050871 0.023163 0.991026
1040.362301257000126 -0.038845 -0.082084 0.167171 -0.127821 0.051588 0.022631 0.990196
1040.395473205000144 -0.036116 -0.096859 0.170193 -0.131957 0.050919 0.025858 0.989609
1040.428606153000146 -0.032319 -0.106947 0.173114 -0.135537 0.046992 0.031148 0.989167
1040.461779205000084 -0.029597 -0.113763 0.176334 -0.136254 0.041807 0.035274 0.989163
1040.494952309000155 -0.027897 -0.115392 0.178169 -0.133419 0.036914 0.039014 0.989603
1040.528214206000030 -0.027640 -0.112168 0.178732 -0.127576 0.033328 0.044655 0.990262
1040.561299153000164 -0.027746 -0.104865 0.178011 -0.121504 0.030928 0.051825 0.990754
1040.594470101000070 -0.027729 -0.094441 0.175994 -0.117735 0.028761 0.057515 0.990961
1040.627644100999987 -0.027958 -0.082039 0.173853 -0.115273 0.028497 0.059060 0.991167
1040.660817101000021 -0.028626 -0.067273 0.171421 -0.113354 0.031250 0.057894 0.991374
1040.693989101000170 -0.028791 -0.051191 0.167889 -0.112462 0.033629 0.055295 0.991546
1040.727240049000102 -0.028828 -0.033998 0.164030 -0.111861 0.034749 0.052070 0.991750
1040.760336101000121 -0.030187 -0.015572 0.160688 -0.108890 0.038768 0.050532 0.992011
1040.793578101000094 -0.029412 0.002672 0.158254 -0.104701 0.040762 0.049572 0.992431
1040.826682204999997 -0.027901 0.020552 0.156597 -0.098505 0.037771 0.047134 0.993302
1040.859855205000031 -0.029034 0.037800 0.154510 -0.090228 0.036779 0.046550 0.994153
1040.893031361000112 -0.030684 0.053093 0.152851 -0.084114 0.036846 0.047985 0.994618
1040.926201206000087 -0.031616 0.066154 0.152993 -0.079450 0.035189 0.048335 0.995044
1040.959414360999972 -0.031457 0.076187 0.153066 -0.076510 0.035584 0.048630 0.995246
1040.992546049000111 -0.030339 0.083142 0.152823 -0.075843 0.037476 0.049202 0.995200
1041.025721101000045 -0.029641 0.084906 0.153305 -0.077807 0.037691 0.048080 0.995095
1041.058934360999956 -0.028042 0.082753 0.154005 -0.078678 0.035546 0.045673 0.995219
1041.092109205000042 -0.027103 0.076894 0.153950 -0.077278 0.034573 0.044675 0.995408
1041.125278154000171 -0.027413 0.067993 0.153157 -0.075714 0.034356 0.045187 0.995513
1041.158452205999993 -0.026539 0.056390 0.150638 -0.076166 0.032414 0.044909 0.995556
1041.191604258000098 -0.025987 0.043708 0.146729 -0.079132 0.030425 0.042954 0.995473
1041.224798154000155 -0.025566 0.030922 0.140893 -0.083207 0.029243 0.041625 0.995233
1041.257971257000008 -0.025485 0.019095 0.133132 -0.088771 0.028552 0.042002 0.994756
1041.291132153000035 -0.025381 0.009259 0.124483 -0.096156 0.028464 0.043105 0.994025
1041.324277205000044 -0.024749 0.001101 0.115680 -0.104860 0.029161 0.044108 0.993080
1041.357449101000157 -0.024131 -0.006023 0.107521 -0.113105 0.029984 0.043473 0.992179
1041.390624100999958 -0.024255 -0.011794 0.100488 -0.120221 0.031122 0.040940 0.991414
1041.423795100999996 -0.022864 -0.016144 0.095744 -0.125643 0.032811 0.037844 0.990810
1041.456969153000045 -0.021289 -0.019336 0.094755 -0.128083 0.033209 0.033761 0.990632
1041.490184206000094 -0.020610 -0.021022 0.095820 -0.127258 0.033403 0.029525 0.990867
1041.523361205000128 -0.020610 -0.021238 0.099716 -0.123492 0.034027 0.027199 0.991389
1041.556582997000078 -0.019893 -0.020141 0.106649 -0.119291 0.034406 0.026445 0.991911
1041.589660101000163 -0.020272 -0.018100 0.116110 -0.116265 0.034497 0.026409 0.992268
1041.622882153000091 -0.020134 -0.014925 0.128228 -0.112504 0.035226 0.027825 0.992637
1041.656004075000055 -0.020057 -0.010573 0.142424 -0.106446 0.035598 0.031572 0.993179
1041.689261283000178 -0.019256 -0.005741 0.157282 -0.098111 0.035422 0.036205 0.993886
1041.722350387999995 -0.019715 -0.000699 0.172994 -0.089665 0.034994 0.040742 0.994523
1041.755523336000124 -0.018808 0.004032 0.188626 -0.080713 0.032738 0.044459 0.995207
1041.788696127000094 -0.017029 0.008447 0.203860 -0.070751 0.029295 0.046698 0.995970
1041.855050704000178 -0.014004 0.016703 0.227276 -0.049474 0.024944 0.048889 0.997266
1041.888225422999994 -0.012243 0.018949 0.233858 -0.042563 0.024767 0.049248 0.997572
1041.921395703000144 -0.011747 0.020733 0.236158 -0.038890 0.025016 0.049612 0.997698
1041.987743474000126 -0.011986 0.023419 0.227087 -0.038504 0.029272 0.051331 0.997510
1042.020914496000159 -0.012829 0.022478 0.216736 -0.045231 0.029265 0.050436 0.997273
1042.054086391000055 -0.013615 0.019729 0.203388 -0.055039 0.030181 0.048502 0.996849
1042.087260130999994 -0.015025 0.016441 0.187955 -0.064405 0.034986 0.046810 0.996211
1042.120517235000079 -0.016522 0.012542 0.171904 -0.072004 0.041216 0.045432 0.995516
1042.153688182999986 -0.017379 0.008459 0.157416 -0.079213 0.042508 0.043559 0.994998
1042.186779182999999 -0.019640 0.004659 0.145795 -0.085219 0.037828 0.041783 0.994767
1042.253125131000161 -0.024192 -0.001467 0.125860 -0.090339 0.023998 0.043032 0.994692
1042.286300391000168 -0.025756 -0.003737 0.118220 -0.091875 0.016801 0.046120 0.994560
1042.319568443999970 -0.028173 -0.005917 0.112527 -0.095094 0.012290 0.049581 0.994157
1042.352719495999963 -0.030716 -0.008405 0.108046 -0.098488 0.011544 0.052057 0.993709
1042.385906444000057 -0.032714 -0.010111 0.106986 -0.101562 0.012154 0.052047 0.993392
1042.452204392000112 -0.035479 -0.010305 0.115291 -0.099141 0.018815 0.048103 0.993732
1042.485433131000036 -0.036993 -0.006279 0.124109 -0.089558 0.024557 0.047427 0.994549
1042.518509130999973 -0.037327 0.000385 0.135124 -0.077483 0.028046 0.047778 0.995453
1042.551681236000150 -0.038347 0.008537 0.147862 -0.064114 0.029790 0.048123 0.996336
1042.584855183000172 -0.039934 0.017272 0.159131 -0.051426 0.031421 0.048363 0.997010
1042.651200130999996 -0.043646 0.035379 0.176384 -0.030703 0.037974 0.048404 0.997633
1042.684374495000156 -0.045815 0.041506 0.179512 -0.023802 0.045620 0.048180 0.997512
1042.717547548000084 -0.046073 0.044154 0.179282 -0.024222 0.050047 0.046147 0.997386
1042.783899277000046 -0.040692 0.035342 0.173879 -0.044058 0.046220 0.035698 0.997321
1042.817154546999973 -0.035440 0.025379 0.167606 -0.054793 0.044728 0.029794 0.997050
1042.850240548000102 -0.029943 0.012770 0.162236 -0.063983 0.044614 0.026419 0.996603
1042.883454390999987 -0.023652 -0.000685 0.157487 -0.073026 0.043815 0.024275 0.996071
1042.916624850000062 -0.015779 -0.015161 0.154309 -0.080003 0.041168 0.023444 0.995668
1042.949759693000033 -0.004984 -0.028202 0.152762 -0.084524 0.036741 0.024571 0.995441
1042.982932017000167 0.006781 -0.039572 0.151213 -0.087688 0.030500 0.025553 0.995353
1043.016104965000068 0.020055 -0.048749 0.150243 -0.090794 0.023501 0.024279 0.995296
1043.049358444000063 0.034922 -0.055421 0.149013 -0.095762 0.013695 0.018484 0.995138
1043.082546235000109 0.050880 -0.059204 0.148892 -0.101014 0.005882 0.008286 0.994833
1043.115622235000046 0.067249 -0.059614 0.149660 -0.105050 0.003810 -0.004012 0.994452
1043.148836235000090 0.081061 -0.057210 0.150570 -0.107757 0.003093 -0.015779 0.994047
1043.181976652000003 0.095449 -0.051925 0.152769 -0.108509 0.001417 -0.025565 0.993766
1043.215222495000035 0.106223 -0.043055 0.154626 -0.107411 0.000086 -0.033099 0.993664
1043.248451547000059 0.111085 -0.030667 0.155483 -0.103738 0.000639 -0.037673 0.993891
1043.281535860000076 0.110730 -0.015123 0.156056 -0.098287 0.004346 -0.037098 0.994457
1043.314667546999999 0.104377 0.001868 0.157266 -0.092859 0.009283 -0.031803 0.995128
1043.347849247000113 0.094217 0.019980 0.157692 -0.086536 0.014180 -0.023315 0.995875
1043.381024040000057 0.078650 0.037217 0.157865 -0.078620 0.019715 -0.011891 0.996639
1043.414275246999978 0.058831 0.053218 0.158664 -0.070663 0.026782 0.001964 0.997139
1043.447451915000102 0.037991 0.064666 0.158391 -0.064209 0.033576 0.016958 0.997227
1043.480633935000014 0.011973 0.072992 0.158867 -0.059040 0.040165 0.030562 0.996979
1043.513714195000148 -0.013345 0.076076 0.158389 -0.055267 0.049009 0.042341 0.996369
1043.546927883000080 -0.036565 0.074733 0.158876 -0.052252 0.059170 0.054502 0.995388
1043.580128987000080 -0.058185 0.069149 0.159035 -0.049472 0.068838 0.069197 0.993995
1043.613273935000052 -0.082393 0.060512 0.158564 -0.048093 0.077307 0.085933 0.992132
1043.646417935000045 -0.098177 0.048102 0.158364 -0.050086 0.083056 0.101906 0.990055
1043.679599091999989 -0.106333 0.032320 0.159198 -0.056943 0.085364 0.113885 0.988180
1043.745924935000176 -0.108583 -0.001362 0.157897 -0.072355 0.087592 0.124218 0.985729
1043.779099091000035 -0.101590 -0.016317 0.157675 -0.079701 0.085637 0.125901 0.985121
1043.812272987000142 -0.090191 -0.029600 0.155178 -0.084970 0.081149 0.124980 0.985178
1043.845513935000099 -0.075258 -0.041910 0.152944 -0.090725 0.076936 0.121478 0.985440
1043.878692039000043 -0.055589 -0.052246 0.151753 -0.096540 0.069008 0.113630 0.986411
1043.911788988000126 -0.032994 -0.060571 0.151395 -0.100456 0.055815 0.100908 0.988236
1043.944968987000038 -0.007525 -0.066071 0.152428 -0.104825 0.040433 0.084576 0.990063
1044.011406883000063 0.044072 -0.072731 0.153881 -0.114809 0.015179 0.048973 0.992064
1044.077731195000069 0.085372 -0.071144 0.154369 -0.123841 -0.000485 0.008174 0.992268
1044.110828092000020 0.100834 -0.066329 0.155794 -0.125586 -0.004788 -0.011631 0.992003
1044.144001247000006 0.109664 -0.058716 0.157004 -0.123839 -0.004725 -0.026190 0.991945
1044.177174143999991 0.113490 -0.047563 0.157374 -0.118933 -0.001590 -0.034340 0.992307
1044.210347195000168 0.111540 -0.033333 0.157862 -0.111546 0.002822 -0.037508 0.993047
1044.243519246999995 0.108377 -0.017527 0.159653 -0.102285 0.007927 -0.035812 0.994079
1044.276701328000172 0.098597 -0.001751 0.160443 -0.093179 0.014788 -0.031018 0.995056
1044.309875109000131 0.085340 0.012606 0.160357 -0.084284 0.023246 -0.025353 0.995848
1044.343117817000120 0.067561 0.024271 0.158231 -0.076724 0.032471 -0.019809 0.996327
1044.376219765000087 0.047560 0.032800 0.155364 -0.071447 0.042284 -0.013015 0.996463
1044.409432817000152 0.026497 0.037832 0.151362 -0.070139 0.050231 -0.003504 0.996266
1044.475777869000012 -0.019589 0.038850 0.143104 -0.079893 0.055713 0.022376 0.994994
1044.508910921000052 -0.045812 0.035703 0.139220 -0.088119 0.056863 0.039388 0.993705
1044.575341765000076 -0.091103 0.026336 0.139251 -0.103035 0.061562 0.078561 0.989658
1044.641644870000164 -0.124135 0.022246 0.152225 -0.098872 0.072451 0.114937 0.985781
1044.707952702000057 -0.138598 0.023129 0.178979 -0.083485 0.079373 0.135011 0.984125
1044.741131494000001 -0.138470 0.025749 0.195803 -0.072921 0.079190 0.137128 0.984686
1044.774295920999975 -0.131343 0.030164 0.210319 -0.059174 0.077292 0.134443 0.986129
1044.807512764999956 -0.119301 0.035706 0.225236 -0.044997 0.072318 0.127793 0.988137
1044.840687869000021 -0.103087 0.041055 0.238161 -0.031555 0.064204 0.118289 0.990399
1044.873817765000013 -0.085325 0.046123 0.249899 -0.019131 0.055535 0.107574 0.992460
1044.906987858000093 -0.064729 0.050563 0.258693 -0.007481 0.047004 0.095873 0.994255
1044.940161066999963 -0.042982 0.052896 0.264155 0.000609 0.038391 0.083262 0.995788
1045.006527129999995 -0.000445 0.052651 0.263295 0.000364 0.019226 0.056524 0.998216
1045.072988129000123 0.035116 0.044128 0.243571 -0.018046 0.011292 0.031918 0.999264
1045.106024765000029 0.048719 0.035980 0.229299 -0.032344 0.008751 0.018088 0.999275
1045.139283817999967 0.055682 0.026502 0.211458 -0.048529 0.011043 0.005009 0.998748
1045.172370765000096 0.057687 0.015736 0.191424 -0.066476 0.020097 -0.004038 0.997577
1045.205586765000135 0.054002 0.004819 0.172027 -0.084490 0.032846 -0.007638 0.995854
1045.238757765000173 0.047009 -0.005722 0.152455 -0.100854 0.043365 -0.008403 0.993920
1045.271929661000058 0.036166 -0.015899 0.135791 -0.114454 0.050505 -0.006847 0.992120
1045.305169765000073 0.022333 -0.024647 0.121555 -0.125858 0.056953 -0.002524 0.990409
1045.338314817000082 0.005697 -0.032149 0.111242 -0.137211 0.063757 0.004968 0.988475
1045.404715817000124 -0.032845 -0.041516 0.103586 -0.148835 0.078870 0.026371 0.985359
1045.437754025000004 -0.051069 -0.041840 0.108850 -0.146405 0.085123 0.041057 0.984700
1045.470968026000037 -0.068224 -0.039883 0.116563 -0.139173 0.091693 0.056756 0.984379
1045.537349817000177 -0.096532 -0.028733 0.142683 -0.114657 0.111557 0.080030 0.983872
1045.603619181000113 -0.108504 -0.005689 0.177258 -0.079228 0.125537 0.086978 0.985088
1045.669965713000011 -0.108592 0.026347 0.210881 -0.036990 0.132795 0.079480 0.987259
1045.704073869000013 -0.103641 0.043862 0.223292 -0.020337 0.134128 0.074875 0.987922
1045.736312712999961 -0.098454 0.061647 0.233464 -0.010377 0.128240 0.071125 0.989135
1045.769490762000032 -0.092978 0.078453 0.241607 -0.003263 0.118114 0.067229 0.990716
1045.802667866000093 -0.086982 0.095025 0.245930 0.001262 0.106374 0.064469 0.992233
1045.835837710000078 -0.081837 0.110057 0.246381 0.001067 0.092991 0.062893 0.993678
1045.869087023000020 -0.075621 0.122386 0.241681 -0.005794 0.076871 0.061995 0.995095
1045.902182815000060 -0.069724 0.132251 0.233143 -0.017861 0.062448 0.060943 0.996026
1045.935426658000097 -0.064276 0.138023 0.219694 -0.033352 0.050322 0.059908 0.996377
1045.968617709999990 -0.059606 0.138776 0.202980 -0.052586 0.042618 0.058066 0.996015
1046.001701762000039 -0.054860 0.132689 0.183390 -0.075193 0.041210 0.054610 0.994819
1046.068047762000106 -0.045618 0.104313 0.146162 -0.117731 0.049063 0.042022 0.990942
1046.101219710000123 -0.046038 0.085533 0.131718 -0.133630 0.058531 0.036883 0.988614
1046.134434814000087 -0.044608 0.065585 0.118922 -0.147733 0.065706 0.035949 0.986187
1046.167608762000100 -0.044401 0.045989 0.110916 -0.159467 0.067208 0.036619 0.984232
1046.200738866000165 -0.042318 0.026950 0.105570 -0.166517 0.062552 0.037965 0.983320
1046.233913075000146 -0.039328 0.008354 0.103654 -0.170475 0.054533 0.039597 0.983055
1046.267125866000015 -0.035333 -0.009094 0.104813 -0.173458 0.048010 0.041177 0.982808
1046.333426456000097 -0.029002 -0.038108 0.115292 -0.171746 0.044204 0.046306 0.983059
1046.366599351000104 -0.026438 -0.049216 0.124435 -0.167282 0.045902 0.049085 0.983616
1046.432946455000092 -0.021433 -0.060930 0.147832 -0.154372 0.047669 0.052085 0.985487
1046.466119455000126 -0.020013 -0.060113 0.161284 -0.144752 0.047130 0.053879 0.986875
1046.499291506999953 -0.018773 -0.054413 0.175363 -0.131292 0.045755 0.055044 0.988756
1046.565638350999961 -0.016008 -0.032072 0.202516 -0.098705 0.045909 0.053660 0.992608
1046.598861559000170 -0.014885 -0.016435 0.214455 -0.082544 0.047815 0.052209 0.994070
1046.631984455000065 -0.015086 0.000262 0.223332 -0.067920 0.051602 0.051149 0.995042
1046.665157455000099 -0.014799 0.017607 0.230637 -0.055595 0.052911 0.049402 0.995826
1046.698332662999974 -0.015190 0.034076 0.235548 -0.044317 0.051824 0.046695 0.996579
1046.764675402999956 -0.018496 0.065485 0.236759 -0.027403 0.052740 0.040886 0.997395
1046.797853454999995 -0.019735 0.078543 0.232833 -0.022248 0.053472 0.037814 0.997605
1046.831022508000160 -0.021099 0.089295 0.226486 -0.016875 0.053958 0.036450 0.997735
1046.864195403000167 -0.021474 0.096937 0.218160 -0.014365 0.052301 0.036998 0.997842
1046.897367507000126 -0.022650 0.099567 0.206892 -0.018962 0.049578 0.036893 0.997909
1046.930541507000044 -0.022706 0.098399 0.194532 -0.025688 0.047412 0.035573 0.997911
1046.963713351000024 -0.022916 0.093893 0.180210 -0.033757 0.046036 0.034570 0.997771
1046.996886351000057 -0.021149 0.086448 0.165362 -0.044046 0.042467 0.032880 0.997585
1047.030061455000123 -0.019775 0.077402 0.150554 -0.054741 0.038851 0.031026 0.997262
1047.063234403000024 -0.018219 0.067637 0.135309 -0.064491 0.037903 0.029745 0.996755
1047.096406455000078 -0.018819 0.057750 0.121505 -0.073290 0.038193 0.027686 0.996194
1047.129580507000128 -0.017935 0.049013 0.109977 -0.079627 0.036964 0.025009 0.995825
1047.162754081000003 -0.015579 0.042319 0.100266 -0.083616 0.033067 0.022992 0.995684
1047.195930080000153 -0.012501 0.037062 0.091565 -0.085102 0.028660 0.021425 0.995729
1047.262273903000050 -0.007238 0.029156 0.078594 -0.085163 0.019543 0.019873 0.995977
1047.328696664000063 -0.005539 0.024609 0.069725 -0.082469 0.015548 0.018696 0.996297
1047.361790351000082 -0.004462 0.021982 0.064600 -0.081265 0.016729 0.016633 0.996413
1047.394963351000115 -0.003991 0.019205 0.059420 -0.081178 0.018524 0.014626 0.996420
1047.428136403000053 -0.003935 0.016535 0.054369 -0.080161 0.020478 0.011993 0.996499
1047.461436350999975 -0.003480 0.014283 0.050567 -0.078400 0.022494 0.009054 0.996627
1047.494477720000077 -0.003200 0.012991 0.046953 -0.075838 0.022184 0.007057 0.996848
1047.527651771000137 -0.004041 0.011684 0.044677 -0.072387 0.021505 0.007573 0.997116
1047.560864616000117 -0.004478 0.011191 0.042816 -0.068398 0.020714 0.007802 0.997413
1047.593996938000146 -0.005009 0.010619 0.041936 -0.063402 0.019608 0.007801 0.997765
1047.627300147000142 -0.005744 0.010614 0.041181 -0.059293 0.018192 0.007912 0.998043
1047.660339015000091 -0.006658 0.010931 0.040292 -0.056738 0.016325 0.008887 0.998216
1047.693625213000132 -0.007944 0.011600 0.038860 -0.054673 0.015468 0.011298 0.998321
1047.726684514999988 -0.009617 0.012505 0.036788 -0.053452 0.014974 0.015282 0.998341
1047.759858297000164 -0.011335 0.013414 0.034463 -0.053051 0.014066 0.020176 0.998289
1047.793034077000129 -0.011436 0.013949 0.033621 -0.053536 0.014614 0.024154 0.998167
1047.826319324999986 -0.012720 0.014391 0.031557 -0.053055 0.013349 0.027151 0.998133
1047.859482377000177 -0.012441 0.014202 0.030179 -0.051060 0.012508 0.027775 0.998231
1047.892647586000066 -0.012268 0.013706 0.029157 -0.049914 0.013088 0.026263 0.998322
1047.925808482000093 -0.013363 0.013174 0.027791 -0.049280 0.015020 0.024198 0.998379
1047.958975001999988 -0.014114 0.012487 0.026489 -0.049467 0.016795 0.021962 0.998393
1047.992061264000085 -0.014090 0.011534 0.025026 -0.050729 0.017857 0.019299 0.998366
1048.025227316000155 -0.013907 0.010963 0.023647 -0.052311 0.019127 0.017367 0.998297
1048.058441472000140 -0.013489 0.010987 0.022435 -0.052906 0.019979 0.016752 0.998259
1048.091612210999983 -0.012821 0.011182 0.021493 -0.052654 0.020937 0.016933 0.998250
1048.124786565000022 -0.012795 0.011280 0.020039 -0.054143 0.022325 0.016463 0.998148
1048.157957707000151 -0.012314 0.011116 0.018577 -0.056375 0.023013 0.015549 0.998023
1048.191125393999982 -0.012049 0.010859 0.017307 -0.059165 0.022372 0.014633 0.997890
1048.224390780000022 -0.012249 0.011505 0.016570 -0.060998 0.021297 0.015132 0.997796
1048.257430833000171 -0.013177 0.012778 0.016010 -0.060729 0.021984 0.017610 0.997757
1048.290644041000178 -0.014149 0.013771 0.015380 -0.061781 0.021495 0.020779 0.997642
1048.323849450000125 -0.014687 0.013173 0.014088 -0.066668 0.018959 0.023240 0.997324
1048.356943554000054 -0.014544 0.012203 0.012923 -0.073317 0.013935 0.025360 0.996889
1048.390208398000141 -0.014397 0.013209 0.012502 -0.071463 0.008305 0.029277 0.996979
1048.423330606000036 -0.015529 0.013516 0.010484 -0.071970 0.009950 0.031578 0.996857
1048.456505503000017 -0.015430 0.014009 0.010091 -0.072575 0.009921 0.031251 0.996824
1048.489629962999970 -0.015526 0.013551 0.009066 -0.072456 0.009223 0.031333 0.996837
1048.522803015000136 -0.015635 0.013461 0.009177 -0.072785 0.009011 0.031517 0.996809
1048.555975963000037 -0.015586 0.013370 0.009366 -0.072985 0.008852 0.031192 0.996806
1048.589149014999975 -0.015648 0.013278 0.009325 -0.073282 0.008898 0.031011 0.996789
1048.622323910999967 -0.015868 0.013228 0.009272 -0.073259 0.008791 0.030864 0.996796
1048.655489673000147 -0.016036 0.012972 0.009077 -0.073258 0.008826 0.030312 0.996813
1048.688709776999985 -0.016051 0.012875 0.008817 -0.073132 0.008798 0.029815 0.996838
1048.721834620999971 -0.016150 0.012811 0.008699 -0.073006 0.008635 0.029526 0.996857
1048.755094673000031 -0.015932 0.013007 0.008382 -0.073047 0.008546 0.029035 0.996869
1048.788181673000054 -0.015908 0.013195 0.008339 -0.073042 0.008239 0.029235 0.996866
1048.821449525000162 -0.015683 0.013368 0.008405 -0.073177 0.007671 0.029591 0.996850
1048.854522578000115 -0.015451 0.013434 0.008418 -0.073675 0.007581 0.030259 0.996794
1048.887696307000169 -0.015379 0.013156 0.008124 -0.073955 0.007212 0.030783 0.996760
1048.920911098000033 -0.015519 0.013175 0.008072 -0.074261 0.007326 0.030861 0.996734
1048.954043566000109 -0.015438 0.013076 0.008104 -0.074451 0.007090 0.030939 0.996719
1048.987211428000137 -0.016034 0.012286 0.007858 -0.074342 0.008325 0.030050 0.996745
1049.020511272000022 -0.016106 0.012534 0.007962 -0.074444 0.007760 0.030571 0.996726
1049.053556220000019 -0.015425 0.013344 0.008009 -0.074128 0.006254 0.032149 0.996711
1049.086771323999983 -0.015091 0.013430 0.007897 -0.074038 0.007420 0.031909 0.996717
1049.119902376000027 -0.015771 0.013426 0.007250 -0.075269 0.009366 0.030377 0.996656
1049.153076532000114 -0.016105 0.014159 0.007708 -0.073787 0.008584 0.032040 0.996722
1049.186250272000052 -0.015546 0.013718 0.007906 -0.074288 0.008333 0.030944 0.996722
1049.219493376000173 -0.015506 0.013453 0.007957 -0.074841 0.008656 0.030899 0.996679
1049.252594479999971 -0.015602 0.013938 0.007946 -0.074269 0.008506 0.031724 0.996697
1049.285770220000131 -0.016058 0.013989 0.007809 -0.074143 0.009396 0.030992 0.996722
1049.319016271999999 -0.015502 0.013877 0.007977 -0.074598 0.008101 0.031623 0.996679
1049.352114219999976 -0.015672 0.013592 0.007902 -0.074726 0.008707 0.031317 0.996674
1049.385360636000087 -0.015977 0.013771 0.007851 -0.074459 0.008708 0.031161 0.996699
1049.418465220000144 -0.016130 0.013969 0.007779 -0.074259 0.008784 0.031646 0.996698
1049.451633271999981 -0.015835 0.013680 0.007828 -0.074895 0.007987 0.031243 0.996670
1049.484847428999956 -0.016155 0.013724 0.007817 -0.074671 0.008198 0.031155 0.996688
1049.517979220000143 -0.016154 0.014127 0.007818 -0.074358 0.008632 0.031296 0.996703
1049.551152480000155 -0.015919 0.014124 0.007806 -0.074333 0.008055 0.031224 0.996712
1049.584454272000130 -0.015899 0.013968 0.007814 -0.074591 0.008204 0.031348 0.996688
1049.617569324999977 -0.016103 0.013988 0.007766 -0.074445 0.008178 0.031134 0.996705
1049.650671324000086 -0.016215 0.014181 0.007687 -0.074226 0.008537 0.031210 0.996716
1049.683843168000067 -0.016001 0.014208 0.007716 -0.074259 0.007993 0.031433 0.996711
1049.717017428999952 -0.016011 0.014027 0.007653 -0.074505 0.008296 0.031257 0.996696
1049.750260376000142 -0.016178 0.014106 0.007618 -0.074313 0.008305 0.031204 0.996712
1049.783435168000096 -0.016149 0.014254 0.007560 -0.074150 0.008375 0.031347 0.996719
1049.816537220000100 -0.015551 0.014087 0.007987 -0.074377 0.008182 0.031387 0.996703
1049.849709220000022 -0.015631 0.013948 0.007922 -0.074539 0.008340 0.031293 0.996692
1049.882923376999997 -0.015652 0.013988 0.007874 -0.074430 0.008417 0.031203 0.996702
1049.916098376000036 -0.015526 0.014098 0.007835 -0.074318 0.008270 0.031431 0.996705
1049.949300272000073 -0.015460 0.014006 0.007814 -0.074424 0.008268 0.031361 0.996699
1049.982401272000061 -0.015572 0.014012 0.008036 -0.074609 0.008429 0.031189 0.996689
1050.015574324999989 -0.015645 0.014103 0.008123 -0.074532 0.008496 0.031217 0.996694
1050.048819220000041 -0.015586 0.014206 0.008174 -0.074520 0.008335 0.031298 0.996693
1050.081920272000161 -0.015663 0.014110 0.008268 -0.074704 0.008493 0.031219 0.996681
1050.115133219999962 -0.015846 0.014065 0.008378 -0.074777 0.008599 0.031120 0.996678
1050.148265219999985 -0.015905 0.014114 0.008373 -0.074731 0.008620 0.031221 0.996678
1050.181438220000018 -0.015953 0.014145 0.008377 -0.074765 0.008564 0.031245 0.996675
1050.214684273000103 -0.016100 0.014078 0.008513 -0.074931 0.008771 0.031140 0.996664
1050.247784950000096 -0.016243 0.014049 0.008591 -0.074984 0.008832 0.031113 0.996660
1050.280957220000118 -0.016275 0.014137 0.008450 -0.074980 0.008763 0.031174 0.996659
1050.314175481000120 -0.016398 0.014093 0.008418 -0.075001 0.008758 0.031167 0.996658
1050.347387219999973 -0.016534 0.014001 0.008397 -0.075059 0.008879 0.031131 0.996653
1050.380477272999997 -0.016462 0.014015 0.008522 -0.075085 0.008876 0.031159 0.996651
1050.413651272000152 -0.016451 0.014052 0.008552 -0.075075 0.008895 0.031209 0.996650
1050.446895219999988 -0.016532 0.014019 0.008619 -0.075192 0.009000 0.031111 0.996643
1050.479996324000012 -0.016608 0.014005 0.008683 -0.075294 0.009105 0.031076 0.996635
1050.513209272000040 -0.016593 0.014033 0.008691 -0.075271 0.009081 0.031130 0.996636
1050.546342168000137 -0.016579 0.014047 0.008750 -0.075315 0.009179 0.031081 0.996633
1050.579551324000022 -0.016587 0.014026 0.008732 -0.075348 0.009222 0.031028 0.996632
1050.612817532000008 -0.016548 0.014035 0.008723 -0.075369 0.009231 0.031044 0.996630
1050.645872324000038 -0.016519 0.014070 0.008695 -0.075345 0.009232 0.031054 0.996631
1050.679075272000091 -0.016503 0.014086 0.008663 -0.075356 0.009267 0.031011 0.996631
1050.712207272000114 -0.016476 0.014081 0.008634 -0.075378 0.009296 0.031000 0.996630
1050.745450271999971 -0.016423 0.014125 0.008613 -0.075383 0.009299 0.031005 0.996629
1050.778553428000123 -0.016374 0.014165 0.008576 -0.075370 0.009330 0.030994 0.996630
1050.811725219999971 -0.016323 0.014187 0.008543 -0.075378 0.009365 0.030967 0.996630
1050.844970271999955 -0.016234 0.014205 0.008509 -0.075400 0.009375 0.030980 0.996628
1050.878116532000149 -0.016153 0.014255 0.008485 -0.075397 0.009389 0.030991 0.996628
1050.911245219999955 -0.016077 0.014306 0.008448 -0.075389 0.009421 0.030967 0.996629
1050.944419220000100 -0.015972 0.014336 0.008406 -0.075397 0.009435 0.030958 0.996628
1050.977590272000043 -0.015865 0.014384 0.008368 -0.075400 0.009448 0.030970 0.996628
1051.010840220000091 -0.015754 0.014434 0.008329 -0.075396 0.009474 0.030958 0.996628
1051.043938584999978 -0.015641 0.014485 0.008301 -0.075395 0.009495 0.030949 0.996628
1051.077152479999995 -0.015493 0.014521 0.008273 -0.075411 0.009500 0.030956 0.996627
1051.110283532000039 -0.015340 0.014565 0.008242 -0.075433 0.009511 0.030939 0.996625
1051.143496428000162 -0.015171 0.014617 0.008219 -0.075444 0.009527 0.030921 0.996625
1051.176628532999985 -0.015624 0.014694 0.007742 -0.075737 0.009315 0.030894 0.996606
1051.209802272000161 -0.015493 0.014710 0.007720 -0.075758 0.009321 0.030888 0.996604
1051.243014272999972 -0.015365 0.014729 0.007696 -0.075756 0.009333 0.030882 0.996604
1051.276191272000005 -0.015260 0.014759 0.007681 -0.075737 0.009357 0.030877 0.996606
1051.309361325000054 -0.015102 0.014795 0.007678 -0.075734 0.009368 0.030875 0.996606
1051.342536271999961 -0.014950 0.014809 0.007659 -0.075741 0.009384 0.030872 0.996605
1051.375666324000122 -0.014773 0.014843 0.007649 -0.075734 0.009406 0.030870 0.996606
1051.408839220000118 -0.014608 0.014865 0.007634 -0.075731 0.009419 0.030865 0.996606
1051.442025272000137 -0.014410 0.014868 0.007623 -0.075734 0.009424 0.030857 0.996606
1051.475226532000079 -0.015200 0.014711 0.007339 -0.075842 0.009378 0.030851 0.996598
1051.508359428000176 -0.015075 0.014713 0.007330 -0.075832 0.009396 0.030857 0.996599
1051.541531740999972 -0.014928 0.014716 0.007326 -0.075819 0.009414 0.030855 0.996600
1051.574746220000179 -0.014794 0.014719 0.007339 -0.075821 0.009430 0.030851 0.996599
1051.607877428000165 -0.014642 0.014728 0.007362 -0.075815 0.009443 0.030850 0.996600
1051.641095220000125 -0.014469 0.014731 0.007392 -0.075807 0.009447 0.030829 0.996601
1051.674268220000158 -0.014311 0.014719 0.007425 -0.075789 0.009453 0.030829 0.996602
1051.707437272000107 -0.014127 0.014717 0.007464 -0.075805 0.009481 0.030816 0.996601
1051.740611220000119 -0.013931 0.014710 0.007509 -0.075807 0.009510 0.030823 0.996601
1051.773743220000142 -0.015037 0.014571 0.007303 -0.075912 0.009447 0.030854 0.996592
1051.806917481000028 -0.014913 0.014564 0.007322 -0.075912 0.009460 0.030845 0.996592
1051.840089272000114 -0.014799 0.014552 0.007338 -0.075914 0.009478 0.030844 0.996592
1051.873352584000031 -0.014646 0.014543 0.007343 -0.075904 0.009486 0.030842 0.996593
1051.906515220000074 -0.014497 0.014532 0.007335 -0.075889 0.009508 0.030829 0.996594
1051.939607324000008 -0.014346 0.014502 0.007309 -0.075882 0.009531 0.030811 0.996595
1051.972780324000041 -0.014198 0.014472 0.007283 -0.075875 0.009547 0.030808 0.996596
1052.005956272000049 -0.015406 0.014431 0.007137 -0.075997 0.009502 0.030831 0.996586
1052.039200272000016 -0.015329 0.014417 0.007117 -0.075997 0.009514 0.030835 0.996586
1052.072380375999956 -0.015259 0.014406 0.007095 -0.076001 0.009516 0.030834 0.996585
1052.105559272000164 -0.015976 0.014390 0.007054 -0.076065 0.009477 0.030848 0.996580
1052.138732271999970 -0.015926 0.014389 0.007024 -0.076054 0.009483 0.030852 0.996581
1052.171900532000109 -0.015869 0.014377 0.007004 -0.076053 0.009485 0.030861 0.996581
1052.205087219999996 -0.016344 0.014357 0.007003 -0.076105 0.009451 0.030864 0.996577
1052.238245323999990 -0.016660 0.014347 0.007020 -0.076126 0.009411 0.030852 0.996576
1052.271383272000094 -0.016636 0.014348 0.007015 -0.076133 0.009412 0.030841 0.996576
1052.304514167999969 -0.016596 0.014314 0.007017 -0.076126 0.009424 0.030842 0.996577
1052.337717271999963 -0.016571 0.014284 0.007027 -0.076115 0.009436 0.030853 0.996577
1052.370859325000083 -0.016542 0.014252 0.007047 -0.076104 0.009433 0.030848 0.996578
1052.404072324000026 -0.016501 0.014210 0.007063 -0.076084 0.009440 0.030847 0.996579
1052.437248897000018 -0.016460 0.014176 0.007098 -0.076076 0.009439 0.030844 0.996580
1052.470515262000163 -0.016984 0.014285 0.007114 -0.076192 0.009446 0.030848 0.996571
1052.503579532999993 -0.016957 0.014263 0.007138 -0.076179 0.009449 0.030848 0.996572
1052.536858688000166 -0.016945 0.014258 0.007156 -0.076173 0.009465 0.030841 0.996573
1052.569897209000146 -0.016926 0.014245 0.007186 -0.076166 0.009473 0.030839 0.996573
1052.603078220000043 -0.016908 0.014228 0.007225 -0.076148 0.009472 0.030845 0.996574
1052.636244637000118 -0.016894 0.014222 0.007273 -0.076151 0.009475 0.030834 0.996574
1052.669515272000126 -0.016877 0.014196 0.007332 -0.076154 0.009475 0.030846 0.996574
1052.702588325000079 -0.016868 0.014177 0.007407 -0.076152 0.009481 0.030861 0.996573
1052.735763376000023 -0.016854 0.014165 0.007478 -0.076152 0.009496 0.030866 0.996573
1052.768935324000040 -0.016850 0.014154 0.007544 -0.076154 0.009500 0.030871 0.996573
1052.802107533000026 -0.016831 0.014136 0.007612 -0.076154 0.009504 0.030874 0.996573
1052.835279271999980 -0.016832 0.014108 0.007672 -0.076160 0.009528 0.030863 0.996572
1052.868586324000034 -0.016832 0.014072 0.007723 -0.076159 0.009541 0.030880 0.996572
1052.901625168000010 -0.016823 0.014034 0.007771 -0.076149 0.009553 0.030891 0.996572
1052.934798376000117 -0.017471 0.014301 0.007370 -0.076337 0.009534 0.030800 0.996561
1052.967971584999987 -0.017479 0.014303 0.007383 -0.076335 0.009530 0.030803 0.996561
1053.001186585000141 -0.017509 0.014302 0.007388 -0.076328 0.009534 0.030806 0.996561
1053.034318835000022 -0.017532 0.014310 0.007394 -0.076339 0.009529 0.030801 0.996561
1053.067531429000155 -0.017568 0.014299 0.007412 -0.076340 0.009537 0.030808 0.996560
1053.100663272000020 -0.017597 0.014288 0.007422 -0.076334 0.009545 0.030802 0.996561
1053.133837324000069 -0.017626 0.014286 0.007429 -0.076338 0.009537 0.030802 0.996560
1053.167009323999991 -0.017657 0.014272 0.007441 -0.076341 0.009535 0.030789 0.996561
1053.200182428000062 -0.017688 0.014269 0.007457 -0.076337 0.009537 0.030777 0.996561
1053.233398532000137 -0.017712 0.014258 0.007482 -0.076340 0.009545 0.030779 0.996561
1053.266528481000023 -0.017738 0.014253 0.007509 -0.076340 0.009561 0.030791 0.996560
1053.299700272000109 -0.017773 0.014251 0.007534 -0.076331 0.009550 0.030796 0.996561
1053.332948220000162 -0.017811 0.014253 0.007573 -0.076329 0.009552 0.030798 0.996561
1053.399265324999988 -0.017850 0.014239 0.007625 -0.076327 0.009549 0.030799 0.996561
1053.432432688000063 -0.017921 0.014227 0.007733 -0.076339 0.009552 0.030785 0.996561
1053.498821271999986 -0.017938 0.014202 0.007772 -0.076343 0.009545 0.030787 0.996560
1053.531911219999984 -0.018085 0.014247 0.007315 -0.076312 0.009443 0.030834 0.996562
1053.565159272000074 -0.018040 0.014224 0.007197 -0.076367 0.009419 0.030832 0.996558
1053.598390324000093 -0.018041 0.014221 0.007228 -0.076376 0.009408 0.030824 0.996558
1053.631557272000009 -0.018030 0.014214 0.007265 -0.076390 0.009405 0.030822 0.996557
1053.664604376000170 -0.018047 0.014219 0.007308 -0.076399 0.009403 0.030803 0.996557
1053.697776272000056 -0.017900 0.014212 0.007080 -0.076776 0.009147 0.030807 0.996530
1053.731028324000135 -0.017882 0.014205 0.007035 -0.076787 0.009138 0.030814 0.996529
1053.764123324000138 -0.017906 0.014220 0.007029 -0.076796 0.009146 0.030826 0.996528
1053.797296220000135 -0.017888 0.014192 0.006986 -0.076786 0.009117 0.030820 0.996529
1053.830547272000103 -0.017888 0.014207 0.006984 -0.076788 0.009111 0.030812 0.996530
1053.863654272000076 -0.017915 0.014207 0.006983 -0.076786 0.009102 0.030813 0.996530
1053.896815428000082 -0.017926 0.014185 0.006989 -0.076786 0.009108 0.030809 0.996530
1053.929988168000136 -0.017935 0.014171 0.006978 -0.076778 0.009098 0.030825 0.996530
1053.963161220000075 -0.017952 0.014152 0.006968 -0.076777 0.009084 0.030825 0.996530
1053.996380377000150 -0.017853 0.014185 0.006963 -0.076829 0.009094 0.030803 0.996527
1054.029549480000014 -0.017844 0.014193 0.006973 -0.076832 0.009111 0.030799 0.996527
1054.062720531999958 -0.017826 0.014185 0.007016 -0.076816 0.009122 0.030804 0.996528
1054.095853219999981 -0.017826 0.014207 0.007020 -0.076809 0.009124 0.030792 0.996528
1054.129026220000014 -0.017847 0.014205 0.007029 -0.076812 0.009114 0.030782 0.996529
1054.162301375999959 -0.017805 0.014217 0.007016 -0.076814 0.009102 0.030791 0.996528
1054.195440272000042 -0.017815 0.014223 0.007025 -0.076805 0.009105 0.030790 0.996529
1054.228622220000034 -0.017805 0.014228 0.007017 -0.076812 0.009103 0.030786 0.996529
1054.261717324000074 -0.017798 0.014243 0.007008 -0.076809 0.009099 0.030784 0.996529
1054.294891272000086 -0.017812 0.014241 0.007004 -0.076801 0.009096 0.030780 0.996530
1054.328103220000003 -0.017808 0.014256 0.006995 -0.076788 0.009094 0.030791 0.996530
1054.361236324000174 -0.017807 0.014265 0.006978 -0.076779 0.009081 0.030790 0.996531
1054.394490271999985 -0.017803 0.014278 0.006970 -0.076769 0.009086 0.030783 0.996532
1054.427651377000075 -0.017772 0.014213 0.007011 -0.076807 0.009086 0.030797 0.996529
1054.493928272000176 -0.017752 0.014235 0.007016 -0.076820 0.009075 0.030786 0.996528
1054.527142376000029 -0.017736 0.014252 0.007022 -0.076826 0.009063 0.030785 0.996528
1054.560275272000126 -0.017706 0.014267 0.007035 -0.076849 0.009069 0.030773 0.996526
1054.593449481000107 -0.017710 0.014271 0.007056 -0.076869 0.009072 0.030774 0.996525
1054.626703740000039 -0.017683 0.014272 0.007061 -0.076884 0.009072 0.030769 0.996524
1054.659872220000125 -0.017684 0.014277 0.007070 -0.076886 0.009067 0.030771 0.996524
1054.693007429000090 -0.017675 0.014273 0.007079 -0.076890 0.009068 0.030763 0.996524
1054.759313272000099 -0.017677 0.014280 0.007064 -0.076911 0.009050 0.030758 0.996522
1054.792486429000064 -0.017679 0.014266 0.007053 -0.076908 0.009033 0.030769 0.996522
1054.858909219999987 -0.017686 0.014269 0.007056 -0.076920 0.009047 0.030784 0.996521
1054.925178272000039 -0.017716 0.014284 0.007067 -0.076945 0.009051 0.030807 0.996518
1054.958430271999987 -0.017724 0.014309 0.007048 -0.076952 0.009054 0.030817 0.996517
1055.024741324000161 -0.017745 0.014325 0.007040 -0.076951 0.009045 0.030815 0.996517
1055.057910220000167 -0.017762 0.014364 0.007035 -0.076944 0.009038 0.030823 0.996518
1055.124216376000049 -0.017770 0.014399 0.007043 -0.076955 0.009041 0.030818 0.996517
1055.157390375999967 -0.017888 0.014236 0.007005 -0.076873 0.009074 0.030774 0.996525
1055.190562324999973 -0.017909 0.014239 0.007023 -0.076878 0.009067 0.030787 0.996524
1055.223748220000061 -0.017916 0.014241 0.007030 -0.076883 0.009066 0.030796 0.996523
1055.256954272000030 -0.017936 0.014243 0.007031 -0.076875 0.009060 0.030808 0.996523
1055.290080272000068 -0.017964 0.014250 0.007041 -0.076876 0.009059 0.030817 0.996523
1055.323331220000000 -0.017985 0.014236 0.007042 -0.076884 0.009054 0.030836 0.996522
1055.356426220000003 -0.017996 0.014239 0.007043 -0.076903 0.009049 0.030843 0.996520
1055.389601220000031 -0.018023 0.014234 0.007039 -0.076899 0.009045 0.030856 0.996520
1055.422776324000097 -0.018042 0.014256 0.007037 -0.076914 0.009060 0.030848 0.996519
1055.455990428000177 -0.018067 0.014257 0.007005 -0.076912 0.009056 0.030850 0.996519
1055.489120324000169 -0.018093 0.014276 0.006975 -0.076930 0.009046 0.030863 0.996518
1055.522422272000085 -0.018111 0.014273 0.006948 -0.076936 0.009033 0.030866 0.996517
1055.555540272000144 -0.018140 0.014277 0.006932 -0.076942 0.009036 0.030881 0.996516
1055.588727740999957 -0.018153 0.014280 0.006904 -0.076948 0.009032 0.030882 0.996516
1055.621811168000022 -0.018167 0.014287 0.006865 -0.076938 0.009027 0.030880 0.996517
1055.655024428000161 -0.018188 0.014284 0.006832 -0.076929 0.009015 0.030882 0.996517
1055.688197220000120 -0.018204 0.014293 0.006805 -0.076933 0.009016 0.030887 0.996517
1055.721372220000148 -0.018225 0.014302 0.006787 -0.076932 0.009011 0.030884 0.996517
1055.754687324000088 -0.018255 0.014316 0.006774 -0.076930 0.009002 0.030905 0.996517
1055.787676271999999 -0.017910 0.014190 0.006901 -0.076831 0.009047 0.030824 0.996527
1055.820851324000159 -0.017896 0.014195 0.006900 -0.076851 0.009056 0.030806 0.996525
1055.854022533000034 -0.017881 0.014185 0.006919 -0.076877 0.009100 0.030798 0.996523
1055.887195481000163 -0.017814 0.014189 0.006981 -0.076864 0.009109 0.030811 0.996524
1055.920370376000164 -0.017775 0.014197 0.007060 -0.076885 0.009151 0.030819 0.996522
1055.953541272000166 -0.017756 0.014206 0.007051 -0.076856 0.009126 0.030809 0.996524
1055.986714793000147 -0.017755 0.014212 0.007029 -0.076859 0.009126 0.030788 0.996525
1056.019887689000143 -0.017763 0.014206 0.007009 -0.076846 0.009136 0.030779 0.996526
1056.053062105999970 -0.017778 0.014201 0.007056 -0.076863 0.009137 0.030813 0.996524
1056.086279312999977 -0.017775 0.014170 0.007064 -0.076850 0.009126 0.030826 0.996524
1056.119476480000003 -0.017753 0.014160 0.007086 -0.076847 0.009116 0.030837 0.996524
1056.152579479999986 -0.017770 0.014136 0.007102 -0.076853 0.009117 0.030839 0.996524
1056.185751272000061 -0.017767 0.014103 0.007137 -0.076848 0.009116 0.030859 0.996523
1056.218925271999979 -0.017758 0.014068 0.007169 -0.076854 0.009118 0.030869 0.996523
1056.252099219999991 -0.017909 0.014194 0.007032 -0.076862 0.009128 0.030817 0.996524
1056.285294219999969 -0.017895 0.014186 0.007033 -0.076850 0.009124 0.030813 0.996525
1056.318444272000079 -0.017888 0.014167 0.007020 -0.076833 0.009105 0.030823 0.996526
1056.351616584000112 -0.017899 0.014179 0.007011 -0.076879 0.009125 0.030807 0.996523
1056.384790325000040 -0.017907 0.014170 0.007025 -0.076877 0.009131 0.030807 0.996523
1056.417963272000179 -0.017895 0.014197 0.007017 -0.076897 0.009165 0.030798 0.996521
1056.451135376000138 -0.017804 0.014192 0.007031 -0.076891 0.009159 0.030809 0.996521
1056.484349272000145 -0.017767 0.014214 0.007041 -0.076897 0.009127 0.030804 0.996521
1056.517522220000046 -0.017790 0.014206 0.007061 -0.076874 0.009136 0.030812 0.996523
1056.550696272000096 -0.017812 0.014202 0.007065 -0.076848 0.009139 0.030824 0.996524
1056.583828480999955 -0.017866 0.014182 0.007049 -0.076851 0.009189 0.030856 0.996523
1056.617041533000020 -0.017876 0.014177 0.007055 -0.076862 0.009201 0.030837 0.996522
1056.650214272000085 -0.017827 0.014179 0.007083 -0.076863 0.009207 0.030842 0.996522
1056.683386272000007 -0.017841 0.014170 0.007097 -0.076850 0.009214 0.030848 0.996523
1056.716560273000141 -0.017844 0.014182 0.007115 -0.076831 0.009219 0.030858 0.996524
1056.749693428000000 -0.017845 0.014174 0.007132 -0.076828 0.009232 0.030865 0.996524
1056.782866219999960 -0.017853 0.014168 0.007161 -0.076829 0.009239 0.030880 0.996523
1056.816081220000115 -0.017864 0.014153 0.007200 -0.076827 0.009256 0.030887 0.996523
1056.849252272000058 -0.017849 0.014147 0.007240 -0.076820 0.009266 0.030901 0.996523
1056.882432220000055 -0.017828 0.014154 0.007280 -0.076814 0.009269 0.030918 0.996523
1056.915559272000110 -0.017815 0.014160 0.007332 -0.076812 0.009279 0.030925 0.996523
1056.948777585000016 -0.017804 0.014158 0.007386 -0.076796 0.009286 0.030924 0.996524
1056.981903428000123 -0.017756 0.014144 0.007441 -0.076777 0.009307 0.030922 0.996525
1057.015077324999993 -0.017736 0.014146 0.007519 -0.076758 0.009312 0.030906 0.996527
1057.048250220000000 -0.017703 0.014127 0.007595 -0.076744 0.009315 0.030904 0.996528
1057.081424000999959 -0.017675 0.014114 0.007688 -0.076747 0.009325 0.030903 0.996528
1057.114596533000167 -0.017622 0.014104 0.007777 -0.076755 0.009331 0.030903 0.996527
1057.147874272000081 -0.017584 0.014099 0.007882 -0.076750 0.009330 0.030912 0.996527
1057.180942324000171 -0.017523 0.014081 0.007984 -0.076742 0.009331 0.030926 0.996528
1057.214115481000135 -0.017491 0.014067 0.008079 -0.076732 0.009341 0.030932 0.996528
1057.247288324000010 -0.017431 0.014062 0.008172 -0.076731 0.009349 0.030942 0.996528
1057.280461688000059 -0.019033 0.013974 0.007322 -0.077219 0.009504 0.030981 0.996487
1057.313635532000035 -0.019049 0.013976 0.007351 -0.077222 0.009504 0.030985 0.996487
1057.346911533000139 -0.019050 0.013964 0.007391 -0.077212 0.009519 0.030990 0.996488
1057.379981741000165 -0.019061 0.013947 0.007428 -0.077203 0.009525 0.030977 0.996489
1057.413153585000146 -0.019089 0.013933 0.007485 -0.077202 0.009537 0.030968 0.996489
1057.446326220000174 -0.019070 0.013930 0.007526 -0.077199 0.009528 0.030953 0.996490
1057.479499324000017 -0.019082 0.013906 0.007586 -0.077193 0.009531 0.030956 0.996490
1057.512747272000070 -0.019114 0.013890 0.007647 -0.077186 0.009532 0.030953 0.996491
1057.545846428000004 -0.019160 0.013936 0.007218 -0.077236 0.009387 0.030996 0.996487
1057.579112376000012 -0.019112 0.013915 0.007202 -0.077229 0.009380 0.031012 0.996487
1057.612192533000098 -0.019104 0.013901 0.007197 -0.077216 0.009372 0.031022 0.996488
1057.645477428000049 -0.019088 0.013868 0.007194 -0.077213 0.009379 0.031029 0.996488
1057.678537219999953 -0.019057 0.013846 0.007167 -0.077205 0.009379 0.031050 0.996488
1057.711709324000140 -0.019030 0.013813 0.007159 -0.077200 0.009386 0.031053 0.996488
1057.744979272000137 -0.018981 0.013769 0.007139 -0.077192 0.009382 0.031074 0.996488
1057.778057428000011 -0.018964 0.013734 0.007129 -0.077190 0.009398 0.031079 0.996488
1057.811232428000039 -0.018935 0.013664 0.007113 -0.077178 0.009394 0.031081 0.996488
1057.844404220000115 -0.018896 0.013605 0.007095 -0.077179 0.009392 0.031102 0.996488
1057.877574375999984 -0.019064 0.013905 0.007011 -0.077271 0.009398 0.030993 0.996484
1057.910788324000123 -0.019071 0.013904 0.007006 -0.077267 0.009407 0.030989 0.996484
1057.977169532000062 -0.019046 0.013890 0.006985 -0.077257 0.009410 0.030994 0.996485
1058.076623532999974 -0.019023 0.013920 0.006961 -0.077316 0.009346 0.030954 0.996482
1058.143012564000173 -0.018920 0.013893 0.006953 -0.077275 0.009322 0.030983 0.996485
1058.209306377000075 -0.018888 0.013927 0.006979 -0.077301 0.009322 0.030955 0.996484
1058.242567272000088 -0.018892 0.013942 0.006999 -0.077309 0.009343 0.030948 0.996483
1058.275766273000045 -0.018929 0.013946 0.006989 -0.077311 0.009335 0.030949 0.996483
1058.342049325000062 -0.018933 0.013960 0.007009 -0.077320 0.009353 0.030929 0.996483
1058.408391167999980 -0.018952 0.014001 0.007112 -0.077318 0.009356 0.030929 0.996483
1058.441639271999975 -0.018981 0.014064 0.007263 -0.077317 0.009378 0.030932 0.996483
1058.474770219999982 -0.018954 0.014119 0.007333 -0.077332 0.009378 0.030914 0.996482
1058.507934323999962 -0.018966 0.014125 0.007429 -0.077357 0.009391 0.030913 0.996480
1058.574250481000036 -0.018967 0.014159 0.007524 -0.077385 0.009394 0.030903 0.996478
1058.607421377000037 -0.018954 0.014228 0.007714 -0.077399 0.009390 0.030896 0.996477
1058.640594324000176 -0.019205 0.013976 0.007140 -0.077304 0.009284 0.030936 0.996484
1058.673728168000025 -0.019236 0.013999 0.007172 -0.077316 0.009277 0.030947 0.996483
1058.706900271999984 -0.019175 0.013952 0.007043 -0.077309 0.009288 0.030948 0.996483
1058.740199325000049 -0.019182 0.013945 0.007067 -0.077310 0.009291 0.030943 0.996483
1058.773291168000014 -0.019200 0.013960 0.007097 -0.077299 0.009288 0.030933 0.996485
1058.806418324000106 -0.019145 0.013929 0.007017 -0.077297 0.009302 0.030976 0.996483
1058.839592273000108 -0.019143 0.013919 0.007016 -0.077290 0.009298 0.030994 0.996483
1058.872836428000028 -0.019172 0.013891 0.007030 -0.077287 0.009309 0.031001 0.996483
1058.905938220000053 -0.019098 0.013899 0.006983 -0.077319 0.009322 0.030993 0.996481
1058.939184168000111 -0.019091 0.013879 0.006975 -0.077317 0.009309 0.031008 0.996481
1058.972412220000024 -0.019084 0.013886 0.006968 -0.077322 0.009303 0.031013 0.996480
1059.005497324000089 -0.019086 0.013888 0.006972 -0.077315 0.009307 0.031005 0.996481
1059.038629271999980 -0.019051 0.013895 0.006966 -0.077308 0.009296 0.031006 0.996482
1059.071803219999993 -0.019034 0.013914 0.006956 -0.077301 0.009296 0.031003 0.996482
1059.105051220000178 -0.019006 0.013934 0.006927 -0.077292 0.009286 0.031013 0.996483
1059.138154272000065 -0.018983 0.013948 0.006894 -0.077282 0.009274 0.031012 0.996484
1059.171448272000134 -0.018978 0.013919 0.006957 -0.077311 0.009328 0.030982 0.996482
1059.204495324000163 -0.018943 0.013912 0.006967 -0.077301 0.009332 0.030986 0.996483
1059.237667375999990 -0.018919 0.013925 0.006966 -0.077294 0.009318 0.030987 0.996483
1059.270840271999987 -0.018919 0.013900 0.006966 -0.077298 0.009333 0.030997 0.996482
1059.304013845000100 -0.018927 0.013928 0.006956 -0.077326 0.009323 0.030958 0.996482
1059.337315220000164 -0.018910 0.013916 0.006953 -0.077309 0.009300 0.030978 0.996482
1059.370487271999991 -0.018919 0.013899 0.006955 -0.077295 0.009290 0.030970 0.996484
1059.403541324000116 -0.018903 0.013882 0.006959 -0.077282 0.009285 0.030964 0.996485
1059.436707272000149 -0.018907 0.013861 0.006958 -0.077286 0.009268 0.030956 0.996485
1059.469878376999986 -0.018888 0.013827 0.006952 -0.077283 0.009266 0.030947 0.996486
1059.503053324000120 -0.018943 0.013923 0.006949 -0.077308 0.009304 0.030994 0.996482
1059.536227428000075 -0.018951 0.013903 0.006950 -0.077296 0.009325 0.030992 0.996483
1059.569492220000029 -0.018939 0.013923 0.006974 -0.077316 0.009350 0.030980 0.996481
1059.602612271999988 -0.018928 0.013898 0.006979 -0.077304 0.009347 0.030893 0.996485
1059.635747272000117 -0.018935 0.013963 0.006993 -0.077293 0.009268 0.030977 0.996484
1059.668958220000150 -0.018927 0.013910 0.006977 -0.077233 0.009380 0.030862 0.996491
1059.702090220000173 -0.018906 0.013925 0.006972 -0.077201 0.009316 0.030971 0.996491
1059.735336272000040 -0.018877 0.013871 0.006939 -0.077171 0.009385 0.030914 0.996494
1059.768436375999954 -0.018705 0.013723 0.006772 -0.077162 0.009411 0.030909 0.996495
1059.801609429000109 -0.018549 0.013541 0.006601 -0.077114 0.009386 0.030885 0.996500
1059.834822272000110 -0.018420 0.013392 0.006474 -0.077115 0.009449 0.030829 0.996501
1059.867954376000171 -0.018929 0.013190 0.006495 -0.077410 0.009446 0.031219 0.996466
1059.901128220000146 -0.019376 0.013180 0.006714 -0.077438 0.009292 0.031330 0.996461
1059.934431271999983 -0.019371 0.013179 0.006748 -0.077433 0.009227 0.031315 0.996463
1059.967515533000096 -0.019396 0.013181 0.006787 -0.077467 0.009296 0.031300 0.996460
1060.000648272000035 -0.019400 0.013200 0.006817 -0.077493 0.009304 0.031369 0.996456
1060.033820220000052 -0.019428 0.013176 0.006804 -0.077496 0.009370 0.031362 0.996455
1060.066993376000028 -0.019458 0.013205 0.006794 -0.077441 0.009342 0.031364 0.996460
1060.100169688000051 -0.019475 0.013201 0.006795 -0.077424 0.009335 0.031399 0.996460
1060.133338272000174 -0.019445 0.013228 0.006831 -0.077452 0.009349 0.031367 0.996459
1060.166585272000020 -0.019459 0.013276 0.006844 -0.077468 0.009368 0.031416 0.996456
1060.199684324000145 -0.019468 0.013310 0.006859 -0.077429 0.009357 0.031395 0.996460
1060.232898533000025 -0.019509 0.013374 0.006873 -0.077427 0.009335 0.031396 0.996460
1060.266032323999980 -0.019478 0.013465 0.006817 -0.077415 0.009314 0.031394 0.996461
1060.299245272000007 -0.019448 0.013203 0.006771 -0.077413 0.009241 0.031261 0.996466
1060.332376533000115 -0.019415 0.013295 0.006791 -0.077395 0.009236 0.031262 0.996467
1060.365550323999969 -0.019443 0.013402 0.006810 -0.077378 0.009252 0.031229 0.996470
1060.398723480000172 -0.019489 0.013516 0.006837 -0.077382 0.009232 0.031248 0.996469
1060.431896273000120 -0.019499 0.013587 0.006871 -0.077389 0.009241 0.031072 0.996474
1060.465115272000048 -0.019462 0.013710 0.006936 -0.077484 0.008988 0.030804 0.996477
1060.498286376000124 -0.019681 0.013397 0.006864 -0.077312 0.009085 0.031071 0.996481
1060.531485323999959 -0.019491 0.013325 0.006796 -0.077423 0.008983 0.031290 0.996467
1060.564666323999973 -0.019541 0.013220 0.006839 -0.077491 0.009010 0.031216 0.996464
1060.597761272000071 -0.019563 0.013230 0.006799 -0.077569 0.009004 0.031358 0.996453
1060.630975428000056 -0.019575 0.013304 0.006812 -0.077525 0.008988 0.031325 0.996458
1060.664107324000042 -0.019456 0.013277 0.006821 -0.077643 0.008944 0.031290 0.996450
1060.697320220000165 -0.019482 0.013105 0.006848 -0.077706 0.008938 0.031267 0.996446
1060.730499272000088 -0.019460 0.013079 0.006750 -0.077706 0.009038 0.031264 0.996445
1060.763625532000106 -0.019250 0.013058 0.006647 -0.077630 0.008976 0.031237 0.996452
1060.796872220000068 -0.019448 0.013185 0.006587 -0.077484 0.008852 0.031073 0.996470
1060.829972168000040 -0.019538 0.013199 0.006683 -0.077534 0.008885 0.030881 0.996472
1060.863220273000024 -0.019596 0.013298 0.006674 -0.077422 0.009030 0.030838 0.996480
1060.896447272000160 -0.019512 0.013317 0.006725 -0.077382 0.008988 0.030992 0.996479
1060.929560219999985 -0.019557 0.013321 0.006715 -0.077552 0.009066 0.031252 0.996457
1060.962664272999973 -0.019590 0.013288 0.006704 -0.077571 0.009044 0.031017 0.996463
1060.995838168000091 -0.019547 0.013317 0.006728 -0.077412 0.009011 0.030957 0.996478
1061.029082272000096 -0.019510 0.013320 0.006702 -0.077437 0.009084 0.031078 0.996471
1061.062183272000084 -0.019355 0.013218 0.006594 -0.077439 0.009166 0.031020 0.996472
1061.095402480000075 -0.019009 0.013081 0.006420 -0.077269 0.009153 0.030905 0.996489
1061.128529220000019 -0.019312 0.013304 0.006742 -0.077359 0.008903 0.031087 0.996479
1061.161701273000062 -0.019339 0.013260 0.006790 -0.077373 0.008874 0.031208 0.996474
1061.194916220000096 -0.019333 0.013275 0.006756 -0.077556 0.008909 0.031221 0.996459
1061.228048272000024 -0.019157 0.013226 0.006899 -0.077360 0.008797 0.031175 0.996477
1061.261294271999986 -0.019130 0.013317 0.007026 -0.077537 0.008832 0.031207 0.996462
1061.294529323999996 -0.019156 0.013431 0.007177 -0.077643 0.008955 0.031509 0.996443
1061.327566272000013 -0.019406 0.013580 0.007442 -0.077680 0.008817 0.031250 0.996449
1061.360740428000099 -0.019730 0.013162 0.007154 -0.077762 0.009071 0.031595 0.996430
1061.393912272000080 -0.019495 0.013123 0.006594 -0.077247 0.008820 0.031640 0.996471
1061.427126168000086 -0.019374 0.013157 0.006544 -0.077326 0.008698 0.031319 0.996476
1061.460299220000024 -0.019396 0.013242 0.006726 -0.077281 0.008558 0.031253 0.996483
1061.493472168000153 -0.019273 0.013303 0.006702 -0.077545 0.008725 0.031371 0.996457
1061.526646219999975 -0.019388 0.013310 0.006823 -0.077426 0.008739 0.031489 0.996462
1061.559778272000131 -0.019478 0.013289 0.006850 -0.077513 0.009043 0.031515 0.996452
1061.592992272000174 -0.019585 0.013291 0.006837 -0.077352 0.009401 0.031253 0.996470
1061.626124376000007 -0.019623 0.013382 0.006627 -0.077277 0.009394 0.031145 0.996479
1061.659297272000003 -0.019533 0.013316 0.006945 -0.077359 0.009255 0.031237 0.996471
1061.692470272000037 -0.019587 0.013376 0.007195 -0.077453 0.009353 0.031024 0.996469
1061.725642428000128 -0.019775 0.013509 0.007156 -0.077349 0.009645 0.031176 0.996470
1061.758815220000088 -0.019920 0.013328 0.007249 -0.077330 0.009866 0.030943 0.996476
1061.791989272000137 -0.019937 0.013142 0.007293 -0.077303 0.009695 0.030928 0.996481
1061.825163272000054 -0.019692 0.013278 0.007170 -0.077574 0.009533 0.031195 0.996453
1061.858376428000156 -0.019487 0.013385 0.007190 -0.077510 0.009901 0.031260 0.996452
1061.891508376000047 -0.019503 0.013472 0.007364 -0.077575 0.009870 0.031169 0.996450
1061.924721272000170 -0.019226 0.013638 0.007372 -0.077614 0.010025 0.031233 0.996444
1061.957855375999998 -0.019676 0.013465 0.007194 -0.077378 0.009719 0.031074 0.996470
1061.991088168000033 -0.019642 0.013296 0.006964 -0.077556 0.009625 0.031005 0.996459
1062.024242168000001 -0.019667 0.013359 0.006990 -0.077414 0.009789 0.031071 0.996467
1062.057413220000171 -0.019859 0.013236 0.007053 -0.077368 0.009959 0.030988 0.996471
1062.090546220000078 -0.019749 0.013227 0.006951 -0.077536 0.009933 0.031059 0.996456
1062.123718272000133 -0.019371 0.013443 0.006795 -0.077342 0.009437 0.030935 0.996480
1062.156892323999955 -0.019379 0.013682 0.007102 -0.077604 0.009269 0.030845 0.996464
1062.190065168000046 -0.018920 0.014060 0.007332 -0.077417 0.009010 0.031131 0.996472
1062.223239220000096 -0.019144 0.014802 0.008081 -0.077051 0.009234 0.031182 0.996497
1062.256412272000034 -0.018435 0.015961 0.007704 -0.077426 0.008996 0.031465 0.996461
1062.289587708999989 -0.017699 0.018161 0.007393 -0.077793 0.009357 0.031624 0.996424
1062.322788272000025 -0.015395 0.020831 0.007537 -0.077349 0.008121 0.031765 0.996465
1062.355932054000050 -0.013551 0.024424 0.007710 -0.078560 0.008148 0.032003 0.996362
1062.389142480000146 -0.010756 0.029213 0.007146 -0.078417 0.009117 0.031565 0.996379
1062.422405583999989 -0.007715 0.035476 0.006594 -0.079624 0.011318 0.031328 0.996268
1062.455540876999976 -0.002942 0.042920 0.006744 -0.080872 0.013183 0.030491 0.996171
1062.488717845000110 0.002679 0.052087 0.007089 -0.081980 0.014459 0.030215 0.996071
1062.521796480000148 0.007506 0.062633 0.007777 -0.082145 0.014509 0.030331 0.996053
1062.554969479999954 0.014913 0.075207 0.009214 -0.080742 0.015671 0.029344 0.996180
1062.588275324000051 0.021982 0.089202 0.012662 -0.077005 0.016947 0.029312 0.996456
1062.621357376000105 0.032793 0.105616 0.017975 -0.069613 0.018529 0.029455 0.996967
1062.654594585000041 0.041864 0.124523 0.027556 -0.059827 0.020016 0.029960 0.997558
1062.687663199000099 0.053641 0.143015 0.038765 -0.048888 0.021455 0.031066 0.998090
1062.720952730000135 0.067590 0.163747 0.051866 -0.040067 0.021190 0.032770 0.998435
1062.754009428000018 0.077604 0.185675 0.071887 -0.030835 0.022291 0.035934 0.998630
1062.787294098000075 0.089954 0.206952 0.095044 -0.022580 0.024410 0.038590 0.998702
1062.820415839000134 0.105629 0.227934 0.120336 -0.015833 0.024656 0.041929 0.998691
1062.853641838000158 0.117294 0.250197 0.148364 -0.009118 0.024181 0.045709 0.998620
1062.886710787000084 0.132681 0.270661 0.180944 -0.002738 0.023490 0.049314 0.998503
1062.919996097999956 0.147445 0.290420 0.217724 -0.001003 0.021738 0.053468 0.998332
1062.953098411000155 0.170875 0.303641 0.240047 -0.003346 0.017185 0.057092 0.998215
1062.986229515000105 0.183427 0.322471 0.270995 -0.004782 0.013487 0.059247 0.998141
1063.019403410999985 0.198244 0.340547 0.308750 -0.005996 0.010169 0.060714 0.998085
1063.052708307000103 0.218293 0.356953 0.352454 -0.009998 0.010127 0.061334 0.998016
1063.085754401000031 0.233860 0.372364 0.415629 -0.014803 0.013018 0.061256 0.997927
1063.119031059999998 0.242996 0.391824 0.443384 -0.018831 0.014116 0.060713 0.997878
1063.152089956000054 0.291043 0.399635 0.487463 -0.021413 0.014784 0.060101 0.997853
1063.185259748000135 0.294305 0.416862 0.539914 -0.023200 0.016422 0.059393 0.997830
1063.218432591999999 0.335956 0.439577 0.602213 -0.022980 0.018810 0.058691 0.997834
1063.251606487000117 0.331777 0.427071 0.679079 -0.024123 0.023562 0.057830 0.997757
1063.284779425000124 0.320523 0.464385 0.666851 -0.023925 0.027280 0.056286 0.997755
1063.317950590999999 0.323474 0.490814 0.720364 -0.023605 0.031941 0.055524 0.997667
1063.351123695000069 0.356703 0.499716 0.726556 -0.022908 0.036165 0.055199 0.997557
1063.384299747000114 0.370261 0.515090 0.779980 -0.023011 0.040224 0.056062 0.997351
1063.417510538999977 0.387186 0.537354 0.828131 -0.023623 0.043463 0.058317 0.997072
1063.450652158000139 0.420585 0.554498 0.838799 -0.024227 0.046146 0.061838 0.996724
1063.483902157000102 0.423332 0.574872 0.904394 -0.024456 0.050634 0.066359 0.996210
1063.517091157000095 0.454138 0.589973 0.939517 -0.025847 0.053689 0.072048 0.995620
1063.550171052999985 0.481536 0.609594 0.971273 -0.028845 0.055526 0.078388 0.994957
1063.583345105000035 0.478965 0.637288 1.018832 -0.032418 0.056525 0.085476 0.994207
1063.616526829000122 0.493824 0.658127 1.049495 -0.036615 0.056146 0.093367 0.993373
1063.649744620000092 0.513726 0.678307 1.074868 -0.041090 0.055321 0.101703 0.992425
1063.682892568000170 0.534652 0.697841 1.094358 -0.045957 0.054459 0.110681 0.991298
1063.716047224000022 0.556338 0.722125 1.113393 -0.051595 0.053099 0.120260 0.989978
1063.749217568000176 0.582048 0.741979 1.125588 -0.056858 0.052194 0.130577 0.988429
1063.782432932000120 0.597314 0.765545 1.154460 -0.060976 0.051946 0.141421 0.986703
1063.815564776999963 0.616556 0.789922 1.168862 -0.064956 0.050864 0.152134 0.984911
1063.848738964000177 0.641538 0.812468 1.180771 -0.066808 0.051365 0.163112 0.983002
1063.881910932999972 0.657143 0.836533 1.203386 -0.067637 0.051333 0.173914 0.981093
1063.915084192999984 0.687363 0.865648 1.199418 -0.067672 0.050966 0.184771 0.979123
1063.948256723999975 0.704146 0.894805 1.221261 -0.067071 0.050648 0.195943 0.977007
1063.981499620000022 0.730412 0.922296 1.226651 -0.065308 0.051245 0.206640 0.974889
1064.014682620000031 0.753594 0.955681 1.236180 -0.064432 0.051351 0.217837 0.972501
1064.047775568000134 0.781005 0.982195 1.238097 -0.064060 0.051782 0.229091 0.969914
1064.080950620000067 0.805351 1.013811 1.250374 -0.063717 0.052321 0.240307 0.967189
1064.114122776000158 0.834373 1.043389 1.249531 -0.063213 0.052777 0.251416 0.964370
1064.180511954000167 0.884179 1.108237 1.260243 -0.063203 0.052245 0.273032 0.958504
1064.213642808000031 0.909288 1.139635 1.259470 -0.064237 0.052791 0.283329 0.955412
1064.279987672000061 0.955332 1.209905 1.286840 -0.068531 0.052361 0.303036 0.949068
1064.313263724000080 0.998564 1.249016 1.272515 -0.071492 0.050775 0.312508 0.945859
1064.346344321000061 1.033192 1.295791 1.274895 -0.074697 0.048955 0.321476 0.942697
1064.379556831000173 1.042455 1.332167 1.283438 -0.078305 0.047413 0.330148 0.939480
1064.412728893000121 1.058306 1.360383 1.290225 -0.082063 0.046682 0.338701 0.936145
1064.445936102000132 1.095198 1.409965 1.284571 -0.086162 0.045102 0.347066 0.932784
1064.479033653999977 1.126446 1.455595 1.282988 -0.089745 0.043489 0.355248 0.929437
1064.545378654000160 1.172872 1.543001 1.291972 -0.095926 0.042354 0.371389 0.922537
1064.578551706000098 1.212630 1.596753 1.285014 -0.097385 0.041786 0.379019 0.919301
1064.611724654000000 1.247070 1.631921 1.284975 -0.098621 0.041440 0.386283 0.916156
1064.644897591000017 1.278751 1.690931 1.283931 -0.098475 0.041314 0.392745 0.913426
1064.678071434999993 1.305098 1.747983 1.283383 -0.098567 0.041502 0.398867 0.910751
1064.711342758000001 1.334398 1.806641 1.283063 -0.098430 0.042392 0.404285 0.908333
1064.777589706000072 1.382169 1.927560 1.280938 -0.097784 0.045326 0.413655 0.904032
1064.843937018000133 1.437896 2.045336 1.265938 -0.097440 0.048289 0.422655 0.899742
1064.910281862000147 1.486890 2.169177 1.254487 -0.098022 0.052806 0.432523 0.894722
1064.943502811000144 1.514777 2.235925 1.239151 -0.099193 0.055406 0.437936 0.891797
1064.976674759000161 1.539279 2.301369 1.232489 -0.100338 0.058554 0.443497 0.888715
1065.009894758999963 1.554782 2.352120 1.222803 -0.101235 0.061315 0.449284 0.885514
1065.076146707000134 1.604775 2.490670 1.206632 -0.102904 0.067165 0.460440 0.879144
1065.109360602000152 1.640070 2.574368 1.199188 -0.103343 0.069192 0.465894 0.876057
1065.142539705999980 1.661064 2.646006 1.183054 -0.103827 0.070952 0.471241 0.872994
1065.175674447000119 1.689617 2.725451 1.180044 -0.104144 0.072716 0.476199 0.870115
1065.208894499000053 1.704024 2.797753 1.178415 -0.104769 0.074520 0.480135 0.867721
1065.242032395000024 1.731850 2.874557 1.170729 -0.105207 0.076148 0.482924 0.865978
1065.275299499000084 1.764597 2.961699 1.167008 -0.105817 0.077803 0.484899 0.864652
1065.308366395000121 1.796987 3.048413 1.162231 -0.106275 0.080249 0.486001 0.863753
1065.341574447000085 1.797150 3.101950 1.190848 -0.106885 0.082108 0.486675 0.863123
1065.374711499000114 1.823550 3.184526 1.188570 -0.107731 0.084459 0.486841 0.862697
1065.407884655000089 1.852661 3.274385 1.169201 -0.108675 0.086361 0.486703 0.862469
1065.441058447000160 1.908913 3.393901 1.115563 -0.109330 0.088598 0.486685 0.862169
1065.474231384000177 1.935139 3.481451 1.102794 -0.109874 0.091205 0.486462 0.861954
1065.507411437999963 1.963605 3.570945 1.094335 -0.110635 0.094704 0.486143 0.861659
1065.573757231000172 2.027996 3.779904 1.066131 -0.111547 0.100366 0.485672 0.861166
1065.606930335000015 2.054338 3.870700 1.058281 -0.111246 0.102979 0.485404 0.861047
1065.640185230000043 2.081577 3.965567 1.054232 -0.110297 0.105408 0.485267 0.860953
1065.673319334000098 2.107752 4.063136 1.048472 -0.108588 0.107528 0.484943 0.861090
1065.706503813000154 2.142268 4.165164 1.027840 -0.106312 0.108847 0.484746 0.861320
1065.739630969000018 2.162110 4.266691 1.041403 -0.102335 0.111952 0.483957 0.861847
1065.772876761000134 2.184477 4.380067 1.064831 -0.097137 0.115617 0.482538 0.862760
1065.805979813000022 2.234690 4.504936 1.058839 -0.090921 0.118085 0.480546 0.864213
1065.839240918000087 2.287446 4.659762 1.030011 -0.083535 0.120777 0.478347 0.865806
1065.872332344000142 2.332891 4.798634 1.016266 -0.076235 0.123282 0.476134 0.867344
1065.905545290999953 2.362246 4.905460 1.009344 -0.069285 0.125841 0.473448 0.869029
1065.938721396000119 2.399357 5.017544 0.993797 -0.062544 0.128337 0.470670 0.870682
1065.971851343000026 2.432531 5.127750 0.985955 -0.055887 0.130760 0.467481 0.872491
1066.005024291000154 2.479235 5.264183 0.969508 -0.049590 0.133727 0.464913 0.873793
1066.038196291000077 2.510030 5.377377 0.968238 -0.044275 0.136100 0.462683 0.874895
1066.071370343000126 2.553803 5.506572 0.964212 -0.039455 0.138194 0.460805 0.875788
1066.104542343000048 2.608943 5.643235 0.939245 -0.035670 0.139643 0.459074 0.876629
1066.137754343000097 2.640424 5.748887 0.940207 -0.032777 0.139942 0.457949 0.877282
1066.170928395000146 2.677813 5.863687 0.927392 -0.031578 0.139910 0.457142 0.877752
1066.204103395000175 2.710792 5.985539 0.920927 -0.031961 0.139506 0.456590 0.878090
1066.237304238999968 2.761033 6.115206 0.898333 -0.032449 0.139044 0.456461 0.878212
1066.270491343000003 2.823833 6.254429 0.882721 -0.033263 0.138916 0.456048 0.878417
1066.303659395000068 2.887295 6.379464 0.862477 -0.032799 0.138694 0.455594 0.878705
1066.336753291000150 2.975422 6.549564 0.812160 -0.031035 0.139024 0.454580 0.879242
1066.369973953999988 3.034264 6.707250 0.792596 -0.027749 0.140015 0.452944 0.880038
1066.403105058000165 3.098737 6.845629 0.776300 -0.022993 0.142378 0.450965 0.880812
1066.436358954000070 3.159847 6.964349 0.776450 -0.017735 0.144570 0.448757 0.881704
1066.469451007000089 3.228038 7.106869 0.747120 -0.012735 0.147082 0.446514 0.882513
1066.502625215000080 3.292341 7.238098 0.730482 -0.008729 0.148185 0.444130 0.883580
1066.535799902000008 3.369640 7.394118 0.711370 -0.006343 0.149078 0.441652 0.884691
1066.569017162000137 3.454355 7.567715 0.668670 -0.004128 0.149607 0.439845 0.885515
1066.602144162000059 3.532255 7.717243 0.644566 -0.002815 0.149654 0.438565 0.886147
1066.635362006000150 3.609918 7.865574 0.626589 -0.002826 0.149509 0.437403 0.886746
1066.668530787000009 3.691635 8.014390 0.604745 -0.002899 0.149372 0.436516 0.887206
1066.701661953999974 3.776821 8.160370 0.582450 -0.003476 0.149153 0.435468 0.887755
1066.734876901999996 3.863345 8.306189 0.562946 -0.004546 0.148668 0.434386 0.888361
1066.768009954000036 3.950200 8.446679 0.538367 -0.005294 0.148209 0.433055 0.889084
1066.801232902000038 4.032366 8.579538 0.524247 -0.005975 0.148282 0.431580 0.889784
1066.834353850000070 4.116580 8.699021 0.507647 -0.006460 0.148107 0.429846 0.890648
1066.867573960000072 4.203379 8.829755 0.486935 -0.006974 0.147829 0.427617 0.891763
1066.900706012000001 4.298752 8.962314 0.473929 -0.007733 0.147403 0.425943 0.892628
1066.933878907999997 4.396547 9.098988 0.457377 -0.008710 0.147095 0.423453 0.893854
1066.967094115999998 4.490039 9.238474 0.437890 -0.008938 0.147387 0.420738 0.895085
1067.000225960000080 4.587564 9.387969 0.418675 -0.009332 0.147375 0.418540 0.896113
1067.033445388000018 4.694384 9.530314 0.400000 -0.009153 0.147557 0.417020 0.896793
1067.066618388000052 4.800634 9.670465 0.381522 -0.008714 0.147844 0.415867 0.897285
1067.099751387999959 4.895847 9.827975 0.368431 -0.009660 0.147358 0.414759 0.897868
1067.132969387999992 4.992122 9.968485 0.367929 -0.010708 0.146829 0.413984 0.898301
1067.166097440000158 5.104619 10.111171 0.360369 -0.012274 0.146553 0.413823 0.898400
1067.199276354000176 5.213548 10.251648 0.355191 -0.014236 0.146141 0.413916 0.898395
1067.232449511000141 5.324354 10.393932 0.351218 -0.016622 0.144834 0.413945 0.898552
1067.265621771000042 5.430507 10.523275 0.359151 -0.018852 0.143628 0.414052 0.898652
1067.298794302000033 5.553120 10.666450 0.327335 -0.020700 0.142026 0.414145 0.898824
1067.332077354000148 5.676473 10.809405 0.322357 -0.021833 0.141623 0.414271 0.898802
1067.365143771000021 5.797319 10.952342 0.327952 -0.022154 0.141663 0.414460 0.898701
1067.398314406000054 5.961535 11.179688 0.336301 -0.022417 0.142081 0.414478 0.898620
1067.431488563000130 6.108057 11.369457 0.354781 -0.022633 0.142487 0.414195 0.898681
1067.497832354000138 6.384299 11.661358 0.394697 -0.022895 0.142100 0.413749 0.898941
1067.531007563000003 6.523379 11.867301 0.386034 -0.022987 0.141326 0.413322 0.899257
1067.564180353999973 6.648005 11.990644 0.402633 -0.022858 0.141711 0.413377 0.899174
1067.597350406000032 6.777579 12.138107 0.409021 -0.023054 0.141849 0.413271 0.899196
1067.663698614000168 6.932894 12.358398 0.479806 -0.024152 0.141451 0.414053 0.898871
1067.696870354000112 7.179697 12.596605 0.443512 -0.024780 0.140521 0.415298 0.898425
1067.730083407000166 7.308547 12.717845 0.445239 -0.026722 0.139622 0.416397 0.898001
1067.763221992000126 7.432646 12.840970 0.452453 -0.028947 0.138676 0.417620 0.897510
1067.796394991000170 7.547654 12.945247 0.461695 -0.032131 0.137268 0.419346 0.896813
1067.862741887000084 7.814171 13.212288 0.474635 -0.038632 0.134360 0.423276 0.895149
1067.895915564000006 7.933341 13.334580 0.480449 -0.043677 0.131947 0.426270 0.893855
1067.962260408000020 8.207407 13.609908 0.492101 -0.053937 0.126884 0.433570 0.890510
1068.028689512000028 8.480634 13.881001 0.500636 -0.064341 0.121638 0.443123 0.885836
1068.094995398000037 8.764198 14.193491 0.510250 -0.072588 0.118002 0.453569 0.880387
1068.128126887000008 8.925116 14.359170 0.515454 -0.074980 0.115920 0.460021 0.877109
1068.161299450000115 9.074759 14.534327 0.512216 -0.077091 0.114414 0.466664 0.873608
1068.194473554000069 9.183453 14.625939 0.501677 -0.079391 0.113017 0.474264 0.869482
1068.227674299000000 9.324001 14.731579 0.480664 -0.081370 0.110875 0.482161 0.865220
1068.260962830000153 9.437563 14.983187 0.499807 -0.083101 0.108594 0.490625 0.860575
1068.293996882000101 9.571326 15.161576 0.481132 -0.085495 0.107742 0.499219 0.855490
1068.327308829999993 9.712188 15.320085 0.477461 -0.087815 0.105946 0.508344 0.850089
1068.360453143000086 9.869708 15.469161 0.467382 -0.090483 0.104008 0.517559 0.844469
1068.393522416999986 10.007252 15.632077 0.468081 -0.094408 0.101637 0.527899 0.837902
1068.426782573000082 10.143674 15.786602 0.462025 -0.099046 0.098334 0.538750 0.830824
1068.459960417000048 10.288077 15.962186 0.455960 -0.103590 0.095347 0.550311 0.823004
1068.493042366000054 10.431591 16.112175 0.423813 -0.108424 0.091634 0.562064 0.814820
1068.559405261000165 10.707122 16.455419 0.417624 -0.119895 0.084173 0.587106 0.796145
1068.592667067000093 10.843399 16.606342 0.428619 -0.125792 0.079658 0.600863 0.785363
1068.625740119000056 10.976210 16.787038 0.419097 -0.132078 0.074434 0.614261 0.774402
1068.658914118999974 11.134397 16.938117 0.436618 -0.139083 0.069070 0.626293 0.763965
1068.692086223000160 11.273076 17.102701 0.457591 -0.145734 0.062306 0.639201 0.752530
1068.725258119000046 11.400968 17.295130 0.452078 -0.153667 0.056013 0.653380 0.739151
1068.791613478000045 11.645333 17.601893 0.463862 -0.167089 0.044561 0.679345 0.713152
1068.824787634000131 11.781285 17.799022 0.463378 -0.173382 0.039384 0.691761 0.699896
1068.858033530000057 11.888418 17.998168 0.469357 -0.178515 0.035404 0.703976 0.686510
1068.891173634000097 12.025880 18.176494 0.471776 -0.184335 0.030851 0.716188 0.672416
1068.924304791000168 12.161546 18.359032 0.459259 -0.190045 0.025637 0.728534 0.657620
1068.957559610000089 12.296473 18.577023 0.448815 -0.197561 0.020585 0.739931 0.642688
1069.023830714000042 12.482483 18.954314 0.417958 -0.210398 0.008703 0.762919 0.611237
1069.057082506000143 12.586446 19.200268 0.406618 -0.217014 0.001923 0.774417 0.594290
1069.090177506000146 12.683392 19.361451 0.363907 -0.221850 -0.004942 0.786130 0.576852
1069.123350506000179 12.771366 19.552471 0.401351 -0.227997 -0.012119 0.796927 0.559266
1069.156539558000077 12.865003 19.805557 0.312355 -0.233947 -0.020032 0.808181 0.540104
1069.189696454000114 12.950214 19.992503 0.290545 -0.239891 -0.026494 0.818321 0.521633
1069.222869610000089 13.046135 20.211627 0.272666 -0.246225 -0.033414 0.827549 0.503407
1069.256120610000153 13.146519 20.433602 0.247418 -0.251362 -0.041548 0.836471 0.485188
1069.289214558000140 13.247733 20.734000 0.209058 -0.256730 -0.049396 0.844238 0.467880
1069.355606445000149 13.364146 21.056834 0.194919 -0.266414 -0.065287 0.858705 0.432883
1069.388781340000151 13.406367 21.231697 0.188922 -0.272149 -0.073363 0.864740 0.415664
1069.455158340000025 13.471474 21.656791 0.136731 -0.285061 -0.091748 0.874440 0.381677
1069.488300444000060 13.568386 21.898031 0.117613 -0.287107 -0.098313 0.881093 0.362739
1069.554687340000100 13.607127 22.283084 0.062271 -0.291452 -0.114695 0.890869 0.329017
1069.587848653000037 13.624242 22.486799 0.040269 -0.294357 -0.121692 0.894846 0.312724
1069.620949653000025 13.626801 22.680638 0.008901 -0.296184 -0.125842 0.898829 0.297565
1069.654163496000137 13.639209 22.857772 0.028703 -0.297970 -0.129353 0.902452 0.282953
1069.687337547999959 13.668136 23.059438 0.040248 -0.298198 -0.130634 0.906727 0.268064
1069.720517444000052 13.629577 23.293658 -0.064401 -0.296029 -0.130548 0.911547 0.253782
1069.786818445000108 13.568003 23.678998 -0.162351 -0.288326 -0.123545 0.922397 0.225364
1069.819990340000004 13.541041 23.899197 -0.206094 -0.282603 -0.118595 0.928007 0.211835
1069.853244340000174 13.517074 24.126443 -0.237313 -0.277860 -0.115227 0.932882 0.198110
1069.886383288000161 13.470434 24.334292 -0.277142 -0.273546 -0.112090 0.937065 0.185792
1069.919553444000030 13.412798 24.510519 -0.309138 -0.269177 -0.109343 0.940813 0.174523
1069.952680392000048 13.373885 24.654191 -0.306737 -0.265284 -0.107006 0.944251 0.162982
1069.985853443999986 13.292754 24.843176 -0.357929 -0.261402 -0.105056 0.947327 0.152324
1070.019026444000019 13.234290 25.002776 -0.380575 -0.258214 -0.102292 0.950021 0.142556
1070.052199340000016 13.126069 25.174648 -0.453998 -0.256817 -0.097709 0.952272 0.132953
1070.085411496999996 13.019650 25.347953 -0.483921 -0.254285 -0.094321 0.954415 0.124640
1070.118584392000002 12.927559 25.516380 -0.516753 -0.250639 -0.089596 0.956764 0.117281
1070.151717340000005 12.821515 25.687175 -0.564384 -0.247726 -0.083797 0.958730 0.111565
1070.185024340000155 12.736239 25.831302 -0.587553 -0.245072 -0.077963 0.960571 0.105668
1070.218063444000109 12.633387 25.975039 -0.622686 -0.241622 -0.072814 0.962349 0.101007
1070.251236548000179 12.521648 26.109646 -0.646894 -0.238910 -0.067679 0.963856 0.096559
1070.284457497000176 12.413851 26.244269 -0.672262 -0.235586 -0.062564 0.965451 0.092135
1070.317622444000108 12.299159 26.384748 -0.728132 -0.232084 -0.057401 0.967036 0.087652
1070.350757392000105 12.164051 26.530588 -0.765470 -0.229067 -0.054104 0.968195 0.084846
1070.383929392000027 12.038533 26.680658 -0.793143 -0.225607 -0.050785 0.969419 0.082152
1070.417233392000071 11.910468 26.819262 -0.820715 -0.222915 -0.048115 0.970371 0.079836
1070.450276444000110 11.756016 26.953583 -0.858180 -0.220756 -0.046005 0.971106 0.078119
1070.483447444000149 11.620785 27.086534 -0.885224 -0.219289 -0.044524 0.971665 0.076138
1070.516621392000161 11.470931 27.224604 -0.915464 -0.217573 -0.042588 0.972287 0.074197
1070.549794549000126 11.319387 27.363722 -0.944813 -0.214266 -0.039395 0.973249 0.072965
1070.583056548000059 11.175424 27.496944 -0.968173 -0.210785 -0.034784 0.974289 0.071554
1070.616141288000108 11.018413 27.625532 -0.999884 -0.206999 -0.030186 0.975386 0.069728
1070.649313392000067 10.858544 27.755329 -1.025113 -0.203252 -0.025601 0.976464 0.067469
1070.682486339999969 10.686932 27.876041 -1.057582 -0.200717 -0.021700 0.977245 0.065070
1070.715677497000115 10.505157 27.993241 -1.094906 -0.198324 -0.018918 0.977958 0.062510
1070.748872340000162 10.339674 28.108569 -1.122010 -0.195877 -0.017285 0.978690 0.059159
1070.782005391999974 10.156504 28.218461 -1.138777 -0.193487 -0.016578 0.979376 0.055765
1070.815178340000102 9.984524 28.341141 -1.153770 -0.191067 -0.016324 0.980073 0.051803
1070.848350340000025 9.801770 28.449958 -1.165859 -0.189858 -0.016038 0.980500 0.048128
1070.881658391999963 9.626026 28.547188 -1.176608 -0.189376 -0.015301 0.980761 0.044831
1070.914698287999954 9.439702 28.671588 -1.163957 -0.189461 -0.013658 0.980924 0.041300
1070.947869912999977 9.241762 28.803842 -1.190078 -0.189924 -0.012916 0.980993 0.037608
1070.981043495999984 9.065431 28.906217 -1.192813 -0.190168 -0.011729 0.981102 0.033720
1071.014330340000015 8.906953 28.993059 -1.187470 -0.190320 -0.010891 0.981197 0.030186
1071.047389340000109 8.780018 29.057987 -1.182191 -0.190228 -0.010197 0.981333 0.026350
1071.080562652000026 8.550555 29.185532 -1.203797 -0.190045 -0.009982 0.981477 0.022061
1071.113736340000059 8.336333 29.282519 -1.202424 -0.190262 -0.009014 0.981532 0.017715
1071.146909340000093 8.109756 29.396077 -1.226500 -0.190820 -0.007723 0.981506 0.013175
1071.180081288000110 7.903328 29.488605 -1.238418 -0.190608 -0.006227 0.981607 0.008748
1071.213327288000073 7.686097 29.593004 -1.253532 -0.190263 -0.004864 0.981713 0.004009
1071.246474391999982 7.471732 29.691316 -1.251602 -0.190685 -0.003800 0.981643 -0.001073
1071.279639287999998 7.265138 29.793594 -1.235892 -0.191098 -0.002543 0.981548 -0.006143
1071.312814340000159 7.043360 29.896537 -1.251136 -0.191352 -0.001979 0.981454 -0.011339
1071.345946339999955 6.824805 30.001852 -1.249353 -0.191602 -0.001504 0.981323 -0.017098
1071.379192288000013 6.600697 30.106399 -1.230838 -0.192303 -0.001654 0.981052 -0.023533
1071.412293340000133 6.392243 30.204318 -1.228325 -0.192654 -0.002849 0.980817 -0.029584
1071.445465444000092 6.163354 30.306329 -1.217229 -0.192505 -0.005239 0.980630 -0.035762
1071.478681391999999 5.925889 30.393325 -1.284116 -0.191813 -0.009471 0.980520 -0.041203
1071.511811392000027 5.636648 30.513563 -1.303991 -0.191743 -0.012585 0.980246 -0.046836
1071.544982288000028 5.403288 30.643496 -1.279363 -0.191779 -0.015975 0.979873 -0.053056
1071.578157339999962 5.166123 30.769815 -1.265835 -0.191751 -0.020127 0.979453 -0.059139
1071.611330288000090 4.939217 30.876207 -1.259222 -0.191720 -0.024924 0.978936 -0.065627
1071.644503392000161 4.722928 30.971359 -1.261035 -0.191092 -0.029924 0.978452 -0.072257
1071.677687288000016 4.490055 31.057483 -1.261527 -0.190133 -0.035118 0.977951 -0.078922
1071.710889339999994 4.245378 31.134556 -1.268738 -0.189543 -0.040206 0.977332 -0.085312
1071.744021444000055 4.023496 31.216027 -1.257122 -0.188885 -0.044835 0.976678 -0.091718
1071.777194393000173 3.789393 31.286341 -1.244769 -0.188375 -0.049853 0.975922 -0.098009
1071.810369340000079 3.550182 31.345131 -1.257395 -0.187788 -0.054408 0.975121 -0.104468
1071.843584444000044 3.303263 31.418997 -1.262384 -0.187421 -0.058862 0.974238 -0.110768
1071.876759495999977 3.037019 31.467452 -1.276521 -0.186780 -0.062904 0.973351 -0.117239
1071.909927444999994 2.811242 31.537147 -1.274362 -0.186052 -0.067301 0.972434 -0.123399
1071.943100653000101 2.609008 31.620664 -1.273381 -0.186036 -0.070926 0.971341 -0.129837
1071.976232444000061 2.379850 31.691164 -1.271614 -0.185403 -0.074716 0.970225 -0.136771
1072.009445496000126 2.130727 31.751230 -1.270523 -0.185320 -0.078388 0.969027 -0.143174
1072.042618339999990 1.879090 31.803404 -1.282639 -0.184777 -0.082435 0.967807 -0.149702
1072.075795632000109 1.647926 31.853112 -1.298532 -0.182163 -0.087476 0.966682 -0.157131
1072.108971652000037 1.405767 31.898000 -1.321716 -0.181058 -0.092447 0.965262 -0.164135
1072.142142892000038 1.154680 31.942283 -1.336373 -0.179777 -0.097173 0.963816 -0.171162
1072.175271340000108 0.897946 31.983897 -1.345196 -0.179145 -0.101981 0.962158 -0.178209
1072.208444288000010 0.644986 32.026745 -1.353629 -0.178120 -0.106538 0.960476 -0.185497
1072.241663340000059 0.387662 32.070980 -1.356022 -0.177289 -0.111325 0.958639 -0.192838
1072.274830287999976 0.146287 32.141052 -1.334559 -0.176837 -0.116294 0.956699 -0.199829
1072.307963288000110 -0.136161 32.151707 -1.357340 -0.176592 -0.120523 0.954764 -0.206677
1072.341136340000048 -0.405459 32.197734 -1.377658 -0.175900 -0.125130 0.952631 -0.214235
1072.374309391999986 -0.663872 32.239824 -1.407718 -0.176267 -0.129639 0.950242 -0.221728
1072.407482287999983 -0.925106 32.290440 -1.427016 -0.175871 -0.132185 0.947997 -0.229995
1072.440657392000048 -1.195184 32.334693 -1.449780 -0.176110 -0.134845 0.945391 -0.238824
1072.473827341000060 -1.467395 32.372814 -1.481345 -0.175429 -0.136897 0.942605 -0.248955
1072.507001496000157 -1.720952 32.400360 -1.506800 -0.175187 -0.138762 0.939622 -0.259162
1072.540173445000164 -1.988834 32.418806 -1.540439 -0.175366 -0.140554 0.936409 -0.269499
1072.573351902000013 -2.245490 32.442710 -1.564661 -0.175463 -0.142222 0.933106 -0.279819
1072.606519861000152 -2.508041 32.445716 -1.592601 -0.175253 -0.143951 0.929602 -0.290524
1072.639740142000164 -2.770025 32.452801 -1.617913 -0.174660 -0.145232 0.926133 -0.301130
1072.672947391999969 -3.028377 32.453364 -1.642655 -0.174862 -0.146770 0.922329 -0.311754
1072.706038913000157 -3.293031 32.438783 -1.660738 -0.174273 -0.148778 0.918661 -0.321803
1072.739260121000143 -3.552743 32.431252 -1.697249 -0.174277 -0.150549 0.915012 -0.331234
1072.772528444000045 -3.823495 32.417445 -1.714623 -0.174264 -0.152543 0.911202 -0.340696
1072.805660652000142 -4.087243 32.415292 -1.755826 -0.175109 -0.154927 0.906978 -0.350322
1072.838854548999961 -4.345676 32.407125 -1.789573 -0.175469 -0.156938 0.902729 -0.360085
1072.871907444000044 -4.621022 32.383748 -1.829741 -0.175384 -0.158731 0.898348 -0.370158
1072.905198496000139 -4.896224 32.362564 -1.867302 -0.175488 -0.160152 0.893693 -0.380615
1072.938374912999961 -5.176785 32.330401 -1.899291 -0.175395 -0.161100 0.888973 -0.391165
1073.004691278000109 -5.718415 32.259464 -1.964294 -0.175301 -0.163854 0.878690 -0.412704
1073.037874120999959 -5.993047 32.225080 -2.005923 -0.174891 -0.165491 0.873423 -0.423270
1073.071078276999970 -6.260507 32.171801 -2.038279 -0.174462 -0.166704 0.868127 -0.433737
1073.104122059000019 -6.518280 32.118396 -2.065760 -0.174034 -0.168502 0.862716 -0.443893
1073.137398069000028 -6.770250 32.080268 -2.102306 -0.173309 -0.169503 0.857321 -0.454130
1073.170506851000027 -7.041315 32.017281 -2.133080 -0.173062 -0.170774 0.851818 -0.463995
1073.203636017999997 -7.278041 31.957022 -2.156358 -0.172726 -0.172378 0.846156 -0.473784
1073.236811913000111 -7.526132 31.885457 -2.180571 -0.172569 -0.173686 0.840457 -0.483409
1073.303156392000119 -8.038193 31.735966 -2.217142 -0.170076 -0.178322 0.829147 -0.501788
1073.336326444000179 -8.315145 31.629437 -2.254287 -0.168221 -0.181098 0.823611 -0.510461
1073.402677340000082 -8.705444 31.619610 -2.235953 -0.164036 -0.186032 0.810220 -0.531063
1073.435849340000004 -9.100658 31.359791 -2.318791 -0.161681 -0.187546 0.802741 -0.542488
1073.469019393000053 -9.378316 31.263984 -2.333342 -0.156637 -0.190277 0.794882 -0.554456
1073.502194339999960 -9.605041 31.171788 -2.305079 -0.152807 -0.193842 0.786177 -0.566569
1073.535454547999962 -9.893106 30.984291 -2.408615 -0.148157 -0.196769 0.776742 -0.579658
1073.568540058000053 -10.132705 30.815098 -2.449969 -0.144643 -0.201518 0.766836 -0.591973
1073.601716120999981 -10.364425 30.660211 -2.469905 -0.140253 -0.204985 0.757296 -0.603998
1073.635011287999987 -10.592775 30.516770 -2.479307 -0.135304 -0.208378 0.746869 -0.616812
1073.701229340000054 -11.063320 30.231552 -2.509237 -0.124743 -0.215115 0.724708 -0.642622
1073.734458392000079 -11.285068 30.075344 -2.516645 -0.119358 -0.218080 0.712956 -0.655659
1073.800750496000092 -11.730444 29.767786 -2.538379 -0.109065 -0.224058 0.689349 -0.680222
1073.833920756999987 -11.942933 29.579371 -2.556283 -0.103300 -0.227368 0.677251 -0.692073
1073.900269705000028 -12.390489 29.234515 -2.563950 -0.092534 -0.233896 0.650919 -0.716265
1073.933573913000146 -12.585289 29.041080 -2.596549 -0.087082 -0.236311 0.638257 -0.727463
1073.999787653000112 -12.983493 28.674413 -2.616368 -0.076774 -0.241567 0.609931 -0.750823
1074.066136174000121 -13.332802 28.302768 -2.675665 -0.067962 -0.246060 0.578603 -0.774632
1074.099305288000096 -13.475190 28.099135 -2.692055 -0.063490 -0.247901 0.561810 -0.786691
1074.132525392000161 -13.634039 27.877489 -2.706698 -0.058493 -0.249375 0.543402 -0.799441
1074.165681069000129 -13.800579 27.670348 -2.714943 -0.053153 -0.251138 0.525003 -0.811466
1074.198830090999991 -13.958699 27.464364 -2.716061 -0.048169 -0.252187 0.505972 -0.823452
1074.231997288000002 -14.136205 27.310964 -2.666409 -0.043182 -0.254049 0.486229 -0.834971
1074.265170340000168 -14.295337 27.121586 -2.662219 -0.037987 -0.255740 0.466008 -0.846162
1074.298344392999979 -14.385524 26.893796 -2.724457 -0.032533 -0.256071 0.445577 -0.857222
1074.331516340000007 -14.505407 26.687928 -2.730338 -0.027247 -0.255916 0.424918 -0.867876
1074.364688288000025 -14.619235 26.476766 -2.730551 -0.021783 -0.256097 0.403571 -0.878106
1074.397862340000074 -14.733909 26.266898 -2.724648 -0.017309 -0.257051 0.382546 -0.887290
1074.431110393000154 -14.838660 26.051265 -2.727178 -0.011924 -0.257352 0.361714 -0.895986
1074.464251443999956 -14.931116 25.845376 -2.716033 -0.006295 -0.258214 0.340979 -0.903891
1074.497421288000169 -15.011459 25.636900 -2.715189 -0.000569 -0.257672 0.320948 -0.911371
1074.530625392000047 -15.091746 25.426367 -2.716767 0.006527 -0.256611 0.301002 -0.918426
1074.563773340000125 -15.161735 25.216460 -2.712275 0.012781 -0.256466 0.281664 -0.924515
1074.596900288000143 -15.224952 25.018802 -2.708887 0.019021 -0.255850 0.262715 -0.930140
1074.630113445000006 -15.282684 24.815284 -2.708120 0.024798 -0.255401 0.243791 -0.935265
1074.663289497000051 -15.347787 24.626785 -2.702461 0.030444 -0.255217 0.225799 -0.939655
1074.696459444000084 -15.400228 24.420402 -2.698782 0.035722 -0.255893 0.207319 -0.943537
1074.729678339999964 -15.447874 24.206307 -2.692671 0.041463 -0.256490 0.188054 -0.947169
1074.762765445000014 -15.496143 23.996596 -2.691619 0.048074 -0.256098 0.170594 -0.950263
1074.796011392000082 -15.538602 23.801223 -2.687912 0.055524 -0.254859 0.154304 -0.952971
1074.829193496000016 -15.572102 23.602818 -2.697427 0.061758 -0.254083 0.138437 -0.955229
1074.862284340000087 -15.598170 23.403454 -2.687258 0.067388 -0.253579 0.123975 -0.956967
1074.895456497000168 -15.612716 23.200037 -2.678650 0.073210 -0.253421 0.110376 -0.958246
1074.928631288000133 -15.621080 23.007702 -2.662936 0.078899 -0.253703 0.098147 -0.959050
1074.961806288000162 -15.614361 22.809198 -2.648769 0.084485 -0.254707 0.086682 -0.959413
1074.995049288000018 -15.603276 22.596388 -2.648287 0.088502 -0.255348 0.076416 -0.959753
1075.028235444000074 -15.585337 22.413323 -2.639449 0.091972 -0.257210 0.068034 -0.959560
1075.061322288000156 -15.575640 22.235325 -2.625599 0.095697 -0.258322 0.060672 -0.959391
1075.094495391999999 -15.549415 22.056698 -2.621295 0.099918 -0.259168 0.053088 -0.959182
1075.127708444000064 -15.519282 21.879879 -2.613345 0.104409 -0.260032 0.046241 -0.958824
1075.160916445000112 -15.485677 21.707870 -2.610669 0.108932 -0.260643 0.040054 -0.958433
1075.194014288000062 -15.458571 21.545265 -2.593174 0.114481 -0.260630 0.033321 -0.958048
1075.227186444000154 -15.418188 21.372003 -2.594525 0.119811 -0.260822 0.026042 -0.957569
1075.260361392000050 -15.382258 21.198458 -2.585218 0.124537 -0.260776 0.019274 -0.957139
1075.326750339999990 -15.276419 20.897240 -2.605880 0.129865 -0.261252 0.006778 -0.956471
1075.359879392000039 -15.198828 20.756452 -2.607223 0.132171 -0.261720 0.000897 -0.956051
1075.393051288000152 -15.127723 20.617136 -2.592210 0.132659 -0.261722 -0.004136 -0.955974
1075.426224497000021 -15.035948 20.473149 -2.592582 0.130586 -0.262398 -0.008862 -0.956042
1075.459397340000123 -14.954211 20.337413 -2.582723 0.128281 -0.262610 -0.012422 -0.956256
1075.492572340000152 -14.868355 20.205807 -2.571510 0.125645 -0.262778 -0.015278 -0.956518
1075.558956340000123 -14.668853 19.946338 -2.554264 0.121440 -0.262121 -0.018274 -0.957189
1075.592160496000133 -14.564758 19.831041 -2.550000 0.120299 -0.260780 -0.017663 -0.957711
1075.625352288000158 -14.464964 19.722333 -2.541227 0.118649 -0.259851 -0.016149 -0.958196
1075.658529444000123 -14.351451 19.592642 -2.541715 0.117261 -0.258927 -0.014952 -0.958636
1075.691650757000161 -14.249667 19.493997 -2.538836 0.116619 -0.258764 -0.012314 -0.958796
1075.757956600000171 -14.030632 19.292472 -2.516454 0.113987 -0.257327 -0.009304 -0.959533
1075.791129392000130 -13.893584 19.187072 -2.521096 0.111749 -0.257332 -0.007488 -0.959810
1075.824300496999967 -13.777197 19.083601 -2.520426 0.108084 -0.257028 -0.005777 -0.960324
1075.890725548000091 -13.507396 18.895834 -2.502681 0.099099 -0.255532 -0.002220 -0.961706
1075.923820444000057 -13.374192 18.798953 -2.529988 0.093406 -0.254493 -0.000174 -0.962553
1075.990166601000055 -13.067881 18.630644 -2.498059 0.084125 -0.254887 0.002221 -0.963302
1076.023338288000105 -12.901230 18.545259 -2.487330 0.079303 -0.255049 0.002512 -0.963667
1076.056512288000022 -12.721586 18.481366 -2.469236 0.074818 -0.255150 0.002500 -0.963999
1076.122858339999993 -12.347795 18.357854 -2.424899 0.065810 -0.255611 0.001716 -0.964536
1076.156031340000027 -12.152358 18.302255 -2.400908 0.060843 -0.255517 0.000224 -0.964888
1076.189247340000065 -11.955144 18.240184 -2.377674 0.056485 -0.255233 -0.001722 -0.965227
1076.255590340000026 -11.566726 18.119515 -2.310670 0.048483 -0.255757 -0.005164 -0.965511
1076.288722340000049 -11.403201 18.033389 -2.265248 0.045659 -0.255501 -0.007352 -0.965702
1076.321969287999991 -11.206968 17.964662 -2.236997 0.043518 -0.255429 -0.008833 -0.965808
1076.355069392000132 -10.971090 17.910187 -2.221363 0.042003 -0.255465 -0.010765 -0.965845
1076.421538392000002 -10.546807 17.793329 -2.171174 0.039620 -0.254418 -0.014474 -0.966174
1076.454588705000106 -10.335925 17.714848 -2.132214 0.039387 -0.252946 -0.016147 -0.966544
1076.487762340000018 -10.120714 17.640278 -2.090212 0.038124 -0.251355 -0.017932 -0.966977
1076.520974340000066 -9.892067 17.576209 -2.051038 0.037500 -0.249576 -0.018745 -0.967447
1076.554107339999973 -9.656302 17.514343 -2.003801 0.037282 -0.247125 -0.020010 -0.968059
1076.587281340000118 -9.419693 17.451051 -1.949757 0.037695 -0.245355 -0.020903 -0.968475
1076.620453392000172 -9.176933 17.398919 -1.903516 0.037445 -0.244129 -0.021433 -0.968782
1076.653626340000073 -8.933453 17.348915 -1.852028 0.037315 -0.242544 -0.021916 -0.969175
1076.686799340000107 -8.675249 17.302463 -1.814058 0.036473 -0.240197 -0.022005 -0.969789
1076.719971392000161 -8.443300 17.235277 -1.749577 0.036009 -0.237639 -0.021867 -0.970439
1076.753150288000143 -8.176158 17.156268 -1.667129 0.035635 -0.234557 -0.022190 -0.971195
1076.786318339999980 -7.922352 17.082275 -1.608156 0.035566 -0.232264 -0.021916 -0.971755
1076.819521340000165 -7.649706 17.024979 -1.573957 0.034968 -0.229750 -0.021938 -0.972374
1076.852704392000078 -7.381082 16.966154 -1.522052 0.034322 -0.227510 -0.021626 -0.972930
1076.885842339999954 -7.119228 16.935137 -1.473546 0.033710 -0.225525 -0.021078 -0.973426
1076.919010236000076 -6.876677 16.918946 -1.431914 0.033757 -0.224002 -0.021036 -0.973777
1076.952182444000073 -6.624123 16.886834 -1.387886 0.033732 -0.222162 -0.020561 -0.974209
1076.985395288000063 -6.375946 16.846938 -1.335207 0.033828 -0.219843 -0.020344 -0.974736
1077.018568340000002 -6.108501 16.806851 -1.281114 0.033531 -0.217885 -0.020080 -0.975192
1077.051711444000148 -5.824749 16.757348 -1.230579 0.033981 -0.214302 -0.018671 -0.975998
1077.084915288000047 -5.545956 16.709324 -1.187351 0.034593 -0.211856 -0.018310 -0.976517
1077.118048340000087 -5.264311 16.664388 -1.132571 0.034809 -0.210688 -0.018167 -0.976764
1077.151221287999988 -4.980863 16.614308 -1.081136 0.034831 -0.210255 -0.017518 -0.976869
1077.184394392000058 -4.695095 16.578478 -1.031064 0.036089 -0.210166 -0.016321 -0.976863
1077.217567288000055 -4.417211 16.547440 -0.987223 0.036816 -0.209848 -0.016181 -0.976907
1077.250742339999988 -4.163154 16.507118 -0.914295 0.037861 -0.209880 -0.016442 -0.976855
1077.283953340000153 -3.855349 16.477834 -0.908275 0.039165 -0.210257 -0.017892 -0.976698
1077.317127601000038 -3.570795 16.441048 -0.867858 0.040457 -0.209697 -0.019931 -0.976726
1077.350258445000009 -3.275246 16.399386 -0.826168 0.042585 -0.208619 -0.023905 -0.976777
1077.383455393000077 -2.995239 16.362872 -0.781982 0.043790 -0.207671 -0.029611 -0.976769
1077.416606495999986 -2.697635 16.328064 -0.741316 0.046316 -0.207120 -0.035678 -0.976567
1077.449778339999966 -2.405744 16.289702 -0.704258 0.048037 -0.206321 -0.044027 -0.976312
1077.482950340000116 -2.116912 16.259883 -0.657288 0.050062 -0.206098 -0.054266 -0.975742
1077.516124444000070 -1.811534 16.228599 -0.620848 0.051573 -0.205776 -0.066158 -0.974997
1077.549382339999966 -1.469572 16.180695 -0.572041 0.052459 -0.205857 -0.079081 -0.973970
1077.582469288000084 -1.120880 16.100328 -0.507669 0.053733 -0.205666 -0.092257 -0.972781
1077.615673391999962 -0.787913 16.041178 -0.453098 0.055916 -0.205567 -0.105283 -0.971355
1077.648915495999972 -0.459597 15.986859 -0.396756 0.058320 -0.204684 -0.117298 -0.970023
1077.715166840000165 0.148151 15.939407 -0.291422 0.062729 -0.203911 -0.138650 -0.967089
1077.748421445000076 0.434690 15.933695 -0.246178 0.065220 -0.203218 -0.148220 -0.965650
1077.781559341000047 0.741417 15.940498 -0.233259 0.067279 -0.202918 -0.156985 -0.964186
1077.847864496000057 1.223736 15.788980 -0.106649 0.075683 -0.203603 -0.172408 -0.960777
1077.881033757000068 1.647630 15.942801 -0.083351 0.080450 -0.204002 -0.177890 -0.959305
1077.914201600000069 1.962328 15.952887 -0.070976 0.083897 -0.203618 -0.185151 -0.957716
1077.947376393000013 2.263666 15.956506 -0.036409 0.089046 -0.202380 -0.190835 -0.956397
1077.980552392000163 2.580756 15.968521 -0.009441 0.095399 -0.200726 -0.195430 -0.955204
1078.013832288000003 2.898980 15.983631 0.035704 0.102645 -0.198522 -0.199936 -0.953980
1078.047016392000160 3.224471 15.993683 0.070099 0.109102 -0.197175 -0.204168 -0.952646
1078.080067444000179 3.553865 16.003148 0.100835 0.115369 -0.195104 -0.208678 -0.951356
1078.113282288000164 3.869669 16.011708 0.131975 0.122464 -0.193249 -0.213356 -0.949809
1078.146414236000055 4.170305 16.017776 0.169246 0.129792 -0.190876 -0.218487 -0.948148
1078.212867340000003 4.786215 16.064154 0.228709 0.144979 -0.185625 -0.232183 -0.943724
1078.245936340000071 5.103048 16.089148 0.264782 0.152647 -0.181288 -0.239629 -0.941494
1078.279111287999967 5.422500 16.127045 0.298082 0.160546 -0.176549 -0.247852 -0.938949
1078.312279173999968 5.728324 16.175786 0.347923 0.170660 -0.170681 -0.255827 -0.936107
1078.378623693999998 6.342911 16.250018 0.415041 0.186560 -0.161639 -0.273868 -0.929551
1078.411797277000005 6.660390 16.299686 0.437986 0.195376 -0.158015 -0.282561 -0.925753
1078.478234704999977 7.295635 16.399698 0.499762 0.213117 -0.149387 -0.301139 -0.917377
1078.544489861000102 7.960762 16.525677 0.564206 0.230658 -0.140488 -0.319013 -0.908455
1078.610917495999956 8.608308 16.685379 0.631691 0.248358 -0.129930 -0.338230 -0.898352
1078.710449756000116 9.607370 16.850063 0.727950 0.277847 -0.117286 -0.366735 -0.880085
1078.776706167000157 10.234985 17.126315 0.789044 0.295144 -0.106923 -0.385239 -0.867783
1078.809888376000117 10.638773 17.265540 0.812690 0.304206 -0.102102 -0.394708 -0.860953
1078.876223594000066 11.277046 17.539782 0.810901 0.321261 -0.092213 -0.414842 -0.846282
1078.909433865999972 11.481740 17.611639 0.875463 0.329997 -0.086999 -0.424810 -0.838492
1078.942611022000165 11.754541 17.726684 0.892035 0.336661 -0.082072 -0.435152 -0.831003
1078.975745217000167 11.983381 17.858012 0.917256 0.346327 -0.076978 -0.444211 -0.822684
1079.008918373000142 12.245442 18.003470 0.931177 0.355157 -0.072310 -0.454237 -0.813820
1079.042091425000081 12.498963 18.154955 0.946847 0.362234 -0.068297 -0.464526 -0.805194
1079.075264477000019 12.760374 18.329792 0.950900 0.369076 -0.064561 -0.474794 -0.796357
1079.108439363000116 12.997453 18.475621 0.985239 0.375599 -0.061410 -0.485544 -0.787021
1079.141654539999990 13.255807 18.636680 1.011504 0.382657 -0.057894 -0.496375 -0.777067
1079.207960966999963 13.737484 18.970003 1.032706 0.395233 -0.050324 -0.517383 -0.757346
1079.241134123000165 13.998844 19.152089 1.025390 0.400461 -0.046860 -0.527194 -0.747999
1079.274383915000044 14.238125 19.323816 1.025899 0.403248 -0.042491 -0.537150 -0.739632
1079.307479967000063 14.483981 19.519199 1.040377 0.408600 -0.039747 -0.546014 -0.730298
1079.340657147999991 14.734196 19.730591 1.041782 0.413204 -0.036444 -0.554657 -0.721311
1079.407084668000152 15.063360 20.103943 1.087916 0.419641 -0.033020 -0.570030 -0.705604
1079.473481303999961 15.542093 20.626779 1.023470 0.422461 -0.031778 -0.582992 -0.693280
1079.539736147999974 15.889612 21.108691 1.030538 0.423304 -0.031429 -0.595539 -0.682026
1079.572909200000140 16.170591 21.439958 1.024544 0.425725 -0.030110 -0.600933 -0.675819
1079.606090279000000 16.344489 21.695289 1.030570 0.427394 -0.028896 -0.605709 -0.670534
1079.639220227000123 16.541710 21.955185 0.994965 0.427757 -0.027257 -0.611730 -0.664882
1079.705566331000000 16.832016 22.446375 0.962809 0.430877 -0.022408 -0.624273 -0.651250
1079.738816227000143 17.042736 22.741305 0.913800 0.432317 -0.019414 -0.631581 -0.643296
1079.771913488000109 17.219693 23.023571 0.867227 0.433370 -0.016489 -0.640287 -0.633996
1079.805093628000122 17.358683 23.306913 0.825457 0.434492 -0.014200 -0.648426 -0.624946
1079.838303681000070 17.489639 23.594153 0.788888 0.435622 -0.012420 -0.656860 -0.615316
1079.871517681000114 17.611861 23.858996 0.738237 0.433032 -0.011551 -0.667026 -0.606157
1079.937782889000118 17.794585 24.436969 0.674343 0.432845 -0.010856 -0.684531 -0.586468
1079.970957577000036 17.884554 24.738723 0.618665 0.431622 -0.010354 -0.693312 -0.576987
1080.004181249000112 17.937607 25.018597 0.578224 0.431100 -0.010306 -0.701635 -0.567234
1080.070520843000168 18.060732 25.624410 0.480279 0.429329 -0.009865 -0.718001 -0.547772
1080.103735634000031 18.081460 25.806185 0.485443 0.428248 -0.010718 -0.725230 -0.539008
1080.136914634000050 18.153764 26.194654 0.386488 0.423800 -0.010200 -0.734039 -0.530544
1080.170089634000078 18.171012 26.549819 0.336066 0.423675 -0.010820 -0.740557 -0.521496
1080.203285033000157 18.200359 26.882147 0.269001 0.422351 -0.009549 -0.747643 -0.512404
1080.269568511999978 18.229333 27.504401 0.150142 0.419401 -0.006690 -0.762721 -0.492255
1080.302699877000123 18.231567 27.826919 0.082783 0.417769 -0.003216 -0.770407 -0.481593
1080.335892877000106 18.217789 28.164064 0.034489 0.416070 0.000895 -0.778404 -0.470077
1080.369047980999994 18.218234 28.472938 -0.001377 0.414680 0.005494 -0.786079 -0.458356
1080.402226000000155 18.209811 28.826617 -0.075152 0.413586 0.010991 -0.793661 -0.446015
1080.468575894999958 18.170308 29.168551 -0.107591 0.409398 0.024275 -0.808867 -0.421352
1080.501771896000037 18.075630 29.742283 -0.227541 0.406836 0.031912 -0.815894 -0.409614
1080.534918583000035 18.036436 30.122247 -0.327442 0.405196 0.038527 -0.822636 -0.396991
1080.568089792000137 17.987203 30.446338 -0.370704 0.403296 0.045956 -0.829169 -0.384344
1080.601269276000039 17.935035 30.763224 -0.447131 0.401328 0.052745 -0.835756 -0.371033
1080.634443744000009 17.839141 31.072012 -0.494221 0.399791 0.061188 -0.842038 -0.356925
1080.667615744000159 17.747472 31.420484 -0.571351 0.398203 0.069325 -0.848399 -0.341829
1080.700829067000086 17.650852 31.747193 -0.676383 0.395993 0.077919 -0.854621 -0.326711
1080.767135067000027 17.512377 32.147071 -0.711862 0.392924 0.094983 -0.865736 -0.295110
1080.800310970000055 17.309628 32.625955 -0.831203 0.389840 0.103111 -0.871404 -0.279371
1080.866747481000175 17.100402 33.113058 -0.894032 0.384807 0.118845 -0.881149 -0.247744
1080.899901085000010 16.880098 33.460010 -1.071549 0.379749 0.125604 -0.886571 -0.232392
1080.966258033000031 16.691709 33.941054 -1.122616 0.374614 0.140727 -0.894599 -0.198880
1080.999351085000171 16.457907 34.230302 -1.205170 0.370519 0.146956 -0.898852 -0.182165
1081.032569228000057 16.191830 34.586186 -1.298707 0.366787 0.153767 -0.902758 -0.163862
1081.098875176000092 15.778021 35.139691 -1.387461 0.359119 0.167185 -0.909462 -0.126338
1081.132125228000177 15.653121 35.350836 -1.415674 0.355122 0.172207 -0.912608 -0.106675
1081.165352176000169 15.362507 35.658540 -1.518392 0.350183 0.177257 -0.915629 -0.087031
1081.198479176000092 15.093602 35.957804 -1.606509 0.345038 0.183595 -0.918012 -0.067053
1081.231699883000147 14.904535 36.149966 -1.617917 0.340537 0.189773 -0.919692 -0.046776
1081.297956830999965 14.462590 36.600994 -1.696603 0.331314 0.201171 -0.921802 -0.006521
1081.364264987000070 13.921692 37.049730 -1.785406 0.320487 0.208988 -0.923308 0.033385
1081.397436936000076 13.608556 37.268257 -1.890795 0.312467 0.211073 -0.924601 0.054091
1081.430684143999997 13.341018 37.448692 -1.942775 0.305693 0.213887 -0.924862 0.073716
1081.463786657000128 13.197273 37.523894 -1.912865 0.299990 0.216567 -0.924364 0.093044
1081.496971656000142 12.967801 37.710431 -1.956084 0.294034 0.218689 -0.923728 0.111562
1081.563305708000144 12.177723 38.130876 -2.056307 0.281115 0.223962 -0.921409 0.147720
1081.596524813000087 11.933239 38.301602 -2.140924 0.275018 0.223410 -0.920394 0.165313
1081.629650865000031 11.441767 38.462019 -2.181847 0.269193 0.225023 -0.918528 0.182227
1081.662825604000091 11.062028 38.650996 -2.214178 0.262071 0.225127 -0.917083 0.198985
1081.695996656000034 10.474101 38.797744 -2.225539 0.256594 0.226074 -0.914907 0.214463
1081.729169917000036 10.310537 38.990053 -2.174851 0.250510 0.226149 -0.912583 0.230853
1081.762345177000043 9.917247 38.989825 -2.274303 0.244285 0.225556 -0.910916 0.244297
1081.795555656000033 9.821908 39.050434 -2.208912 0.239329 0.225298 -0.908603 0.257688
1081.828729759999987 9.314836 39.179044 -2.254241 0.233909 0.225982 -0.906416 0.269498
1081.861862656000085 8.975773 39.189640 -2.258811 0.229276 0.225506 -0.904373 0.280515
1081.895075656000017 8.498989 39.145238 -2.226996 0.225411 0.224374 -0.902694 0.289812
1081.928250072000083 7.987790 39.284531 -2.143837 0.222547 0.220981 -0.901202 0.299125
1081.961381759999995 7.693603 39.340255 -2.163472 0.218368 0.219169 -0.899761 0.307751
1081.994594656000118 7.598379 39.245209 -2.148541 0.216239 0.219015 -0.898125 0.314079
1082.027767656000151 7.090881 39.287231 -2.190819 0.213424 0.218339 -0.896403 0.321310
1082.060940969000058 7.275156 39.262235 -2.142085 0.211256 0.216373 -0.895353 0.326950
1082.094114708000006 7.048483 39.399558 -2.324199 0.206107 0.221036 -0.892061 0.335990
1082.127245760000051 6.703622 39.491088 -2.410408 0.202922 0.221764 -0.890275 0.342130
1082.160418656000047 6.359381 39.536662 -2.432062 0.200806 0.222426 -0.888334 0.347945
1082.193591656000081 6.034947 39.575921 -2.472962 0.197903 0.223693 -0.886127 0.354364
1082.226765761000024 5.700024 39.606013 -2.478070 0.195529 0.224936 -0.883642 0.361039
1082.259944656000016 5.373537 39.617122 -2.483842 0.193409 0.225248 -0.881457 0.367274
1082.293152812000017 5.049983 39.604233 -2.496571 0.190602 0.224606 -0.879600 0.373533
1082.326328655999987 4.726344 39.575766 -2.491613 0.188194 0.225671 -0.877326 0.379414
1082.359456657000010 4.406809 39.529951 -2.491783 0.185833 0.227084 -0.874875 0.385348
1082.392630656000165 4.091704 39.501767 -2.485596 0.183085 0.228254 -0.872124 0.392148
1082.425843760000134 3.778597 39.459316 -2.472898 0.181261 0.230277 -0.868914 0.398881
1082.458975603999988 3.453775 39.407531 -2.483176 0.179104 0.232437 -0.865628 0.405688
1082.492147002000138 3.111213 39.361616 -2.452924 0.177238 0.234169 -0.862166 0.412821
1082.558492053000009 2.471263 39.236698 -2.428313 0.173762 0.237191 -0.854508 0.428211
1082.591665366000143 2.142199 39.169169 -2.435708 0.171148 0.239167 -0.850108 0.436834
1082.624837897000134 1.813533 39.090370 -2.429090 0.168021 0.239680 -0.845682 0.446256
1082.658010052999998 1.503918 39.003409 -2.424151 0.165894 0.242118 -0.840827 0.454828
1082.724352678000059 0.901395 38.806204 -2.405000 0.161462 0.245824 -0.831893 0.470589
1082.757604781000055 0.609113 38.684057 -2.396259 0.159653 0.248093 -0.827264 0.478116
1082.790698677000137 0.302064 38.552473 -2.379785 0.157517 0.249766 -0.822860 0.485496
1082.823871729000075 -0.000126 38.434630 -2.373503 0.154806 0.251871 -0.818720 0.492234
1082.857125886000176 -0.251957 38.350209 -2.304376 0.151398 0.255606 -0.814059 0.499050
1082.890217744999973 -0.561588 38.194304 -2.360873 0.148534 0.256493 -0.809782 0.506362
1082.923386058000006 -0.847588 38.043666 -2.344595 0.146328 0.259187 -0.805222 0.512863
1082.956640797000091 -1.130710 37.887731 -2.332062 0.144347 0.261928 -0.800828 0.518875
1082.989812849000145 -1.415405 37.737925 -2.311869 0.142024 0.264803 -0.796392 0.524850
1083.022906850000027 -1.710659 37.567072 -2.307560 0.139733 0.267692 -0.791947 0.530694
1083.056072325000059 -2.000794 37.394611 -2.300800 0.137133 0.270680 -0.787497 0.536448
1083.089335482000024 -2.287833 37.226337 -2.296433 0.134552 0.273884 -0.783271 0.541637
1083.155594044000054 -2.832929 36.886122 -2.284162 0.130701 0.279527 -0.775303 0.551078
1083.222030637999978 -3.253423 36.604974 -2.228068 0.129173 0.287239 -0.766174 0.560166
1083.255111273000011 -3.676056 36.314735 -2.340632 0.126837 0.288880 -0.761637 0.566012
1083.321452822000083 -4.282494 35.894052 -2.319453 0.123596 0.292598 -0.751287 0.578514
1083.387797811000155 -4.733825 35.646424 -2.230127 0.121665 0.296780 -0.739750 0.591514
1083.420970655000019 -5.136916 35.269134 -2.312118 0.120940 0.298150 -0.733874 0.598255
1083.454143656000042 -5.384930 35.038704 -2.378220 0.122563 0.299936 -0.726742 0.605692
1083.520614187000092 -5.812843 34.610746 -2.392558 0.121170 0.303081 -0.713960 0.619453
1083.553655270000036 -5.981341 34.392077 -2.403571 0.120568 0.305083 -0.707274 0.626220
1083.586829322000085 -6.166675 34.160059 -2.431855 0.119147 0.305277 -0.701060 0.633344
1083.653275269999995 -6.576118 33.680706 -2.428431 0.115409 0.305189 -0.689085 0.647072
1083.686348425999995 -6.770937 33.433793 -2.433345 0.115196 0.303925 -0.683389 0.653712
1083.719610322000108 -6.957414 33.172707 -2.432419 0.113316 0.302786 -0.677379 0.660786
1083.752729668000029 -7.145881 32.946074 -2.380387 0.111309 0.302900 -0.671142 0.667406
1083.785948615000052 -7.344580 32.651712 -2.447932 0.110337 0.299938 -0.664419 0.675581
1083.852207563000093 -7.710830 32.128251 -2.454248 0.108151 0.297119 -0.648708 0.692244
1083.885381563000010 -7.853098 31.871262 -2.473011 0.104351 0.293662 -0.640920 0.701495
1083.918599563000043 -7.994059 31.589713 -2.477580 0.101504 0.289861 -0.632070 0.711452
1083.951723767999965 -8.137553 31.311846 -2.490084 0.099389 0.286597 -0.623405 0.720659
1084.018068821000043 -8.449495 30.739939 -2.505533 0.091760 0.280090 -0.605006 0.739660
1084.051241767999954 -8.594638 30.451825 -2.543622 0.085855 0.277827 -0.594299 0.749833
1084.084514767999963 -8.728040 30.169068 -2.550596 0.078270 0.275985 -0.584160 0.759251
1084.150762768000050 -8.831618 29.773679 -2.594005 0.064250 0.270438 -0.565098 0.776788
1084.183930632000056 -9.135423 29.322145 -2.562602 0.056950 0.268951 -0.554640 0.785364
1084.217104788000142 -9.231141 29.002878 -2.552551 0.048928 0.268418 -0.544672 0.793026
1084.283525736000001 -9.464042 28.399903 -2.527723 0.029800 0.267034 -0.523566 0.808507
1084.316623683999978 -9.555054 28.080479 -2.549241 0.019619 0.265002 -0.512430 0.816581
1084.349796788000049 -9.635645 27.774976 -2.521655 0.008504 0.264515 -0.501052 0.823958
1084.383003523000070 -9.727753 27.467695 -2.519373 -0.001609 0.263737 -0.488773 0.831589
1084.416207523000139 -9.815778 27.167240 -2.513529 -0.009987 0.262289 -0.476596 0.839024
1084.449390731999983 -9.892873 26.857570 -2.504162 -0.018542 0.260062 -0.464078 0.846555
1084.482521627000096 -9.959433 26.551068 -2.502036 -0.026434 0.257710 -0.450712 0.854251
1084.515698679000025 -10.024850 26.249628 -2.487822 -0.034114 0.256477 -0.438109 0.860881
1084.548865603999957 -10.077807 25.945193 -2.470081 -0.041667 0.255356 -0.425008 0.867425
1084.582122656000138 -10.125614 25.641767 -2.449160 -0.049708 0.254221 -0.411297 0.873920
1084.615172604000009 -10.181061 25.338976 -2.409938 -0.057689 0.253891 -0.397223 0.880014
1084.648343282000042 -10.240930 25.034237 -2.368751 -0.064586 0.253688 -0.383934 0.885475
1084.681645333999995 -10.262441 24.707499 -2.373801 -0.071566 0.252569 -0.369542 0.891362
1084.714684368999997 -10.298449 24.405864 -2.360397 -0.078174 0.251265 -0.355998 0.896672
1084.747857995000004 -10.316643 24.119331 -2.329940 -0.084225 0.250757 -0.341889 0.901742
1084.781072943000026 -10.317767 23.828348 -2.298429 -0.090268 0.251039 -0.327867 0.906275
1084.814202849000139 -10.324999 23.547331 -2.267085 -0.096657 0.250403 -0.313327 0.910924
1084.847376432000146 -10.325286 23.273788 -2.233566 -0.101832 0.250852 -0.299367 0.914922
1084.880544166000163 -10.323616 22.983743 -2.203475 -0.106626 0.251412 -0.285695 0.918586
1084.913717062000160 -10.324114 22.682887 -2.167991 -0.111570 0.251286 -0.271367 0.922371
1084.946932009999955 -10.321717 22.380608 -2.159883 -0.114790 0.252195 -0.256878 0.925870
1084.980063061999999 -10.333784 22.075235 -2.113239 -0.119306 0.252142 -0.241681 0.929398
1085.013236062000033 -10.309196 21.770769 -2.101330 -0.122994 0.251545 -0.226181 0.932974
1085.046544685000072 -10.278996 21.492303 -2.077805 -0.126925 0.250378 -0.209679 0.936609
1085.079577945999972 -10.234616 21.218362 -2.044021 -0.130292 0.249801 -0.193399 0.939798
1085.112847310000006 -10.186059 20.957950 -2.006865 -0.133801 0.249770 -0.176980 0.942545
1085.145924841000124 -10.133945 20.709620 -1.949779 -0.137802 0.249844 -0.160795 0.944846
1085.179097893000062 -10.072559 20.448537 -1.904142 -0.141534 0.249997 -0.144168 0.946935
1085.212269789000175 -10.001057 20.179730 -1.870370 -0.145155 0.249615 -0.126918 0.948954
1085.245540788999961 -9.940867 19.934834 -1.849187 -0.148258 0.249929 -0.110138 0.950487
1085.278717788999984 -9.860898 19.686440 -1.817363 -0.151755 0.248782 -0.093840 0.951983
1085.311790737000138 -9.776297 19.448019 -1.775899 -0.156069 0.247764 -0.077380 0.953031
1085.345003310000038 -9.672912 19.234315 -1.741194 -0.160624 0.246636 -0.062297 0.953672
1085.378139080999972 -9.573712 19.012899 -1.704662 -0.164861 0.244991 -0.048039 0.954197
1085.411311445000138 -9.467015 18.794435 -1.665585 -0.169249 0.243453 -0.034094 0.954423
1085.444548789000009 -9.358103 18.581436 -1.627084 -0.173591 0.242262 -0.021079 0.954322
1085.477781736999987 -9.255949 18.378733 -1.600736 -0.177568 0.241002 -0.008743 0.954102
1085.510826361999989 -9.138249 18.183387 -1.561712 -0.180846 0.240550 0.002697 0.953637
1085.577212997000061 -8.891192 17.802868 -1.494887 -0.187670 0.238711 0.025058 0.952454
1085.610416997000129 -8.772037 17.630771 -1.465104 -0.190576 0.238275 0.035230 0.951664
1085.676829840999972 -8.502076 17.290897 -1.419374 -0.197436 0.236375 0.058018 0.949621
1085.709864737000089 -8.378171 17.115915 -1.378951 -0.200952 0.235210 0.070375 0.948336
1085.743038737000006 -8.232261 16.921097 -1.347518 -0.204877 0.234970 0.083696 0.946472
1085.776211789000172 -8.104964 16.734487 -1.318692 -0.208448 0.234770 0.097673 0.944401
1085.809386788999973 -7.945754 16.556478 -1.293131 -0.212215 0.234946 0.112695 0.941841
1085.842594841000164 -7.792948 16.401557 -1.263392 -0.216660 0.234307 0.128432 0.938969
1085.875729789000161 -7.629580 16.252430 -1.230693 -0.220946 0.233587 0.145786 0.935610
1085.908947841000099 -7.477203 16.113208 -1.195201 -0.225024 0.233824 0.162458 0.931825
1085.975248737000129 -7.150822 15.875029 -1.136612 -0.233843 0.232489 0.196113 0.923475
1086.008421840999972 -6.989623 15.764469 -1.104139 -0.237577 0.231820 0.213046 0.918928
1086.041635736999979 -6.827523 15.659970 -1.072354 -0.241259 0.231836 0.229697 0.913940
1086.074810049999996 -6.666584 15.566533 -1.043961 -0.244331 0.231697 0.245716 0.908979
1086.108037841000169 -6.502142 15.476506 -1.018791 -0.249029 0.229856 0.262613 0.903430
1086.141113998000037 -6.332595 15.387667 -1.001182 -0.252080 0.228561 0.280082 0.897647
1086.174361841000064 -6.154644 15.301840 -0.964632 -0.255669 0.227371 0.297490 0.891311
1086.207544258000098 -5.972058 15.224512 -0.934756 -0.258996 0.225503 0.314872 0.884830
1086.240635789000180 -5.790240 15.159696 -0.901801 -0.262840 0.223801 0.330994 0.878220
1086.273807790000092 -5.605105 15.100762 -0.867856 -0.265962 0.222282 0.346434 0.871687
1086.307017684000130 -5.414942 15.051484 -0.831346 -0.268910 0.221060 0.361495 0.864952
1086.340152893000095 -5.224981 15.006029 -0.801232 -0.271135 0.220665 0.375953 0.858168
1086.373325050000176 -5.029660 14.976552 -0.771483 -0.273634 0.219742 0.390415 0.851125
1086.406496789000130 -4.844868 14.956215 -0.739787 -0.275972 0.218658 0.403733 0.844410
1086.439692841000124 -4.668696 14.927464 -0.743083 -0.277769 0.217113 0.416470 0.838008
1086.472843893000118 -4.485976 14.905067 -0.714467 -0.280699 0.215300 0.429601 0.830841
1086.506016154000008 -4.297306 14.894354 -0.691307 -0.283055 0.213870 0.442624 0.823543
1086.539235050000116 -4.107029 14.902573 -0.670497 -0.285734 0.211822 0.455822 0.815913
1086.572365081000044 -3.921200 14.922301 -0.647272 -0.288123 0.210329 0.468865 0.808030
1086.605539080999961 -3.736128 14.946625 -0.624057 -0.290816 0.208402 0.481285 0.800225
1086.638710102000005 -3.552907 14.983327 -0.607519 -0.292928 0.207176 0.493598 0.792232
1086.671883049000144 -3.364927 15.032279 -0.592503 -0.295499 0.204709 0.506441 0.783767
1086.705145258000130 -3.177289 15.084181 -0.565145 -0.298798 0.202371 0.518376 0.775275
1086.738228737000099 -2.991307 15.150007 -0.540614 -0.302086 0.199661 0.530450 0.766486
1086.771403894000059 -2.795551 15.218877 -0.523541 -0.304633 0.196858 0.542757 0.757536
1086.804575788999955 -2.629431 15.277594 -0.538063 -0.306461 0.192842 0.553126 0.750297
1086.837749945000041 -2.456367 15.361625 -0.523280 -0.309814 0.188089 0.564493 0.741610
1086.870919737000122 -2.280229 15.453608 -0.513929 -0.313052 0.182585 0.576190 0.732575
1086.904131258000007 -2.108315 15.556744 -0.499819 -0.316508 0.176535 0.588246 0.722928
1086.937305737000088 -1.932326 15.662027 -0.489972 -0.320693 0.169348 0.600585 0.712584
1086.970478737000121 -1.769212 15.770228 -0.474164 -0.324863 0.162008 0.612955 0.701787
1087.003610789000049 -1.593018 15.874921 -0.458307 -0.329284 0.154040 0.625649 0.690222
1087.036824789000093 -1.430047 15.979818 -0.435937 -0.333901 0.145998 0.637828 0.678506
1087.069997789000126 -1.265816 16.091239 -0.409636 -0.339664 0.136574 0.649977 0.665962
1087.103170789000160 -1.123199 16.217614 -0.419235 -0.345443 0.123949 0.660320 0.655197
1087.136343788999966 -0.971901 16.353334 -0.400104 -0.350935 0.113703 0.670685 0.643505
1087.169478736999963 -0.812974 16.495169 -0.375342 -0.356615 0.102618 0.680190 0.632168
1087.202695737000113 -0.673175 16.655910 -0.354045 -0.362411 0.090531 0.688539 0.621592
1087.235823789000051 -0.540835 16.828484 -0.336878 -0.367791 0.079292 0.695252 0.612427
1087.269036685000174 -0.423197 17.008820 -0.328982 -0.373661 0.068457 0.700005 0.604719
1087.302169789000118 -0.319510 17.193631 -0.321117 -0.378066 0.059271 0.703368 0.599022
1087.335395789000131 -0.224886 17.378221 -0.326106 -0.381335 0.052049 0.704920 0.595788
1087.368556685000158 -0.142154 17.570175 -0.313783 -0.383618 0.047594 0.705538 0.593960
1087.401687789000107 -0.074450 17.760328 -0.313527 -0.383893 0.046823 0.704713 0.594822
1087.434860789000140 0.007135 17.978704 -0.317204 -0.382816 0.047791 0.704250 0.595986
1087.468073790000062 0.072501 18.204193 -0.328967 -0.380681 0.049946 0.703979 0.597495
1087.501249683999959 0.127867 18.419825 -0.331113 -0.379011 0.051468 0.702442 0.600230
1087.534419893000177 0.185395 18.651712 -0.331909 -0.378165 0.052070 0.701718 0.601558
1087.600726788999964 0.231760 19.020626 -0.292892 -0.376002 0.053378 0.698395 0.606645
1087.633898789000114 0.341160 19.324350 -0.359072 -0.372760 0.056025 0.697194 0.609779
1087.667111789000046 0.386500 19.515352 -0.346302 -0.367586 0.060898 0.694882 0.615069
1087.700245737000159 0.443447 19.776049 -0.396005 -0.361108 0.066689 0.692741 0.620696
1087.733550684999955 0.469295 20.023598 -0.423646 -0.353735 0.074161 0.690612 0.626440
1087.766593206000152 0.496317 20.272095 -0.445174 -0.347717 0.080969 0.688605 0.631157
1087.799766883000075 0.512458 20.515348 -0.462014 -0.341990 0.086852 0.685772 0.636567
1087.832967789000122 0.537662 20.758251 -0.490402 -0.336379 0.092113 0.682864 0.641921
1087.866111789000115 0.563367 21.004788 -0.516636 -0.331119 0.096171 0.679965 0.647116
1087.899385737000102 0.578563 21.257201 -0.553382 -0.325774 0.100826 0.677208 0.651993
1087.932593841999960 0.550135 21.478671 -0.565098 -0.320597 0.104943 0.673228 0.658004
1087.998805206000043 0.597954 22.028358 -0.657697 -0.309687 0.112914 0.665499 0.669668
1088.031976737000150 0.636303 22.281412 -0.681968 -0.305004 0.116625 0.661014 0.675597
1088.065152788999967 0.674141 22.424602 -0.637027 -0.299713 0.121221 0.655873 0.682136
1088.098324841000021 0.730790 22.822395 -0.741329 -0.294159 0.124961 0.651860 0.687701
1088.131496737000134 0.756797 23.110701 -0.785225 -0.287617 0.129596 0.647345 0.693848
1088.164670945000125 0.767969 23.389992 -0.824594 -0.281329 0.134792 0.642403 0.700003
1088.197842736999974 0.767369 23.667010 -0.868143 -0.274664 0.140127 0.637355 0.706188
1088.231018049000113 0.765224 23.946973 -0.908010 -0.267973 0.146321 0.630365 0.713737
1088.264230622000014 0.768454 24.236871 -0.950809 -0.261117 0.152180 0.622806 0.721645
1088.297365570000011 0.767995 24.539014 -1.007691 -0.254634 0.157734 0.614445 0.729889
1088.330636977000040 0.782809 24.832795 -1.042499 -0.247551 0.163590 0.605653 0.738337
1088.363807278999957 0.795862 25.144020 -1.092456 -0.240068 0.169297 0.596220 0.747147
1088.396990727000002 0.804868 25.451227 -1.151002 -0.232473 0.174505 0.586936 0.755653
1088.430180329999985 0.792174 25.744133 -1.204727 -0.224250 0.179713 0.577150 0.764404
1088.463311965999992 0.768843 26.055994 -1.256952 -0.217478 0.184816 0.566880 0.772783
1088.529576966000150 0.601300 26.422585 -1.345265 -0.200613 0.195784 0.546007 0.789493
1088.595928332000085 0.713840 27.258782 -1.497360 -0.182964 0.205653 0.528347 0.803169
1088.629241280000087 0.739037 27.595509 -1.557683 -0.173774 0.210708 0.519011 0.809958
1088.662274175999983 0.785224 27.969735 -1.614264 -0.164313 0.216000 0.509855 0.816329
1088.695445331999963 0.808682 28.329550 -1.676191 -0.154727 0.221740 0.500498 0.822431
1088.728619333000097 0.821877 28.670898 -1.738051 -0.144260 0.227044 0.491829 0.828097
1088.795065200000181 0.842872 29.324653 -1.853855 -0.123016 0.237164 0.473360 0.839375
1088.861319512000136 0.891542 30.026754 -1.961108 -0.102549 0.246169 0.453101 0.850637
1088.894509460000108 0.930002 30.371516 -1.988946 -0.092241 0.251716 0.442328 0.855849
1088.960835408000094 0.981775 31.014318 -2.088945 -0.070220 0.259765 0.420055 0.866686
1089.027183595999986 1.045387 31.700465 -2.222830 -0.048660 0.266876 0.396282 0.877138
1089.060362538000163 1.087610 32.045880 -2.268253 -0.037764 0.271022 0.383056 0.882264
1089.159882079999988 1.256319 33.083910 -2.398943 -0.005696 0.280976 0.342542 0.896485
1089.193054974999995 1.386847 33.562166 -2.412530 0.004494 0.283210 0.326931 0.901603
1089.226268027000060 1.296942 33.603944 -2.526060 0.015277 0.285084 0.310257 0.906771
1089.259441027000094 1.534682 34.239421 -2.574160 0.026589 0.288674 0.292903 0.911136
1089.325790924000103 1.669615 34.855076 -2.581905 0.047796 0.292582 0.257101 0.919788
1089.358923351000158 1.884131 35.325608 -2.617063 0.059374 0.292898 0.239648 0.923718
1089.425352612000097 2.029821 35.996272 -2.709883 0.085004 0.294545 0.205977 0.929296
1089.458515403000092 2.241400 36.605976 -2.741036 0.098353 0.294038 0.189973 0.931546
1089.524793820000014 2.583796 36.763461 -2.732356 0.121300 0.292850 0.161280 0.934620
1089.557970454000042 2.715367 37.343564 -2.852878 0.133240 0.290715 0.146569 0.936082
1089.591145454000070 3.008408 37.921377 -2.869890 0.143646 0.289266 0.131979 0.937162
1089.624330882000095 3.281272 38.315501 -2.905524 0.153091 0.286044 0.118601 0.938443
1089.657490829000153 3.131003 37.995513 -2.892134 0.160606 0.281384 0.105595 0.940148
1089.690661777000059 3.256431 38.315910 -2.932592 0.168705 0.274445 0.090348 0.942367
1089.723842600000125 3.452683 38.615839 -2.993612 0.176677 0.268796 0.078759 0.943574
1089.757083548000082 3.663125 38.900266 -3.024073 0.183221 0.264622 0.066827 0.944426
1089.790188704000002 3.881326 39.152826 -3.041205 0.188175 0.258195 0.054415 0.946026
1089.823364588999993 4.090917 39.430898 -3.039875 0.193015 0.253697 0.041562 0.946919
1089.856534755999974 4.326943 39.750583 -3.049800 0.198106 0.248487 0.029004 0.947717
1089.889761129000135 4.684353 40.078247 -3.061851 0.202823 0.243414 0.016915 0.948328
1089.922927775000062 4.948070 40.349101 -3.026405 0.207722 0.238124 0.002997 0.948757
1089.956162253999992 4.791747 40.258452 -3.054850 0.213583 0.235365 -0.011205 0.948082
1090.022539254000094 5.401786 40.842273 -2.954660 0.222415 0.229638 -0.040185 0.946670
1090.088855358000046 6.018363 41.271592 -3.017890 0.229083 0.220893 -0.068781 0.945514
1090.121934372000169 6.394333 41.539991 -3.060056 0.232846 0.216171 -0.082379 0.944598
1090.155106423999996 6.640692 41.677561 -3.054584 0.232959 0.211570 -0.095653 0.944361
1090.221545320000132 7.143276 41.955650 -3.000947 0.229550 0.206361 -0.123329 0.943139
1090.254624320000175 7.460621 42.098951 -3.007850 0.226012 0.205616 -0.136828 0.942294
1090.287796372999992 8.166625 42.347012 -2.905537 0.220073 0.205447 -0.149481 0.941815
1090.354152898000166 7.986650 42.300174 -2.975115 0.209856 0.203171 -0.175035 0.940236
1090.387321586000098 8.672588 42.515903 -2.882960 0.205836 0.200674 -0.189663 0.938823
1090.420534481999994 9.155935 42.577902 -2.911209 0.201563 0.199477 -0.201517 0.937535
1090.486918430000060 9.451655 42.693710 -2.800899 0.192214 0.197118 -0.224578 0.934753
1090.520014482000079 10.042402 42.734674 -2.791871 0.191082 0.198534 -0.236268 0.931799
1090.553190789000155 10.125738 42.827463 -2.694629 0.189921 0.198355 -0.248386 0.928918
1090.619540893000021 10.559592 42.846789 -2.664396 0.192910 0.196863 -0.270115 0.922534
1090.652714101000129 11.107192 42.880896 -2.594134 0.192544 0.196346 -0.282631 0.918964
1090.685923737000167 11.195420 42.916313 -2.604980 0.193243 0.195018 -0.293686 0.915627
1090.719096946000036 11.455574 42.895005 -2.547660 0.193623 0.193137 -0.304724 0.912333
1090.752233703000002 11.755504 42.926883 -2.545082 0.195414 0.190780 -0.315506 0.908775
1090.851763358999960 12.511586 42.946953 -2.432204 0.204625 0.181168 -0.342201 0.899002
1090.884925067000040 12.700837 42.887223 -2.488088 0.209894 0.176447 -0.350429 0.895550
1090.918234016000042 12.931643 42.839038 -2.470793 0.215819 0.172588 -0.358558 0.891668
1090.951277963000166 13.163238 42.782966 -2.420506 0.220613 0.168852 -0.366570 0.887945
1090.984484910999981 13.386354 42.713365 -2.391395 0.225631 0.164215 -0.374589 0.884198
1091.017619119000074 13.629414 42.635475 -2.345620 0.231522 0.158665 -0.382792 0.880166
1091.050831067999979 13.856517 42.544813 -2.307839 0.236004 0.154626 -0.390871 0.876135
1091.084049433000018 14.094518 42.477470 -2.271500 0.240056 0.150601 -0.399510 0.871828
1091.150319744000171 14.589248 42.324540 -2.173550 0.247756 0.143560 -0.417980 0.862149
1091.183529412000098 14.876286 42.215016 -2.126642 0.252146 0.139926 -0.428084 0.856497
1091.216713016000085 15.129525 42.127850 -2.068045 0.256261 0.136283 -0.438733 0.850453
1091.249945589000163 15.390333 42.034952 -2.027790 0.260060 0.131896 -0.449310 0.844448
1091.283100692000062 15.641258 41.916096 -2.000956 0.263860 0.130817 -0.460102 0.837598
1091.316301432000046 15.895244 41.787069 -1.960676 0.266444 0.128202 -0.470538 0.831364
1091.349349651000011 16.131710 41.649164 -1.910610 0.268533 0.125051 -0.481058 0.825128
1091.382567651000045 16.346821 41.529406 -1.849121 0.270463 0.122053 -0.491906 0.818524
1091.415779651000094 16.594504 41.393342 -1.815840 0.271589 0.118394 -0.503241 0.811770
1091.448952703000032 16.830107 41.243277 -1.762017 0.273292 0.115411 -0.514622 0.804460
1091.482045703000040 17.066075 41.082481 -1.728452 0.275249 0.113061 -0.526933 0.796114
1091.515215702999967 17.286060 40.922219 -1.686680 0.277983 0.110980 -0.538554 0.787635
1091.548388703000001 17.497384 40.761646 -1.641583 0.280195 0.108949 -0.550788 0.778623
1091.581600807000086 17.693696 40.596685 -1.613316 0.281882 0.106700 -0.562725 0.769739
1091.614731807999988 17.884846 40.434884 -1.570692 0.283940 0.104623 -0.574502 0.760513
1091.647903703000111 18.077338 40.269896 -1.536564 0.285676 0.102316 -0.586366 0.751063
1091.681163703000038 18.261340 40.093631 -1.514212 0.287273 0.100726 -0.597756 0.741631
1091.714251755000078 18.438222 39.902215 -1.478617 0.288125 0.098411 -0.608524 0.732802
1091.747422755000116 18.611908 39.724924 -1.431101 0.288060 0.095559 -0.619433 0.724011
1091.780637860000070 18.784873 39.525997 -1.395131 0.289196 0.093846 -0.629235 0.715277
1091.846984754999994 19.127031 39.134062 -1.321909 0.289481 0.089704 -0.648228 0.698537
1091.880116704000102 19.268387 38.920332 -1.277610 0.288848 0.087057 -0.657091 0.690810
1091.946538651000083 19.571185 38.488537 -1.213556 0.288392 0.081874 -0.671639 0.677516
1091.979685599000049 19.718311 38.257641 -1.187403 0.287377 0.078764 -0.678793 0.671156
1092.012810016000003 19.864990 38.031505 -1.160755 0.287591 0.076954 -0.684927 0.665015
1092.045980598000142 20.013804 37.800974 -1.120718 0.287878 0.073697 -0.690278 0.659705
1092.079193650999969 20.157510 37.568941 -1.091637 0.287794 0.069852 -0.695294 0.654875
1092.112366120000161 20.307104 37.336865 -1.059604 0.288199 0.065736 -0.699744 0.650368
1092.145538756000178 20.442398 37.105238 -1.022085 0.288024 0.061893 -0.704213 0.645984
1092.178711703000090 20.556453 36.868812 -0.994382 0.286521 0.058871 -0.708476 0.642263
1092.211886755000023 20.656946 36.625762 -0.958717 0.284614 0.056100 -0.712698 0.638677
1092.245058755000173 20.740457 36.380900 -0.916972 0.282706 0.055147 -0.716796 0.635011
1092.278231808000101 20.817721 36.133344 -0.893673 0.281114 0.054965 -0.721512 0.630376
1092.344547275999957 21.001415 35.630174 -0.802210 0.276877 0.055895 -0.731841 0.620181
1092.377751536000005 21.085473 35.373223 -0.768973 0.275271 0.056723 -0.737229 0.614411
1092.410924786000123 21.169887 35.094977 -0.721525 0.273767 0.057038 -0.742726 0.608405
1092.444095720000178 21.257725 34.807830 -0.688085 0.272178 0.057029 -0.748970 0.601425
1092.477268689000084 21.331697 34.549063 -0.647892 0.270687 0.056486 -0.755157 0.594370
1092.510456971000167 21.396362 34.294566 -0.608225 0.270165 0.055585 -0.761414 0.586659
1092.543570459999955 21.446087 34.036778 -0.558310 0.269863 0.054401 -0.767503 0.578925
1092.576784408000094 21.483666 33.772340 -0.525316 0.269681 0.052538 -0.773584 0.571034
1092.609953036999968 21.507232 33.500297 -0.502707 0.269887 0.050534 -0.780063 0.562235
1092.643124777000139 21.528217 33.230548 -0.467094 0.269753 0.047467 -0.786117 0.554076
1092.709432777000075 21.586484 32.676852 -0.378358 0.271728 0.040511 -0.798433 0.535749
1092.742697882000130 21.625637 32.396834 -0.321988 0.272370 0.036961 -0.804710 0.526204
1092.808991828999979 21.680892 31.825019 -0.230771 0.274096 0.030459 -0.817173 0.506134
1092.842120668000007 21.702646 31.547331 -0.187912 0.275091 0.026776 -0.823332 0.495714
1092.875409355000102 21.720714 31.269618 -0.143097 0.275965 0.023550 -0.829492 0.485007
1092.908510719000105 21.726279 30.997492 -0.110806 0.276094 0.020549 -0.835567 0.474528
1092.941639824000049 21.730768 30.672637 -0.061860 0.277393 0.017117 -0.840802 0.464555
1092.974817407000046 21.735617 30.360735 -0.016038 0.278125 0.014247 -0.846004 0.454666
1093.008068968000089 21.744104 30.050474 0.042087 0.279298 0.011390 -0.850710 0.445147
1093.041255332999981 21.740708 29.744888 0.093711 0.280636 0.009009 -0.855263 0.435531
1093.074455437000097 21.726601 29.463934 0.146464 0.281292 0.006438 -0.859754 0.426212
1093.107498281000062 21.696778 29.185138 0.192909 0.281587 0.004092 -0.864416 0.416505
1093.140670967999995 21.653288 28.893614 0.228313 0.281505 0.001550 -0.868899 0.407145
1093.173917938000159 21.606011 28.606380 0.268604 0.282079 -0.001109 -0.873405 0.396980
1093.240314199000068 21.512146 28.039771 0.368964 0.282538 -0.005357 -0.881753 0.377698
1093.273457989999997 21.454984 27.756154 0.400667 0.282547 -0.007723 -0.885889 0.367844
1093.339751989999968 21.333127 27.192835 0.493058 0.284071 -0.013595 -0.893404 0.347776
1093.372877885999969 21.268660 26.913454 0.513554 0.282873 -0.017330 -0.897541 0.337792
1093.406139078000024 21.179909 26.625222 0.558050 0.282481 -0.020277 -0.900965 0.328717
1093.439259129999982 21.095785 26.359985 0.592291 0.281979 -0.023070 -0.904132 0.320157
1093.505614015999981 20.924576 25.823488 0.677235 0.279043 -0.030752 -0.910970 0.302197
1093.538843808000138 20.819522 25.551286 0.713672 0.278965 -0.035470 -0.913918 0.292703
1093.571909547000132 20.713694 25.293155 0.742607 0.279185 -0.040095 -0.916669 0.283135
1093.605083695000076 20.597397 25.033326 0.799115 0.279923 -0.045132 -0.919318 0.272873
1093.638365851000117 20.482591 24.785917 0.828579 0.279784 -0.049266 -0.922132 0.262614
1093.737786956000036 20.121124 24.027764 0.941197 0.281133 -0.062236 -0.929160 0.231846
1093.770946008000010 19.987616 23.803414 0.968802 0.280830 -0.066785 -0.931293 0.222189
1093.804120164000096 19.853179 23.584786 0.998370 0.281206 -0.071719 -0.933298 0.211503
1093.837394569000026 19.698244 23.335406 1.033485 0.281933 -0.076142 -0.935141 0.200568
1093.870556620000116 19.546299 23.096936 1.069901 0.282392 -0.080558 -0.936862 0.189880
1093.903671881000037 19.404753 22.862493 1.105288 0.283659 -0.085098 -0.938198 0.179109
1093.936888829000054 19.251296 22.618035 1.136760 0.284100 -0.089981 -0.939608 0.168304
1093.970082257000058 19.092684 22.388816 1.167315 0.285071 -0.094771 -0.940687 0.157671
1094.036319123000112 18.758101 21.912635 1.215379 0.288338 -0.106352 -0.941721 0.136794
1094.069491071000130 18.572686 21.655883 1.214581 0.289921 -0.112836 -0.941967 0.126140
1094.102663644000131 18.384440 21.419048 1.237318 0.290716 -0.120027 -0.942023 0.116920
1094.169086279000112 18.005735 20.979979 1.285421 0.294177 -0.134384 -0.940915 0.100398
1094.235354175000111 17.608185 20.512966 1.313317 0.294532 -0.149601 -0.940155 0.083539
1094.268567361000123 17.399780 20.304949 1.347615 0.293716 -0.158501 -0.939574 0.076221
1094.334917278000148 16.972390 19.884137 1.350364 0.295423 -0.174046 -0.937434 0.060424
1094.368042965000086 16.737341 19.676536 1.366696 0.295649 -0.181009 -0.936503 0.052808
1094.401265017000014 16.503285 19.472362 1.353053 0.296008 -0.186434 -0.935770 0.044226
1094.434470914000030 16.283778 19.301921 1.378538 0.295186 -0.191596 -0.935338 0.036040
1094.500776265000013 15.803189 18.962298 1.380732 0.293217 -0.199726 -0.934763 0.018759
1094.533977420000156 15.567149 18.818148 1.378736 0.291990 -0.202724 -0.934633 0.010279
1094.567076160000170 15.321350 18.677491 1.388253 0.291300 -0.207064 -0.933951 0.002057
1094.600322160000132 15.063159 18.513583 1.386274 0.290045 -0.211203 -0.933398 -0.005920
1094.633422108000104 14.796665 18.366778 1.375965 0.289256 -0.216454 -0.932355 -0.013868
1094.666633131000026 14.542353 18.235043 1.376812 0.288629 -0.222462 -0.930974 -0.022170
1094.733079236000094 14.122797 17.985399 1.425749 0.287614 -0.234210 -0.927830 -0.039426
1094.766110079000100 13.765708 17.870489 1.374638 0.287171 -0.239452 -0.926211 -0.048258
1094.799283079000134 13.493014 17.759200 1.372738 0.286968 -0.243679 -0.924654 -0.057312
1094.832455287000130 13.218009 17.645565 1.365404 0.286380 -0.246910 -0.923389 -0.066148
1094.865666508000004 12.962328 17.535814 1.367106 0.285228 -0.248165 -0.922714 -0.075220
1094.898836611999968 12.677111 17.435901 1.360312 0.284565 -0.247931 -0.922237 -0.083856
1094.932040560000132 12.412534 17.342094 1.337752 0.283115 -0.245646 -0.922560 -0.091585
1094.965144873000099 12.137206 17.262449 1.335878 0.283037 -0.243663 -0.922350 -0.098936
1094.998354560000053 11.831059 17.188028 1.318983 0.283359 -0.241236 -0.922013 -0.106791
1095.031494541000029 11.515167 17.124414 1.272827 0.282709 -0.238686 -0.921936 -0.114621
1095.064656436000178 11.233144 17.076465 1.241681 0.281726 -0.236105 -0.921830 -0.122941
1095.131042436000143 10.950279 17.156782 1.368020 0.279759 -0.230005 -0.921354 -0.141207
1095.164175384000146 10.462855 17.041306 1.212422 0.277994 -0.227442 -0.920857 -0.151694
1095.197348437000073 10.136270 17.007459 1.181793 0.276958 -0.226495 -0.919544 -0.162581
1095.230603881999969 9.820050 16.989608 1.116411 0.276781 -0.227186 -0.917250 -0.174443
1095.296992622000062 9.199923 16.946438 1.060669 0.275141 -0.236241 -0.909548 -0.203002
1095.330036673999984 8.889606 16.919198 1.019683 0.275073 -0.240121 -0.905016 -0.218226
1095.363208726000039 8.577621 16.908728 0.990443 0.274918 -0.244389 -0.900244 -0.232928
1095.396382674000051 8.275439 16.903485 0.952156 0.274063 -0.247758 -0.895599 -0.247806
1095.429681778000031 7.973279 16.905722 0.916078 0.272947 -0.251892 -0.890450 -0.262964
1095.462728674000118 7.672312 16.916482 0.871045 0.272474 -0.256028 -0.884987 -0.277498
1095.495912779000037 7.367552 16.942456 0.821109 0.271723 -0.259563 -0.879571 -0.291800
1095.529073725999979 7.059383 16.975564 0.783730 0.271033 -0.263217 -0.873983 -0.305635
1095.562247622000086 6.759857 16.995787 0.741161 0.268780 -0.265572 -0.868883 -0.319799
1095.595420726000157 6.460011 17.028621 0.695786 0.266927 -0.269120 -0.862884 -0.334300
1095.628593725999963 6.168720 17.075850 0.656878 0.265910 -0.273332 -0.856519 -0.347789
1095.661767726000107 5.872669 17.144040 0.600775 0.264203 -0.276813 -0.850594 -0.360641
1095.694938674000014 5.562530 17.209739 0.536675 0.261930 -0.280778 -0.844150 -0.374122
1095.728202622000026 5.259125 17.277196 0.478948 0.259558 -0.283802 -0.837841 -0.387438
1095.761294622000150 4.948397 17.371511 0.425914 0.258278 -0.287379 -0.830910 -0.400368
1095.827671675000147 4.334176 17.540848 0.330034 0.255597 -0.294755 -0.815441 -0.427605
1095.860844831000122 4.017482 17.633186 0.263157 0.254003 -0.296835 -0.808092 -0.440861
1095.893977674000098 3.706470 17.729372 0.199070 0.252014 -0.299695 -0.800353 -0.453991
1095.927227829999993 3.393225 17.831997 0.137469 0.249737 -0.303053 -0.792806 -0.466099
1095.960325830000102 3.096300 17.946950 0.074218 0.246686 -0.306308 -0.785555 -0.477729
1095.993495674000087 2.793982 18.069395 0.016172 0.243519 -0.310047 -0.778356 -0.488601
1096.026669674000004 2.495933 18.209572 -0.048114 0.239051 -0.313349 -0.771652 -0.499220
1096.059841674000154 2.206770 18.357908 -0.107737 0.234560 -0.316880 -0.765106 -0.509099
1096.126188621999972 1.650783 18.668196 -0.228349 0.225589 -0.321414 -0.753141 -0.527808
1096.159361622000006 1.342070 18.871122 -0.294705 0.221011 -0.324919 -0.746600 -0.536815
1096.192534674000171 1.054557 19.052787 -0.357031 0.216118 -0.327289 -0.740415 -0.545858
1096.225707622000073 0.772193 19.232855 -0.416363 0.211091 -0.329992 -0.733880 -0.554946
1096.258880831000170 0.490618 19.435376 -0.482744 0.207905 -0.333409 -0.726626 -0.563585
1096.292180674000065 0.228007 19.629654 -0.537267 0.202849 -0.335774 -0.720051 -0.572394
1096.325225673999967 -0.043226 19.850034 -0.601357 0.197024 -0.338112 -0.713196 -0.581561
1096.358399674000111 -0.294520 20.076038 -0.667581 0.191675 -0.339658 -0.705725 -0.591477
1096.391572779000171 -0.548819 20.299634 -0.727456 0.185840 -0.340903 -0.697454 -0.602335
1096.424744674000067 -0.784745 20.526879 -0.793969 0.179772 -0.342317 -0.688017 -0.614112
1096.457959726000126 -1.020209 20.756073 -0.847353 0.173714 -0.343569 -0.677750 -0.626449
1096.524308570000130 -1.487238 21.266924 -0.961694 0.161470 -0.347000 -0.653741 -0.652795
1096.557542726000065 -1.716693 21.540787 -1.031183 0.155378 -0.347306 -0.641130 -0.666475
1096.590610726000023 -1.931712 21.784938 -1.074351 0.148517 -0.346294 -0.628093 -0.680825
1096.623783674000151 -2.148186 22.059955 -1.142027 0.142411 -0.345008 -0.614614 -0.694938
1096.656954727000084 -2.357310 22.349795 -1.203664 0.136088 -0.343863 -0.600743 -0.708763
1096.723351688000093 -2.762181 22.918186 -1.320222 0.124848 -0.341501 -0.570601 -0.736345
1096.756481312999995 -2.952017 23.214324 -1.375941 0.119324 -0.339558 -0.554820 -0.750091
1096.822918000000072 -3.319607 23.811850 -1.485986 0.109357 -0.337165 -0.521047 -0.776448
1096.856000792000032 -3.492612 24.135036 -1.558238 0.103984 -0.336395 -0.503407 -0.789055
1096.889172740000049 -3.660401 24.443460 -1.609370 0.099055 -0.335471 -0.485096 -0.801454
1096.922345791999987 -3.816835 24.761694 -1.680195 0.093461 -0.333554 -0.467102 -0.813525
1096.955561844000158 -3.959287 25.075038 -1.729568 0.087325 -0.333629 -0.448103 -0.824784
1097.021864741000172 -4.225524 25.702280 -1.806532 0.074171 -0.333933 -0.410705 -0.845168
1097.055106635000129 -4.328657 26.034220 -1.878466 0.066568 -0.333567 -0.392748 -0.854430
1097.088210688000117 -4.425575 26.358506 -1.932703 0.058278 -0.333394 -0.375212 -0.862941
1097.121389509999972 -4.516391 26.684871 -2.001033 0.050557 -0.332080 -0.359203 -0.870713
1097.154562509000016 -4.605870 27.018550 -2.056561 0.042488 -0.330768 -0.343241 -0.878051
1097.187734562000060 -4.691198 27.355128 -2.111733 0.034388 -0.329141 -0.327155 -0.885129
1097.220947509000098 -4.763700 27.695119 -2.159401 0.026956 -0.327945 -0.311796 -0.891352
1097.254128614000138 -4.817128 28.036476 -2.211672 0.019391 -0.326197 -0.296491 -0.897392
1097.287257185000044 -4.862313 28.364315 -2.265219 0.011549 -0.324456 -0.280734 -0.903207
1097.320431342000120 -4.903975 28.698765 -2.299682 0.003680 -0.323438 -0.263712 -0.908752
1097.353603237000016 -4.932573 29.047517 -2.349828 -0.003983 -0.321935 -0.247355 -0.913869
1097.386817498000028 -4.953733 29.362308 -2.375775 -0.011741 -0.320884 -0.230663 -0.918526
1097.419950289000099 -4.966709 29.685234 -2.404929 -0.018722 -0.318269 -0.213932 -0.923357
1097.453168237999989 -4.966099 30.007361 -2.434656 -0.026574 -0.316132 -0.197312 -0.927589
1097.486340237000150 -4.951991 30.317639 -2.469266 -0.035134 -0.313647 -0.180451 -0.931573
1097.519512185000167 -4.928916 30.630753 -2.498956 -0.044792 -0.311734 -0.163251 -0.934968
1097.552645237999968 -4.900180 30.945483 -2.524887 -0.054785 -0.309343 -0.145622 -0.938136
1097.585818186000097 -4.865765 31.259368 -2.549543 -0.064410 -0.307319 -0.127780 -0.940786
1097.619035818000157 -4.823240 31.569498 -2.569264 -0.072958 -0.304962 -0.109716 -0.943206
1097.652210715000137 -4.778355 31.849700 -2.572303 -0.080559 -0.304007 -0.092762 -0.944715
1097.718555078999998 -4.629207 32.411190 -2.609373 -0.094855 -0.300799 -0.056802 -0.947257
1097.784902610000017 -4.422743 32.941111 -2.640952 -0.108728 -0.294671 -0.020215 -0.949178
1097.818038610000031 -4.284521 33.179637 -2.634918 -0.114524 -0.292795 -0.001208 -0.949291
1097.851211742000032 -4.149504 33.410247 -2.635961 -0.119569 -0.290406 0.017199 -0.949248
1097.884484741000051 -4.023242 33.639178 -2.635303 -0.126097 -0.287561 0.035627 -0.948757
1097.917646106000120 -3.881514 33.866769 -2.639250 -0.131758 -0.283998 0.051228 -0.948346
1097.950730845000180 -3.754449 34.080433 -2.644517 -0.135020 -0.280683 0.066491 -0.947927
1097.983976846000132 -3.606930 34.291506 -2.648358 -0.138286 -0.278355 0.080102 -0.947090
1098.017119898000146 -3.463585 34.507625 -2.650019 -0.140758 -0.276468 0.092817 -0.946117
1098.083422637000012 -3.166043 34.929954 -2.656779 -0.146026 -0.272553 0.115575 -0.943946
1098.116595690000167 -2.993082 35.121875 -2.677230 -0.146528 -0.270589 0.124840 -0.943253
1098.149768585000174 -2.828603 35.315090 -2.688476 -0.145600 -0.269555 0.133539 -0.942501
1098.182941793000055 -2.666102 35.485244 -2.687640 -0.144685 -0.269634 0.141219 -0.941499
1098.216114689000051 -2.497157 35.643225 -2.686939 -0.144651 -0.270152 0.148651 -0.940211
1098.282562585000051 -2.128061 35.948060 -2.677315 -0.147167 -0.271493 0.164158 -0.936849
1098.315634897000109 -1.938662 36.063096 -2.669885 -0.148671 -0.271800 0.171760 -0.935158
1098.348806690000174 -1.727280 36.197391 -2.660858 -0.151057 -0.271975 0.178926 -0.933379
1098.415220740999985 -1.324161 36.478229 -2.652996 -0.157489 -0.271379 0.192501 -0.929782
1098.448326792999978 -1.140922 36.617818 -2.651116 -0.162025 -0.270996 0.198854 -0.927775
1098.481626637000090 -0.953620 36.726671 -2.654774 -0.166725 -0.270245 0.204017 -0.926039
1098.514780845000132 -0.748144 36.819089 -2.659978 -0.172115 -0.267858 0.209599 -0.924498
1098.547950939999964 -0.539476 36.912691 -2.658931 -0.178074 -0.265729 0.214227 -0.922922
1098.581076366000161 -0.324089 36.996570 -2.662412 -0.183386 -0.262247 0.218938 -0.921771
1098.614320262000092 -0.100817 37.078057 -2.655565 -0.189566 -0.259211 0.223780 -0.920216
1098.647466627000085 0.119210 37.157061 -2.652415 -0.194459 -0.255780 0.228237 -0.919059
1098.680666522000138 0.336856 37.234512 -2.648140 -0.199587 -0.252528 0.232249 -0.917853
1098.746887054000126 0.781718 37.369052 -2.634433 -0.209650 -0.243655 0.241001 -0.915750
1098.780056585000011 1.001004 37.434852 -2.636142 -0.213891 -0.238031 0.246624 -0.914750
1098.813320637000061 1.282790 37.487852 -2.635308 -0.219416 -0.234453 0.252211 -0.912840
1098.846408585000063 1.514825 37.514254 -2.631332 -0.223508 -0.230079 0.258255 -0.911270
1098.879681690000098 1.748093 37.531072 -2.630487 -0.227413 -0.225450 0.265991 -0.909233
1098.912753740999960 1.969279 37.555600 -2.620140 -0.231699 -0.221140 0.272891 -0.907162
1098.979200688999981 2.448622 37.583199 -2.602453 -0.235682 -0.212641 0.285011 -0.904437
1099.012268585000129 2.684377 37.584241 -2.595741 -0.237276 -0.208813 0.290395 -0.903199
1099.078718793000007 3.170521 37.570452 -2.573850 -0.237322 -0.198644 0.302343 -0.901558
1099.111786627000129 3.398986 37.539801 -2.575093 -0.235210 -0.193277 0.308369 -0.901237
1099.178205146999971 3.872185 37.464549 -2.558800 -0.232999 -0.184849 0.321515 -0.898983
1099.244617669000036 4.352716 37.355204 -2.535602 -0.225939 -0.178878 0.335340 -0.896940
1099.310823949999985 4.849366 37.244333 -2.507719 -0.216136 -0.173170 0.351365 -0.894338
1099.377168949000179 5.348931 37.187801 -2.470018 -0.211174 -0.169398 0.367320 -0.889823
1099.410383053000032 5.649646 37.129614 -2.457280 -0.209342 -0.167437 0.376160 -0.886930
1099.476691845999994 6.136540 36.925273 -2.429616 -0.206372 -0.163682 0.394417 -0.880372
1099.509863210000049 6.367720 36.830802 -2.410232 -0.203863 -0.160867 0.403201 -0.877491
1099.543117792999965 6.611076 36.728334 -2.387889 -0.201223 -0.158387 0.410316 -0.875250
1099.609379637000075 7.062500 36.516686 -2.323966 -0.196098 -0.154877 0.424128 -0.870445
1099.642553793000161 7.300932 36.387174 -2.321154 -0.193199 -0.153292 0.430475 -0.868255
1099.675726315000020 7.522558 36.273880 -2.289251 -0.190683 -0.150722 0.435957 -0.866524
1099.708902908000027 7.767419 36.139380 -2.261752 -0.188446 -0.149015 0.441612 -0.864443
1099.742072741000129 7.988193 36.003425 -2.226751 -0.186532 -0.148234 0.446918 -0.862263
1099.775244585000110 8.221287 35.854713 -2.191509 -0.184374 -0.147509 0.451566 -0.860428
1099.808458742000084 8.440119 35.720001 -2.151872 -0.181425 -0.147111 0.456441 -0.858548
1099.843013742000039 8.657551 35.572057 -2.117269 -0.179481 -0.146551 0.461284 -0.856462
1099.907937637000032 9.111699 35.241449 -2.048218 -0.174888 -0.146917 0.470116 -0.852538
1099.941155949000176 9.291910 35.088680 -2.000926 -0.172111 -0.147607 0.474917 -0.850320
1099.974323636999998 9.606722 34.920387 -1.946369 -0.168440 -0.147955 0.478719 -0.848861
1100.007456585000000 9.886592 34.767371 -1.895296 -0.163672 -0.148993 0.483594 -0.846847
1100.040669741000102 10.120206 34.592536 -1.855299 -0.159301 -0.149456 0.488253 -0.844923
1100.106975794000164 10.469297 34.322300 -1.706514 -0.150043 -0.151235 0.497500 -0.840898
1100.140244690000145 10.707968 34.030051 -1.704088 -0.147863 -0.150603 0.502070 -0.838678
1100.206625533000079 11.053143 33.774184 -1.606338 -0.147128 -0.149891 0.512832 -0.832400
1100.239713585000118 11.310734 33.519956 -1.514314 -0.151522 -0.148887 0.519844 -0.827427
1100.272881585000050 11.503864 33.320019 -1.419174 -0.157553 -0.147033 0.527544 -0.821739
1100.306068793000122 11.765258 33.034767 -1.397925 -0.163966 -0.142475 0.536489 -0.815473
1100.339270532999990 11.976296 32.826472 -1.336803 -0.170652 -0.138757 0.545162 -0.808964
1100.372359637000045 12.173012 32.621506 -1.273800 -0.176904 -0.135438 0.553774 -0.802306
1100.405604690000018 12.361097 32.410694 -1.210463 -0.183113 -0.132308 0.562793 -0.795128
1100.438705637000112 12.552993 32.204252 -1.143295 -0.188699 -0.128893 0.572405 -0.787485
1100.471883585000114 12.728772 31.984755 -1.082415 -0.195101 -0.125886 0.582398 -0.779038
1100.505050585000163 12.928241 31.777154 -1.013774 -0.199897 -0.122512 0.592718 -0.770530
1100.538316689000112 13.109100 31.567698 -0.956993 -0.205804 -0.119801 0.603095 -0.761294
1100.571397585000113 13.291826 31.342529 -0.905421 -0.211892 -0.117902 0.613494 -0.751549
1100.604570688999956 13.476305 31.104169 -0.854406 -0.216533 -0.115272 0.623351 -0.742468
1100.637742689000106 13.660018 30.881767 -0.784824 -0.221049 -0.112363 0.632862 -0.733483
1100.704088949000152 14.017006 30.403227 -0.690712 -0.229016 -0.105960 0.650195 -0.716639
1100.737268637000170 14.181311 30.161369 -0.640932 -0.232791 -0.102486 0.658208 -0.708568
1100.770437741000023 14.341396 29.923302 -0.587404 -0.236985 -0.098342 0.665635 -0.700783
1100.803608741000062 14.512748 29.675673 -0.526069 -0.239960 -0.094922 0.673182 -0.692990
1100.836781585000153 14.658925 29.432777 -0.465490 -0.244608 -0.092099 0.680569 -0.684478
1100.903205690000050 15.041473 28.889670 -0.404370 -0.251161 -0.087358 0.697873 -0.665026
1100.936299690000169 15.085805 28.704606 -0.303375 -0.254163 -0.086822 0.707198 -0.654014
1100.969518636999965 15.247362 28.413192 -0.249110 -0.256809 -0.085793 0.716459 -0.642943
1101.002646741000035 15.379995 28.162157 -0.180997 -0.259268 -0.083906 0.725680 -0.631766
1101.035819689000164 15.524721 27.898111 -0.137816 -0.261669 -0.082051 0.735066 -0.620061
1101.069121897000059 15.633599 27.610715 -0.121768 -0.265367 -0.079537 0.744293 -0.607685
1101.135338741000169 15.879616 27.088138 -0.021162 -0.272848 -0.073472 0.763033 -0.581323
1101.168554585000038 15.970699 26.853645 0.042537 -0.276069 -0.070406 0.772373 -0.567687
1101.201685532000056 16.065073 26.610766 0.041202 -0.278689 -0.066426 0.782010 -0.553516
1101.234943741000052 16.195014 26.321363 0.072469 -0.280968 -0.062422 0.791221 -0.539565
1101.268030741000075 16.343429 26.148348 0.128000 -0.283881 -0.057502 0.800343 -0.524934
1101.301246637000077 16.402424 25.775213 0.120418 -0.286139 -0.052831 0.808930 -0.510848
1101.334377845000063 16.486636 25.488877 0.152823 -0.288482 -0.047069 0.817119 -0.496870
1101.367548585000122 16.572071 25.214090 0.186194 -0.291512 -0.040979 0.825658 -0.481280
1101.400721688999965 16.644398 24.918819 0.178197 -0.294111 -0.035205 0.832943 -0.467404
1101.433980689000009 16.702279 24.660077 0.210201 -0.298506 -0.027183 0.839534 -0.453143
1101.467068585000106 16.773962 24.373297 0.233351 -0.301062 -0.020056 0.847217 -0.437244
1101.533414637000078 16.896165 23.840710 0.300959 -0.307060 -0.004422 0.860076 -0.407387
1101.566586637000000 16.938589 23.515763 0.315114 -0.310864 0.004429 0.865393 -0.392986
1101.599760637000145 16.980672 23.208051 0.337308 -0.314995 0.013553 0.870583 -0.377730
1101.666106585000080 17.012538 22.653768 0.370004 -0.324841 0.030804 0.879519 -0.346376
1101.699278741000171 17.009663 22.423148 0.377069 -0.328187 0.039990 0.883666 -0.331404
1101.732452637000051 17.010104 22.152332 0.378629 -0.330240 0.049464 0.887806 -0.316694
1101.765666689000000 17.008800 21.881759 0.397873 -0.332429 0.058835 0.891056 -0.303394
1101.798797585000102 16.999374 21.588378 0.417595 -0.333777 0.068410 0.894011 -0.290960
1101.832013690000167 16.985924 21.302445 0.446715 -0.335625 0.078361 0.896645 -0.277927
1101.898319636999986 16.926298 20.801123 0.488273 -0.339484 0.098359 0.900710 -0.252583
1101.931536637000136 16.868002 20.498277 0.478960 -0.340573 0.107957 0.902359 -0.241047
1101.964663637000058 16.811285 20.246946 0.490471 -0.341890 0.117213 0.903784 -0.229233
1101.997835949000091 16.753031 19.992903 0.513431 -0.342840 0.126033 0.905170 -0.217358
1102.031006166999987 16.665809 19.723184 0.514188 -0.343492 0.134476 0.906409 -0.205796
1102.064178010999967 16.581229 19.481998 0.516051 -0.343649 0.141442 0.907806 -0.194388
1102.097351698000011 16.500092 19.226953 0.521415 -0.343320 0.148037 0.909280 -0.182829
1102.163700801999994 16.333745 18.752478 0.572272 -0.341513 0.158664 0.912560 -0.159463
1102.196970010000086 16.209872 18.471858 0.552285 -0.340340 0.164220 0.914019 -0.147543
1102.230038341000181 16.085395 18.238485 0.551210 -0.339190 0.169836 0.915189 -0.136142
1102.263212341000099 15.959460 18.023940 0.562079 -0.337616 0.175071 0.916324 -0.125363
1102.296385904000090 15.824299 17.844776 0.560948 -0.334445 0.180538 0.917708 -0.115605
1102.329557341000054 15.677525 17.660332 0.558530 -0.332693 0.185562 0.918643 -0.104776
1102.362730862000035 15.521374 17.466769 0.563535 -0.331491 0.190669 0.919148 -0.094476
1102.429119462000017 15.199674 17.080444 0.572333 -0.329061 0.200719 0.919883 -0.072429
1102.462245462000055 15.034978 16.893459 0.562380 -0.328242 0.204772 0.920236 -0.059090
1102.495455930000162 14.869462 16.714733 0.547909 -0.327269 0.208883 0.920382 -0.046478
1102.528630722000116 14.670430 16.534149 0.535268 -0.326772 0.213104 0.920176 -0.032897
1102.561803867999970 14.480014 16.365749 0.531377 -0.325813 0.217332 0.919926 -0.018695
1102.594969152999965 14.302660 16.206519 0.511823 -0.325002 0.220645 0.919607 -0.003399
1102.661274048999985 13.908928 15.918078 0.511185 -0.323698 0.227552 0.918077 0.023970
1102.694450101000029 13.690497 15.788004 0.492670 -0.321873 0.230518 0.917519 0.037672
1102.727621101000068 13.468598 15.614524 0.477690 -0.320363 0.233273 0.916648 0.052043
1102.760795100999985 13.249882 15.460487 0.462593 -0.316899 0.236064 0.916283 0.065385
1102.793963707000103 13.011771 15.333893 0.434007 -0.313619 0.238826 0.915607 0.079181
1102.827175550999982 12.791061 15.218167 0.414587 -0.310557 0.241825 0.914579 0.092844
1102.860348446999978 12.562218 15.141636 0.396407 -0.308234 0.245672 0.912775 0.107136
1102.893521656000075 12.335853 15.069063 0.378223 -0.305588 0.250127 0.910633 0.121656
1102.926695395000024 12.108248 15.004640 0.361501 -0.302263 0.255959 0.907991 0.136652
1102.993001447000097 11.665838 14.883146 0.376253 -0.294401 0.267373 0.902111 0.167437
1103.059346395000148 11.187526 14.760519 0.318038 -0.286390 0.277684 0.895095 0.199189
1103.092519551000123 10.922115 14.820278 0.276883 -0.283604 0.282513 0.890628 0.215722
1103.125692552000146 10.626683 14.823030 0.245905 -0.281465 0.286778 0.885640 0.232761
1103.192040550999991 10.197740 14.790773 0.262198 -0.275934 0.296243 0.875097 0.265153
1103.258385603000079 9.586591 14.840838 0.166426 -0.268210 0.304869 0.865200 0.294189
1103.291557551000096 9.284970 14.857489 0.084331 -0.265165 0.307749 0.860539 0.307329
1103.324816447000103 9.039717 14.900981 0.078145 -0.260929 0.310045 0.857171 0.317879
1103.391123550999964 8.606416 14.926983 0.156984 -0.256397 0.303972 0.855328 0.332077
1103.457425603000047 8.243758 15.112441 0.082201 -0.253309 0.293925 0.857732 0.337251
1103.490597602999969 7.373123 15.206385 -0.036589 -0.251086 0.290132 0.859061 0.338812
1103.523768812000071 7.405895 15.300994 -0.101436 -0.249878 0.286191 0.861698 0.336353
1103.557046448000165 7.183343 15.312451 -0.131188 -0.248532 0.280254 0.865575 0.332371
1103.590114447000133 6.889755 15.428180 -0.170658 -0.246418 0.271647 0.871412 0.325770
1103.623368395000170 6.700616 15.520404 -0.168996 -0.246486 0.262977 0.877093 0.317482
1103.656461551000120 6.417012 15.647997 -0.219086 -0.245865 0.253194 0.883675 0.307508
1103.689775499999996 6.150474 15.765205 -0.271786 -0.245657 0.242929 0.890484 0.296102
1103.722902447000024 5.878763 15.868346 -0.320410 -0.244796 0.231366 0.897933 0.283305
1103.755979498999977 5.585664 16.000594 -0.328162 -0.245201 0.219245 0.905122 0.269374
1103.789153395000085 5.303694 16.119411 -0.340863 -0.246029 0.206843 0.912073 0.254575
1103.822326499000155 5.023177 16.264818 -0.373685 -0.246674 0.194025 0.918848 0.239216
1103.855612603000054 4.786678 16.381518 -0.396602 -0.247312 0.181536 0.925419 0.222445
1103.888777395000034 4.473601 16.537884 -0.460219 -0.246462 0.166257 0.932186 0.206506
1103.921845343000086 4.185423 16.686527 -0.493812 -0.246703 0.150820 0.938275 0.189816
1103.955018447000157 3.912110 16.840135 -0.536692 -0.247233 0.134235 0.943959 0.172622
1103.988287550999985 3.631438 16.986859 -0.571200 -0.247988 0.116056 0.949109 0.155646
1104.021364604000155 3.367732 17.133241 -0.621933 -0.249041 0.098002 0.953601 0.137910
1104.054536499000051 3.100243 17.277799 -0.677659 -0.250024 0.078781 0.957543 0.119968
1104.087709550999989 2.819164 17.437738 -0.727146 -0.251124 0.060491 0.960690 0.101750
1104.120882499000118 2.522054 17.608993 -0.747837 -0.251760 0.041341 0.963345 0.082912
1104.154056499000035 2.245320 17.755306 -0.794915 -0.251465 0.020698 0.965579 0.063196
1104.187228448000042 2.032410 17.899366 -0.770003 -0.250679 -0.000160 0.967135 0.042555
1104.220487447000096 1.734914 18.039033 -0.840413 -0.248119 -0.021848 0.968256 0.020987
1104.253649395000139 1.395552 18.212922 -0.879953 -0.245669 -0.043234 0.968389 -0.000070
1104.286844447000021 1.081072 18.372874 -0.892974 -0.242553 -0.065561 0.967669 -0.022074
1104.319989961000147 0.788867 18.511779 -0.942338 -0.238667 -0.086505 0.966238 -0.044033
1104.353089014000034 0.483107 18.634437 -1.000039 -0.234305 -0.107828 0.963891 -0.066242
1104.386307221000152 0.103697 18.833514 -1.119438 -0.229348 -0.128847 0.960682 -0.088814
1104.419434066000122 -0.138856 18.881723 -1.040868 -0.224448 -0.148760 0.956733 -0.110256
1104.452652856999975 -0.436244 19.031045 -1.041981 -0.218889 -0.167205 0.952105 -0.132765
1104.485775989000103 -0.741471 19.146653 -1.049229 -0.212315 -0.185561 0.946727 -0.155559
1104.518948989000137 -1.038644 19.254435 -1.065361 -0.205248 -0.203846 0.940480 -0.178375
1104.552123042000176 -1.370436 19.365885 -1.094776 -0.198316 -0.221906 0.933248 -0.201189
1104.585293989000093 -1.687215 19.467969 -1.103601 -0.192088 -0.239833 0.925118 -0.223022
1104.618540989000167 -2.017636 19.562822 -1.138200 -0.185985 -0.256725 0.916302 -0.244728
1104.651636463000159 -2.360342 19.649772 -1.168103 -0.179334 -0.272559 0.907271 -0.265349
1104.684851411000182 -2.692447 19.723976 -1.172511 -0.171898 -0.289110 0.897228 -0.286092
1104.717985515000009 -3.035960 19.769349 -1.200306 -0.164894 -0.304768 0.886748 -0.305950
1104.751233568000089 -3.336283 19.824457 -1.191978 -0.157087 -0.318706 0.876365 -0.325167
1104.784408514999996 -3.659807 19.875862 -1.202483 -0.148775 -0.331129 0.865695 -0.344661
1104.817624991000002 -3.993211 19.917846 -1.203874 -0.141746 -0.342764 0.854378 -0.363949
1104.850739147000013 -4.333735 19.956277 -1.201360 -0.134710 -0.353219 0.842859 -0.382986
1104.883841043000075 -4.679570 20.001657 -1.198164 -0.127604 -0.363085 0.831080 -0.401488
1104.917054095000140 -5.029220 20.020926 -1.249047 -0.120887 -0.369670 0.820123 -0.419676
1104.950186147000068 -5.397744 20.032554 -1.264257 -0.114044 -0.376811 0.808157 -0.438053
1104.983435522000036 -5.771808 20.032011 -1.284890 -0.107128 -0.383171 0.795755 -0.456594
1105.016532626000071 -6.128788 20.021275 -1.294312 -0.101029 -0.388800 0.782961 -0.474974
1105.049796626999978 -6.493983 19.995152 -1.311442 -0.094775 -0.393103 0.770060 -0.493453
1105.083009469999979 -6.849422 19.969396 -1.319611 -0.088140 -0.396526 0.756672 -0.512296
1105.116088627000181 -7.128257 19.933016 -1.300794 -0.081749 -0.399479 0.743710 -0.529744
1105.149264626000104 -7.438937 19.898523 -1.300509 -0.074274 -0.401294 0.729263 -0.549201
1105.182393627000010 -7.761511 19.803256 -1.356035 -0.069049 -0.400075 0.715169 -0.568952
1105.215566626000054 -8.033514 19.705825 -1.412444 -0.061806 -0.397824 0.700778 -0.588919
1105.248738522000167 -8.282102 19.612791 -1.405197 -0.054485 -0.396043 0.685694 -0.608280
1105.281912574999978 -8.559481 19.509897 -1.416650 -0.046980 -0.393473 0.670738 -0.626963
1105.315125730000091 -8.841651 19.396252 -1.414925 -0.040708 -0.391866 0.655091 -0.644701
1105.348259782000014 -9.119863 19.273610 -1.426497 -0.034477 -0.390139 0.639067 -0.661964
1105.381563573999983 -9.373718 19.140357 -1.426616 -0.029059 -0.388568 0.622093 -0.679096
1105.414646626000149 -9.592839 19.005604 -1.431034 -0.023188 -0.386083 0.605542 -0.695500
1105.447779626000056 -9.809541 18.855594 -1.443405 -0.017477 -0.382807 0.589036 -0.711470
1105.480948522000062 -9.984186 18.695554 -1.496210 -0.010788 -0.378414 0.572437 -0.727326
1105.514122574000112 -10.153788 18.539537 -1.498914 -0.003821 -0.375589 0.554997 -0.742225
1105.547336626000060 -10.319527 18.376000 -1.518474 0.003299 -0.372816 0.538172 -0.755889
1105.580509522000057 -10.490477 18.209307 -1.526205 0.009597 -0.369772 0.520343 -0.769688
1105.613713729999972 -10.659722 18.042330 -1.530575 0.015034 -0.366264 0.502407 -0.783078
1105.646815470000092 -10.799390 17.864975 -1.534917 0.020680 -0.363793 0.483889 -0.795662
1105.679988678999962 -10.921766 17.687316 -1.537463 0.025895 -0.360883 0.464893 -0.808064
1105.713201626000000 -11.032039 17.511366 -1.544466 0.031776 -0.357285 0.445810 -0.820117
1105.746335521999981 -11.132362 17.341289 -1.538934 0.037571 -0.353342 0.425913 -0.832067
1105.779510084000094 -11.241428 17.158012 -1.538766 0.042678 -0.348661 0.406023 -0.843658
1105.812682604999964 -11.330559 16.953857 -1.570868 0.047752 -0.343513 0.385955 -0.854844
1105.845852678000028 -11.386621 16.759487 -1.612281 0.054345 -0.337846 0.366734 -0.865109
1105.879025626000157 -11.440792 16.575398 -1.610780 0.059845 -0.333781 0.346612 -0.874568
1105.912239730000010 -11.496491 16.391729 -1.617502 0.065179 -0.328626 0.326835 -0.883706
1105.945371782000166 -11.550472 16.209590 -1.612681 0.070770 -0.324055 0.306501 -0.892209
1105.978591521999988 -11.596650 16.024608 -1.611425 0.076851 -0.318923 0.286133 -0.900283
1106.011718783000106 -11.632651 15.841283 -1.605919 0.082823 -0.313515 0.266887 -0.907535
1106.078063678000035 -11.673603 15.474287 -1.596189 0.097199 -0.303490 0.228561 -0.919895
1106.111237147000111 -11.690924 15.289568 -1.588458 0.104007 -0.298668 0.209941 -0.925151
1106.144416991000071 -11.670509 15.117817 -1.573615 0.112168 -0.294722 0.190900 -0.929577
1106.210798710000063 -11.637227 14.760855 -1.564932 0.127302 -0.286120 0.155308 -0.936914
1106.243932417999986 -11.592232 14.588195 -1.554113 0.134218 -0.282364 0.138728 -0.939686
1106.277104625999982 -11.482999 14.425000 -1.580136 0.141638 -0.277303 0.120953 -0.942556
1106.310276469999963 -11.407032 14.259507 -1.564413 0.148089 -0.274061 0.102700 -0.944676
1106.343447470000001 -11.353048 14.101318 -1.548208 0.154455 -0.270972 0.084497 -0.946350
1106.376708574000077 -11.294021 13.951268 -1.535285 0.160659 -0.266761 0.066453 -0.947951
1106.442967574000022 -11.173543 13.670276 -1.513510 0.171393 -0.259530 0.029448 -0.949948
1106.476188522000029 -11.112208 13.537836 -1.502095 0.175820 -0.256203 0.010257 -0.950443
1106.509413418000122 -11.032792 13.410313 -1.487666 0.179568 -0.253414 -0.008060 -0.950511
1106.542565782000111 -10.947800 13.277700 -1.466419 0.182486 -0.250621 -0.026947 -0.950348
1106.575740679000091 -10.862350 13.164011 -1.447312 0.184233 -0.247789 -0.044168 -0.950109
1106.642007522000085 -10.661583 12.955957 -1.404978 0.184699 -0.244513 -0.075022 -0.948932
1106.675179417999971 -10.525985 12.852544 -1.409365 0.182809 -0.243571 -0.089303 -0.948303
1106.708390678000114 -10.402947 12.748960 -1.395593 0.182552 -0.242786 -0.102297 -0.947241
1106.774702918000003 -10.169559 12.574726 -1.364545 0.182190 -0.241165 -0.127697 -0.944637
1106.807869678000088 -10.048422 12.502595 -1.350954 0.181974 -0.240895 -0.138418 -0.943237
1106.874216886000113 -9.788426 12.377078 -1.317215 0.182977 -0.240624 -0.159071 -0.939849
1106.907460938999975 -9.691017 12.340475 -1.304580 0.183711 -0.240703 -0.165816 -0.938519
1106.940624678000177 -9.592075 12.288083 -1.280433 0.184873 -0.241300 -0.173469 -0.936752
1107.006952710000178 -9.286487 12.202230 -1.261512 0.186878 -0.241800 -0.189064 -0.933201
1107.040083574000164 -9.131607 12.173291 -1.249451 0.186465 -0.242252 -0.195199 -0.931902
1107.073257625999986 -8.972879 12.143747 -1.239057 0.184166 -0.242514 -0.200687 -0.931125
1107.106428418000178 -8.814846 12.120820 -1.223539 0.181210 -0.242697 -0.205304 -0.930651
1107.139601522000021 -8.659516 12.097272 -1.206500 0.178822 -0.243032 -0.209056 -0.930190
1107.205946521999977 -8.339404 12.071032 -1.173598 0.175150 -0.244062 -0.214751 -0.929321
1107.239118418000089 -8.187750 12.054067 -1.160961 0.173321 -0.244478 -0.217226 -0.928980
1107.272292470000139 -8.016772 12.054030 -1.148743 0.171530 -0.244818 -0.219216 -0.928755
1107.305606574999956 -7.838920 12.059261 -1.138877 0.169940 -0.244751 -0.221500 -0.928523
1107.338751626999965 -7.660496 12.070593 -1.127064 0.168175 -0.244457 -0.222832 -0.928603
1107.371811470000011 -7.500934 12.078754 -1.114504 0.166156 -0.243952 -0.224078 -0.928800
1107.405032470000151 -7.324217 12.091383 -1.105231 0.164454 -0.243123 -0.225772 -0.928910
1107.438197522000110 -7.137512 12.107445 -1.090820 0.162994 -0.242367 -0.227599 -0.928919
1107.471336522000001 -6.947611 12.131614 -1.077581 0.161693 -0.241889 -0.229225 -0.928871
1107.504503470000145 -6.751976 12.169641 -1.064915 0.160557 -0.241310 -0.231140 -0.928744
1107.537716626000019 -6.548054 12.216593 -1.044399 0.159396 -0.241197 -0.232696 -0.928584
1107.604022522000150 -6.135153 12.308551 -1.004864 0.157147 -0.242015 -0.235055 -0.928161
1107.637235522000083 -5.915153 12.433897 -0.983485 0.156138 -0.241794 -0.236830 -0.927938
1107.670408469999984 -5.709266 12.499088 -0.966878 0.155334 -0.241852 -0.237979 -0.927764
1107.736715678000110 -5.292219 12.629501 -0.935215 0.151690 -0.242504 -0.239587 -0.927782
1107.769887469999958 -5.082106 12.701159 -0.921152 0.149428 -0.242251 -0.240552 -0.927966
1107.803061575000129 -4.861615 12.775179 -0.905266 0.147365 -0.242250 -0.241962 -0.927929
1107.869445521999978 -4.425463 12.916718 -0.873397 0.144958 -0.241878 -0.247488 -0.926948
1107.935751730999982 -3.967749 13.095976 -0.844749 0.144992 -0.239913 -0.255907 -0.925165
1107.968926418000137 -3.762229 13.174961 -0.835386 0.147068 -0.237145 -0.260883 -0.924161
1108.002098574000001 -3.539501 13.253480 -0.818196 0.150050 -0.233585 -0.266896 -0.922870
1108.035344470000155 -3.303156 13.371148 -0.803965 0.153843 -0.228989 -0.274001 -0.921314
1108.068522562999988 -3.070186 13.461678 -0.783582 0.158873 -0.224469 -0.281060 -0.919445
1108.101725730999988 -2.834505 13.547920 -0.763390 0.163655 -0.219888 -0.287507 -0.917718
1108.134802574000105 -2.604782 13.623869 -0.737985 0.167636 -0.215398 -0.293122 -0.916287
1108.168013574000042 -2.363902 13.744304 -0.722211 0.173179 -0.210362 -0.298809 -0.914587
1108.201140937999980 -2.126922 13.867745 -0.699801 0.177716 -0.205427 -0.304135 -0.913082
1108.234310521999987 -1.895855 14.010270 -0.691628 0.180617 -0.201252 -0.309044 -0.911793
1108.300655887000175 -1.429295 14.272949 -0.653666 0.183393 -0.195031 -0.315778 -0.910283
1108.333831084000167 -1.196073 14.408522 -0.636414 0.183776 -0.193117 -0.318808 -0.909557
1108.367003814000100 -0.946793 14.556223 -0.637577 0.183237 -0.191688 -0.321238 -0.909113
1108.400174147000143 -0.705612 14.678255 -0.609720 0.180740 -0.191435 -0.323260 -0.908949
1108.433347408000145 -0.457557 14.817722 -0.596745 0.179374 -0.191048 -0.324288 -0.908935
1108.466620938999995 -0.210592 14.956538 -0.584204 0.178375 -0.190674 -0.325766 -0.908682
1108.499775990999979 0.024651 15.102938 -0.570722 0.177683 -0.189234 -0.326598 -0.908820
1108.566046407000158 0.518257 15.405546 -0.536813 0.175982 -0.185791 -0.328450 -0.909193
1108.599300574000154 0.769006 15.546464 -0.524707 0.174209 -0.184704 -0.329330 -0.909438
1108.632388574000061 1.019621 15.679934 -0.488409 0.173756 -0.183829 -0.328874 -0.909867
1108.665679469999986 1.276962 15.849248 -0.480882 0.173910 -0.183269 -0.329136 -0.909856
1108.698831564000102 1.523811 16.009405 -0.465538 0.174426 -0.183054 -0.329182 -0.909783
1108.731906835000018 1.735362 16.183169 -0.461481 0.175166 -0.181750 -0.329832 -0.909667
1108.798258251000107 1.956069 16.270331 -0.428175 0.179240 -0.180491 -0.330094 -0.909029
1108.831423782000002 2.382974 16.646959 -0.399325 0.182520 -0.178368 -0.330678 -0.908583
1108.864670887000102 2.653719 16.878607 -0.418115 0.185043 -0.176433 -0.331034 -0.908321
1108.897837679000077 2.890102 17.066193 -0.408236 0.187527 -0.174679 -0.331649 -0.907926
1108.964115522000156 3.163277 17.229769 -0.372299 0.191670 -0.172923 -0.331676 -0.907387
1108.997330522000084 3.578826 17.623179 -0.377929 0.192601 -0.171273 -0.331546 -0.907550
1109.030593043000181 3.813766 17.833892 -0.366284 0.192015 -0.170565 -0.331413 -0.907856
1109.063634470000125 4.046059 18.032483 -0.346364 0.191106 -0.169933 -0.331174 -0.908254
1109.096808470000042 4.276035 18.232737 -0.340378 0.189474 -0.168844 -0.330927 -0.908889
1109.130056679000063 4.517485 18.436051 -0.339458 0.186754 -0.167293 -0.331116 -0.909669
1109.163232522000044 4.743638 18.632897 -0.333146 0.182848 -0.167023 -0.331120 -0.910511
1109.196327470000142 4.964809 18.838361 -0.327957 0.177287 -0.168030 -0.330588 -0.911618
1109.229609470000014 5.188149 19.037561 -0.336631 0.171026 -0.169646 -0.329966 -0.912739
1109.262673522000114 5.434300 19.241176 -0.338533 0.165085 -0.171870 -0.328962 -0.913779
1109.295845626000073 5.730080 19.476516 -0.319361 0.160157 -0.173002 -0.328554 -0.914588
1109.329059522000080 6.037013 19.710720 -0.297519 0.154989 -0.174485 -0.327631 -0.915528
1109.362281574000008 6.312802 19.927530 -0.280847 0.149556 -0.175800 -0.327905 -0.916082
1109.395407418000104 6.573111 20.144460 -0.271265 0.144783 -0.176307 -0.326673 -0.917191
1109.428538573999958 6.788876 20.361188 -0.269345 0.139819 -0.177108 -0.326075 -0.918019
1109.461753626000018 7.010037 20.572653 -0.262843 0.134498 -0.177906 -0.325001 -0.919039
1109.494967470000120 7.230467 20.793268 -0.263612 0.128245 -0.180132 -0.323959 -0.919868
1109.528055574000064 7.452960 21.013438 -0.262142 0.120995 -0.181216 -0.323312 -0.920864
1109.561229573999981 7.668353 21.220272 -0.249733 0.113854 -0.182393 -0.323808 -0.921368
1109.594402574000014 7.918121 21.462719 -0.264515 0.106941 -0.183194 -0.323747 -0.922058
1109.627575522000143 8.158791 21.691501 -0.269267 0.099735 -0.183534 -0.323297 -0.922956
1109.660798503000024 8.390531 21.928991 -0.270418 0.092987 -0.183323 -0.322803 -0.923875
1109.693968170000062 8.643679 22.179871 -0.256188 0.087103 -0.183712 -0.322774 -0.924381
1109.727101169999969 8.894687 22.426264 -0.244240 0.083078 -0.183125 -0.323909 -0.924471
1109.760370045000172 9.147115 22.670318 -0.236732 0.079096 -0.183372 -0.324296 -0.924636
1109.793447274000073 9.372392 22.892643 -0.199692 0.075942 -0.183840 -0.326839 -0.923911
1109.826626636000128 9.629330 23.134529 -0.216216 0.075816 -0.183241 -0.328606 -0.923414
1109.859800364999955 9.883595 23.382638 -0.227363 0.076194 -0.183579 -0.330972 -0.922470
1109.893014260999962 10.118245 23.612964 -0.223429 0.077192 -0.182922 -0.334456 -0.921260
1109.926145792000170 10.352021 23.841401 -0.232353 0.079616 -0.182717 -0.338314 -0.919684
1109.959318791999976 10.597491 24.072543 -0.231393 0.082679 -0.182723 -0.343639 -0.917436
1109.992503728999964 10.813287 24.261237 -0.212970 0.087534 -0.180457 -0.349193 -0.915335
1110.025681896000151 11.074988 24.511632 -0.240244 0.093629 -0.176893 -0.355701 -0.912918
1110.058890948999988 11.292300 24.735774 -0.222835 0.100803 -0.173250 -0.363014 -0.909969
1110.092019791999974 11.517007 24.953104 -0.226332 0.107498 -0.170000 -0.369633 -0.907147
1110.125293896000130 11.751563 25.185624 -0.234870 0.114327 -0.167007 -0.376800 -0.903914
1110.158374287000015 11.992195 25.425345 -0.247862 0.120313 -0.164028 -0.383461 -0.900876
1110.191547235000144 12.229707 25.649196 -0.252575 0.126691 -0.161686 -0.389718 -0.897734
1110.224759443000039 12.459357 25.882703 -0.264377 0.133734 -0.158575 -0.396909 -0.894110
1110.257933339000147 12.688939 26.111693 -0.271005 0.140670 -0.155232 -0.404122 -0.890393
1110.291110860000117 12.930009 26.352348 -0.262557 0.147906 -0.151909 -0.412106 -0.886124
1110.357419434000121 13.401171 26.825816 -0.282090 0.161129 -0.145684 -0.427818 -0.877374
1110.390593589999980 13.528781 26.983031 -0.257373 0.168281 -0.142925 -0.438045 -0.871419
1110.423764642000151 13.774287 27.241516 -0.260814 0.176581 -0.138656 -0.449063 -0.864833
1110.490111694000007 14.239635 27.712582 -0.241415 0.195710 -0.131516 -0.472483 -0.849212
1110.523285433000183 14.543057 28.035721 -0.314865 0.206037 -0.126283 -0.486682 -0.839489
1110.589637157999960 14.888106 28.444068 -0.312204 0.228307 -0.113355 -0.515004 -0.818412
1110.622811106999961 15.196561 28.721736 -0.349811 0.241095 -0.105291 -0.529057 -0.806775
1110.689196949999996 15.605549 29.064144 -0.372922 0.266550 -0.088906 -0.560083 -0.779329
1110.722329002000151 15.863426 29.491529 -0.347883 0.279689 -0.078084 -0.575440 -0.764556
1110.755503106000106 16.086538 29.802982 -0.400166 0.291621 -0.066558 -0.590725 -0.749381
1110.821855608000078 16.499794 30.348657 -0.438618 0.317155 -0.040538 -0.623667 -0.713308
1110.855072348000022 16.705189 30.635357 -0.461042 0.328754 -0.026900 -0.639688 -0.694259
1110.888201451999976 16.875243 30.899010 -0.475833 0.340073 -0.013135 -0.655640 -0.674028
1110.921468347999962 17.075284 31.211933 -0.516159 0.351579 0.000738 -0.672358 -0.651404
1110.954548295999984 17.260354 31.476995 -0.523695 0.362920 0.014514 -0.688178 -0.628084
1110.987767891999965 17.432577 31.788095 -0.577593 0.372359 0.027792 -0.703716 -0.604450
1111.020940787999962 17.560794 32.053685 -0.560986 0.381033 0.039702 -0.718761 -0.580190
1111.054160945000149 17.712356 32.349072 -0.589043 0.388403 0.051473 -0.733741 -0.555084
1111.087329788000034 17.856951 32.658558 -0.600528 0.395018 0.062002 -0.747972 -0.529767
1111.153606736000029 18.193260 33.227437 -0.624017 0.407334 0.085297 -0.774778 -0.475943
1111.186772323000014 18.238989 33.613167 -0.688450 0.411802 0.096610 -0.786860 -0.449374
1111.253118584000049 18.395961 34.232289 -0.687764 0.421412 0.118879 -0.806789 -0.396700
1111.286303353999983 18.477114 34.549726 -0.682145 0.424468 0.129669 -0.816544 -0.369146
1111.352636323000070 18.492253 35.047571 -0.694831 0.428162 0.150820 -0.833249 -0.315636
1111.385811427000135 18.636522 35.521656 -0.743330 0.428371 0.160518 -0.840622 -0.289978
1111.452226323000104 18.522319 36.023112 -0.702985 0.430074 0.175207 -0.850999 -0.245234
1111.485329531000161 18.580010 36.436075 -0.827608 0.426599 0.182609 -0.857214 -0.223275
1111.551675896000006 18.439627 37.077684 -0.895949 0.424248 0.196262 -0.864619 -0.184197
1111.618061428000146 18.287711 37.532371 -0.987230 0.418879 0.206486 -0.871702 -0.148456
1111.651252323000108 18.181786 37.929860 -1.007671 0.414943 0.209976 -0.875638 -0.130349
1111.684456375000082 18.119319 38.157863 -1.009687 0.411633 0.212942 -0.878838 -0.113392
1111.717539271000078 18.032234 38.296840 -1.007579 0.407275 0.214651 -0.882559 -0.095614
1111.750796375000164 17.974790 38.570469 -1.074476 0.403648 0.217196 -0.885315 -0.078175
1111.817059375000099 17.772187 38.971100 -1.139143 0.393124 0.222527 -0.891249 -0.040132
1111.850274427000159 17.581150 39.443066 -1.250516 0.387735 0.224901 -0.893705 -0.019330
1111.883405218999997 17.449440 39.588654 -1.301316 0.382587 0.226009 -0.895849 0.001438
1111.916578479999998 17.386895 39.814608 -1.372298 0.377432 0.228191 -0.897205 0.022294
1111.949846322999974 17.442989 40.013705 -1.365606 0.370657 0.230686 -0.898471 0.046340
1111.982922427000176 17.122908 40.370777 -1.582965 0.362253 0.231014 -0.900506 0.067047
1112.049269427000127 16.824444 40.758095 -1.663988 0.351160 0.234568 -0.899877 0.109025
1112.082443375000139 16.686633 40.954642 -1.686005 0.345882 0.234601 -0.899181 0.129618
1112.115616479999971 16.298681 41.265252 -1.831162 0.339645 0.236126 -0.897960 0.150178
1112.148877323000079 15.953654 41.535640 -1.929654 0.333180 0.237483 -0.896452 0.170197
1112.181962375000012 15.747620 41.663414 -1.918841 0.326635 0.239041 -0.894321 0.190678
1112.215135271000008 15.608833 41.736919 -1.985072 0.319794 0.239504 -0.892185 0.210656
1112.248308324000163 15.314706 41.844140 -2.008913 0.313857 0.240656 -0.889806 0.227649
1112.314729219000128 14.965297 41.933822 -1.993933 0.299582 0.240100 -0.883740 0.267593
1112.347828218000132 14.639245 41.995031 -2.074962 0.290597 0.237803 -0.881396 0.286608
1112.380999375000101 14.413006 42.022512 -2.101059 0.281050 0.238083 -0.877668 0.306638
1112.414173323000114 13.994340 42.093447 -2.209397 0.272248 0.239220 -0.873890 0.323992
1112.447347427000068 13.839015 42.113540 -2.221697 0.263241 0.237694 -0.869997 0.342506
1112.480518323000069 13.685227 42.126450 -2.239572 0.255301 0.235907 -0.865220 0.361337
1112.546864428000163 13.244362 42.204613 -2.297777 0.236109 0.235573 -0.854513 0.398203
1112.580037376000064 13.095744 42.292488 -2.354733 0.225195 0.236065 -0.848583 0.416495
1112.613210375000108 12.860155 42.318104 -2.397725 0.216255 0.237086 -0.842642 0.432409
1112.679601375000175 12.410921 42.271084 -2.451991 0.197518 0.237105 -0.831578 0.461786
1112.712740479000104 12.201203 42.240845 -2.486149 0.188564 0.238747 -0.825179 0.475945
1112.745904375000009 11.994054 42.204428 -2.498613 0.177882 0.238841 -0.819558 0.489528
1112.779078376000143 11.755435 42.151195 -2.515729 0.168339 0.237923 -0.813774 0.502818
1112.812249219000023 11.534915 42.063879 -2.542148 0.158255 0.237835 -0.807578 0.515953
1112.845461375000014 11.300828 41.989440 -2.558728 0.150053 0.239158 -0.800706 0.528353
1112.878597614999990 11.079461 41.906812 -2.563759 0.142187 0.240359 -0.793804 0.540265
1112.911768479000102 10.858755 41.817816 -2.571845 0.134921 0.240763 -0.786900 0.551921
1112.944981375999987 10.651912 41.715288 -2.579220 0.127680 0.240522 -0.779836 0.563652
1112.978153635000126 10.425381 41.611591 -2.580070 0.120459 0.240761 -0.773448 0.573849
1113.011286171000165 10.185425 41.509435 -2.582583 0.113481 0.240261 -0.767027 0.584008
1113.044497118999971 9.942796 41.410554 -2.597544 0.107236 0.240545 -0.759963 0.594218
1113.077669119000120 9.711354 41.331584 -2.603863 0.100472 0.241794 -0.751743 0.605247
1113.110844014000122 9.497267 41.261668 -2.597810 0.093860 0.244124 -0.743696 0.615232
1113.144015171000092 9.274034 41.167720 -2.600222 0.089057 0.246233 -0.736683 0.623488
1113.177242402000047 9.081798 41.041965 -2.604836 0.084033 0.249018 -0.728352 0.632796
1113.210416662000171 8.895204 40.911721 -2.597429 0.078791 0.252632 -0.720832 0.640601
1113.276667504999978 8.560655 40.653507 -2.589321 0.068155 0.260602 -0.705287 0.655753
1113.309833235000042 8.403090 40.521341 -2.579359 0.064062 0.265964 -0.697567 0.662238
1113.376278610000099 8.046139 40.240312 -2.571792 0.057766 0.272050 -0.683888 0.674499
1113.409347010000147 7.866804 40.096178 -2.572964 0.057179 0.274664 -0.677757 0.679659
1113.475784583000177 7.506255 39.792032 -2.560184 0.055532 0.278500 -0.666349 0.689444
1113.509004904999983 7.395961 39.621876 -2.583851 0.056348 0.279756 -0.661061 0.693945
1113.542187010000134 7.252514 39.458695 -2.573327 0.057565 0.280982 -0.656920 0.697274
1113.575322749000179 7.100044 39.279816 -2.564525 0.058653 0.279913 -0.652842 0.701432
1113.608381460000146 6.964547 39.101209 -2.557565 0.060911 0.278363 -0.649405 0.705037
1113.641554199999973 6.814942 38.917596 -2.546742 0.062712 0.276353 -0.645952 0.708832
1113.674727200000007 6.675176 38.735746 -2.532203 0.063523 0.273831 -0.642862 0.712538
1113.707968356000038 6.534727 38.543127 -2.524420 0.065269 0.271524 -0.639044 0.716685
1113.741177273000176 6.387225 38.341814 -2.509564 0.066967 0.268444 -0.635135 0.721149
1113.774319352000020 6.294951 38.153914 -2.503004 0.067684 0.266019 -0.630990 0.725606
1113.807417507000082 6.196029 37.957914 -2.484662 0.068318 0.263638 -0.626971 0.729887
1113.840588352000168 6.089059 37.743580 -2.465781 0.068421 0.261690 -0.622979 0.733985
1113.873882028000025 5.974002 37.514561 -2.450410 0.068659 0.259451 -0.619257 0.737897
1113.906939601999966 5.852710 37.296569 -2.420358 0.068488 0.256980 -0.616234 0.741300
1113.940110602000004 5.733505 37.058413 -2.430862 0.070656 0.254124 -0.612912 0.744828
1113.973286029000064 5.618254 36.827671 -2.411690 0.070490 0.251487 -0.609949 0.748163
1114.006458768000130 5.534875 36.596914 -2.411108 0.070210 0.247434 -0.607540 0.751493
1114.039633195000079 5.460208 36.371755 -2.387664 0.068631 0.244509 -0.605307 0.754393
1114.072908871999971 5.401659 36.149341 -2.358286 0.067678 0.240778 -0.602255 0.758112
1114.105970109000054 5.331993 35.921878 -2.326015 0.065246 0.238111 -0.598983 0.761752
1114.139142057000072 5.252727 35.674723 -2.299238 0.062471 0.234577 -0.594941 0.766235
1114.172315536000042 5.157287 35.419869 -2.271227 0.058390 0.230766 -0.590124 0.771422
1114.205486432000043 5.067892 35.149827 -2.247954 0.054419 0.226507 -0.584538 0.777206
1114.238659640000151 5.007722 34.897855 -2.223846 0.048867 0.223297 -0.577871 0.783464
1114.271827301000030 4.941247 34.644503 -2.202672 0.042052 0.220648 -0.570744 0.789809
1114.304999093000106 4.896089 34.400641 -2.173303 0.035228 0.219080 -0.562423 0.796520
1114.338172405000023 4.857045 34.158304 -2.144245 0.028088 0.218418 -0.553361 0.803303
1114.404519405999963 4.776292 33.659410 -2.085119 0.015358 0.216347 -0.533877 0.817272
1114.470905144999961 4.724005 33.174461 -2.021961 0.006191 0.214107 -0.513480 0.830938
1114.504125079999994 4.683067 32.906127 -1.981957 0.001960 0.211783 -0.503599 0.837575
1114.570479872000078 4.624689 32.367270 -1.912733 -0.004883 0.210135 -0.483465 0.849754
1114.603621028000134 4.617775 32.132637 -1.865578 -0.008138 0.209734 -0.473572 0.855380
1114.636763185000063 4.592732 31.853650 -1.851821 -0.010567 0.208392 -0.464133 0.860838
1114.669894976000023 4.583852 31.593784 -1.821806 -0.014302 0.209537 -0.454460 0.865653
1114.703104108000161 4.592581 31.361406 -1.804350 -0.018471 0.210043 -0.444269 0.870727
1114.736236847000100 4.595640 31.111899 -1.776462 -0.022480 0.210078 -0.434179 0.875700
1114.769449628000075 4.598010 30.853828 -1.743187 -0.026707 0.211083 -0.424072 0.880280
1114.802665681000008 4.605321 30.619503 -1.707347 -0.031264 0.211889 -0.413936 0.884750
1114.835756420000052 4.622393 30.362111 -1.682766 -0.036242 0.213048 -0.403864 0.888927
1114.868923093000149 4.589808 30.121227 -1.584617 -0.042193 0.214964 -0.394274 0.892501
1114.902095832999976 4.644865 29.845775 -1.586022 -0.047412 0.215581 -0.384635 0.896288
1114.935311885000147 4.664841 29.593970 -1.541164 -0.053132 0.217246 -0.375459 0.899451
1115.034929072000068 4.717973 28.902850 -1.416958 -0.070756 0.221862 -0.348294 0.907999
1115.068072561999998 4.811573 28.677635 -1.419950 -0.075795 0.223024 -0.340255 0.910353
1115.101180197000076 4.847704 28.386320 -1.388084 -0.080593 0.224148 -0.331822 0.912774
1115.134349198000109 4.894656 28.132249 -1.365755 -0.084935 0.224413 -0.323609 0.915261
1115.167521937000174 4.954124 27.882675 -1.333112 -0.089755 0.224054 -0.315451 0.917733
1115.200741041000128 5.018544 27.650309 -1.301712 -0.094943 0.224865 -0.307282 0.919782
1115.233829458000173 5.086037 27.450751 -1.264003 -0.098867 0.225436 -0.299485 0.921799
1115.267096991000017 5.158897 27.252565 -1.230904 -0.102998 0.226164 -0.291544 0.923712
1115.300222710000071 5.240188 27.057118 -1.185260 -0.107936 0.226693 -0.283549 0.925505
1115.366556887000115 5.403698 26.628981 -1.115833 -0.115332 0.226293 -0.267306 0.929536
1115.399690042999964 5.496867 26.395392 -1.080512 -0.120130 0.226259 -0.258816 0.931338
1115.432862200000045 5.600939 26.177783 -1.058441 -0.124929 0.225887 -0.249815 0.933253
1115.466030135999972 5.701957 25.954177 -1.016227 -0.130210 0.225005 -0.240635 0.935154
1115.499203980000175 5.809779 25.766529 -0.985989 -0.135272 0.223320 -0.231370 0.937175
1115.532376292999970 5.921233 25.575524 -0.958444 -0.139712 0.221905 -0.221558 0.939229
1115.565547032000040 6.038506 25.278078 -0.920855 -0.145482 0.221070 -0.211492 0.940869
1115.598762345000068 6.150230 25.016796 -0.873118 -0.151791 0.219966 -0.200242 0.942591
1115.631937189000155 6.270505 24.791950 -0.833641 -0.157554 0.218623 -0.189337 0.944210
1115.665107188000093 6.394875 24.594644 -0.808560 -0.164012 0.218121 -0.177923 0.945445
1115.698327188000121 6.512358 24.456000 -0.779296 -0.170743 0.216858 -0.165868 0.946735
1115.764589188000173 6.768828 24.155744 -0.723938 -0.184415 0.212917 -0.140249 0.949204
1115.797761188000095 6.915920 24.009107 -0.698217 -0.191103 0.210532 -0.127075 0.950267
1115.830935241000134 7.055701 23.875577 -0.678109 -0.198327 0.208219 -0.113347 0.951033
1115.864106032000109 7.188703 23.738604 -0.654160 -0.204676 0.206169 -0.099071 0.951729
1115.897319032000041 7.350895 23.590220 -0.638147 -0.211698 0.204074 -0.085075 0.951998
1115.930450032000181 7.514504 23.430256 -0.601645 -0.218768 0.202335 -0.070403 0.951969
1115.963732187999994 7.682658 23.275453 -0.576644 -0.225380 0.200130 -0.055459 0.951880
1116.030011135999985 8.002773 23.007253 -0.519267 -0.238661 0.196366 -0.025324 0.950705
1116.063144188000024 8.178618 22.884852 -0.514178 -0.243767 0.196197 -0.009774 0.949731
1116.096317552000073 8.342455 22.777129 -0.494088 -0.249630 0.194248 0.007086 0.948632
1116.162664594000034 8.698439 22.519116 -0.443701 -0.259380 0.190159 0.039634 0.946040
1116.195836031999988 8.887975 22.392502 -0.425125 -0.263536 0.187862 0.056449 0.944495
1116.229048187999979 9.071111 22.283066 -0.402300 -0.268298 0.186017 0.073204 0.942367
1116.295395084000120 9.425907 22.118268 -0.387020 -0.277104 0.181048 0.107274 0.937511
1116.328530084000022 9.616616 22.021069 -0.357910 -0.282845 0.178205 0.124610 0.934192
1116.361700084000177 9.810604 21.937583 -0.347264 -0.288507 0.174542 0.142777 0.930545
1116.394962449000104 9.999346 21.862162 -0.331892 -0.294716 0.170343 0.161330 0.926336
1116.428048698000111 10.177979 21.814511 -0.326182 -0.300093 0.165397 0.178543 0.922340
1116.461221647000002 10.365569 21.774762 -0.325440 -0.305989 0.160209 0.196805 0.917590
1116.494466449000129 10.557122 21.751214 -0.321832 -0.312205 0.154780 0.214142 0.912532
1116.560786730000018 10.872606 21.679972 -0.296889 -0.326421 0.143117 0.250761 0.900048
1116.593955741000173 11.094165 21.693775 -0.333045 -0.330621 0.138210 0.269219 0.893929
1116.660258084000134 11.401141 21.546575 -0.312871 -0.342216 0.126015 0.305081 0.879735
1116.693430397000157 11.654035 21.578531 -0.292786 -0.348636 0.120068 0.324323 0.871121
1116.759777397000107 11.914908 21.584731 -0.215658 -0.358631 0.108959 0.359991 0.854352
1116.792990188999966 12.253023 21.675247 -0.286866 -0.361384 0.101648 0.377574 0.846468
1116.859339136000017 12.618051 21.822536 -0.292550 -0.367993 0.088188 0.413788 0.828000
1116.892557259000114 12.831701 21.869260 -0.278830 -0.369892 0.081941 0.431140 0.818892
1116.958861259000059 13.171279 21.739110 -0.250413 -0.374704 0.066258 0.468077 0.797565
1116.992035258999977 13.365904 21.958879 -0.280093 -0.376164 0.061162 0.485268 0.786941
1117.091523155000004 13.944207 22.112306 -0.294476 -0.381128 0.039055 0.540350 0.749158
1117.124719259000130 14.049588 22.398430 -0.286794 -0.382853 0.029782 0.558164 0.735520
1117.157865047000087 14.146196 22.543480 -0.297574 -0.382825 0.021711 0.576114 0.721849
1117.191037993999998 14.207993 22.669620 -0.327444 -0.382588 0.013372 0.593908 0.707617
1117.224210994000032 14.295042 22.830436 -0.350278 -0.382780 0.005023 0.611452 0.692518
1117.257465046000107 14.373413 22.975384 -0.358750 -0.383488 -0.005943 0.627570 0.677538
1117.323808942000142 14.537587 23.286861 -0.364475 -0.383731 -0.023334 0.660348 0.645095
1117.357001784999966 14.587109 23.439733 -0.363898 -0.384671 -0.031665 0.675522 0.628248
1117.390099316000033 14.643346 23.587000 -0.332990 -0.386875 -0.039411 0.689530 0.611002
1117.456428420000066 14.783996 23.898697 -0.352582 -0.389007 -0.056554 0.715862 0.577076
1117.489732367999977 14.835697 24.038236 -0.350225 -0.388525 -0.064110 0.727934 0.561294
1117.522850420000168 14.856211 24.191769 -0.349984 -0.388395 -0.072768 0.739800 0.544564
1117.556068674000016 14.852189 24.327304 -0.352132 -0.387649 -0.081640 0.751314 0.527816
1117.622299623000117 14.896262 24.646614 -0.400673 -0.385311 -0.098608 0.772628 0.494831
1117.655510007999965 14.867296 24.935224 -0.458333 -0.383648 -0.106286 0.782716 0.478407
1117.688687237000067 14.858340 25.114161 -0.460396 -0.382793 -0.112259 0.792295 0.461667
1117.721860091000053 14.829180 25.432654 -0.454024 -0.382017 -0.119637 0.801597 0.444062
1117.755030591000150 14.874593 25.532294 -0.488574 -0.380192 -0.124939 0.811008 0.426743
1117.788164591000168 14.754461 25.732194 -0.497553 -0.378333 -0.129399 0.818990 0.411553
1117.821379852000064 14.731032 25.837676 -0.521782 -0.375953 -0.131817 0.826093 0.398566
1117.854550591000134 14.677069 25.993282 -0.514211 -0.373698 -0.130506 0.832663 0.387285
1117.887721591000172 14.617007 26.123282 -0.512793 -0.371176 -0.125360 0.838509 0.378704
1117.920894695000015 14.521535 26.346520 -0.524405 -0.368199 -0.118395 0.843482 0.372760
1117.954067643000144 14.419944 26.533411 -0.558575 -0.365425 -0.108523 0.847586 0.369168
1117.987239799000008 14.347183 26.727936 -0.631287 -0.359820 -0.096784 0.850908 0.370295
1118.020414695999989 14.241117 26.919713 -0.658542 -0.353349 -0.081443 0.853358 0.374554
1118.053586591000112 14.154996 27.089318 -0.685447 -0.346007 -0.063284 0.855410 0.380195
1118.086759747000087 14.043393 27.265398 -0.709985 -0.337703 -0.044526 0.856819 0.387086
1118.119932694999989 13.946480 27.436639 -0.679843 -0.329957 -0.024986 0.857661 0.393601
1118.153065695000123 13.840276 27.597282 -0.713207 -0.321913 -0.006526 0.858139 0.399909
1118.186239800000067 13.741142 27.815683 -0.747734 -0.313656 0.010077 0.858003 0.406632
1118.219451539000147 13.580906 27.983199 -0.830310 -0.305935 0.025224 0.856971 0.413967
1118.252593746000002 13.436682 28.169372 -0.860582 -0.297303 0.039892 0.855593 0.421877
1118.285761954000009 13.280148 28.353314 -0.899198 -0.289366 0.053988 0.853369 0.430250
1118.318936955000027 13.135173 28.528768 -0.917921 -0.280159 0.068217 0.850702 0.439503
1118.352150694000102 12.985365 28.724054 -0.953666 -0.271416 0.081448 0.847534 0.448760
1118.385280694000130 12.847481 28.949099 -0.967562 -0.262907 0.094524 0.843757 0.458278
1118.418460960000175 12.686950 29.157479 -0.998442 -0.253568 0.107592 0.839756 0.467908
1118.451740907000158 12.528469 29.381908 -1.020093 -0.243965 0.120975 0.835056 0.478047
1118.484811855000089 12.354499 29.618715 -1.042508 -0.234857 0.134306 0.829758 0.488166
1118.517980855000133 12.207744 29.842470 -1.065067 -0.224854 0.148482 0.823838 0.498683
1118.551196855000171 12.025809 30.025964 -1.051016 -0.216231 0.161233 0.816233 0.510893
1118.584332574999962 11.861612 30.216504 -1.063902 -0.207155 0.176297 0.807506 0.523394
1118.617504576000101 11.693643 30.298486 -1.044556 -0.198578 0.190034 0.797266 0.537420
1118.650679627000045 11.545000 30.604630 -1.069166 -0.188754 0.203621 0.787633 0.550041
1118.683851575000062 11.388868 30.827436 -1.093130 -0.179246 0.217230 0.776694 0.563407
1118.717024783000170 11.234429 31.041498 -1.119609 -0.169922 0.230403 0.764837 0.577118
1118.750204171000178 11.057761 31.276904 -1.159483 -0.160394 0.241849 0.752421 0.591308
1118.783378858000106 10.898697 31.517727 -1.180533 -0.151330 0.253020 0.739677 0.604945
1118.816550753999991 10.743292 31.762193 -1.206891 -0.140826 0.264128 0.726160 0.618948
1118.849721494000050 10.568615 32.050733 -1.223913 -0.131445 0.274622 0.712054 0.632679
1118.882896650000021 10.402373 32.321025 -1.236814 -0.121894 0.284105 0.697372 0.646605
1118.949246669000104 10.079244 32.882440 -1.292603 -0.101075 0.303120 0.665790 0.674260
1118.982422721000148 9.900019 33.192722 -1.338589 -0.090838 0.311726 0.648485 0.688507
1119.048766669000088 9.595152 33.765201 -1.399660 -0.069860 0.330451 0.611297 0.715708
1119.081939659000000 9.454778 34.077869 -1.454137 -0.059021 0.339496 0.591882 0.728653
1119.115114086000176 9.313396 34.349224 -1.480983 -0.047947 0.348517 0.571438 0.741415
1119.148393550000037 9.179007 34.660740 -1.540736 -0.036779 0.355117 0.551471 0.753936
1119.181463654000027 9.067030 34.957222 -1.576568 -0.025108 0.362625 0.530922 0.765503
1119.247818498000015 8.866713 35.513303 -1.650991 0.000357 0.376202 0.489447 0.786711
1119.281049550000034 8.780851 35.809699 -1.701322 0.012634 0.381311 0.469356 0.796334
1119.314185446000010 8.689375 36.109669 -1.737755 0.025938 0.385350 0.448609 0.805967
1119.380510445000027 8.529104 36.709487 -1.823027 0.051013 0.391668 0.407834 0.823204
1119.413682547999997 8.470236 37.054117 -1.896299 0.062027 0.392330 0.387814 0.831763
1119.480027392000011 8.395912 37.648034 -2.012417 0.082216 0.389206 0.348919 0.848537
1119.546464391999962 8.347971 38.338910 -2.143310 0.101653 0.384095 0.308895 0.864130
1119.579548016999979 8.362272 38.697976 -2.215780 0.109735 0.380711 0.289431 0.871348
1119.612735420000035 8.387722 39.013162 -2.325000 0.116123 0.374484 0.268762 0.879798
1119.646001472000080 8.386678 39.231652 -2.348729 0.124242 0.370270 0.247046 0.886810
1119.679184451000083 8.424508 39.512734 -2.407565 0.132159 0.364855 0.225831 0.893541
1119.712346690999993 8.470513 39.764482 -2.444665 0.139042 0.359738 0.204400 0.899709
1119.778592857000149 8.625966 40.308222 -2.577632 0.152728 0.347381 0.161261 0.911041
1119.878158193999980 8.784073 41.320444 -2.749474 0.173863 0.333142 0.089914 0.922336
1119.944463068999994 9.310653 42.182376 -2.887387 0.184459 0.321851 0.046010 0.927507
1119.977727006000123 9.611621 42.519924 -2.981802 0.186793 0.314821 0.024959 0.930254
1120.010869745000036 9.721405 42.761383 -2.959255 0.190108 0.308212 0.004040 0.932120
1120.043985850000126 9.806149 42.853513 -3.027628 0.191866 0.300511 -0.016059 0.934143
1120.077164021000044 10.053445 43.103032 -3.101625 0.193688 0.291550 -0.035090 0.936083
1120.143549500000063 10.358477 43.270676 -3.135958 0.190639 0.275067 -0.069910 0.939738
1120.176680657000134 10.507093 43.451070 -3.183349 0.188590 0.268055 -0.086730 0.940775
1120.243035490000011 10.868600 43.814048 -3.222891 0.183271 0.253310 -0.119867 0.942273
1120.309370501000103 10.979998 44.012894 -3.236206 0.176719 0.239108 -0.152976 0.942442
1120.342549296000016 11.655007 44.160066 -3.286352 0.173954 0.231978 -0.168873 0.942024
1120.375738899999988 11.637549 44.156314 -3.292536 0.171175 0.226424 -0.184768 0.940900
1120.408896421000009 11.896762 44.306796 -3.354748 0.170555 0.221274 -0.200754 0.938960
1120.442108244000110 11.646501 44.122623 -3.328279 0.168457 0.215124 -0.217238 0.937097
1120.475241192000112 11.790049 44.057861 -3.360825 0.170265 0.209784 -0.232350 0.934352
1120.541711192000093 12.177699 44.106377 -3.427688 0.173425 0.201514 -0.262996 0.927442
1120.574759296000138 12.752986 44.248442 -3.449363 0.175492 0.197130 -0.278257 0.923534
1120.607932296000172 13.254544 44.469039 -3.417333 0.175363 0.191036 -0.292589 0.920405
1120.674278661000017 13.605319 44.468510 -3.478047 0.177354 0.184740 -0.320765 0.911881
1120.707450244000029 13.619490 44.561011 -3.426473 0.179899 0.182309 -0.335678 0.906488
1120.740624765000121 14.164898 44.627592 -3.323062 0.181159 0.180351 -0.350654 0.900942
1120.806970503999992 14.715310 44.619065 -3.259302 0.186094 0.175735 -0.377350 0.889996
1120.840143701999978 14.193494 44.611097 -3.384140 0.189484 0.172327 -0.389833 0.884551
1120.873317245000180 14.374882 44.578976 -3.414719 0.191004 0.167109 -0.402926 0.879342
1120.906528348000165 14.582688 44.538698 -3.437588 0.194838 0.163989 -0.415041 0.873434
1120.939704296000173 14.787636 44.507142 -3.442306 0.197384 0.160266 -0.427656 0.867447
1121.006008243999986 15.181281 44.407526 -3.456349 0.202193 0.151994 -0.453709 0.854496
1121.039181192000115 15.386911 44.369646 -3.443544 0.204361 0.149385 -0.465633 0.848002
1121.072429348000014 15.607660 44.305540 -3.432213 0.206872 0.145857 -0.477138 0.841587
1121.105526243999975 15.819298 44.244539 -3.407045 0.209586 0.142062 -0.489073 0.834686
1121.171874244000037 16.240364 44.118417 -3.362471 0.216409 0.132128 -0.512183 0.820596
1121.205120244000000 16.459677 44.010121 -3.350498 0.219645 0.128293 -0.523440 0.813208
1121.238220349000130 16.651570 43.938930 -3.330045 0.223733 0.123151 -0.534701 0.805526
1121.271394244000021 16.883373 43.772656 -3.323484 0.226552 0.118718 -0.545801 0.797924
1121.304576244000145 17.082034 43.739651 -3.292620 0.230097 0.114268 -0.556312 0.790262
1121.337748192000163 17.330628 43.609480 -3.270601 0.234196 0.108840 -0.566791 0.782339
1121.370910974000026 17.686634 43.410142 -3.148167 0.238259 0.102646 -0.578229 0.773530
1121.404170557000043 18.102578 43.166052 -3.083924 0.242609 0.096968 -0.589046 0.764698
1121.437335504999965 17.882569 43.331158 -3.145452 0.247126 0.091684 -0.599521 0.755710
1121.503603244000033 18.205535 43.081352 -3.060694 0.255719 0.081046 -0.620926 0.736539
1121.536854378000044 18.331956 42.944833 -3.016102 0.260155 0.074865 -0.631773 0.726345
1121.603118378000090 18.625463 42.646807 -2.916493 0.268720 0.063240 -0.653014 0.705240
1121.636291065000023 18.743665 42.478812 -2.900589 0.271906 0.057993 -0.663943 0.694178
1121.669503013000167 18.892816 42.321989 -2.853911 0.274776 0.052846 -0.674690 0.683007
1121.702637221000032 19.065769 42.159528 -2.803664 0.277647 0.047986 -0.685510 0.671331
1121.768977826000082 19.325594 41.851271 -2.704053 0.283904 0.038556 -0.707790 0.645713
1121.802154982000047 19.474319 41.642836 -2.652869 0.286529 0.034172 -0.718705 0.632611
1121.835366086000022 19.600280 41.376352 -2.641046 0.288569 0.030398 -0.729510 0.619370
1121.868499535000183 19.693237 41.237440 -2.573105 0.291158 0.026516 -0.740352 0.605312
1121.934844347000080 19.893795 40.888520 -2.483935 0.295392 0.019495 -0.761956 0.576009
1121.968091042999959 19.968804 40.705300 -2.441368 0.297488 0.015449 -0.771765 0.561819
1122.034431044000030 20.114738 40.328555 -2.344461 0.301703 0.006252 -0.790931 0.532320
1122.100705991000041 20.235934 39.927461 -2.266434 0.304771 -0.003860 -0.808856 0.502845
1122.167057938999960 20.301793 39.537373 -2.207652 0.307111 -0.013485 -0.825928 0.472593
1122.200264991000040 20.311444 39.329707 -2.166319 0.308232 -0.017913 -0.832734 0.459593
1122.233437095999989 20.341689 39.137856 -2.124244 0.308482 -0.021607 -0.838989 0.447739
1122.299741939000114 20.375497 38.731341 -2.062618 0.308857 -0.027045 -0.850410 0.425064
1122.332916719999957 20.411567 38.519587 -2.025223 0.307901 -0.030517 -0.855882 0.414406
1122.366088990999970 20.411425 38.307947 -1.986439 0.307426 -0.034875 -0.861176 0.403298
1122.399304148000056 20.410621 38.092674 -1.940656 0.307972 -0.039102 -0.865899 0.392228
1122.432435929000121 20.395242 37.886127 -1.911967 0.307247 -0.042600 -0.870694 0.381676
1122.465607928000054 20.383843 37.688944 -1.875500 0.305969 -0.045980 -0.875414 0.371375
1122.498780147000161 20.354351 37.494838 -1.853887 0.305320 -0.050326 -0.879685 0.361112
1122.532018355999980 20.324875 37.299556 -1.824157 0.304829 -0.054129 -0.883797 0.350789
1122.598383147000050 20.230771 36.915144 -1.760157 0.303610 -0.064213 -0.891388 0.330341
1122.631469143000004 20.167454 36.695721 -1.729444 0.302445 -0.071134 -0.894954 0.320194
1122.731027935000157 20.077416 36.155207 -1.630720 0.301854 -0.092744 -0.903319 0.290340
1122.764203935000069 19.914126 35.936138 -1.617634 0.300639 -0.099544 -0.905823 0.281412
1122.797334091000039 19.869655 35.639638 -1.564454 0.299922 -0.106349 -0.908341 0.271392
1122.830506925000009 19.793950 35.399906 -1.518524 0.298736 -0.113099 -0.910789 0.261589
1122.863716310999962 19.691681 35.195418 -1.490112 0.298435 -0.119747 -0.912813 0.251732
1122.930020154999966 19.464406 34.823208 -1.444431 0.296860 -0.131195 -0.916888 0.232333
1122.996407311999974 19.221344 34.472472 -1.389421 0.295574 -0.140902 -0.919455 0.217681
1123.062753520000115 18.947361 34.137190 -1.353764 0.292848 -0.142195 -0.922215 0.208665
1123.129100363000134 18.663079 33.827815 -1.307626 0.288362 -0.139478 -0.924990 0.204418
1123.162231732000009 18.494249 33.707340 -1.291682 0.287096 -0.138165 -0.925869 0.203106
1123.195400701000153 18.336628 33.553110 -1.286221 0.286518 -0.135784 -0.926670 0.201875
1123.228621649000161 18.178255 33.417623 -1.264392 0.285796 -0.134359 -0.927237 0.201245
1123.261763846000122 18.011072 33.274866 -1.262604 0.285090 -0.132920 -0.927725 0.200953
1123.294920388000037 17.821219 33.119598 -1.241708 0.284572 -0.131113 -0.928289 0.200269
1123.328093388000070 17.632433 32.954063 -1.218814 0.284053 -0.129464 -0.928886 0.199307
1123.361376909000001 17.459801 32.797707 -1.194618 0.283183 -0.127601 -0.929545 0.198672
1123.394437701000015 17.265320 32.650511 -1.181390 0.282990 -0.125838 -0.930219 0.196913
1123.460785064999982 16.875135 32.384802 -1.149493 0.281197 -0.123407 -0.932578 0.189730
1123.527221888999975 16.462770 32.118139 -1.120248 0.279260 -0.125217 -0.935792 0.175010
1123.593517619000067 16.045948 31.931670 -1.134233 0.280737 -0.140101 -0.938030 0.147165
1123.626743202000171 15.812804 31.791728 -1.109437 0.282584 -0.148414 -0.938551 0.131310
1123.693078889000162 15.366471 31.596119 -1.107497 0.284583 -0.159865 -0.940470 0.094722
1123.726165942000080 15.130480 31.485573 -1.093673 0.285678 -0.164891 -0.941077 0.074650
1123.792510681000067 15.039145 31.182655 -0.952147 0.287117 -0.175143 -0.941113 0.034553
1123.825679860000037 14.375507 31.149877 -1.084713 0.287450 -0.179874 -0.940655 0.013640
1123.892025756000066 14.142200 30.743214 -0.949805 0.287578 -0.190266 -0.938303 -0.026162
1123.925200861000121 13.598333 30.894235 -1.032552 0.287995 -0.193391 -0.936942 -0.042399
1123.991671704000055 13.060382 30.754234 -1.001453 0.289755 -0.198176 -0.933822 -0.068885
1124.024717704000068 12.822890 30.651690 -1.052201 0.289900 -0.196437 -0.933446 -0.077771
1124.091076548000046 12.276999 30.526012 -1.102736 0.292535 -0.191204 -0.932844 -0.087553
1124.124237652000147 12.067951 30.498010 -1.108810 0.293419 -0.190067 -0.932675 -0.088866
1124.157410755999990 11.854578 30.521565 -1.063150 0.294649 -0.188588 -0.932598 -0.088751
1124.190687600000047 11.553674 30.438850 -1.106175 0.294637 -0.185599 -0.933285 -0.087868
1124.223756652000020 11.277652 30.391468 -1.123118 0.294569 -0.180008 -0.934727 -0.084334
1124.256931017000170 10.972212 30.347258 -1.162508 0.294685 -0.173710 -0.936315 -0.079372
1124.290103017000092 10.678769 30.306089 -1.189605 0.294765 -0.166518 -0.938068 -0.073582
1124.323363590000099 10.392415 30.274972 -1.203543 0.294969 -0.158173 -0.939984 -0.066370
1124.356541744999959 10.113224 30.250903 -1.233141 0.294868 -0.149630 -0.941976 -0.057836
1124.389731381000047 9.836601 30.220750 -1.250379 0.293645 -0.140439 -0.944307 -0.048300
1124.422796704000120 9.550797 30.215828 -1.281514 0.292602 -0.131627 -0.946402 -0.037167
1124.455968912000117 9.268746 30.210956 -1.312534 0.291628 -0.121993 -0.948398 -0.024731
1124.489180225000155 8.997747 30.205073 -1.354009 0.290219 -0.111989 -0.950316 -0.011424
1124.522409808000020 8.710899 30.203342 -1.396023 0.288227 -0.101535 -0.952158 0.003395
1124.555593590000171 8.411485 30.201093 -1.434338 0.285100 -0.090697 -0.954015 0.018640
1124.588657022000007 8.094447 30.193756 -1.475725 0.280572 -0.078838 -0.955962 0.034664
1124.655001865000031 7.522720 30.085551 -1.460786 0.272185 -0.052582 -0.958384 0.068188
1124.688261553000075 7.105835 30.182322 -1.581005 0.266966 -0.038949 -0.959145 0.085166
1124.754564709000078 6.546610 30.187608 -1.594977 0.256937 -0.008360 -0.958948 0.119719
1124.820983709000075 5.794694 30.177031 -1.674527 0.247121 0.025859 -0.956414 0.153410
1124.854036878999977 5.400763 30.183955 -1.720252 0.242642 0.043272 -0.954036 0.170493
1124.920470984000076 4.794979 30.151989 -1.767675 0.231505 0.078368 -0.947917 0.204246
1124.953559723000126 4.416729 30.141992 -1.816149 0.225240 0.096984 -0.943790 0.221633
1124.986727827000095 4.072582 30.142886 -1.866358 0.217580 0.115006 -0.939257 0.239225
1125.019898775000001 3.811891 30.160236 -1.837969 0.210369 0.132800 -0.934109 0.256025
1125.053066125999976 3.434889 30.160027 -1.869547 0.203438 0.150088 -0.928086 0.273390
1125.086319073000141 3.078668 30.114241 -1.938726 0.197008 0.168287 -0.921403 0.289627
1125.119412917000091 2.782279 30.092209 -1.948298 0.191346 0.184180 -0.914355 0.305645
1125.152586970000129 2.409365 30.043721 -2.014846 0.186418 0.198763 -0.907208 0.320493
1125.185758865000025 2.073287 30.007966 -2.049784 0.181909 0.211538 -0.900165 0.334461
1125.252099523999959 1.535671 29.955864 -2.009208 0.174522 0.232125 -0.886337 0.360649
1125.285270523999998 1.029177 29.835091 -2.137915 0.171975 0.240685 -0.879414 0.372996
1125.318446576000042 0.735217 29.777263 -2.144838 0.168964 0.250194 -0.872114 0.385060
1125.351716524000039 0.435146 29.703844 -2.167482 0.166600 0.256720 -0.865267 0.397055
1125.384830680000050 0.144379 29.625042 -2.172041 0.165613 0.261820 -0.858791 0.408045
1125.418000375000020 -0.168804 29.539257 -2.186871 0.164847 0.266521 -0.851791 0.419814
1125.451130271000011 -0.500025 29.431286 -2.210084 0.163996 0.271540 -0.844083 0.432313
1125.484380323000096 -0.812958 29.360118 -2.233708 0.163858 0.277246 -0.836014 0.444259
1125.517553271999986 -1.148265 29.265435 -2.249264 0.162768 0.281797 -0.828050 0.456542
1125.550720480000109 -1.491118 29.152962 -2.273527 0.161279 0.284965 -0.819973 0.469497
1125.583817167999996 -1.809505 29.023006 -2.304113 0.159465 0.288871 -0.811234 0.482725
1125.617030063000129 -2.121874 28.889513 -2.324868 0.157198 0.292397 -0.802728 0.495399
1125.650164063000148 -2.433534 28.755075 -2.359135 0.155920 0.295069 -0.793680 0.508621
1125.683335062999959 -2.755298 28.605909 -2.384087 0.153994 0.298490 -0.784111 0.521881
1125.716513220000024 -3.081244 28.442767 -2.402202 0.151918 0.301114 -0.774568 0.535066
1125.749776704000169 -3.404848 28.293784 -2.413115 0.147758 0.304135 -0.764546 0.548761
1125.782850496000037 -3.722547 28.133082 -2.418685 0.144220 0.306960 -0.754142 0.562358
1125.816025652999997 -4.039416 27.956893 -2.428654 0.140164 0.310277 -0.743127 0.576059
1125.849198496000099 -4.338492 27.774350 -2.461557 0.137048 0.313713 -0.731757 0.589351
1125.882416860000149 -4.625742 27.586622 -2.470429 0.132296 0.315935 -0.720815 0.602586
1125.915542652000113 -4.888269 27.383204 -2.475224 0.128694 0.319168 -0.709337 0.615151
1125.948715808000088 -5.151549 27.185923 -2.490372 0.122348 0.321574 -0.697805 0.628243
1125.981894600000032 -5.431321 26.975758 -2.505660 0.116846 0.324314 -0.686201 0.640544
1126.081409173000111 -5.965366 26.747362 -2.310790 0.098175 0.329227 -0.648616 0.679168
1126.114581215000044 -6.402778 26.067355 -2.551073 0.093034 0.328718 -0.636181 0.691783
1126.147753173000183 -6.677093 25.818666 -2.547223 0.087966 0.328460 -0.623498 0.704008
1126.180930600000011 -6.953655 25.559582 -2.539475 0.082854 0.328629 -0.610591 0.715763
1126.214100600000165 -7.177218 25.299010 -2.547652 0.076651 0.328511 -0.597274 0.727646
1126.247363600999961 -7.385441 25.053950 -2.585376 0.071233 0.326647 -0.584536 0.739287
1126.313618600000154 -7.770430 24.526191 -2.578523 0.057731 0.326976 -0.558503 0.760150
1126.346790860000056 -7.962244 24.258167 -2.577293 0.051202 0.326873 -0.545729 0.769878
1126.413137495999990 -8.311408 23.705641 -2.564341 0.037626 0.326028 -0.519028 0.789240
1126.446310600000061 -8.526131 23.386921 -2.558813 0.031203 0.325341 -0.506061 0.798174
1126.479483756000036 -8.705145 23.092632 -2.543571 0.024148 0.323901 -0.492845 0.807223
1126.512729496000020 -8.877510 22.795124 -2.544822 0.016737 0.323292 -0.478067 0.816489
1126.545833496000114 -9.006337 22.509988 -2.567826 0.010340 0.320626 -0.463150 0.826187
1126.579044757000020 -9.132571 22.221531 -2.557570 0.003071 0.320106 -0.447654 0.834942
1126.612175548000096 -9.238857 21.958192 -2.527083 -0.004604 0.318588 -0.432563 0.843427
1126.645348756999965 -9.344904 21.683240 -2.513832 -0.010811 0.316523 -0.416363 0.852255
1126.678592495999965 -9.421845 21.385788 -2.515904 -0.016821 0.314317 -0.400254 0.860650
1126.711747548000176 -9.473845 21.108014 -2.526522 -0.022950 0.311890 -0.384251 0.868648
1126.744907755999975 -9.533831 20.822794 -2.508813 -0.029360 0.310730 -0.367948 0.875899
1126.778060547999985 -9.596388 20.532885 -2.493512 -0.035670 0.309262 -0.352412 0.882548
1126.811212808000164 -9.651855 20.233249 -2.481263 -0.040906 0.308627 -0.337318 0.888421
1126.844385756000065 -9.702684 19.927203 -2.469248 -0.046062 0.307780 -0.322294 0.894023
1126.910732651999979 -9.776676 19.345050 -2.426997 -0.057945 0.307016 -0.291252 0.904188
1126.943982548000122 -9.820639 19.061652 -2.392855 -0.062871 0.306788 -0.275805 0.908768
1127.010291548000168 -9.820341 18.509385 -2.365197 -0.074963 0.305038 -0.243867 0.917530
1127.076597495999977 -9.813172 17.971884 -2.339232 -0.084910 0.301999 -0.210774 0.925830
1127.142943548000176 -9.765989 17.426046 -2.298038 -0.095565 0.298803 -0.175370 0.933183
1127.176196652000044 -9.716874 17.162587 -2.277707 -0.100432 0.297416 -0.157859 0.936236
1127.209290652000163 -9.669782 16.888227 -2.256267 -0.106280 0.296009 -0.139097 0.939008
1127.242462600000181 -9.627552 16.619350 -2.240133 -0.111531 0.293023 -0.121315 0.941797
1127.275771496000061 -9.570719 16.364653 -2.213853 -0.117195 0.290402 -0.103188 0.944078
1127.308847549000120 -9.494303 16.117470 -2.198518 -0.122088 0.287380 -0.083186 0.946355
1127.375154704000124 -9.301752 15.654611 -2.142652 -0.133915 0.281030 -0.044794 0.949254
1127.408327704000158 -9.177963 15.470229 -2.117457 -0.139427 0.278138 -0.027486 0.949970
1127.474715756000023 -8.965806 15.067023 -2.059142 -0.151170 0.271715 0.003354 0.950425
1127.507845547999977 -8.884782 14.880580 -1.989266 -0.157542 0.269083 0.017588 0.949982
1127.574232548000055 -8.633016 14.477918 -1.962946 -0.168791 0.263243 0.047283 0.948671
1127.607410547999962 -8.517820 14.278123 -1.927804 -0.175619 0.260462 0.061609 0.947376
1127.640645704000008 -8.382930 14.097805 -1.901702 -0.181842 0.257368 0.075738 0.946023
1127.673711496000124 -8.248674 13.924025 -1.865159 -0.187682 0.255190 0.089152 0.944302
1127.706927549000056 -8.119991 13.773444 -1.848227 -0.192868 0.253029 0.102912 0.942437
1127.740100548000100 -7.968350 13.609581 -1.833436 -0.197118 0.250470 0.115410 0.940792
1127.773230861000002 -7.833280 13.447743 -1.805162 -0.201795 0.248048 0.125624 0.939132
1127.806403704000104 -7.685793 13.299239 -1.783957 -0.205875 0.245457 0.135859 0.937501
1127.839575496000180 -7.536008 13.151330 -1.757661 -0.208807 0.243641 0.144807 0.935986
1127.872748755999964 -7.371877 13.006085 -1.731883 -0.211285 0.243094 0.152549 0.934341
1127.905922652000072 -7.209892 12.865255 -1.710552 -0.212751 0.241717 0.159822 0.933149
1127.939096652999979 -7.043510 12.743868 -1.693278 -0.213809 0.240428 0.165449 0.932259
1127.972268495999970 -6.868270 12.621674 -1.675204 -0.214192 0.240067 0.170466 0.931360
1128.005441496000003 -6.688661 12.523982 -1.662612 -0.214320 0.240119 0.174411 0.930586
1128.038613653000084 -6.518912 12.431773 -1.656468 -0.213146 0.240076 0.176076 0.930553
1128.104959495999992 -6.164123 12.261457 -1.608587 -0.208415 0.240984 0.179434 0.930749
1128.138132600000063 -5.980936 12.195371 -1.591477 -0.206136 0.241586 0.180180 0.930956
1128.171347496000180 -5.798628 12.119537 -1.569139 -0.202194 0.242955 0.179028 0.931686
1128.204519548000007 -5.617975 12.047372 -1.552105 -0.197336 0.243727 0.176835 0.932944
1128.270865496000170 -5.237043 11.920493 -1.524006 -0.182281 0.245141 0.171724 0.936584
1128.304038652000145 -5.047511 11.853966 -1.503768 -0.175005 0.246101 0.169053 0.938205
1128.337171548000015 -4.866215 11.771988 -1.466053 -0.168569 0.246525 0.166736 0.939686
1128.370348703999980 -4.652766 11.688993 -1.473025 -0.160620 0.246977 0.165326 0.941207
1128.403558548000092 -4.453272 11.629188 -1.468699 -0.153086 0.247795 0.163437 0.942577
1128.436689600000136 -4.267436 11.582802 -1.466745 -0.146170 0.248650 0.160934 0.943879
1128.503035548000071 -3.855931 11.516487 -1.437547 -0.134586 0.251005 0.159385 0.945240
1128.536311808000164 -3.643601 11.490957 -1.409077 -0.130140 0.252641 0.159536 0.945402
1128.602555599999960 -3.203130 11.454352 -1.379993 -0.121327 0.254319 0.163436 0.945458
1128.635728599999993 -2.981107 11.439004 -1.362467 -0.117410 0.254731 0.166166 0.945365
1128.702074600000060 -2.509715 11.417767 -1.331661 -0.109426 0.256654 0.172849 0.944605
1128.768423996000138 -2.025801 11.374834 -1.286940 -0.102165 0.257758 0.181036 0.943583
1128.801593912000044 -1.780268 11.346226 -1.265319 -0.098530 0.256243 0.185489 0.943517
1128.834767017000104 -1.532393 11.370558 -1.240236 -0.095689 0.255091 0.189685 0.943288
1128.867940538000084 -1.293923 11.386242 -1.222409 -0.093295 0.252554 0.194070 0.943318
1128.934285548000162 -0.777518 11.410763 -1.172438 -0.089489 0.245459 0.203185 0.943640
1128.967457704000026 -0.498734 11.398872 -1.138048 -0.087968 0.241476 0.207110 0.943958
1129.000631496000096 -0.224308 11.392547 -1.102879 -0.086954 0.237807 0.210214 0.944297
1129.033895444000109 0.057194 11.405357 -1.060681 -0.085857 0.234244 0.212709 0.944729
1129.100277538000000 0.604994 11.456762 -1.001965 -0.082670 0.226734 0.217826 0.945679
1129.133326704000183 0.878621 11.481430 -0.969253 -0.082231 0.222906 0.219853 0.946158
1129.232842913000013 1.716138 11.610178 -0.875977 -0.083334 0.209436 0.225188 0.947883
1129.266123017000155 1.960978 11.661907 -0.838296 -0.085313 0.203145 0.226736 0.948707
1129.332364162999966 2.300802 11.586895 -0.734826 -0.090359 0.193917 0.230365 0.949296
1129.398715891000165 2.754640 11.692929 -0.679842 -0.097421 0.184159 0.234042 0.949641
1129.465054809000094 3.492468 11.768191 -0.557177 -0.108941 0.177281 0.240300 0.948135
1129.498227808000138 3.879034 12.000431 -0.584690 -0.115167 0.174545 0.244993 0.946704
1129.531398652000007 4.171353 12.107080 -0.551227 -0.121271 0.172369 0.249493 0.945164
1129.564574121000078 4.441685 12.113577 -0.501617 -0.126966 0.170904 0.253984 0.943485
1129.630994547999990 4.911338 12.158990 -0.409541 -0.139391 0.167641 0.266763 0.938778
1129.664093996000020 5.251442 12.271804 -0.363249 -0.144870 0.165873 0.272787 0.936529
1129.697349912000163 5.543733 12.412755 -0.379401 -0.150468 0.163439 0.279360 0.934133
1129.730547965000142 5.838750 12.486147 -0.345895 -0.157139 0.160999 0.286007 0.931443
1129.763730548000012 6.122975 12.557529 -0.301489 -0.164231 0.158528 0.292632 0.928581
1129.796788496000090 6.407744 12.656910 -0.261076 -0.171281 0.154343 0.300942 0.925351
1129.830061653000030 6.680975 12.743541 -0.221726 -0.178864 0.151002 0.308786 0.921877
1129.863131017000114 6.972692 12.839488 -0.203283 -0.186041 0.146794 0.316153 0.918634
1129.896303059000047 7.229146 12.926883 -0.172471 -0.193435 0.142364 0.323928 0.915088
1129.929478267000150 7.492089 13.030810 -0.136836 -0.200908 0.137682 0.332066 0.911269
1129.962651047999998 7.752125 13.141601 -0.109057 -0.208134 0.132356 0.340194 0.907431
1129.995823318000021 8.015542 13.251387 -0.076125 -0.214754 0.126318 0.348184 0.903710
1130.028995162999990 8.287039 13.356500 -0.040541 -0.221189 0.121344 0.356189 0.899711
1130.095386496000174 8.680758 13.339870 0.069164 -0.234549 0.111078 0.372958 0.890815
1130.128586496000025 9.121523 13.696866 0.062099 -0.240623 0.104624 0.381230 0.886464
1130.161696704000178 9.302688 13.814254 0.084357 -0.246871 0.099473 0.391160 0.880996
1130.228032443000075 9.826331 14.095599 0.123562 -0.258489 0.087244 0.410219 0.870226
1130.261240840000028 10.089791 14.236824 0.148185 -0.265820 0.080759 0.420361 0.863779
1130.294420548000062 10.313545 14.372871 0.173241 -0.272732 0.073834 0.432047 0.856447
1130.327594944000111 10.556231 14.526737 0.185530 -0.279505 0.067097 0.442620 0.849389
1130.360850892000144 10.781565 14.689436 0.205051 -0.285737 0.059887 0.452921 0.842396
1130.393899317999967 10.999883 14.845399 0.231461 -0.292170 0.053511 0.464004 0.834550
1130.460242547999997 11.455869 15.161598 0.282323 -0.306875 0.039658 0.484363 0.818320
1130.493416548000141 11.699432 15.342104 0.285658 -0.313268 0.032828 0.494306 0.810214
1130.526589496000042 11.947793 15.524457 0.302435 -0.319459 0.025849 0.504393 0.801789
1130.559762496000076 12.180555 15.702393 0.330283 -0.325011 0.020648 0.514579 0.793190
1130.593011548000050 12.406512 15.894258 0.356787 -0.330814 0.015968 0.524243 0.784523
1130.626187808000168 12.595024 16.042227 0.396007 -0.335430 0.012176 0.534105 0.775931
1130.659373496000171 12.785910 16.222531 0.412791 -0.339815 0.009273 0.543628 0.767404
1130.692493705000061 12.971098 16.421917 0.394462 -0.343276 0.006441 0.552813 0.759288
1130.725667703999989 13.152961 16.617555 0.409418 -0.345895 0.003875 0.562818 0.750718
1130.758841652000001 13.331691 16.797293 0.420877 -0.347454 0.001469 0.573412 0.741938
1130.792045443999996 13.505332 16.991437 0.430932 -0.350849 -0.000984 0.583511 0.732406
1130.825186548000147 13.688145 17.202584 0.426512 -0.353974 -0.004108 0.594182 0.722242
1130.858407549000049 13.870864 17.426067 0.435703 -0.358034 -0.007739 0.605021 0.711126
1130.891533809000066 14.048896 17.623878 0.497720 -0.361011 -0.011244 0.617086 0.699106
1130.924708495999994 14.225273 17.842215 0.510654 -0.365011 -0.015570 0.628887 0.686313
1130.957878756000127 14.389331 18.086406 0.493747 -0.369297 -0.020075 0.640828 0.672724
1130.991011704000130 14.538224 18.325478 0.495520 -0.373406 -0.024394 0.651960 0.659485
1131.024185600000010 14.680235 18.534978 0.501839 -0.377395 -0.029100 0.663385 0.645482
1131.057360058000086 14.785047 18.743773 0.531297 -0.382169 -0.034526 0.674815 0.630380
1131.090532631000087 14.950339 19.017415 0.491386 -0.386362 -0.040119 0.686085 0.615143
1131.123703017000025 15.078557 19.267285 0.467343 -0.389859 -0.045769 0.697132 0.599935
1131.156878839999990 15.201579 19.500932 0.470155 -0.394453 -0.052457 0.707141 0.584471
1131.190123600000106 15.311469 19.751633 0.437561 -0.398538 -0.057353 0.717497 0.568397
1131.223223069000142 15.412051 20.031427 0.428905 -0.402551 -0.063511 0.727843 0.551511
1131.256474755999989 15.507632 20.280576 0.401460 -0.406250 -0.070310 0.738067 0.534112
1131.289679965000005 15.585790 20.528353 0.375924 -0.407943 -0.075359 0.748508 0.517338
1131.322741757000131 15.665920 20.825881 0.314259 -0.410127 -0.080622 0.757614 0.501315
1131.389087548000134 15.759632 21.295668 0.271980 -0.413894 -0.093531 0.773682 0.470489
1131.422260548000168 15.790973 21.458834 0.300905 -0.413735 -0.100346 0.781543 0.456009
1131.455432704000032 15.856191 21.754948 0.242201 -0.413928 -0.105928 0.788629 0.442161
1131.521849058000043 15.937838 22.250048 0.142424 -0.410765 -0.105137 0.801405 0.421862
1131.588125757000171 15.912176 22.639162 0.160488 -0.405749 -0.095622 0.811256 0.409984
1131.654472329000100 15.904430 22.979874 0.064218 -0.400308 -0.090059 0.820181 0.398680
1131.687646069000039 15.969985 23.587183 -0.066690 -0.396856 -0.088280 0.824732 0.393101
1131.753989548000163 15.850820 24.022304 -0.143941 -0.392447 -0.084936 0.830614 0.385814
1131.787232807999999 15.818948 24.343280 -0.244962 -0.387933 -0.083518 0.834138 0.383075
1131.853586600999961 15.662012 24.996845 -0.354468 -0.382238 -0.083806 0.838106 0.380065
1131.919857496000077 15.528583 25.508484 -0.405626 -0.377231 -0.084531 0.841046 0.378407
1131.953068600000051 15.420178 25.918617 -0.470496 -0.375127 -0.085925 0.841884 0.378323
1131.986242756000138 15.319984 26.147955 -0.498234 -0.373337 -0.086504 0.842849 0.377813
1132.019414496000081 15.175621 26.403079 -0.599909 -0.370127 -0.085453 0.844197 0.378199
1132.052550756000073 15.058544 26.639634 -0.647231 -0.368146 -0.085395 0.844367 0.379763
1132.085721703999980 14.926207 26.892276 -0.692390 -0.366099 -0.085441 0.844394 0.381668
1132.118893496000055 14.764175 27.173614 -0.731853 -0.363276 -0.085862 0.844492 0.384046
1132.185239913000032 14.361602 27.829447 -0.820046 -0.353391 -0.079421 0.843225 0.397214
1132.218414434000124 14.323309 27.911549 -0.811428 -0.348374 -0.071440 0.841178 0.407370
1132.251714600000014 14.185362 28.100328 -0.859447 -0.342927 -0.063882 0.839038 0.417536
1132.351194964000115 13.769084 28.573930 -1.067678 -0.322761 -0.037347 0.828848 0.455458
1132.384281860000101 13.436277 29.048860 -1.080479 -0.313898 -0.025554 0.824340 0.470403
1132.417450912000049 13.211297 29.325568 -1.173512 -0.303422 -0.010955 0.819773 0.485579
1132.450670121000030 13.005306 29.600643 -1.222483 -0.294236 0.001354 0.813901 0.500987
1132.483803068000043 12.796928 29.839323 -1.262506 -0.285370 0.015081 0.807443 0.516112
1132.517102016000081 12.586561 30.118259 -1.324383 -0.276061 0.028361 0.800894 0.530617
1132.550150380000105 12.372186 30.383952 -1.382447 -0.265634 0.042658 0.793463 0.545925
1132.583364120000169 12.127833 30.632292 -1.420652 -0.254348 0.057762 0.786048 0.560446
1132.616590613999961 11.896195 30.901769 -1.493800 -0.241798 0.072428 0.778554 0.574579
1132.649673719000020 11.673424 31.151502 -1.553121 -0.228856 0.087490 0.771080 0.587713
1132.716095666999990 11.242411 31.645995 -1.650409 -0.201232 0.119613 0.754313 0.613359
1132.749266979000140 11.021473 31.927750 -1.678164 -0.187568 0.136862 0.745230 0.625075
1132.782370031000028 10.792913 32.231952 -1.728577 -0.173441 0.154110 0.734999 0.637138
1132.815552884999988 10.564024 32.519185 -1.786447 -0.158185 0.170909 0.723968 0.649337
1132.881979728000033 10.150897 33.074036 -1.924867 -0.126387 0.204437 0.698915 0.673609
1132.948281790999999 9.734685 33.599183 -1.977829 -0.096782 0.237173 0.668161 0.698530
1132.981425947000162 9.549431 33.905044 -1.998133 -0.081966 0.253998 0.650093 0.711439
1133.014625947000013 9.342397 34.184580 -2.025382 -0.067085 0.269849 0.630535 0.724643
1133.047809780000080 9.108309 34.522285 -2.040333 -0.052306 0.284953 0.609627 0.737849
1133.080982102999997 8.959059 34.773347 -2.077789 -0.038197 0.299249 0.586497 0.751673
1133.114156103000141 8.708511 35.269480 -2.152351 -0.023923 0.312583 0.562182 0.765292
1133.147328103000063 8.621812 35.416528 -2.131637 -0.011394 0.326480 0.536533 0.778083
1133.180502155000113 8.454159 35.778710 -2.170863 0.002586 0.338777 0.510554 0.790290
1133.246812415000022 8.158796 36.370115 -2.272081 0.033126 0.359707 0.459382 0.811469
1133.280025570000134 8.010509 36.680020 -2.296976 0.048837 0.366932 0.433068 0.821844
1133.346374154000159 7.690392 37.515498 -2.358290 0.081015 0.379189 0.381936 0.838914
1133.379504206000092 7.595445 38.060829 -2.429589 0.095102 0.384463 0.357494 0.845779
1133.412676258000147 7.582267 38.576291 -2.458850 0.108394 0.388539 0.332948 0.852311
1133.445858311000165 7.500516 38.841880 -2.509682 0.120389 0.391011 0.308251 0.858835
1133.512207207000074 7.490027 39.441069 -2.596132 0.138864 0.390885 0.261821 0.871421
1133.545377207000001 7.553842 39.499895 -2.566690 0.145975 0.387820 0.241099 0.877587
1133.578550155000130 7.687825 39.801275 -2.593073 0.151753 0.388995 0.218364 0.882027
1133.611724207000179 7.715814 39.885978 -2.603827 0.156820 0.389402 0.196577 0.886076
1133.678079521999962 7.662102 40.214365 -2.629854 0.163866 0.385116 0.154020 0.895048
1133.711293417999968 7.898525 40.825627 -2.755303 0.167095 0.380919 0.133662 0.899508
1133.777594366000130 7.967055 41.125992 -2.763403 0.166939 0.374116 0.096486 0.907116
1133.843941314000176 8.023127 41.422883 -2.777476 0.161757 0.364319 0.059278 0.915201
1133.877114313999982 8.342896 42.158226 -2.935045 0.159277 0.360746 0.039485 0.918114
1133.943538017000037 8.701424 42.532430 -2.942098 0.149324 0.354476 0.005844 0.923047
1133.976680381000051 8.680046 42.598445 -3.045010 0.145862 0.349902 -0.010124 0.925306
1134.009812068999963 8.650361 42.547892 -3.045115 0.141265 0.344542 -0.028385 0.927647
1134.043058225000095 8.814320 43.071054 -3.079572 0.138428 0.339335 -0.051203 0.929014
1134.076158017000125 9.150082 43.557212 -3.060820 0.136225 0.334306 -0.071280 0.929839
1134.109443122000130 9.255593 43.656585 -3.104318 0.134804 0.326824 -0.089465 0.931134
1134.142509226000129 9.337576 43.763390 -3.177106 0.136755 0.321591 -0.107422 0.930773
1134.175779121999994 9.535259 43.944043 -3.104080 0.139968 0.318179 -0.125255 0.929237
1134.242031070000166 10.045358 44.323903 -3.076009 0.148603 0.310023 -0.159979 0.925316
1134.275201174000131 10.140467 44.298585 -3.095640 0.153799 0.305563 -0.176521 0.922940
1134.341553063999982 10.669681 44.598827 -3.083615 0.163701 0.298018 -0.209137 0.916869
1134.374724064000020 10.716776 44.482113 -3.121256 0.170110 0.293578 -0.223547 0.913729
1134.441071116000103 11.419154 44.730357 -3.125843 0.183644 0.286275 -0.252734 0.905785
1134.507459168999958 11.953130 44.916381 -3.108312 0.194731 0.275587 -0.282976 0.897806
1134.540591065000172 12.087652 44.865349 -3.154029 0.200129 0.267898 -0.297681 0.894184
1134.573850116000131 12.428814 44.959518 -3.141332 0.202470 0.262894 -0.312517 0.890071
1134.607045481000114 12.608025 44.959420 -3.146381 0.205585 0.255203 -0.327765 0.886102
1134.673289064000073 12.984580 44.997874 -3.127980 0.212103 0.240137 -0.354483 0.878458
1134.706458355999985 13.343651 45.065693 -3.171513 0.214475 0.231491 -0.367703 0.874761
1134.739712324000038 13.704978 45.106373 -3.167543 0.218316 0.224848 -0.381327 0.869696
1134.805974064000111 14.311454 45.091676 -3.147806 0.222115 0.212093 -0.411441 0.858136
1134.872439012000086 14.830952 45.007212 -3.108728 0.227700 0.199021 -0.441990 0.844505
1134.905502012000170 14.978636 44.943583 -3.076402 0.232251 0.193225 -0.456242 0.836999
1134.938667116000033 15.141718 44.843909 -3.046252 0.235573 0.184123 -0.472288 0.829185
1135.005105116000095 15.584980 44.674834 -3.000963 0.243383 0.171788 -0.502108 0.811875
1135.038186116000134 15.760605 44.546824 -2.993408 0.246796 0.165375 -0.517410 0.802515
1135.104589013000123 16.104617 44.353486 -2.908302 0.252794 0.150952 -0.546957 0.783675
1135.137713012000177 16.222614 44.207442 -2.894710 0.255798 0.144641 -0.561749 0.773359
1135.170877065000013 16.420376 44.112025 -2.851618 0.259444 0.139682 -0.575684 0.762736
1135.204049221000105 16.619801 44.007022 -2.827211 0.262917 0.133777 -0.589366 0.752081
1135.270415012000058 17.032672 43.750879 -2.776685 0.269358 0.121686 -0.615228 0.730845
1135.303693908000014 17.175075 43.638237 -2.724164 0.271764 0.113896 -0.628579 0.719764
1135.336744063999959 17.305335 43.503966 -2.701551 0.274139 0.108435 -0.640250 0.709345
1135.369915012000092 17.467020 43.343207 -2.666154 0.276203 0.103637 -0.651171 0.699248
1135.403129325000009 17.628782 43.167812 -2.638015 0.277735 0.098369 -0.661865 0.689290
1135.436301012000058 17.735749 43.002632 -2.627483 0.280569 0.094234 -0.672077 0.678759
1135.502663273000053 18.012562 42.678153 -2.569728 0.284962 0.081509 -0.691785 0.658473
1135.535859064000078 18.127273 42.522192 -2.536478 0.286873 0.075023 -0.701419 0.648141
1135.568952012000182 18.268608 42.350321 -2.519313 0.288423 0.068624 -0.710431 0.638271
1135.602165219999961 18.410150 42.179186 -2.484073 0.290780 0.062121 -0.718518 0.628744
1135.635338115999957 18.550296 42.005934 -2.448952 0.292888 0.055411 -0.726914 0.618662
1135.668561585000134 18.655066 41.827398 -2.425610 0.296107 0.049495 -0.735259 0.607672
1135.701643116000014 18.760307 41.636095 -2.397784 0.297917 0.041976 -0.743135 0.597691
1135.734892908000120 18.875549 41.441331 -2.364716 0.298817 0.034976 -0.750777 0.588064
1135.767991116000076 18.986504 41.247626 -2.331479 0.300720 0.027611 -0.757916 0.578246
1135.834374960000105 19.175854 40.859420 -2.261006 0.305682 0.011682 -0.771681 0.557611
1135.867549115999964 19.253702 40.659538 -2.251053 0.307859 0.004262 -0.778755 0.546576
1135.900768168000013 19.320327 40.454063 -2.217090 0.310076 -0.003842 -0.785748 0.535199
1135.933855063999999 19.386791 40.242089 -2.183789 0.312406 -0.011950 -0.792449 0.523721
1135.967028013000117 19.466581 40.027674 -2.146737 0.314627 -0.019277 -0.799012 0.512072
1136.000280342999986 19.536257 39.812434 -2.115395 0.317362 -0.027010 -0.805102 0.500362
1136.066589394000175 19.640880 39.376769 -2.066899 0.321467 -0.040238 -0.817453 0.476247
1136.099716394000097 19.684869 39.167083 -2.040142 0.323516 -0.047332 -0.823160 0.464225
1136.166062290000127 19.723602 38.743488 -1.979005 0.328148 -0.061791 -0.833590 0.440032
1136.199373394000077 19.724828 38.516422 -1.957636 0.328529 -0.068254 -0.839326 0.427717
1136.232480738000049 19.716206 38.290181 -1.932460 0.328838 -0.074319 -0.845051 0.415008
1136.265575634000015 19.716977 38.065181 -1.938856 0.329425 -0.077751 -0.850586 0.402415
1136.298745634000170 19.711306 37.844565 -1.911876 0.329782 -0.082296 -0.855506 0.390615
1136.365136571999983 19.671370 37.427016 -1.881358 0.331303 -0.089954 -0.864856 0.366294
1136.398270363000165 19.640402 37.226750 -1.857893 0.331560 -0.093353 -0.869213 0.354713
1136.464651730000014 19.525793 36.827620 -1.813453 0.333129 -0.101551 -0.877625 0.329374
1136.497784500000080 19.449126 36.610354 -1.794791 0.332835 -0.105029 -0.882026 0.316574
1136.530956886000013 19.378738 36.410994 -1.777153 0.333117 -0.110404 -0.885722 0.303874
1136.597348730000022 19.200822 36.008455 -1.761818 0.332782 -0.119283 -0.892687 0.279531
1136.630514677000065 19.109565 35.801319 -1.746307 0.333085 -0.124231 -0.895494 0.267791
1136.663744573000031 19.011472 35.601627 -1.746598 0.332773 -0.127763 -0.898690 0.255528
1136.696938780999972 18.911840 35.396715 -1.727272 0.332273 -0.132682 -0.901501 0.243486
1136.729994937000129 18.802693 35.217603 -1.706806 0.331206 -0.136837 -0.904226 0.232278
1136.763167771000099 18.689259 35.028807 -1.690723 0.330129 -0.140419 -0.906873 0.221088
1136.796339989999979 18.570726 34.820832 -1.675681 0.328218 -0.143850 -0.909754 0.209589
1136.829513781000060 18.454726 34.624002 -1.656950 0.327245 -0.147639 -0.912147 0.197739
1136.862686677000056 18.318828 34.443476 -1.643516 0.326320 -0.152122 -0.914323 0.185439
1136.895858625000074 18.199764 34.256377 -1.637254 0.326747 -0.157971 -0.915678 0.172674
1136.929115782000054 18.051756 34.093662 -1.625061 0.326697 -0.163944 -0.916945 0.160008
1136.962204354000050 17.897488 33.942253 -1.614425 0.325248 -0.170653 -0.918498 0.146465
1137.028591989999995 17.567990 33.635159 -1.596825 0.320472 -0.183308 -0.921371 0.121535
1137.061726729000156 17.383281 33.487844 -1.586618 0.317673 -0.188614 -0.922722 0.109970
1137.094896573000142 17.193280 33.314479 -1.577018 0.314638 -0.192967 -0.924127 0.098776
1137.194417782000073 16.597645 32.886731 -1.545622 0.303177 -0.197915 -0.929486 0.070491
1137.227661677000015 16.394821 32.768437 -1.535132 0.298817 -0.196289 -0.931759 0.063280
1137.293930402000115 16.203509 32.611935 -1.512525 0.290455 -0.190820 -0.936152 0.053321
1137.327149401000042 15.730674 32.429471 -1.512206 0.285611 -0.188400 -0.938241 0.051329
1137.360318453999980 15.514915 32.313812 -1.507314 0.278979 -0.184401 -0.941054 0.050840
1137.393490454000130 15.280730 32.227685 -1.503676 0.273129 -0.179797 -0.943547 0.052847
1137.426622402000021 15.044779 32.136658 -1.505807 0.266848 -0.174630 -0.946071 0.056974
1137.492964188000087 14.552409 31.951332 -1.487124 0.254569 -0.159625 -0.951165 0.070703
1137.526137135999988 14.320358 31.888474 -1.479754 0.248563 -0.150418 -0.953500 0.080178
1137.559404240000049 14.082435 31.840203 -1.455923 0.240730 -0.140013 -0.956159 0.090579
1137.592485136000050 13.828246 31.777106 -1.443561 0.234023 -0.130035 -0.958001 0.102752
1137.625696135999988 13.575349 31.710656 -1.430792 0.226718 -0.119496 -0.959491 0.117032
1137.658823069000164 13.306960 31.642762 -1.429176 0.219247 -0.109282 -0.960411 0.132661
1137.691997225000023 13.035881 31.580481 -1.415276 0.211280 -0.097973 -0.960890 0.149839
1137.725269068999978 12.758765 31.521995 -1.409164 0.202865 -0.086345 -0.960612 0.169158
1137.758383070000036 12.493852 31.475062 -1.399253 0.194304 -0.074283 -0.959589 0.189518
1137.791516121000086 12.230090 31.425412 -1.381745 0.185834 -0.061662 -0.957627 0.211219
1137.824677666000071 11.972863 31.364816 -1.368100 0.176933 -0.047980 -0.954777 0.234080
1137.857850145000157 11.703038 31.313831 -1.345272 0.166940 -0.032442 -0.951239 0.257339
1137.891024145000074 11.421287 31.255839 -1.326304 0.156505 -0.016465 -0.946673 0.281148
1137.924197301000049 11.148147 31.204869 -1.306513 0.145796 0.001019 -0.941171 0.304859
1137.957371093000120 10.881380 31.148810 -1.285462 0.135014 0.019534 -0.934577 0.328567
1137.990574631000072 10.575876 31.022905 -1.330127 0.123033 0.038069 -0.927193 0.351748
1138.023708631000090 10.330662 31.040546 -1.248048 0.111445 0.057116 -0.918623 0.374766
1138.056920735000176 10.074270 31.004807 -1.227847 0.099914 0.074657 -0.909137 0.397382
1138.090093892000141 9.798949 30.940906 -1.216178 0.087917 0.092936 -0.898872 0.419121
1138.123225683000101 9.480161 30.833585 -1.204870 0.076570 0.110466 -0.887670 0.440427
1138.156389898000043 9.236059 30.791422 -1.147368 0.066571 0.129495 -0.875500 0.460760
1138.189562002000002 8.951091 30.704762 -1.146827 0.057211 0.144810 -0.862754 0.481054
1138.222735429000068 8.698490 30.646096 -1.109591 0.048253 0.158986 -0.849487 0.500766
1138.255948586000159 8.426817 30.568493 -1.088829 0.040280 0.171994 -0.835529 0.520275
1138.289121273000092 8.185521 30.490720 -1.069770 0.034202 0.185669 -0.820499 0.539572
1138.322284654999976 7.961302 30.413542 -1.040774 0.028080 0.196861 -0.805484 0.558259
1138.355458655000120 7.721346 30.330546 -1.024252 0.022142 0.207559 -0.789852 0.576683
1138.388590707000048 7.459111 30.230089 -1.002068 0.017192 0.217125 -0.773566 0.595110
1138.421768656000040 7.213710 30.130217 -0.970999 0.013107 0.225056 -0.757350 0.612861
1138.454935707000004 6.984701 30.059276 -0.917405 0.009848 0.232529 -0.740762 0.630162
1138.488140194000152 6.745661 29.966990 -0.882853 0.007897 0.238545 -0.723876 0.647331
1138.521272037000017 6.507819 29.861420 -0.852303 0.007017 0.242738 -0.707242 0.663956
1138.554446089000066 6.298065 29.755023 -0.837172 0.007033 0.246192 -0.690431 0.680180
1138.620792037000001 5.894507 29.541384 -0.767958 0.011147 0.252260 -0.657374 0.710000
1138.653965089000167 5.654511 29.401165 -0.729106 0.015459 0.253841 -0.641050 0.724142
1138.687130106000041 5.410860 29.261804 -0.693526 0.020919 0.253553 -0.625590 0.737502
1138.720303897000122 5.225500 29.181930 -0.597725 0.026412 0.253491 -0.610665 0.749755
1138.786648897000077 4.937503 29.030450 -0.458433 0.037793 0.252057 -0.580489 0.773351
1138.819825106000053 4.693604 28.753753 -0.531346 0.042916 0.250496 -0.565648 0.784507
1138.852995950000150 4.535346 28.609429 -0.549059 0.048940 0.250052 -0.550164 0.795235
1138.886165995000056 4.363107 28.486282 -0.504721 0.053319 0.249320 -0.535607 0.805060
1138.952511098000059 4.063998 28.203690 -0.467707 0.059241 0.249493 -0.505542 0.823815
1138.985683942000151 3.914532 28.044921 -0.484790 0.060879 0.249766 -0.488958 0.833565
1139.018856838000147 3.774957 27.901403 -0.464810 0.061073 0.251219 -0.472949 0.842306
1139.052029047000133 3.659628 27.762919 -0.439460 0.060525 0.253118 -0.457587 0.850225
1139.085278942000059 3.541501 27.619026 -0.422138 0.058926 0.254880 -0.442285 0.857874
1139.118458941999961 3.415714 27.453516 -0.411511 0.056692 0.256318 -0.426194 0.865705
1139.151676994000127 3.304567 27.316301 -0.410728 0.054243 0.257644 -0.411620 0.872494
1139.184721786000182 3.201128 27.163221 -0.396116 0.049405 0.260462 -0.396977 0.878708
1139.217894097999988 3.095128 27.009252 -0.372766 0.043470 0.263435 -0.383112 0.884273
1139.251070588000175 2.983439 26.850481 -0.357828 0.038462 0.265293 -0.369499 0.889725
1139.284239890999970 2.885614 26.682140 -0.362742 0.033753 0.266853 -0.356682 0.894666
1139.350586733999990 2.693093 26.383071 -0.317514 0.024062 0.270940 -0.330437 0.903783
1139.383759786000155 2.631538 26.238884 -0.310738 0.020177 0.273425 -0.316847 0.907987
1139.416931891000104 2.599449 26.079430 -0.351295 0.016001 0.274926 -0.304051 0.911983
1139.450105734000090 2.578951 25.945694 -0.363411 0.011133 0.277354 -0.291173 0.915516
1139.483278786000028 2.537674 25.794194 -0.381558 0.005753 0.279469 -0.278348 0.918905
1139.516450889999987 2.490327 25.637286 -0.386741 0.000459 0.281883 -0.265716 0.921920
1139.549624838000000 2.444704 25.479358 -0.388297 -0.005666 0.284370 -0.252666 0.924804
1139.582868734000158 2.397854 25.320591 -0.388931 -0.012321 0.286600 -0.241335 0.927074
1139.615971891000072 2.357349 25.151514 -0.398216 -0.018597 0.288331 -0.228702 0.929632
1139.649141838000105 2.324905 24.986191 -0.409003 -0.024903 0.290448 -0.216766 0.931682
1139.682356942000069 2.294480 24.818218 -0.422206 -0.031674 0.291897 -0.205282 0.933623
1139.715488838000056 2.265317 24.651008 -0.436683 -0.038487 0.293181 -0.194525 0.935267
1139.748661786000184 2.245381 24.484634 -0.454195 -0.044839 0.294017 -0.184596 0.936733
1139.781836838000117 2.227687 24.317895 -0.464690 -0.050277 0.294713 -0.174078 0.938250
1139.848182838000184 2.229963 23.996837 -0.504067 -0.060978 0.295448 -0.155658 0.940618
1139.881364838000081 2.252569 23.845966 -0.528796 -0.066717 0.296326 -0.147185 0.941316
1139.914661943000056 2.256881 23.679843 -0.534355 -0.071857 0.296743 -0.138162 0.942174
1139.947702734000131 2.265879 23.519023 -0.541024 -0.075989 0.297435 -0.129541 0.942856
1139.980916890000117 2.288562 23.358123 -0.576336 -0.078884 0.297200 -0.122576 0.943623
1140.014046838000013 2.316211 23.206622 -0.610901 -0.081306 0.296585 -0.116165 0.944422
1140.047339682000029 2.381691 23.075623 -0.633914 -0.081694 0.297085 -0.109256 0.945055
1140.080401994000113 2.441689 22.944325 -0.665784 -0.080830 0.296795 -0.103632 0.945854
1140.113566890000129 2.503474 22.815351 -0.694483 -0.080085 0.295993 -0.097518 0.946818
1140.179911786000048 2.630787 22.545902 -0.756122 -0.076487 0.292740 -0.084940 0.949336
1140.213086786000076 2.707225 22.420698 -0.790247 -0.074861 0.290256 -0.078430 0.950787
1140.246258890000036 2.791562 22.299378 -0.824485 -0.073040 0.287657 -0.071775 0.952243
1140.279433787000016 2.883074 22.178285 -0.858097 -0.070980 0.284048 -0.065420 0.953938
1140.312606890000097 2.977945 22.059751 -0.893514 -0.068232 0.279610 -0.058986 0.955868
1140.345883995000122 3.073586 21.942962 -0.929816 -0.066085 0.274571 -0.052736 0.957842
1140.379062890000114 3.170321 21.822976 -0.963709 -0.063986 0.269908 -0.047712 0.959572
1140.412123942000107 3.274729 21.699351 -0.992845 -0.061750 0.265901 -0.041634 0.961119
1140.445295786000088 3.386998 21.580985 -1.022243 -0.060451 0.262384 -0.035454 0.962415
1140.478471890000037 3.497644 21.458839 -1.044750 -0.059426 0.259553 -0.029153 0.963458
1140.511681890000091 3.598977 21.327479 -1.065326 -0.060032 0.256321 -0.022337 0.964467
1140.544857785999966 3.717794 21.193984 -1.094225 -0.061148 0.253386 -0.014792 0.965317
1140.578046411000059 3.839430 21.055981 -1.134845 -0.062632 0.250617 -0.007787 0.966027
1140.611204890000181 3.959747 20.933567 -1.144000 -0.064613 0.247805 -0.000819 0.966652
1140.644333891000088 4.086680 20.821124 -1.176559 -0.066068 0.244658 0.006242 0.967336
1140.677549733999967 4.219476 20.699264 -1.205808 -0.067923 0.241122 0.014207 0.968011
1140.710719890000064 4.361409 20.596683 -1.230544 -0.069801 0.237520 0.022308 0.968615
1140.743856786000151 4.519696 20.506023 -1.261148 -0.071815 0.234215 0.030573 0.969047
1140.777069890000121 4.664366 20.423026 -1.262572 -0.073929 0.231334 0.038746 0.969287
1140.810239891000037 4.851832 20.343820 -1.314016 -0.075963 0.226815 0.047989 0.969784
1140.843373839000151 5.016864 20.255629 -1.343285 -0.077914 0.222694 0.056569 0.970122
1140.876585828000088 5.173882 20.152134 -1.361327 -0.078794 0.217987 0.067175 0.970444
1140.909717733999969 5.343827 20.042962 -1.384831 -0.079602 0.214088 0.076713 0.970538
1140.942964786000175 5.505632 19.932830 -1.401768 -0.080665 0.210467 0.086295 0.970438
1140.976062995000120 5.677216 19.856613 -1.406453 -0.082117 0.207362 0.095246 0.970147
1141.009236891000000 5.849978 19.767842 -1.425815 -0.083485 0.203661 0.103948 0.969921
1141.042409786000007 6.023422 19.694044 -1.437848 -0.084520 0.199867 0.113209 0.969584
1141.075651785999980 6.210289 19.626745 -1.450205 -0.085012 0.196473 0.122453 0.969111
1141.108756734000053 6.403338 19.559501 -1.460422 -0.086267 0.193217 0.131978 0.968404
1141.141968942000176 6.555188 19.477051 -1.442225 -0.087826 0.188911 0.140406 0.967928
1141.208273734000159 6.970096 19.351886 -1.478297 -0.091968 0.180828 0.159423 0.966140
1141.241446994000171 7.159097 19.283291 -1.485647 -0.093679 0.177745 0.168251 0.965051
1141.274661839000146 7.357787 19.214324 -1.475317 -0.097806 0.173705 0.178173 0.963595
1141.341009047000171 7.766533 19.110381 -1.468048 -0.105698 0.165234 0.198396 0.960294
1141.374140047000083 7.983271 19.044503 -1.452780 -0.110055 0.161011 0.209841 0.958087
1141.407453734000001 8.195163 18.992519 -1.445472 -0.114928 0.156378 0.220251 0.955943
1141.440486047000149 8.393341 18.976322 -1.428152 -0.119596 0.152158 0.230682 0.953588
1141.473758734000057 8.604686 18.944576 -1.408900 -0.124686 0.147679 0.240710 0.951159
1141.506831838000153 8.824499 18.917547 -1.390422 -0.130348 0.143596 0.251350 0.948268
1141.540047786000059 9.054661 18.894804 -1.370014 -0.135631 0.139758 0.261764 0.945279
1141.573216994000177 9.274697 18.873204 -1.338798 -0.140875 0.136495 0.273371 0.941696
1141.606443786000000 9.490304 18.872309 -1.318822 -0.144411 0.133786 0.283606 0.938517
1141.639583786000003 9.684600 18.896059 -1.286401 -0.147029 0.131817 0.293239 0.935424
1141.672696785999960 9.890159 18.908398 -1.257617 -0.149741 0.129920 0.302822 0.932200
1141.705870307000168 10.097726 18.908394 -1.220864 -0.152342 0.128564 0.312335 0.928822
1141.772216942000114 10.538133 18.903695 -1.146227 -0.160530 0.126493 0.330186 0.921524
1141.805391890999999 10.769913 18.914044 -1.117057 -0.165530 0.126338 0.339126 0.917405
1141.838562787000001 11.000138 18.941755 -1.077522 -0.171533 0.126834 0.348217 0.912817
1141.871733838000182 11.222574 18.967994 -1.041912 -0.178715 0.125321 0.357791 0.907932
1141.904947733999961 11.429797 18.995835 -1.019836 -0.185211 0.125281 0.366897 0.902988
1141.938206890000174 11.600639 19.010881 -0.975964 -0.191855 0.123483 0.376440 0.897907
1141.971333942000001 11.788309 19.064767 -0.897463 -0.197570 0.122164 0.385761 0.892878
1142.004472889999988 12.029454 19.110655 -0.884252 -0.202755 0.121150 0.395395 0.887624
1142.037599733999969 12.227724 19.162274 -0.851190 -0.208308 0.119657 0.404987 0.882199
1142.070814681000002 12.447197 19.212665 -0.814817 -0.213385 0.118192 0.414326 0.876830
1142.103945786000168 12.635687 19.266620 -0.779379 -0.217671 0.117475 0.424783 0.870849
1142.137159682000174 12.838309 19.303856 -0.746325 -0.222065 0.116481 0.435104 0.864757
1142.170291786000007 12.975276 19.326306 -0.679343 -0.225771 0.114188 0.447123 0.857945
1142.203465786000152 13.250672 19.424191 -0.667978 -0.229952 0.110732 0.460137 0.850373
1142.236746838000045 13.432785 19.491149 -0.630970 -0.235471 0.107333 0.472903 0.842256
1142.269810994000181 13.630644 19.569484 -0.596339 -0.241493 0.103840 0.486109 0.833425
1142.336157098000058 14.018136 19.752319 -0.526007 -0.254509 0.093980 0.513030 0.814367
1142.369330203000118 14.209582 19.854820 -0.476362 -0.261493 0.088236 0.525782 0.804605
1142.435676838000063 14.514893 20.002133 -0.317918 -0.276959 0.078403 0.551514 0.782930
1142.468849785999964 14.767818 20.203546 -0.385196 -0.283239 0.070420 0.563363 0.772941
1142.502021943000045 14.922131 20.289102 -0.340245 -0.290585 0.063717 0.575332 0.761901
1142.568367890999980 15.260225 20.552251 -0.284501 -0.304825 0.048838 0.596814 0.740614
1142.601539733999971 15.381868 20.692824 -0.260632 -0.311205 0.041982 0.607543 0.729576
1142.667982839000160 15.655325 20.976246 -0.208818 -0.325702 0.028880 0.628910 0.705377
1142.734232993999967 15.914052 21.294444 -0.164184 -0.338650 0.014200 0.649317 0.680810
1142.767404838000175 16.012960 21.424965 -0.137870 -0.344367 0.006803 0.659551 0.668100
1142.833752942000046 16.183857 21.699909 -0.044873 -0.354309 -0.006581 0.680429 0.641434
1142.866922891000058 16.403761 21.908986 -0.075403 -0.358347 -0.014610 0.691039 0.627566
1142.933269891000009 16.646284 22.261102 -0.078802 -0.370734 -0.028929 0.710717 0.597161
1142.966443733999995 16.795786 22.429865 -0.048264 -0.376437 -0.036587 0.720063 0.581779
1142.999615786000049 16.892468 22.594200 -0.021594 -0.380934 -0.044442 0.730536 0.565006
1143.032789047000051 16.990572 22.786250 -0.036064 -0.385828 -0.052153 0.739660 0.548926
1143.065963410999984 17.056852 22.967290 -0.034726 -0.390815 -0.058702 0.748151 0.532999
1143.099136047000002 17.081923 23.092754 0.034562 -0.396017 -0.064378 0.756213 0.516883
1143.132309255000109 17.178302 23.293514 0.020472 -0.399141 -0.069601 0.764321 0.501653
1143.165527203000011 17.232573 23.504551 -0.027601 -0.401213 -0.075017 0.772584 0.486328
1143.231826942999987 17.291192 23.828017 0.008132 -0.407423 -0.083821 0.787034 0.455585
1143.298173838000139 17.324340 24.260019 -0.108467 -0.410012 -0.089487 0.801363 0.426263
1143.331346786000040 17.368108 24.465096 -0.113759 -0.410683 -0.092206 0.807710 0.412847
1143.397733150000022 17.380840 24.881179 -0.168076 -0.410321 -0.095675 0.820520 0.386303
1143.464084909000121 17.379656 25.257315 -0.206990 -0.405845 -0.099817 0.833855 0.360571
1143.497218910000129 17.401082 25.508698 -0.261225 -0.402558 -0.100825 0.840885 0.347410
1143.530391065000003 17.379250 25.714902 -0.290378 -0.398591 -0.102349 0.847930 0.334161
1143.563604169999962 17.341435 25.933001 -0.355821 -0.394118 -0.101469 0.855641 0.319770
1143.596789378000040 17.283879 26.126676 -0.401417 -0.388791 -0.101950 0.862722 0.306852
1143.629909701000088 17.220651 26.314688 -0.447210 -0.382287 -0.101503 0.870198 0.293786
1143.663124961999983 17.131328 26.498021 -0.498813 -0.375364 -0.100497 0.877856 0.279948
1143.696296701000165 17.042780 26.679118 -0.541307 -0.368041 -0.099155 0.885440 0.265914
1143.729468910000151 16.945525 26.839682 -0.611855 -0.359336 -0.097292 0.893293 0.251871
1143.762601857000163 16.841163 27.006618 -0.650502 -0.350248 -0.096501 0.900936 0.237337
1143.829019909000181 16.612363 27.374759 -0.746122 -0.330741 -0.095114 0.915174 0.209811
1143.862120752999999 16.483346 27.590237 -0.810303 -0.321379 -0.094280 0.921728 0.195561
1143.895371753000063 16.369839 27.797382 -0.856879 -0.312135 -0.093328 0.927845 0.181563
1143.928592909000145 16.252446 27.962492 -0.885627 -0.304183 -0.093997 0.933236 0.166456
1143.961737857000116 16.117773 28.134603 -0.944770 -0.295276 -0.093806 0.938471 0.152596
1143.994815753000012 15.981532 28.292158 -0.999704 -0.286915 -0.094582 0.943080 0.139048
1144.027986857000087 15.828867 28.464947 -1.036036 -0.279400 -0.094818 0.947336 0.124500
1144.061167804999968 15.669490 28.639566 -1.074394 -0.271494 -0.095482 0.951314 0.110347
1144.094332753000117 15.498440 28.792910 -1.112637 -0.264231 -0.096442 0.954800 0.096110
1144.127616805000116 15.326152 28.936748 -1.142230 -0.257762 -0.098165 0.957779 0.081134
1144.160775805000185 15.145206 29.074149 -1.190786 -0.251348 -0.097515 0.960671 0.066526
1144.193849857000032 14.958541 29.206554 -1.228591 -0.246014 -0.097882 0.962876 0.052586
1144.227107753000155 14.781551 29.336392 -1.258452 -0.241279 -0.097756 0.964749 0.038575
1144.293451805000132 14.565841 29.572913 -1.242426 -0.234567 -0.100400 0.966862 0.008711
1144.326541753000129 14.265547 29.714912 -1.341931 -0.232891 -0.102275 0.967098 -0.004708
1144.359715753000046 14.074272 29.851958 -1.358090 -0.230792 -0.103241 0.967305 -0.019925
1144.392988170000081 13.881337 29.975210 -1.406936 -0.228021 -0.103780 0.967499 -0.034365
1144.426061753000113 13.669842 30.093510 -1.439684 -0.226507 -0.105436 0.967058 -0.048740
1144.459234753000146 13.458497 30.206208 -1.480343 -0.224847 -0.106006 0.966553 -0.063100
1144.492407753000180 13.254994 30.314337 -1.501505 -0.223286 -0.106981 0.965746 -0.077679
1144.525579910000033 13.018175 30.423258 -1.546386 -0.221405 -0.108386 0.964716 -0.092493
1144.558796857000061 12.812195 30.527985 -1.553758 -0.219850 -0.109849 0.963381 -0.107221
1144.625177170000143 12.363593 30.725016 -1.598433 -0.217039 -0.112465 0.960210 -0.135067
1144.658272753000119 12.127933 30.814751 -1.624413 -0.215339 -0.114289 0.958274 -0.149257
1144.691579753000042 11.910535 30.897428 -1.633058 -0.213776 -0.115797 0.956268 -0.162610
1144.724621065000065 11.680924 30.980221 -1.656830 -0.212503 -0.117022 0.954004 -0.176137
1144.757898118000185 11.442358 31.055575 -1.687912 -0.210906 -0.118852 0.951766 -0.188504
1144.791086066000162 11.201281 31.128894 -1.714968 -0.210354 -0.121057 0.949037 -0.201059
1144.824139804999959 10.951178 31.196523 -1.736307 -0.209089 -0.123106 0.946500 -0.212754
1144.857426857000064 10.736622 31.266787 -1.723671 -0.207492 -0.125566 0.943896 -0.224144
1144.890576805000137 10.472969 31.316403 -1.765173 -0.205291 -0.126732 0.941456 -0.235487
1144.956927118000067 9.984356 31.417133 -1.793761 -0.201949 -0.130278 0.935964 -0.257325
1144.990003222000041 9.739492 31.452653 -1.813948 -0.200876 -0.131584 0.933187 -0.267390
1145.023177065000027 9.488307 31.506148 -1.839062 -0.198955 -0.133664 0.930195 -0.278009
1145.056434639000145 9.233797 31.551198 -1.855225 -0.197106 -0.136121 0.926971 -0.288697
1145.122699304999969 8.725274 31.621585 -1.874286 -0.193712 -0.141334 0.919968 -0.310095
1145.189044201000115 8.351476 31.682074 -1.822918 -0.189976 -0.146785 0.912570 -0.331028
1145.255389888000082 7.728925 31.726606 -1.906807 -0.184670 -0.152199 0.904572 -0.352820
1145.288563097000178 7.465094 31.734909 -1.911475 -0.182793 -0.155494 0.900388 -0.362919
1145.354984888999979 6.984836 31.743065 -1.911696 -0.178555 -0.160822 0.891752 -0.383449
1145.388075254000114 6.674204 31.711767 -1.956949 -0.175866 -0.162982 0.887729 -0.392995
1145.421248775000095 6.480537 31.711232 -1.908255 -0.174376 -0.165091 0.883243 -0.402766
1145.487592889000098 6.080733 31.669281 -1.806687 -0.171410 -0.167855 0.874309 -0.421934
1145.520767306000153 5.705574 31.603309 -1.926280 -0.169255 -0.168803 0.869416 -0.432406
1145.553938992999974 5.451455 31.565166 -1.940338 -0.167103 -0.169749 0.864820 -0.441983
1145.620286888999999 4.950263 31.463922 -1.929284 -0.163554 -0.172214 0.854704 -0.461598
1145.653543045000106 4.700240 31.410110 -1.935909 -0.161604 -0.172991 0.849607 -0.471303
1145.686635941000077 4.455460 31.354547 -1.939768 -0.160702 -0.174145 0.844099 -0.480984
1145.719847097000184 4.205220 31.288902 -1.935844 -0.158964 -0.175110 0.838616 -0.490703
1145.753021044999969 3.955423 31.226152 -1.929007 -0.157289 -0.176337 0.832950 -0.500359
1145.786145324000017 3.759478 31.196324 -1.868332 -0.155580 -0.177635 0.827134 -0.509990
1145.819319532999998 3.564200 31.135799 -1.844462 -0.154368 -0.178727 0.821199 -0.519480
1145.885666324000113 3.108544 30.970266 -1.852384 -0.151314 -0.179264 0.809462 -0.538274
1145.918838428000072 2.921144 30.840148 -1.882891 -0.148396 -0.178358 0.803776 -0.547824
1145.952084428000035 2.746756 30.741316 -1.870413 -0.146249 -0.180281 0.797362 -0.557067
1145.985223617999964 2.547084 30.640928 -1.856594 -0.143950 -0.182747 0.790615 -0.566401
1146.018397671000002 2.318595 30.530578 -1.850549 -0.141000 -0.185172 0.783760 -0.575804
1146.051524463000078 2.092091 30.420824 -1.835963 -0.138599 -0.187205 0.777183 -0.584578
1146.084770410000147 1.867540 30.301998 -1.835048 -0.136477 -0.189052 0.770662 -0.593055
1146.151045462000184 1.421865 30.079473 -1.811349 -0.131912 -0.192094 0.757289 -0.610093
1146.184213396000132 1.206742 29.942915 -1.818431 -0.129566 -0.194967 0.750074 -0.618538
1146.217428740000059 0.996796 29.821236 -1.811551 -0.126047 -0.197904 0.742822 -0.627026
1146.250561739999966 0.790206 29.696539 -1.811446 -0.122519 -0.201043 0.735360 -0.635466
1146.283735605000174 0.581318 29.563150 -1.799212 -0.119066 -0.204542 0.727582 -0.643902
1146.316907376000017 0.375236 29.424882 -1.790092 -0.115464 -0.207448 0.720141 -0.651944
1146.350073897000129 0.167691 29.288714 -1.780471 -0.111753 -0.210215 0.712644 -0.659894
1146.383249877000026 -0.045523 29.157119 -1.738160 -0.108220 -0.213898 0.704761 -0.667719
1146.449593533000098 -0.424793 28.916779 -1.634812 -0.102888 -0.220948 0.688873 -0.682679
1146.482809481000004 -0.646822 28.701675 -1.727106 -0.100217 -0.223412 0.680174 -0.690947
1146.515940377000106 -0.835132 28.527326 -1.729732 -0.097281 -0.227697 0.671910 -0.698016
1146.549114689000135 -1.017230 28.361449 -1.721117 -0.094296 -0.230536 0.663097 -0.705878
1146.582363585000166 -1.190645 28.182792 -1.719294 -0.091002 -0.233444 0.654204 -0.713610
1146.615457481000021 -1.369447 28.011830 -1.701412 -0.087990 -0.236447 0.644949 -0.721381
1146.648715429000049 -1.531704 27.849389 -1.683197 -0.084818 -0.239600 0.636088 -0.728553
1146.681803377000051 -1.686577 27.659972 -1.676636 -0.081736 -0.242881 0.626392 -0.736180
1146.714978742000085 -1.847123 27.476506 -1.667718 -0.078589 -0.245987 0.616593 -0.743725
1146.748193534000166 -1.999107 27.291575 -1.652557 -0.075350 -0.248867 0.606705 -0.751197
1146.781324377000146 -2.139040 27.101090 -1.648107 -0.072908 -0.252305 0.596319 -0.758571
1146.847669429000007 -2.424144 26.717205 -1.624863 -0.066494 -0.257142 0.576071 -0.773045
1146.880842377000135 -2.558115 26.516714 -1.608650 -0.063448 -0.259990 0.565428 -0.780174
1146.914015480999979 -2.693011 26.319390 -1.587973 -0.059828 -0.262944 0.555280 -0.786731
1146.947237533000134 -2.835160 26.109497 -1.572361 -0.056704 -0.265387 0.544720 -0.793495
1146.980361377000008 -2.965888 25.900780 -1.558739 -0.053887 -0.268280 0.534344 -0.799749
1147.013534377000042 -3.098395 25.691929 -1.540026 -0.050921 -0.270913 0.523703 -0.806070
1147.046839481000006 -3.217623 25.477573 -1.528427 -0.047442 -0.273506 0.513021 -0.812252
1147.079880377000109 -3.333108 25.260912 -1.510402 -0.044019 -0.275834 0.502281 -0.818347
1147.113094002000025 -3.444801 25.065454 -1.465637 -0.040126 -0.278248 0.491543 -0.824229
1147.146226480999985 -3.549673 24.856821 -1.431516 -0.036023 -0.281018 0.480248 -0.830117
1147.179399376999982 -3.641389 24.591121 -1.464533 -0.031701 -0.283587 0.468467 -0.836129
1147.212572377000015 -3.726953 24.369806 -1.456972 -0.028284 -0.287123 0.456783 -0.841492
1147.245746377000160 -3.807851 24.145849 -1.446726 -0.023567 -0.289414 0.445240 -0.847022
1147.278918637000061 -3.882283 23.915728 -1.429930 -0.019125 -0.291405 0.433294 -0.852627
1147.312090429000136 -3.954286 23.679051 -1.418207 -0.014289 -0.292883 0.420595 -0.858554
1147.345264482000175 -4.012936 23.452743 -1.404759 -0.010177 -0.294572 0.408199 -0.864001
1147.378477377000081 -4.066342 23.223309 -1.395376 -0.006219 -0.295938 0.395734 -0.869354
1147.411610533000157 -4.111969 23.001539 -1.378277 -0.001711 -0.297270 0.383172 -0.874532
1147.444783794000159 -4.150311 22.777530 -1.357091 0.003055 -0.298416 0.370106 -0.879750
1147.478029846000027 -4.203691 22.553179 -1.307289 0.007468 -0.299867 0.356693 -0.884756
1147.511175429000104 -4.211281 22.300553 -1.316120 0.011557 -0.300723 0.343366 -0.889681
1147.544383377000031 -4.230846 22.065526 -1.307380 0.015515 -0.300674 0.330195 -0.894609
1147.577607585000123 -4.243043 21.836595 -1.301890 0.019705 -0.300017 0.316812 -0.899573
1147.610647481000115 -4.246437 21.609189 -1.290512 0.025211 -0.299319 0.303338 -0.904300
1147.643832846000123 -4.237232 21.386886 -1.280761 0.030293 -0.298051 0.289849 -0.908975
1147.676996429000155 -4.217282 21.163032 -1.275919 0.035399 -0.296792 0.276333 -0.913401
1147.710270429000047 -4.200553 20.936833 -1.260272 0.040035 -0.295468 0.262284 -0.917771
1147.776554377000139 -4.147697 20.481499 -1.224883 0.049266 -0.292343 0.233900 -0.925958
1147.809686429000067 -4.101221 20.267747 -1.236837 0.053145 -0.289831 0.219622 -0.930021
1147.842860428999984 -4.052596 20.059179 -1.231239 0.057517 -0.287201 0.205340 -0.933832
1147.876032534000160 -4.000653 19.842311 -1.226236 0.061797 -0.284903 0.190398 -0.937422
1147.909204480999961 -3.952339 19.623207 -1.219702 0.066372 -0.282943 0.175412 -0.940622
1147.942378533000010 -3.899674 19.425634 -1.195529 0.071819 -0.280868 0.160008 -0.943585
1147.975551533000043 -3.858315 19.213609 -1.162586 0.076144 -0.279314 0.144574 -0.946195
1148.008723429000156 -3.776976 18.978193 -1.190025 0.079817 -0.276083 0.129211 -0.949058
1148.041896792999978 -3.699356 18.764251 -1.190105 0.084672 -0.272371 0.113938 -0.951663
1148.108243429000140 -3.547511 18.351358 -1.163264 0.094456 -0.267867 0.082198 -0.955285
1148.141416429000174 -3.464210 18.137340 -1.154074 0.100292 -0.264913 0.065965 -0.956771
1148.174631325000064 -3.382693 17.931381 -1.140198 0.105975 -0.262156 0.049740 -0.957898
1148.207763376999992 -3.279940 17.728015 -1.133478 0.111788 -0.259956 0.033524 -0.958542
1148.240979794000168 -3.179879 17.531154 -1.122371 0.117300 -0.257975 0.017162 -0.958851
1148.274155377000170 -3.068057 17.347138 -1.110321 0.123101 -0.256270 0.000829 -0.958734
1148.307280429999992 -2.959301 17.167071 -1.102696 0.128524 -0.253711 -0.015656 -0.958576
1148.340494429000046 -2.842150 17.020057 -1.102256 0.134123 -0.251814 -0.031930 -0.957905
1148.373626377000164 -2.748344 16.848365 -1.094836 0.138903 -0.249215 -0.048577 -0.957203
1148.406989387000067 -2.643219 16.681782 -1.085846 0.144039 -0.246495 -0.065153 -0.956163
1148.439972377000004 -2.546780 16.551859 -1.071561 0.150487 -0.241947 -0.081488 -0.955079
1148.473186429000179 -2.415087 16.397704 -1.059118 0.155926 -0.240030 -0.097713 -0.953166
1148.506324263000124 -2.278672 16.243866 -1.043634 0.161168 -0.238063 -0.114397 -0.950928
1148.539491481000141 -2.141119 16.100399 -1.039225 0.166490 -0.235592 -0.130490 -0.948552
1148.572665481000058 -1.996375 15.972603 -1.028440 0.171965 -0.233852 -0.146739 -0.945626
1148.605838325000150 -1.841138 15.848937 -1.017857 0.178469 -0.231544 -0.163675 -0.942203
1148.639051794000125 -1.685182 15.734127 -1.011757 0.184614 -0.228742 -0.180201 -0.938681
1148.672223534000068 -1.526539 15.625760 -1.000773 0.190531 -0.226584 -0.196619 -0.934719
1148.705398429000070 -1.377264 15.522671 -0.998855 0.197190 -0.223455 -0.212991 -0.930494
1148.738570585000161 -1.216959 15.419739 -0.987940 0.204620 -0.221297 -0.229772 -0.925399
1148.771744533000174 -1.059928 15.320297 -0.975125 0.212170 -0.218853 -0.246579 -0.919938
1148.804875429000049 -0.899903 15.221321 -0.945006 0.220003 -0.216187 -0.263776 -0.913939
1148.838052824999977 -0.731553 15.133964 -0.922350 0.227632 -0.212713 -0.281196 -0.907670
1148.871225033999963 -0.562577 15.053912 -0.900560 0.234389 -0.210237 -0.297715 -0.901237
1148.904398971000091 -0.351531 15.003410 -0.941947 0.240551 -0.206431 -0.314270 -0.894850
1148.937569616000019 -0.178132 14.946341 -0.933431 0.247404 -0.203040 -0.330946 -0.887717
1148.970741690000068 -0.003548 14.889863 -0.926099 0.254365 -0.199482 -0.347508 -0.880195
1149.003916992000086 0.164025 14.840062 -0.918281 0.261013 -0.195871 -0.363451 -0.872588
1149.037088992000008 0.310984 14.802164 -0.914830 0.267197 -0.193032 -0.378510 -0.864913
1149.070302824999999 0.476091 14.760532 -0.911968 0.273268 -0.189113 -0.394022 -0.856917
1149.103434095000011 0.642299 14.731541 -0.900084 0.278913 -0.185545 -0.408544 -0.849042
1149.136613096000019 0.802640 14.712476 -0.892075 0.284697 -0.181407 -0.422621 -0.841089
1149.169780617000015 0.967993 14.697611 -0.886101 0.289530 -0.177928 -0.436153 -0.833237
1149.202994940000053 1.132425 14.698165 -0.881581 0.293816 -0.174227 -0.449420 -0.825433
1149.236126533000061 1.301522 14.707568 -0.874480 0.297637 -0.170549 -0.462600 -0.817512
1149.269298429000173 1.479281 14.722200 -0.865618 0.301574 -0.166788 -0.475117 -0.809629
1149.302471429999969 1.633095 14.730722 -0.837796 0.304621 -0.163567 -0.486330 -0.802455
1149.368816429000162 1.975639 14.803727 -0.833259 0.306318 -0.161376 -0.504152 -0.791175
1149.401990480999984 2.131471 14.826519 -0.835551 0.304320 -0.162597 -0.511284 -0.787109
1149.468334532999961 2.442704 14.930660 -0.827541 0.297471 -0.167198 -0.524567 -0.779990
1149.501535085000114 2.589732 14.973878 -0.826415 0.294822 -0.169973 -0.530528 -0.776357
1149.534730689000071 2.731744 15.028047 -0.827588 0.292853 -0.171364 -0.536386 -0.772762
1149.567855688999998 2.873899 15.095054 -0.830514 0.290642 -0.172859 -0.542282 -0.769140
1149.601034533000075 3.020119 15.178207 -0.828477 0.288977 -0.174363 -0.548205 -0.765220
1149.634201429000086 3.158792 15.278633 -0.830971 0.287139 -0.175655 -0.553890 -0.761513
1149.667374429000120 3.292320 15.399031 -0.832643 0.285716 -0.176667 -0.559340 -0.757822
1149.700627367000152 3.428950 15.521238 -0.836645 0.284147 -0.177352 -0.564688 -0.754278
1149.733789481000031 3.557284 15.648134 -0.839482 0.280885 -0.177622 -0.569967 -0.751459
1149.800066429000026 3.842169 15.882949 -0.841242 0.277671 -0.179745 -0.578271 -0.745784
1149.833239533000096 3.983932 15.983338 -0.835655 0.278161 -0.179949 -0.579761 -0.744394
1149.899681481000016 4.238772 16.241042 -0.836268 0.278038 -0.180855 -0.580570 -0.743590
1149.932862898000167 4.360372 16.349227 -0.818040 0.277419 -0.182015 -0.578859 -0.744870
1149.999111376999963 4.614450 16.673933 -0.826634 0.266451 -0.188098 -0.573882 -0.751187
1150.032277429000032 4.736051 16.831867 -0.819218 0.257307 -0.194622 -0.569430 -0.756086
1150.065450585999997 4.863676 17.005113 -0.815180 0.247906 -0.200783 -0.564186 -0.761526
1150.131796419000011 5.064887 17.297934 -0.754104 0.231446 -0.209822 -0.552526 -0.772737
1150.164967429000171 5.222327 17.558292 -0.802464 0.223688 -0.213343 -0.545948 -0.778710
1150.231315429000006 5.415546 17.779332 -0.736929 0.207631 -0.221182 -0.531948 -0.790569
1150.264490002000002 5.559031 18.180314 -0.797916 0.199368 -0.225060 -0.523858 -0.796978
1150.297660377000057 5.677793 18.364963 -0.803096 0.190256 -0.228597 -0.516705 -0.802846
1150.364008095000145 5.947552 18.753550 -0.822659 0.171966 -0.236871 -0.499286 -0.815496
1150.397263445000135 6.085922 18.923196 -0.825565 0.163253 -0.239654 -0.490501 -0.821780
1150.430400758000133 6.238028 19.115203 -0.827488 0.154222 -0.242614 -0.481958 -0.827690
1150.496794653000052 6.524864 19.526499 -0.839623 0.136332 -0.247531 -0.463669 -0.839734
1150.563138498000171 6.808398 19.961396 -0.853700 0.117790 -0.252647 -0.444679 -0.851209
1150.596224602000120 6.981786 20.164383 -0.857645 0.109266 -0.254971 -0.434956 -0.856659
1150.629401952000080 7.127742 20.381060 -0.858668 0.101099 -0.257171 -0.425475 -0.861750
1150.662650004000170 7.288608 20.603695 -0.873978 0.093201 -0.259162 -0.415884 -0.866712
1150.695787900000141 7.438834 20.837163 -0.880422 0.085885 -0.261839 -0.406085 -0.871297
1150.728961160000154 7.603057 21.074617 -0.904385 0.076981 -0.263402 -0.397009 -0.875829
1150.762093951999987 7.767730 21.296800 -0.912357 0.069717 -0.263425 -0.387341 -0.880746
1150.828510682000115 8.090608 21.776969 -0.948289 0.054626 -0.265341 -0.369581 -0.888831
1150.861709733999987 8.268278 21.990517 -0.965867 0.045913 -0.266551 -0.361654 -0.892216
1150.894790734000026 8.446738 22.246698 -0.975860 0.037146 -0.267325 -0.354398 -0.895299
1150.928002682000169 8.629469 22.488468 -0.990039 0.028296 -0.267513 -0.346553 -0.898631
1150.961135733999981 8.820714 22.737234 -1.008842 0.019716 -0.267430 -0.339454 -0.901589
1150.994315906000111 9.014698 23.005078 -1.034572 0.011469 -0.268565 -0.332654 -0.903926
1151.027595126000051 9.206286 23.252799 -1.048376 0.002415 -0.269592 -0.325164 -0.906412
1151.060778073000165 9.408561 23.500992 -1.053197 -0.006131 -0.270056 -0.317737 -0.908887
1151.093877073000158 9.624081 23.753928 -1.069578 -0.015035 -0.271155 -0.309144 -0.911416
1151.127050229000133 9.848482 24.015476 -1.086575 -0.024185 -0.271936 -0.300648 -0.913825
1151.160225278000098 10.079770 24.276075 -1.097172 -0.033783 -0.272196 -0.291441 -0.916423
1151.193441434000079 10.336409 24.508421 -1.105399 -0.044146 -0.271259 -0.282072 -0.919187
1151.226535382000066 10.565689 24.764165 -1.116616 -0.053059 -0.270099 -0.273720 -0.921579
1151.259751329999972 10.779154 25.014785 -1.097655 -0.063459 -0.269590 -0.266131 -0.923292
1151.292921277999994 11.018504 25.298179 -1.134882 -0.073214 -0.267249 -0.258196 -0.925501
1151.326060075999976 11.253387 25.549502 -1.151156 -0.083124 -0.265306 -0.250228 -0.927410
1151.359233024000105 11.465020 25.807366 -1.144311 -0.089688 -0.262240 -0.243871 -0.929362
1151.392452232000096 11.710679 26.053988 -1.163232 -0.097012 -0.258524 -0.237668 -0.931272
1151.425578075999965 11.975204 26.268613 -1.168688 -0.101975 -0.254299 -0.231815 -0.933378
1151.458796024000094 12.218864 26.502136 -1.186199 -0.103469 -0.246096 -0.228258 -0.936285
1151.491971338999974 12.454286 26.720840 -1.182578 -0.103381 -0.238226 -0.226295 -0.938803
1151.525104338000119 12.698731 26.937352 -1.187344 -0.101976 -0.230886 -0.225937 -0.940875
1151.558277911000005 12.948556 27.156689 -1.187259 -0.099373 -0.224298 -0.226755 -0.942549
1151.591562339000120 13.176324 27.363426 -1.195909 -0.094859 -0.218937 -0.229334 -0.943650
1151.624664703000008 13.445126 27.576995 -1.189071 -0.087625 -0.213143 -0.233630 -0.944621
1151.657803766000143 13.591041 27.628880 -1.175479 -0.079351 -0.208007 -0.238948 -0.945167
1151.724148193000019 14.088019 27.900973 -1.157734 -0.058403 -0.197919 -0.255091 -0.944640
1151.757414328000095 14.397926 28.241088 -1.171480 -0.046411 -0.193013 -0.263114 -0.944120
1151.823669245000019 14.924680 28.646549 -1.156366 -0.022022 -0.184470 -0.284566 -0.940483
1151.890014244999975 15.415632 28.696837 -1.211670 0.006770 -0.173381 -0.309544 -0.934920
1151.923273131000087 15.711249 29.167579 -1.163663 0.021808 -0.167521 -0.323629 -0.930981
1151.989584215000150 16.151145 29.156537 -1.197274 0.055210 -0.153791 -0.357642 -0.919452
1152.022713214000078 16.525826 29.715173 -1.160806 0.072206 -0.146829 -0.374692 -0.912597
1152.055886182999984 16.793635 29.924505 -1.189626 0.090972 -0.139316 -0.392266 -0.904678
1152.089057131000118 17.046444 30.088165 -1.168499 0.110270 -0.132580 -0.410416 -0.895445
1152.122328461000052 17.352010 30.306925 -1.153490 0.130170 -0.124840 -0.427749 -0.885721
1152.155485306000173 17.601489 30.502498 -1.176029 0.149718 -0.117893 -0.444926 -0.875058
1152.188703304999990 17.854147 30.687223 -1.165587 0.168143 -0.111518 -0.461501 -0.863891
1152.221753201000183 18.103634 30.873549 -1.178526 0.186616 -0.104533 -0.477868 -0.851991
1152.288142201000028 18.629160 31.279003 -1.207039 0.221299 -0.089970 -0.511807 -0.825218
1152.354454366000027 18.952339 31.618609 -1.137210 0.255189 -0.073527 -0.547006 -0.793887
1152.387623209000139 19.291435 31.829403 -1.208600 0.270704 -0.063080 -0.565317 -0.776632
1152.420928054000115 19.474963 31.984863 -1.190474 0.286642 -0.053097 -0.583071 -0.758317
1152.453968209000095 19.707725 32.216436 -1.153619 0.302807 -0.041767 -0.600241 -0.739103
1152.520315054000093 20.104841 32.614102 -1.092614 0.332593 -0.018585 -0.632998 -0.698820
1152.553492652000159 20.316883 32.871432 -1.150382 0.346497 -0.007389 -0.648454 -0.677785
1152.586666548000039 20.471643 33.004823 -1.133280 0.358260 0.004363 -0.664387 -0.655912
1152.653011756000069 20.830525 33.446692 -1.136477 0.378401 0.027011 -0.693295 -0.612720
1152.686188120999986 21.037029 33.760566 -1.117985 0.387326 0.036771 -0.706257 -0.591462
1152.752574058000164 21.377171 34.276841 -1.108802 0.403835 0.055968 -0.731031 -0.547155
1152.785749991000102 21.615305 34.601314 -1.099832 0.411351 0.065324 -0.743392 -0.523346
1152.818962939000130 21.772543 34.961623 -1.097778 0.418068 0.072876 -0.754119 -0.501211
1152.852053887000011 21.918067 35.211029 -1.095374 0.423566 0.079992 -0.764267 -0.479676
1152.885270095000124 22.053911 35.439223 -1.115194 0.427136 0.085239 -0.774404 -0.458899
1152.918490939000094 22.146606 35.744990 -1.124300 0.428130 0.088125 -0.784525 -0.439839
1152.951704971000026 22.248363 35.999964 -1.112799 0.428171 0.088152 -0.794377 -0.421739
1152.984793971000045 22.341608 36.295643 -1.115360 0.427043 0.086143 -0.804127 -0.404468
1153.051099023000006 22.450992 36.809310 -1.099104 0.421983 0.079381 -0.822919 -0.372067
1153.084270971000024 22.544841 37.142417 -1.117096 0.417751 0.074873 -0.832405 -0.356343
1153.117443919000152 22.581534 37.442904 -1.182411 0.408672 0.070643 -0.842924 -0.342747
1153.150620787999969 22.565771 37.797276 -1.211076 0.404095 0.065772 -0.851476 -0.327675
1153.183801787999982 22.601065 38.017743 -1.185807 0.399440 0.060743 -0.859549 -0.312943
1153.250140788000181 22.584398 38.578033 -1.165943 0.391920 0.055306 -0.873701 -0.282818
1153.283359788000098 22.620950 38.862050 -1.168055 0.388674 0.054746 -0.880074 -0.267215
1153.316534840000031 22.620248 39.169134 -1.213400 0.385704 0.055802 -0.885556 -0.252804
1153.349704501000133 22.596591 39.440394 -1.254122 0.381743 0.056315 -0.891319 -0.238014
1153.382837397000003 22.556140 39.726522 -1.262153 0.380324 0.057968 -0.895527 -0.223663
1153.416009240999983 22.514889 40.016371 -1.252429 0.379125 0.059580 -0.899380 -0.209355
1153.449183294000022 22.469815 40.286245 -1.262941 0.377970 0.062673 -0.902717 -0.195738
1153.482396189000156 22.403781 40.579069 -1.271340 0.377398 0.065097 -0.905620 -0.182172
1153.548742449999963 22.223962 41.060683 -1.269075 0.376586 0.069608 -0.910643 -0.155138
1153.615105241000037 22.078815 41.616982 -1.283766 0.375082 0.070730 -0.915227 -0.129113
1153.648261345000037 21.990831 41.883856 -1.302120 0.374970 0.072887 -0.916901 -0.115664
1153.714567293000073 21.744644 42.327507 -1.378628 0.371254 0.076821 -0.920999 -0.089610
1153.747780293000005 21.605253 42.564298 -1.414749 0.369872 0.078949 -0.922531 -0.076802
1153.780912188999991 21.473624 42.793536 -1.424653 0.369393 0.082102 -0.923481 -0.063175
1153.814086397999972 21.310189 42.990890 -1.436909 0.367854 0.085052 -0.924634 -0.050023
1153.847259126000154 21.184357 43.250414 -1.450459 0.366084 0.087747 -0.925729 -0.036184
1153.880434481000066 21.029409 43.467187 -1.478430 0.363728 0.090431 -0.926829 -0.022641
1153.913605708999967 20.851286 43.676861 -1.519329 0.360666 0.094211 -0.927873 -0.009806
1153.979950501000076 20.495918 44.043394 -1.586881 0.354064 0.103583 -0.929302 0.017505
1154.013124554000115 20.276280 44.207616 -1.628411 0.351833 0.110072 -0.929006 0.032344
1154.046395346000054 20.067588 44.372772 -1.666051 0.349045 0.115419 -0.928858 0.045479
1154.079471293000097 19.883999 44.565161 -1.700180 0.346459 0.121312 -0.928448 0.056876
1154.112645345000146 19.686958 44.741057 -1.732081 0.343232 0.127536 -0.928003 0.068823
1154.145910398000069 19.493821 44.943997 -1.767584 0.340740 0.134145 -0.927026 0.080768
1154.179075345000001 19.286065 45.143252 -1.805585 0.338640 0.140401 -0.925811 0.092107
1154.212241294000023 19.077787 45.322774 -1.853173 0.336031 0.145829 -0.924682 0.103826
1154.245336762000079 18.842241 45.491713 -1.900218 0.333159 0.151119 -0.923597 0.114612
1154.278544918000080 18.601179 45.650977 -1.963611 0.329621 0.155268 -0.922716 0.125847
1154.311684179000167 18.385361 45.846146 -1.978592 0.327366 0.159446 -0.921380 0.135893
1154.344903293000016 18.123240 45.978512 -2.053522 0.324666 0.163077 -0.920141 0.146076
1154.378028241000038 17.884132 46.132312 -2.086405 0.321903 0.166503 -0.918747 0.156712
1154.411291657999982 17.628149 46.256364 -2.133984 0.319702 0.169910 -0.917211 0.166270
1154.444482292999965 17.385827 46.372304 -2.181449 0.316346 0.173111 -0.915809 0.176779
1154.477549345000170 17.126969 46.460848 -2.259866 0.312372 0.175944 -0.914592 0.187052
1154.543902345000106 16.604514 46.672054 -2.339774 0.304598 0.182720 -0.911507 0.207336
1154.610240741000098 16.066660 46.835832 -2.446594 0.295517 0.188251 -0.908601 0.227322
1154.643484688000171 15.808584 46.893911 -2.492612 0.291317 0.191580 -0.906760 0.237102
1154.709766480000098 15.267643 47.022150 -2.577411 0.280468 0.197896 -0.903140 0.257902
1154.743023501000152 14.992012 47.064919 -2.625498 0.273416 0.201505 -0.901420 0.268482
1154.809279177999997 14.472765 47.061235 -2.642672 0.261311 0.208754 -0.896666 0.290050
1154.875623283000095 13.859188 47.178603 -2.811549 0.247494 0.214563 -0.891593 0.312685
1154.941969293000056 13.275006 47.206476 -2.884373 0.235427 0.221834 -0.885439 0.333710
1154.975214345000040 12.980097 47.204409 -2.923328 0.230095 0.224252 -0.882753 0.342802
1155.041487397000083 12.406728 47.183097 -3.001485 0.223331 0.226600 -0.877271 0.359403
1155.074660241000174 12.100293 47.159073 -3.043547 0.220230 0.226916 -0.874833 0.366982
1155.141005345000167 11.531163 47.130390 -3.082822 0.213700 0.226145 -0.869920 0.382662
1155.174179450000111 11.212570 47.089627 -3.160980 0.210890 0.224609 -0.867573 0.390377
1155.240526240999998 10.686770 47.004781 -3.181689 0.204056 0.223911 -0.862212 0.405975
1155.306870292999974 10.062414 46.829549 -3.314278 0.195793 0.224794 -0.854963 0.424465
1155.340043398000034 9.775082 46.747878 -3.353948 0.191375 0.225151 -0.851135 0.433881
1155.373217396999962 9.518924 46.610314 -3.389445 0.186371 0.223914 -0.848051 0.442648
1155.406390345000091 9.249302 46.497609 -3.423055 0.182480 0.223285 -0.844769 0.450788
1155.439561292999997 8.973105 46.384680 -3.454681 0.178828 0.222673 -0.841179 0.459189
1155.472736294000015 8.692254 46.272964 -3.488622 0.175186 0.221327 -0.837969 0.467045
1155.505909501000133 8.421688 46.149690 -3.519643 0.172160 0.220350 -0.834452 0.474864
1155.539174344999992 8.167971 46.034389 -3.543999 0.169776 0.218290 -0.831399 0.481977
1155.572257397000158 7.911890 45.896328 -3.569167 0.168921 0.215001 -0.828683 0.488390
1155.605564397000080 7.654539 45.748135 -3.590170 0.167964 0.211656 -0.825986 0.494710
1155.638680716000181 7.395119 45.604222 -3.605354 0.166571 0.208605 -0.823258 0.500983
1155.671769768000104 7.138983 45.464100 -3.620535 0.165795 0.205039 -0.820765 0.506769
1155.704944028000000 6.882445 45.310377 -3.645456 0.165170 0.201990 -0.818258 0.512223
1155.738116872000091 6.626012 45.158512 -3.644683 0.163930 0.199156 -0.815152 0.518644
1155.771287819999998 6.382952 45.025893 -3.604673 0.162415 0.196924 -0.812129 0.524679
1155.804458087000057 6.154807 44.890610 -3.582950 0.161464 0.195248 -0.809337 0.529887
1155.837671346999969 5.871803 44.667823 -3.677409 0.160119 0.193905 -0.806136 0.535637
1155.870803035000108 5.629261 44.492100 -3.701271 0.159170 0.192722 -0.802684 0.541500
1155.903977399000041 5.371444 44.318177 -3.711153 0.157754 0.191998 -0.799440 0.546942
1155.937239087000080 5.108700 44.150212 -3.718094 0.156016 0.191141 -0.796481 0.552035
1155.970317600000044 4.842498 43.977178 -3.728154 0.154575 0.189823 -0.793719 0.556852
1156.003612495999960 4.598306 43.792869 -3.741678 0.153370 0.188643 -0.790965 0.561485
1156.036780277000162 4.357243 43.611541 -3.744930 0.152709 0.187482 -0.788294 0.565794
1156.069882913000129 4.115650 43.418258 -3.748739 0.151983 0.185815 -0.785424 0.570511
1156.103047496000045 3.873739 43.229288 -3.749729 0.151801 0.183814 -0.782441 0.575286
1156.169497568999986 3.600177 43.051713 -3.702137 0.150864 0.180979 -0.777570 0.582985
1156.202526672999966 3.164011 42.688897 -3.747499 0.148974 0.179720 -0.774826 0.587497
1156.235698402000025 2.909069 42.438878 -3.760871 0.148339 0.178735 -0.772543 0.590954
1156.268978839000056 2.646575 42.234199 -3.741659 0.146402 0.177611 -0.770015 0.595062
1156.335216735000131 2.195831 41.813370 -3.728190 0.143348 0.175697 -0.764852 0.602979
1156.368424381000068 1.988593 41.613874 -3.724243 0.141837 0.174626 -0.762274 0.606899
1156.401600995000081 1.780484 41.398065 -3.709452 0.140686 0.175415 -0.759680 0.610183
1156.434834401999979 1.568880 41.181785 -3.686443 0.139277 0.178026 -0.756796 0.613326
1156.501073453000117 1.129998 40.736256 -3.662125 0.136832 0.180569 -0.752182 0.618785
1156.534248610000077 0.932240 40.484358 -3.686698 0.136026 0.180925 -0.750375 0.621048
1156.567414111000062 0.725146 40.253779 -3.690321 0.134319 0.181816 -0.748500 0.623417
1156.633758215000171 0.274534 39.777628 -3.670675 0.132685 0.182874 -0.744491 0.628239
1156.666972267000119 0.035838 39.527984 -3.667671 0.132671 0.181437 -0.743748 0.629538
1156.700111267000011 -0.186467 39.291443 -3.663013 0.132715 0.178678 -0.742395 0.631910
1156.733379163000109 -0.414484 39.049346 -3.651073 0.133033 0.177811 -0.740769 0.633993
1156.766486299000007 -0.618381 38.805796 -3.644476 0.133023 0.177125 -0.739148 0.636075
1156.832789987000069 -1.009244 38.321915 -3.614909 0.131327 0.177708 -0.734692 0.641405
1156.865964090000034 -1.200507 38.067928 -3.603312 0.128394 0.179305 -0.732150 0.644455
1156.899265987000035 -1.396255 37.803358 -3.578531 0.125301 0.181016 -0.729784 0.647262
1156.932310037999969 -1.588327 37.545651 -3.553877 0.122882 0.182554 -0.726828 0.650612
1156.965477270000065 -1.797939 37.229922 -3.595060 0.120288 0.183350 -0.723675 0.654377
1156.998697332000120 -1.984702 37.035066 -3.517113 0.117867 0.185254 -0.720714 0.657541
1157.031824270000016 -2.166939 36.779949 -3.491634 0.114873 0.188140 -0.716951 0.661354
1157.064995239000154 -2.354168 36.505295 -3.468844 0.111520 0.190919 -0.712862 0.665539
1157.098168395000130 -2.526397 36.229836 -3.444944 0.108256 0.193788 -0.708638 0.669746
1157.131334573000004 -2.701071 35.953257 -3.427654 0.105624 0.195698 -0.704641 0.673816
1157.197680925999975 -3.035737 35.408321 -3.388680 0.100506 0.199150 -0.696401 0.682102
1157.230853624000019 -3.194159 35.127551 -3.368113 0.097623 0.201207 -0.692150 0.686232
1157.264066363999973 -3.363809 34.851505 -3.347382 0.095123 0.203239 -0.687723 0.690422
1157.297199364000107 -3.533045 34.556426 -3.318998 0.092332 0.205192 -0.684330 0.693587
1157.363540696999962 -3.834747 33.997138 -3.273284 0.088474 0.202133 -0.681875 0.697396
1157.396711645000096 -3.982615 33.708582 -3.249202 0.086017 0.199122 -0.681875 0.698568
1157.429884009000034 -4.125236 33.401899 -3.225365 0.083285 0.196318 -0.681865 0.699702
1157.463056645000052 -4.263456 33.113319 -3.194943 0.080647 0.193135 -0.682693 0.700089
1157.496271697000111 -4.397412 32.818759 -3.160245 0.078106 0.189919 -0.683841 0.700137
1157.529523145999974 -4.530162 32.521168 -3.130484 0.075314 0.186094 -0.684975 0.700361
1157.562569354000061 -4.658513 32.229816 -3.094239 0.071693 0.181832 -0.686082 0.700777
1157.595821094000030 -4.783077 31.920668 -3.066218 0.068138 0.177208 -0.687431 0.700994
1157.628916146000165 -4.911428 31.619042 -3.021365 0.064943 0.173352 -0.688667 0.701048
1157.695260041999973 -5.153864 31.019969 -2.950038 0.058102 0.166137 -0.693330 0.698797
1157.728434369000070 -5.285590 30.705871 -2.898414 0.056703 0.161343 -0.697183 0.696196
1157.761598473000049 -5.409155 30.391006 -2.875637 0.058412 0.156510 -0.702266 0.692037
1157.794773524999982 -5.531187 30.114638 -2.811179 0.061680 0.147891 -0.708680 0.687093
1157.827984368999978 -5.622994 29.805194 -2.774188 0.064493 0.138736 -0.715311 0.681853
1157.861204421000139 -5.724138 29.492371 -2.753537 0.066635 0.129836 -0.721948 0.676383
1157.894359232000170 -5.830897 29.236962 -2.673951 0.068150 0.121812 -0.729332 0.669770
1157.927501180000036 -5.933059 28.910631 -2.668044 0.070432 0.113572 -0.736561 0.663037
1157.960676285000091 -6.016384 28.627528 -2.628070 0.072989 0.106182 -0.743893 0.655760
1158.026978232000147 -6.212691 28.047771 -2.538142 0.081146 0.088426 -0.759078 0.639841
1158.060152544000175 -6.291041 27.755539 -2.512339 0.086045 0.078417 -0.766672 0.631397
1158.093391694000047 -6.363253 27.457559 -2.467674 0.093440 0.069749 -0.773662 0.622777
1158.126485746000071 -6.449696 27.175069 -2.425985 0.099976 0.061749 -0.780197 0.614398
1158.159696798000141 -6.533097 26.877844 -2.384832 0.105036 0.053986 -0.786636 0.606017
1158.192876746000138 -6.629290 26.593629 -2.334157 0.109594 0.046938 -0.793018 0.597419
1158.226001797999970 -6.719356 26.308059 -2.284066 0.114419 0.039574 -0.798789 0.589304
1158.259164264999981 -6.819656 26.015469 -2.256624 0.118936 0.032569 -0.803970 0.581744
1158.292340932000116 -6.917697 25.709006 -2.206182 0.123698 0.025243 -0.808514 0.574775
1158.325512880000133 -7.023695 25.403976 -2.157196 0.128663 0.018453 -0.813242 0.567223
1158.358686526000156 -7.142428 25.095435 -2.110409 0.133888 0.011599 -0.817457 0.560092
1158.391862370000126 -7.254402 24.792546 -2.059819 0.139463 0.004465 -0.821201 0.553316
1158.425023027000179 -7.381734 24.497218 -2.004594 0.145667 -0.002755 -0.824573 0.546674
1158.458238913000059 -7.474178 24.256226 -1.894176 0.151773 -0.009532 -0.827930 0.539821
1158.491411922999987 -7.624026 23.879355 -1.902122 0.157820 -0.016893 -0.830624 0.533733
1158.524582871000121 -7.767300 23.547306 -1.857605 0.163569 -0.023830 -0.833401 0.527370
1158.557714923000049 -7.878754 23.219706 -1.808440 0.168216 -0.030395 -0.835615 0.522041
1158.590922190000128 -8.010245 22.900510 -1.752760 0.173544 -0.037094 -0.837740 0.516429
1158.624056033999977 -8.144358 22.575565 -1.701399 0.178146 -0.044074 -0.839549 0.511350
1158.657229023000127 -8.283933 22.247713 -1.650114 0.183173 -0.050917 -0.840817 0.506835
1158.690402138000081 -8.430433 21.906026 -1.599470 0.187452 -0.057410 -0.841871 0.502812
1158.756788242000084 -8.709819 21.292381 -1.487439 0.193928 -0.067937 -0.842430 0.498085
1158.823127968000108 -9.037900 20.658755 -1.394583 0.196535 -0.073514 -0.841554 0.497751
1158.889475124000001 -9.377043 19.996985 -1.228104 0.198393 -0.076701 -0.840437 0.498420
1158.922608124000135 -9.699964 19.369638 -1.162081 0.197229 -0.076325 -0.840316 0.499143
1158.988953021000043 -10.015073 18.770771 -1.032815 0.196185 -0.075118 -0.839905 0.500428
1159.022125019999976 -10.224232 18.431964 -1.012052 0.196472 -0.072817 -0.839550 0.501251
1159.088539692000040 -10.588801 17.856703 -0.954604 0.197856 -0.069225 -0.838271 0.503351
1159.121641691000150 -10.770247 17.510264 -0.834797 0.200619 -0.065266 -0.837390 0.504253
1159.154813587000035 -10.944853 17.209521 -0.743191 0.202118 -0.060673 -0.836650 0.505454
1159.187991587000170 -11.150237 16.866475 -0.688163 0.204173 -0.055442 -0.835976 0.506344
1159.221159639000007 -11.375060 16.522430 -0.650032 0.206705 -0.049081 -0.834801 0.507908
1159.254332587000135 -11.517526 16.289977 -0.645470 0.208784 -0.043704 -0.833873 0.509072
1159.287506639000185 -11.734061 15.975518 -0.602619 0.210516 -0.037813 -0.832548 0.510997
1159.320822587000066 -11.912716 15.702894 -0.552107 0.211841 -0.031607 -0.831285 0.512923
1159.353851535000103 -12.090547 15.446698 -0.498480 0.212323 -0.025653 -0.829822 0.515418
1159.387097586999971 -12.267412 15.187564 -0.496844 0.212969 -0.020125 -0.827665 0.518855
1159.420199847000049 -12.441891 14.922139 -0.465108 0.211757 -0.014214 -0.825552 0.522896
1159.453370587000109 -12.630013 14.667520 -0.429762 0.209941 -0.008271 -0.823337 0.527231
1159.486546358000169 -12.822090 14.406088 -0.400768 0.207480 -0.001981 -0.821031 0.531843
1159.519716690999985 -13.017581 14.145743 -0.375663 0.204071 0.005228 -0.818631 0.536816
1159.552930795000066 -13.206261 13.896268 -0.341324 0.200362 0.011843 -0.816197 0.541791
1159.586064587000010 -13.405065 13.641372 -0.317206 0.196141 0.018188 -0.813829 0.546699
1159.619236587000159 -13.599351 13.389119 -0.300112 0.191365 0.024810 -0.811255 0.551932
1159.652408587000082 -13.797251 13.140091 -0.300997 0.188108 0.030543 -0.808001 0.557510
1159.685582639000131 -13.985119 12.894404 -0.275507 0.183880 0.036202 -0.805094 0.562761
1159.718755587000032 -14.177527 12.635668 -0.276507 0.179679 0.040610 -0.802257 0.567847
1159.751942587000030 -14.369776 12.382756 -0.255955 0.175818 0.044390 -0.799061 0.573253
1159.785205587000064 -14.568880 12.119695 -0.233163 0.171770 0.048850 -0.795529 0.579001
1159.818273691000059 -14.768220 11.847952 -0.219918 0.167941 0.052908 -0.791761 0.584902
1159.851488690999986 -14.974863 11.578357 -0.195603 0.163829 0.057324 -0.787956 0.590762
1159.884638795000001 -15.189004 11.298804 -0.186714 0.160030 0.061445 -0.783578 0.597177
1159.917793743000175 -15.402250 11.020794 -0.198766 0.155808 0.065331 -0.779005 0.603827
1159.951062691000061 -15.595877 10.755027 -0.149275 0.151205 0.070312 -0.774339 0.610404
1159.984218691000024 -15.800588 10.483644 -0.129709 0.146059 0.075536 -0.769387 0.617255
1160.017313846999969 -16.008470 10.237814 -0.142311 0.141065 0.080129 -0.764293 0.624128
1160.050487160000102 -16.195842 9.975180 -0.123506 0.135285 0.086862 -0.759383 0.630469
