# timestamp(s) tx ty tz qx qy qz qw
1733733734.786762952804565 0.000000 0.000000 -0.000000 -0.405058 -0.914041 -0.000000 0.021368
1733733734.886761665344238 -0.000191 -0.000626 0.000767 -0.405043 -0.914035 -0.002897 0.021715
1733733734.986760616302490 0.000004 -0.000515 0.000250 -0.405197 -0.913961 -0.002835 0.021970
1733733735.086759328842163 0.000212 -0.000633 -0.000147 -0.405290 -0.913979 -0.001490 0.019503
1733733735.186758279800415 0.000132 -0.000358 -0.000002 -0.405332 -0.913933 -0.001071 0.020742
1733733735.286757230758667 0.000286 -0.000831 -0.000068 -0.405362 -0.913909 -0.001085 0.021219
1733733735.386755943298340 0.000507 -0.000979 0.000359 -0.405411 -0.913877 -0.001257 0.021638
1733733735.486754894256592 0.000728 -0.001274 0.000348 -0.405498 -0.913840 -0.001269 0.021613
1733733735.586753606796265 0.000709 -0.001143 0.000703 -0.405548 -0.913816 -0.001087 0.021677
1733733735.686752557754517 0.000995 -0.001479 0.000691 -0.405523 -0.913830 -0.001191 0.021547
1733733735.786751508712769 0.000934 -0.001373 0.000915 -0.405577 -0.913807 -0.001226 0.021493
1733733735.886750221252441 0.001387 -0.001406 0.000794 -0.405536 -0.913826 -0.001354 0.021450
1733733735.986749410629272 0.001353 -0.001965 0.000815 -0.405640 -0.913776 -0.001637 0.021586
1733733736.086748361587524 0.001222 -0.001828 0.001274 -0.405663 -0.913767 -0.001227 0.021604
1733733736.186747312545776 0.001475 -0.001332 0.001119 -0.405596 -0.913797 -0.001350 0.021558
1733733736.286746025085449 0.001302 -0.002057 0.001361 -0.405692 -0.913755 -0.001339 0.021533
1733733736.386744976043701 0.001538 -0.002287 0.001357 -0.405696 -0.913756 -0.001363 0.021418
1733733736.486743927001953 0.001562 -0.002091 0.001433 -0.405680 -0.913762 -0.001182 0.021470
1733733736.586742639541626 0.001438 -0.002325 0.001363 -0.405701 -0.913746 -0.001457 0.021746
1733733736.686741352081299 0.001423 -0.001971 0.001346 -0.405724 -0.913739 -0.001397 0.021617
1733733736.786740303039551 0.001708 -0.002253 0.001504 -0.405654 -0.913770 -0.001465 0.021594
1733733736.886739253997803 0.001572 -0.002237 0.001459 -0.405773 -0.913716 -0.001270 0.021670
1733733736.986738204956055 0.001724 -0.002310 0.001324 -0.405684 -0.913752 -0.001407 0.021796
1733733737.086736917495728 0.001681 -0.002170 0.001738 -0.405711 -0.913742 -0.001269 0.021741
1733733737.186735868453979 0.001750 -0.002612 0.001690 -0.405732 -0.913732 -0.001389 0.021754
1733733737.286735057830811 0.001792 -0.002227 0.001722 -0.405712 -0.913739 -0.001258 0.021838
1733733737.386733770370483 0.001910 -0.002197 0.001480 -0.405747 -0.913724 -0.001306 0.021820
1733733737.486732721328735 0.001805 -0.002635 0.001676 -0.405735 -0.913728 -0.001256 0.021869
1733733737.586731672286987 0.001767 -0.002702 0.001821 -0.405732 -0.913729 -0.001411 0.021902
1733733737.686730623245239 0.002086 -0.002330 0.001747 -0.405660 -0.913761 -0.001064 0.021874
1733733737.786729335784912 0.002125 -0.002616 0.001968 -0.405756 -0.913718 -0.001087 0.021928
1733733737.886728048324585 0.001954 -0.002743 0.001674 -0.405763 -0.913717 -0.001395 0.021824
1733733737.986726999282837 0.001916 -0.003065 0.001969 -0.405781 -0.913706 -0.001258 0.021963
1733733738.086725711822510 0.002405 -0.002100 0.001904 -0.405725 -0.913731 -0.000961 0.021947
1733733738.186724662780762 0.002239 -0.002399 0.002346 -0.405710 -0.913741 -0.001163 0.021805
1733733738.286723613739014 0.001746 -0.003676 0.001517 -0.405775 -0.913705 -0.001437 0.022075
1733733738.386722326278687 0.002215 -0.002658 0.001695 -0.405729 -0.913724 -0.001212 0.022141
1733733738.486721754074097 0.002074 -0.002602 0.002095 -0.405790 -0.913701 -0.001014 0.021999
1733733738.586720466613770 0.002128 -0.002710 0.002017 -0.405711 -0.913737 -0.001132 0.021931
1733733738.686719417572021 0.001986 -0.002819 0.002106 -0.405764 -0.913717 -0.001134 0.021811
1733733738.786718130111694 0.001753 -0.003318 0.001383 -0.405775 -0.913705 -0.001195 0.022097
1733733738.886717081069946 0.002383 -0.002484 0.002578 -0.405725 -0.913732 -0.001129 0.021887
1733733738.986716032028198 0.002116 -0.003134 0.001745 -0.405737 -0.913727 -0.001189 0.021883
1733733739.086714744567871 0.001965 -0.003114 0.001921 -0.405802 -0.913699 -0.001171 0.021862
1733733739.186713457107544 0.001523 -0.004532 0.001335 -0.405781 -0.913708 -0.001234 0.021879
1733733739.286712408065796 0.002158 -0.002649 0.002057 -0.405795 -0.913701 -0.001172 0.021881
1733733739.386711359024048 0.002319 -0.002523 0.002011 -0.405755 -0.913721 -0.001189 0.021801
1733733739.486710309982300 0.001645 -0.004341 0.001442 -0.405791 -0.913703 -0.001260 0.021898
1733733739.586709022521973 0.002116 -0.003236 0.001728 -0.405768 -0.913714 -0.001226 0.021866
1733733739.686707973480225 0.002216 -0.002960 0.001995 -0.405770 -0.913715 -0.001275 0.021774
1733733739.786707162857056 0.002140 -0.002823 0.002167 -0.405770 -0.913716 -0.001189 0.021748
1733733739.886705875396729 0.001758 -0.003587 0.001777 -0.405801 -0.913701 -0.001207 0.021800
1733733739.986704826354980 0.002147 -0.003570 0.001999 -0.405765 -0.913717 -0.001253 0.021760
1733733740.086703777313232 0.001837 -0.003714 0.001752 -0.405830 -0.913688 -0.001225 0.021794
1733733740.186702728271484 0.002250 -0.002171 0.002446 -0.405771 -0.913716 -0.001164 0.021698
1733733740.286701440811157 0.001855 -0.003698 0.001686 -0.405834 -0.913685 -0.001211 0.021815
1733733740.386700153350830 0.001941 -0.003989 0.001855 -0.405802 -0.913701 -0.001252 0.021758
1733733740.486699104309082 0.002026 -0.003641 0.001775 -0.405792 -0.913704 -0.001229 0.021824
1733733740.586698055267334 0.002249 -0.002483 0.002185 -0.405770 -0.913717 -0.001156 0.021717
1733733740.686696767807007 0.002115 -0.003199 0.001826 -0.405844 -0.913682 -0.001216 0.021801
1733733740.786695718765259 0.001829 -0.004099 0.001418 -0.405761 -0.913719 -0.001326 0.021767
1733733740.886694669723511 0.002525 -0.001075 0.002900 -0.405797 -0.913705 -0.001141 0.021671
1733733740.986693859100342 0.001862 -0.004078 0.001741 -0.405756 -0.913722 -0.001258 0.021735
1733733741.086692571640015 0.001976 -0.003509 0.001935 -0.405794 -0.913705 -0.001259 0.021750
1733733741.186691522598267 0.001995 -0.003287 0.002088 -0.405791 -0.913707 -0.001227 0.021707
1733733741.286690235137939 -0.000433 0.002920 0.006742 -0.405239 -0.913915 -0.001376 0.023200
1733733741.386689186096191 -0.007488 0.008545 0.012295 -0.401468 -0.915322 -0.004801 0.031401
1733733741.486688137054443 -0.036000 -0.065731 0.007099 -0.400624 -0.915478 -0.009238 0.036257
1733733741.586687088012695 0.001490 0.006500 0.039120 -0.400663 -0.915307 -0.007024 0.040405
1733733741.686685800552368 0.003575 0.008466 0.048503 -0.401536 -0.914887 -0.007400 0.041172
1733733741.786684513092041 -0.003843 0.003240 0.055615 -0.403267 -0.914110 -0.008199 0.041356
1733733741.886683464050293 -0.009110 -0.001471 0.061951 -0.404870 -0.913438 -0.008827 0.040425
1733733741.986682415008545 -0.016057 -0.002539 0.064642 -0.405773 -0.913043 -0.010340 0.039928
1733733742.086681127548218 -0.021313 -0.001795 0.067240 -0.406593 -0.912678 -0.011936 0.039472
1733733742.186680078506470 -0.023497 0.001184 0.069106 -0.407493 -0.912260 -0.012446 0.039699
1733733742.286678791046143 -0.024248 0.004588 0.070807 -0.407553 -0.912223 -0.012565 0.039883
1733733742.386677980422974 -0.027384 0.004729 0.070393 -0.408587 -0.911750 -0.012706 0.040085
1733733742.486676931381226 -0.028147 0.002727 0.068187 -0.410663 -0.910843 -0.012188 0.039646
1733733742.586675882339478 -0.029845 0.015951 0.070811 -0.412156 -0.910322 -0.014364 0.035154
1733733742.686674833297729 -0.072463 -0.029013 0.064685 -0.416830 -0.908209 -0.019448 0.032103
1733733742.786673545837402 -0.029215 0.085591 0.079132 -0.414901 -0.909192 -0.014750 0.031769
1733733742.886672496795654 -0.073182 0.010711 0.048791 -0.415935 -0.908574 -0.008227 0.037740
1733733742.986671209335327 -0.087226 0.003725 0.056680 -0.412682 -0.910027 -0.008699 0.038313
1733733743.086669921875000 -0.099263 0.013285 0.053978 -0.412682 -0.909987 -0.006894 0.039628
1733733743.186668872833252 -0.116877 0.046408 0.052279 -0.414633 -0.909101 -0.005439 0.039812
1733733743.286667823791504 -0.123504 0.025449 0.042722 -0.423517 -0.904899 -0.014300 0.039840
1733733743.386666774749756 -0.167137 -0.000095 0.058871 -0.427402 -0.903044 -0.013688 0.040651
1733733743.486665725708008 -0.117877 -0.008270 0.042198 -0.427490 -0.902816 -0.014689 0.044277
1733733743.586664438247681 -0.058120 0.183282 0.080403 -0.423197 -0.904804 -0.011613 0.045804
1733733743.686663627624512 -0.161627 0.063731 0.077569 -0.417148 -0.907551 -0.006305 0.047940
1733733743.786660432815552 -0.148230 0.142938 0.103189 -0.412900 -0.909572 -0.005483 0.046494
1733733743.886658430099487 -0.218362 0.115436 0.103318 -0.410901 -0.910573 -0.000610 0.044913
1733733743.986656665802002 -0.249195 0.095224 0.111462 -0.412549 -0.909805 -0.005841 0.044996
1733733744.086654663085938 -0.226684 0.227713 0.166711 -0.414904 -0.908893 -0.006161 0.041600
1733733744.186652421951294 -0.277051 0.089714 0.166179 -0.419996 -0.906824 0.005728 0.035242
1733733744.286650419235229 -0.285185 0.213328 0.127238 -0.413006 -0.909758 -0.002395 0.041967
1733733744.386648416519165 -0.313474 0.171795 0.103248 -0.407577 -0.912262 -0.000476 0.040719
1733733744.486646652221680 -0.281624 0.302344 0.138739 -0.403661 -0.914114 0.004175 0.037883
1733733744.586644649505615 -0.261393 0.348713 0.161448 -0.399713 -0.915837 0.008450 0.037419
1733733744.686642646789551 -0.253405 0.395016 0.173315 -0.401758 -0.914907 0.003462 0.039030
1733733744.786640644073486 -0.228922 0.448150 0.200721 -0.405641 -0.913408 0.010786 0.032007
1733733744.886638641357422 -0.191861 0.551253 0.219925 -0.404497 -0.913800 0.001937 0.036707
1733733744.986636638641357 -0.142152 0.572313 0.239813 -0.403002 -0.914464 0.012408 0.034511
1733733745.086634874343872 -0.125122 0.608678 0.205825 -0.397575 -0.916663 0.006361 0.040289
1733733745.186632871627808 -0.150595 0.645248 0.192557 -0.394904 -0.917889 0.011941 0.037242
1733733745.286630868911743 -0.179826 0.666955 0.192008 -0.392003 -0.919194 0.009031 0.036524
1733733745.386628627777100 -0.142277 0.741644 0.225083 -0.393435 -0.918410 0.018361 0.037345
1733733745.486626625061035 -0.085431 1.002188 0.290495 -0.403419 -0.913852 0.031007 0.034145
1733733745.586624622344971 0.066906 1.269933 0.254743 -0.394604 -0.918161 0.019179 0.030014
1733733745.686622858047485 0.076585 1.260801 0.235036 -0.398188 -0.916453 0.022183 0.032677
1733733745.786620855331421 0.050403 1.323530 0.229371 -0.384064 -0.922374 0.021394 0.035542
1733733745.886618614196777 0.384246 1.685723 0.232388 -0.374643 -0.926174 0.027139 0.033295
1733733745.986616611480713 0.358988 1.712868 0.170025 -0.365462 -0.929121 0.042958 0.036421
1733733746.086614608764648 0.224510 1.538660 0.189128 -0.367036 -0.929178 0.024430 0.036274
1733733746.186612606048584 0.108391 1.567856 0.256402 -0.369424 -0.928282 0.014236 0.040189
1733733746.286610841751099 0.356859 1.805435 0.220203 -0.364741 -0.930229 0.010487 0.039102
1733733746.386608839035034 0.379406 1.852433 0.161778 -0.355962 -0.933543 0.007900 0.041534
1733733746.486607074737549 0.440178 2.144882 0.266932 -0.348997 -0.936554 0.008117 0.031641
1733733746.586604595184326 0.522722 2.500529 0.314905 -0.336035 -0.941189 0.010998 0.033520
1733733746.686602592468262 1.007616 4.333270 0.247257 -0.327125 -0.943451 0.046781 0.026480
1733733746.786614656448364 0.912195 3.703332 0.431203 -0.339652 -0.939807 0.029213 0.023361
1733733746.886612653732300 0.737724 3.526858 0.508905 -0.334050 -0.942089 0.020268 0.021616
1733733746.986610651016235 0.806490 4.174175 0.680280 -0.324600 -0.945620 0.012043 0.017125
1733733747.086608409881592 0.655607 3.948936 0.753769 -0.334005 -0.942260 0.019321 0.014596
1733733747.186606407165527 0.724648 4.439919 0.798066 -0.299356 -0.953975 0.002458 0.017641
1733733747.286604404449463 0.517642 4.823254 1.089478 -0.296413 -0.954974 -0.000339 0.012825
1733733747.386602640151978 0.607979 4.967414 1.112444 -0.284447 -0.958626 0.000033 0.011226
1733733747.486600875854492 0.770421 5.040558 1.084170 -0.276971 -0.960851 -0.000247 0.007235
1733733747.586598873138428 0.315150 3.429297 0.886237 -0.270153 -0.962705 -0.014005 0.004601
1733733747.686596632003784 0.194450 4.159283 1.158205 -0.245181 -0.969022 -0.029064 -0.006123
1733733747.786594629287720 0.272483 4.336301 1.294081 -0.238574 -0.970436 -0.035641 -0.008171
1733733747.886592626571655 0.028423 4.238924 1.404123 -0.228032 -0.972755 -0.039647 -0.013316
1733733747.986590862274170 -0.046610 4.568143 1.495347 -0.219897 -0.974639 -0.039982 -0.011229
1733733748.086588859558105 -0.110392 4.804237 1.513289 -0.207438 -0.976995 -0.048361 -0.010556
1733733748.186586618423462 -0.178919 4.999122 1.521524 -0.206016 -0.977722 -0.038844 -0.010433
1733733748.286584615707397 -0.293456 4.896272 1.649509 -0.213108 -0.975462 -0.053622 -0.013573
1733733748.386582612991333 -0.701337 5.122810 1.734792 -0.224806 -0.972882 -0.051516 -0.017605
1733733748.486580848693848 -0.540812 4.384077 1.479453 -0.229590 -0.971652 -0.055295 -0.011145
1733733748.586578845977783 -0.930084 5.040608 1.654570 -0.233349 -0.971108 -0.045185 -0.021361
1733733748.686576843261719 -1.102383 5.127802 1.581713 -0.203265 -0.977319 -0.056010 -0.019839
1733733748.786574602127075 -0.878881 5.900126 1.671168 -0.145875 -0.987770 -0.042187 -0.035384
1733733748.886572599411011 -1.295603 5.304037 1.674521 -0.163038 -0.984882 -0.037130 -0.045246
1733733748.986570596694946 -1.282042 5.593793 1.674058 -0.164572 -0.985165 -0.035555 -0.033203
1733733749.086568832397461 -1.584680 5.973088 1.939423 -0.166586 -0.984185 -0.041573 -0.043602
1733733749.186566829681396 -1.579790 6.204211 2.125185 -0.154747 -0.985285 -0.052980 -0.049603
1733733749.286564826965332 -1.702822 6.542159 2.266117 -0.161365 -0.984589 -0.042111 -0.052656
1733733749.386562585830688 -1.963074 6.762162 2.394749 -0.151113 -0.985196 -0.052232 -0.061847
1733733749.486560821533203 -2.180133 6.929541 2.521986 -0.140875 -0.986184 -0.051109 -0.070595
1733733749.586558818817139 -2.196634 6.930852 2.558800 -0.139148 -0.986135 -0.050197 -0.075208
1733733749.686557054519653 -1.404210 5.893309 2.397653 -0.189604 -0.978370 -0.051538 -0.064701
1733733749.786555051803589 -1.732751 6.679871 2.749718 -0.159090 -0.981549 -0.070245 -0.079487
1733733749.886553049087524 -1.781833 6.643928 2.895128 -0.159506 -0.980156 -0.084493 -0.081939
1733733749.986550807952881 -1.957398 6.364567 2.831166 -0.159571 -0.979413 -0.086086 -0.088750
1733733750.086548805236816 -2.363843 6.476968 3.134215 -0.159976 -0.977808 -0.091109 -0.099989
1733733750.186546802520752 -2.715124 6.581932 3.349245 -0.161683 -0.976662 -0.101149 -0.098788
1733733750.286545038223267 -2.610352 5.929882 3.889319 -0.140125 -0.981017 -0.098301 -0.091143
1733733750.386543035507202 -2.868595 5.772433 4.203018 -0.140842 -0.978192 -0.117597 -0.097336
1733733750.486540794372559 -3.183750 5.459279 4.378273 -0.149311 -0.974854 -0.130735 -0.101363
1733733750.586538791656494 -3.651970 5.025665 4.281271 -0.147730 -0.971720 -0.138504 -0.121463
1733733750.686536788940430 -4.164199 4.819746 4.410585 -0.148083 -0.969392 -0.141315 -0.135576
1733733750.786580562591553 -4.669353 4.404803 4.452471 -0.138508 -0.967605 -0.145768 -0.152666
1733733750.886579513549805 -5.161276 4.188703 4.573956 -0.132584 -0.966758 -0.136371 -0.170892
1733733750.986578464508057 -5.847580 3.940719 4.651869 -0.137579 -0.961536 -0.144311 -0.188929
1733733751.086577415466309 -5.846685 3.852349 4.476726 -0.140215 -0.959729 -0.150924 -0.191003
1733733751.186576128005981 -6.980524 3.676873 4.648321 -0.155156 -0.951218 -0.167486 -0.207506
1733733751.286575317382812 -7.932620 3.449598 5.020007 -0.165247 -0.945368 -0.181076 -0.214904
1733733751.386574268341064 -8.633987 3.106045 5.039540 -0.171299 -0.939566 -0.188755 -0.228571
1733733751.486573457717896 -9.445092 2.917991 5.182724 -0.176586 -0.935153 -0.193184 -0.238716
1733733751.586572170257568 -10.725832 2.799293 5.853682 -0.189817 -0.926468 -0.202860 -0.253919
1733733751.686571121215820 -12.037222 2.716941 6.229938 -0.198844 -0.917202 -0.204857 -0.277912
1733733751.786569833755493 -11.521489 2.470299 5.453720 -0.207785 -0.907885 -0.219545 -0.290464
1733733751.886568784713745 -12.637069 1.886445 5.821486 -0.219696 -0.899301 -0.232331 -0.298353
1733733751.986567735671997 -14.141996 1.263614 5.956424 -0.231541 -0.888112 -0.248279 -0.309844
1733733752.086566686630249 -15.802864 0.776756 5.863287 -0.244103 -0.877591 -0.254915 -0.324447
1733733752.186565399169922 -16.693230 0.396913 5.831897 -0.256069 -0.865439 -0.258658 -0.344296
1733733752.286564826965332 -18.348336 -0.078499 6.046462 -0.268632 -0.854451 -0.261364 -0.359778
1733733752.386563539505005 -19.774714 -0.310695 5.281276 -0.281889 -0.840372 -0.265179 -0.379464
1733733752.486562728881836 -21.905295 -0.799395 5.611397 -0.291971 -0.825642 -0.274767 -0.396951
1733733752.586561441421509 -22.426331 -1.273264 5.746720 -0.308124 -0.805323 -0.288262 -0.416436
1733733752.686560392379761 -24.269474 -1.718734 5.035715 -0.321102 -0.788111 -0.299262 -0.431528
1733733752.786559343338013 -26.429192 -2.122050 4.545431 -0.328326 -0.776785 -0.304384 -0.442897
1733733752.886558055877686 -28.897655 -2.700805 4.180206 -0.341376 -0.759832 -0.305550 -0.461255
1733733752.986557006835938 -30.944395 -3.277145 3.547720 -0.350664 -0.746248 -0.303964 -0.477237
1733733753.086555957794189 -33.200159 -3.319363 2.927936 -0.361831 -0.731573 -0.306996 -0.489524
1733733753.186554908752441 -36.398480 -4.742109 2.803422 -0.368678 -0.712791 -0.314302 -0.507167
1733733753.286553859710693 -38.849040 -4.439450 0.596001 -0.378756 -0.690647 -0.329501 -0.520557
1733733753.386553049087524 -41.315483 -5.731836 0.869426 -0.388812 -0.671373 -0.337488 -0.533091
1733733753.486552000045776 -42.172796 -5.842110 0.996022 -0.402338 -0.655586 -0.332861 -0.545467
1733733753.586550951004028 -45.592400 -5.114746 -2.053366 -0.411461 -0.640308 -0.330668 -0.558000
1733733753.686549901962280 -49.361516 -6.027546 -1.873629 -0.422507 -0.623974 -0.327388 -0.570054
1733733753.786548852920532 -51.520469 -5.138580 -4.268791 -0.431772 -0.602382 -0.325496 -0.587164
1733733753.886547327041626 -54.038679 -5.136905 -5.467469 -0.438256 -0.583858 -0.334025 -0.596212
1733733753.986546277999878 -58.226737 -7.245591 -6.487321 -0.448977 -0.558976 -0.343334 -0.606702
1733733754.086545228958130 -61.081306 -6.913208 -8.556596 -0.457147 -0.545409 -0.343079 -0.613060
1733733754.186544179916382 -64.657278 -7.107162 -10.341638 -0.468900 -0.525916 -0.342800 -0.621315
1733733754.286543130874634 -67.981936 -7.929635 -11.299370 -0.471413 -0.522350 -0.339470 -0.624244
1733733754.386542081832886 -71.021418 -7.625951 -13.461837 -0.480680 -0.502589 -0.329870 -0.638386
1733733754.486541271209717 -73.762843 -9.073286 -12.851210 -0.490583 -0.480731 -0.325704 -0.649725
1733733754.586540222167969 -79.806734 -8.394279 -16.778458 -0.497091 -0.458803 -0.323898 -0.661430
1733733754.686539173126221 -83.316649 -7.830439 -19.674230 -0.500267 -0.460532 -0.326094 -0.656740
1733733754.786538124084473 -86.745910 -7.846032 -22.493931 -0.499854 -0.458359 -0.322587 -0.660296
1733733754.886536836624146 -89.969056 -6.971231 -25.634318 -0.508182 -0.443003 -0.319531 -0.665883
1733733754.986535549163818 -93.692896 -7.675128 -27.731068 -0.513738 -0.431603 -0.314919 -0.671281
1733733755.086534500122070 -97.642270 -7.521603 -29.728804 -0.518752 -0.423072 -0.305162 -0.677335
1733733755.186533451080322 -101.632992 -7.543717 -32.152407 -0.526293 -0.408866 -0.301236 -0.681983
1733733755.286532402038574 -102.648825 -8.427241 -31.712900 -0.529778 -0.399004 -0.302655 -0.684494
1733733755.386531352996826 -109.104458 -6.469130 -37.024466 -0.534324 -0.381092 -0.308090 -0.688729
1733733755.486530303955078 -113.553109 -6.714459 -40.120587 -0.540451 -0.372507 -0.308824 -0.688316
1733733755.586529493331909 -116.719120 -4.934550 -43.567424 -0.544987 -0.366071 -0.302418 -0.691031
1733733755.686528444290161 -121.389149 -4.469279 -47.001054 -0.549695 -0.358934 -0.296217 -0.693727
1733733755.786527395248413 -126.612191 -5.518557 -51.658325 -0.553969 -0.354955 -0.289335 -0.695278
1733733755.886526346206665 -132.259751 -3.442984 -54.665746 -0.560648 -0.342699 -0.279215 -0.700193
1733733755.986525058746338 -137.344846 -2.243350 -58.099985 -0.559736 -0.334756 -0.280094 -0.704401
1733733756.086524009704590 -140.753877 -2.233499 -62.304547 -0.559483 -0.331752 -0.286192 -0.703572
1733733756.186522722244263 -145.455332 -1.925021 -65.976935 -0.563704 -0.329816 -0.285415 -0.701425
1733733756.286521673202515 -150.982364 -1.754593 -69.937041 -0.560308 -0.344964 -0.274073 -0.701383
1733733756.386520624160767 -155.249481 -1.922316 -72.408837 -0.562149 -0.348888 -0.266015 -0.701072
1733733756.486519813537598 -161.239209 -0.094126 -76.280562 -0.567735 -0.349555 -0.257723 -0.699334
1733733756.586518526077271 -166.648550 -0.134283 -80.601361 -0.565718 -0.354515 -0.248602 -0.701769
1733733756.686517715454102 -169.922842 1.499401 -85.108836 -0.564088 -0.356974 -0.250616 -0.701118
1733733756.786516666412354 -176.005968 2.667435 -89.086320 -0.563895 -0.355031 -0.256199 -0.700241
1733733756.886515617370605 -180.979999 2.783106 -95.155876 -0.559294 -0.361815 -0.248948 -0.703068
1733733756.986514568328857 -182.795654 5.230515 -98.127712 -0.562986 -0.367320 -0.243737 -0.699082
1733733757.086513519287109 -187.983491 7.268568 -99.852530 -0.563347 -0.374472 -0.237365 -0.697186
1733733757.186511993408203 -194.385034 7.778982 -107.913691 -0.563882 -0.377187 -0.222562 -0.700167
1733733757.286510944366455 -201.037602 10.120829 -110.275507 -0.563943 -0.384856 -0.217656 -0.697481
1733733757.386509895324707 -208.009259 12.276312 -115.850882 -0.555137 -0.390696 -0.220435 -0.700420
1733733757.486509084701538 -213.299214 10.222500 -122.026743 -0.548939 -0.396207 -0.224865 -0.700801
1733733757.586507797241211 -218.784062 14.925984 -126.077685 -0.548673 -0.410229 -0.224762 -0.692931
1733733757.686506748199463 -228.233175 10.826073 -128.197410 -0.551106 -0.410744 -0.227906 -0.689659
1733733757.786503553390503 -230.230792 17.405037 -137.501732 -0.549543 -0.413250 -0.220172 -0.691918
1733733757.886502265930176 -235.755158 19.749258 -143.419983 -0.548439 -0.417281 -0.213861 -0.692354
1733733757.986501216888428 -241.501709 22.406216 -149.542864 -0.545574 -0.419576 -0.208372 -0.694900
1733733758.086500167846680 -253.323872 24.758799 -153.234741 -0.539137 -0.420672 -0.209987 -0.698764
1733733758.186499118804932 -254.237059 28.112972 -161.611210 -0.535095 -0.410717 -0.215415 -0.706102
1733733758.286497831344604 -261.845277 26.859329 -169.497457 -0.523055 -0.420269 -0.211183 -0.710766
1733733758.386497020721436 -268.906810 27.204262 -175.668056 -0.520673 -0.420805 -0.209946 -0.712562
1733733758.486496210098267 -279.650529 25.097465 -175.038342 -0.515129 -0.417890 -0.206012 -0.719422
1733733758.586495161056519 -286.765248 30.447093 -188.065001 -0.515266 -0.418141 -0.201157 -0.720552
1733733758.686493873596191 -288.284761 34.571206 -195.196738 -0.507299 -0.430705 -0.193596 -0.720875
1733733758.786492824554443 -291.097944 39.091901 -206.095850 -0.493286 -0.437259 -0.180801 -0.729920
1733733758.886491775512695 -300.935619 39.694861 -209.919768 -0.488576 -0.435960 -0.185667 -0.732639
1733733758.986490488052368 -310.019289 40.512696 -215.616664 -0.481326 -0.438999 -0.185930 -0.735551
1733733759.086489439010620 -315.663633 44.507539 -224.912132 -0.474503 -0.446590 -0.178653 -0.737215
1733733759.186488389968872 -325.612757 42.373511 -227.633112 -0.469169 -0.453233 -0.177717 -0.736802
1733733759.286487340927124 -332.177107 46.761209 -237.727439 -0.466036 -0.451051 -0.175716 -0.740600
1733733759.386486291885376 -354.258863 32.425622 -237.526492 -0.458681 -0.459697 -0.164347 -0.742483
1733733759.486485242843628 -345.230290 55.589402 -255.730090 -0.455991 -0.455951 -0.164782 -0.746343
1733733759.586484432220459 -361.598201 48.246011 -249.709147 -0.451120 -0.460128 -0.176783 -0.743989
1733733759.686483144760132 -370.311507 55.665337 -266.047480 -0.446029 -0.454984 -0.177370 -0.750059
1733733759.786482334136963 -378.184958 57.259161 -278.946929 -0.441124 -0.455226 -0.180144 -0.752149
1733733759.886481046676636 -386.763518 64.558777 -279.680336 -0.440358 -0.451146 -0.178748 -0.755381
1733733759.986479997634888 -386.884229 66.215549 -294.968520 -0.430625 -0.457052 -0.164529 -0.760655
1733733760.086478710174561 -398.664570 63.522776 -294.909756 -0.426380 -0.461904 -0.163905 -0.760250
1733733760.186477661132812 -403.935497 70.068697 -307.759494 -0.422159 -0.459787 -0.165578 -0.763519
1733733760.286476612091064 -416.670539 68.716934 -306.851235 -0.412155 -0.462581 -0.176111 -0.764939
1733733760.386475563049316 -431.413074 73.605956 -324.578056 -0.408700 -0.453758 -0.182999 -0.770441
1733733760.486474514007568 -434.610484 79.770679 -333.700889 -0.412024 -0.454042 -0.187881 -0.767322
1733733760.586473464965820 -440.961756 76.311061 -339.010934 -0.400620 -0.461891 -0.178516 -0.770903
1733733760.686472654342651 -452.551422 82.347255 -348.016156 -0.404590 -0.450194 -0.175915 -0.776328
1733733760.786471605300903 -461.266119 86.608572 -357.794870 -0.402904 -0.451532 -0.173730 -0.776920
1733733760.886470556259155 -473.629531 87.114758 -367.234240 -0.400067 -0.448059 -0.172462 -0.780670
1733733760.986469268798828 -481.904552 92.721097 -377.476379 -0.394671 -0.443870 -0.181609 -0.783730
1733733761.086468219757080 -494.065453 95.491685 -385.634803 -0.393852 -0.441807 -0.184453 -0.784643
1733733761.186466932296753 -496.698473 101.652405 -404.483535 -0.393608 -0.440592 -0.185127 -0.785290
1733733761.286465883255005 -505.428631 99.118713 -404.819352 -0.394841 -0.451649 -0.180073 -0.779543
1733733761.386464834213257 -521.971553 103.470480 -410.642922 -0.398034 -0.440961 -0.172121 -0.785810
1733733761.486463785171509 -524.135322 110.608832 -427.489774 -0.398072 -0.433604 -0.167626 -0.790840
1733733761.586462736129761 -536.677811 109.453385 -431.998155 -0.397361 -0.438991 -0.161021 -0.789597
1733733761.686461687088013 -548.509183 116.788463 -446.388857 -0.396407 -0.426228 -0.169939 -0.795181
1733733761.786457777023315 -556.257013 116.348893 -448.309224 -0.394864 -0.421748 -0.168868 -0.798558
1733733761.886456727981567 -565.071950 122.742660 -461.793541 -0.397811 -0.411855 -0.168384 -0.802352
1733733761.986455440521240 -576.018738 129.349166 -479.027553 -0.400441 -0.406172 -0.164053 -0.804834
1733733762.086454391479492 -583.006667 132.573325 -489.641380 -0.400764 -0.409815 -0.154871 -0.804646
1733733762.186453104019165 -595.807535 137.078723 -500.283029 -0.404291 -0.409055 -0.147969 -0.804567
1733733762.286452054977417 -602.277756 143.516042 -513.582072 -0.407198 -0.402248 -0.142595 -0.807498
1733733762.386450767517090 -616.836517 144.417245 -522.635487 -0.401246 -0.401092 -0.147550 -0.810158
1733733762.486449718475342 -624.374077 147.706914 -534.639044 -0.400646 -0.392531 -0.153583 -0.813520
1733733762.586448669433594 -632.049020 154.552844 -549.003324 -0.401236 -0.387675 -0.152693 -0.815722
1733733762.686447620391846 -640.011420 157.381583 -560.692568 -0.401419 -0.385486 -0.148738 -0.817399
1733733762.786446332931519 -649.621747 161.647681 -572.551879 -0.401487 -0.385580 -0.141859 -0.818543
1733733762.886445522308350 -663.444056 163.913119 -582.684567 -0.403364 -0.388308 -0.132118 -0.817960
1733733762.986444473266602 -670.771709 170.856667 -597.261609 -0.406066 -0.383155 -0.126114 -0.819999
1733733763.086443185806274 -680.173835 176.949897 -610.950322 -0.402707 -0.386268 -0.127750 -0.819942
1733733763.186442136764526 -696.204614 165.791563 -610.198155 -0.399099 -0.389806 -0.133625 -0.819094
1733733763.286441087722778 -703.647901 184.168542 -636.667972 -0.405470 -0.370721 -0.135230 -0.824544
1733733763.386439800262451 -709.133350 187.847445 -648.953338 -0.407044 -0.370610 -0.133591 -0.824086
1733733763.486438512802124 -717.740426 191.248598 -660.972293 -0.408553 -0.373766 -0.127939 -0.822809
1733733763.586437463760376 -732.420385 197.727830 -675.063813 -0.413917 -0.365001 -0.125483 -0.824440
1733733763.686436414718628 -736.212152 193.990734 -672.520159 -0.417422 -0.359906 -0.127110 -0.824663
1733733763.786435365676880 -749.159739 207.196079 -702.714648 -0.421132 -0.353307 -0.134316 -0.824489
1733733763.886434078216553 -761.008263 207.714981 -716.044409 -0.425422 -0.349508 -0.148085 -0.821542
1733733763.986433029174805 -774.224801 211.436446 -731.412081 -0.433140 -0.345571 -0.157836 -0.817348
1733733764.086431741714478 -782.085025 219.783850 -745.865768 -0.441168 -0.342058 -0.164002 -0.813308
1733733764.186430931091309 -794.845035 219.826391 -755.383694 -0.450504 -0.349952 -0.161487 -0.805296
1733733764.286429882049561 -798.830553 232.039155 -771.967453 -0.465389 -0.352121 -0.162118 -0.795702
1733733764.386428594589233 -810.838090 236.359126 -783.370846 -0.475840 -0.351631 -0.163441 -0.789442
1733733764.486427783966064 -817.895817 244.908439 -800.102354 -0.478546 -0.345731 -0.176121 -0.787683
1733733764.586426496505737 -829.904738 240.107457 -814.840333 -0.484908 -0.333131 -0.195164 -0.784729
1733733764.686425209045410 -848.110661 247.283548 -832.265555 -0.496258 -0.325354 -0.203801 -0.778677
1733733764.786424160003662 -856.384178 255.067928 -843.640021 -0.508855 -0.321199 -0.212180 -0.769985
1733733764.886422872543335 -860.194474 260.836520 -862.320823 -0.510980 -0.313097 -0.220536 -0.769567
1733733764.986421823501587 -879.036889 264.987498 -872.279167 -0.518394 -0.305528 -0.223666 -0.766742
1733733765.086420536041260 -887.329489 274.999211 -888.245282 -0.529455 -0.293012 -0.228315 -0.762689
1733733765.186419486999512 -899.812840 280.422322 -901.304475 -0.530209 -0.286598 -0.246572 -0.758908
1733733765.286418437957764 -915.866302 271.742188 -914.272282 -0.534547 -0.267597 -0.270166 -0.754759
1733733765.386417150497437 -929.051375 283.691428 -934.598610 -0.539706 -0.242376 -0.290451 -0.752070
1733733765.486416578292847 -935.820853 290.818807 -950.129854 -0.550004 -0.234330 -0.303086 -0.742108
1733733765.586415290832520 -946.559048 294.213174 -962.892319 -0.555688 -0.230086 -0.308767 -0.736841
1733733765.686414241790771 -959.491679 304.882483 -983.411068 -0.564541 -0.224865 -0.307635 -0.732182
1733733765.786413192749023 -969.466625 309.707620 -994.271705 -0.569604 -0.227562 -0.299380 -0.730847
1733733765.886411905288696 -980.554718 317.419820 -1012.455719 -0.564758 -0.222043 -0.304376 -0.734235
1733733765.986410617828369 -994.319636 319.282008 -1029.037410 -0.562438 -0.220794 -0.307814 -0.734958
1733733766.086409568786621 -1001.284561 327.839613 -1046.736489 -0.566777 -0.220560 -0.305191 -0.732786
1733733766.186408281326294 -1013.142696 336.227984 -1063.692412 -0.568879 -0.223590 -0.301800 -0.731643
1733733766.286407232284546 -1026.414713 340.797571 -1077.386969 -0.572827 -0.227033 -0.293223 -0.730989
1733733766.386406183242798 -1041.615753 346.315686 -1094.991861 -0.574828 -0.226793 -0.287123 -0.731914
1733733766.486405134201050 -1052.472493 355.094890 -1110.287549 -0.570039 -0.225785 -0.286016 -0.736391
1733733766.586403846740723 -1063.408658 358.566723 -1129.553814 -0.573137 -0.221024 -0.289953 -0.733887
1733733766.686403036117554 -1076.941945 362.596575 -1146.003814 -0.575660 -0.218333 -0.291049 -0.732282
1733733766.786401987075806 -1089.134642 370.925867 -1164.202956 -0.577513 -0.215452 -0.289542 -0.732273
1733733766.886400699615479 -1095.511064 376.840766 -1178.872781 -0.580474 -0.217156 -0.283715 -0.731710
1733733766.986399650573730 -1113.917418 384.006047 -1197.419907 -0.585553 -0.218059 -0.276240 -0.730253
1733733767.086398601531982 -1125.125117 390.651827 -1213.925895 -0.589339 -0.216431 -0.270895 -0.729694
1733733767.186397314071655 -1134.142684 403.410625 -1232.120235 -0.585127 -0.214588 -0.274960 -0.732104
1733733767.286396026611328 -1148.219006 406.787988 -1251.821899 -0.581554 -0.213986 -0.281458 -0.732657
1733733767.386394977569580 -1162.482575 409.294845 -1270.125479 -0.583176 -0.212603 -0.283010 -0.731171
1733733767.486393928527832 -1168.161728 418.888832 -1286.636255 -0.587028 -0.218682 -0.276640 -0.728730
1733733767.586392641067505 -1182.630933 429.803188 -1305.871305 -0.588953 -0.225436 -0.268927 -0.728005
1733733767.686391592025757 -1200.680809 433.236657 -1323.495200 -0.593761 -0.226011 -0.262736 -0.726180
1733733767.786390542984009 -1208.022253 443.732089 -1340.836059 -0.596866 -0.226796 -0.257439 -0.725286
1733733767.886389255523682 -1221.769542 451.481920 -1359.120990 -0.593919 -0.232703 -0.261453 -0.724397
1733733767.986388444900513 -1241.448367 455.797227 -1382.208214 -0.596781 -0.231723 -0.264028 -0.721419
1733733768.086387395858765 -1244.049479 458.217728 -1394.857068 -0.599493 -0.239744 -0.262560 -0.717073
1733733768.186386346817017 -1255.214196 464.875023 -1415.976093 -0.603673 -0.245575 -0.258348 -0.713112
1733733768.286385059356689 -1277.777888 473.920238 -1435.408688 -0.611955 -0.250530 -0.251437 -0.706771
1733733768.386384010314941 -1287.665557 482.930231 -1452.863178 -0.614910 -0.247342 -0.246491 -0.707072
1733733768.486382961273193 -1293.710350 502.694339 -1471.444186 -0.612303 -0.244514 -0.243815 -0.711233
1733733768.586381673812866 -1299.466569 501.184163 -1489.235284 -0.609198 -0.243998 -0.251556 -0.711381
1733733768.686380386352539 -1315.635197 507.056440 -1511.714284 -0.609344 -0.243439 -0.253590 -0.710725
1733733768.786376476287842 -1335.958982 509.114730 -1530.359670 -0.612080 -0.244680 -0.251196 -0.708795
1733733768.886375427246094 -1350.105497 524.016777 -1552.855544 -0.614615 -0.245336 -0.246155 -0.708143
1733733768.986374139785767 -1359.460396 533.660339 -1565.743393 -0.616689 -0.256345 -0.236623 -0.705685
1733733769.086373329162598 -1379.215273 536.376708 -1590.638850 -0.620276 -0.258811 -0.232603 -0.702973
1733733769.186372041702271 -1386.627613 557.475597 -1608.829873 -0.618238 -0.257106 -0.233641 -0.705046
1733733769.286370992660522 -1385.365910 556.806728 -1629.514606 -0.617073 -0.257202 -0.240095 -0.703863
1733733769.386369943618774 -1407.207616 568.723253 -1651.969236 -0.621602 -0.252244 -0.240969 -0.701369
1733733769.486368894577026 -1420.895529 578.317072 -1671.367276 -0.625089 -0.251538 -0.238708 -0.699294
1733733769.586367607116699 -1425.828804 590.169194 -1690.399532 -0.626673 -0.254603 -0.231777 -0.699098
1733733769.686366319656372 -1446.211882 599.774486 -1710.708655 -0.630851 -0.256391 -0.224416 -0.697086
1733733769.786365270614624 -1463.877911 609.220859 -1733.213598 -0.632710 -0.255037 -0.218285 -0.697843
1733733769.886364221572876 -1485.700374 610.542021 -1756.709675 -0.628690 -0.253602 -0.223712 -0.700277
1733733769.986362934112549 -1503.956122 608.619822 -1776.494506 -0.627795 -0.249653 -0.228328 -0.701008
1733733770.086361885070801 -1502.418774 625.214064 -1792.873425 -0.630378 -0.245940 -0.229683 -0.699559
1733733770.186360597610474 -1509.309269 634.938444 -1816.114984 -0.633230 -0.252417 -0.224673 -0.696296
1733733770.286359548568726 -1518.776360 646.730464 -1840.632979 -0.635852 -0.263208 -0.214939 -0.692975
1733733770.386358737945557 -1533.762477 655.535860 -1857.017006 -0.637971 -0.266716 -0.208861 -0.691543
1733733770.486357688903809 -1546.923105 670.539325 -1880.122240 -0.638269 -0.268125 -0.204790 -0.691942
1733733770.586356639862061 -1556.061936 677.550144 -1898.482703 -0.633810 -0.271467 -0.212143 -0.692521
1733733770.686355352401733 -1574.820328 679.198673 -1921.118142 -0.634288 -0.275231 -0.211161 -0.690896
1733733770.786354303359985 -1594.579402 689.920686 -1945.142257 -0.637618 -0.276393 -0.208721 -0.688103
1733733770.886353015899658 -1610.114832 697.720856 -1969.000951 -0.638924 -0.283222 -0.203394 -0.685706
1733733770.986351728439331 -1620.701067 709.096027 -1991.401256 -0.643089 -0.282501 -0.196369 -0.684155
1733733771.086350679397583 -1630.145953 721.571491 -2010.116305 -0.648596 -0.279991 -0.191738 -0.681296
1733733771.186349630355835 -1631.643925 746.308342 -2031.442015 -0.646440 -0.280572 -0.190452 -0.683464
1733733771.286348342895508 -1658.437086 738.679956 -2055.612122 -0.644575 -0.280256 -0.195994 -0.683788
1733733771.386347293853760 -1697.204530 736.663916 -2086.141706 -0.645669 -0.272589 -0.199719 -0.684776
1733733771.486346244812012 -1707.997577 748.262454 -2113.169372 -0.645818 -0.248509 -0.210080 -0.690673
1733733771.586345434188843 -1730.686310 760.488722 -2123.243716 -0.647711 -0.246116 -0.205883 -0.691020
1733733771.686344146728516 -1711.755767 779.992619 -2150.854741 -0.649791 -0.241072 -0.202472 -0.691853
1733733771.786343097686768 -1721.312512 792.315877 -2170.384348 -0.653048 -0.234395 -0.198106 -0.692344
1733733771.886342048645020 -1746.339818 808.448691 -2196.767965 -0.651720 -0.233054 -0.202184 -0.692869
1733733771.986340761184692 -1772.192801 812.474774 -2221.546317 -0.649349 -0.233787 -0.205548 -0.693859
1733733772.086339712142944 -1788.155159 820.727882 -2248.774334 -0.651229 -0.238353 -0.204575 -0.690824
1733733772.186338424682617 -1794.634996 835.346161 -2274.280982 -0.655904 -0.244311 -0.198325 -0.686126
1733733772.286337375640869 -1806.947200 845.352223 -2293.325774 -0.658312 -0.250326 -0.189651 -0.684101
1733733772.386336088180542 -1816.594519 859.906526 -2312.390220 -0.655509 -0.265006 -0.182379 -0.683240
1733733772.486335039138794 -1826.597061 864.340646 -2339.594029 -0.652473 -0.269372 -0.179790 -0.685123
1733733772.586333990097046 -1845.730935 868.545195 -2362.286321 -0.652315 -0.265212 -0.185355 -0.685413
1733733772.686332702636719 -1861.775628 882.679047 -2384.474802 -0.651834 -0.260045 -0.189847 -0.686620
1733733772.786330223083496 -1886.349592 895.972243 -2417.175576 -0.654552 -0.253839 -0.191267 -0.685963
1733733772.886328935623169 -1900.226040 901.133473 -2445.851703 -0.655779 -0.251576 -0.189262 -0.686180
1733733772.986327648162842 -1917.235656 915.376367 -2464.912858 -0.656458 -0.255370 -0.182908 -0.685853
1733733773.086326599121094 -1926.394160 928.716216 -2485.845527 -0.655938 -0.250798 -0.181786 -0.688330
1733733773.186325311660767 -1933.913154 943.921410 -2510.900960 -0.653887 -0.247888 -0.184834 -0.690521
1733733773.286324262619019 -1968.109113 949.130273 -2543.945184 -0.648841 -0.234865 -0.195633 -0.696829
1733733773.386323213577271 -1984.173545 959.591873 -2569.936811 -0.648908 -0.232053 -0.196784 -0.697385
1733733773.486321926116943 -1985.627497 972.161376 -2591.940717 -0.650638 -0.230284 -0.194364 -0.697038
1733733773.586321115493774 -1994.105804 985.369032 -2615.041259 -0.649727 -0.237404 -0.189192 -0.696922
1733733773.686320066452026 -2018.554042 991.921884 -2643.282379 -0.652458 -0.241428 -0.182810 -0.694688
1733733773.786318778991699 -2033.761854 1006.868499 -2668.255567 -0.654714 -0.241975 -0.178148 -0.693585
1733733773.886317729949951 -2034.650354 1026.965238 -2688.673438 -0.653794 -0.242526 -0.181633 -0.693357
1733733773.986316680908203 -2053.394440 1036.108956 -2702.169226 -0.651487 -0.240866 -0.188116 -0.694378
1733733774.086315393447876 -2053.946395 1042.311707 -2741.133257 -0.650027 -0.247128 -0.191277 -0.692680
1733733774.186314105987549 -2058.674909 1055.555218 -2776.805215 -0.654067 -0.250426 -0.188952 -0.688318
1733733774.286313056945801 -2091.773936 1068.437681 -2792.778921 -0.654872 -0.253901 -0.182976 -0.687893
1733733774.386311769485474 -2113.494981 1084.733376 -2812.980952 -0.658869 -0.256132 -0.175672 -0.685148
1733733774.486310720443726 -2128.367113 1095.357960 -2836.667515 -0.660116 -0.251717 -0.172120 -0.686484
1733733774.586309671401978 -2141.404984 1107.925273 -2864.743714 -0.656586 -0.255756 -0.172886 -0.688182
1733733774.686308383941650 -2163.701164 1111.916514 -2887.752121 -0.658697 -0.249641 -0.175322 -0.687793
1733733774.786307334899902 -2178.393006 1126.816788 -2921.833011 -0.662550 -0.246994 -0.175444 -0.685011
1733733774.886306524276733 -2200.041337 1128.474327 -2957.307745 -0.670097 -0.247399 -0.168416 -0.679265
1733733774.986305236816406 -2208.176227 1148.944127 -2974.364250 -0.673093 -0.248357 -0.162637 -0.677358
1733733775.086304187774658 -2231.192460 1160.476745 -3008.093071 -0.672518 -0.249176 -0.160527 -0.678131
1733733775.186302900314331 -2213.497836 1196.251523 -3034.016800 -0.673804 -0.244676 -0.154501 -0.679891
1733733775.286301851272583 -2250.636576 1196.329471 -3082.849128 -0.669551 -0.239740 -0.165273 -0.683309
1733733775.386300802230835 -2271.977888 1203.976143 -3093.796626 -0.666955 -0.233306 -0.172220 -0.686353
1733733775.486299514770508 -2290.748646 1209.429199 -3137.445302 -0.668703 -0.234788 -0.171482 -0.684328
1733733775.586298227310181 -2297.252740 1235.417893 -3169.622664 -0.672110 -0.236436 -0.165633 -0.681859
1733733775.686297178268433 -2326.573663 1251.797692 -3188.652729 -0.675228 -0.241731 -0.156421 -0.679091
1733733775.786296129226685 -2302.115276 1279.157091 -3236.023318 -0.676172 -0.243778 -0.150653 -0.678725
1733733775.886294841766357 -2346.137801 1277.138440 -3227.704331 -0.672845 -0.243738 -0.155507 -0.680947
1733733775.986293792724609 -2365.247503 1271.702578 -3269.637374 -0.675096 -0.237818 -0.155344 -0.680849
1733733776.086292743682861 -2403.226556 1294.022362 -3284.384112 -0.678403 -0.226020 -0.157763 -0.681025
1733733776.186291456222534 -2412.982299 1309.823287 -3311.460307 -0.682258 -0.214975 -0.158668 -0.680540
1733733776.286290645599365 -2398.069549 1312.955180 -3354.694757 -0.685283 -0.193076 -0.163356 -0.682953
1733733776.386289358139038 -2476.673138 1321.218871 -3379.036654 -0.686669 -0.197401 -0.156990 -0.681816
1733733776.486288309097290 -2446.066017 1347.949598 -3382.113517 -0.688815 -0.160101 -0.163764 -0.687811
1733733776.586287260055542 -2469.471855 1365.770478 -3423.274291 -0.679477 -0.163185 -0.174484 -0.693713
1733733776.686285972595215 -2489.704140 1370.370396 -3461.456008 -0.670927 -0.162137 -0.185530 -0.699390
1733733776.786284923553467 -2495.506595 1382.047733 -3493.253298 -0.670898 -0.174654 -0.183924 -0.696824
1733733776.886283636093140 -2497.812605 1403.940423 -3526.860870 -0.675363 -0.175089 -0.180111 -0.693390
1733733776.986282348632812 -2535.984433 1423.392178 -3549.609300 -0.673407 -0.171787 -0.175424 -0.697308
1733733777.086281299591064 -2546.829115 1427.624840 -3572.134294 -0.675970 -0.163032 -0.173358 -0.697447
1733733777.186280250549316 -2574.191917 1442.986871 -3592.977769 -0.677561 -0.162835 -0.170490 -0.696655
1733733777.286278963088989 -2608.788008 1451.203870 -3611.701027 -0.673333 -0.165921 -0.172930 -0.699420
1733733777.386277914047241 -2591.153587 1474.721005 -3659.222521 -0.671764 -0.159547 -0.174505 -0.702015
1733733777.486276865005493 -2612.095736 1490.307599 -3693.079337 -0.673456 -0.169865 -0.167688 -0.699631
1733733777.586276054382324 -2614.912708 1515.788368 -3725.662841 -0.675579 -0.178195 -0.158233 -0.697712
1733733777.686274766921997 -2632.390593 1513.484277 -3761.297484 -0.675893 -0.190293 -0.146303 -0.696816
1733733777.786270380020142 -2650.936797 1532.561913 -3769.352665 -0.675341 -0.208670 -0.127764 -0.695736
1733733777.886269092559814 -2663.306295 1548.487077 -3804.909630 -0.673746 -0.211048 -0.109166 -0.699720
1733733777.986268043518066 -2673.174843 1571.853491 -3844.986475 -0.668262 -0.222404 -0.102457 -0.702470
1733733778.086266994476318 -2715.930010 1561.273854 -3858.198274 -0.659921 -0.234633 -0.097732 -0.707036
1733733778.186265468597412 -2713.389346 1591.330562 -3902.334521 -0.654528 -0.247620 -0.086817 -0.709042
1733733778.286264419555664 -2727.966752 1605.385969 -3932.917208 -0.654561 -0.258989 -0.072722 -0.706531
1733733778.386263132095337 -2731.075515 1621.893198 -3982.429293 -0.650225 -0.279399 -0.057903 -0.704124
1733733778.486262321472168 -2757.147652 1646.928033 -4003.639505 -0.632033 -0.300054 -0.048754 -0.712829
1733733778.586261034011841 -2775.393917 1666.199485 -4034.787681 -0.621340 -0.305714 -0.040858 -0.720282
1733733778.686259984970093 -2788.083857 1685.958586 -4067.501534 -0.618168 -0.306271 -0.028869 -0.723349
1733733778.786258935928345 -2819.347476 1685.091064 -4096.778426 -0.609823 -0.305666 -0.027737 -0.730695
1733733778.886257886886597 -2828.288032 1702.437116 -4128.827397 -0.601549 -0.320104 -0.015915 -0.731724
1733733778.986256837844849 -2834.126254 1722.756522 -4164.969541 -0.600764 -0.331331 0.002387 -0.727528
1733733779.086255550384521 -2849.074537 1728.944097 -4195.949670 -0.593852 -0.348642 0.021518 -0.724794
1733733779.186254501342773 -2871.103401 1762.753801 -4215.020902 -0.591639 -0.355901 0.041931 -0.722177
1733733779.286253452301025 -2887.914729 1779.566081 -4250.074136 -0.590967 -0.367692 0.054605 -0.715946
1733733779.386252164840698 -2907.025193 1802.440610 -4295.990382 -0.592822 -0.384044 0.067595 -0.704630
1733733779.486250877380371 -2929.921725 1799.789844 -4320.061465 -0.590552 -0.389669 0.064063 -0.703777
1733733779.586249828338623 -2946.476616 1820.305206 -4352.100846 -0.597453 -0.372435 0.058183 -0.707783
1733733779.686248540878296 -2968.070304 1838.708262 -4389.303526 -0.603658 -0.363789 0.058550 -0.706984
1733733779.786247491836548 -2972.920616 1846.173937 -4420.894118 -0.610801 -0.344505 0.059674 -0.710407
1733733779.886246442794800 -2999.722496 1881.144053 -4432.541927 -0.617134 -0.336944 0.065914 -0.708004
1733733779.986245155334473 -3018.712074 1890.272310 -4467.434256 -0.615941 -0.341925 0.071878 -0.706072
1733733780.086244106292725 -3031.532880 1917.360244 -4503.573219 -0.617007 -0.335525 0.067741 -0.708616
1733733780.186242818832397 -3059.979505 1919.263461 -4535.141180 -0.611505 -0.337599 0.060186 -0.713068
1733733780.286242008209229 -3077.156073 1941.523495 -4559.293422 -0.615556 -0.327844 0.057399 -0.714363
1733733780.386240959167480 -3097.681091 1958.413700 -4593.715751 -0.619938 -0.327327 0.059684 -0.710614
1733733780.486239910125732 -3103.779197 1973.257577 -4635.704892 -0.615638 -0.330461 0.060846 -0.712800
1733733780.586238861083984 -3128.960422 1996.710200 -4661.986475 -0.619432 -0.320637 0.066719 -0.713474
1733733780.686237573623657 -3143.854544 2013.065020 -4697.150232 -0.627268 -0.315041 0.074763 -0.708304
1733733780.786236286163330 -3149.494502 2033.912812 -4733.832597 -0.625642 -0.316434 0.073809 -0.709221
1733733780.886234998703003 -3182.451163 2048.964301 -4763.298004 -0.625626 -0.307748 0.069109 -0.713518
1733733780.986233949661255 -3193.221160 2067.094167 -4804.910948 -0.623271 -0.302154 0.063900 -0.718438
1733733781.086232900619507 -3193.901922 2087.641405 -4848.340317 -0.625133 -0.294872 0.064861 -0.719758
1733733781.186231613159180 -3208.349330 2092.999970 -4882.423012 -0.624908 -0.296012 0.070110 -0.718994
1733733781.286230564117432 -3237.921635 2125.035268 -4903.396642 -0.624936 -0.296122 0.078704 -0.718034
1733733781.386229276657104 -3255.403155 2136.995051 -4937.409782 -0.620862 -0.300039 0.082606 -0.719502
1733733781.486228227615356 -3253.824280 2160.487471 -4978.865025 -0.622890 -0.296650 0.081536 -0.719276
1733733781.586227416992188 -3300.376762 2173.790139 -5002.849824 -0.619488 -0.297706 0.079319 -0.722021
1733733781.686226367950439 -3316.421942 2188.115555 -5035.855344 -0.618852 -0.293873 0.080168 -0.724040
1733733781.786221742630005 -3323.043722 2209.899806 -5074.086930 -0.622618 -0.289505 0.081482 -0.722423
1733733781.886220455169678 -3332.177080 2229.147953 -5114.816013 -0.624404 -0.291805 0.084906 -0.719555
1733733781.986219167709351 -3355.339819 2246.863906 -5144.265113 -0.625251 -0.289500 0.091586 -0.718931
1733733782.086218118667603 -3374.006351 2269.920788 -5181.283739 -0.623799 -0.287796 0.095962 -0.720305
1733733782.186216831207275 -3387.387736 2289.128476 -5214.649336 -0.625610 -0.284393 0.095936 -0.720090
1733733782.286215543746948 -3403.579849 2305.393300 -5253.701251 -0.623566 -0.283703 0.090554 -0.722827
1733733782.386214256286621 -3428.015307 2323.568146 -5287.111072 -0.620147 -0.284701 0.089244 -0.725533
1733733782.486213207244873 -3442.223901 2338.214430 -5324.554969 -0.622353 -0.290322 0.092491 -0.720996
1733733782.586212158203125 -3448.456484 2354.906692 -5367.777732 -0.623632 -0.289946 0.100171 -0.719014
1733733782.686210870742798 -3470.260406 2382.770636 -5394.992113 -0.625493 -0.287302 0.108627 -0.717228
1733733782.786209583282471 -3484.166578 2404.917727 -5429.817678 -0.626443 -0.289405 0.115297 -0.714507
1733733782.886208534240723 -3501.524778 2423.782038 -5468.173904 -0.627801 -0.283593 0.116648 -0.715426
1733733782.986207485198975 -3532.368517 2445.527459 -5500.918785 -0.631582 -0.275460 0.109125 -0.716462
1733733783.086206197738647 -3544.443167 2450.775062 -5534.121794 -0.633762 -0.274981 0.107209 -0.715009
1733733783.186205387115479 -3554.243833 2474.783632 -5576.398791 -0.633724 -0.280122 0.108860 -0.712794
1733733783.286204099655151 -3564.261162 2495.300617 -5618.251365 -0.634512 -0.279557 0.113013 -0.711667
1733733783.386203050613403 -3590.299843 2516.846701 -5647.836255 -0.641221 -0.276025 0.121677 -0.705578
1733733783.486201763153076 -3614.389277 2536.080891 -5683.912771 -0.644937 -0.276403 0.127575 -0.700987
1733733783.586200714111328 -3626.871962 2561.235551 -5722.932148 -0.642034 -0.280060 0.124789 -0.702699
1733733783.686199426651001 -3643.907166 2581.777570 -5754.350865 -0.645638 -0.279745 0.117219 -0.700824
1733733783.786198139190674 -3665.820702 2601.025425 -5791.034999 -0.647039 -0.287933 0.114697 -0.696620
1733733783.886196851730347 -3684.277442 2621.787833 -5828.432688 -0.654108 -0.288295 0.110396 -0.690537
1733733783.986195802688599 -3686.560560 2646.252404 -5866.279283 -0.661215 -0.299878 0.110150 -0.678775
1733733784.086194515228271 -3707.275455 2658.863984 -5901.132864 -0.667200 -0.311054 0.102880 -0.668958
1733733784.186193466186523 -3715.325216 2680.488710 -5940.046022 -0.671139 -0.311994 0.104082 -0.664378
1733733784.286192417144775 -3722.817828 2704.543501 -5985.275045 -0.665569 -0.309940 0.097050 -0.671965
1733733784.386191129684448 -3749.425539 2718.292777 -6018.044134 -0.665144 -0.316437 0.093325 -0.669882
1733733784.486190080642700 -3783.406602 2743.066778 -6049.361895 -0.666459 -0.321022 0.091210 -0.666677
1733733784.586188793182373 -3792.646175 2762.084617 -6090.951103 -0.667920 -0.327314 0.091801 -0.662058
1733733784.686187982559204 -3813.103160 2793.420473 -6142.720867 -0.668434 -0.342130 0.093566 -0.653750
1733733784.786186695098877 -3829.979463 2793.823960 -6173.584357 -0.666204 -0.349149 0.093784 -0.652282
1733733784.886185646057129 -3829.631870 2830.309631 -6194.293102 -0.664993 -0.348739 0.101782 -0.652538
1733733784.986184358596802 -3861.143609 2842.291185 -6246.628148 -0.667977 -0.344409 0.108624 -0.650685
1733733785.086183309555054 -3876.605370 2877.425163 -6279.991256 -0.671378 -0.338855 0.115423 -0.648928
1733733785.186182022094727 -3897.944536 2889.288305 -6305.822176 -0.675311 -0.332460 0.121988 -0.646950
1733733785.286180734634399 -3921.117376 2906.880912 -6350.672671 -0.675141 -0.327805 0.129557 -0.648031
1733733785.386179447174072 -3926.424636 2932.525661 -6400.743810 -0.672334 -0.324922 0.142921 -0.649589
1733733785.486178398132324 -3945.488803 2948.608497 -6441.427678 -0.671682 -0.321075 0.152293 -0.650047
1733733785.586177110671997 -3955.682870 2977.324453 -6487.196178 -0.667273 -0.323727 0.163526 -0.650544
1733733785.686176061630249 -3975.465524 3002.076210 -6519.220277 -0.661105 -0.323012 0.174427 -0.654354
1733733785.786175012588501 -3990.946902 3024.884316 -6558.184416 -0.654191 -0.329008 0.181033 -0.656517
1733733785.886173725128174 -4024.146763 3038.630540 -6586.323797 -0.649192 -0.336991 0.191861 -0.654352
1733733785.986172437667847 -4043.172669 3063.116810 -6631.350061 -0.649865 -0.332744 0.197141 -0.654288
1733733786.086171388626099 -4042.461756 3082.697816 -6689.838211 -0.646121 -0.344801 0.212116 -0.647029
1733733786.186170101165771 -4063.065439 3109.613336 -6713.377515 -0.642665 -0.351088 0.222893 -0.643458
1733733786.286169290542603 -4075.508341 3134.446743 -6763.304681 -0.638995 -0.351941 0.227688 -0.644966
1733733786.386168003082275 -4094.791149 3154.506014 -6809.901116 -0.634434 -0.363731 0.237988 -0.639184
1733733786.486166954040527 -4111.389583 3181.476963 -6848.784324 -0.632396 -0.365135 0.229290 -0.643566
1733733786.586165904998779 -4138.256917 3202.174896 -6881.722488 -0.633934 -0.359109 0.228297 -0.645793
1733733786.686164617538452 -4152.971039 3220.213269 -6922.645769 -0.637936 -0.354500 0.227606 -0.644642
1733733786.786163330078125 -4163.255977 3241.029869 -6973.941229 -0.639388 -0.353474 0.231419 -0.642405
1733733786.886162042617798 -4185.836154 3258.218484 -7005.835752 -0.642904 -0.350086 0.239040 -0.637945
1733733786.986160993576050 -4207.782489 3288.035311 -7040.801778 -0.644956 -0.347637 0.245245 -0.634851
1733733787.086159706115723 -4223.540644 3309.053257 -7085.892479 -0.639844 -0.348012 0.246535 -0.639303
1733733787.186158418655396 -4239.241701 3341.544721 -7118.377687 -0.638618 -0.344553 0.240213 -0.644786
1733733787.286157369613647 -4260.722627 3359.762684 -7165.568234 -0.636650 -0.341161 0.235927 -0.650096
1733733787.386156082153320 -4282.246571 3382.918144 -7199.872734 -0.628845 -0.354406 0.237252 -0.650124
1733733787.486155033111572 -4309.788628 3402.772946 -7231.426984 -0.628005 -0.360536 0.242728 -0.645528
1733733787.586153984069824 -4334.263936 3429.817614 -7264.124568 -0.626722 -0.363145 0.250250 -0.642433
1733733787.686152696609497 -4346.121007 3449.794572 -7307.456837 -0.620799 -0.366256 0.254812 -0.644621
1733733787.786151885986328 -4372.279407 3480.045329 -7340.309407 -0.615849 -0.367493 0.255681 -0.648311
1733733787.886150598526001 -4383.419165 3509.004951 -7388.951608 -0.612343 -0.373123 0.250797 -0.650320
1733733787.986149549484253 -4406.736756 3530.768158 -7426.425863 -0.613123 -0.367990 0.247031 -0.653942
1733733788.086148262023926 -4406.371520 3547.505067 -7493.964088 -0.616892 -0.361591 0.245277 -0.654626
1733733788.186147212982178 -4423.287181 3566.074886 -7538.310871 -0.624319 -0.353390 0.249260 -0.650547
1733733788.286145925521851 -4461.349617 3601.536419 -7543.774169 -0.627922 -0.353552 0.259015 -0.643138
1733733788.386144638061523 -4480.935854 3626.645160 -7583.900364 -0.624563 -0.347719 0.262542 -0.648139
1733733788.486143589019775 -4488.209478 3655.710372 -7638.292783 -0.623429 -0.335840 0.255016 -0.658419
1733733788.586142301559448 -4502.491441 3676.989598 -7687.589427 -0.625209 -0.314446 0.242686 -0.671819
1733733788.686141014099121 -4534.727010 3696.323345 -7718.644057 -0.626469 -0.321027 0.244942 -0.666694
1733733788.786139965057373 -4536.125242 3721.189886 -7782.371590 -0.628499 -0.327474 0.250419 -0.659575
1733733788.886138916015625 -4572.911983 3740.345570 -7797.506523 -0.626393 -0.318740 0.252181 -0.665163
1733733788.986137628555298 -4578.344456 3776.214360 -7848.241292 -0.625882 -0.324188 0.262062 -0.659164
1733733789.086136341094971 -4599.900622 3794.340152 -7884.699251 -0.620207 -0.335562 0.273687 -0.654092
1733733789.186135292053223 -4605.024780 3829.994850 -7951.171656 -0.619549 -0.363111 0.270283 -0.641293
1733733789.286134243011475 -4642.023917 3847.631865 -7959.396766 -0.615828 -0.363762 0.264035 -0.647085
1733733789.386133193969727 -4663.295495 3868.547415 -8006.526682 -0.619467 -0.353025 0.260795 -0.650861
1733733789.486132144927979 -4677.208103 3891.858225 -8051.544987 -0.619342 -0.354672 0.263835 -0.648856
1733733789.586130857467651 -4698.560015 3916.884848 -8084.665514 -0.623321 -0.346831 0.270276 -0.646630
1733733789.686129808425903 -4720.595843 3951.177162 -8122.920983 -0.620848 -0.346980 0.276194 -0.646428
1733733789.786128520965576 -4731.003538 3979.509722 -8174.065701 -0.614285 -0.338652 0.275482 -0.657326
1733733789.886127471923828 -4745.709531 3998.685565 -8210.490776 -0.610296 -0.339007 0.266584 -0.664489
1733733789.986125946044922 -4773.758914 4023.529510 -8251.241764 -0.610916 -0.334983 0.260411 -0.668397
1733733790.086124897003174 -4783.966490 4048.023937 -8303.632571 -0.612541 -0.327952 0.256550 -0.671881
1733733790.186123609542847 -4802.415168 4069.368442 -8346.774705 -0.614137 -0.332874 0.256146 -0.668147
1733733790.286122560501099 -4825.127775 4105.185619 -8378.453330 -0.614681 -0.328813 0.255652 -0.669844
1733733790.386121273040771 -4842.097967 4131.776363 -8421.150304 -0.614795 -0.315052 0.251366 -0.677927
1733733790.486120223999023 -4843.592353 4159.334893 -8483.498655 -0.616603 -0.317451 0.256807 -0.673109
1733733790.586118936538696 -4862.213409 4180.740175 -8524.891019 -0.622831 -0.301912 0.240506 -0.680506
1733733790.686117887496948 -4889.277122 4206.791996 -8559.135305 -0.624031 -0.287926 0.229017 -0.689373
1733733790.786118984222412 -4899.768236 4233.095711 -8605.723599 -0.628867 -0.273437 0.220964 -0.693494
1733733790.886117935180664 -4923.176632 4253.479709 -8652.764655 -0.633383 -0.269315 0.215377 -0.692754
1733733790.986116886138916 -4947.148102 4286.367687 -8684.374634 -0.636422 -0.263337 0.219350 -0.691019
1733733791.086115598678589 -4960.889002 4316.276103 -8726.794786 -0.641838 -0.264829 0.224839 -0.683636
1733733791.186114311218262 -4964.644188 4344.150891 -8787.279344 -0.635912 -0.252087 0.212587 -0.697764
1733733791.286113500595093 -4985.145572 4369.611824 -8826.386865 -0.628772 -0.234709 0.199212 -0.714053
1733733791.386112451553345 -5019.588168 4394.557209 -8866.302321 -0.626835 -0.240568 0.194136 -0.715204
1733733791.486111164093018 -5026.254652 4415.189795 -8922.986634 -0.623937 -0.228377 0.186998 -0.723587
1733733791.586110115051270 -5050.434003 4441.496620 -8962.508652 -0.625269 -0.240418 0.193346 -0.716837
1733733791.686108827590942 -5071.148304 4469.548769 -9003.355711 -0.623846 -0.236116 0.194473 -0.719198
1733733791.786107778549194 -5086.307093 4502.486139 -9047.159871 -0.617811 -0.219805 0.191533 -0.730281
1733733791.886106491088867 -5085.083811 4531.668256 -9102.975412 -0.613745 -0.222572 0.188444 -0.733667
1733733791.986105203628540 -5125.620503 4561.215617 -9135.185681 -0.610803 -0.210886 0.174659 -0.742927
1733733792.086103916168213 -5139.350410 4583.528410 -9185.157004 -0.607025 -0.199318 0.165451 -0.751278
1733733792.186102867126465 -5149.628031 4610.957080 -9229.242226 -0.605125 -0.187486 0.156025 -0.757845
1733733792.286101579666138 -5175.822646 4636.962489 -9268.327959 -0.604788 -0.179515 0.148214 -0.761603
1733733792.386100292205811 -5203.559404 4676.099662 -9305.012190 -0.603927 -0.178882 0.148576 -0.762364
1733733792.486099481582642 -5212.721264 4697.328857 -9356.232418 -0.604857 -0.171524 0.139025 -0.765114
1733733792.586098194122314 -5214.093988 4724.056576 -9410.312166 -0.603250 -0.159918 0.121498 -0.771851
1733733792.686096906661987 -5241.865584 4748.558405 -9453.325468 -0.599176 -0.136387 0.100341 -0.782508
1733733792.786096096038818 -5234.618777 4768.159645 -9492.229485 -0.604905 -0.133795 0.089597 -0.779847
1733733792.886095046997070 -5233.625904 4789.248383 -9541.937282 -0.608964 -0.130482 0.077911 -0.778503
1733733792.986093759536743 -5254.404991 4811.491690 -9580.979221 -0.611676 -0.116845 0.065564 -0.779680
1733733793.086092472076416 -5303.088158 4856.870156 -9643.169624 -0.608111 -0.108688 0.057228 -0.784292
1733733793.186091423034668 -5345.621877 4901.078353 -9658.424304 -0.607182 -0.101770 0.053748 -0.786183
1733733793.286090135574341 -5332.008377 4921.770465 -9735.636214 -0.602355 -0.102141 0.040067 -0.790652
1733733793.386089086532593 -5370.271532 4948.218499 -9778.280376 -0.600134 -0.112382 0.026605 -0.791518
1733733793.486087799072266 -5409.222939 4982.131271 -9803.925728 -0.595881 -0.100804 0.015583 -0.796568
1733733793.586086511611938 -5416.687268 5013.383381 -9846.205211 -0.603533 -0.113686 0.011369 -0.789110
1733733793.686085462570190 -5438.538873 5032.672572 -9904.813798 -0.599843 -0.108711 0.004023 -0.792688
1733733793.786084175109863 -5456.155977 5072.533114 -9948.889057 -0.599793 -0.102027 -0.000608 -0.793624
1733733793.886082887649536 -5456.249895 5101.178578 -10003.435736 -0.598326 -0.095251 -0.004918 -0.795556
1733733793.986081838607788 -5478.408862 5131.309129 -10038.929334 -0.588748 -0.089175 -0.021817 -0.803086
1733733794.086080789566040 -5472.841190 5157.479298 -10132.106009 -0.579496 -0.078539 -0.038425 -0.810272
1733733794.186079502105713 -5512.701741 5184.381962 -10152.361252 -0.581414 -0.071162 -0.052464 -0.808790
1733733794.286078214645386 -5518.538133 5208.615808 -10200.112136 -0.583407 -0.065445 -0.062227 -0.807144
1733733794.386077404022217 -5545.541042 5236.707304 -10245.126344 -0.588136 -0.070600 -0.064766 -0.803067
1733733794.486076354980469 -5578.987711 5275.346680 -10273.494806 -0.587047 -0.064717 -0.074020 -0.803560
1733733794.586075067520142 -5583.524614 5309.745064 -10318.622616 -0.586659 -0.051338 -0.083718 -0.803857
1733733794.686074018478394 -5613.631395 5345.881204 -10356.376287 -0.571779 -0.036598 -0.109215 -0.812282
1733733794.786073684692383 -5650.544542 5377.602313 -10413.473337 -0.560990 -0.017984 -0.132143 -0.817010
1733733794.886072397232056 -5680.792974 5417.081511 -10457.060281 -0.554917 -0.000712 -0.155477 -0.817248
1733733794.986071348190308 -5671.745598 5441.766820 -10501.022972 -0.549365 0.013574 -0.179715 -0.815914
1733733795.086070060729980 -5619.500160 5427.097135 -10494.668827 -0.546524 0.024956 -0.200082 -0.812807
1733733795.186068773269653 -5652.861962 5460.850391 -10609.491373 -0.542283 0.044264 -0.220614 -0.809506
1733733795.286067724227905 -5647.975143 5532.973449 -10610.241699 -0.538106 0.058169 -0.235665 -0.807168
1733733795.386066436767578 -5775.870670 5525.642881 -10726.084523 -0.523412 0.072327 -0.261447 -0.807746
1733733795.486065626144409 -5862.268120 5554.133708 -10766.231644 -0.518879 0.091490 -0.278845 -0.802895
1733733795.586064338684082 -5892.764704 5597.754881 -10812.135804 -0.509910 0.109857 -0.300044 -0.798685
1733733795.686063289642334 -5606.540126 5628.296106 -10891.113416 -0.505312 0.125660 -0.318207 -0.792221
1733733795.786062002182007 -5873.069151 5640.783139 -10951.304115 -0.495117 0.135693 -0.328832 -0.792664
1733733795.886060714721680 -5817.424939 5695.575885 -10963.803563 -0.491706 0.144275 -0.334247 -0.791005
1733733795.986059427261353 -5798.017490 5734.354908 -10983.613708 -0.488670 0.154397 -0.335437 -0.790472
1733733796.086058378219604 -5859.820964 5765.765803 -11037.862325 -0.472157 0.164936 -0.351797 -0.791266
1733733796.186057090759277 -5890.913243 5792.460650 -11089.167331 -0.473672 0.158450 -0.356797 -0.789446
1733733796.286055803298950 -6003.806720 5851.628664 -11270.175432 -0.471601 0.150830 -0.353044 -0.793853
1733733796.386054515838623 -6015.333964 5878.874804 -11184.586137 -0.482155 0.144029 -0.343834 -0.792818
1733733796.486053466796875 -5905.876340 5895.168451 -11220.815846 -0.482659 0.150901 -0.348666 -0.789114
1733733796.586052179336548 -5933.642584 5917.116172 -11277.537422 -0.484687 0.163403 -0.350993 -0.784336
1733733796.686050891876221 -5905.781510 5987.004930 -11318.231620 -0.475249 0.151385 -0.354819 -0.790774
1733733796.786049604415894 -5943.640393 5984.895729 -11372.385164 -0.462610 0.158402 -0.367285 -0.791203
1733733796.886048555374146 -6016.771568 6015.239704 -11451.537440 -0.451655 0.168246 -0.377761 -0.790568
1733733796.986047267913818 -6000.268797 6049.993490 -11472.190249 -0.462771 0.164278 -0.381654 -0.783069
1733733797.086045980453491 -5966.976969 6082.428079 -11504.162926 -0.474025 0.163474 -0.380500 -0.777043
1733733797.186044931411743 -6058.166016 6133.257312 -11604.837563 -0.503389 0.099448 -0.339153 -0.788470
1733733797.286043643951416 -6051.658091 6160.427793 -11637.303577 -0.502920 0.105975 -0.340658 -0.787269
1733733797.386042833328247 -6046.426375 6227.123368 -11689.785177 -0.493295 0.124494 -0.344981 -0.788765
1733733797.486041545867920 -6086.304215 6245.672096 -11757.131401 -0.486124 0.128336 -0.357042 -0.787232
1733733797.586040258407593 -6191.944497 6286.575139 -11762.481485 -0.481055 0.133680 -0.363024 -0.786720
1733733797.686039209365845 -6140.078623 6294.451258 -11849.904229 -0.477626 0.138516 -0.361964 -0.788460
1733733797.786037921905518 -6132.582784 6323.037789 -11882.943811 -0.486606 0.134216 -0.360778 -0.784245
1733733797.886036634445190 -6167.525665 6358.756892 -11962.971684 -0.500184 0.108913 -0.344013 -0.787153
1733733797.986035585403442 -6189.619699 6403.501520 -12009.671047 -0.501470 0.115203 -0.345188 -0.784921
1733733798.086034297943115 -6320.033074 6425.989400 -12031.719153 -0.500459 0.110499 -0.348562 -0.784752
1733733798.186033010482788 -6254.138181 6479.073308 -12119.269723 -0.483575 0.141067 -0.366525 -0.782250
1733733798.286031723022461 -6309.407301 6481.001415 -12182.997431 -0.488237 0.121335 -0.373687 -0.779269
1733733798.386030435562134 -6270.795886 6533.280935 -12226.215858 -0.505777 0.100655 -0.358716 -0.778062
1733733798.486029386520386 -6222.884243 6567.139971 -12255.092154 -0.504305 0.083138 -0.360960 -0.780046
1733733798.586028099060059 -6292.563070 6588.765831 -12330.953572 -0.508801 0.082608 -0.359475 -0.777866
1733733798.686026811599731 -6277.383791 6643.421769 -12378.520967 -0.527570 0.056330 -0.347040 -0.773344
1733733798.786025762557983 -6264.911387 6688.556784 -12420.034460 -0.542681 0.053442 -0.343317 -0.764706
1733733798.886024475097656 -6304.781678 6753.452135 -12444.242275 -0.547315 0.100956 -0.370745 -0.743506
1733733798.986023187637329 -6426.332497 6773.638488 -12536.115461 -0.545078 0.107009 -0.378205 -0.740541
1733733799.086022138595581 -6382.403856 6813.702961 -12580.335643 -0.546737 0.112007 -0.385007 -0.735053
1733733799.186021089553833 -6294.679756 6841.994289 -12582.777857 -0.557827 0.107050 -0.384632 -0.727618
1733733799.286020040512085 -6335.153349 6822.673409 -12635.490099 -0.568381 0.105452 -0.389579 -0.716973
1733733799.386018514633179 -6308.551768 6916.529841 -12672.745459 -0.574836 0.092138 -0.381132 -0.718201
1733733799.486017465591431 -5824.246522 6943.473674 -12524.916878 -0.560867 0.110288 -0.389426 -0.722227
1733733799.586016416549683 -4257.343093 6505.399334 -13701.013374 -0.562493 0.104129 -0.393449 -0.719692
1733733799.686015129089355 -1014.824730 8805.091173 -7404.425442 -0.565609 0.112949 -0.396804 -0.714056
1733733799.786015748977661 -6164.501442 7047.181356 -13280.259138 -0.564304 0.117456 -0.400218 -0.712454
1733733799.886014938354492 -6306.467719 7086.037410 -12885.246544 -0.575712 0.146765 -0.394994 -0.700711
1733733799.986013650894165 -6424.539081 7132.271331 -12964.662668 -0.577675 0.152753 -0.397496 -0.696387
1733733800.086012363433838 -6387.091919 7169.817312 -12979.966981 -0.586394 0.148131 -0.402308 -0.687275
1733733800.186011314392090 -6302.530944 7224.287939 -13017.380273 -0.581239 0.152258 -0.405022 -0.689156
1733733800.286010026931763 -6302.162825 7273.632726 -13122.119501 -0.576418 0.136775 -0.396449 -0.701330
1733733800.386008739471436 -6426.537874 7324.497399 -13159.613748 -0.584883 0.097778 -0.377811 -0.711063
1733733800.486007690429688 -6405.139010 7302.142771 -13223.283677 -0.602628 0.086006 -0.376237 -0.698490
1733733800.586006402969360 -6297.183330 7316.217976 -13380.660445 -0.622724 0.024182 -0.336137 -0.706146
1733733800.686005115509033 -6613.883744 7396.419650 -13390.910956 -0.627405 0.026238 -0.335281 -0.702325
1733733800.786003828048706 -6457.152407 7414.341588 -13409.524717 -0.622318 0.028803 -0.336256 -0.706274
1733733800.886002540588379 -6632.226089 7457.982902 -13540.512029 -0.628070 0.005152 -0.335027 -0.702324
1733733800.986001491546631 -6379.485114 7499.871236 -13622.582262 -0.623387 0.013444 -0.331721 -0.707933
1733733801.086000204086304 -6692.500735 7498.445165 -13692.193331 -0.655822 -0.021343 -0.314171 -0.686104
1733733801.185998916625977 -6766.102603 7557.337845 -13724.186214 -0.689812 -0.026178 -0.323053 -0.647387
1733733801.285997629165649 -6771.327924 7566.969439 -13747.972105 -0.697342 -0.020612 -0.320678 -0.640668
1733733801.385996580123901 -6525.328785 7653.392420 -13864.399813 -0.712020 -0.018453 -0.316806 -0.626355
1733733801.485995531082153 -6656.222795 7726.710614 -13903.559977 -0.719696 -0.004928 -0.320194 -0.616026
1733733801.585994243621826 -6838.036940 7725.407261 -13948.254087 -0.725857 -0.011457 -0.318067 -0.609782
1733733801.685992956161499 -6556.337789 7809.997215 -14050.405893 -0.730294 -0.003583 -0.325701 -0.600480
1733733801.785992145538330 -6959.157898 7735.333942 -14048.759354 -0.733379 0.003511 -0.327527 -0.595709
1733733801.885990858078003 -6984.084645 7794.388654 -14180.604556 -0.753025 0.003446 -0.334725 -0.566481
1733733801.985989570617676 -6764.933950 7914.301166 -14227.128234 -0.771218 -0.005875 -0.329384 -0.544697
1733733802.085988283157349 -6876.122079 7926.885434 -14166.027810 -0.789464 -0.026176 -0.300811 -0.534392
1733733802.185987234115601 -6901.535180 7974.403745 -14232.032231 -0.782952 -0.020252 -0.308353 -0.539903
1733733802.285985946655273 -6963.536379 7985.816247 -14315.903629 -0.782259 -0.017745 -0.315830 -0.536663
1733733802.385984897613525 -6929.652814 8064.297194 -14301.973587 -0.793886 -0.012837 -0.314729 -0.520121
1733733802.485983610153198 -7100.486054 8048.018789 -14493.817091 -0.800622 -0.007787 -0.319781 -0.506641
1733733802.585982322692871 -7074.270913 8086.378728 -14544.951352 -0.801494 -0.006454 -0.320070 -0.505095
1733733802.685981035232544 -7036.356198 8132.447415 -14577.276606 -0.801827 -0.002210 -0.326082 -0.500739
1733733802.785979747772217 -6909.690191 8242.435634 -14530.522467 -0.810923 0.009310 -0.327721 -0.484682
1733733802.885978698730469 -7045.235372 8230.507904 -14652.261278 -0.815279 0.026502 -0.336614 -0.470436
1733733802.985977411270142 -7017.854111 8283.071429 -14674.337595 -0.826752 0.049451 -0.341144 -0.444585
1733733803.085976123809814 -7341.192983 8234.234017 -14973.510193 -0.838851 0.059884 -0.339446 -0.421331
1733733803.185974836349487 -7126.959055 8459.463020 -14928.441729 -0.856057 0.086723 -0.335385 -0.383619
1733733803.285973787307739 -6772.999463 8631.573873 -14726.499344 -0.857464 0.093346 -0.338404 -0.376198
1733733803.385972499847412 -7209.554354 8359.029055 -14918.189605 -0.857113 0.096195 -0.344256 -0.370934
1733733803.485971450805664 -7284.854031 8394.401116 -15025.536118 -0.859944 0.109428 -0.342086 -0.362628
1733733803.585970401763916 -7366.434988 8445.806252 -15157.878741 -0.855515 0.120928 -0.354996 -0.356999
1733733803.685969352722168 -7376.374270 8485.238977 -15200.660221 -0.859514 0.147218 -0.354392 -0.337593
1733733803.785973310470581 -7397.491848 8523.402780 -15257.508496 -0.861343 0.156870 -0.356628 -0.326031
1733733803.885972261428833 -7415.899564 8566.327278 -15317.358857 -0.862133 0.162994 -0.363454 -0.313147
1733733803.985970973968506 -7437.742640 8600.805919 -15371.824061 -0.864910 0.166002 -0.363839 -0.303309
1733733804.085969924926758 -7448.081141 8640.679549 -15419.834790 -0.865632 0.171227 -0.365802 -0.295890
1733733804.185969114303589 -7448.942141 8674.648054 -15455.265698 -0.863932 0.180246 -0.368389 -0.292272
1733733804.285968065261841 -7482.791631 8715.190997 -15528.829812 -0.860465 0.197308 -0.374939 -0.283001
1733733804.385966777801514 -7517.102578 8757.724101 -15608.184679 -0.857758 0.211296 -0.378675 -0.276061
1733733804.485965967178345 -7550.256516 8796.502856 -15670.594398 -0.859414 0.213925 -0.380083 -0.266796
1733733804.585964679718018 -7544.891972 8826.749959 -15703.539057 -0.857991 0.217518 -0.384549 -0.262031
1733733804.685963630676270 -7570.763122 8865.282679 -15769.511155 -0.860043 0.217340 -0.384764 -0.255041
1733733804.785962343215942 -7597.152569 8905.128934 -15853.494741 -0.860484 0.222499 -0.385829 -0.247381
1733733804.885961294174194 -7609.512480 8941.650188 -15873.156831 -0.857607 0.232108 -0.389610 -0.242570
1733733804.985960245132446 -7615.133302 8982.481859 -15942.620008 -0.849923 0.247727 -0.397863 -0.240764
1733733805.085959196090698 -7648.222897 9021.735282 -15997.563056 -0.848530 0.256895 -0.399677 -0.232940
1733733805.185958147048950 -7667.742028 9062.240393 -16060.837094 -0.848040 0.262604 -0.402875 -0.222618
1733733805.285956859588623 -7698.277451 9096.919348 -16115.880860 -0.852018 0.253743 -0.403259 -0.216936
1733733805.385956048965454 -7728.629684 9146.660230 -16195.667538 -0.851159 0.259397 -0.401901 -0.216141
1733733805.485954999923706 -7747.476770 9178.798813 -16252.492650 -0.850149 0.265897 -0.401986 -0.212020
1733733805.585953950881958 -7759.549742 9214.148953 -16296.502920 -0.846284 0.272679 -0.404943 -0.213240
1733733805.685952901840210 -7779.032187 9255.831842 -16356.164583 -0.844268 0.277308 -0.405456 -0.214282
1733733805.785951614379883 -7809.456949 9310.108624 -16435.099930 -0.842221 0.285037 -0.408520 -0.206225
1733733805.885950565338135 -7822.947178 9333.232663 -16478.732068 -0.843205 0.282388 -0.409593 -0.203706
1733733805.985949277877808 -7867.056182 9407.505171 -16602.202087 -0.846308 0.276581 -0.408977 -0.200007
1733733806.085948228836060 -7888.724767 9432.249382 -16590.990990 -0.846793 0.280877 -0.410408 -0.188718
1733733806.185947179794312 -7842.051666 9431.095363 -16600.564805 -0.844759 0.284791 -0.411714 -0.189124
1733733806.285946130752563 -7895.928972 9479.286718 -16666.061317 -0.836654 0.299762 -0.417929 -0.188383
1733733806.385945081710815 -7886.642672 9504.902657 -16716.756454 -0.830862 0.310362 -0.420625 -0.190836
1733733806.485944271087646 -7927.526771 9557.430544 -16810.830988 -0.825849 0.318842 -0.425415 -0.187975
1733733806.585943222045898 -7947.821300 9592.417057 -16860.179288 -0.824506 0.318050 -0.428717 -0.187713
1733733806.685942173004150 -7947.533713 9628.294924 -16909.142933 -0.828094 0.310930 -0.427136 -0.187450
1733733806.785940885543823 -7982.476763 9663.203960 -16966.892817 -0.828486 0.310702 -0.427018 -0.186361
1733733806.885939836502075 -7973.641530 9704.724340 -16999.021415 -0.831070 0.308793 -0.423973 -0.184975
1733733806.985938549041748 -7978.353589 9725.973104 -17026.631619 -0.823791 0.318172 -0.429261 -0.189395
1733733807.085937500000000 -8010.122521 9773.017954 -17089.428350 -0.804096 0.350216 -0.442895 -0.186071
1733733807.185936450958252 -8029.908959 9816.401010 -17187.510191 -0.813999 0.333082 -0.435617 -0.191574
1733733807.285935163497925 -8022.911145 9896.619562 -17216.563243 -0.813914 0.331713 -0.437223 -0.190650
1733733807.385934352874756 -8029.672354 9928.346626 -17332.038644 -0.811722 0.329110 -0.446465 -0.182927
1733733807.485933303833008 -8075.245027 9935.616272 -17349.732203 -0.810032 0.332343 -0.447239 -0.182687
1733733807.585932493209839 -8074.445029 9954.119155 -17389.286095 -0.829786 0.342210 -0.357863 -0.257453
1733733807.685931205749512 -8105.406247 10000.414987 -17463.680666 -0.821824 0.353540 -0.355945 -0.270035
1733733807.785930156707764 -8163.737137 10068.319048 -17558.959722 -0.814224 0.365501 -0.364160 -0.266149
1733733807.885929107666016 -8048.564141 10080.952613 -17517.099247 -0.802789 0.363496 -0.397909 -0.255087
1733733807.985928058624268 -8060.665888 10115.628703 -17599.713880 -0.799759 0.358749 -0.410746 -0.250943
1733733808.085926771163940 -8116.668797 10170.314473 -17717.936413 -0.808379 0.354159 -0.379343 -0.277838
1733733808.185925483703613 -8146.279002 10190.661862 -17735.318899 -0.807229 0.357968 -0.380554 -0.274625
1733733808.285924434661865 -7965.409028 10160.648957 -17632.530732 -0.800344 0.364038 -0.385523 -0.279817
1733733808.385923385620117 -8105.216215 10154.386558 -17801.338818 -0.760695 0.434863 -0.247999 -0.413199
1733733808.485922336578369 -8151.384565 10223.568664 -17896.299006 -0.753832 0.440829 -0.268084 -0.406864
1733733808.585921287536621 -8316.035730 10236.862821 -17863.153582 -0.547045 0.643071 -0.439110 -0.307219
1733733808.685920476913452 29041.760212 -51437.455024 66238.769979 -0.501514 0.614908 -0.529990 -0.299136
1733733808.785919427871704 -7520.565283 9376.549949 -14863.007321 -0.460265 0.609719 -0.581774 -0.279173
1733733808.885918378829956 -8790.415155 10184.066527 -18525.619296 -0.918191 0.350470 0.173220 0.063958
1733733808.985917091369629 -8508.272094 10604.551042 -18364.448136 -0.756819 0.141114 -0.522793 0.366058
1733733809.085916042327881 -8531.824041 10645.764405 -18424.557950 -0.732108 0.143728 -0.544369 0.383435
1733733809.185914993286133 -7868.084692 10001.028025 -17709.009516 -0.705527 0.139229 -0.565530 0.403761
1733733809.285913705825806 852045.433836 -557169.160175 907250.774484 -0.674805 0.130778 -0.588490 0.425693
1733733809.385912656784058 -8604.185406 10774.911466 -18607.829053 -0.644716 0.118153 -0.612567 0.441749
1733733809.485911607742310 -8628.335066 10819.149960 -18669.114713 -0.614290 0.108833 -0.632305 0.459340
1733733809.585910558700562 -8652.811753 10860.844221 -18731.067352 -0.585621 0.098036 -0.651048 0.472836
1733733809.685909271240234 -8677.587735 10904.057582 -18791.743507 -0.552374 0.099534 -0.668420 0.488047
1733733809.785908699035645 -7440.403582 11231.580980 -20081.938931 -0.521261 0.094376 -0.683139 0.502694
1733733809.885907411575317 -6177.490777 4576.577143 -18184.667085 -0.487042 0.094125 -0.694080 0.521712
1733733809.985906362533569 -5696.062538 27891.964874 -25037.903334 -0.350612 0.010104 -0.651033 0.673145
1733733810.085905313491821 -7395.301487 7897.481117 -15043.139652 -0.363828 0.050710 -0.679139 0.635474
1733733810.185904264450073 -8801.098533 11121.126907 -19108.041627 -0.333680 0.056336 -0.685514 0.644635
1733733810.285903215408325 -8824.434825 11166.625512 -19171.019073 -0.197065 0.852140 0.476160 0.091076
1733733810.385901689529419 -8848.676370 11211.131832 -19233.081803 0.337491 0.371446 0.705953 -0.499758
1733733810.485900640487671 -8861.864590 11256.659646 -19307.767313 0.420376 0.311625 0.811880 -0.258890
1733733810.585899591445923 -8883.243860 11301.002079 -19371.297453 0.320374 -0.147247 0.672421 -0.650791
1733733810.685898542404175 -8904.040559 11344.980864 -19435.347911 0.059691 -0.458531 0.439789 -0.769916
1733733810.785899639129639 -8906.911663 11372.161068 -19500.692706 -0.042377 -0.300401 0.591113 -0.747361
1733733810.885898351669312 -8926.037777 11413.926709 -19565.902726 0.028642 -0.474312 0.531422 -0.701283
1733733810.985897302627563 -8946.277115 11454.108457 -19621.965122 0.245145 -0.712559 0.360612 -0.549657
1733733811.085896253585815 -8966.948485 11496.182135 -19688.252903 -0.100375 -0.874703 0.107652 -0.461769
1733733811.185895204544067 -8989.203836 11532.409842 -19757.160013 0.044169 0.071681 0.986737 -0.138784
1733733811.285893917083740 -8993.720955 11400.884699 -19729.202458 0.151282 -0.320007 -0.911192 -0.210806
1733733811.385892868041992 -9147.215680 11457.691489 -19752.182828 0.548515 0.614042 0.012048 0.567397
1733733811.485892057418823 -9230.649592 11514.402736 -19817.235046 0.154460 -0.363959 0.668281 -0.630140
1733733811.585891008377075 -9318.488960 11573.087416 -19882.510927 -0.700572 -0.257374 -0.664138 0.043327
1733733811.685889959335327 -9404.787877 11624.863167 -19939.970974 0.497062 0.611098 -0.094970 0.608662
1733733811.785888910293579 -9501.924693 11685.978741 -20004.694636 0.247899 -0.306581 0.717786 -0.573879
1733733811.885887861251831 -9604.258922 11747.527723 -20069.303169 -0.736108 -0.311606 -0.598760 -0.050330
1733733811.985886335372925 -9714.476912 11789.405601 -20029.560803 -0.071651 0.248471 0.729548 0.633158
1733733812.085885286331177 -9765.054127 11941.173791 -19904.673425 -0.135052 -0.597246 0.748275 -0.255232
1733733812.185884237289429 -9822.423788 12096.931973 -19788.319519 0.005564 -0.543884 -0.358951 -0.758495
1733733812.285883188247681 -9885.867294 12257.043671 -19681.386350 0.136950 0.326355 -0.927296 -0.121901
1733733812.385882139205933 -9342.737897 12589.014860 -19349.631446 -0.257728 0.213688 0.809623 0.482103
1733733812.485881090164185 -9029.802260 12853.718884 -19057.938381 0.201567 -0.134615 -0.852333 -0.463441
1733733812.585880279541016 -8669.587861 13129.513751 -18744.509084 -0.142030 0.052234 0.885760 0.438780
1733733812.685879230499268 -6427.776818 15377.516822 -18383.982621 -0.017453 -0.905002 0.372923 -0.203946
1733733812.785877943038940 3956563.267927 3427100.191154 7920740.666357 -0.417118 -0.660761 0.318742 -0.536480
1733733812.885876893997192 -29459.568755 28502.849124 -17770.985464 0.456296 0.256873 -0.052298 -0.850338
1733733812.985875844955444 -44527.886751 38659.043872 -16297.057597 -0.457907 -0.246848 0.123932 0.845002
1733733813.085874557495117 -59640.590908 48887.599151 -14722.110809 0.457048 0.235181 -0.196971 -0.834865
1733733813.185873508453369 -74802.898165 59192.123348 -13050.726887 -0.453866 -0.222829 0.265630 0.820849
1733733813.285872220993042 -83578.927766 70983.992967 -9970.692806 0.755517 0.288562 -0.521500 -0.271962
1733733813.385871410369873 -95848.503243 82072.139536 -7812.252281 0.641371 0.729326 0.162939 -0.173719
1733733813.485870361328125 -108089.760003 93114.885855 -5641.343861 0.089693 0.671235 0.734547 0.042879
1733733813.585869312286377 -120299.650813 104118.280466 -3447.305014 -0.525227 0.152983 0.804652 0.230800
1733733813.685868024826050 -128428.817542 119051.131785 8971.422443 -0.368619 0.144557 -0.853783 -0.338052
1733733813.785867214202881 -167691.014886 138602.938629 12926.389924 -0.256944 0.311949 -0.442843 -0.800348
1733733813.885866165161133 -206783.880419 158018.063583 16526.944453 -0.035460 0.347105 0.158487 -0.923657
1733733813.985865116119385 -246060.295719 177303.584657 19777.243938 0.200462 0.234660 0.690411 -0.654279
1733733814.085864067077637 -285499.060332 196814.117242 22715.630650 0.351585 0.022387 0.929813 -0.106460
1733733814.185862779617310 -324742.040132 216511.521378 25334.490713 0.353351 -0.198972 0.774572 0.485378
1733733814.285861492156982 -363854.278098 236040.993594 27595.869856 0.204174 -0.336516 0.287625 0.873122
1733733814.385860443115234 -403183.963986 255488.261324 29512.459208 -0.032238 -0.329951 -0.321883 0.886840
1733733814.485859394073486 -442644.488364 275193.304463 31120.386646 -0.254805 -0.182312 -0.793710 0.521404
1733733814.585858345031738 -481877.439386 295035.950818 32403.113919 -0.368568 0.043898 -0.926015 -0.068751
1733733814.685857295989990 -521003.082049 314680.749404 33325.340446 -0.324865 0.249886 -0.663763 -0.625650
1733733814.785858154296875 -560375.599570 334279.161671 33927.709107 -0.144674 0.349977 -0.123328 -0.917266
1733733814.885857105255127 18480194800641544192.000000 -7187561839312228352.000000 2479405549188329472.000000 0.096751 0.302976 0.470003 -0.823372
1733733814.985856056213379 -639067.083583 374092.887421 34122.933952 0.298389 0.126921 0.866738 -0.378972
1733733815.085855007171631 -678219.037263 393865.972474 33707.539868 0.372707 -0.103119 0.893913 0.226664
1733733815.185853958129883 -717619.984309 413606.199909 32953.065633 0.289220 -0.288437 0.543310 0.733464
1733733815.285853147506714 -757084.832493 433627.531870 31891.809740 0.083346 -0.352154 -0.037614 0.931465
1733733815.385852098464966 -838144.193082 476575.142432 2889.803431 -0.155918 -0.268368 -0.598695 0.738399
1733733815.485851049423218 -835547.281054 473671.930282 28751.047615 -0.330672 -0.072075 -0.910873 0.236159
1733733815.585850000381470 -875009.379691 493594.175815 26665.212032 -0.367042 0.153514 -0.842728 -0.362662
1733733815.685848951339722 -914503.049466 513782.216575 24270.570662 -0.250460 0.315556 -0.423261 -0.811507
1733733815.785847663879395 -953756.442907 534021.138146 21541.136517 -0.028903 0.345879 0.174015 -0.921548
1733733815.885846614837646 -993008.322114 554053.524074 18451.347690 0.204964 0.231096 0.698859 -0.645120
1733733815.985845565795898 -1032478.328584 574130.243684 15030.583174 0.353091 0.018406 0.930521 -0.095494
1733733816.085844516754150 -1071931.811737 594485.722768 11301.922843 0.351484 -0.202793 0.767248 0.496654
1733733816.185843467712402 -1111170.427869 614840.248407 7233.124472 0.200694 -0.337485 0.278502 0.876506
1733733816.285842657089233 -1150455.489264 634987.037910 2804.343239 -0.034561 -0.329295 -0.326802 0.885196
1733733816.385841369628906 -1189988.426309 655220.813741 -1950.505829 -0.255594 -0.181781 -0.794886 0.519407
1733733816.485840559005737 -1229463.149937 675733.641022 -7013.693613 -0.368522 0.043611 -0.926067 -0.068476
1733733816.585839509963989 -1268697.352067 696209.895351 -12421.116390 -0.324631 0.249905 -0.663524 -0.626018
1733733816.685838460922241 -1308060.318258 716662.177837 -17200.766043 -0.137147 0.344940 -0.115351 -0.921358
1733733816.785837173461914 -12776706.925532 -125589.384015 -5387746.339825 0.101082 0.300976 0.479458 -0.818117
1733733816.885836124420166 -1387045.847451 757552.027463 -30674.047121 0.300789 0.123411 0.870552 -0.369371
1733733816.985835075378418 -1426278.837650 778149.699037 -37420.036792 0.372459 -0.106218 0.891416 0.235307
1733733817.085834026336670 -1465633.614284 798554.002248 -44523.739217 0.286243 -0.290807 0.534473 0.740159
1733733817.185832738876343 -1505217.187352 819119.004641 -51945.757431 0.077336 -0.352085 -0.052559 0.931286
1733733817.285831928253174 24101601855084.277344 -32830939514860.867188 26808834066058.054688 0.164330 0.262751 0.616193 -0.724061
1733733817.385830879211426 -1583914.598057 860653.305715 -67764.413640 -0.336318 -0.059888 -0.917394 0.204185
1733733817.485830068588257 -1623312.553344 881202.393352 -76203.801439 -0.363751 0.166933 -0.825049 -0.398890
1733733817.585829019546509 -1662901.198506 901941.091471 -84958.722476 -0.236891 0.322861 -0.382981 -0.832448
1733733817.685827970504761 -1702344.559854 922894.989787 -94029.602089 -0.010744 0.342216 0.218629 -0.913769
1733733817.785826683044434 -1707525.986470 932375.318166 -77327.351661 0.221321 0.216508 0.731027 -0.608063
1733733817.885825634002686 -1781079.522552 964457.055434 -113224.256888 0.359025 -0.000992 0.932267 -0.044472
1733733817.985824346542358 -1820677.883573 985355.271838 -123313.523280 0.344455 -0.218036 0.737942 0.537822
1733733818.085823297500610 -1860090.999333 1006426.287205 -133729.560781 0.182851 -0.342615 0.227875 0.892891
1733733818.185822248458862 3271185453882.721191 -1421272266238.895508 966416361587.010010 -0.055331 -0.321559 -0.375539 0.867473
1733733818.285821199417114 -1938840.515338 1048176.289800 -155601.438769 -0.270026 -0.164884 -0.820290 0.476470
1733733818.385820150375366 -1978447.623808 1069249.865746 -167023.357108 -0.370856 0.060577 -0.919751 -0.113376
1733733818.485819578170776 -2017844.198651 1090461.217354 -178770.410505 -0.315779 0.261286 -0.632202 -0.657521
1733733818.585818290710449 -2057161.082084 1111486.467022 -190889.329038 -0.127766 0.351697 -0.078594 -0.924017
1733733818.685817480087280 -3150935.817416 1544200.145038 14702.981265 0.113673 0.294225 0.507284 -0.801981
1733733818.785816192626953 -2136394.552487 1153723.260606 -216075.812065 0.307941 0.112432 0.881062 -0.340970
1733733818.885814905166626 -2175813.744229 1175091.988854 -229157.242661 0.372013 -0.115144 0.883762 0.259446
1733733818.985813856124878 -2215158.275860 1196251.804381 -242599.982807 0.280570 -0.295310 0.516478 0.753208
1733733819.085812807083130 -2254660.258029 1217420.620469 -256269.857015 0.071739 -0.351629 -0.066617 0.931006
1733733819.185811758041382 -5656283937340104704.000000 4680266466783833088.000000 -3819614868319471616.000000 0.169362 0.259238 0.626502 -0.715267
1733733819.285810708999634 -2333836.025657 1260288.764639 -284889.226722 -0.338230 -0.056102 -0.919121 0.194089
1733733819.385809659957886 -2373194.025268 1281583.734523 -299668.951937 -0.362542 0.171429 -0.818587 -0.411207
1733733819.485808849334717 -2412804.739016 1302880.835550 -314783.964860 -0.230583 0.325821 -0.364691 -0.841233
1733733819.585807800292969 -2452439.960231 1324468.089286 -330200.298055 -0.001277 0.339944 0.241407 -0.908933
1733733819.685806751251221 -468055934146776128.000000 265815533439402720.000000 -392657673380827008.000000 -0.228194 -0.210072 -0.744248 0.591517
1733733819.785805702209473 -2531228.899508 1367537.965496 -362077.512230 0.361201 -0.009161 0.932167 -0.022694
1733733819.885804414749146 -2570873.686708 1389010.881774 -378524.833151 0.340119 -0.226008 0.721072 0.559728
1733733819.985803365707397 -2610484.031296 1410765.607276 -395265.062513 0.173068 -0.345137 0.201283 0.900229
1733733820.085802316665649 -2682275.373436 1448799.691487 -427291.749207 -0.068682 -0.316228 -0.406159 0.854587
1733733820.185801267623901 -2689329.191678 1454074.158208 -429829.363135 -0.280514 -0.151590 -0.838337 0.442181
1733733820.285800218582153 -2729007.745994 1475725.793626 -447608.790584 -0.372154 0.077294 -0.911363 -0.157939
1733733820.385799169540405 -2768623.389328 1497602.096654 -465702.409833 -0.305463 0.272879 -0.597143 -0.689674
1733733820.485798358917236 -100744357111091.375000 41315548731327.226562 -78913613077188.968750 0.108845 -0.352748 0.028654 0.928924
1733733820.585797309875488 -2847507.331475 1541059.804836 -502938.869214 0.134991 0.281940 0.553933 -0.771651
1733733820.685796260833740 -2887224.362058 1562840.704105 -522055.716707 0.320955 0.090221 0.899168 -0.283452
1733733820.785795211791992 -2926814.700366 1584839.967697 -541488.025088 0.369236 -0.140710 0.858112 0.327887
1733733820.885794162750244 -2966199.114227 1606738.403665 -561271.169198 0.260155 -0.309797 0.452971 0.794458
1733733820.985792875289917 -3005742.085612 1628497.607254 -581405.734007 0.040447 -0.347980 -0.145442 0.925268
1733733821.085791826248169 -3125364.663043 1730854.121531 -746003.340439 0.196065 0.238610 0.681254 -0.663714
1733733821.185790538787842 -3085088.728591 1672638.259788 -622618.898246 -0.350219 -0.026452 -0.929013 0.116536
1733733821.285789728164673 -3124491.726774 1694694.095037 -643736.662391 -0.354267 0.196230 -0.779174 -0.478411
1733733821.385788440704346 -3164119.716418 1716696.442474 -665313.276631 -0.206708 0.335527 -0.295450 -0.870289
1733733821.485787868499756 -2413722.871017 1197925.346981 -532203.896298 0.029304 0.331045 0.314578 -0.889152
1733733821.585786819458008 -3243422.623651 1761054.286438 -709089.600116 0.252054 0.185548 0.788695 -0.529152
1733733821.685785770416260 -3282839.838994 1783226.980164 -731546.230170 0.367501 -0.038091 0.927684 0.053802
1733733821.785784482955933 -3322460.998392 1805278.446779 -754351.915716 0.327547 -0.245814 0.674287 0.614512
1733733821.885783672332764 -3362184.226357 1827616.804567 -777438.465446 0.146995 -0.349829 0.130156 0.916008
1733733821.985782384872437 -3620385.718781 1958971.556335 -880136.426552 -0.096356 -0.303446 -0.468811 0.823925
1733733822.085781335830688 -3441246.407834 1872320.886851 -824701.412428 -0.298644 -0.126605 -0.867304 0.377579
1733733822.185780048370361 -3480839.853242 1894531.560066 -848841.883385 -0.372514 0.103110 -0.893879 -0.227118
1733733822.285778999328613 -3520523.060472 1916998.405135 -873291.778173 -0.288324 0.289050 -0.541091 -0.735214
1733733822.385777950286865 -3559976.576335 1939607.132987 -898091.987826 -0.082797 0.352398 0.038630 -0.931380
1733733822.485777378082275 -12569154921878532096.000000 8580501992534223872.000000 -10594208100450168832.000000 0.159314 0.266213 0.605738 -0.732688
1733733822.585776090621948 -3638985.637914 1984362.104075 -948678.688313 0.333499 0.066047 0.914274 -0.220270
1733733822.685775279998779 -3678663.173161 2007004.719327 -974461.407742 0.364912 -0.162294 0.831520 0.386101
1733733822.785773992538452 -3718102.069739 2029723.542348 -1000575.973646 0.239652 -0.321452 0.391289 0.828329
1733733822.885772943496704 -3757559.746762 2052222.073822 -1027038.748276 0.013303 -0.342619 -0.212466 0.915037
1733733822.985771894454956 96358964478210016.000000 -19010216959154732.000000 76863318300624032.000000 0.218260 0.219391 0.725086 -0.615208
1733733823.085770606994629 -3836808.911388 2097631.915546 -1080970.440867 -0.357935 -0.003126 -0.932115 0.055082
1733733823.185769557952881 -3876208.459314 2120508.967446 -1108420.066176 -0.345523 0.215800 -0.742361 -0.531926
1733733823.285768508911133 -3915623.088390 2143174.608890 -1136232.605533 -0.185130 0.342139 -0.234642 -0.890849
1733733823.385767459869385 -29630321.482179 2654626.601162 -15438197.100518 -0.055606 -0.321549 -0.376074 0.867227
1733733823.485766410827637 -3994930.781393 2188923.952598 -1192814.902683 0.271190 0.163475 0.822431 -0.472588
1733733823.585765600204468 -4034314.987384 2211939.152770 -1221601.519150 0.371028 -0.063541 0.918446 0.121483
1733733823.685764551162720 -4073788.528435 2234901.978865 -1250732.076946 0.313709 -0.263545 0.625576 0.663916
1733733823.785763502120972 -4169430.841938 2455393.678687 -1101727.049517 0.122353 -0.352203 0.064535 0.925645
1733733823.885762453079224 -4152599.667790 2281364.641407 -1309946.370642 -0.120796 -0.290407 -0.522889 0.792250
1733733823.985761404037476 -4191863.744080 2304462.126632 -1340084.119063 -0.312642 -0.104770 -0.887858 0.320915
1733733824.085760116577148 -4231386.218424 2327596.581402 -1370538.818481 -0.370951 0.126361 -0.873316 -0.289393
1733733824.185759067535400 -4270877.026613 2351020.702138 -1401306.007215 -0.270982 0.302515 -0.486626 -0.773465
1733733824.285758018493652 -4239526.154701 2736709.560624 -1110526.646343 -0.056902 0.350300 0.104251 -0.929077
1733733824.385756969451904 -4349437.748128 2397649.261603 -1463886.982947 0.181033 0.250677 0.650822 -0.693411
1733733824.485755920410156 -4388986.635608 2420963.077095 -1495681.059841 0.343058 0.044510 0.923840 -0.163859
1733733824.585754871368408 -4428465.228371 2444547.251779 -1527784.471987 0.359958 -0.179755 0.806341 0.433512
1733733824.685754060745239 -4467713.284222 2468083.482624 -1560233.248574 0.225280 -0.328301 0.349324 0.848198
1733733824.785753011703491 -4507143.590193 2491451.252447 -1593066.076028 -0.003863 -0.338642 -0.254114 0.905943
1733733824.885751962661743 -4566008.359239 2377840.850849 -1438124.997509 -0.231256 -0.206972 -0.750379 0.583622
1733733824.985750913619995 -4586111.099514 2538650.588676 -1659605.265924 -0.361408 0.010301 -0.932139 0.019846
1733733825.085749626159668 -4625356.709525 2562316.535980 -1693391.556215 -0.341476 0.223462 -0.726700 -0.552600
1733733825.185748338699341 -4664728.191825 2585792.299419 -1727535.219323 -0.177407 0.344248 -0.213205 -0.896975
1733733825.285747528076172 -4704418.402412 2609517.714075 -1762037.226484 0.061085 0.319441 0.388971 -0.861932
1733733825.385746240615845 -4788133.991499 2518060.673012 -1531332.908895 0.274139 0.159647 0.827786 -0.462743
1733733825.485745429992676 -4783048.222040 2657119.279617 -1831894.752701 0.371239 -0.067012 0.916870 0.130541
1733733825.585744380950928 -4822452.450410 2680734.524435 -1867374.846624 0.312278 -0.265304 0.620627 0.668520
1733733825.685743570327759 -4862066.793845 2704537.765895 -1903170.525233 0.123454 -0.352114 0.067231 0.925341
1733733825.785742521286011 -4900503.371120 2727673.650307 -1939367.519284 0.117611 0.292133 0.516146 -0.796504
1733733825.885741472244263 -4940813.074706 2752496.771591 -1975741.992578 -0.310286 -0.108477 -0.884646 0.330693
1733733825.985740184783936 -4980228.180010 2776269.471654 -2012556.582522 -0.371465 0.121801 -0.877772 -0.276938
1733733826.085739135742188 -5020147.229731 2800384.161259 -2049372.907018 -0.272555 0.301449 -0.491273 -0.770385
1733733826.185737848281860 -5059229.360180 2824432.017644 -2087131.135070 -0.057800 0.350421 0.102069 -0.929218
1733733826.285736799240112 -5098479.554052 2848458.065022 -2124924.403748 0.181444 0.250233 0.651818 -0.692528
1733733826.385735750198364 -5137925.599412 2872396.608685 -2163081.810881 0.343416 0.043643 0.924162 -0.161509
1733733826.485734939575195 -5177494.320764 2896573.168787 -2201541.069609 0.359287 -0.181897 0.802975 0.439383
1733733826.585733652114868 -5216922.535185 2920978.102911 -2240244.818608 0.221539 -0.329877 0.338474 0.852958
1733733826.685733079910278 15040.121999 388193.773069 2154428.748224 -0.010954 -0.336793 -0.270737 0.901749
1733733826.785733938217163 -5295591.590162 2969148.132010 -2318947.917391 -0.238613 -0.199738 -0.764142 0.565027
1733733826.885732650756836 -5335164.241377 2993504.164066 -2358739.247888 -0.364263 0.022333 -0.930949 -0.012155
1733733826.985731840133667 -5374502.001494 3017974.519023 -2398858.528395 -0.335151 0.234232 -0.702678 -0.582282
1733733827.085730552673340 -5413773.233297 3042240.878785 -2439338.466306 -0.163608 0.347228 -0.175358 -0.906595
1733733827.185729742050171 -4826540.133483 2680613.453103 -1954840.967040 0.078740 0.311938 0.429291 -0.843922
1733733827.285728693008423 -5492312.927717 3091147.795208 -2521271.324107 0.286707 0.143419 0.848621 -0.420798
1733733827.385727643966675 -5531353.498297 3115497.940588 -2562758.043453 0.372365 -0.086899 0.905591 0.183569
1733733827.485726833343506 -5570624.733037 3139771.637178 -2604589.754271 0.298383 -0.279906 0.574196 0.709168
1733733827.585725307464600 -5610003.035359 3164312.529431 -2646727.491060 0.097321 -0.352919 -0.001283 0.930578
1733733827.685724258422852 -35692635.889389 30091648.004763 -41975916.763676 -0.144480 -0.276082 -0.574591 0.756802
1733733827.785723209381104 -5688217.632163 3213453.929313 -2732017.399128 -0.325843 -0.081030 -0.905509 0.259450
1733733827.885722160339355 -5727525.430124 3237892.609002 -2775181.745676 -0.367859 0.148052 -0.849761 -0.347371
1733733827.985721111297607 -5766901.068237 3262552.710535 -2818659.403393 -0.253052 0.314327 -0.431485 -0.806836
1733733828.085720062255859 -5808390.959766 3283520.794509 -2867517.916452 -0.029548 0.346223 0.172622 -0.921661
1733733828.185719251632690 -5845158.713116 3311856.503889 -2906634.937952 0.205291 0.230796 0.699998 -0.643888
1733733828.285718202590942 -5884521.422863 3336451.147791 -2951133.585281 0.352984 0.018099 0.930661 -0.094575
1733733828.385717153549194 -5923883.362135 3361283.481069 -2995944.420887 0.351652 -0.202476 0.768135 0.495290
1733733828.485716104507446 -5961624.986153 3383827.538431 -3044241.696933 0.199947 -0.337967 0.276407 0.877154
1733733828.585715055465698 -6002141.416674 3410792.334108 -3086601.197686 -0.036692 -0.328639 -0.332166 0.883355
1733733828.685713768005371 -6041531.420005 3435507.954830 -3132438.139847 -0.258526 -0.178246 -0.800530 0.510435
1733733828.785712718963623 -6080881.227982 3460505.190107 -3178582.984362 -0.369028 0.048439 -0.924587 -0.081309
1733733828.885711669921875 -6119986.675639 3485483.921153 -3225070.047442 -0.321637 0.253865 -0.653448 -0.636481
1733733828.985710620880127 -6159143.121602 3510106.558235 -3272095.408407 -0.137839 0.351014 -0.105706 -0.920118
1733733829.085709571838379 -5324693.984065 3397257.754949 -2231328.326024 0.105429 0.298881 0.489217 -0.812540
1733733829.185708761215210 -6237923.417666 3560286.957566 -3366567.666470 0.303555 0.119169 0.874880 -0.358104
1733733829.285707712173462 -6277022.855623 3585384.740148 -3414393.672951 0.372073 -0.111913 0.886704 0.250586
1733733829.385706663131714 -6316225.696780 3610281.996840 -3462578.346405 0.280907 -0.295161 0.517755 0.752264
1733733829.485705614089966 -6355664.263895 3635326.976010 -3511082.762091 0.070644 -0.351697 -0.069637 0.930843
1733733829.585704565048218 -6397701.861037 3660851.973591 -3562598.275465 -0.169071 -0.259354 -0.626413 0.715372
1733733829.685703277587891 -6434087.367992 3685852.772615 -3609062.266847 -0.337457 -0.057254 -0.918691 0.197108
1733733829.785702228546143 -6473325.241592 3710892.319114 -3658582.965611 -0.362713 0.170587 -0.820104 -0.408374
1733733829.885701179504395 -6512667.859305 3736018.256130 -3708576.569123 -0.232655 0.325064 -0.370861 -0.838252
1733733829.985700130462646 -6552077.119256 3761558.109077 -3758572.100848 -0.002853 0.340514 0.237788 -0.909670
1733733830.085699081420898 -6591197.899238 3786899.168578 -3809075.017487 0.226515 0.211576 0.741427 -0.595157
1733733830.185698270797729 -6630487.999653 3812095.595489 -3859930.085563 0.360017 -0.005099 0.932337 -0.033306
1733733830.285696983337402 -6669956.776270 3837498.855834 -3911098.773537 0.344065 -0.218423 0.737217 0.538909
1733733830.385696172714233 -6709253.282493 3863109.998793 -3962582.478248 0.186005 -0.342019 0.237442 0.889970
1733733830.485695123672485 -7171111.100268 3569798.231124 -3521382.494513 -0.049824 -0.323937 -0.362708 0.872367
1733733830.585694074630737 -6787709.148636 3913917.242981 -4066616.477888 -0.265063 -0.170794 -0.811978 0.491185
1733733830.685692787170410 -6827001.798079 3939384.186850 -4119131.656921 -0.369915 0.054425 -0.922327 -0.097541
1733733830.785692453384399 -6866129.551641 3964717.970809 -4172001.223550 -0.319790 0.256008 -0.647101 -0.643004
1733733830.885691165924072 -6905426.100721 3989880.553340 -4225225.077421 -0.136394 0.351004 -0.102174 -0.920735
1733733830.985690116882324 -6944806.198897 4015243.395877 -4278653.807684 0.103123 0.300114 0.483679 -0.815691
1733733831.085689306259155 -6984257.002354 4040826.324396 -4332617.679383 0.301612 0.122391 0.871729 -0.366249
1733733831.185688257217407 -7023400.742256 4066281.014925 -4386825.365720 0.372350 -0.107173 0.890562 0.238262
1733733831.285686969757080 -7062711.343451 4091576.698480 -4441401.566495 0.285237 -0.291486 0.531713 0.742265
1733733831.385685920715332 -7102232.059210 4117103.545297 -4496258.577198 0.076111 -0.352043 -0.055274 0.931245
1733733831.485685110092163 -7144510.746599 4143479.778729 -4554161.401145 -0.164027 -0.263073 -0.615563 0.724548
1733733831.585683822631836 -7180713.936685 4168402.630442 -4606995.416616 -0.334955 -0.062950 -0.915979 0.211718
1733733831.685682535171509 -7220074.178572 4193855.763289 -4662890.700087 -0.364225 0.164416 -0.828496 -0.392304
1733733831.785681486129761 -7260828.083091 4221148.698335 -4716863.672938 -0.237475 0.322602 -0.385356 -0.831285
1733733831.885680437088013 -7298887.826031 4245378.262389 -4775627.901235 -0.008843 0.341993 0.222820 -0.912860
1733733831.985679388046265 11470973.931442 -3057053.460006 10018512.613483 0.224477 0.213619 0.737513 -0.600043
1733733832.085678339004517 -7377470.852790 4296651.432638 -4889745.882194 0.360076 -0.005126 0.932322 -0.033077
1733733832.185677051544189 -7416962.712649 4322513.609270 -4947285.340371 0.342112 -0.222092 0.729463 0.549106
1733733832.285676479339600 -7455906.268085 4347865.474721 -5006034.907226 0.178844 -0.343883 0.217482 0.895802
1733733832.385675191879272 -7495426.472665 4374279.117005 -5063378.897834 -0.061027 -0.319554 -0.388590 0.862067
1733733832.485674381256104 -7535052.307288 4400268.786697 -5122174.418658 -0.275335 -0.158343 -0.829654 0.459121
1733733832.585673093795776 -7574354.414578 4426081.235959 -5180815.748999 -0.371564 0.070713 -0.914984 -0.140514
1733733832.685671806335449 -7613599.129415 4452190.622291 -5240020.430624 -0.308121 0.269922 -0.606583 -0.681367
1733733832.785670757293701 -8277770.757807 4600174.553672 -6121448.167061 -0.114074 0.352574 -0.042733 -0.927821
1733733832.885669708251953 -7692308.173634 4504007.353767 -5359485.310524 0.127946 0.286292 0.538514 -0.782093
1733733832.985668659210205 -18850150.640920 33343174.846654 -49699929.057011 0.315833 0.099381 0.892305 -0.306863
1733733833.085667610168457 -7771033.110124 4556462.156264 -5480232.734473 0.370546 -0.130756 0.868805 0.301291
1733733833.185666561126709 -7812347.706461 4583918.253217 -5538376.665795 0.267325 -0.305095 0.475115 0.780846
1733733833.285665273666382 -7849798.208722 4608567.818867 -5602369.162620 0.049653 -0.349361 -0.122419 0.927629
1733733833.385664463043213 -7888844.394642 4634824.529215 -5663555.015017 -0.189495 -0.243958 -0.668060 0.676958
1733733833.485663414001465 -7928514.419189 4661308.484798 -5725789.338628 -0.346792 -0.035379 -0.926806 0.139695
1733733833.585662364959717 -7967801.105903 4687460.660951 -5788030.514852 -0.357322 0.187583 -0.793774 -0.455034
1733733833.685661315917969 -8006706.810803 4712700.453023 -5851938.885599 -0.216680 0.331814 -0.324422 -0.858894
1733733833.785660028457642 -8046811.594607 4740216.416306 -5913473.558019 0.016658 0.335154 0.284331 -0.898081
1733733833.885658979415894 -2028030030.517044 1014969023.806761 -2634105850.234257 0.242172 0.196214 0.770499 -0.556043
1733733833.985657930374146 -8125375.328486 4792974.118098 -6040272.533348 0.364945 -0.025246 0.930473 0.019928
1733733834.085656642913818 -8164935.597048 4819381.811519 -6104172.980306 0.334311 -0.235464 0.699645 0.585910
1733733834.185655593872070 -8204484.842922 4845974.167781 -6168261.966602 0.164395 -0.346989 0.177637 0.906100
1733733834.285654544830322 -8244007.147471 4872119.780034 -6232996.798904 -0.072993 -0.314483 -0.416103 0.850077
1733733834.385653495788574 -8283499.283762 4898033.537918 -6297524.116401 -0.281197 -0.150896 -0.839451 0.439865
1733733834.485652685165405 -8323501.516606 4925086.620867 -6363143.814563 -0.372010 0.077587 -0.911221 -0.158950
1733733834.585651636123657 -8363094.194928 4951727.863806 -6428611.229371 -0.304838 0.273355 -0.595789 -0.690932
1733733834.685650587081909 -8402563.413792 4978087.059315 -6494642.816392 -0.105628 0.352848 -0.020526 -0.929473
1733733834.785649538040161 -8445240.395502 5004844.705389 -6563541.862191 0.137104 0.280722 0.558594 -0.768356
1733733834.885648250579834 -8482071.365167 5031401.389689 -6627455.201354 0.321359 0.089438 0.899831 -0.281130
1733733834.985646963119507 -8521546.216719 5058152.686518 -6694360.631925 0.369266 -0.139678 0.859354 0.325029
1733733835.085645914077759 -8561098.665669 5084686.853525 -6761658.876478 0.259635 -0.310265 0.451471 0.795298
1733733835.185644865036011 -8587819.015610 5110527.777556 -6801825.714365 0.039199 -0.347919 -0.148656 0.924834
1733733835.285643815994263 -8640633.951803 5138333.882529 -6897106.758689 -0.198361 -0.236692 -0.686151 0.658656
1733733835.385642528533936 -8680114.462019 5165204.931351 -6965350.921565 -0.351130 -0.023386 -0.929719 0.108547
1733733835.485641717910767 -8719725.351235 5191891.721616 -7033952.108785 -0.353161 0.198796 -0.774824 -0.485186
1733733835.585640907287598 -8760247.736145 5220444.417351 -7100954.390131 -0.205074 0.336184 -0.290814 -0.871982
1733733835.685639858245850 -8799242.147566 5245848.177601 -7172102.145498 0.030094 0.330839 0.316839 -0.888399
1733733835.785638570785522 -8838774.191212 5272869.754225 -7241725.324405 0.253839 0.183532 0.792022 -0.524007
1733733835.885637521743774 -8878357.138285 5299684.981147 -7311620.466471 0.368106 -0.041975 0.926642 0.063803
1733733835.985636472702026 -8918154.090668 5326738.816474 -7381869.685499 0.325078 -0.249389 0.665389 0.624009
1733733836.085635185241699 -8957869.547748 5355333.353280 -7450913.957926 0.142397 -0.350378 0.117786 0.918197
1733733836.185634136199951 -8997247.663100 5381106.651418 -7523358.238257 -0.100490 -0.301366 -0.478263 0.818746
1733733836.285632848739624 -9036924.976860 5408126.577746 -7594647.079911 -0.300320 -0.124088 -0.869987 0.370854
1733733836.385632038116455 -9076720.378684 5435339.800957 -7666209.806604 -0.372452 0.106773 -0.890953 -0.236814
1733733836.485630989074707 -9116293.501165 5462723.898976 -7738145.833048 -0.282764 0.293747 -0.523454 -0.748166
1733733836.585630178451538 633677.435445 2712169.284377 6252713.049407 -0.069288 0.351579 0.073100 -0.930724
1733733836.685628890991211 -9195534.470939 5517108.508701 -7882980.159498 0.175079 0.255029 0.638668 -0.704564
1733733836.785625219345093 -9235331.734429 5544528.216769 -7955891.300081 0.343107 0.044398 0.923899 -0.163456
1733733836.885623931884766 -9274889.554076 5572051.120585 -8029133.258396 0.358257 -0.185065 0.798050 0.447793
1733733836.985622882843018 -9314401.113246 5599363.730424 -8102733.084159 0.214499 -0.332847 0.317968 0.861452
1733733837.085621833801270 -9879144935097417728.000000 -1458438155415592960.000000 -18217612177339047936.000000 -0.024832 -0.332717 -0.304013 0.892333
1733733837.185620784759521 -9393953.195965 5654280.504195 -8250920.504755 -0.253088 -0.184563 -0.790591 0.526165
1733733837.285619735717773 -9433486.330269 5681922.047508 -8325501.832080 -0.368813 0.046328 -0.925257 -0.075701
1733733837.385618686676025 -9473035.960861 5709345.149263 -8400444.605184 -0.319288 0.256959 -0.644968 -0.645014
1733733837.485617876052856 -9512841.310091 5736838.527673 -8475715.532129 -0.124750 0.352197 -0.070847 -0.924865
1733733837.585616827011108 -9552594.487261 5764614.356809 -8551294.129159 0.125887 0.287624 0.534238 -0.784866
1733733837.685615539550781 -9592108.883949 5792352.693912 -8627216.740082 0.319151 0.093468 0.896943 -0.291374
1733733837.785614490509033 -9631719.011543 5819896.043578 -8703497.727797 0.368475 -0.144499 0.853861 0.338034
1733733837.885613441467285 -9671554.039581 5847586.403701 -8780098.698916 0.250622 -0.315764 0.424406 0.810778
1733733837.985612154006958 -9711262.631690 5875520.558448 -8857012.211538 0.017750 -0.344104 -0.201315 0.916924
1733733838.085611104965210 -9750780.383744 5903344.761455 -8934277.500430 -0.223684 -0.214536 -0.735750 0.602172
1733733838.185610055923462 -9790428.788052 5931048.107218 -9011892.600964 -0.362338 0.014137 -0.931892 0.009429
1733733838.285609006881714 -9830233.861072 5958969.725260 -9089820.570651 -0.334695 0.235139 -0.700782 -0.584460
1733733838.385607719421387 -9869895.505271 5987010.264388 -9168095.318369 -0.153526 0.349075 -0.147752 -0.912549
1733733838.485606908798218 -9909344.607187 6014987.116768 -9246676.124733 0.098522 0.302591 0.473896 -0.821069
1733733838.585605621337891 -9949086.573424 6042752.459831 -9325599.212677 0.304677 0.117454 0.876544 -0.353621
1733733838.685604810714722 -9988865.358100 6070984.700468 -9404881.866583 0.371422 -0.121795 0.877821 0.276844
1733733838.785603761672974 -10028427.502555 6099199.744300 -9484470.073357 0.267172 -0.305434 0.474576 0.781093
1733733838.885602712631226 -10067933.097896 6127229.347519 -9564390.414052 0.038522 -0.347873 -0.150447 0.924590
1733733838.985601663589478 -14203776.335339 16130162.450484 -21592013.802686 -0.206671 -0.229737 -0.702591 0.640994
1733733839.085600376129150 -10147530.883801 6183586.963324 -9725286.157567 -0.356927 -0.006109 -0.931980 0.063080
1733733839.185599088668823 -10187054.718746 6211904.754773 -9806215.157637 -0.343407 0.220192 -0.733773 -0.543290
1733733839.285598039627075 -10226662.870346 6240072.622396 -9887457.845260 -0.172771 0.345451 -0.200188 -0.900410
1733733839.385596990585327 -9488250.036417 5634623.914436 -8863593.801089 0.077564 0.312484 0.426672 -0.845156
1733733839.485595941543579 -10306223.952352 6296764.759590 -10051035.039272 0.292234 0.135851 0.857372 -0.401318
1733733839.585594892501831 -10345739.399557 6325171.859917 -10133306.440117 0.372538 -0.103530 0.893619 0.227907
1733733839.685594081878662 -10385410.144790 6353413.619321 -10215932.242742 0.281505 -0.294819 0.519259 0.751137
1733733839.785593032836914 -10425275.211578 6381859.144187 -10298872.334062 0.060853 -0.350820 -0.094456 0.929677
1733733839.885591983795166 -10464974.643241 6410754.353644 -10382264.339597 -0.187132 -0.245924 -0.663202 0.681665
1733733839.985590934753418 -10504488.049643 6439002.272980 -10465743.520612 -0.349707 -0.028049 -0.928638 0.120621
1733733840.085589647293091 -10544233.077324 6467398.592236 -10549703.510550 -0.351446 0.203215 -0.766818 -0.497172
1733733840.185588598251343 -10584073.189362 6496084.049180 -10633955.773837 -0.190684 0.340807 -0.250073 -0.885976
1733733840.285587310791016 -9382056.886113 5416020.629171 -8799699.682497 0.057881 0.320781 0.381340 -0.865060
1733733840.385586261749268 -10663298.613848 6553394.357165 -10803525.713976 0.279162 0.153657 0.835829 -0.447043
1733733840.485585212707520 -10703115.449952 6581969.679457 -10888817.600485 0.372504 -0.083832 0.907395 0.175632
1733733840.585584163665771 -10742945.750870 6610819.029525 -10974417.640235 0.295383 -0.282854 0.563926 0.717447
1733733840.685583114624023 -10782431.156013 6639794.574304 -11060171.537707 0.083605 -0.352485 -0.035575 0.931396
1733733840.785581111907959 -10072653.964563 6131365.166278 -10910761.092886 -0.165888 -0.261799 -0.619301 0.721394
1733733840.885580062866211 -10862045.859443 6697131.469442 -11233273.834240 -0.340278 -0.051417 -0.921153 0.181782
1733733840.985579013824463 -10901830.594486 6726125.852630 -11320210.386589 -0.359999 0.179941 -0.805947 -0.434133
1733733841.085577726364136 -10941398.285757 6755075.363307 -11407454.950987 -0.219633 0.330692 -0.332823 -0.855356
1733733841.185576915740967 -10311673.602028 6377090.741911 -9080882.816866 0.014514 0.335800 0.279204 -0.899485
1733733841.285575628280640 -11021018.441222 6812806.456800 -11583081.764382 0.241562 0.196862 0.769312 -0.557721
1733733841.385574579238892 -11060800.380282 6842019.913908 -11671346.400708 0.365102 -0.025601 0.930379 0.020966
1733733841.485573530197144 -11100378.325187 6871117.753926 -11759963.411607 0.333571 -0.236706 0.696595 0.589454
1733733841.585572242736816 -11140125.662721 6900057.535031 -11848933.615774 0.160930 -0.347569 0.167977 0.908340
1733733841.685571193695068 -11180807.668098 6929282.824071 -11939160.978142 -0.079546 -0.311213 -0.430951 0.843268
1733733841.785569906234741 11747925425375.994141 -2075689310089.583984 75482223664442.250000 0.286146 0.144206 0.847556 -0.423053
1733733841.885568618774414 -11259453.979458 6987808.592373 -12117770.281533 -0.372417 0.084383 -0.907142 -0.176859
1733733841.985567331314087 -11299233.782548 7016897.638821 -12208075.763529 -0.299808 0.278626 -0.578432 -0.705620
1733733842.085566282272339 -11339214.635400 7046123.405714 -12298714.788657 -0.099132 0.352855 -0.003499 -0.930405
1733733842.185564994812012 -14856332.912340 6075014.376435 -8513312.737013 0.144734 0.275868 0.574898 -0.756599
1733733842.285563945770264 -11418613.838881 7104969.754268 -12480932.674152 0.325701 0.081427 0.905238 -0.260447
1733733842.385562658309937 -11458451.826011 7134180.175921 -12572576.187210 0.367970 -0.147906 0.849739 0.347369
1733733842.485561609268188 -11498471.972327 7163663.501578 -12664475.830149 0.253934 -0.313663 0.433918 0.805511
1733733842.585560798645020 -20682547862.255451 850647555.990803 -22270436318.351284 0.031035 -0.346432 -0.168776 0.922245
1733733842.685559749603271 -11577846.486401 7222679.277681 -12849442.391503 -0.205039 -0.231072 -0.699184 0.644753
1733733842.785558462142944 -11617742.172103 7252051.886061 -12942421.132674 -0.353664 -0.016475 -0.930846 0.090417
1733733842.885557174682617 -11657700.431679 7281683.105849 -13035705.994906 -0.350091 0.206017 -0.761414 -0.505214
1733733842.985556125640869 -11697459.651438 7311442.427236 -13129291.603767 -0.197040 0.338704 -0.268397 -0.880010
1733733843.085554838180542 -11399112.569105 7573600.037671 -13176068.174866 0.039425 0.327720 0.338159 -0.881303
1733733843.185553789138794 -11777043.606812 7370541.893576 -13317602.186908 0.259146 0.177843 0.801253 -0.509126
1733733843.285552501678467 -11809479.348421 7397464.234749 -13418364.484787 0.369231 -0.048688 0.924424 0.082086
1733733843.385551214218140 -11856691.068129 7430302.588010 -13507165.143411 0.321411 -0.254081 0.652421 0.637562
1733733843.485550165176392 -11896863.379010 7459357.036499 -13602502.482921 0.130805 -0.347741 0.098982 0.923130
1733733843.585549116134644 -11936324.537904 7489729.220334 -13698116.552140 -0.107643 -0.297624 -0.494045 0.809786
1733733843.685547828674316 -11854296.983220 6538967.377741 -12787069.949186 -0.304118 -0.118322 -0.875638 0.356048
1733733843.785546779632568 -12015956.068584 7549790.078260 -13890350.803930 -0.372211 0.110395 -0.887972 -0.246532
1733733843.885545492172241 -12055669.870244 7579611.122311 -13986994.279844 -0.283280 0.293223 -0.525222 -0.746937
1733733843.985544443130493 -12167022.885250 7324364.387049 -14870818.570575 -0.074976 0.351965 0.058441 -0.931174
1733733844.085543394088745 -11989003.183872 7461849.795493 -13055242.151051 0.163870 0.263106 0.615330 -0.724770
1733733844.185542345046997 -12102806.228938 7626304.024675 -14239598.847151 0.333924 0.064971 0.914884 -0.217398
1733733844.285541057586670 -12215008.732592 7699790.478968 -14376867.135347 0.365335 -0.160342 0.834041 0.381047
1733733844.385540008544922 -12254999.428728 7729831.426158 -14475178.109134 0.245579 -0.318322 0.408849 0.819271
1733733844.485538959503174 -12294899.782599 7760224.046792 -14573732.731606 0.025738 -0.345345 -0.182031 0.920293
1733733844.585537672042847 -10698531.109450 6630530.827158 -13123273.775828 -0.206228 -0.229985 -0.701592 0.642142
1733733844.685536623001099 -12374404.144871 7820557.875138 -14772078.505993 -0.353084 -0.018155 -0.930596 0.094835
1733733844.785535097122192 -12414408.972243 7850766.095620 -14871722.507057 -0.352102 0.201445 -0.769934 -0.492592
1733733844.885534048080444 -12454392.883005 7881148.826546 -14971339.172426 -0.201027 0.337440 -0.279290 -0.876196
1733733844.985532760620117 11638117.127143 -22904593.178889 14651863.077893 0.035653 0.328886 0.329420 -0.884333
1733733845.085531711578369 -7396401.246195 1412792.787260 -8784668.625729 0.256850 0.180355 0.797138 -0.515821
1733733845.185530424118042 -12574011.775552 7972353.303266 -15273601.567901 0.368705 -0.044601 0.925738 0.071249
1733733845.285529375076294 -12613962.927925 8003009.893485 -15374887.693372 0.323554 -0.251379 0.659759 0.629952
1733733845.385528326034546 -12653683.133421 8034098.229056 -15476135.884897 0.140202 -0.350552 0.111929 0.919200
1733733845.485527038574219 57068109.976175 15075059.083219 62422641.548166 -0.103872 -0.299536 -0.485551 0.814695
1733733845.585526227951050 -12733712.662301 8094550.819209 -15680821.139452 -0.303097 -0.119868 -0.874106 0.360144
1733733845.685524940490723 96033085.739210 103905629.022110 -159331042.742234 -0.372226 0.110624 -0.887753 -0.247193
1733733845.785523891448975 -12813392.550174 8156031.190971 -15886418.559331 -0.283060 0.293404 -0.524421 -0.747512
1733733845.885522842407227 -12853319.369693 8186495.427676 -15989802.228919 -0.073603 0.351855 0.062015 -0.931093
1733733845.985521554946899 -11781232.545277 7719676.477111 -15069764.494943 0.168527 0.259803 0.624959 -0.716608
1733733846.085520505905151 -12933350.871192 8248286.477561 -16197341.447494 0.338037 0.056341 0.919040 -0.194734
1733733846.185519218444824 -12973108.139922 8279076.692351 -16301656.130572 0.362430 -0.171597 0.818444 0.411519
1733733846.285517930984497 -13013086.562410 8309761.755977 -16406303.064602 0.232128 -0.325163 0.369029 0.839168
1733733846.385516643524170 115210183294.007935 131935469584.039551 209498096237.274017 0.003663 -0.340533 -0.235855 0.910163
1733733846.485515594482422 -13093099.024533 8371795.938658 -16616583.349172 -0.225964 -0.212109 -0.740085 0.596845
1733733846.585514545440674 -20223562.990847 -9402931.439105 -2315691.035324 -0.360818 0.007487 -0.932207 0.027270
1733733846.685513257980347 -13172896.456459 8433556.530137 -16828232.198334 -0.341406 0.223664 -0.726184 -0.553239
1733733846.785512208938599 -120539791218985.281250 -35633675302995.320312 -57762344549224.843750 -0.128559 0.350913 -0.229926 -0.898592
1733733846.885510921478271 -13252902.731267 8495893.977406 -17041168.295058 0.065384 0.317589 0.398721 -0.857837
1733733846.985510110855103 -5030514.181495 4146506.111780 -24570391.381096 0.277696 0.155272 0.833563 -0.451607
1733733847.085508823394775 -13332770.866376 8557963.901864 -17255486.684354 0.371816 -0.072569 0.913965 0.145442
1733733847.185507774353027 -13372874.240008 8589257.790461 -17363128.025643 0.308292 -0.269779 0.606755 0.681193
1733733847.285506486892700 -13412768.524998 8620626.152938 -17471091.157751 0.112501 -0.352684 0.038502 0.928157
1733733847.385505437850952 -13452622.917189 8651791.662657 -17579406.301566 -0.131346 -0.284184 -0.546004 0.777089
1733733847.485504388809204 -11304296.655994 3133101.167608 -17416266.493995 -0.318935 -0.093949 -0.896465 0.292924
1733733847.585503101348877 -13532860.579923 8714444.547228 -17797050.637002 -0.369807 0.135911 -0.863340 -0.315302
1733733847.685501813888550 -13572730.887275 8745936.185309 -17906357.298166 -0.263654 0.307536 -0.463968 -0.787808
1733733847.785500526428223 -13612673.802924 8777317.331049 -18015934.474296 -0.046576 0.348758 0.129827 -0.927008
1733733847.885499477386475 -7885645.798894 5153024.114288 -13520752.195086 0.191114 0.242719 0.671308 -0.673728
1733733847.985498428344727 -13692936.249394 8840262.521199 -18236315.880891 0.347942 0.032498 0.927589 -0.132134
1733733848.085497140884399 -13732802.687109 8871891.349219 -18346959.493558 0.355896 -0.191594 0.787117 0.465914
1733733848.185496091842651 -13684959.599453 8838329.863738 -18454143.875126 -0.142798 -0.519548 0.469157 0.699693
1733733848.285494804382324 -13812918.873546 8934830.468244 -18569291.573172 -0.021402 -0.333620 -0.295821 0.894835
1733733848.385493516921997 -9756634.563767 6763426.599412 -14566265.845230 -0.245106 -0.193014 -0.776051 0.548100
1733733848.485492944717407 -13892893.194551 8998392.099773 -18792909.875722 -0.365586 0.028193 -0.929941 -0.027611
1733733848.585491657257080 -13932844.687890 9029943.804425 -18905250.662519 -0.332182 0.239022 -0.691243 -0.595572
1733733848.685490608215332 -13932641.814399 9052072.358177 -19011924.632251 0.158281 -0.348088 0.160807 0.909903
1733733848.785489320755005 -10094252.397910 10833893.794203 -15677057.802126 0.082476 0.310122 0.437672 -0.839920
1733733848.885488033294678 -14053024.735284 9125455.410447 -19244205.171304 0.288252 0.141281 0.851033 -0.415564
1733733848.985486984252930 -129395361189120352.000000 -240516036196601024.000000 -163568496777823360.000000 0.372460 -0.086387 0.905855 0.182309
1733733849.085485935211182 -14133254.428507 9188998.979355 -19471877.936924 0.301411 -0.276896 0.583911 0.701091
1733733849.185484409332275 -14173372.775230 9221082.196822 -19586186.884293 0.105256 -0.352749 0.019475 0.929575
1733733849.285483360290527 -14213195.387695 9253089.586924 -19700798.497238 -0.135938 -0.281374 -0.556155 0.770092
1733733849.385482072830200 -14254156.366643 9286726.271381 -19816875.290131 -0.319447 -0.093010 -0.897134 0.290609
1733733849.485481023788452 -14293622.886654 9316894.924962 -19931191.169587 -0.370148 0.133433 -0.865904 -0.308863
1733733849.585479974746704 -14333755.166857 9349089.629359 -20046840.226891 -0.268232 0.304332 -0.478131 -0.778989
1733733849.685478687286377 -9508375.669478 16262414.312432 -12595368.560617 -0.054726 0.350034 0.109609 -0.928691
1733733849.785477638244629 -14413835.738127 9413074.731704 -20279197.356890 0.180622 0.250935 0.649861 -0.694325
1733733849.885476350784302 -10471855.782619 17052440.329688 -26829795.365261 0.343100 0.043898 0.923382 -0.166497
1733733849.985475540161133 -14492708.658198 9479329.171931 -20514880.372355 0.360060 -0.179496 0.806633 0.432991
1733733850.085474252700806 -14534233.777987 9509726.655799 -20630192.150772 0.224490 -0.328568 0.347116 0.849210
1733733850.185473203659058 -14572531.515871 9542640.463532 -20748250.992604 -0.004207 -0.343264 -0.268740 0.899962
1733733850.285472154617310 7187971.888665 -4652232.301514 -5490320.527523 -0.237802 -0.200565 -0.762501 0.567289
1733733850.385470867156982 -14654825.190996 9606579.013824 -20984204.779517 -0.364042 0.020958 -0.931108 -0.008467
1733733850.485469818115234 -14694799.187876 9638878.354855 -21102885.428062 -0.335469 0.233804 -0.703569 -0.581194
1733733850.585468530654907 -14283167.018178 84223169.242165 48322084.716983 -0.162497 0.347352 -0.172265 -0.907340
1733733850.685467243194580 -14775323.688525 9703565.867183 -21341244.906099 0.080422 0.311103 0.432991 -0.842180
1733733850.785466194152832 -13296515.220865 9671854.620770 -23041039.141844 0.289032 0.139711 0.852419 -0.412701
1733733850.885464906692505 -142010349.203533 -119664775.731082 89874644.181585 0.372564 -0.090439 0.903167 0.193147
1733733850.985463619232178 -14895601.103465 9800990.571500 -21701281.127429 0.295653 -0.282491 0.564887 0.716722
1733733851.085462570190430 -14935893.828517 9832522.606210 -21822216.165988 0.087269 -0.352640 -0.013844 0.931578
1733733851.185461521148682 2887317.174729 -2923387.377871 713386.499097 -0.152640 -0.270790 -0.591501 0.743976
1733733851.285460233688354 -15015903.007260 9898909.199162 -22064305.378273 -0.331022 -0.071276 -0.911396 0.233882
1733733851.385459423065186 -8715021.730115 9814814.565651 -23889806.782272 -0.365700 0.159433 -0.834955 -0.379072
1733733851.485458135604858 -31016169479036919808.000000 103107457146980532224.000000 64042510136128774144.000000 0.239963 -0.321376 0.392134 0.827868
1733733851.585457086563110 -15136468.700936 9997099.851047 -22430339.394532 -0.011908 0.342507 0.215745 -0.914331
1733733851.685456037521362 -15176576.605463 10029819.244260 -22552985.735028 0.220772 0.216730 0.730066 -0.609337
1733733851.785454750061035 -20083507.815987 -23505686.332385 1813378.867014 0.358879 -0.000461 0.932262 -0.045760
1733733851.885453701019287 -15257188.303475 10095433.919183 -22799397.515539 0.344282 -0.218279 0.737553 0.538367
1733733851.985452413558960 -15297273.370447 10128390.579814 -22923059.150361 0.182558 -0.342753 0.227718 0.892937
1733733852.085451126098633 4276072.165515 22298898.299052 -4113644.797838 -0.057650 -0.320766 -0.380952 0.865252
1733733852.185449838638306 -15377673.431896 10194071.171571 -23171465.889565 -0.272893 -0.161264 -0.825547 0.466900
1733733852.285448789596558 -12536886.615529 12398290.381857 -25900468.406561 -0.370936 0.066762 -0.917074 -0.130093
1733733852.385447502136230 5357129854.023520 -3603362328.280730 -6582680291.646200 -0.311964 0.265732 -0.619471 -0.669568
1733733852.485446453094482 -15497910.781473 10293289.925343 -23546515.606733 -0.119737 0.352391 -0.057417 -0.926384
1733733852.585445404052734 -15538308.186536 10326476.238966 -23672134.092216 0.123905 0.288092 0.529892 -0.787950
1733733852.685444116592407 -4624892.600019 -30602540.534948 3236886.506780 0.314648 0.101257 0.890776 -0.311870
1733733852.785443067550659 -15618363.724962 10392929.525274 -23924559.199057 0.370619 -0.129925 0.869706 0.298953
1733733852.885442256927490 -15658476.288882 10425984.646472 -24051267.488652 0.268303 -0.304423 0.478048 0.778980
1733733852.985440969467163 -15698707.396055 10459202.904899 -24178286.926154 0.051906 -0.349945 -0.115890 0.928124
1733733853.085439682006836 -6803075689363652214784.000000 -458805165822429364224.000000 -5688531814317337608192.000000 -0.186485 -0.246262 -0.661891 0.682992
1733733853.185438632965088 -15778943.769113 10526085.085381 -24433315.910942 -0.345926 -0.037736 -0.926028 0.146232
1733733853.285437345504761 -145673664.537444 -81714357.969100 69911432.972030 -0.357710 0.187044 -0.794753 -0.453239
1733733853.385436296463013 -15859417.750331 10592754.059412 -24689710.138602 -0.215462 0.332239 -0.320493 -0.860510
1733733853.485435247421265 106741432.863749 111188746.746746 79100942.834435 0.017611 0.334739 0.286846 -0.897418
1733733853.585433721542358 -15939558.287758 10659884.963436 -24947408.895868 0.242954 0.195315 0.771966 -0.553980
1733733853.685432672500610 -15979751.606191 10693263.105270 -25076784.601251 0.365407 -0.026535 0.930169 0.023653
1733733853.785431623458862 -180913014.550646 87771065.479704 191310727.002013 0.332830 -0.238029 0.693467 0.593018
1733733853.885430335998535 -16060204.733460 10760625.010904 -25336483.385158 0.158039 -0.348005 0.160261 0.910073
1733733853.985429286956787 -16100272.565791 10794198.944529 -25466825.479219 -0.084617 -0.308928 -0.442035 0.837860
1733733854.085427999496460 43514856.889671 -230705206.118409 122008726.285998 -0.290747 -0.138018 -0.854812 0.407079
1733733854.185426950454712 -16180783.085760 10861506.917165 -25728584.562559 -0.372696 0.090991 -0.902734 -0.194655
1733733854.285425662994385 -4756901.372313 5839495.168564 -37192789.173642 -0.297193 0.281028 -0.569807 -0.712755
1733733854.385424852371216 -16260912.693729 10929105.638859 -25991640.500092 -0.096151 0.352697 0.004218 -0.930775
1733733854.485423803329468 -91077317.865827 -10232589.182981 -86162571.525699 0.146319 0.274835 0.578090 -0.754234
1733733854.585422515869141 -16341523.586052 10996726.337683 -26256040.824077 0.326663 0.079815 0.906231 -0.256254
1733733854.685421466827393 90530227.671221 -1046127.346510 -498230393.723808 0.367296 -0.149196 0.848907 0.349557
1733733854.785420179367065 -16421672.275149 11064582.256770 -26521771.900248 0.254546 -0.313141 0.435759 0.804527
1733733854.885419130325317 11957666216052623360.000000 22421080767818285056.000000 29141921080175173632.000000 0.035702 -0.347055 -0.157195 0.923887
1733733854.985417842864990 -16502350.935894 11132518.327926 -26788840.795324 -0.197425 -0.237428 -0.683820 0.661091
1733733855.085416555404663 -12022468.899724 -6384691.401973 -9477667.922957 -0.350008 -0.027304 -0.928771 0.118883
1733733855.185415506362915 -16582535.037039 11200654.612659 -27057244.688599 -0.355358 0.193576 -0.783628 -0.471356
1733733855.285414218902588 -16622055.234258 11233908.451214 -27192351.872611 -0.209168 0.334943 -0.311296 -0.864383
1733733855.385412931442261 50310763293.850365 24668982347.170689 52447721656.790894 0.021349 0.333454 0.295590 -0.894975
1733733855.485412120819092 -16703536.075504 11303184.060282 -27462342.849578 0.245438 0.192760 0.776340 -0.547631
1733733855.585410833358765 -32708713.121393 -17713867.845627 -5255835.856423 0.366000 -0.029236 0.929656 0.030495
1733733855.685409545898438 -16784499.067744 11372030.059747 -27734041.225519 0.332125 -0.239195 0.690322 0.596602
1733733855.785408735275269 -19786000.816123 -6389106.940437 -39238710.881296 0.156304 -0.348384 0.154196 0.911275
1733733855.885407447814941 -16865000.581730 11441042.577446 -28007078.589858 -0.087242 -0.307761 -0.448242 0.834716
1733733855.985406398773193 3516244.653274 -18715141.683397 -2053899.444334 -0.293689 -0.133850 -0.859483 0.396384
1733733856.085405349731445 -16945852.858937 11510289.266519 -28281438.881760 -0.372705 0.097035 -0.898462 -0.210813
1733733856.185404062271118 -10311618675.921223 4915890254.237140 4329568229.671207 -0.292127 0.285718 -0.553210 -0.725938
1733733856.285403013229370 -17026237.166689 11579598.629054 -28557148.383678 -0.087606 0.352515 0.026199 -0.931328
1733733856.385401725769043 -17066732.285795 11613533.555603 -28695470.615409 0.156887 0.270701 0.595946 -0.739564
1733733856.485400438308716 -25410705.497102 -19999819.005934 -15714751.527522 0.331651 0.070063 0.912073 -0.230697
1733733856.585399389266968 -17147269.906976 11684061.170131 -28973188.608912 0.365781 -0.158778 0.836033 0.376885
1733733856.685398101806641 -17187667.670605 11718685.041469 -29112525.915537 0.242363 -0.319396 0.399492 0.824410
1733733856.785397052764893 -30571247.178342 2168375.120111 -42264105.710048 0.016844 -0.343360 -0.204108 0.916603
1733733856.885395765304565 -17268409.810357 11788646.463838 -29392255.883126 -0.216005 -0.221335 -0.720784 0.620341
1733733856.985394716262817 -19078945.388266 -2592209.970435 -16205277.700563 -0.357158 -0.005479 -0.931998 0.061541
1733733857.085393428802490 -17348853.118010 11858470.776529 -29673316.026899 -0.346459 0.214109 -0.745841 -0.527110
1733733857.185392379760742 -17389381.759960 11893473.517761 -29814323.286933 -0.187389 0.341465 -0.240741 -0.889005
1733733857.285391569137573 54291399.080387 64869995.447442 46412694.253068 0.051612 0.323065 0.366873 -0.870844
1733733857.385390281677246 -17469936.593365 11963787.763309 -30097374.369869 0.269145 0.165820 0.818935 -0.478968
1733733857.485389232635498 -27335309.345024 -1515337.738048 -18259537.825978 0.370907 -0.061406 0.919396 0.115619
1733733857.585387945175171 -17550838.639951 12033900.878746 -30381778.143962 0.315167 -0.262055 0.629908 0.659707
1733733857.685386896133423 -17591254.267854 12069447.814132 -30524393.522524 0.125732 -0.351784 0.071362 0.924850
1733733857.785385847091675 28741276.303324 -43700345.497889 19628130.132732 -0.118569 -0.291501 -0.518097 0.795326
1733733857.885384559631348 -17671822.518900 12139604.961309 -30810864.312453 -0.311684 -0.106283 -0.886389 0.325380
1733733857.985383033752441 -70493018.897065 -54036839.043716 20243350.625892 -0.371374 0.124605 -0.874860 -0.284911
1733733858.085381984710693 -17752701.344912 12210471.324803 -31098565.755790 -0.272347 0.301611 -0.490065 -0.771164
1733733858.185380697250366 -259926077429435531264.000000 -348299852229856198656.000000 -450435825083549941760.000000 -0.057592 0.350160 0.102751 -0.929254
1733733858.285379648208618 -17833360.928686 12281077.342087 -31387649.725443 0.181256 0.250210 0.651101 -0.693260
1733733858.385378599166870 -21531348.218153 26363472.854811 -54012953.246014 0.343276 0.043060 0.924419 -0.160491
1733733858.485377311706543 -17914246.910200 12352218.851387 -31678025.149724 0.359507 -0.182098 0.802519 0.439952
1733733858.585376262664795 -17997392.471417 12387362.237690 -31804330.593888 0.240441 -0.184768 0.263504 0.915759
1733733858.685375452041626 -17994997.982534 12422993.359880 -31969794.264009 -0.010894 -0.336493 -0.270956 0.901796
1733733858.785374164581299 -18035560.003418 12458816.098653 -32116108.031390 -0.236853 -0.200689 -0.761214 0.569366
1733733858.885373115539551 -17776651.316147 19792943.365237 -31519212.216431 -0.363234 0.017082 -0.931539 0.002144
1733733858.985371828079224 -18116163.399700 12529926.659410 -32409897.029369 -0.339012 0.228038 -0.716480 -0.565443
1733733859.085370779037476 -20960332.556360 17961454.923289 -38796622.294214 -0.172368 0.344329 -0.200730 -0.900797
1733733859.185369491577148 -18197267.775660 12601241.834964 -32704982.703409 0.065640 0.317379 0.399382 -0.857587
1733733859.285368442535400 18984619.616058 -36039145.606199 2838136.211035 0.276244 0.157042 0.831050 -0.456489
1733733859.385367155075073 -18277891.184670 12672791.919782 -33001399.341561 0.371696 -0.070337 0.915164 0.139173
1733733859.485365867614746 -18327707.564936 12710812.052026 -33146693.948430 0.332402 -0.250320 0.596084 0.686683
1733733859.585364818572998 -18359013.191175 12744425.176799 -33299153.821073 0.120110 -0.352175 0.057964 0.926383
1733733859.685363531112671 -18399372.254269 12780529.062317 -33448483.320255 -0.122426 -0.288826 -0.527012 0.789842
1733733859.785362482070923 -27133411.620346 14945838.065402 -34858208.885937 -0.313570 -0.103277 -0.888804 0.317859
1733733859.885361194610596 -18480244.911229 12852080.990360 -33748302.016349 -0.371269 0.126440 -0.873213 -0.289261
1733733859.985360145568848 -18520393.617167 12886923.761892 -33899071.435291 -0.270906 0.302639 -0.494062 -0.768715
1733733860.085358858108521 -78150096.378333 -44369142.949346 -98953391.838954 -0.054187 0.350351 0.109922 -0.928566
1733733860.185358047485352 -18601496.041845 12960254.987652 -34200435.966161 0.183289 0.248553 0.655333 -0.689322
1733733860.285356760025024 -304049914.993287 598507248.309687 -1040965426.882657 -0.343280 -0.044299 -0.924031 0.162365
1733733860.385355710983276 -18682661.403281 13032562.404006 -34503523.851856 0.360338 -0.179588 0.806386 0.433181
1733733860.485354661941528 -18741933.207323 13028097.061510 -34653600.431882 0.095386 -0.225284 0.325647 0.913292
1733733860.585353374481201 -18763384.853112 13104868.730567 -34807968.122218 -0.004475 -0.338191 -0.255493 0.905721
1733733860.685352325439453 -18810881.753876 13132362.384404 -34960471.201249 -0.253972 -0.215963 -0.731717 0.594515
1733733860.785351037979126 -18844572.069288 13177501.471720 -35113724.056602 -0.362768 0.014812 -0.931727 0.008023
1733733860.885349750518799 -266565045.373137 1426209604.399827 1808357538.038640 -0.339263 0.227622 -0.717281 -0.564444
1733733860.985348701477051 -18925374.466197 13250019.602443 -35420848.010512 -0.173436 0.344937 -0.201976 -0.900080
1733733861.085347414016724 -81820908.121443 -38414820.697999 -69157543.129826 0.067400 0.316645 0.403192 -0.855938
1733733861.185346364974976 -19006635.777022 13322918.007994 -35729277.980600 0.279201 0.153464 0.835774 -0.447188
1733733861.285345077514648 -20412652.839962 5091899.413864 -31493767.092929 0.372149 -0.075197 0.912482 0.152402
1733733861.385344028472900 -19087485.489767 13395696.785923 -36039076.760566 0.307997 -0.270134 0.605408 0.682383
1733733861.485342979431152 -19129192.923000 13433486.817439 -36193894.487480 0.119566 -0.349468 0.043974 0.928247
1733733861.585341691970825 -19168756.382416 13468909.893859 -36350175.933709 -0.124315 -0.288069 -0.530744 0.787320
1733733861.685340881347656 -18972552.978901 13403473.365732 -36690910.516438 -0.313465 -0.103026 -0.888886 0.317815
1733733861.785339593887329 -43465279.051567 -9201437.437249 -7491012.196283 -0.371119 0.127822 -0.871827 -0.293002
1733733861.885338544845581 -19290248.495205 13578641.142776 -36819373.686494 -0.269352 0.303798 -0.480647 -0.777261
1733733861.985337257385254 -9293949.724566 27466645.861011 -19096065.043650 -0.049901 0.349069 0.122401 -0.927728
1733733862.085336208343506 -19371054.473943 13652236.529129 -37133815.480891 0.188555 0.244452 0.666214 -0.678859
1733733862.185334920883179 1623647445.190955 -2232043486.865227 1155245589.495660 0.346908 0.035349 0.926677 -0.140266
1733733862.285333871841431 -19452182.789285 13725723.067706 -37449617.679594 0.357392 -0.188345 0.792541 0.456811
1733733862.385332345962524 -19504303.383763 13757518.008009 -37605609.037295 -0.207694 0.292654 -0.312289 -0.879598
1733733862.485331296920776 -21792427.851754 15922277.286631 -44614587.339971 -0.018687 -0.334078 -0.290217 0.896558
1733733862.585330247879028 -25642170.814323 14088748.103966 -26829089.862084 -0.245066 -0.192934 -0.775740 0.548586
1733733862.685328960418701 -19614107.111560 13873419.119685 -38085201.881947 -0.366460 0.031442 -0.929211 -0.035858
1733733862.785327911376953 -19655880.915435 13907146.113980 -38245320.376865 -0.327397 0.231134 -0.687250 -0.605867
1733733862.885326623916626 -38313258.180278 -23178979.916258 -133495009.340108 -0.155485 0.349998 -0.151237 -0.911292
1733733862.985325574874878 -19735418.684749 13984511.672432 -38565405.367498 0.086283 0.308182 0.446088 -0.835813
1733733863.085324764251709 -19788228.194180 14009879.347866 -38724876.111807 0.328499 0.155259 0.831938 -0.419360
1733733863.185323476791382 -39411901.592696 28204669.633795 -18920052.750383 0.372839 -0.094370 0.900338 0.203660
1733733863.285322427749634 -19856792.445968 14096154.569346 -39048590.503638 0.293925 -0.284072 0.558772 0.721585
1733733863.385321140289307 -19878763.169881 14119765.650373 -39216278.124502 0.029510 -0.401495 -0.040404 0.914493
1733733863.485320091247559 -19938046.246894 14170619.195710 -39372395.939722 -0.153425 -0.270053 -0.593218 0.742715
1733733863.585319042205811 330522560.794863 -368344200.698251 -45423271.054889 0.329931 0.073476 0.910046 -0.239923
1733733863.685317754745483 -20018813.222077 14245260.490892 -39697538.807454 -0.366774 0.154657 -0.841386 -0.365552
1733733863.785316467285156 -20084321.286743 14233111.446453 -39856246.110343 0.125860 -0.189398 0.401119 0.887350
1733733863.885315179824829 -20100092.446329 14320038.921026 -40024013.145479 -0.021830 0.344520 0.191564 -0.918767
1733733863.985314130783081 -20146963.736728 14358267.301293 -40185848.940343 0.227035 0.209735 0.711948 -0.630553
1733733864.085312843322754 -53206635.183271 16072390.633110 -44958425.353571 0.356409 0.007905 0.931807 -0.068157
1733733864.185311794281006 -20221660.044587 14432411.842885 -40516241.211417 0.347872 -0.211276 0.751327 0.519476
1733733864.285310506820679 -20270120.443975 14473400.644785 -40677815.567485 0.231795 -0.325085 0.285303 0.871317
1733733864.385309457778931 -2571627.429545 13628865.122013 -11095803.701790 -0.046073 -0.325026 -0.354174 0.875669
1733733864.485308408737183 -20343218.461405 14545310.154309 -41011453.866818 -0.265493 -0.170190 -0.812468 0.490351
1733733864.585307359695435 -19720600.608955 13745693.838591 -42781969.750578 -0.369671 0.053046 -0.920706 -0.113273
1733733864.685306310653687 -20424566.892632 14620808.620947 -41343257.362738 -0.317010 0.259953 -0.635847 -0.653932
1733733864.785305023193359 -20463423.652475 14655631.048423 -41510673.200489 -0.125426 0.355902 -0.093431 -0.921343
1733733864.885303974151611 -20505518.706253 14696228.373015 -41676424.679355 0.112566 0.294721 0.504998 -0.803396
1733733864.985302686691284 -19347015.672113 16758609.434934 -42630970.217161 0.306774 0.116351 0.880890 -0.341153
1733733865.085301637649536 -20586888.832827 14772057.807112 -42010895.149942 0.372296 -0.113691 0.885106 0.255062
1733733865.185300350189209 -20629633.105484 14813349.593303 -42177167.891049 0.293155 -0.294811 0.515609 0.749196
1733733865.285299062728882 -47150503.168531 -1711322.514698 -61540715.734658 0.070560 -0.351314 -0.070015 0.930966
1733733865.385298013687134 -20708657.936335 14885715.617406 -42515147.547738 -0.171126 -0.257648 -0.630457 0.711939
1733733865.485296726226807 -16763210.873483 19223222.322933 -47226431.853171 -0.337608 -0.055455 -0.919583 0.193165
1733733865.585295677185059 -55764570.659799 13939346.554888 -12565101.323284 -0.362746 0.171229 -0.818973 -0.410339
1733733865.685294628143311 -20830306.461913 14999869.574368 -43022389.101364 -0.233140 0.324690 -0.371632 -0.837921
1733733865.785293340682983 -20916941.289068 14941494.494436 -43160109.059217 -0.116067 -0.199763 0.089308 0.968838
1733733865.885292291641235 -20911698.240921 15076340.169882 -43362196.943021 0.227533 0.210596 0.742879 -0.593303
1733733865.985291004180908 -50077911.404544 41145072.445526 -56687678.892235 0.361493 -0.009728 0.932076 -0.021532
1733733866.085289955139160 -20992794.880585 15152575.615350 -43703385.006119 0.339913 -0.226531 0.719834 0.561232
1733733866.185288906097412 -21032672.796068 15191486.630831 -43874574.364618 -0.174892 0.347874 -0.201944 -0.898674
1733733866.285287857055664 91142756.263655 152724018.005268 -59375185.574136 -0.066814 -0.316831 -0.402211 0.856376
1733733866.385286569595337 -21114636.562044 15267642.667009 -44217622.383285 -0.278650 -0.153915 -0.835162 0.448518
1733733866.485285520553589 -21155328.829953 15305862.626557 -44389724.876167 -0.372143 0.075687 -0.912301 -0.153260
1733733866.585284233093262 -21196303.503515 15344592.004574 -44562028.720467 -0.308000 0.272290 -0.601148 -0.685284
1733733866.685283184051514 -22546414.920451 26042267.783220 -32747018.332464 -0.109290 0.352637 -0.029658 -0.928883
1733733866.785281896591187 -21277178.125089 15421342.999196 -44907972.350656 0.134282 0.282112 0.552652 -0.772630
1733733866.885280609130859 -21313142.029236 15460134.362068 -45082243.271406 -0.305047 -0.095533 -0.900944 0.293460
1733733866.985279560089111 -21358703.220653 15498383.346376 -45255151.865061 0.369838 -0.137458 0.861772 0.318863
1733733867.085278272628784 -21418196.338494 15535441.358298 -45424059.664487 0.311476 -0.265120 0.493890 0.767311
1733733867.185277223587036 -21439905.513837 15575534.848941 -45603674.278269 0.042022 -0.348137 -0.142043 0.925666
1733733867.285275936126709 -24743592.561219 19400167.077341 -53213481.683904 -0.195447 -0.238454 -0.680934 0.664281
1733733867.385274887084961 -21521574.142744 15652782.157317 -45953533.577125 -0.350041 -0.026695 -0.928924 0.117720
1733733867.485274076461792 -270444307.341171 -73316275.816384 241392380.323395 -0.354446 0.196113 -0.779490 -0.477811
1733733867.585272789001465 -21602741.981224 15730124.284254 -46304739.650147 -0.208016 0.335111 -0.298702 -0.869026
1733733867.685271739959717 -21641950.303016 15768249.774679 -46481317.317164 0.025289 0.336727 0.305996 -0.890136
1733733867.785270452499390 -21684445.405408 15807682.517404 -46657268.361970 0.250435 0.187188 0.785670 -0.533822
1733733867.885269403457642 -22735430.268070 28183414.047278 -53231868.829461 -0.344764 0.062733 -0.935172 -0.051528
1733733867.985268354415894 -21765660.187896 15885301.022535 -47011147.601964 0.327244 -0.246655 0.672202 0.616618
1733733868.085267066955566 -36152272.179671 55740056.838898 -22650161.393714 0.147858 -0.342479 0.132897 0.918251
1733733868.185265779495239 -21847350.650012 15963184.921227 -47366344.245153 -0.096731 -0.302999 -0.469988 0.823375
1733733868.285264492034912 -21912401.939418 16179977.903791 -47661384.176613 0.301126 0.128783 0.863417 -0.383731
1733733868.385263204574585 -21928563.134945 16041066.596331 -47722897.573047 -0.372680 0.101476 -0.895223 -0.222232
1733733868.485262393951416 -21972148.912753 16081253.653023 -47900770.724975 -0.295799 0.284317 -0.540708 -0.734372
1733733868.585261106491089 -22010237.777545 16119264.033416 -48080764.804964 -0.083366 0.352287 0.037433 -0.931420
1733733868.685259819030762 -22051029.865982 16158624.320708 -48260107.256906 0.157841 0.266251 0.602959 -0.735280
1733733868.785258769989014 -113631762.864372 -11724557.803544 -20267939.321503 0.331713 0.069594 0.912279 -0.229935
1733733868.885257720947266 -22132466.123395 16236577.274158 -48620100.756591 0.366414 -0.155988 0.839837 0.368895
1733733868.985256671905518 -22178161.246081 16278884.717865 -48798676.672005 0.283380 -0.310065 0.455239 0.785056
1733733869.085255622863770 -26608322.056849 17885208.986288 -53972488.762715 0.029843 -0.346201 -0.172771 0.921631
1733733869.185254335403442 -1975673.166969 10570691.928200 -26240369.505405 -0.203213 -0.232375 -0.695785 0.648529
1733733869.285253286361694 -22295485.291362 16393756.778841 -49343863.537077 -0.351355 -0.022966 -0.929725 0.107857
1733733869.385251998901367 -22337828.511020 16432718.717281 -49525388.226158 -0.357573 0.191968 -0.780674 -0.475224
1733733869.485250949859619 262630376.975682 -409508055.954687 -636440594.139431 -0.205252 0.336311 -0.308437 -0.865814
1733733869.585249662399292 -22417602.540366 16512043.072577 -49890191.333451 0.022211 0.333134 0.298160 -0.894220
1733733869.685248374938965 -22457788.361197 16550011.724014 -50073459.324489 0.247261 0.196001 0.777972 -0.543328
1733733869.785247325897217 -25786717.094986 31628509.151214 -56186402.406184 0.366282 -0.030378 0.929423 0.032977
1733733869.885246038436890 -22539906.732008 16630885.655629 -50439498.380652 0.330931 -0.241296 0.685629 0.601809
1733733869.985244989395142 -22581613.965224 16669984.346541 -50623152.161754 -0.151618 0.345997 -0.145536 -0.914395
1733733870.085243701934814 -42753485.304357 9917939.818171 -32136363.317104 -0.089384 -0.306614 -0.453428 0.832107
1733733870.185242652893066 -22662414.889152 16749917.008026 -50991824.927160 -0.295022 -0.131806 -0.861573 0.391512
1733733870.285241603851318 -58017738.349765 -38834462.426901 -986071.816692 -0.372749 0.098606 -0.897337 -0.214757
1733733870.385240316390991 -22743877.349883 16829219.543621 -51361739.842661 -0.291303 0.286502 -0.550231 -0.728220
1733733870.485239505767822 -22785380.208989 16858069.841906 -51549087.460441 -0.055850 0.351372 0.023965 -0.934261
1733733870.585238456726074 -22825615.312897 16909113.717393 -51732940.555141 0.157116 0.267625 0.600916 -0.736608
1733733870.685237169265747 -22180226.632603 -4819273.236293 -35108264.434764 0.332724 0.067944 0.913140 -0.225508
1733733870.785235881805420 -22907217.670938 16988758.780995 -52105520.072281 0.365114 -0.161575 0.832245 0.384647
1733733870.885234832763672 -20521347.552104 14388884.513074 -57207911.815599 0.236867 -0.323226 0.397441 0.825506
1733733870.985233545303345 -24041996.851002 -28990696.957943 -123010926.025746 0.015448 -0.343025 -0.207254 0.916047
1733733871.085232496261597 -23029801.551250 17108961.961306 -52666843.186034 -0.217227 -0.220191 -0.723086 0.617637
1733733871.185231208801270 -23105218.229208 17142563.447071 -52844967.933570 -0.429853 -0.018512 -0.894727 0.119784
1733733871.285229921340942 -55791646.119564 47737450.707350 -20356882.740167 -0.345494 0.216079 -0.741789 -0.532627
1733733871.385228872299194 -23152749.706212 17229443.333296 -53231173.642084 -0.184947 0.342173 -0.233860 -0.891079
1733733871.485227823257446 -23195188.229978 17268899.559075 -53419765.454673 0.058475 0.318427 0.375461 -0.868455
1733733871.585226535797119 -35513152.680293 25306261.339177 -66105142.057980 0.271053 0.163510 0.822093 -0.473242
1733733871.685225486755371 -23275913.078296 17350026.233344 -53798532.843106 0.371299 -0.064213 0.918108 0.122843
1733733871.785224199295044 -23320440.967624 17386604.428482 -53988255.746369 0.312039 -0.253168 0.620084 0.673820
1733733871.885223388671875 -23357719.085037 17430612.069728 -54178443.988893 0.115664 -0.352399 0.046326 0.927519
1733733871.985222101211548 -23399239.309838 17470981.869353 -54368812.594025 -0.131669 -0.283139 -0.546193 0.777283
1733733872.085221052169800 -23439998.494765 17511474.611330 -54559671.781419 -0.321728 -0.089044 -0.899905 0.280594
1733733872.185219764709473 -18796644.033760 25615008.157289 -51987790.278302 -0.368903 0.143902 -0.854377 -0.336516
1733733872.285218715667725 -23521846.666696 17592293.003633 -54942260.432639 -0.254203 0.313475 -0.434185 -0.805355
1733733872.385217666625977 -23563520.271643 17628726.017156 -55134762.613356 0.022491 -0.347208 -0.165824 0.922737
1733733872.485216379165649 -148556043.912046 -87934469.817475 -88002460.928965 0.211080 0.225763 0.710807 -0.631847
1733733872.585215091705322 -23645012.147806 17714103.932367 -55518610.594363 0.357279 0.005775 0.931885 -0.062526
1733733872.685213804244995 -23681760.820360 17747731.551187 -55713581.849283 0.328101 -0.209815 0.749102 0.535886
1733733872.785212755203247 -33535756.489840 72200350.539299 10622138.873689 0.178222 -0.343926 0.214751 0.896568
1733733872.885211706161499 -23768319.379238 17836085.242486 -56097982.933640 -0.065052 -0.317569 -0.398002 0.858203
1733733872.985210418701172 -25500735.995156 22048894.312467 -60357291.642644 0.275018 0.156125 0.838798 -0.443180
1733733873.085209131240845 -23850311.462391 17917454.152648 -56485917.147789 -0.372559 0.081126 -0.909043 -0.168103
1733733873.185208082199097 -23893004.430123 17958344.622632 -56680050.921622 -0.301450 0.275982 -0.575557 -0.708305
1733733873.285206794738770 -23932566.345545 17999348.585950 -56875144.034139 -0.094502 0.352662 0.008769 -0.930925
1733733873.385205984115601 -23973857.530865 18039635.779647 -57070320.456636 0.154283 0.270369 0.592095 -0.743317
1733733873.485204935073853 79436520.283525 -176506040.882465 177634776.275702 -0.332799 -0.067691 -0.913287 0.224878
1733733873.585203647613525 -24055913.305367 18122065.406655 -57461533.577594 0.364932 -0.163306 0.830145 0.388607
1733733873.685202598571777 -24098132.914515 18163495.312422 -57657319.630861 0.238921 -0.320345 0.382563 0.833032
1733733873.785201549530029 -40330162.122367 37197635.927769 -21610382.107918 0.005815 -0.340907 -0.230905 0.911280
1733733873.885200262069702 -24179082.029880 18245104.329470 -58050931.035927 -0.227608 -0.210446 -0.743065 0.593095
1733733873.985198974609375 -24220390.397828 18288220.801117 -58247626.181222 -0.361654 0.015995 -0.931954 0.020328
1733733874.085197687149048 -1754473105.667957 2029688526.279805 2663047730.284957 -0.337800 0.230426 -0.711142 -0.571902
1733733874.185196638107300 -24302279.933170 18368678.096607 -58643311.213030 -0.165835 0.346541 -0.180594 -0.905425
1733733874.285195350646973 -24343856.167503 18410799.133459 -58841174.316647 0.077752 0.309712 0.430464 -0.844235
1733733874.385194301605225 -24384775.051982 18451261.909176 -59039895.702340 0.288635 0.140797 0.851242 -0.415033
1733733874.485193252563477 -45518766.073399 -2522886.484456 -25363192.574078 0.372930 -0.091584 0.902367 0.195628
1733733874.585191965103149 -24466815.549273 18533845.152695 -59437836.705954 0.294410 -0.283949 0.559646 0.720758
1733733874.685190916061401 -24508068.278898 18574367.307701 -59637482.428044 0.084372 -0.352527 -0.029644 0.931519
1733733874.785189628601074 -39440700.915378 -22861297.104326 -84287690.041035 -0.159489 -0.265810 -0.606115 0.732484
1733733874.885188817977905 -24590296.551592 18658269.076328 -60037219.698459 -0.334631 -0.063829 -0.915262 0.215042
1733733874.985187768936157 -22135066.800816 20613268.014132 -63000120.967046 -0.365181 0.161282 -0.827209 -0.395418
1733733875.085186481475830 -24672739.194876 18741117.682240 -60438507.361176 -0.235977 0.323346 -0.379734 -0.834005
1733733875.185185194015503 -24713907.723779 18782123.445310 -60639767.870742 0.002108 -0.340745 -0.234948 0.910323
1733733875.285184144973755 -24754907.319896 18824475.015087 -60841094.377844 0.229606 0.208569 0.746696 -0.588409
1733733875.385182857513428 -24839773.476235 19756476.822807 -62222078.074002 0.345936 0.009586 0.938199 -0.004421
1733733875.485181808471680 -24837401.899095 18907636.791612 -61245051.179584 0.337610 -0.230631 0.710536 0.572684
1733733875.585180521011353 -24874084.676143 18947427.599547 -61448836.406326 0.160226 -0.355279 0.186124 0.901921
1733733875.685179233551025 -24919614.495141 18991148.246697 -61650324.123705 -0.076339 -0.312651 -0.423792 0.846654
1733733875.785178184509277 33277992.518338 -35589799.475504 25873765.994829 -0.286903 -0.143213 -0.848427 0.421128
1733733875.885176897048950 -25002251.641032 19074595.001525 -62056952.175437 -0.372727 0.087347 -0.905213 -0.184487
1733733875.985175848007202 -25039963.417537 19117905.103359 -62261175.418907 -0.293367 0.288002 -0.568627 -0.712498
1733733876.085174798965454 -20602389.110848 28626776.968210 -50402046.343954 -0.097197 0.352570 0.002111 -0.930722
1733733876.185173511505127 -25125754.000042 19200161.238625 -62669390.623495 0.145280 0.275191 0.576134 -0.755800
1733733876.285172700881958 -36223975.474006 58477712.414088 -99774656.278881 0.325739 0.080837 0.905215 -0.260664
1733733876.385171413421631 -25208207.804353 19284431.695594 -63079310.926305 0.368440 -0.147163 0.850672 0.344894
1733733876.485170364379883 -30220460.659464 -71276471.689707 -139918364.083956 0.253206 -0.313652 0.432416 0.806552
1733733876.585169315338135 -97405268.693073 -953919876.884711 -883151622.300389 0.031064 -0.346129 -0.169329 0.922257
1733733876.685168027877808 -25331932.319560 19410619.197721 -63696748.932725 -0.205548 -0.230301 -0.700321 0.643632
1733733876.785166978836060 -52688733.052647 102187431.126560 -131025230.115049 -0.354045 -0.017042 -0.930564 0.091722
1733733876.885165691375732 -25414670.456558 19495034.386230 -64110029.615358 -0.351644 0.203076 -0.766704 -0.497264
1733733876.985164403915405 -25456101.252852 19537550.102942 -64317168.556231 -0.200782 0.337802 -0.277903 -0.876553
1733733877.085163116455078 217871680.470943 1413004940.595908 1577340381.323668 0.036108 0.328498 0.330639 -0.884004
1733733877.185162067413330 -25538878.358432 19622402.790225 -64732403.070392 0.257263 0.179737 0.797658 -0.515027
1733733877.285160779953003 -22645040.930555 18501176.997551 -70280411.789924 0.369091 -0.045803 0.925294 0.074189
1733733877.385159730911255 -25621970.933632 19707377.487424 -65148998.945985 0.323344 -0.251841 0.658099 0.631609
1733733877.485158681869507 -25657481.712707 19750248.770978 -65358815.658805 0.144584 -0.363795 0.123960 0.911802
1733733877.585157394409180 53474776.812667 45552594.675493 59001780.747470 -0.101801 -0.300491 -0.480708 0.817473
1733733877.685156345367432 -25746184.161705 19835060.925099 -65776407.749417 -0.300722 -0.123790 -0.869983 0.370637
1733733877.785155296325684 -76176864.899968 3479238.861432 400861.185543 -0.372705 0.106415 -0.891084 -0.236085
1733733877.885154247283936 -25829066.826793 19920673.757594 -66196316.482902 -0.286008 0.290876 -0.533150 -0.741176
1733733877.985152959823608 -25870427.325224 19963380.471585 -66406775.466373 -0.078403 0.351795 0.050290 -0.931431
1733733878.085151910781860 32780994.887000 75794744.152542 -12778521.256420 0.163560 0.263198 0.614281 -0.725695
1733733878.185150861740112 -25953554.062694 20048893.678052 -66828733.540266 0.335477 0.062307 0.916111 -0.210507
1733733878.285149574279785 -10048276.456568 10883597.355584 -74221452.839295 0.365160 -0.163733 0.828030 0.392704
1733733878.385148286819458 -26036198.158760 20134501.323319 -67252023.542597 0.239216 -0.321550 0.389809 0.829114
1733733878.485146999359131 -26077975.393292 20177199.960301 -67464158.245582 0.011443 -0.342040 -0.215737 0.914514
1733733878.585145950317383 -26119342.425622 20220390.462561 -67676630.354767 -0.220483 -0.217404 -0.729049 0.610418
1733733878.685144901275635 -26157685.922680 20261623.077538 -67890345.938522 -0.354258 -0.002549 -0.934418 0.036853
1733733878.785145759582520 -26202018.030509 20306260.904426 -68102600.314667 -0.345105 0.216701 -0.740295 -0.534702
1733733878.885144710540771 -26220818.040182 20332242.711368 -68321982.938546 -0.161081 0.377698 -0.305271 -0.859190
1733733878.985143423080444 -26285148.579681 20392465.727259 -68529876.516593 0.051840 0.322841 0.367286 -0.870740
1733733879.085142135620117 -2027741763.510067 -3755371374.827724 3769568277.159428 0.267129 0.168328 0.815167 -0.485603
1733733879.185141086578369 -26367853.460853 20478600.926209 -68958516.311781 0.370654 -0.058095 0.920781 0.106785
1733733879.285139799118042 89343613.772699 44246421.346661 -238366482.697964 0.325076 -0.281872 0.616592 0.659309
1733733879.385138511657715 -26450978.790544 20565121.775919 -69388461.322677 0.130593 -0.351342 0.085908 0.923106
1733733879.485137701034546 -109297626.568241 -59805025.043332 -205374680.764522 -0.109514 -0.296975 -0.497180 0.807852
1733733879.585136413574219 -26533704.797252 20651546.165158 -69819773.557277 -0.303456 -0.119519 -0.874209 0.359705
1733733879.685135364532471 -26575320.172867 20694889.942182 -70035919.758628 -0.372760 0.105288 -0.892049 -0.232836
1733733879.785134077072144 -21231060.431912 -4839511.164227 -108234111.950624 -0.288119 0.282071 -0.540181 -0.738667
1733733879.885133266448975 -26658058.141516 20781896.918906 -70469196.376901 -0.085820 0.352203 0.030940 -0.931467
1733733879.985131978988647 -26699308.326507 20825439.073280 -70686350.009949 0.151874 0.270647 0.591229 -0.744401
1733733880.085130929946899 353868596.183090 1293389755.101739 -705009989.032593 -0.325581 -0.078106 -0.908206 0.251113
1733733880.185129642486572 -26782603.274337 20912384.558619 -71121642.824613 0.367817 -0.149418 0.847729 0.351768
1733733880.285128593444824 -26828745.485627 20953222.404922 -71339393.265674 0.251709 -0.301982 0.429734 0.812883
1733733880.385127305984497 -26865784.757130 20999736.184195 -71558256.473674 0.033222 -0.346596 -0.163212 0.923108
1733733880.485126256942749 -122113299.699764 46644954.518299 -169795174.121629 -0.204567 -0.231820 -0.696964 0.647034
1733733880.585124969482422 -26948731.792822 21087664.980982 -71996161.753799 -0.353187 -0.018493 -0.930478 0.095541
1733733880.685123682022095 -22148858.565846 23656975.976266 -78857378.109602 -0.350756 0.204590 -0.764017 -0.501389
1733733880.785122632980347 -27031965.522213 21175337.629239 -72435443.619169 -0.197286 0.338484 -0.268694 -0.879949
1733733880.885121345520020 -27073843.350115 21220113.034926 -72655496.163438 -0.040063 -0.326496 -0.340722 0.880740
1733733880.985120296478271 -27114918.009423 21263511.837937 -72876025.696559 0.259999 0.176833 0.802601 -0.506915
1733733881.085119009017944 -27344043.369370 23296908.916909 -74792042.669259 0.359694 -0.035353 0.927351 0.096903
1733733881.185117959976196 -27198218.525032 21351503.167420 -73317975.905314 0.320783 -0.255023 0.649737 0.640237
1733733881.285117149353027 -902061.697849 7356571.660252 -133469777.188155 0.132423 -0.352253 0.096226 0.921479
1733733881.385115861892700 -27281204.899741 21439973.081272 -73761229.655205 -0.111246 -0.295616 -0.501865 0.805212
1733733881.485114812850952 -154061063.245652 259247058.334388 -428379051.904201 0.306989 0.108329 0.882223 -0.340155
1733733881.585113763809204 -27364605.499530 21528378.203089 -74205838.076681 -0.372054 0.116448 -0.882586 -0.262787
1733733881.685112476348877 -27404472.513173 21578779.561450 -74427651.698236 -0.289786 0.306408 -0.513662 -0.747188
1733733881.785111427307129 -27447562.465995 21617093.306298 -74651768.518699 -0.065215 0.350988 0.083372 -0.930378
1733733881.885110139846802 -27488815.837435 21661963.278675 -74875193.015871 0.173967 0.254179 0.640117 -0.703832
1733733881.985108852386475 -30157508.530949 26559463.780817 -83093495.138599 0.341040 0.049453 0.921791 -0.177617
1733733882.085107564926147 -27572484.375133 21750382.372958 -75323169.716147 0.361559 -0.175102 0.813123 0.421243
1733733882.185106515884399 27614682.018406 3971016.263865 -192014383.744355 0.230002 -0.326129 0.362605 0.842174
1733733882.285105228424072 -27655633.026907 21839120.784014 -75772475.108891 0.003663 -0.340385 -0.235615 0.910280
1733733882.385104179382324 -27698987.292724 21885438.106507 -75996856.711829 0.226266 0.208359 0.737821 -0.600841
1733733882.485103130340576 -27738897.441315 21928503.075190 -76223061.889057 -0.359612 0.002463 -0.932223 0.040429
1733733882.585101842880249 -27779052.978571 21972499.663800 -76449217.435559 -0.341671 0.218338 -0.739014 -0.538004
1733733882.685100793838501 -27822087.680665 22017529.483954 -76675039.181453 -0.186781 0.341539 -0.239153 -0.889534
1733733882.785099267959595 -27863852.969862 22062523.098002 -76901462.616026 0.047977 0.324043 0.359154 -0.873901
1733733882.885098457336426 2122607030.904207 -748201204.799502 -193224920.354586 0.263249 0.172955 0.808477 -0.497142
1733733882.985097169876099 -27946851.151655 22151856.044473 -77355454.252016 0.369305 -0.048645 0.924411 0.081921
1733733883.085096120834351 -55729647.006270 41327883.229621 -37333056.769576 0.323702 -0.251133 0.660168 0.629545
1733733883.185094833374023 -28030359.231952 22241471.949690 -77810743.885557 0.142185 -0.350250 0.117199 0.918353
1733733883.285093784332275 -28071929.079365 22286743.765785 -78038811.859206 -0.098761 -0.301504 -0.475140 0.820721
1733733883.385092735290527 -72743821.395389 33650761.652638 -59447981.617572 -0.300748 -0.123647 -0.870246 0.370046
1733733883.485091447830200 -28155174.602622 22376092.382661 -78496196.320728 -0.372547 0.106133 -0.891425 -0.235171
1733733883.585090160369873 -20332293.972582 19700620.638575 -89868059.332985 -0.286386 0.290402 -0.534472 -0.740263
1733733883.685088872909546 -28238460.720572 22466170.176153 -78954816.942639 -0.078626 0.352051 0.049499 -0.931358
1733733883.785087823867798 -28280090.689579 22511167.715526 -79184615.723011 0.163778 0.262619 0.615268 -0.725020
1733733883.885086774826050 -56670300.530689 22338086.083809 -114194718.066547 0.336071 0.061274 0.916432 -0.208458
1733733883.985085487365723 -28363604.697284 22601129.724132 -79645298.476380 0.363911 -0.166874 0.825075 0.398715
1733733884.085084199905396 -38540266.347261 56147400.230233 -26267211.019187 0.235573 -0.323370 0.378735 0.834564
1733733884.185083150863647 -28446745.446072 22691234.877376 -80107297.568793 0.006459 -0.341006 -0.228976 0.911726
1733733884.285081863403320 -28480574.359432 22722215.459473 -80342452.016109 -0.226420 -0.247186 -0.730204 0.595345
1733733884.385081052780151 -28530335.401029 22781700.954818 -80570605.332609 -0.360367 0.004918 -0.932174 0.034120
1733733884.485080003738403 -28575123.522833 22825618.710362 -80802411.895491 -0.345814 0.216101 -0.726974 -0.552468
1733733884.585078716278076 -55906137.954243 102368271.309905 -39453415.817158 -0.177746 0.343876 -0.213703 -0.896932
1733733884.685077667236328 -28655398.363253 22917325.210312 -81268112.411016 0.064089 0.317918 0.395633 -0.859241
1733733884.785076618194580 -17062664.490889 -61991398.626051 -23557236.755175 0.276549 0.156817 0.831307 -0.455913
1733733884.885075330734253 -28738655.390908 23008224.895070 -81734755.350151 0.371826 -0.070313 0.915079 0.139400
1733733884.985074043273926 -275609994.062384 -387700593.242693 -85927421.935339 0.309963 -0.267988 0.611990 0.676442
1733733885.085072755813599 -28822244.301980 23098885.060669 -82202772.135098 0.115181 -0.352353 0.045362 0.927644
1733733885.185071706771851 -28866405.167434 23144949.805704 -82436739.029505 -0.131173 -0.281059 -0.539786 0.782580
1733733885.285070419311523 -28905510.213294 23190040.198443 -82672090.892101 -0.317651 -0.096445 -0.894398 0.299748
1733733885.385069370269775 -28953458.944059 23220364.244110 -82908488.381753 -0.371597 0.102540 -0.864072 -0.323700
1733733885.485068321228027 -28989146.394203 23281030.530080 -83142776.074688 -0.265120 0.306535 -0.467567 -0.785575
1733733885.585067033767700 -16285154.578749 -37587043.778809 -348252243.254275 -0.048741 0.348149 0.125252 -0.927755
1733733885.685065984725952 -29072495.180664 23372421.384412 -83614771.904159 0.190150 0.243339 0.669150 -0.675920
1733733885.785064697265625 -23729118918.185814 57200653238.777763 -55705844762.831421 -0.347381 -0.029989 -0.926456 0.141797
1733733885.885063886642456 -29156261.783472 23463725.605943 -84088125.351746 0.356530 -0.190532 0.788811 0.462991
1733733885.985062599182129 -19936123.315508 21397519.330630 -74241947.507846 0.211561 -0.333763 0.308834 0.865139
1733733886.085061550140381 -29239625.701694 23555356.969371 -84562798.494727 -0.022248 -0.333106 -0.297632 0.894405
1733733886.185060262680054 -29271812.322000 23600600.810590 -84802245.774269 -0.233291 -0.202328 -0.784932 0.537140
1733733886.285059213638306 -29323434.996347 23647013.041192 -85038816.193013 -0.366477 0.030897 -0.929263 -0.034792
1733733886.385057926177979 -29364860.672978 23691482.271793 -85277658.580933 -0.326115 0.240577 -0.679521 -0.611574
1733733886.485056877136230 129821279.897642 29352497.489503 -301451944.323149 -0.153595 0.348564 -0.147755 -0.912732
1733733886.585055589675903 -29448699.121206 23784767.611728 -85755352.339014 0.089530 0.306551 0.453302 -0.832183
1733733886.685054302215576 38315330.158433 157015089.060480 -189458049.317074 0.295103 0.132569 0.860631 -0.393260
1733733886.785053253173828 -54814619.846297 46862132.250851 -128136518.192637 0.372812 -0.096511 0.898772 0.209538
1733733886.885051965713501 -29574007.450002 23923063.013026 -86474870.816421 0.293313 -0.284563 0.556923 0.723068
1733733886.985050916671753 -29614968.141083 23968654.672568 -86715638.045278 0.088581 -0.354375 -0.021119 0.930659
1733733887.085049867630005 -29657892.521833 24015360.061886 -86956225.990139 -0.153608 -0.270092 -0.593259 0.742629
1733733887.185048580169678 -29708264.446960 24075386.124727 -87191830.278986 -0.343121 -0.040427 -0.907056 0.240587
1733733887.285047769546509 -174579167.038401 -903618967.734563 1030015706.473637 -0.366027 0.157761 -0.837229 -0.374412
1733733887.385046482086182 -29783266.176013 24153947.290853 -87680781.966754 -0.244664 0.318739 -0.405893 -0.820851
1733733887.485045433044434 11591349.601404 19292891.320647 -50648218.082898 -0.019698 0.344043 0.196684 -0.917912
1733733887.585044384002686 -68239780.346603 -10677512.421478 -112050153.416046 0.213435 0.223685 0.715527 -0.626444
1733733887.685043096542358 -29908637.368013 24293074.980491 -88408320.805430 0.356879 0.006765 0.931867 -0.064934
1733733887.785042047500610 -29951077.037165 24334688.931546 -88652289.560541 0.341095 -0.205991 0.744994 0.534982
1733733887.885040760040283 -12534559.043229 241474609.660385 56794507.835323 0.188511 -0.341164 0.243952 0.888008
1733733887.985039472579956 -30034225.751215 24432577.630673 -89138857.795445 -0.051779 -0.322921 -0.367102 0.870791
1733733888.085038185119629 -20996465.624116 -13159826.356723 -49793460.971094 -0.268373 -0.166831 -0.817381 0.481696
1733733888.185037136077881 -30118046.387904 24525472.487987 -89627582.947793 -0.370877 0.060137 -0.919914 -0.112217
1733733888.285036087036133 -115864316.266436 54784684.798593 57975348.267076 -0.315842 0.261420 -0.631676 -0.657943
1733733888.385034799575806 -30201625.254438 24618899.751635 -90117604.545964 -0.125436 0.351775 -0.072395 -0.924813
1733733888.485033750534058 -30243499.519889 24665712.503259 -90363051.342769 0.117879 0.291103 0.518056 -0.795601
1733733888.585032463073730 9798908.821982 -304588259.037698 216367925.063935 0.312119 0.105748 0.886815 -0.323971
1733733888.685031414031982 -30327288.093075 24759023.896236 -90855170.701532 0.371335 -0.125313 0.874136 0.286867
1733733888.785032272338867 -35410712.819127 19054618.408970 -99769849.846484 0.271902 -0.301366 0.488772 0.772237
1733733888.885031223297119 -84394166.073032 42307620.865150 -103238489.701221 0.056530 -0.349961 -0.104965 0.929147
1733733888.985030174255371 -30452891.230148 24899288.638249 -91595769.037121 -0.184002 -0.248271 -0.656393 0.688224
1733733889.085028886795044 117861498.316071 45459568.116627 -343025979.343027 -0.346514 -0.036624 -0.925784 0.146663
1733733889.185027837753296 -30536433.398186 24993228.171206 -92091142.642607 -0.357474 0.188007 -0.792830 -0.456385
1733733889.285026550292969 43157380.689220 -38937333.980987 -203006220.210946 -0.210626 0.333089 -0.309296 -0.865462
1733733889.385025739669800 -30620402.916599 25087054.473279 -92587876.547487 0.024544 0.332448 0.303148 -0.892736
1733733889.485024690628052 -30631280.954412 25146787.904613 -92837313.167213 0.194442 0.196434 0.810776 -0.515993
1733733889.585023403167725 -48491801.609297 117577466.911678 -10644550.942500 0.367564 -0.037151 0.927836 0.051345
1733733889.685022354125977 -30745907.527598 25228184.886887 -93335473.515383 0.326934 -0.246818 0.671419 0.617569
1733733889.785021066665649 -30787947.291213 25275282.492434 -93585349.468403 0.145911 -0.349653 0.128030 0.916548
1733733889.885020017623901 28591826.541327 20312127.751815 108103028.862192 -0.097010 -0.303014 -0.470023 0.823316
1733733889.985018491744995 -30871510.853315 25369830.926834 -94086053.953677 -0.299120 -0.126086 -0.867693 0.376483
1733733890.085017442703247 58021880.095072 -22306846.009162 -977159.277034 -0.372683 0.103587 -0.893444 -0.228330
1733733890.185016155242920 -30955544.521413 25464327.232121 -94588121.083766 -0.288066 0.289258 -0.539776 -0.736199
1733733890.285015106201172 -54717000.695055 22270980.943914 -139017995.662264 -0.081101 0.351697 0.043118 -0.931597
1733733890.385014057159424 37974196425.505081 -36065795829.828178 84561742427.313263 0.161406 0.264689 0.609809 -0.729398
1733733890.485012769699097 -31081167.723764 25606280.736834 -95343738.264837 0.334676 0.063888 0.915292 -0.214827
1733733890.585011720657349 -22334062.275722 22115827.407459 -97721392.999431 0.363717 -0.162943 0.828705 0.392947
1733733890.685010910034180 -84274807.482499 71861645.943608 -86829418.790165 0.239239 -0.318336 0.383581 0.833242
1733733890.785009622573853 -31206767.607734 25748668.742967 -96102350.659991 0.010638 -0.342015 -0.218669 0.913836
1733733890.885008573532104 -31249095.722236 25796382.324550 -96355800.076612 -0.221090 -0.216092 -0.730156 0.609340
1733733890.985007286071777 11909498.608504 51049525.593720 -123272677.590273 -0.360085 0.001083 -0.931867 0.044291
1733733891.085005998611450 -39102294.751707 54361642.252764 -117913648.643414 -0.344651 0.217699 -0.738175 -0.537513
1733733891.185004949569702 -31374454.620178 25938889.238440 -97118521.513992 -0.184412 0.342142 -0.232440 -0.891573
1733733891.285003900527954 -70187626.683210 -27458138.674160 -21837110.363453 0.053540 0.322173 0.371051 -0.869287
1733733891.385002613067627 -31458555.753105 26034320.642842 -97628597.161903 0.268381 0.167005 0.817190 -0.481955
1733733891.485001325607300 -21227872.136821 -17250274.168802 -48212694.506554 0.370575 -0.057462 0.920994 0.105559
1733733891.585000038146973 -31542192.959989 26129696.152425 -98140034.611075 0.319209 -0.256899 0.644088 0.645956
1733733891.684998989105225 -31581398.182464 26177481.967356 -98396694.682087 0.133865 -0.355843 0.098242 0.919676
1733733891.784997940063477 -140854836.845277 187729652.806585 -226483917.747254 -0.105359 -0.298683 -0.488535 0.813032
1733733891.884996652603149 -31668079.263992 26273349.377480 -98909658.379133 -0.302032 -0.121917 -0.871934 0.365574
1733733891.984995603561401 -43222913.035898 24190677.077057 -30837603.776669 -0.372528 0.107886 -0.889868 -0.240248
1733733892.084994316101074 -31752101.971875 26368998.437977 -99424442.328954 -0.283718 0.292696 -0.526121 -0.746344
1733733892.184993505477905 -61357599.540739 -119654644.574695 -68912571.451178 -0.074576 0.351687 0.059436 -0.931248
1733733892.284992218017578 -31835878.519363 26465184.299030 -99940523.010795 0.165964 0.261592 0.619250 -0.721495
1733733892.384991168975830 -15562707.212274 40356841.594377 -123261860.321308 -0.336174 -0.061724 -0.918341 0.199566
1733733892.484990119934082 -31919959.780657 26561153.971907 -100457975.776137 0.363793 -0.167287 0.824351 0.400144
1733733892.584988832473755 5516672.400190 -14694771.024715 -69602329.178151 0.235248 -0.323488 0.378241 0.834834
1733733892.684987783432007 -32003728.896208 26657592.680386 -100976732.027571 0.003543 -0.340351 -0.235897 0.910221
1733733892.784990072250366 -34355117.198528 -8065045.210086 -40806787.286366 -0.225675 -0.212440 -0.739157 0.597985
1733733892.884988784790039 -32087879.287193 26753892.287264 -101496860.079330 -0.360684 0.006341 -0.932175 0.030289
1733733892.984987735748291 -32129858.795764 26802587.511352 -101757343.634551 -0.342617 0.222421 -0.728871 -0.549445
1733733893.084986686706543 42455864881242.171875 -72706748336394.312500 -80156648048325.640625 -0.176940 0.343699 -0.215030 -0.896842
1733733893.184985637664795 -32213683.174933 26898769.974810 -102279532.211614 0.062740 0.318557 0.392482 -0.860548
1733733893.284984588623047 -61571676.088779 -33439703.080121 -55758823.264509 0.276743 0.156581 0.831630 -0.455288
1733733893.384983777999878 -32297767.768166 26995783.984994 -102802955.339271 0.372056 -0.073415 0.913421 0.147803
1733733893.484982728958130 -367859426.273172 224339851.985454 39783198.123244 0.307588 -0.270506 0.604001 0.683666
1733733893.584981679916382 -32381688.228555 27092481.626838 -103327765.473964 0.113055 -0.352361 0.039879 0.928154
1733733893.684980630874634 119488241.766835 -757801160.959679 743652572.205467 -0.129491 -0.285185 -0.541609 0.780103
1733733893.784979581832886 -32465780.536583 27189803.034860 -103853858.074943 -0.317995 -0.095992 -0.894762 0.298440
1733733893.884978294372559 -32507643.432215 27238307.184715 -104117429.480356 -0.370472 0.133388 -0.865911 -0.308473
1733733893.984977245330811 -32549747.541321 27286777.624702 -104381340.677755 -0.265764 0.306067 -0.469725 -0.784252
1733733894.084976196289062 -32591899.722131 27335530.111703 -104645558.767033 -0.046631 0.348670 0.129938 -0.927023
1733733894.184975147247314 -32633806.041964 27384353.761314 -104910109.547260 0.191473 0.242324 0.671754 -0.673322
1733733894.284974098205566 -32675691.589001 27432966.581213 -105175021.287539 0.347841 0.033151 0.927332 -0.134029
1733733894.384972810745239 -32717827.620980 27481602.068166 -105440265.369334 0.356530 -0.190396 0.788840 0.462997
1733733894.484972238540649 -32759973.166608 27530519.384597 -105705818.725184 0.212777 -0.333238 0.312791 0.863621
1733733894.584971189498901 -32802083.839087 27579425.107155 -105971710.353350 -0.021209 -0.333534 -0.295256 0.895058
1733733894.684970140457153 -32844441.272874 27628320.772106 -106237938.565187 -0.246038 -0.192111 -0.777372 0.546124
1733733894.784969091415405 -32886838.312532 27677497.950977 -106504473.835085 -0.366567 0.032058 -0.929062 -0.038016
1733733894.884967803955078 -32928994.768220 27726727.922410 -106771343.065141 -0.330070 0.242088 -0.683206 -0.604712
1733733894.984966516494751 -32971139.682317 27775741.756941 -107038573.729159 -0.152876 0.348758 -0.146169 -0.913034
1733733895.084965705871582 -33013544.234558 27824786.190167 -107306137.755999 0.089014 0.306969 0.452115 -0.832729
1733733895.184964418411255 -33055948.564887 27874122.553068 -107574006.822737 0.294085 0.133460 0.859883 -0.395353
1733733895.284963369369507 -33098097.937507 27923482.316637 -107842214.481491 0.372782 -0.096663 0.898669 0.209963
1733733895.384962320327759 -33140272.219423 27972621.183236 -108110783.742301 0.292320 -0.285459 0.553798 0.725514
1733733895.484961748123169 -33182702.004392 28021826.648929 -108379682.512480 0.088294 -0.352447 -0.024324 0.931340
1733733895.584960460662842 -33225098.078411 28071318.436695 -108648886.597243 -0.153899 -0.269872 -0.593911 0.742127
1733733895.684959650039673 -33267244.350562 28120801.836973 -108918433.316706 -0.330679 -0.072184 -0.910867 0.236140
1733733895.784958362579346 -33309448.033218 28170072.442166 -109188339.110558 -0.366449 0.155790 -0.839780 -0.369073
1733733895.884957313537598 -33351901.117899 28219441.398233 -109458570.394910 -0.246246 0.317838 -0.410952 -0.818206
1733733895.984956026077271 -33394285.354500 28269082.875073 -109729110.157359 -0.020917 0.344393 0.193462 -0.918438
1733733896.084954977035522 -33436452.076452 28318699.845990 -109999993.339026 0.213218 0.223990 0.715007 -0.627002
1733733896.184953927993774 -33478714.785213 28368126.022335 -110271234.160576 0.356255 0.008857 0.931706 -0.070203
1733733896.284952878952026 -33521204.848024 28417688.014829 -110542795.965111 0.348472 -0.209719 0.754239 0.515470
1733733896.384951829910278 -33563588.295486 28467502.851505 -110814669.393470 0.191877 -0.340156 0.253569 0.884974
1733733896.484950780868530 -33605763.889559 28517234.202463 -111086891.848724 -0.046742 -0.324889 -0.355263 0.875243
1733733896.584949970245361 -33648053.727365 28566836.107913 -111359465.782840 -0.265347 -0.170608 -0.812038 0.490997
1733733896.684948921203613 -33690541.590377 28616620.473118 -111632355.283162 -0.370430 0.056770 -0.921319 -0.103587
1733733896.784945249557495 -33732877.731941 28666629.342793 -111905552.600119 -0.316558 0.260237 -0.634945 -0.654914
1733733896.884944200515747 -33775034.049901 28716511.787285 -112179110.629136 -0.128660 0.351549 -0.081193 -0.923725
1733733896.984943151473999 -33817367.429297 28766251.926457 -112453020.240527 0.113767 0.294226 0.507195 -0.802023
1733733897.084941864013672 -33859878.347472 28816208.666206 -112727241.920186 0.308015 0.112595 0.880878 -0.341326
1733733897.184941053390503 -33902203.580448 28866369.797238 -113001782.613074 0.371924 -0.118180 0.880885 0.267857
1733733897.284939765930176 -33944370.406359 28916371.096339 -113276678.762814 0.275394 -0.299214 0.499991 0.764616
1733733897.384938955307007 -33986746.691717 28966256.286926 -113551924.662185 0.059555 -0.350397 -0.097402 0.929617
1733733897.484937906265259 -34029271.599977 29016389.329611 -113827479.550688 -0.180770 -0.250752 -0.649881 0.694334
1733733897.584937095642090 -34071580.383805 29066696.414940 -114103356.372051 -0.342841 -0.045737 -0.923307 0.166950
1733733897.684935808181763 -34113759.320877 29116816.972811 -114379591.235584 -0.360799 0.177524 -0.809391 -0.428013
1733733897.784934520721436 -34156167.278429 29166845.581757 -114656171.704084 -0.227025 0.327302 -0.354226 -0.846083
1733733897.884933471679688 -34198700.268709 29217136.614167 -114933061.166618 0.003490 0.338638 0.252658 -0.906353
1733733897.984932422637939 -34241006.521298 29267576.625819 -115210274.700973 0.232199 0.206296 0.751459 -0.582095
1733733898.084931373596191 -34283211.768235 29317822.480197 -115487848.161537 0.363164 -0.016088 0.931577 -0.004232
1733733898.184930324554443 -34325654.593695 29368012.489781 -115765763.234435 0.337307 -0.230788 0.709971 0.573500
1733733898.284929275512695 -34368181.155112 29418473.689441 -116043986.075222 0.167053 -0.346190 0.184778 0.904490
1733733898.384928464889526 -34410472.984378 29469039.508415 -116322538.540281 -0.073463 -0.314114 -0.416675 0.849893
1733733898.484927415847778 -34452709.565175 29519402.698792 -116601450.717903 -0.281819 -0.150245 -0.840052 0.438539
1733733898.584926366806030 -34495189.626396 29569752.946961 -116880699.824155 -0.372264 0.077963 -0.910869 -0.160184
1733733898.684925317764282 -34537710.840581 29620378.877430 -117160256.644228 -0.304489 0.273752 -0.593804 -0.692634
1733733898.784924030303955 -34579993.051072 29671066.721400 -117440146.368841 -0.106402 0.352657 -0.022754 -0.929405
1733733898.884922981262207 -34622269.445062 29721564.029012 -117720395.361563 0.137543 0.280458 0.559032 -0.768055
1733733898.984921932220459 -34664766.633563 29772106.820748 -118000975.169660 0.321944 0.088866 0.900132 -0.279674
1733733899.084920883178711 -34707253.611969 29822931.152413 -118281862.564098 0.369333 -0.140447 0.858194 0.327675
1733733899.184919834136963 -34749496.634265 29873768.902561 -118563088.862987 0.259217 -0.310253 0.450018 0.796262
1733733899.284918546676636 -34791777.384600 29924395.895640 -118844674.830893 0.038657 -0.347565 -0.149680 0.924824
1733733899.384917974472046 -34834310.801270 29975103.755663 -119126589.528867 -0.197656 -0.237354 -0.684124 0.660735
1733733899.484916925430298 -34876793.541059 30026095.674653 -119408810.566263 -0.350286 -0.026647 -0.928938 0.116891
1733733899.584915876388550 -34919041.359994 30077047.272029 -119691376.237552 -0.354703 0.195104 -0.780863 -0.475787
1733733899.684914827346802 -34961363.463006 30127786.160083 -119974302.116194 -0.209540 0.334357 -0.303657 -0.867232
1733733899.784913778305054 -35003937.172687 30178637.230124 -120257551.294718 0.024056 0.332664 0.301842 -0.893111
1733733899.884912252426147 -35046431.288714 30229769.688164 -120541107.371843 0.247799 0.190277 0.780635 -0.541294
1733733899.984911441802979 -35088684.829239 30280850.641166 -120825011.412945 0.366491 -0.031824 0.929127 0.037344
1733733900.084910154342651 -35131035.926105 30331727.752542 -121109273.119603 0.330556 -0.241473 0.684861 0.602818
1733733900.184909105300903 -35173626.452122 30382741.301769 -121393856.333427 0.153705 -0.348625 0.148153 0.912626
1733733900.284908056259155 -35216111.238045 30434019.986113 -121678749.830824 -0.090130 -0.306452 -0.454609 0.831441
1733733900.384907007217407 -35258377.202568 30485217.144549 -121963992.242687 -0.295801 -0.131022 -0.862588 0.388942
1733733900.484906196594238 -35300776.162376 30536238.308707 -122249591.013780 -0.372680 0.100191 -0.896021 -0.219585
1733733900.584905385971069 -35343383.273885 30587434.378172 -122535506.745243 -0.289845 0.287568 -0.546173 -0.731430
1733733900.684904098510742 -35385845.007273 30638862.933379 -122821735.279199 -0.085427 0.352372 0.031759 -0.931412
1733733900.784898042678833 -35428118.099811 30690172.492969 -123108302.530568 0.158353 0.266851 0.603515 -0.734496
1733733900.884897232055664 -35470560.535049 30741341.837065 -123395236.578822 0.332950 0.067420 0.913508 -0.223834
1733733900.984895944595337 -35513128.775185 30792669.541416 -123682488.773901 0.365289 -0.161435 0.832498 0.383991
1733733901.084894895553589 -35555509.699007 30844184.063175 -123970061.215188 0.240762 -0.320833 0.394317 0.826810
1733733901.184893846511841 -35597743.987584 30895545.652126 -124257989.613871 0.012161 -0.342421 -0.214980 0.914540
1733733901.284892559051514 -35640161.148446 30946838.397539 -124546260.898581 -0.221108 -0.216772 -0.730392 0.608809
1733733901.384891510009766 -35682711.046391 30998380.307241 -124834842.523319 -0.359097 0.000953 -0.932244 0.044380
1733733901.484890222549438 -35725046.814489 31050082.603169 -125123746.109534 -0.345349 0.216195 -0.741470 -0.533118
1733733901.584888935089111 -35767266.176075 31101599.507188 -125413008.872442 -0.185513 0.341974 -0.235576 -0.890586
1733733901.684887886047363 -35809717.215987 31153040.937229 -125702616.181211 0.053997 0.322090 0.372320 -0.868746
1733733901.784886598587036 -35852275.115944 31204750.956820 -125992530.565369 0.269660 0.165447 0.819509 -0.477824
1733733901.884885549545288 -35894597.763859 31256593.088960 -126282771.598799 0.371271 -0.064248 0.918051 0.123343
1733733901.984884500503540 -35936838.062958 31308229.337670 -126573373.692168 0.312005 -0.265640 0.619138 0.669893
1733733902.084883213043213 -35979329.361849 31359826.305455 -126864314.789519 0.118837 -0.352199 0.055067 0.926715
1733733902.184881925582886 -36021890.135613 31411708.175326 -127155562.270022 -0.123396 -0.288781 -0.528499 0.788712
1733733902.284881114959717 -36064202.092843 31463686.222809 -127447141.145519 -0.312989 -0.104265 -0.888147 0.319940
1733733902.384880065917969 -36106464.016277 31515450.193360 -127739080.952636 -0.371268 0.125550 -0.873990 -0.287295
1733733902.484879016876221 -36148980.671931 31567205.861025 -128031357.078878 -0.272136 0.301673 -0.489408 -0.771632
1733733902.584877729415894 -36191536.005786 31619247.549656 -128323939.046554 -0.055043 0.349887 0.108998 -0.928799
1733733902.684876680374146 -36233845.351196 31671350.089459 -128616855.502251 0.185836 0.246766 0.660395 -0.684434
1733733902.784875392913818 -36276133.137945 31723261.864022 -128910130.072082 0.345805 0.038186 0.925886 -0.147292
1733733902.884874105453491 -36318670.377975 31775212.524629 -129203735.891264 0.358376 -0.185379 0.797283 0.448933
1733733902.984872817993164 -36361162.973207 31827425.916204 -129497658.808300 0.219741 -0.330516 0.332811 0.855400
1733733903.084871768951416 -36403488.371836 31879690.373215 -129791902.106079 -0.012784 -0.335972 -0.275311 0.900646
1733733903.184870719909668 -36445992.114574 31931730.679700 -130086485.678176 -0.240676 -0.197888 -0.766844 0.561128
1733733903.284869432449341 -36488381.861337 31983856.004246 -130381453.169797 -0.365171 0.025122 -0.930398 -0.019432
1733733903.384868383407593 -36530973.840761 32036327.301865 -130676670.440073 -0.333121 0.238012 -0.693329 -0.593022
1733733903.484867334365845 4287441211.948507 17253004550.382912 21470462197.458271 -0.157850 0.347989 -0.159410 -0.910261
1733733903.584866046905518 -36615585.492096 32140669.924898 -131268254.749844 0.084130 0.309133 0.441220 -0.838263
1733733903.684865236282349 -37726236.804552 49376112.377893 -135715460.883307 0.287829 0.142255 0.851048 -0.415494
1733733903.784863948822021 -36700733.599128 32245492.203684 -131861112.252740 0.372703 -0.087846 0.904782 0.186398
1733733903.884862899780273 -109740905.205758 -227013616.804407 -623234276.102774 0.297258 -0.281932 0.570633 0.711709
1733733903.984861850738525 -36785449.919751 32350220.168674 -132455336.004442 0.096290 -0.352644 -0.003727 0.930783
1733733904.084860563278198 -36830125.541974 32400332.381289 -132753049.768975 -0.149546 -0.274778 -0.575163 0.755858
1733733904.184859514236450 -87322347.714463 336439651.667539 35142298.253840 -0.327100 -0.079106 -0.906689 0.254290
1733733904.284858226776123 -36912878.728840 32507903.099140 -133349137.155915 -0.368336 0.146218 -0.851545 -0.343250
1733733904.384856939315796 165658382.851665 448101115.229292 825443292.323336 -0.259573 0.309936 -0.451166 -0.795620
1733733904.484855890274048 -36997976.945102 32612869.856867 -133946709.735599 -0.047443 0.348778 0.127785 -0.927240
1733733904.584854602813721 87864006.174189 -371915202.152410 304332079.428189 0.183365 0.248651 0.655367 -0.689234
1733733904.684853553771973 56727531.328574 4365941005.580738 -6907717392.469261 0.340072 0.050903 0.921432 -0.180895
1733733904.784852504730225 -37125235.613352 32770954.889780 -134845538.586615 0.363258 -0.168969 0.821964 0.404806
1733733904.884851217269897 -179294398.718527 -199662511.860705 -478234155.601988 0.240246 -0.321587 0.389945 0.828738
1733733904.984850168228149 -37210427.072796 32876631.447156 -135446412.671204 0.024664 -0.344939 -0.184227 0.920038
1733733905.084849357604980 -37247080.525216 32933008.618020 -135747458.418497 -0.190741 -0.236076 -0.694877 0.651945
1733733905.184848070144653 -37295197.399008 32982195.147357 -136048655.617897 -0.348702 -0.030894 -0.927901 0.128267
1733733905.284847021102905 -37335456.187960 33039262.933430 -136349842.639510 -0.358802 0.190418 -0.800077 -0.441452
1733733905.384845733642578 -37380454.577368 33088094.752891 -136652208.189723 -0.230683 0.325473 -0.364638 -0.841363
1733733905.484844684600830 -40589845.462083 15977558.903454 -66551737.222890 -0.012170 0.342216 0.214723 -0.914677
1733733905.584843635559082 -37465358.433991 33193800.718163 -137257137.750653 0.211978 0.224956 0.712402 -0.630034
1733733905.684842109680176 436947892.053235 -332709043.542092 470325915.064343 0.352544 0.020414 0.930142 -0.100654
1733733905.784841060638428 -37550718.121097 33299891.905482 -137863371.158303 0.356245 -0.191063 0.787542 0.465148
1733733905.884840011596680 -50503563.051295 77734399.343524 -41367790.351613 0.223265 -0.328621 0.342756 0.851281
1733733905.984838724136353 -37635626.534518 33405896.268095 -138470971.024882 0.002394 -0.339744 -0.238382 0.909804
1733733906.084837675094604 -37677856.078716 33464060.331843 -138774409.682806 -0.209995 -0.215116 -0.723267 0.621701
1733733906.184836387634277 -1159754848.838328 -849124.333687 884482458.859270 -0.354397 -0.015217 -0.930927 0.086872
1733733906.284835338592529 -37763445.842772 33565526.483029 -139384833.379722 -0.354683 0.195310 -0.780079 -0.477002
1733733906.384834051132202 -37805202.219882 33619237.100906 -139690126.714347 -0.215476 0.333130 -0.319550 -0.860513
1733733906.484833240509033 47819789.091786 -250059.772082 -69389062.452575 0.007072 0.337312 0.261108 -0.904430
1733733906.584832191467285 -37891385.327814 33725201.409826 -140301731.677495 0.227028 0.211205 0.741281 -0.595276
1733733906.684831142425537 2055216059884972288.000000 119715075041952768.000000 -1429603149860839936.000000 -0.359214 0.001092 -0.931966 0.049025
1733733906.784829854965210 -37976319.999258 33831841.280686 -140914669.307391 0.347952 -0.210862 0.751182 0.519800
1733733906.884828805923462 -632993665.349257 508330099.639286 36300733.980098 0.197967 -0.337834 0.270725 0.879423
1733733906.984827518463135 -38061780.366020 33938735.095369 -141528925.563760 -0.032554 -0.329572 -0.321434 0.887132
1733733907.084826231002808 -46922539.253231 -42161421.677125 -78636495.826762 -0.250548 -0.187588 -0.784823 0.534873
1733733907.184824943542480 -9504506.928409 353399008.866772 -265604771.380239 -0.367193 0.033374 -0.928603 -0.041858
1733733907.284823894500732 -38189519.523222 34099133.528897 -142452842.605112 -0.331196 0.240449 -0.686368 -0.601159
1733733907.384822607040405 -38235379.552190 34164509.665770 -142758741.172930 -0.174126 0.345861 -0.148120 -0.910011
1733733907.484821557998657 -38274744.724397 34206496.940601 -143070429.940820 0.083031 0.309593 0.437924 -0.839929
1733733907.584820508956909 -171346905.522200 -20555718.387678 -257393711.921901 0.290182 0.139211 0.853141 -0.410566
1733733907.684819221496582 -38360102.092765 34313649.876565 -143689390.279417 0.373073 -0.090800 0.902588 0.194695
1733733907.784820318222046 -46540997.298025 -64509510.228512 -250238157.355581 0.287120 -0.279239 0.565463 0.720999
1733733907.884819030761719 -38445267.857670 34421367.795597 -144309650.115780 0.094841 -0.352212 -0.007326 0.931074
1733733907.984817981719971 38158003.216709 -23503422.090161 -75554257.966737 -0.149345 -0.272806 -0.583621 0.750107
1733733908.084816932678223 -38530690.189227 34528832.737032 -144931280.263107 -0.328910 -0.076448 -0.908155 0.247445
1733733908.184815645217896 1021156044.140357 2062526207.717240 -1201885098.112455 -0.367350 0.152939 -0.843340 -0.361167
1733733908.284814596176147 -38615836.324415 34636816.453356 -145554208.284033 -0.248128 0.316554 -0.415781 -0.815691
1733733908.384813785552979 103908297.600064 -10665879.318758 -47419795.385066 -0.024294 0.344574 0.184992 -0.920031
1733733908.484812498092651 -38701327.985021 34744588.062800 -146178507.966879 0.210599 0.226298 0.709091 -0.633740
1733733908.584811449050903 -142980802.061960 -104941665.473326 -44977523.641437 0.355633 0.012267 0.931180 -0.079238
1733733908.684810161590576 -38786459.374351 34852823.032322 -146804112.414873 0.349455 -0.208179 0.756452 0.512174
1733733908.784809112548828 -38827559.400466 34906403.536901 -147117691.271763 0.194398 -0.341539 0.262030 0.881420
1733733908.884808063507080 -92279731.818050 -18256536.317825 -228012710.028641 -0.045172 -0.325994 -0.352052 0.876212
1733733908.984806776046753 -38914346.818436 35014842.217512 -147745088.015830 -0.263181 -0.173372 -0.807380 0.498815
1733733909.084805488586426 135893345.946758 32405096.887364 -444533537.804203 -0.368646 0.052188 -0.923944 -0.087769
1733733909.184804439544678 -38999822.793885 35122732.584108 -148374105.349123 -0.322593 0.252747 -0.654717 -0.635137
1733733909.284803152084351 -68196262.889478 -87370472.842969 -304663348.709598 -0.142867 0.348756 -0.119855 -0.918473
1733733909.384802103042603 -39085076.392759 35231195.110642 -149004414.869685 0.096262 0.303013 0.467996 -0.824559
1733733909.484801054000854 9472032340.430927 55511039835.410995 -60047236104.840942 0.318260 0.137073 0.864628 -0.363787
1733733909.584799766540527 -39170666.529829 35339458.930925 -149636094.073642 0.373204 -0.094349 0.900144 0.203857
1733733909.684798717498779 -39215190.769969 35384967.293518 -149953606.431339 -0.290296 0.269951 -0.575715 -0.715127
1733733909.784797430038452 -39255960.660703 35448234.112552 -150269072.810366 0.101462 -0.352068 0.009674 0.930409
1733733909.884796619415283 -39306533.688008 35485761.680389 -150587328.467445 -0.161219 -0.286601 -0.543011 0.772662
1733733909.984795570373535 162682047.961566 857463055.967001 -432400040.400007 0.317566 0.097154 0.893711 -0.301652
1733733910.084794282913208 -39384275.691196 35611389.029958 -151221073.313422 -0.371441 0.127751 -0.871381 -0.293951
1733733910.184793233871460 -462751268.470996 1453796196.574348 1492065048.541793 -0.273342 0.300487 -0.492634 -0.769613
1733733910.284791946411133 -39469561.619979 35720154.825588 -151857432.498929 -0.062614 0.350172 0.089644 -0.930281
1733733910.384790897369385 -424495125.583601 1228172059.919576 -408446418.631655 0.203938 0.253167 0.636031 -0.699844
1733733910.484789609909058 -39555228.634710 35829421.038299 -152495085.070069 0.338805 0.055834 0.919015 -0.193665
1733733910.584788560867310 -112886712.216977 71488576.301589 -138348740.338416 0.364011 -0.167280 0.823877 0.400923
1733733910.684787273406982 -39640547.612135 35938465.145694 -153134117.178753 0.237639 -0.321970 0.384838 0.831722
1733733910.784786224365234 -147867240.067559 67386476.070087 -277675864.216079 0.009512 -0.340262 -0.221433 0.913837
1733733910.884784936904907 -39726226.536027 36048018.050599 -153774442.134451 -0.224414 -0.213910 -0.735765 0.602105
1733733910.984783887863159 803841210.569670 245913830.168383 -899545766.676939 -0.356355 -0.055811 -0.931391 0.049066
1733733911.084782600402832 -39811614.363528 36157336.584672 -154416147.327707 -0.341883 0.222845 -0.726483 -0.552882
1733733911.184781789779663 -39852187.887302 36212064.247277 -154737811.941197 -0.175555 0.346995 -0.211230 -0.896748
1733733911.284780502319336 171959303.887549 -151273533.825080 -152507549.695547 0.064261 0.317732 0.395336 -0.859434
1733733911.384779453277588 -39939895.112674 36322052.701259 -155381158.748574 0.276798 0.156976 0.830903 -0.456444
1733733911.484778404235840 77089278.129126 -8764864.181206 -347026681.393061 0.374310 -0.077776 0.912968 0.142595
1733733911.584777355194092 -40025671.040532 36431892.367260 -156026183.522051 0.308204 -0.269682 0.605564 0.682330
1733733911.684776067733765 194195274.830921 2848372.482857 -306857748.961093 0.113179 -0.352812 0.018083 0.928648
1733733911.784777164459229 -40111026.460957 36542028.606645 -156672538.813485 -0.131411 -0.283885 -0.545226 0.777733
1733733911.884775876998901 -90465923.560559 5301979.879776 -64622105.968326 -0.318400 -0.095760 -0.894755 0.298102
1733733911.984774827957153 -40196848.438600 36652200.923739 -157320229.748348 -0.370843 0.132924 -0.866069 -0.307785
1733733912.084773540496826 49862372.522613 32647333.766778 -305398650.202069 -0.267224 0.304669 -0.473805 -0.781842
1733733912.184772491455078 -40282213.142112 36762585.248670 -157969254.499254 -0.051179 0.348917 0.118365 -0.928239
1733733912.284771442413330 -40324631.225637 36817831.374074 -158294321.977914 0.185914 0.246705 0.660840 -0.684005
1733733912.384769916534424 -27028386.747465 -31366988.150037 -30402935.037221 0.345449 0.040308 0.924995 -0.153051
1733733912.484768867492676 -40410731.533765 36928528.029088 -158945280.985292 0.359196 -0.183503 0.799471 0.445142
1733733912.584767818450928 -40455029.892712 36985259.331093 -159270816.867742 0.228607 -0.327364 0.346012 0.849027
1733733912.684766530990601 -1841242161.022064 2946604571.170699 1161237415.721699 0.008241 0.336871 0.263628 -0.903853
1733733912.784765481948853 -40539287.642377 37094557.880067 -159924339.701267 -0.235540 -0.203120 -0.756778 0.574934
1733733912.884764194488525 8811956.546162 44819990.259866 -241797542.232466 -0.363883 0.017625 -0.931278 0.000150
1733733912.984763145446777 -40624676.203649 37205480.420949 -160578712.940979 -0.338079 0.229789 -0.711296 -0.571802
1733733913.084762334823608 -145717754.206819 -332471903.882041 -1129722230.415700 -0.169763 0.344333 -0.191267 -0.903345
1733733913.184761047363281 -40710577.561046 37316608.219776 -161234410.839377 0.071620 0.314519 0.412060 -0.852147
1733733913.284759998321533 -40750964.530322 37374787.318974 -161562620.922816 0.278424 0.148527 0.841598 -0.438330
1733733913.384758949279785 486819977.272320 -402333695.569562 -194859091.146763 0.372493 -0.074059 0.912826 0.150041
1733733913.484757900238037 -40838942.650876 37483402.019188 -162220486.463526 0.308796 -0.269056 0.607412 0.680665
1733733913.584756851196289 19009284.290196 46477476.986402 -300253025.170942 0.116504 -0.351793 0.050190 0.927443
1733733913.684755325317383 -40924507.827277 37595110.324154 -162879503.004755 -0.122248 -0.289300 -0.525109 0.790962
1733733913.784754276275635 -43805081.873008 15825720.657405 -150881028.913607 -0.310009 -0.110091 -0.883223 0.334204
1733733913.884752988815308 -41010239.745627 37706504.260835 -163539904.207729 -0.372519 0.112597 -0.885654 -0.253316
1733733913.984751939773560 -41055196.468746 37767319.636970 -163869450.459752 -0.295859 0.291038 -0.537575 -0.734014
1733733914.084750890731812 -76375598.920287 394399045.815272 98208844.500239 -0.087728 0.352019 0.025569 -0.931522
1733733914.184749603271484 -41138641.327579 37874103.551142 -164532987.977465 0.147636 0.273944 0.580020 -0.752818
1733733914.284748554229736 -44622777.703726 168879135.267820 -273371700.430312 0.326781 0.081698 0.904008 -0.263266
1733733914.384747266769409 -41224593.031149 37986046.630871 -165196706.801696 0.368992 -0.143875 0.853922 0.337583
1733733914.484746456146240 -26617192.356520 130096200.926381 -134202175.012812 0.256504 -0.311613 0.441321 0.801460
1733733914.584745407104492 -41310110.992144 38097942.109219 -165861788.732098 0.035125 -0.346602 -0.158181 0.923911
1733733914.684744358062744 26725944.777199 -78551850.662178 -63052786.813644 -0.201650 -0.234052 -0.691348 0.653142
1733733914.784743070602417 -41396076.796439 38210208.158402 -166528175.893538 -0.352678 -0.021050 -0.929912 0.102167
1733733914.884742021560669 -71342037.406709 1312675.483750 -120439106.970716 -0.352381 0.201252 -0.769334 -0.493407
1733733914.984740734100342 -41481636.713434 38322358.629974 -167195931.684077 -0.200936 0.337001 -0.278815 -0.876537
1733733915.084739446640015 -47123075.022326 44448174.638453 -186021503.957418 0.038061 0.327748 0.334449 -0.882766
1733733915.184738397598267 -45472194.670499 -34025027.245258 -115890038.071527 0.259800 0.177286 0.801530 -0.508550
1733733915.284737110137939 -41610341.944826 38491231.626182 -168200025.485969 0.369646 -0.048045 0.924404 0.080815
1733733915.384736061096191 -200491541.782775 258820871.872706 106442496.949970 0.322355 -0.252855 0.654472 0.635466
1733733915.484735012054443 25118188712.559090 -35079783355.443771 -44716622034.969162 0.137295 -0.350383 0.104352 0.920593
1733733915.584733963012695 -41739233.305907 38660261.049190 -169207143.428812 -0.107032 -0.297773 -0.491589 0.811305
1733733915.684732675552368 -41772378.196037 38684485.008896 -169548447.731127 0.296061 0.175808 0.858063 -0.381009
1733733915.784731864929199 -139396143.669537 86468895.431959 -77298296.271153 -0.372490 0.114236 -0.884124 -0.257927
1733733915.884730577468872 -41868016.834919 38829466.038756 -170217284.141054 -0.280191 0.295284 -0.514757 -0.754537
1733733915.984729528427124 -105680370.524041 -38497122.818998 -334209755.795933 -0.069121 0.350043 0.072218 -0.931384
1733733916.084728479385376 -41953679.131471 38942668.917757 -170892360.352457 0.171576 0.257606 0.630250 -0.712029
1733733916.184727191925049 -106489794.166775 -8967558.499038 -137928645.454269 0.339485 0.054334 0.919682 -0.189693
1733733916.284726142883301 -42039604.171429 39055894.467507 -171568782.159304 0.362521 -0.172630 0.816285 0.415278
1733733916.384724855422974 -48078976.761234 34771733.601286 -149276383.318624 0.230181 -0.325603 0.363050 0.842136
1733733916.484723806381226 -42125138.898095 39169396.105183 -172246530.028351 -0.000289 -0.339077 -0.244759 0.908361
1733733916.584722518920898 -34471489.763486 73260614.656489 -211733560.442249 -0.228049 -0.209145 -0.745317 0.590554
1733733916.684721469879150 -59220118.198732 7843601.467742 -136839906.352188 -0.361972 0.009772 -0.931903 0.020908
1733733916.784720420837402 -42253940.080292 39339910.711828 -173265653.032671 -0.341306 0.224185 -0.723963 -0.555993
1733733916.884719133377075 -42296644.627474 39396429.799360 -173606088.181876 -0.173782 0.344400 -0.204073 -0.899746
1733733916.984718084335327 -85047701.096747 468214030.932090 -46954174.939363 0.067377 0.316455 0.402517 -0.856327
1733733917.084716796875000 -42382743.467835 39510535.571558 -174287804.759511 0.280674 0.151935 0.837510 -0.443525
1733733917.184715986251831 211555451.740628 217879480.076358 -237589982.097337 0.373531 -0.079368 0.910142 0.160676
1733733917.284714937210083 -42468311.502505 39624533.632775 -174970907.199249 0.305467 -0.272593 0.596325 0.690493
1733733917.384713649749756 -42511490.161416 39682487.120800 -175312775.539532 0.110293 -0.352031 0.028652 0.929026
1733733917.484712600708008 -43168638.252872 36518868.838491 -183136733.874648 -0.134087 -0.282199 -0.551120 0.773726
1733733917.584711551666260 -42597179.290947 39795931.307691 -175998044.475459 -0.320905 -0.091455 -0.898050 0.286639
1733733917.684710264205933 -42638157.520206 39852338.755869 -176341434.444599 -0.367160 0.139958 -0.858648 -0.329134
1733733917.784708976745605 -42683075.591267 39910054.381713 -176684506.770354 -0.260423 0.309113 -0.453223 -0.794492
1733733917.884707927703857 -42725347.494514 39966898.417757 -177028418.405821 -0.041400 0.348866 0.141326 -0.925530
1733733917.984706640243530 -42768885.857187 40024790.808609 -177372256.242062 0.195541 0.239148 0.679165 -0.665812
1733733918.084705591201782 60362316.860277 -49102202.454182 -469196478.368517 0.348863 0.028955 0.928288 -0.125446
1733733918.184704303741455 -42854834.576386 40139208.759505 -178061390.351661 0.355552 -0.193456 0.783180 0.472003
1733733918.284703254699707 -83680310.442042 56300969.737371 -82713359.422335 0.209549 -0.333994 0.303517 0.867418
1733733918.384702205657959 -42940612.616011 40254187.526930 -178751818.340818 -0.026046 -0.331803 -0.305856 0.892009
1733733918.484701395034790 -117048524.241407 40998590.659031 -200293202.305674 -0.251062 -0.187185 -0.785437 0.533871
1733733918.584700345993042 -43026622.966203 40368908.177329 -179443624.221172 -0.367715 0.036032 -0.927954 -0.048882
1733733918.684699058532715 -26282928.149162 -246162038.830001 -485063606.337955 -0.328405 0.239645 -0.677811 -0.612612
1733733918.784698009490967 -43112381.431906 40484158.727082 -180136725.628826 -0.151453 0.348559 -0.142078 -0.913993
1733733918.884696722030640 -43150993.660629 40521232.906373 -180487063.891573 0.107466 0.325586 0.439896 -0.830022
1733733918.984695672988892 -43198453.758470 40599184.374196 -180831199.721299 0.295555 0.131795 0.861475 -0.391328
1733733919.084694385528564 1528725.978882 82932368.984270 -225929089.986045 0.373282 -0.097607 0.897830 0.212212
1733733919.184693098068237 -43284198.957156 40714687.027565 -181526976.632707 0.294211 -0.283401 0.559379 0.721262
1733733919.284692049026489 -43327178.671038 40772033.896950 -181875423.398613 0.094001 -0.352077 -0.008611 0.931199
1733733919.384690761566162 -208398792.282971 -595855.975733 -360680205.255291 -0.142803 -0.277314 -0.568040 0.761600
1733733919.484689712524414 -43413284.241580 40887975.587337 -182573169.228439 -0.321722 -0.089994 -0.899093 0.282891
1733733919.584688663482666 -114942440.487973 5834931.833276 -75437874.826985 -0.370444 0.135377 -0.863383 -0.314665
1733733919.684687614440918 -43499059.874531 41003510.444969 -183272323.322654 -0.267443 0.304542 -0.474587 -0.781342
1733733919.784686326980591 -43542424.932020 41063104.065907 -183622059.321748 -0.056010 0.348595 0.111829 -0.928891
1733733919.884685516357422 -43585197.076253 41119569.091156 -183972768.556817 0.177443 0.253155 0.642284 -0.701354
1733733919.984684467315674 332665592.574650 948221355.126230 -263496562.512410 0.339269 0.054938 0.919667 -0.189976
1733733920.084683179855347 -43670992.974364 41235406.741777 -184674592.210639 0.364687 -0.164396 0.827799 0.393353
1733733920.184682130813599 -194073980.816475 242357407.346458 492153422.865122 0.240975 -0.320300 0.394779 0.826734
1733733920.284680843353271 -43757127.662326 41351606.641925 -185377724.741644 0.014519 -0.342611 -0.208708 0.915886
1733733920.384679794311523 -112937928.324322 -59126790.643893 -249260171.442141 -0.219179 -0.218575 -0.725862 0.614255
1733733920.484678506851196 -43842973.726920 41467582.381725 -186082236.345356 -0.359648 0.000876 -0.932026 0.044489
1733733920.584677457809448 -43981135.252587 41506136.320592 -186412496.378067 -0.420364 0.122240 -0.673931 -0.595120
1733733920.684676170349121 -43929082.429837 41584088.075782 -186788039.462888 -0.183293 0.342058 -0.229015 -0.892722
1733733920.784675121307373 155259728.186515 195207949.447042 319562775.567027 0.056887 0.320549 0.378269 -0.866559
1733733920.884673833847046 -44014995.643531 41700327.811500 -187495225.307771 0.273380 0.161207 0.824920 -0.467742
1733733920.984672784805298 -34876389.355714 28384692.773084 -196429557.744148 0.375713 -0.062182 0.914449 0.136954
1733733921.084671735763550 -44101089.836403 41817146.218207 -188203699.114708 0.309803 -0.268065 0.609916 0.678355
1733733921.184670686721802 76335667.013440 -1370943.225215 -253335087.042601 0.115010 -0.351703 0.044984 0.927930
1733733921.284669637680054 -44187065.051932 41933703.695028 -188913554.162208 -0.128343 -0.285638 -0.538205 0.782480
1733733921.384668350219727 -68695646.576590 -161224764.508401 -28850121.478683 -0.316964 -0.098541 -0.892462 0.305509
1733733921.484667539596558 -44273111.610733 42050939.004055 -189624686.802442 -0.371224 0.131421 -0.867509 -0.303891
1733733921.584666252136230 -36300948.521044 -7867970.870652 -246349231.194605 -0.265869 0.305196 -0.470699 -0.783971
1733733921.684665203094482 -44359144.497243 42167826.164171 -190337208.232649 -0.047527 0.348245 0.127523 -0.927472
1733733921.784663915634155 214763199.248139 -322275940.605473 275010270.250453 0.191915 0.241893 0.671566 -0.673540
1733733921.884662628173828 -44445212.710411 42285354.037225 -191051010.765840 0.348488 0.033015 0.927110 -0.133913
1733733921.984661579132080 -44467421.032818 42338653.271113 -191411155.753028 0.327221 -0.203751 0.784271 0.486139
1733733922.084660530090332 -340856147.002378 307453618.039730 534458821.584317 0.215426 -0.331631 0.319844 0.860995
1733733922.184659242630005 -44574475.894058 42461423.267176 -192124273.129439 -0.020274 -0.333338 -0.292271 0.896132
1733733922.284658193588257 -44607179.804508 42526037.819387 -192482632.431288 -0.240342 -0.187215 -0.793181 0.527304
1733733922.384656906127930 54413294.772198 48512937.659023 -295200721.256218 -0.367506 0.032764 -0.928574 -0.040205
1733733922.484656095504761 -192778108.373765 -141196135.138251 -79492068.643073 -0.329801 0.242728 -0.680328 -0.607839
1733733922.584655046463013 -44746728.493319 42696856.896496 -193559950.107940 -0.151913 0.348285 -0.143089 -0.913863
1733733922.684653759002686 -488520911.878673 284895325.419860 -767779568.055174 0.089887 0.305978 0.453567 -0.832211
1733733922.784652709960938 -44832659.112951 42814697.071304 -194279804.215217 0.294411 0.133562 0.859255 -0.396439
1733733922.884651660919189 147310447.394763 -70522421.712023 -505333864.752446 0.373567 -0.096945 0.898073 0.210985
1733733922.984650373458862 -1234851089.733499 563904242.724898 1556759022.402687 0.292394 -0.285204 0.552714 0.726410
1733733923.084649085998535 -44961948.790737 42991991.939481 -195362057.271024 0.085414 -0.351641 -0.032107 0.931677
1733733923.184647798538208 -45005393.362047 43054398.890654 -195722882.434831 -0.153097 -0.264663 -0.599348 0.739795
1733733923.284646749496460 -476625225.600094 -511544453.230753 511465195.129031 -0.332041 -0.070583 -0.911373 0.232736
1733733923.384645700454712 -45091386.931315 43169450.527406 -196447333.106053 -0.367079 0.156016 -0.838943 -0.370253
1733733923.484644651412964 -71720210.992595 280467.353321 -273360855.669972 -0.245285 0.315771 -0.408839 -0.820350
1733733923.584643602371216 -45177418.567947 43287820.013955 -197172536.714143 -0.019316 0.343330 0.197257 -0.918064
1733733923.684642314910889 -101854640.981330 -46214036.953686 -221502831.205014 0.215889 0.221515 0.719102 -0.622266
1733733923.784641504287720 -45263826.996101 43406715.356772 -197899030.827844 0.358386 0.004105 0.931772 -0.057822
1733733923.884640455245972 124991876.807281 52658995.527528 -483866866.831386 0.347050 -0.212866 0.745675 0.527459
1733733923.984639167785645 -45349924.733430 43525380.641530 -198626904.267708 0.188057 -0.340595 0.242167 0.888811
1733733924.084638118743896 -35981744.296159 63842867.823042 5221836.706603 -0.050768 -0.322786 -0.363921 0.872235
1733733924.184636831283569 -45436346.536740 43644587.359248 -199356067.150780 -0.269478 -0.166158 -0.817738 0.480706
1733733924.284635782241821 883148488.985927 794295089.133125 -1302717280.752564 -0.371536 0.062657 -0.918525 -0.119781
1733733924.384634494781494 -45522509.698901 43763535.424541 -200086612.845999 -0.312768 0.264810 -0.619744 -0.669305
1733733924.484633207321167 -45566196.627056 43824140.457252 -200452173.266233 -0.119227 0.351046 -0.052495 -0.927252
1733733924.584632158279419 -118931880.807008 119616730.833708 -266315494.472397 0.127401 0.286498 0.535457 -0.784202
1733733924.684631109237671 -45651952.974203 43942679.064182 -201184885.951585 0.317444 0.097803 0.893016 -0.303622
1733733924.784632444381714 194935559.558713 -94948494.912238 -713584532.430835 0.371737 -0.131841 0.866333 0.306424
1733733924.884631395339966 -45738363.927219 44062110.042443 -201918765.783053 0.264082 -0.306850 0.463520 0.788196
1733733924.984630107879639 51639398.520629 -36795581.548698 -247748174.571851 0.041908 -0.347420 -0.141338 0.926049
1733733925.084629058837891 -45824323.802150 44181779.168273 -202653967.000452 -0.200352 -0.235057 -0.688502 0.656180
1733733925.184628009796143 -45869649.006382 44239820.085144 -203022101.676573 -0.355573 -0.023699 -0.928571 0.103745
1733733925.284626722335815 21946201.813150 -193847184.385654 -618371575.100080 -0.352899 0.200778 -0.770052 -0.492108
1733733925.384625673294067 -45953723.944223 44361613.011743 -203759262.776794 -0.201773 0.336520 -0.280641 -0.875946
1733733925.484624862670898 -89939404.518202 141392302.511289 -349520879.357599 0.036262 0.328099 0.330196 -0.884312
1733733925.584623813629150 -46039942.971688 44481394.794941 -204497830.071571 0.259301 0.177877 0.800144 -0.510775
1733733925.684622526168823 -26338024.647217 -697967.930523 -156541344.455136 0.370311 -0.049418 0.923812 0.083656
1733733925.784621477127075 -46126033.733200 44601789.291041 -205237682.428937 0.321627 -0.254107 0.650611 0.639290
1733733925.884620428085327 -46177075.347225 44629827.612901 -205610910.968995 0.114160 -0.334859 0.146943 0.923712
1733733925.984619140625000 -96640943.629213 92108731.533348 -308356803.828575 -0.107206 -0.297268 -0.492294 0.811040
1733733926.084617853164673 -46255442.896520 44782223.986376 -206350008.914411 -0.304987 -0.117921 -0.875328 0.356200
1733733926.184616565704346 23474003.407841 -51423702.016594 -382556193.216994 -0.372969 0.112610 -0.885498 -0.253192
1733733926.284615516662598 -46341401.727299 44902648.061225 -207093239.041835 -0.281363 0.294530 -0.516953 -0.752893
1733733926.384614467620850 -616240372.197580 800917014.679879 94363194.637696 -0.070396 0.350106 0.071019 -0.931357
1733733926.484613418579102 -46427831.143856 45023426.818552 -207837778.034847 0.171214 0.257508 0.629270 -0.713018
1733733926.584612131118774 -120905088.941387 -16345005.401142 -167716.731989 0.339219 0.055366 0.919050 -0.192905
1733733926.684611082077026 -46513762.429406 45144294.686051 -208583663.950890 0.363677 -0.169777 0.820128 0.407804
1733733926.784610271453857 -46623919.848702 45393002.141398 -208850075.477853 0.547368 -0.370001 0.400964 0.634599
1733733926.884608983993530 -67295691.795962 39819087.749993 -206570844.431917 0.003159 -0.340230 -0.235034 0.910490
1733733926.984607934951782 -46642195.901666 45326076.717297 -209704982.054759 -0.227520 -0.210861 -0.741343 0.595133
1733733927.084606647491455 -34684884.802756 -73794962.884345 -151711253.277595 -0.361995 0.008622 -0.931828 0.024118
1733733927.184605598449707 -46728134.701929 45447551.269285 -210454181.601964 -0.341027 0.224873 -0.721881 -0.558588
1733733927.284604549407959 -73451816.727144 67492545.113515 -64134704.388323 -0.174650 0.343900 -0.205084 -0.899539
1733733927.384603261947632 -46813715.381238 45568916.294288 -211204748.861982 0.065832 0.316842 0.398506 -0.858178
1733733927.484601974487305 -14654502.785011 57558468.060537 -254668078.218963 0.278607 0.154997 0.833179 -0.451848
1733733927.584600925445557 -46899675.969328 45690790.579868 -211956608.414898 0.372764 -0.073427 0.913042 0.148358
1733733927.684599637985229 -348583381.883222 21248459.496985 -107643482.132137 0.307844 -0.270155 0.603264 0.684340
1733733927.784598588943481 -46985308.866076 45812455.428445 -212709846.197855 0.111963 -0.351743 0.037014 0.928639
1733733927.884597539901733 -47026871.698124 45877505.007456 -213086443.463684 -0.130283 -0.280454 -0.553652 0.773202
1733733927.984596252441406 -94956891.313881 -255125632.157854 196516874.186233 -0.319225 -0.094692 -0.895470 0.295402
1733733928.084595203399658 -47114018.490010 45995669.051096 -213842157.308758 -0.370824 0.134147 -0.864573 -0.311460
1733733928.184593915939331 -35879610.166871 120264949.963434 -140092338.780179 -0.265277 0.305982 -0.467416 -0.785828
1733733928.284593105316162 -47200064.173973 46117741.017553 -214598726.577855 -0.045952 0.348057 0.131249 -0.927102
1733733928.384592056274414 -204557341.917140 246282813.261174 -562151751.369588 0.187674 0.238048 0.671243 -0.676421
1733733928.484591007232666 -47285710.268416 46240217.622885 -215356608.440439 0.349426 0.030790 0.927665 -0.128028
1733733928.584589958190918 -169015896.348262 214730805.120015 -25009206.654276 0.355670 -0.193761 0.782295 0.473254
1733733928.684588670730591 -47371792.787817 46362625.856939 -216115843.535128 0.209435 -0.333801 0.302554 0.867856
1733733928.784584760665894 9497410.009618 -16411647.642324 -759423042.077222 -0.026723 -0.330810 -0.308782 0.891350
1733733928.884583711624146 -47457451.801455 46485346.413775 -216876391.292534 -0.250889 -0.187258 -0.784961 0.534626
1733733928.984582424163818 -47501774.621127 46547647.407145 -217256853.819384 -0.369518 0.037585 -0.927239 -0.047653
1733733929.084581136703491 13326477.064998 55106246.880525 -178994150.478708 -0.327549 0.246053 -0.671775 -0.617161
1733733929.184579849243164 -47586217.381822 46669646.325338 -218019734.585010 -0.146344 0.349007 -0.128236 -0.916697
1733733929.284579038619995 -51270473.308742 119112988.518579 -326948285.708031 0.097300 0.302301 0.469833 -0.823653
1733733929.384577751159668 -47672021.921322 46792383.408750 -218783669.442459 0.298976 0.127018 0.866283 -0.379517
1733733929.484576702117920 15022578.723508 -10831638.645450 -290230564.009781 0.373615 -0.102307 0.894069 0.224912
1733733929.584575414657593 -363837956.759928 339249897.289162 139198118.889615 0.289429 -0.287812 0.542930 0.733909
1733733929.684574127197266 -47800651.085324 46977216.080881 -219932026.620995 0.081329 -0.351455 -0.042082 0.931716
1733733929.784573078155518 -47844524.374656 47039115.497591 -220315341.612608 -0.160461 -0.264177 -0.606589 0.732470
1733733929.884571790695190 -47886697.830791 47100640.580810 -220699262.830439 -0.334605 -0.065424 -0.914217 0.219014
1733733929.984570503234863 -97749420.806074 109150657.565288 -183472781.482621 -0.365526 0.162412 -0.830330 -0.388028
1733733930.084569215774536 -47972290.346772 47224084.536641 -221467852.964082 -0.240814 0.320183 -0.393646 -0.827366
1733733930.184567928314209 -148864393.284246 56455141.425115 -355078559.946680 -0.016516 0.338637 0.207941 -0.917504
1733733930.284566640853882 -48058390.055902 47347792.689719 -222237760.463655 0.219237 0.218659 0.725325 -0.614839
1733733930.384565353393555 22368367.183439 188324457.000024 -370663076.877051 0.359379 0.000491 0.931773 -0.051431
1733733930.484564304351807 -48144026.839918 47471499.321692 -223009026.148015 0.345472 -0.216577 0.739337 0.535841
1733733930.584563016891479 -48192642.040984 47534322.864829 -223394340.566283 0.184460 -0.335626 0.224289 0.896116
1733733930.684561729431152 -762336063.435664 -491950145.116334 -1123154305.302197 -0.055853 -0.320396 -0.376452 0.867474
1733733930.784560441970825 -48272918.995173 47657599.381045 -224168394.381758 -0.272307 -0.162739 -0.822700 0.471730
1733733930.884559392929077 -42141189.550521 53391066.337100 -256151285.553245 -0.372483 0.065090 -0.917437 -0.123813
1733733930.984558105468750 -39380198.952566 253776421.961628 -51046127.716576 -0.312951 0.264459 -0.620748 -0.668427
1733733931.084556818008423 -48401896.163071 47843770.067912 -225330796.350552 -0.121305 0.351348 -0.061611 -0.926306
1733733931.184555530548096 -35327701.569929 71913369.212137 -197217185.460563 0.119784 0.289554 0.522999 -0.792643
1733733931.284554719924927 -48487602.925434 47967915.061580 -226107421.730007 0.312925 0.105455 0.886763 -0.323432
1733733931.384553432464600 1060752688.548135 920547670.688693 -1682486856.269392 0.372250 -0.124414 0.875278 0.282559
1733733931.484552383422852 -48573675.384985 48092511.341433 -226885344.913432 0.274147 -0.299798 0.494753 0.768234
1733733931.584551095962524 411313.038638 73526375.216087 -113506728.577012 0.060302 -0.349767 -0.095340 0.930020
1733733931.684549808502197 -48659441.473368 48216911.805043 -227664643.576882 -0.179032 -0.251923 -0.645139 0.698769
1733733931.784548759460449 -192949704.264350 -279914702.764883 -149130151.038057 -0.342684 -0.047653 -0.922285 0.172298
1733733931.884547472000122 -48745449.525646 48341812.322485 -228445238.093013 -0.361494 0.176951 -0.809469 -0.427517
1733733931.984546184539795 -76863241.928963 143440000.285260 -64170069.608524 -0.227254 0.326657 -0.353927 -0.846396
1733733932.084544897079468 -48831189.904851 48466462.072982 -229227213.576269 0.003846 0.337883 0.253015 -0.906534
1733733932.184543609619141 -287068244.543765 193065792.995958 -501681483.649466 0.233433 0.204296 0.753228 -0.580018
1733733932.284542322158813 -48917187.780423 48591632.830214 -230010481.509977 0.363704 -0.015460 0.931368 -0.005798
1733733932.384541034698486 -77532110.974012 163274474.704447 -76199860.218626 0.337857 -0.230271 0.709893 0.573481
1733733932.484539985656738 -49002993.183013 48716495.871142 -230795137.621299 0.166564 -0.345656 0.182985 0.905149
1733733932.584538698196411 -74336288.273273 80582218.437597 -308431358.607772 -0.076585 -0.311191 -0.424075 0.847028
1733733932.684537410736084 -49089009.383715 48841955.884778 -231581077.612146 -0.289093 -0.141194 -0.850505 0.416089
1733733932.784536361694336 -49133002.625123 48917610.247655 -231972204.951715 0.377733 -0.105891 0.900339 0.188401
1733733932.884535074234009 -823067587.360426 367854317.142088 628936977.309293 -0.291834 0.285732 -0.550542 -0.728075
1733733932.984533786773682 -49217947.698331 49030006.198827 -232762539.209587 -0.079323 0.351365 0.047138 -0.931680
1733733933.084532499313354 -324073491.055370 -142981125.175240 -687887166.648609 0.169337 0.260486 0.623536 -0.717408
1733733933.184531450271606 -49303666.316035 49155657.067715 -233551842.359831 0.340877 0.051926 0.920544 -0.183590
1733733933.284530401229858 -147001382.644841 16010908.086942 -127323442.595078 0.361641 -0.176769 0.809671 0.427085
1733733933.384529113769531 -49389866.027625 49281453.353754 -234342475.997906 0.223396 -0.328306 0.342663 0.851406
1733733933.484528064727783 -49431566.940109 49344290.987769 -234738439.777305 -0.010633 -0.337439 -0.269776 0.901800
1733733933.584526777267456 87951961.159658 37106777.179565 -67717106.358403 -0.240776 -0.197994 -0.766092 0.562075
1733733933.684525489807129 -49518788.942478 49470292.228333 -235530949.241984 -0.365925 0.024955 -0.930107 -0.019441
1733733933.784524202346802 -83700893.663604 10836481.154807 -304780438.170888 -0.333026 0.237129 -0.694317 -0.592272
1733733933.884523153305054 -49604692.652491 49596695.826343 -236324900.079174 -0.157665 0.347194 -0.158728 -0.910716
1733733933.984521865844727 163874364.316234 84889161.878633 18945751.390682 0.085977 0.307899 0.444168 -0.836971
1733733934.084520578384399 -49690845.923355 49722935.443523 -237120216.495312 0.293837 0.134752 0.857887 -0.399415
1733733934.184519290924072 -39239997.974123 54438292.589995 -247980078.326870 0.373428 -0.097626 0.897647 0.212723
1733733934.284518003463745 -49776747.814058 49849715.736417 -237916829.199174 0.288426 -0.288619 0.539489 0.736520
1733733934.384516716003418 -49818791.757056 49890436.333105 -238318623.951693 0.048801 -0.353841 -0.049061 0.932742
1733733934.484515666961670 -49862994.409692 49976335.485969 -238714807.983719 -0.174095 -0.255702 -0.634652 0.708184
1733733934.584514379501343 -52826186.652744 68543036.640538 -252952913.755981 -0.343978 -0.044510 -0.923510 0.163789
1733733934.684513092041016 -49948893.705456 50103415.712854 -239514091.873228 -0.358619 0.185991 -0.795069 -0.452400
1733733934.784512042999268 -50052811.025898 50285896.568946 -239863237.246062 -0.350795 0.301057 -0.197292 -0.864513
1733733934.884510755538940 -50035206.590808 50230379.216702 -240314736.277811 0.030580 0.330003 0.316276 -0.888894
1733733934.984509468078613 -50096006.877820 50286059.529429 -240714433.981326 0.273906 0.180548 0.780827 -0.531684
1733733935.084508180618286 -50121104.953155 50357686.513471 -241116699.209342 0.370533 -0.050239 0.923380 0.086893
1733733935.184507131576538 -95794861.917196 107672039.589480 -148024653.208812 0.319815 -0.256236 0.644134 0.645874
1733733935.284506082534790 -50207470.744930 50484994.882086 -241920010.247114 0.131842 -0.350451 0.089673 0.922909
1733733935.384504795074463 5163736.796223 -31075883.442152 -148293021.296572 -0.111503 -0.295130 -0.500926 0.805940
1733733935.484503746032715 -50293386.025620 50612545.512575 -242724651.151739 -0.307747 -0.114021 -0.879064 0.345741
1733733935.584502458572388 -99891383.379276 75637873.331355 -135933377.376534 -0.372971 0.114677 -0.883446 -0.259355
1733733935.684501171112061 -50379755.328709 50740162.340012 -243530630.272945 -0.280828 0.294654 -0.515403 -0.754105
1733733935.784499883651733 2894613601.938075 929053898.181508 4155688581.600517 -0.069066 0.350445 0.072979 -0.931178
1733733935.884498834609985 -50465675.630860 50867921.799688 -244337952.032205 0.172183 0.257001 0.630642 -0.711755
1733733935.984497547149658 -35567162.376161 48173630.574919 -253315468.118111 0.339533 0.055018 0.919357 -0.190978
1733733936.084496259689331 -50552075.604802 50995858.261143 -245146599.757260 0.363132 -0.171746 0.817006 0.413690
1733733936.184494972229004 24380936.070868 127953697.122285 -148759929.232406 0.232436 -0.324084 0.369195 0.839427
1733733936.284493684768677 -50638022.795846 51123861.871013 -245956597.264998 0.003262 -0.339648 -0.235472 0.910594
1733733936.384492397308350 23302858.020909 569720497.627985 -972048942.469099 -0.226403 -0.212102 -0.738939 0.598100
