# timestamp(s) tx ty tz qx qy qz qw
1732543087.218410491943359 -0.000000 0.000000 -0.000000 -0.992209 0.096415 -0.000000 0.078904
1732543087.318409681320190 0.000382 -0.000165 0.001086 -0.992223 0.096333 -0.002518 0.078780
1732543087.418408870697021 0.000841 -0.000317 0.000387 -0.992204 0.096442 -0.002329 0.078903
1732543087.518407821655273 0.001213 -0.000502 -0.000104 -0.991942 0.096606 -0.001221 0.081960
1732543087.618406772613525 0.001727 -0.000996 -0.000063 -0.991886 0.096558 -0.001762 0.082681
1732543087.718405723571777 0.001467 -0.001561 -0.000509 -0.991856 0.096440 -0.002519 0.083155
1732543087.818404674530029 0.002023 -0.001642 0.000185 -0.991862 0.096578 -0.002281 0.082928
1732543087.918403863906860 0.002485 -0.001541 0.000585 -0.991844 0.096626 -0.002185 0.083094
1732543088.018402814865112 0.002735 -0.001945 0.000279 -0.991868 0.096550 -0.002393 0.082884
1732543088.118402004241943 0.002881 -0.001836 0.000088 -0.991874 0.096482 -0.002702 0.082881
1732543088.218401193618774 0.003198 -0.002177 0.000231 -0.991877 0.096487 -0.002400 0.082852
1732543088.318400144577026 0.003383 -0.002271 0.000390 -0.991888 0.096496 -0.002508 0.082706
1732543088.418399095535278 0.003676 -0.002687 0.000513 -0.991886 0.096416 -0.002581 0.082827
1732543088.518397808074951 0.004690 -0.002683 0.000420 -0.991873 0.096546 -0.002542 0.082823
1732543088.618396997451782 0.004746 -0.003046 0.000348 -0.991887 0.096466 -0.002413 0.082757
1732543088.718395948410034 0.004894 -0.002966 0.000536 -0.991874 0.096444 -0.002308 0.082941
1732543088.818395137786865 0.005193 -0.003294 0.000567 -0.991869 0.096437 -0.002420 0.083011
1732543088.918394327163696 0.005635 -0.003516 0.000539 -0.991842 0.096555 -0.002491 0.083192
1732543089.018393516540527 0.005401 -0.003470 0.000851 -0.991829 0.096676 -0.002505 0.083207
1732543089.118392467498779 0.005904 -0.003834 0.001051 -0.991827 0.096733 -0.002408 0.083165
1732543089.218391418457031 0.006571 -0.004195 0.001811 -0.991797 0.096897 -0.002461 0.083325
1732543089.318390130996704 0.007343 -0.004953 0.001582 -0.991794 0.096913 -0.002614 0.083340
1732543089.418389320373535 0.007169 -0.005337 0.001785 -0.991798 0.096953 -0.002297 0.083259
1732543089.518388271331787 0.007192 -0.005995 0.001744 -0.991774 0.096919 -0.002386 0.083574
1732543089.618387460708618 0.007543 -0.006099 0.001765 -0.991754 0.097065 -0.002555 0.083644
1732543089.718386650085449 0.007631 -0.006354 0.001835 -0.991716 0.097169 -0.002942 0.083963
1732543089.818385601043701 0.006319 -0.005802 0.001132 -0.991673 0.097365 -0.002705 0.084247
1732543089.918384790420532 0.006516 -0.005735 0.000859 -0.991633 0.097563 -0.002788 0.084488
1732543090.018383741378784 0.006360 -0.006032 0.001157 -0.991605 0.097741 -0.002706 0.084610
1732543090.118382453918457 0.006509 -0.005553 0.000977 -0.991543 0.098041 -0.002943 0.084986
1732543090.218381643295288 0.006740 -0.005445 0.000867 -0.991514 0.098237 -0.002949 0.085090
1732543090.318380594253540 0.006832 -0.005212 0.001173 -0.991507 0.098270 -0.002837 0.085141
1732543090.418379545211792 0.007011 -0.004802 -0.000425 -0.991541 0.098141 -0.003170 0.084881
1732543090.518378973007202 0.007151 -0.005272 -0.000907 -0.991546 0.098030 -0.003471 0.084940
1732543090.618377923965454 0.006704 -0.005146 -0.000787 -0.991536 0.097976 -0.003449 0.085115
1732543090.718377113342285 0.005905 -0.004442 -0.002611 -0.991486 0.098054 -0.002971 0.085633
1732543090.818376064300537 0.007438 -0.013240 0.022479 -0.991946 0.103274 -0.006005 0.073091
1732543090.918374776840210 0.005530 -0.010689 0.013991 -0.992310 0.107080 -0.006176 0.061785
1732543091.018373966217041 0.001025 -0.008711 0.016537 -0.992734 0.104732 -0.003728 0.059124
1732543091.118372917175293 -0.003448 -0.004179 0.029045 -0.993487 0.102523 -0.007482 0.049157
1732543091.218371868133545 -0.010901 0.003457 0.046594 -0.993695 0.103198 -0.013310 0.041754
1732543091.318371295928955 -0.020842 0.012468 0.059527 -0.993827 0.104084 -0.015791 0.035005
1732543091.418370246887207 -0.027061 0.018023 0.067172 -0.993847 0.105100 -0.017378 0.030344
1732543091.518369197845459 -0.032446 0.019885 0.072295 -0.993721 0.106651 -0.018656 0.028221
1732543091.618368387222290 -0.037536 0.020960 0.077782 -0.993541 0.108227 -0.020618 0.027162
1732543091.718367099761963 -0.040296 0.019785 0.080170 -0.993387 0.109557 -0.022037 0.026329
1732543091.818366050720215 -0.042368 0.018501 0.081974 -0.993159 0.111588 -0.023026 0.025541
1732543091.918365240097046 -0.044922 0.017371 0.084903 -0.992986 0.113021 -0.024230 0.024869
1732543092.018364191055298 -0.046388 0.015883 0.087609 -0.992780 0.114677 -0.025583 0.024125
1732543092.118363618850708 -0.047390 0.022606 0.087932 -0.993773 0.105396 -0.027968 0.022911
1732543092.218362569808960 -0.047747 0.033903 0.086840 -0.995740 0.085124 -0.029951 0.018940
1732543092.318361520767212 -0.048431 0.048441 0.090250 -0.997409 0.062564 -0.031664 0.016093
1732543092.418360471725464 -0.050429 0.064809 0.092567 -0.998669 0.035015 -0.034967 0.014534
1732543092.518359422683716 -0.056714 0.081114 0.092943 -0.998848 0.001790 -0.042816 0.021595
1732543092.618358373641968 -0.060187 0.101123 0.090385 -0.998328 -0.031904 -0.044644 0.018156
1732543092.718357563018799 -0.066023 0.131577 0.091142 -0.996764 -0.067107 -0.038479 0.021845
1732543092.818356513977051 -0.080953 0.164423 0.091675 -0.992794 -0.110456 -0.042819 0.018082
1732543092.918355464935303 -0.093249 0.201062 0.083116 -0.986693 -0.154509 -0.049327 0.011444
1732543093.018354892730713 -0.105350 0.234941 0.083280 -0.979979 -0.191816 -0.053187 0.004469
1732543093.118353843688965 -0.119528 0.270645 0.084430 -0.971128 -0.231808 -0.056322 0.001772
1732543093.218352794647217 -0.136803 0.311002 0.088690 -0.959691 -0.275799 -0.054073 0.001781
1732543093.318351984024048 -0.159481 0.350083 0.089629 -0.944333 -0.324064 -0.056071 0.008552
1732543093.418350696563721 -0.183252 0.378205 0.088625 -0.926553 -0.371681 -0.056794 0.011316
1732543093.518349647521973 -0.212890 0.405379 0.086961 -0.905751 -0.419583 -0.058764 0.010572
1732543093.618348836898804 -0.263909 0.423086 0.079957 -0.882295 -0.467033 -0.057340 0.012179
1732543093.718347787857056 -0.298736 0.439325 0.078713 -0.860900 -0.505636 -0.055858 0.007985
1732543093.818347215652466 -0.330062 0.460736 0.077792 -0.838378 -0.542723 -0.050226 0.007202
1732543093.918346166610718 -0.366470 0.477689 0.077164 -0.813529 -0.579395 -0.049229 0.006999
1732543094.018345117568970 -0.401709 0.494505 0.080169 -0.787776 -0.613898 -0.048550 0.013492
1732543094.118344306945801 -0.430834 0.501406 0.073088 -0.761139 -0.646540 -0.046623 0.021898
1732543094.218343019485474 -0.452588 0.503936 0.072779 -0.741715 -0.668613 -0.048512 0.021514
1732543094.318351030349731 -0.468954 0.510828 0.071512 -0.734814 -0.676183 -0.049025 0.020536
1732543094.418349504470825 -0.484188 0.512551 0.068668 -0.733793 -0.677105 -0.051696 0.020109
1732543094.518347740173340 -0.480306 0.531181 0.049240 -0.734731 -0.675973 -0.054420 0.016379
1732543094.618345975875854 -0.483342 0.558933 0.054426 -0.736258 -0.674441 -0.052776 0.016388
1732543094.718344211578369 -0.483332 0.599050 0.060440 -0.737703 -0.672910 -0.051656 0.017833
1732543094.818342447280884 -0.483564 0.650368 0.059005 -0.737562 -0.673219 -0.049359 0.018509
1732543094.918340921401978 -0.480425 0.691864 0.059059 -0.734818 -0.676338 -0.046312 0.021543
1732543095.018339157104492 -0.482371 0.726158 0.062208 -0.731851 -0.679664 -0.043702 0.023240
1732543095.118337392807007 -0.480992 0.771248 0.062246 -0.728964 -0.682840 -0.041889 0.024226
1732543095.218335866928101 -0.473223 0.818188 0.064939 -0.729946 -0.681625 -0.044054 0.025002
1732543095.318334341049194 -0.468445 0.862043 0.071885 -0.732271 -0.679124 -0.044917 0.023484
1732543095.418332576751709 -0.454988 0.903842 0.082159 -0.733235 -0.678107 -0.043245 0.025823
1732543095.518331050872803 -0.444819 0.945908 0.088188 -0.734741 -0.676384 -0.041828 0.030176
1732543095.618329524993896 -0.433844 0.988734 0.085188 -0.733120 -0.677777 -0.043751 0.035208
1732543095.718327760696411 -0.427689 1.024128 0.084160 -0.730150 -0.680989 -0.041409 0.037681
1732543095.818325757980347 -0.422565 1.066127 0.083844 -0.727034 -0.684452 -0.039412 0.037328
1732543095.918323993682861 -0.422008 1.108798 0.084406 -0.723748 -0.687995 -0.038821 0.036666
1732543096.018322467803955 -0.415146 1.155163 0.083088 -0.724406 -0.687060 -0.044235 0.035036
1732543096.118320703506470 -0.406705 1.193336 0.089974 -0.725430 -0.685987 -0.045253 0.033547
1732543096.218319177627563 -0.407770 1.228476 0.096667 -0.726214 -0.685056 -0.045790 0.034861
1732543096.318317413330078 -0.411176 1.269568 0.098161 -0.725647 -0.685601 -0.046415 0.035124
1732543096.418315887451172 -0.419798 1.298727 0.091106 -0.722314 -0.689089 -0.047326 0.034343
1732543096.518314361572266 -0.408811 1.330432 0.096401 -0.719522 -0.692143 -0.044538 0.035240
1732543096.618312835693359 -0.415904 1.336212 0.092011 -0.717751 -0.693993 -0.042964 0.036891
1732543096.718311071395874 -0.417157 1.348191 0.087989 -0.715505 -0.696375 -0.041125 0.037723
1732543096.818309307098389 -0.415037 1.359917 0.088740 -0.715262 -0.696439 -0.045295 0.036352
1732543096.918307542800903 -0.422476 1.362102 0.090168 -0.716222 -0.695535 -0.043719 0.036686
1732543097.018306016921997 -0.419856 1.372708 0.095446 -0.717337 -0.694371 -0.044300 0.036252
1732543097.118304014205933 -0.422142 1.376286 0.096862 -0.716723 -0.694967 -0.041309 0.040284
1732543097.218302488327026 -0.426199 1.377038 0.104265 -0.713783 -0.697878 -0.043499 0.039858
1732543097.318309783935547 -0.427152 1.383130 0.103708 -0.711226 -0.700347 -0.044190 0.041453
1732543097.418308258056641 -0.431155 1.380334 0.108944 -0.709175 -0.702411 -0.042956 0.042936
1732543097.518306493759155 -0.429487 1.382050 0.112013 -0.707350 -0.704262 -0.041479 0.044168
1732543097.618304967880249 -0.427422 1.384165 0.114822 -0.705864 -0.705772 -0.040239 0.044971
1732543097.718302965164185 -0.423403 1.387492 0.115382 -0.704930 -0.706745 -0.038562 0.045817
1732543097.818301439285278 -0.422360 1.389475 0.116149 -0.704502 -0.707201 -0.036734 0.046839
1732543097.918299674987793 -0.416894 1.393503 0.117437 -0.704143 -0.707577 -0.034712 0.048078
1732543098.018297910690308 -0.416062 1.394574 0.117064 -0.703929 -0.707775 -0.033143 0.049400
1732543098.118296384811401 -0.412561 1.397565 0.118838 -0.703697 -0.707993 -0.031632 0.050546
1732543098.218294620513916 -0.411015 1.397979 0.119460 -0.703468 -0.708207 -0.030229 0.051596
1732543098.318292856216431 -0.409105 1.400516 0.119755 -0.703187 -0.708472 -0.028880 0.052542
1732543098.418291568756104 -0.408319 1.399670 0.119888 -0.703042 -0.708599 -0.028178 0.053154
1732543098.518289804458618 -0.408735 1.397664 0.120656 -0.702925 -0.708727 -0.028037 0.053064
1732543098.618288278579712 -0.408875 1.398999 0.120336 -0.702789 -0.708892 -0.028478 0.052425
1732543098.718286514282227 -0.413624 1.399058 0.121333 -0.702597 -0.709150 -0.029289 0.051044
1732543098.818284988403320 -0.418977 1.398791 0.121604 -0.702190 -0.709603 -0.030433 0.049658
1732543098.918283224105835 -0.424307 1.401692 0.121686 -0.701581 -0.710264 -0.030896 0.048526
1732543099.018281221389771 -0.426051 1.405979 0.121742 -0.700716 -0.711168 -0.030603 0.047969
1732543099.118279457092285 -0.429585 1.407336 0.122671 -0.699886 -0.712021 -0.029989 0.047807
1732543099.218277931213379 -0.430498 1.409547 0.122784 -0.699218 -0.712691 -0.029312 0.048032
1732543099.318276166915894 -0.429738 1.412659 0.122662 -0.698734 -0.713159 -0.028491 0.048623
1732543099.418274641036987 -0.427132 1.412966 0.122980 -0.698485 -0.713381 -0.027653 0.049407
1732543099.518272876739502 -0.425903 1.413006 0.123688 -0.698337 -0.713490 -0.026730 0.050434
1732543099.618271350860596 -0.422415 1.413891 0.123671 -0.698180 -0.713614 -0.025877 0.051291
1732543099.718269824981689 -0.421895 1.412161 0.124271 -0.698111 -0.713651 -0.025140 0.052075
1732543099.818268060684204 -0.420067 1.413172 0.124106 -0.697943 -0.713789 -0.024650 0.052656
1732543099.918266534805298 -0.418766 1.413530 0.124416 -0.697702 -0.714019 -0.024625 0.052758
1732543100.018264770507812 -0.420595 1.413041 0.123959 -0.697459 -0.714259 -0.025014 0.052535
1732543100.118263006210327 -0.420977 1.413567 0.125136 -0.697252 -0.714485 -0.025379 0.052038
1732543100.218261241912842 -0.424486 1.412070 0.125122 -0.697158 -0.714593 -0.026058 0.051459
1732543100.318259477615356 -0.426273 1.412849 0.125682 -0.696984 -0.714794 -0.026904 0.050593
1732543100.418257951736450 -0.428061 1.414390 0.125563 -0.696751 -0.715047 -0.027872 0.049692
1732543100.518256187438965 -0.432126 1.414353 0.125439 -0.696441 -0.715376 -0.028868 0.048722
1732543100.618254423141479 -0.435535 1.414744 0.125679 -0.696005 -0.715823 -0.029951 0.047720
1732543100.718252897262573 -0.438770 1.416752 0.125450 -0.695363 -0.716465 -0.030989 0.046782
1732543100.818251132965088 -0.443491 1.414686 0.125816 -0.694663 -0.717167 -0.031634 0.045979
1732543100.918249845504761 -0.447073 1.413687 0.125773 -0.693989 -0.717838 -0.032164 0.045316
1732543101.018248081207275 -0.447904 1.416149 0.126011 -0.693292 -0.718522 -0.032422 0.044962
1732543101.118246316909790 -0.450242 1.415868 0.125425 -0.692694 -0.719108 -0.032570 0.044699
1732543101.218244791030884 -0.451076 1.413503 0.125953 -0.692303 -0.719496 -0.032280 0.044726
1732543101.318282365798950 -0.451542 1.411144 0.125154 -0.692145 -0.719647 -0.032050 0.044900
1732543101.418281316757202 -0.450584 1.411798 0.124999 -0.691833 -0.719947 -0.031845 0.045047
1732543101.518280506134033 -0.449514 1.413545 0.125603 -0.691343 -0.720417 -0.031803 0.045089
1732543101.618279695510864 -0.449720 1.414059 0.125480 -0.690938 -0.720813 -0.031860 0.044929
1732543101.718278646469116 -0.448101 1.416875 0.125332 -0.690407 -0.721334 -0.031945 0.044657
1732543101.818278074264526 -0.449218 1.417992 0.125360 -0.689950 -0.721797 -0.032206 0.044064
1732543101.918277263641357 -0.450128 1.419513 0.125350 -0.689512 -0.722245 -0.032448 0.043385
1732543102.018276214599609 -0.451556 1.418698 0.125275 -0.689069 -0.722696 -0.032653 0.042755
1732543102.118274927139282 -0.453357 1.418745 0.124045 -0.688719 -0.723057 -0.032940 0.042056
1732543102.218274116516113 -0.452921 1.419570 0.125689 -0.688290 -0.723504 -0.032893 0.041445
1732543102.318273305892944 -0.451450 1.422069 0.124599 -0.687945 -0.723861 -0.033083 0.040771
1732543102.418272256851196 -0.453014 1.420522 0.124046 -0.687690 -0.724133 -0.033101 0.040233
1732543102.518271446228027 -0.453155 1.420708 0.123328 -0.687545 -0.724325 -0.032800 0.039502
1732543102.618270874023438 -0.454245 1.420516 0.122786 -0.687344 -0.724542 -0.032725 0.039056
1732543102.718269824981689 -0.452489 1.422518 0.123716 -0.687124 -0.724788 -0.032439 0.038616
1732543102.818268537521362 -0.451591 1.424326 0.122279 -0.686948 -0.724980 -0.032242 0.038304
1732543102.918267726898193 -0.452294 1.423586 0.122099 -0.686815 -0.725138 -0.031898 0.037993
1732543103.018266916275024 -0.454227 1.421993 0.122566 -0.686762 -0.725223 -0.031433 0.037692
1732543103.118265867233276 -0.451849 1.425144 0.121618 -0.686689 -0.725314 -0.031105 0.037555
1732543103.218265056610107 -0.453455 1.422381 0.122366 -0.686653 -0.725383 -0.030516 0.037361
1732543103.318264245986938 -0.453158 1.423374 0.121608 -0.686665 -0.725392 -0.030092 0.037310
1732543103.418263435363770 -0.451608 1.425627 0.121480 -0.686679 -0.725404 -0.029550 0.037261
1732543103.518262386322021 -0.451127 1.425239 0.120841 -0.686731 -0.725371 -0.028924 0.037426
1732543103.618261337280273 -0.449728 1.425559 0.121400 -0.686767 -0.725359 -0.028272 0.037501
1732543103.718260526657104 -0.449021 1.425517 0.120222 -0.686858 -0.725278 -0.027646 0.037854
1732543103.818259477615356 -0.447380 1.426869 0.120670 -0.686888 -0.725260 -0.026948 0.038179
1732543103.918258428573608 -0.447314 1.426297 0.120485 -0.686945 -0.725210 -0.026249 0.038564
1732543104.018257856369019 -0.445156 1.428589 0.120160 -0.686965 -0.725184 -0.025674 0.039091
1732543104.118257045745850 -0.443400 1.430364 0.120920 -0.686966 -0.725184 -0.025018 0.039497
1732543104.218255996704102 -0.442662 1.431625 0.120673 -0.686978 -0.725167 -0.024509 0.039906
1732543104.318254709243774 -0.445624 1.427395 0.120545 -0.687061 -0.725087 -0.023998 0.040258
1732543104.418253898620605 -0.442422 1.431122 0.120595 -0.687016 -0.725123 -0.023641 0.040579
1732543104.518253087997437 -0.444761 1.427312 0.120759 -0.687062 -0.725076 -0.023232 0.040881
1732543104.618252038955688 -0.443278 1.429313 0.120885 -0.687009 -0.725119 -0.022819 0.041235
1732543104.718251466751099 -0.442361 1.429337 0.120966 -0.686975 -0.725142 -0.022432 0.041598
1732543104.818250656127930 -0.438375 1.433785 0.121181 -0.686901 -0.725206 -0.022097 0.041878
1732543104.918249607086182 -0.441156 1.430286 0.120257 -0.686934 -0.725168 -0.021868 0.042141
1732543105.018248319625854 -0.440015 1.431057 0.120700 -0.686845 -0.725249 -0.021643 0.042292
1732543105.118247509002686 -0.438761 1.432439 0.120277 -0.686755 -0.725329 -0.021571 0.042428
1732543105.218246698379517 -0.439309 1.431099 0.120402 -0.686710 -0.725371 -0.021391 0.042531
1732543105.318245649337769 -0.439059 1.431795 0.120590 -0.686613 -0.725460 -0.021293 0.042620
1732543105.418245077133179 -0.440195 1.431313 0.120776 -0.686541 -0.725526 -0.021219 0.042684
1732543105.518244028091431 -0.441267 1.430169 0.120871 -0.686459 -0.725607 -0.021139 0.042690
1732543105.618243217468262 -0.441609 1.430821 0.120407 -0.686330 -0.725726 -0.021100 0.042753
1732543105.718242168426514 -0.440917 1.434204 0.120511 -0.686041 -0.725990 -0.021100 0.042906
1732543105.818241119384766 -0.442089 1.433771 0.120139 -0.685873 -0.726148 -0.021181 0.042892
1732543105.918240308761597 -0.440795 1.435544 0.121570 -0.685629 -0.726383 -0.021159 0.042800
1732543106.018239259719849 -0.442503 1.434784 0.120933 -0.685417 -0.726584 -0.021402 0.042686
1732543106.118238687515259 -0.445560 1.433026 0.120608 -0.685190 -0.726807 -0.021761 0.042345
1732543106.218237638473511 -0.444906 1.436483 0.120181 -0.684889 -0.727101 -0.022324 0.041860
1732543106.318236827850342 -0.448916 1.433593 0.120799 -0.684648 -0.727351 -0.022791 0.041225
1732543106.418235778808594 -0.451154 1.433058 0.120301 -0.684362 -0.727637 -0.023344 0.040594
1732543106.518234729766846 -0.455405 1.432531 0.120358 -0.684143 -0.727857 -0.023878 0.040031
1732543106.618233919143677 -0.459856 1.430498 0.120952 -0.684069 -0.727938 -0.024059 0.039710
1732543106.718232870101929 -0.459780 1.434157 0.120056 -0.684022 -0.727983 -0.024210 0.039602
1732543106.818232059478760 -0.462099 1.434463 0.119914 -0.683918 -0.728087 -0.024048 0.039586
1732543106.918231248855591 -0.465508 1.433290 0.119577 -0.683588 -0.728402 -0.024087 0.039474
1732543107.018230438232422 -0.463578 1.437072 0.119176 -0.683157 -0.728809 -0.023863 0.039545
1732543107.118229389190674 -0.466037 1.433302 0.120009 -0.682966 -0.728998 -0.023236 0.039733
1732543107.218228340148926 -0.462381 1.435789 0.118780 -0.682786 -0.729160 -0.022555 0.040251
1732543107.318227291107178 -0.460435 1.435607 0.119539 -0.682669 -0.729262 -0.021909 0.040737
1732543107.418226480484009 -0.459186 1.435419 0.119448 -0.682710 -0.729211 -0.021533 0.041161
1732543107.518225431442261 -0.459041 1.435305 0.119155 -0.682882 -0.729045 -0.021480 0.041269
1732543107.618224859237671 -0.456032 1.438216 0.119483 -0.682942 -0.728983 -0.021425 0.041426
1732543107.718224048614502 -0.458406 1.435140 0.120006 -0.682944 -0.728974 -0.021432 0.041536
1732543107.818222999572754 -0.457554 1.436297 0.119890 -0.682777 -0.729124 -0.021640 0.041537
1732543107.918221950531006 -0.459142 1.436310 0.119553 -0.682555 -0.729334 -0.022107 0.041249
1732543108.018221139907837 -0.458729 1.436400 0.119981 -0.682085 -0.729780 -0.022521 0.040931
1732543108.118220090866089 -0.461551 1.434897 0.120009 -0.681578 -0.730252 -0.022926 0.040719
1732543108.218219041824341 -0.460942 1.436929 0.118859 -0.680922 -0.730863 -0.023845 0.040191
1732543108.318218231201172 -0.463439 1.435134 0.120809 -0.680223 -0.731519 -0.024588 0.039644
1732543108.418217420578003 -0.464948 1.435358 0.119678 -0.679444 -0.732236 -0.025822 0.038973
1732543108.518216609954834 -0.465213 1.437986 0.119469 -0.678725 -0.732900 -0.027239 0.038044
1732543108.618215799331665 -0.468280 1.436272 0.119416 -0.678113 -0.733469 -0.028410 0.037144
1732543108.718214511871338 -0.473715 1.432119 0.119185 -0.677682 -0.733871 -0.029479 0.036223
1732543108.818213701248169 -0.472757 1.437979 0.119874 -0.677366 -0.734189 -0.029881 0.035333
1732543108.918212652206421 -0.476018 1.435191 0.119029 -0.677104 -0.734432 -0.030454 0.034812
1732543109.018211841583252 -0.475956 1.436126 0.118735 -0.676905 -0.734626 -0.030594 0.034483
1732543109.118211269378662 -0.474779 1.437177 0.118542 -0.676744 -0.734789 -0.030451 0.034280
1732543109.218210220336914 -0.475105 1.436004 0.118067 -0.676777 -0.734775 -0.030065 0.034265
1732543109.318209171295166 -0.474060 1.436672 0.118285 -0.676745 -0.734820 -0.029592 0.034344
1732543109.418208122253418 -0.474905 1.433960 0.118082 -0.676964 -0.734648 -0.029024 0.034214
1732543109.518207311630249 -0.472591 1.436054 0.116610 -0.677254 -0.734414 -0.028362 0.034034
1732543109.618206262588501 -0.472851 1.434269 0.116414 -0.677609 -0.734132 -0.027549 0.033718
1732543109.718205451965332 -0.471261 1.436056 0.115738 -0.677988 -0.733830 -0.026598 0.033424
1732543109.818204879760742 -0.470688 1.435195 0.115411 -0.678436 -0.733474 -0.025545 0.032979
1732543109.918203830718994 -0.469354 1.435929 0.114292 -0.678820 -0.733175 -0.024557 0.032477
1732543110.018202781677246 -0.468877 1.436179 0.113434 -0.679360 -0.732730 -0.023622 0.031905
1732543110.118201971054077 -0.468596 1.435205 0.113286 -0.679899 -0.732286 -0.022558 0.031386
1732543110.218200922012329 -0.467041 1.437570 0.111120 -0.680475 -0.731794 -0.021645 0.031036
1732543110.318199872970581 -0.464592 1.438811 0.111489 -0.681028 -0.731327 -0.020627 0.030597
1732543110.418198823928833 -0.462571 1.440939 0.110698 -0.681617 -0.730815 -0.019739 0.030294
1732543110.518198013305664 -0.463126 1.439824 0.110332 -0.682144 -0.730356 -0.018893 0.030050
1732543110.618197441101074 -0.461996 1.441437 0.109208 -0.682568 -0.729981 -0.018470 0.029804
1732543110.718196392059326 -0.459234 1.443466 0.109832 -0.682839 -0.729747 -0.018052 0.029567
1732543110.818195581436157 -0.459908 1.443082 0.109205 -0.683175 -0.729439 -0.017714 0.029629
1732543110.918194532394409 -0.460393 1.442978 0.108910 -0.683493 -0.729134 -0.017530 0.029888
1732543111.018193483352661 -0.459818 1.442844 0.109469 -0.683696 -0.728931 -0.017173 0.030398
1732543111.118192434310913 -0.457477 1.443658 0.110914 -0.683773 -0.728843 -0.016880 0.030933
1732543111.218191623687744 -0.457803 1.442739 0.110404 -0.683837 -0.728746 -0.016728 0.031859
1732543111.318191051483154 -0.456739 1.443040 0.110146 -0.683850 -0.728693 -0.016590 0.032883
1732543111.418190002441406 -0.454910 1.443668 0.112447 -0.683814 -0.728685 -0.016276 0.033942
1732543111.518188953399658 -0.453942 1.444450 0.111598 -0.683799 -0.728643 -0.016206 0.035150
1732543111.618188142776489 -0.452304 1.444605 0.112716 -0.683777 -0.728615 -0.015997 0.036254
1732543111.718187093734741 -0.450706 1.444275 0.113727 -0.683820 -0.728526 -0.015941 0.037219
1732543111.818186044692993 -0.448702 1.444873 0.114897 -0.683908 -0.728398 -0.016162 0.038015
1732543111.918185234069824 -0.449609 1.444975 0.119836 -0.683790 -0.728440 -0.016485 0.039171
1732543112.018184661865234 -0.450048 1.442816 0.120844 -0.683632 -0.728538 -0.017276 0.039777
1732543112.118183612823486 -0.450544 1.442971 0.121438 -0.683404 -0.728708 -0.018248 0.040145
1732543112.218182563781738 -0.451557 1.444752 0.122344 -0.683016 -0.729026 -0.019436 0.040419
1732543112.318181753158569 -0.454887 1.441710 0.122734 -0.682508 -0.729472 -0.020606 0.040360
1732543112.418180704116821 -0.457691 1.441454 0.122429 -0.682086 -0.729850 -0.021601 0.040141
1732543112.518179655075073 -0.458570 1.442786 0.122916 -0.681847 -0.730072 -0.021986 0.039953
1732543112.618178844451904 -0.460661 1.442634 0.123488 -0.681717 -0.730195 -0.021959 0.039937
1732543112.718178272247314 -0.461585 1.442813 0.123364 -0.681687 -0.730220 -0.021869 0.040056
1732543112.818177223205566 -0.461641 1.442028 0.123233 -0.681737 -0.730165 -0.021486 0.040407
1732543112.918176412582397 -0.459203 1.445548 0.123342 -0.681837 -0.730061 -0.021047 0.040829
1732543113.018175363540649 -0.458489 1.444771 0.123126 -0.682051 -0.729846 -0.020666 0.041289
1732543113.118174314498901 -0.460487 1.440523 0.123911 -0.682439 -0.729474 -0.020128 0.041712
1732543113.218173265457153 -0.456159 1.443963 0.123338 -0.682953 -0.728971 -0.019852 0.042224
1732543113.318172454833984 -0.454659 1.442253 0.123208 -0.683759 -0.728194 -0.019509 0.042740
1732543113.418171405792236 -0.452206 1.442841 0.124016 -0.684813 -0.727190 -0.019103 0.043137
1732543113.518170833587646 -0.450127 1.441993 0.123978 -0.686056 -0.725992 -0.018761 0.043710
1732543113.618170022964478 -0.449391 1.444389 0.123662 -0.687455 -0.724654 -0.018513 0.044034
1732543113.718168973922729 -0.448250 1.442471 0.123547 -0.688854 -0.723303 -0.018250 0.044480
1732543113.818167924880981 -0.445994 1.441462 0.124221 -0.690291 -0.721930 -0.018057 0.044597
1732543113.918166875839233 -0.440697 1.445251 0.123895 -0.691651 -0.720614 -0.018107 0.044794
1732543114.018166065216064 -0.440810 1.442979 0.123746 -0.693078 -0.719236 -0.018214 0.044850
1732543114.118165016174316 -0.439411 1.441766 0.125329 -0.694260 -0.718101 -0.018228 0.044748
1732543114.218164443969727 -0.436811 1.443977 0.124647 -0.695361 -0.717026 -0.018704 0.044678
1732543114.318163394927979 -0.436095 1.443704 0.124680 -0.696398 -0.716020 -0.019073 0.044521
1732543114.418162584304810 -0.436258 1.442253 0.125730 -0.697375 -0.715066 -0.019301 0.044463
1732543114.518161535263062 -0.435823 1.442951 0.124833 -0.698337 -0.714115 -0.019660 0.044479
1732543114.618160486221313 -0.434549 1.443245 0.125609 -0.699247 -0.713220 -0.019844 0.044470
1732543114.718159675598145 -0.434799 1.442494 0.125479 -0.700173 -0.712299 -0.020069 0.044556
1732543114.818158626556396 -0.432971 1.443368 0.126130 -0.701044 -0.711431 -0.020204 0.044671
1732543114.918157815933228 -0.432336 1.442654 0.126300 -0.701920 -0.710553 -0.020335 0.044822
1732543115.018157005310059 -0.431488 1.442411 0.127230 -0.702837 -0.709622 -0.020614 0.045076
1732543115.118156194686890 -0.428813 1.443678 0.127313 -0.703705 -0.708752 -0.020972 0.045059
1732543115.218155145645142 -0.427929 1.443783 0.127971 -0.704608 -0.707845 -0.021254 0.045060
1732543115.318154096603394 -0.425819 1.444622 0.127487 -0.705423 -0.707016 -0.021641 0.045155
1732543115.418153047561646 -0.424589 1.445193 0.128283 -0.706204 -0.706226 -0.021927 0.045171
1732543115.518152236938477 -0.424948 1.443097 0.128802 -0.706941 -0.705480 -0.022248 0.045137
1732543115.618151426315308 -0.424141 1.444507 0.128494 -0.707572 -0.704835 -0.022721 0.045091
1732543115.718150615692139 -0.424100 1.445214 0.128794 -0.708139 -0.704253 -0.023174 0.045049
1732543115.818149805068970 -0.423112 1.445639 0.128517 -0.708675 -0.703701 -0.023777 0.044941
1732543115.918148756027222 -0.423686 1.444446 0.129572 -0.709132 -0.703237 -0.024012 0.044876
1732543116.018147706985474 -0.422867 1.445803 0.129310 -0.709580 -0.702770 -0.024422 0.044879
1732543116.118146657943726 -0.422147 1.444356 0.129948 -0.710040 -0.702295 -0.024655 0.044912
1732543116.218145847320557 -0.422159 1.443408 0.130474 -0.710499 -0.701814 -0.024795 0.045102
1732543116.318145036697388 -0.423390 1.440753 0.130180 -0.710991 -0.701299 -0.025051 0.045210
1732543116.418144226074219 -0.420192 1.444353 0.129935 -0.711425 -0.700839 -0.025224 0.045423
1732543116.518143177032471 -0.418611 1.444874 0.130817 -0.711877 -0.700363 -0.025322 0.045635
1732543116.618142366409302 -0.420319 1.441822 0.130979 -0.712370 -0.699845 -0.025703 0.045659
1732543116.718141555786133 -0.419995 1.442291 0.130657 -0.712792 -0.699395 -0.026280 0.045640
1732543116.818140268325806 -0.419080 1.442996 0.131537 -0.713108 -0.699064 -0.026979 0.045374
1732543116.918139457702637 -0.421491 1.441690 0.131625 -0.713423 -0.698731 -0.027835 0.045031
1732543117.018138408660889 -0.420832 1.443852 0.132089 -0.713626 -0.698513 -0.028705 0.044650
1732543117.118137598037720 -0.423117 1.442997 0.131931 -0.713967 -0.698150 -0.029648 0.044262
1732543117.218136787414551 -0.422711 1.444974 0.131915 -0.714277 -0.697811 -0.030340 0.044130
1732543117.318135976791382 -0.424575 1.441705 0.132841 -0.714692 -0.697376 -0.030534 0.044150
1732543117.418135166168213 -0.422376 1.443898 0.132269 -0.715148 -0.696884 -0.030651 0.044455
1732543117.518133878707886 -0.422588 1.442471 0.132362 -0.715585 -0.696414 -0.030413 0.044956
1732543117.618133068084717 -0.422689 1.440613 0.131949 -0.715981 -0.695983 -0.030309 0.045401
1732543117.718132019042969 -0.419224 1.443247 0.133152 -0.716170 -0.695769 -0.030158 0.045790
1732543117.818131208419800 -0.420165 1.441517 0.132861 -0.716529 -0.695377 -0.030194 0.046103
1732543117.918130397796631 -0.419248 1.441441 0.133331 -0.716812 -0.695075 -0.030420 0.046116
1732543118.018129587173462 -0.417673 1.442450 0.133315 -0.716979 -0.694881 -0.030843 0.046154
1732543118.118128776550293 -0.412979 1.439971 0.131771 -0.716763 -0.695046 -0.031816 0.046369
1732543118.218127727508545 -0.408447 1.440923 0.131298 -0.716496 -0.695288 -0.032374 0.046468
1732543118.318126440048218 -0.409013 1.440956 0.131845 -0.716262 -0.695511 -0.032976 0.046328
1732543118.418125629425049 -0.410790 1.440759 0.131508 -0.715959 -0.695794 -0.033766 0.046181
1732543118.518124818801880 -0.413414 1.438000 0.131954 -0.715594 -0.696161 -0.034380 0.045861
1732543118.618124246597290 -0.412982 1.440733 0.131956 -0.715103 -0.696648 -0.035017 0.045643
1732543118.718123197555542 -0.415646 1.437948 0.131473 -0.714576 -0.697175 -0.035537 0.045443
1732543118.818122148513794 -0.416156 1.439419 0.132022 -0.713963 -0.697796 -0.035816 0.045317
1732543118.918121337890625 -0.416062 1.439928 0.131750 -0.713304 -0.698463 -0.035986 0.045293
1732543119.018120050430298 -0.417986 1.437488 0.131838 -0.712649 -0.699127 -0.035930 0.045402
1732543119.118119239807129 -0.417573 1.439109 0.131604 -0.712006 -0.699783 -0.035931 0.045396
1732543119.218118429183960 -0.419332 1.436460 0.131422 -0.711387 -0.700411 -0.035791 0.045511
1732543119.318117380142212 -0.416724 1.439238 0.131683 -0.710676 -0.701130 -0.035554 0.045746
1732543119.418116569519043 -0.416538 1.438478 0.131756 -0.710033 -0.701783 -0.035266 0.045944
1732543119.518115758895874 -0.416039 1.438281 0.131795 -0.709314 -0.702501 -0.035130 0.046179
1732543119.618114948272705 -0.414993 1.439234 0.132213 -0.708555 -0.703266 -0.035057 0.046235
1732543119.718113899230957 -0.415998 1.437846 0.131612 -0.707841 -0.703979 -0.035120 0.046278
1732543119.818112850189209 -0.417852 1.434850 0.131516 -0.707070 -0.704754 -0.035169 0.046226
1732543119.918112039566040 -0.417914 1.434808 0.131859 -0.706288 -0.705543 -0.035130 0.046173
1732543120.018110990524292 -0.417548 1.437178 0.131465 -0.705432 -0.706401 -0.035226 0.046067
1732543120.118110418319702 -0.421295 1.435481 0.131522 -0.704648 -0.707191 -0.035146 0.045999
1732543120.218109369277954 -0.422282 1.437272 0.131140 -0.703764 -0.708074 -0.035014 0.046047
1732543120.318108558654785 -0.422273 1.440249 0.131912 -0.702882 -0.708963 -0.034707 0.046076
1732543120.418107509613037 -0.424392 1.440911 0.131548 -0.702125 -0.709720 -0.034407 0.046202
1732543120.518106460571289 -0.426395 1.438762 0.131264 -0.701495 -0.710348 -0.033946 0.046459
1732543120.618105411529541 -0.423294 1.441021 0.131747 -0.700864 -0.710978 -0.033412 0.046729
1732543120.718104600906372 -0.424881 1.438700 0.131224 -0.700431 -0.711403 -0.032942 0.047083
1732543120.818104028701782 -0.424002 1.438519 0.131172 -0.699983 -0.711837 -0.032341 0.047596
1732543120.918102979660034 -0.420486 1.440191 0.131163 -0.699450 -0.712359 -0.031976 0.047869
1732543121.018102169036865 -0.420637 1.440100 0.131029 -0.698972 -0.712826 -0.031526 0.048204
1732543121.118101119995117 -0.420537 1.440115 0.130980 -0.698473 -0.713311 -0.031236 0.048451
1732543121.218100070953369 -0.417162 1.445181 0.129804 -0.697940 -0.713868 -0.030655 0.048293
1732543121.318099021911621 -0.418740 1.442675 0.130526 -0.697473 -0.714331 -0.030495 0.048303
1732543121.418098211288452 -0.418585 1.443185 0.130442 -0.697023 -0.714766 -0.030601 0.048292
1732543121.518097162246704 -0.418755 1.444335 0.129267 -0.696734 -0.715049 -0.030832 0.048117
1732543121.618096590042114 -0.422121 1.441496 0.130114 -0.696462 -0.715332 -0.031028 0.047741
1732543121.718095779418945 -0.422107 1.445041 0.129493 -0.696134 -0.715662 -0.031540 0.047222
1732543121.818094730377197 -0.426981 1.442294 0.129125 -0.695762 -0.716047 -0.031879 0.046633
1732543121.918093681335449 -0.429654 1.441429 0.129702 -0.695302 -0.716526 -0.032099 0.045996
1732543122.018092632293701 -0.431987 1.441464 0.128905 -0.694866 -0.716986 -0.032182 0.045346
1732543122.118091821670532 -0.434563 1.441872 0.128125 -0.694386 -0.717484 -0.031970 0.044973
1732543122.218090772628784 -0.436472 1.442192 0.128483 -0.693880 -0.718003 -0.031351 0.044936
1732543122.318090200424194 -0.438151 1.442160 0.128055 -0.693440 -0.718446 -0.030758 0.045051
1732543122.418089151382446 -0.439709 1.441775 0.127956 -0.693083 -0.718808 -0.030149 0.045182
1732543122.518088340759277 -0.439816 1.443041 0.127430 -0.692739 -0.719146 -0.029703 0.045391
1732543122.618087291717529 -0.441808 1.441962 0.127305 -0.692562 -0.719328 -0.029337 0.045437
1732543122.718086242675781 -0.441581 1.442672 0.127196 -0.692328 -0.719557 -0.028955 0.045635
1732543122.818085432052612 -0.442944 1.441217 0.127385 -0.692204 -0.719685 -0.028718 0.045628
1732543122.918084383010864 -0.441641 1.441876 0.127047 -0.692055 -0.719831 -0.028464 0.045760
1732543123.018083810806274 -0.441093 1.442213 0.127480 -0.691909 -0.719973 -0.028220 0.045868
1732543123.118082761764526 -0.441437 1.442079 0.126663 -0.691866 -0.720017 -0.028212 0.045843
1732543123.218081951141357 -0.442191 1.441192 0.127500 -0.691780 -0.720107 -0.028090 0.045791
1732543123.318080902099609 -0.440963 1.442742 0.126563 -0.691685 -0.720191 -0.028112 0.045895
1732543123.418079853057861 -0.441882 1.440709 0.127916 -0.691639 -0.720249 -0.028071 0.045708
1732543123.518079042434692 -0.440985 1.442997 0.126644 -0.691556 -0.720322 -0.028275 0.045678
1732543123.618077993392944 -0.443108 1.440727 0.127298 -0.691516 -0.720369 -0.028255 0.045560
1732543123.718077182769775 -0.443477 1.440843 0.127473 -0.691447 -0.720439 -0.028215 0.045519
1732543123.818076372146606 -0.443450 1.440895 0.126845 -0.691372 -0.720511 -0.028361 0.045435
1732543123.918075561523438 -0.445064 1.439352 0.126811 -0.691335 -0.720547 -0.028274 0.045489
1732543124.018074512481689 -0.442883 1.442391 0.126605 -0.691239 -0.720640 -0.028379 0.045399
1732543124.118073463439941 -0.445499 1.439377 0.127243 -0.691265 -0.720623 -0.028321 0.045303
1732543124.218072414398193 -0.444666 1.440173 0.127084 -0.691227 -0.720665 -0.028347 0.045199
1732543124.318071603775024 -0.444511 1.439547 0.126891 -0.691265 -0.720613 -0.026716 0.046429
1732543124.418070554733276 -0.445478 1.438732 0.126742 -0.691247 -0.720633 -0.026729 0.046384
1732543124.518069982528687 -0.447161 1.436585 0.127104 -0.691349 -0.720555 -0.026614 0.046142
1732543124.618069171905518 -0.446820 1.437189 0.126906 -0.691347 -0.720585 -0.026439 0.045795
1732543124.718068122863770 -0.444038 1.440784 0.126381 -0.691407 -0.720562 -0.025926 0.045559
1732543124.818067312240601 -0.444095 1.440013 0.125766 -0.691552 -0.720460 -0.025351 0.045294
1732543124.918066024780273 -0.445940 1.437283 0.125114 -0.691853 -0.720216 -0.024579 0.044986
1732543125.018065214157104 -0.442792 1.439938 0.125353 -0.692084 -0.720038 -0.023818 0.044691
1732543125.118064165115356 -0.441856 1.440633 0.124163 -0.692360 -0.719811 -0.023206 0.044404
1732543125.218063354492188 -0.441235 1.440141 0.124605 -0.692656 -0.719562 -0.022700 0.044081
1732543125.318064451217651 -0.441490 1.439572 0.123875 -0.692964 -0.719295 -0.022392 0.043763
1732543125.418063402175903 -0.441816 1.438610 0.123893 -0.693271 -0.719025 -0.022152 0.043448
1732543125.518062353134155 -0.439302 1.440954 0.123771 -0.693497 -0.718826 -0.021879 0.043266
1732543125.618061780929565 -0.438602 1.441728 0.123590 -0.693789 -0.718563 -0.021755 0.043026
1732543125.718060970306396 -0.440137 1.439792 0.123248 -0.694081 -0.718297 -0.021570 0.042846
1732543125.818060159683228 -0.439161 1.439852 0.123511 -0.694349 -0.718054 -0.021351 0.042681
1732543125.918058872222900 -0.438856 1.439741 0.123534 -0.694633 -0.717792 -0.021223 0.042534
1732543126.018058061599731 -0.438255 1.440185 0.123447 -0.694939 -0.717504 -0.021130 0.042438
1732543126.118057012557983 -0.436933 1.441127 0.123712 -0.695228 -0.717230 -0.020926 0.042441
1732543126.218055963516235 -0.436315 1.441271 0.123132 -0.695544 -0.716926 -0.020841 0.042447
1732543126.318055391311646 -0.434946 1.442361 0.123065 -0.695848 -0.716632 -0.020672 0.042507
1732543126.418054580688477 -0.433291 1.442543 0.123662 -0.696167 -0.716323 -0.020431 0.042608
1732543126.518053531646729 -0.433148 1.441984 0.123886 -0.696538 -0.715960 -0.020241 0.042743
1732543126.618052721023560 -0.431792 1.443003 0.122927 -0.696923 -0.715577 -0.020144 0.042921
1732543126.718051433563232 -0.431794 1.441696 0.123392 -0.697326 -0.715180 -0.019861 0.043120
1732543126.818050622940063 -0.428250 1.444235 0.123579 -0.697673 -0.714837 -0.019673 0.043289
1732543126.918049812316895 -0.428373 1.443245 0.123276 -0.698083 -0.714426 -0.019484 0.043531
1732543127.018048763275146 -0.428757 1.441779 0.124161 -0.698475 -0.714042 -0.019326 0.043619
1732543127.118048191070557 -0.427253 1.442818 0.123779 -0.698797 -0.713720 -0.019335 0.043741
1732543127.218047142028809 -0.426578 1.443116 0.124072 -0.699058 -0.713458 -0.019323 0.043845
1732543127.318046331405640 -0.426947 1.442740 0.123696 -0.699295 -0.713220 -0.019503 0.043851
1732543127.418045043945312 -0.427047 1.443229 0.124102 -0.699478 -0.712995 -0.019651 0.044526
1732543127.518044233322144 -0.428330 1.442902 0.123879 -0.699693 -0.712789 -0.020116 0.044231
1732543127.618043422698975 -0.429660 1.442740 0.124424 -0.699866 -0.712629 -0.020636 0.043845
1732543127.718042373657227 -0.432334 1.441363 0.124598 -0.700112 -0.712395 -0.021253 0.043416
1732543127.818041801452637 -0.433454 1.442266 0.124242 -0.700305 -0.712208 -0.021767 0.043108
1732543127.918040752410889 -0.434470 1.442897 0.124316 -0.700504 -0.712019 -0.022054 0.042856
1732543128.018039941787720 -0.434976 1.443728 0.124418 -0.700745 -0.711785 -0.022103 0.042778
1732543128.118038654327393 -0.437038 1.441407 0.124360 -0.701053 -0.711478 -0.021918 0.042930
1732543128.218037843704224 -0.434577 1.443746 0.124403 -0.701354 -0.711174 -0.021663 0.043179
1732543128.318036794662476 -0.433335 1.443573 0.124125 -0.701653 -0.710861 -0.021223 0.043700
1732543128.418035984039307 -0.431523 1.443957 0.124102 -0.701957 -0.710545 -0.020672 0.044208
1732543128.518034934997559 -0.430089 1.443346 0.124823 -0.702332 -0.710158 -0.020053 0.044770
1732543128.618034362792969 -0.427132 1.444703 0.124920 -0.702787 -0.709693 -0.019652 0.045169
1732543128.718033552169800 -0.425854 1.443994 0.124489 -0.703283 -0.709183 -0.019174 0.045666
1732543128.818032503128052 -0.423485 1.444307 0.124514 -0.703810 -0.708640 -0.018827 0.046116
1732543128.918031454086304 -0.421278 1.444486 0.125384 -0.704366 -0.708075 -0.018424 0.046470
1732543129.018030405044556 -0.420106 1.443583 0.124772 -0.704898 -0.707528 -0.018278 0.046785
1732543129.118029594421387 -0.417319 1.444708 0.125279 -0.705339 -0.707083 -0.018250 0.046889
1732543129.218028545379639 -0.417621 1.444058 0.125122 -0.705705 -0.706718 -0.018489 0.046784
1732543129.318027734756470 -0.417183 1.444208 0.125524 -0.705910 -0.706524 -0.019000 0.046408
1732543129.418026685714722 -0.418122 1.444511 0.125385 -0.705989 -0.706457 -0.019630 0.045963
1732543129.518025875091553 -0.420659 1.444302 0.125308 -0.705986 -0.706480 -0.020706 0.045177
1732543129.618024826049805 -0.422730 1.445474 0.125098 -0.705759 -0.706731 -0.021912 0.044229
1732543129.718023777008057 -0.426025 1.444405 0.125336 -0.705566 -0.706931 -0.023281 0.043398
1732543129.818022727966309 -0.431684 1.441534 0.125867 -0.705248 -0.707257 -0.024468 0.042588
1732543129.918021917343140 -0.433260 1.444139 0.125320 -0.704686 -0.707817 -0.025528 0.041967
1732543130.018020868301392 -0.436174 1.442976 0.125666 -0.704191 -0.708317 -0.026073 0.041497
1732543130.118020296096802 -0.438016 1.443361 0.125665 -0.703730 -0.708786 -0.026325 0.041154
1732543130.218019247055054 -0.439654 1.443150 0.125516 -0.703348 -0.709169 -0.026260 0.041127
1732543130.318018198013306 -0.439489 1.443398 0.125712 -0.702985 -0.709534 -0.026197 0.041082
1732543130.418017148971558 -0.439600 1.443507 0.125445 -0.702688 -0.709825 -0.026027 0.041229
1732543130.518016099929810 -0.438640 1.444311 0.125436 -0.702309 -0.710140 -0.025902 0.042341
1732543130.618015289306641 -0.439177 1.443659 0.125376 -0.701782 -0.710666 -0.025767 0.042334
1732543130.718014240264893 -0.438668 1.444433 0.125035 -0.701068 -0.711374 -0.025786 0.042256
1732543130.818013429641724 -0.436645 1.445646 0.125998 -0.700237 -0.712194 -0.025576 0.042355
1732543130.918012619018555 -0.437287 1.444406 0.125676 -0.699690 -0.712726 -0.025410 0.042545
1732543131.018011569976807 -0.436008 1.445623 0.125674 -0.698997 -0.713409 -0.025369 0.042498
1732543131.118010759353638 -0.435557 1.446843 0.124990 -0.698278 -0.714120 -0.025514 0.042311
1732543131.218009471893311 -0.437440 1.444416 0.125841 -0.697568 -0.714828 -0.025477 0.042084
1732543131.318008422851562 -0.437111 1.445745 0.124614 -0.696928 -0.715458 -0.025657 0.041871
1732543131.418007612228394 -0.437758 1.445575 0.125154 -0.696369 -0.716016 -0.025565 0.041689
1732543131.518006563186646 -0.437363 1.445309 0.125192 -0.695859 -0.716518 -0.025471 0.041624
1732543131.618005752563477 -0.438242 1.444563 0.125147 -0.695427 -0.716946 -0.025300 0.041596
1732543131.718004941940308 -0.437766 1.445066 0.124442 -0.694985 -0.717372 -0.025306 0.041619
1732543131.818003892898560 -0.437617 1.444643 0.125263 -0.694504 -0.717848 -0.025124 0.041568
1732543131.918003082275391 -0.437710 1.445209 0.124664 -0.694071 -0.718268 -0.025037 0.041594
1732543132.018002033233643 -0.435614 1.447009 0.124651 -0.693616 -0.718713 -0.024982 0.041532
1732543132.118000745773315 -0.438643 1.443830 0.124535 -0.693267 -0.719052 -0.024818 0.041575
1732543132.217999935150146 -0.435739 1.447016 0.124367 -0.692862 -0.719445 -0.024795 0.041555
1732543132.317998886108398 -0.436654 1.445578 0.124645 -0.692539 -0.719762 -0.024615 0.041550
1732543132.417998075485229 -0.437938 1.444637 0.123973 -0.692253 -0.720039 -0.024565 0.041558
1732543132.517997264862061 -0.436815 1.445323 0.124891 -0.691953 -0.720335 -0.024410 0.041510
1732543132.617996454238892 -0.437844 1.444327 0.124031 -0.691733 -0.720543 -0.024263 0.041647
1732543132.717995405197144 -0.434966 1.447090 0.124327 -0.691430 -0.720836 -0.024092 0.041699
1732543132.817994356155396 -0.437125 1.445067 0.123290 -0.691264 -0.720993 -0.023934 0.041837
1732543132.917993307113647 -0.435965 1.445500 0.123967 -0.691017 -0.721232 -0.023651 0.041954
1732543133.017992258071899 -0.435625 1.446460 0.123594 -0.690822 -0.721415 -0.023438 0.042137
1732543133.117991447448730 -0.435571 1.446373 0.123401 -0.690641 -0.721588 -0.023224 0.042270
1732543133.217990398406982 -0.435376 1.445898 0.124021 -0.690448 -0.721774 -0.022922 0.042413
1732543133.317989587783813 -0.434498 1.446933 0.123541 -0.690264 -0.721946 -0.022696 0.042602
1732543133.417988777160645 -0.434671 1.446071 0.123696 -0.690090 -0.722113 -0.022454 0.042716
1732543133.517987728118896 -0.434579 1.446687 0.123240 -0.689936 -0.722251 -0.022136 0.043021
1732543133.617986679077148 -0.433798 1.446912 0.123879 -0.689762 -0.722415 -0.021872 0.043202
1732543133.717985630035400 -0.433695 1.447298 0.123224 -0.689611 -0.722551 -0.021674 0.043437
1732543133.817984819412231 -0.432850 1.447660 0.123946 -0.689430 -0.722725 -0.021395 0.043553
1732543133.917983770370483 -0.433766 1.446056 0.123806 -0.689296 -0.722849 -0.021167 0.043728
1732543134.017983198165894 -0.433001 1.446864 0.123211 -0.689143 -0.722989 -0.021011 0.043902
1732543134.117982149124146 -0.432953 1.447238 0.123425 -0.688995 -0.723126 -0.020809 0.044062
1732543134.217981100082397 -0.432834 1.447352 0.123193 -0.688861 -0.723249 -0.020683 0.044196
1732543134.317980289459229 -0.432920 1.447087 0.124179 -0.688708 -0.723394 -0.020541 0.044271
1732543134.417979001998901 -0.433634 1.447367 0.122709 -0.688576 -0.723508 -0.020822 0.044335
1732543134.517977952957153 -0.434219 1.446916 0.123810 -0.688490 -0.723600 -0.021030 0.044073
1732543134.617977142333984 -0.435658 1.447207 0.123404 -0.688340 -0.723751 -0.021462 0.043733
1732543134.717976093292236 -0.438658 1.446156 0.122746 -0.688115 -0.723976 -0.022146 0.043201
1732543134.817975044250488 -0.441239 1.446992 0.122839 -0.687752 -0.724342 -0.022640 0.042598
1732543134.917974472045898 -0.445504 1.444542 0.123096 -0.687269 -0.724809 -0.022898 0.042309
1732543135.017973423004150 -0.447316 1.446190 0.123662 -0.686696 -0.725360 -0.022816 0.042201
1732543135.117972612380981 -0.452593 1.444236 0.122477 -0.686209 -0.725828 -0.022800 0.042087
1732543135.217971324920654 -0.454620 1.444922 0.121985 -0.685711 -0.726298 -0.022568 0.042209
1732543135.317972421646118 -0.455279 1.445663 0.122665 -0.685231 -0.726755 -0.022367 0.042258
1732543135.417971611022949 -0.457002 1.445177 0.122340 -0.684840 -0.727115 -0.022053 0.042557
1732543135.517970561981201 -0.455989 1.446239 0.122348 -0.684400 -0.727517 -0.021813 0.042893
1732543135.617969512939453 -0.456591 1.445437 0.121954 -0.684067 -0.727827 -0.021466 0.043116
1732543135.717968463897705 -0.453562 1.448002 0.122125 -0.683740 -0.728118 -0.021010 0.043618
1732543135.817967653274536 -0.455900 1.444959 0.121778 -0.683592 -0.728243 -0.020570 0.044068
1732543135.917966604232788 -0.453282 1.447024 0.122021 -0.683497 -0.728318 -0.020245 0.044451
1732543136.017965793609619 -0.453480 1.445815 0.122291 -0.683423 -0.728380 -0.019913 0.044707
1732543136.117964982986450 -0.452462 1.445878 0.122747 -0.683416 -0.728377 -0.019380 0.045094
1732543136.217963933944702 -0.451227 1.446827 0.121467 -0.683547 -0.728237 -0.018823 0.045618
1732543136.317963123321533 -0.448664 1.447225 0.122684 -0.683676 -0.728110 -0.017916 0.046068
1732543136.417961835861206 -0.447551 1.446871 0.121065 -0.683949 -0.727840 -0.017254 0.046537
1732543136.517960786819458 -0.445176 1.447781 0.121814 -0.684266 -0.727535 -0.016660 0.046852
1732543136.617959976196289 -0.445176 1.444892 0.122340 -0.684728 -0.727101 -0.016209 0.047007
1732543136.717959165573120 -0.440782 1.448973 0.121672 -0.685153 -0.726695 -0.016214 0.047077
1732543136.817958354949951 -0.439872 1.448801 0.121615 -0.685652 -0.726229 -0.016463 0.046929
1732543136.917957305908203 -0.440276 1.448270 0.122430 -0.686082 -0.725837 -0.016809 0.046575
1732543137.017956495285034 -0.440030 1.449279 0.121764 -0.686367 -0.725584 -0.017478 0.046071
1732543137.117955446243286 -0.443613 1.447256 0.122073 -0.686702 -0.725294 -0.018255 0.045335
1732543137.217954158782959 -0.444654 1.447943 0.122053 -0.687001 -0.725035 -0.019079 0.044605
1732543137.317953348159790 -0.446572 1.448295 0.122398 -0.687397 -0.724679 -0.019917 0.043920
1732543137.417952299118042 -0.450361 1.445766 0.122657 -0.687971 -0.724154 -0.020518 0.043311
1732543137.517951250076294 -0.449413 1.448647 0.121364 -0.688576 -0.723590 -0.020945 0.042924
1732543137.617950677871704 -0.452662 1.445581 0.121883 -0.689271 -0.722933 -0.020788 0.042904
1732543137.717949628829956 -0.450693 1.447533 0.121531 -0.689786 -0.722441 -0.020639 0.043003
1732543137.817948818206787 -0.449011 1.447837 0.121563 -0.690179 -0.722049 -0.020186 0.043493
1732543137.917947769165039 -0.447096 1.447786 0.122163 -0.690551 -0.721686 -0.019777 0.043796
1732543138.017946481704712 -0.445378 1.448508 0.121852 -0.691021 -0.721221 -0.019476 0.044171
1732543138.117945671081543 -0.443863 1.447941 0.122125 -0.691618 -0.720649 -0.019322 0.044237
1732543138.217944622039795 -0.441795 1.448347 0.121537 -0.692242 -0.720046 -0.019195 0.044340
1732543138.317943811416626 -0.439658 1.449123 0.121868 -0.692869 -0.719447 -0.019201 0.044261
1732543138.417943000793457 -0.439068 1.448041 0.121832 -0.693551 -0.718795 -0.019254 0.044171
1732543138.517941951751709 -0.437245 1.448773 0.121504 -0.694147 -0.718218 -0.019364 0.044134
1732543138.617941141128540 -0.434506 1.451041 0.121499 -0.694701 -0.717683 -0.019579 0.044034
1732543138.717940092086792 -0.435749 1.447872 0.122532 -0.695268 -0.717141 -0.019692 0.043859
1732543138.817939043045044 -0.433934 1.449682 0.121706 -0.695725 -0.716696 -0.020038 0.043715
1732543138.917937994003296 -0.434077 1.449072 0.122179 -0.696113 -0.716329 -0.020415 0.043398
1732543139.017937183380127 -0.434536 1.448805 0.122341 -0.696414 -0.716038 -0.020913 0.043130
1732543139.117936134338379 -0.435672 1.448474 0.122364 -0.696640 -0.715823 -0.021557 0.042716
1732543139.217935323715210 -0.436604 1.449170 0.121963 -0.696920 -0.715556 -0.022303 0.042249
1732543139.317939281463623 -0.438460 1.448939 0.122284 -0.697280 -0.715212 -0.022916 0.041811
1732543139.417938470840454 -0.439145 1.448804 0.122600 -0.697744 -0.714763 -0.023180 0.041600
1732543139.517937421798706 -0.441605 1.446777 0.121934 -0.698361 -0.714155 -0.023135 0.041719
1732543139.617937088012695 -0.440380 1.446987 0.122400 -0.698927 -0.713589 -0.022814 0.042098
1732543139.717936277389526 -0.438046 1.448407 0.122382 -0.699457 -0.713045 -0.022316 0.042754
1732543139.817935228347778 -0.435640 1.449295 0.122517 -0.700003 -0.712478 -0.021550 0.043671
1732543139.917934179306030 -0.433738 1.449169 0.122197 -0.700639 -0.711822 -0.020958 0.044443
1732543140.017933368682861 -0.430163 1.449665 0.122764 -0.701342 -0.711096 -0.020336 0.045251
1732543140.117932558059692 -0.428209 1.448763 0.122924 -0.702190 -0.710229 -0.019889 0.045917
1732543140.217931985855103 -0.424129 1.450128 0.123398 -0.702987 -0.709413 -0.019502 0.046495
1732543140.317931175231934 -0.422193 1.449605 0.122895 -0.703835 -0.708545 -0.019421 0.046937
1732543140.417930126190186 -0.419918 1.449462 0.123123 -0.704568 -0.707794 -0.019482 0.047240
1732543140.517929077148438 -0.417023 1.450621 0.124092 -0.705202 -0.707163 -0.019782 0.047116
1732543140.617928266525269 -0.418708 1.447913 0.124231 -0.705724 -0.706641 -0.020329 0.046890
1732543140.717927455902100 -0.418178 1.449772 0.123735 -0.706019 -0.706337 -0.021241 0.046622
1732543140.817926645278931 -0.419759 1.449149 0.124482 -0.706249 -0.706105 -0.022057 0.046283
1732543140.917926073074341 -0.423243 1.447493 0.124918 -0.706527 -0.705822 -0.023087 0.045849
1732543141.017925262451172 -0.423458 1.449105 0.125092 -0.706808 -0.705538 -0.024193 0.045315
1732543141.117924213409424 -0.426253 1.447367 0.125605 -0.707146 -0.705191 -0.024912 0.045052
1732543141.217923164367676 -0.426740 1.447712 0.125467 -0.707565 -0.704756 -0.025355 0.045036
1732543141.317922353744507 -0.428083 1.446675 0.125390 -0.708063 -0.704235 -0.025426 0.045319
1732543141.417921543121338 -0.426780 1.446483 0.125858 -0.708542 -0.703729 -0.025132 0.045850
1732543141.517920970916748 -0.425450 1.447158 0.125427 -0.708808 -0.703430 -0.024923 0.046425
1732543141.617920160293579 -0.423973 1.446999 0.125887 -0.708977 -0.703231 -0.024612 0.047039
1732543141.717919349670410 -0.421646 1.447679 0.126904 -0.708964 -0.703210 -0.024458 0.047608
1732543141.817918062210083 -0.420420 1.447962 0.126986 -0.708832 -0.703312 -0.024697 0.047950
1732543141.917917251586914 -0.420843 1.447671 0.127375 -0.708745 -0.703391 -0.025206 0.047810
1732543142.017916440963745 -0.421705 1.447679 0.127198 -0.708668 -0.703458 -0.026112 0.047473
1732543142.117915868759155 -0.424990 1.446292 0.127949 -0.708549 -0.703592 -0.027230 0.046641
1732543142.217915058135986 -0.425701 1.448060 0.127305 -0.708349 -0.703798 -0.028629 0.045721
1732543142.317914247512817 -0.430225 1.446475 0.127971 -0.708223 -0.703938 -0.029767 0.044785
1732543142.417913198471069 -0.431047 1.447973 0.127964 -0.707963 -0.704210 -0.030481 0.044141
1732543142.517912149429321 -0.432573 1.446974 0.127710 -0.707628 -0.704545 -0.030481 0.044146
1732543142.617911338806152 -0.432412 1.446684 0.127288 -0.707225 -0.704943 -0.030284 0.044401
1732543142.717910528182983 -0.433112 1.445773 0.128821 -0.706715 -0.705456 -0.029948 0.044598
1732543142.817909955978394 -0.425714 1.453143 0.128312 -0.705916 -0.706251 -0.029690 0.044830
1732543142.917909145355225 -0.429950 1.447080 0.127956 -0.705197 -0.706978 -0.029533 0.044813
1732543143.017908334732056 -0.429649 1.448023 0.127055 -0.704414 -0.707756 -0.029664 0.044748
1732543143.117907047271729 -0.431077 1.445914 0.127896 -0.703601 -0.708577 -0.029928 0.044380
1732543143.217906236648560 -0.432445 1.445955 0.127634 -0.702779 -0.709393 -0.030592 0.043899
1732543143.317905426025391 -0.432538 1.447542 0.127746 -0.701838 -0.710339 -0.031531 0.042985
1732543143.417904853820801 -0.436360 1.446315 0.127385 -0.701068 -0.711109 -0.032592 0.042030
1732543143.517904043197632 -0.437512 1.447408 0.127475 -0.700348 -0.711830 -0.033156 0.041368
1732543143.617903232574463 -0.440330 1.446476 0.126402 -0.699712 -0.712452 -0.033226 0.041371
1732543143.717902183532715 -0.436045 1.453416 0.126834 -0.699043 -0.713116 -0.032690 0.041671
1732543143.817901372909546 -0.440779 1.446742 0.126169 -0.698640 -0.713500 -0.032201 0.042221
1732543143.917900323867798 -0.441019 1.445488 0.127710 -0.698508 -0.713626 -0.031554 0.042761
1732543144.017899513244629 -0.441647 1.443595 0.126375 -0.698496 -0.713636 -0.031188 0.043060
1732543144.117898941040039 -0.438554 1.446616 0.126919 -0.698450 -0.713695 -0.030764 0.043137
1732543144.217898130416870 -0.437040 1.448666 0.126015 -0.698431 -0.713722 -0.030519 0.043180
1732543144.317897081375122 -0.439361 1.445449 0.126174 -0.698346 -0.713815 -0.030187 0.043241
1732543144.417896032333374 -0.439530 1.445366 0.125897 -0.698202 -0.713969 -0.029823 0.043277
1732543144.517895460128784 -0.442597 1.442596 0.126590 -0.698060 -0.714128 -0.029158 0.043395
1732543144.617894649505615 -0.439867 1.446183 0.125505 -0.697666 -0.714512 -0.028570 0.043803
1732543144.717894077301025 -0.441817 1.443007 0.125890 -0.697320 -0.714852 -0.027742 0.044290
1732543144.817893028259277 -0.439004 1.445541 0.125943 -0.696892 -0.715259 -0.026986 0.044916
1732543144.917892217636108 -0.438047 1.446056 0.125489 -0.696459 -0.715670 -0.026385 0.045434
1732543145.017891168594360 -0.438555 1.444974 0.125738 -0.696048 -0.716070 -0.025695 0.045822
1732543145.117890357971191 -0.437695 1.445423 0.126028 -0.695609 -0.716508 -0.025027 0.046020
1732543145.217889547348022 -0.438429 1.446070 0.125424 -0.695263 -0.716854 -0.024627 0.046075
1732543145.317888736724854 -0.438142 1.445833 0.125839 -0.694845 -0.717279 -0.024265 0.045963
1732543145.417887926101685 -0.441690 1.442916 0.125238 -0.694529 -0.717601 -0.024060 0.045826
1732543145.517887115478516 -0.439786 1.445965 0.125202 -0.694119 -0.718008 -0.023880 0.045754
1732543145.617886066436768 -0.442047 1.444588 0.124726 -0.693790 -0.718342 -0.023834 0.045529
1732543145.717885255813599 -0.445032 1.442724 0.124947 -0.693478 -0.718667 -0.023750 0.045202
1732543145.817884445190430 -0.442936 1.446369 0.124379 -0.693106 -0.719039 -0.023702 0.045003
1732543145.917883872985840 -0.445826 1.444051 0.124799 -0.692744 -0.719405 -0.023515 0.044821
1732543146.017883062362671 -0.446886 1.443963 0.123967 -0.692427 -0.719725 -0.023365 0.044667
1732543146.117882013320923 -0.447593 1.444769 0.124137 -0.692080 -0.720076 -0.023228 0.044450
1732543146.217881202697754 -0.449027 1.443521 0.124382 -0.691763 -0.720410 -0.023173 0.044011
1732543146.317880153656006 -0.450613 1.443709 0.123598 -0.691500 -0.720681 -0.023282 0.043641
1732543146.417879343032837 -0.450486 1.445287 0.123324 -0.691241 -0.720961 -0.023435 0.043032
1732543146.517878532409668 -0.452030 1.444661 0.122679 -0.691079 -0.721148 -0.023470 0.042470
1732543146.617877960205078 -0.453574 1.443563 0.122841 -0.690929 -0.721325 -0.023360 0.041986
1732543146.717877149581909 -0.452182 1.446285 0.121627 -0.690806 -0.721465 -0.023218 0.041665
1732543146.817876100540161 -0.454279 1.443085 0.122805 -0.690746 -0.721549 -0.022710 0.041489
1732543146.917875051498413 -0.451906 1.445474 0.121982 -0.690608 -0.721701 -0.022425 0.041308
1732543147.017874240875244 -0.452711 1.444517 0.121325 -0.690476 -0.721849 -0.022129 0.041063
1732543147.117873430252075 -0.450940 1.446294 0.121058 -0.690281 -0.722060 -0.021851 0.040807
1732543147.217872858047485 -0.450989 1.446087 0.121117 -0.690103 -0.722258 -0.021551 0.040455
1732543147.317872047424316 -0.450774 1.447138 0.120297 -0.689875 -0.722504 -0.021603 0.039915
1732543147.417870998382568 -0.451813 1.445989 0.120626 -0.689655 -0.722750 -0.021602 0.039266
1732543147.517869949340820 -0.453124 1.445705 0.120178 -0.689447 -0.722978 -0.021709 0.038649
1732543147.617869138717651 -0.454172 1.446197 0.119468 -0.689242 -0.723206 -0.021924 0.037918
1732543147.717868328094482 -0.454527 1.446280 0.119713 -0.688985 -0.723486 -0.022112 0.037122
1732543147.817867517471313 -0.454917 1.447288 0.119212 -0.688789 -0.723708 -0.022318 0.036299
1732543147.917866945266724 -0.456583 1.446337 0.119258 -0.688595 -0.723919 -0.022399 0.035730
1732543148.017866134643555 -0.457488 1.446328 0.118579 -0.688448 -0.724084 -0.022499 0.035134
1732543148.117865085601807 -0.458342 1.445423 0.118413 -0.688278 -0.724270 -0.022554 0.034611
1732543148.217864036560059 -0.458295 1.446298 0.118145 -0.688139 -0.724422 -0.022530 0.034196
1732543148.317863225936890 -0.458587 1.446692 0.118094 -0.688014 -0.724559 -0.022495 0.033840
1732543148.417862415313721 -0.457753 1.448182 0.117467 -0.687866 -0.724719 -0.022590 0.033364
1732543148.517861843109131 -0.457910 1.448351 0.117471 -0.687731 -0.724863 -0.022493 0.033087
1732543148.617861032485962 -0.459534 1.446469 0.117917 -0.687667 -0.724941 -0.022462 0.032699
1732543148.717860221862793 -0.459355 1.447676 0.116509 -0.687578 -0.725035 -0.022503 0.032466
1732543148.817858934402466 -0.458318 1.448626 0.117141 -0.687462 -0.725163 -0.022390 0.032149
1732543148.917858123779297 -0.459860 1.447049 0.115996 -0.687432 -0.725197 -0.022366 0.032021
1732543149.017857313156128 -0.457792 1.449718 0.116563 -0.687317 -0.725317 -0.022138 0.031955
1732543149.117856502532959 -0.459405 1.447490 0.116449 -0.687282 -0.725356 -0.022155 0.031790
1732543149.217855930328369 -0.459828 1.449306 0.113905 -0.687360 -0.725284 -0.023345 0.030892
1732543149.317852497100830 -0.465862 1.456939 0.102910 -0.688755 -0.724332 -0.022139 0.021666
1732543149.417851448059082 -0.473718 1.469480 0.092703 -0.686388 -0.726620 -0.022660 0.019505
1732543149.517850637435913 -0.472513 1.488647 0.090785 -0.683580 -0.729328 -0.021680 0.018156
1732543149.617850065231323 -0.493924 1.490411 0.088483 -0.681072 -0.731651 -0.022059 0.018457
1732543149.717849254608154 -0.502166 1.511502 0.084614 -0.682283 -0.730320 -0.028877 0.016980
1732543149.817848443984985 -0.521265 1.524106 0.087834 -0.684632 -0.728113 -0.030381 0.014408
1732543149.917847394943237 -0.522320 1.567183 0.092743 -0.686720 -0.726116 -0.030913 0.014656
1732543150.017846584320068 -0.529765 1.617171 0.093986 -0.687618 -0.725208 -0.029534 0.019576
1732543150.117845535278320 -0.546755 1.649076 0.090365 -0.685786 -0.726919 -0.029173 0.020868
1732543150.217844963073730 -0.535150 1.704400 0.095637 -0.682404 -0.730179 -0.026507 0.021462
1732543150.317844152450562 -0.546887 1.745693 0.096862 -0.680178 -0.732304 -0.024277 0.022350
1732543150.417843341827393 -0.538173 1.811223 0.102265 -0.681065 -0.731252 -0.029902 0.022948
1732543150.517842292785645 -0.536904 1.867740 0.112919 -0.683538 -0.728849 -0.033191 0.021308
1732543150.617841482162476 -0.527027 1.944765 0.120044 -0.685645 -0.726877 -0.032593 0.021886
1732543150.717840671539307 -0.523145 2.029867 0.130244 -0.687359 -0.725053 -0.032640 0.027744
1732543150.817839622497559 -0.540876 2.100824 0.103232 -0.685211 -0.726900 -0.035001 0.029613
1732543150.917839288711548 -0.527053 2.177547 0.156217 -0.681885 -0.730214 -0.031634 0.028615
1732543151.017838239669800 -0.533934 2.264016 0.147581 -0.677371 -0.734588 -0.030104 0.025343
1732543151.117837429046631 -0.531789 2.361857 0.147140 -0.676768 -0.735095 -0.031779 0.024714
1732543151.217836380004883 -0.529339 2.443378 0.148068 -0.679308 -0.732635 -0.034617 0.024264
1732543151.317835569381714 -0.533273 2.524353 0.153966 -0.681633 -0.730572 -0.032232 0.024547
1732543151.417834520339966 -0.533154 2.610658 0.166310 -0.680999 -0.730811 -0.031947 0.033696
1732543151.517834186553955 -0.541130 2.696695 0.150353 -0.676811 -0.734559 -0.034827 0.033727
1732543151.617833375930786 -0.550714 2.748040 0.163118 -0.673415 -0.737824 -0.031975 0.033237
1732543151.717832565307617 -0.561400 2.825232 0.169108 -0.669415 -0.741642 -0.030237 0.030600
1732543151.817831277847290 -0.563578 2.890736 0.172056 -0.669741 -0.741214 -0.035001 0.028713
1732543151.917830467224121 -0.572814 2.962247 0.174646 -0.671302 -0.739749 -0.037012 0.027473
1732543152.017829656600952 -0.575072 3.020105 0.184859 -0.672648 -0.738602 -0.035320 0.027628
1732543152.117829084396362 -0.587217 3.089779 0.190962 -0.672331 -0.738737 -0.032636 0.034269
1732543152.217828273773193 -0.596578 3.181689 0.167391 -0.669137 -0.741516 -0.033859 0.035551
1732543152.317827224731445 -0.608974 3.223501 0.190984 -0.666765 -0.743766 -0.032351 0.034480
1732543152.417826175689697 -0.616319 3.299673 0.190526 -0.663888 -0.746491 -0.030673 0.032600
1732543152.517825365066528 -0.625586 3.381105 0.192992 -0.665274 -0.745180 -0.032845 0.032220
1732543152.617824554443359 -0.629708 3.455767 0.194992 -0.670091 -0.740676 -0.038074 0.030458
1732543152.717823743820190 -0.637032 3.530211 0.193439 -0.675307 -0.735953 -0.037258 0.030752
1732543152.817823171615601 -0.632931 3.618658 0.205781 -0.680950 -0.730743 -0.034224 0.033904
1732543152.917822360992432 -0.654537 3.694646 0.197653 -0.682885 -0.728854 -0.034627 0.035216
1732543153.017821311950684 -0.652529 3.768328 0.194388 -0.683839 -0.728047 -0.033149 0.034812
1732543153.117820262908936 -0.644825 3.836653 0.215420 -0.684757 -0.727359 -0.030945 0.033149
1732543153.217819452285767 -0.641035 3.923654 0.225011 -0.690851 -0.721514 -0.031962 0.033481
1732543153.317816972732544 -0.645293 3.998326 0.220319 -0.702586 -0.710101 -0.033086 0.032162
1732543153.417815923690796 -0.623101 4.080401 0.232238 -0.714559 -0.698080 -0.030536 0.034011
1732543153.517815113067627 -0.613665 4.161482 0.240036 -0.724974 -0.687019 -0.029230 0.039541
1732543153.617814302444458 -0.580425 4.246342 0.212759 -0.732249 -0.679028 -0.028804 0.043624
1732543153.717813253402710 -0.590252 4.306377 0.235769 -0.740576 -0.670055 -0.025058 0.044113
1732543153.817812681198120 -0.575184 4.389488 0.238220 -0.743668 -0.666792 -0.023876 0.042151
1732543153.917811870574951 -0.544191 4.490528 0.246157 -0.747162 -0.662801 -0.028683 0.040274
1732543154.017810821533203 -0.544410 4.583867 0.236060 -0.750242 -0.659290 -0.031513 0.038468
1732543154.117809772491455 -0.529849 4.665458 0.251762 -0.751792 -0.657592 -0.029360 0.038984
1732543154.217808961868286 -0.512277 4.770071 0.259294 -0.750483 -0.658676 -0.031260 0.044092
1732543154.317807912826538 -0.494827 4.887814 0.253886 -0.746261 -0.663302 -0.032408 0.045544
1732543154.417807102203369 -0.492694 4.959789 0.266260 -0.742563 -0.667669 -0.029349 0.044240
1732543154.517806529998779 -0.477131 5.066584 0.281315 -0.738100 -0.672942 -0.029935 0.038217
1732543154.617805719375610 -0.472137 5.147544 0.283394 -0.739117 -0.671601 -0.037202 0.035699
1732543154.717804670333862 -0.443779 5.282575 0.246191 -0.740155 -0.670501 -0.035637 0.036450
1732543154.817803621292114 -0.439369 5.346929 0.278039 -0.741090 -0.669618 -0.032694 0.036434
1732543154.917802810668945 -0.432298 5.442654 0.276340 -0.737376 -0.673226 -0.036058 0.041749
1732543155.017801761627197 -0.420251 5.509624 0.290735 -0.733590 -0.677504 -0.032480 0.042174
1732543155.117800951004028 -0.417968 5.573279 0.288438 -0.729783 -0.681907 -0.030416 0.038673
1732543155.217800378799438 -0.401789 5.648882 0.297294 -0.728679 -0.683041 -0.033944 0.036478
1732543155.317799329757690 -0.400296 5.739547 0.285638 -0.730065 -0.681475 -0.037439 0.034583
1732543155.417798519134521 -0.385160 5.792124 0.304131 -0.731779 -0.679681 -0.036640 0.034493
1732543155.517797231674194 -0.381392 5.897147 0.311155 -0.731490 -0.679699 -0.037724 0.038827
1732543155.617796659469604 -0.367118 6.011583 0.260552 -0.727531 -0.683548 -0.039942 0.043191
1732543155.717795610427856 -0.377083 6.025607 0.361270 -0.724025 -0.687479 -0.036069 0.043118
1732543155.817795038223267 -0.370828 6.129724 0.335959 -0.720927 -0.690813 -0.038997 0.038986
1732543155.917794227600098 -0.359168 6.222885 0.328887 -0.724496 -0.686928 -0.042038 0.038313
1732543156.017793178558350 -0.358589 6.286001 0.341056 -0.728082 -0.683134 -0.042733 0.037395
1732543156.117792367935181 -0.326070 6.392905 0.315708 -0.733566 -0.677316 -0.040309 0.038723
1732543156.217791318893433 -0.325101 6.462311 0.321950 -0.738510 -0.671584 -0.042730 0.041849
1732543156.317790269851685 -0.311903 6.545178 0.338381 -0.742907 -0.666904 -0.038229 0.043206
1732543156.417789459228516 -0.307802 6.618086 0.326872 -0.747396 -0.662073 -0.035700 0.042232
1732543156.517788887023926 -0.257794 6.724432 0.345226 -0.752994 -0.655845 -0.035338 0.040230
1732543156.617788076400757 -0.277113 6.788453 0.357533 -0.762820 -0.644286 -0.040054 0.037377
1732543156.717787027359009 -0.224371 6.889504 0.347794 -0.771396 -0.634073 -0.038571 0.037580
1732543156.817785978317261 -0.214870 6.961046 0.363656 -0.779014 -0.624558 -0.035665 0.042335
1732543156.917785167694092 -0.182661 7.080956 0.332660 -0.781189 -0.621286 -0.037902 0.048074
1732543157.017784118652344 -0.168199 7.122388 0.374935 -0.782777 -0.619358 -0.035248 0.049133
1732543157.117783308029175 -0.137817 7.224265 0.364990 -0.783819 -0.618342 -0.032667 0.047056
1732543157.217782497406006 -0.100962 7.319928 0.363331 -0.788828 -0.611730 -0.039144 0.044780
1732543157.317781686782837 -0.086484 7.361875 0.385593 -0.795341 -0.603286 -0.039753 0.043568
1732543157.417780876159668 -0.040174 7.447790 0.389291 -0.801218 -0.595523 -0.037770 0.044450
1732543157.517779827117920 -0.015879 7.502368 0.396945 -0.804855 -0.590058 -0.041880 0.047812
1732543157.617779016494751 0.009708 7.624538 0.371960 -0.806559 -0.587522 -0.042880 0.049416
1732543157.717777967453003 0.047703 7.636546 0.411266 -0.808386 -0.585281 -0.039594 0.048883
1732543157.817777156829834 0.068716 7.740545 0.404252 -0.810164 -0.583226 -0.037820 0.045290
1732543157.917776584625244 0.110851 7.806474 0.416432 -0.815721 -0.575441 -0.041377 0.041881
1732543158.017775535583496 0.139568 7.920133 0.410955 -0.822926 -0.565060 -0.045036 0.038379
1732543158.117774724960327 0.189591 7.987414 0.424740 -0.830078 -0.554557 -0.043298 0.039535
1732543158.217773437500000 0.237397 8.052968 0.438253 -0.834288 -0.547819 -0.044937 0.042872
1732543158.317772626876831 0.252470 8.174605 0.418029 -0.832929 -0.549696 -0.046707 0.043392
1732543158.417771816253662 0.292013 8.190756 0.433342 -0.829475 -0.554953 -0.044567 0.044853
1732543158.517770767211914 0.325284 8.276658 0.441856 -0.825522 -0.561287 -0.044802 0.038242
1732543158.617770195007324 0.361182 8.342623 0.456853 -0.825735 -0.560624 -0.051000 0.035531
1732543158.717769384384155 0.406490 8.431821 0.453216 -0.826945 -0.558883 -0.050867 0.034987
1732543158.817768573760986 0.446547 8.481617 0.466683 -0.827877 -0.557586 -0.048167 0.037380
1732543158.917767524719238 0.481979 8.604853 0.467821 -0.825623 -0.560327 -0.052968 0.039674
1732543159.017766475677490 0.515289 8.711660 0.465666 -0.822216 -0.565383 -0.051135 0.041089
1732543159.117765665054321 0.545220 8.747456 0.489272 -0.818272 -0.571487 -0.049722 0.036912
1732543159.217764854431152 0.591086 8.830899 0.493220 -0.815957 -0.574884 -0.051674 0.032437
1732543159.317764043807983 0.613073 8.987774 0.477274 -0.816740 -0.573474 -0.055465 0.031414
1732543159.417763233184814 0.649629 9.025712 0.507343 -0.818037 -0.571842 -0.053756 0.030380
1732543159.517762184143066 0.685151 9.121832 0.510954 -0.817898 -0.572009 -0.053508 0.031376
1732543159.617761135101318 0.719368 9.222296 0.493784 -0.814486 -0.576790 -0.052173 0.034703
1732543159.717760324478149 0.737285 9.298663 0.507691 -0.811059 -0.581882 -0.048588 0.035160
1732543159.817759513854980 0.766644 9.370126 0.509317 -0.807268 -0.587457 -0.047839 0.030410
1732543159.917758464813232 0.803541 9.486059 0.522274 -0.807871 -0.586440 -0.051346 0.028218
1732543160.017757892608643 0.832882 9.566822 0.533540 -0.809668 -0.584069 -0.050488 0.027417
1732543160.117757081985474 0.875809 9.672273 0.522095 -0.810797 -0.582651 -0.047947 0.028767
1732543160.217756032943726 0.910553 9.728156 0.542715 -0.808001 -0.586171 -0.050468 0.031470
1732543160.317754983901978 0.928447 9.857803 0.521232 -0.804543 -0.591096 -0.045834 0.034850
1732543160.417754173278809 0.947821 9.906268 0.539900 -0.800580 -0.596746 -0.043719 0.032465
1732543160.517753362655640 0.993183 10.009747 0.556592 -0.798315 -0.599747 -0.046523 0.028847
1732543160.617752790451050 1.009688 10.097363 0.559595 -0.799213 -0.598120 -0.052099 0.028225
1732543160.717751741409302 1.045486 10.142539 0.579601 -0.800761 -0.596323 -0.048990 0.027954
1732543160.817750930786133 1.066525 10.237406 0.575624 -0.801051 -0.596001 -0.048409 0.027491
1732543160.917749881744385 1.104664 10.334773 0.573400 -0.797523 -0.600766 -0.045760 0.030700
1732543161.017748832702637 1.100796 10.430211 0.576211 -0.793991 -0.605664 -0.041824 0.031638
1732543161.117748022079468 1.121473 10.490020 0.576000 -0.789556 -0.611658 -0.041379 0.027626
1732543161.217746973037720 1.136443 10.544009 0.573519 -0.790449 -0.610137 -0.046650 0.027334
1732543161.317746400833130 1.153339 10.582092 0.595392 -0.791872 -0.608447 -0.045198 0.026240
1732543161.417745590209961 1.161813 10.645945 0.592191 -0.792979 -0.607131 -0.042602 0.027599
1732543161.517744541168213 1.170906 10.704243 0.584671 -0.789918 -0.610694 -0.045308 0.032105
1732543161.617743730545044 1.220392 10.778160 0.589700 -0.786026 -0.615894 -0.040614 0.034484
1732543161.717742681503296 1.249100 10.883730 0.585692 -0.782059 -0.621190 -0.038266 0.032286
1732543161.817741632461548 1.275796 10.975516 0.600902 -0.780577 -0.623097 -0.039391 0.029969
1732543161.917741060256958 1.325287 11.079910 0.594364 -0.781290 -0.622006 -0.043710 0.028007
1732543162.017740249633789 1.343579 11.151865 0.611185 -0.782678 -0.620390 -0.041865 0.027928
1732543162.117739439010620 1.366960 11.258654 0.623779 -0.781773 -0.621337 -0.043484 0.029661
1732543162.217738389968872 1.375044 11.357815 0.617584 -0.777742 -0.626400 -0.041532 0.031876
1732543162.317734956741333 1.424558 11.443106 0.615100 -0.774519 -0.630545 -0.039697 0.030940
1732543162.417734146118164 1.427551 11.533002 0.641786 -0.772740 -0.632883 -0.038699 0.028902
1732543162.517733335494995 1.439365 11.597269 0.617068 -0.776001 -0.628359 -0.046344 0.028968
1732543162.617732524871826 1.487727 11.675071 0.640997 -0.779438 -0.624137 -0.046755 0.027263
1732543162.717731714248657 1.491986 11.754288 0.636408 -0.783129 -0.619682 -0.043888 0.027893
1732543162.817730665206909 1.530864 11.862711 0.648629 -0.782482 -0.620135 -0.047057 0.030669
1732543162.917729616165161 1.550295 11.946726 0.640384 -0.781050 -0.622132 -0.043298 0.032212
1732543163.017728805541992 1.567781 12.040175 0.648005 -0.779638 -0.624139 -0.039934 0.031952
1732543163.117727756500244 1.620042 12.174214 0.659721 -0.779671 -0.624071 -0.041961 0.029778
1732543163.217727184295654 1.619898 12.266117 0.648791 -0.783501 -0.618947 -0.047044 0.028597
1732543163.317726373672485 1.663157 12.342403 0.673494 -0.787599 -0.613842 -0.046345 0.027145
1732543163.417725324630737 1.679577 12.428283 0.675841 -0.790152 -0.610371 -0.047791 0.028687
1732543163.517724275588989 1.723542 12.538643 0.662884 -0.789516 -0.611000 -0.048447 0.031580
1732543163.617723464965820 1.729506 12.590556 0.675959 -0.789699 -0.610872 -0.045762 0.033410
1732543163.717722654342651 1.759961 12.673032 0.681850 -0.789484 -0.611290 -0.045454 0.031185
1732543163.817722082138062 1.793001 12.736996 0.708799 -0.793194 -0.606420 -0.047554 0.028928
1732543163.917721033096313 1.824638 12.881095 0.662572 -0.797773 -0.600208 -0.048583 0.030809
1732543164.017720222473145 1.869612 12.950883 0.702178 -0.802405 -0.594183 -0.044483 0.033374
1732543164.117719411849976 1.887070 13.070144 0.697719 -0.804157 -0.591361 -0.046355 0.038409
1732543164.217718124389648 1.941699 13.173356 0.694542 -0.803693 -0.592044 -0.043184 0.041195
1732543164.317717313766479 1.956165 13.251547 0.696522 -0.804187 -0.591633 -0.040865 0.039797
1732543164.417716264724731 2.006460 13.345706 0.707521 -0.806540 -0.588526 -0.041965 0.037011
1732543164.517715454101562 2.030077 13.444196 0.707976 -0.813116 -0.579194 -0.046348 0.035048
1732543164.617714881896973 2.096427 13.557070 0.713628 -0.819732 -0.569913 -0.045994 0.033504
1732543164.717714071273804 2.136848 13.660757 0.717166 -0.823752 -0.563844 -0.046342 0.036934
1732543164.817713022232056 2.177689 13.766748 0.708718 -0.823342 -0.564283 -0.045886 0.039840
1732543164.917711973190308 2.207593 13.840616 0.734415 -0.823692 -0.563962 -0.042079 0.041312
1732543165.017711162567139 2.246952 13.951542 0.740119 -0.824311 -0.563371 -0.041922 0.036970
1732543165.117710351943970 2.306975 14.065099 0.746297 -0.829306 -0.555659 -0.048857 0.033277
1732543165.217709302902222 2.351337 14.157813 0.754237 -0.834490 -0.547898 -0.049769 0.030940
1732543165.317708730697632 2.396281 14.255165 0.754532 -0.839187 -0.540819 -0.046403 0.033559
1732543165.417707920074463 2.437854 14.339973 0.760497 -0.840529 -0.538195 -0.050044 0.036770
1732543165.517706871032715 2.486713 14.436291 0.765628 -0.840833 -0.537864 -0.046676 0.039024
1732543165.617705821990967 2.515105 14.516872 0.768740 -0.840899 -0.538061 -0.042981 0.039146
1732543165.717705011367798 2.576055 14.610577 0.783569 -0.842391 -0.535950 -0.045005 0.033329
1732543165.817703962326050 2.625072 14.699579 0.781233 -0.847262 -0.527958 -0.048361 0.032696
1732543165.917703390121460 2.674203 14.772353 0.787686 -0.852352 -0.519851 -0.045898 0.033824
1732543166.017702579498291 2.727373 14.853920 0.794943 -0.855883 -0.513790 -0.046211 0.036739
1732543166.117701530456543 2.783617 14.961089 0.780950 -0.856329 -0.512746 -0.046035 0.040906
1732543166.217700719833374 2.810404 15.019917 0.801309 -0.855709 -0.513939 -0.042155 0.043030
1732543166.317698240280151 2.876570 15.126320 0.807491 -0.853932 -0.517333 -0.043685 0.035470
1732543166.417697429656982 2.919938 15.214422 0.822933 -0.854902 -0.515323 -0.049111 0.034247
1732543166.517696380615234 2.976694 15.310256 0.823037 -0.856209 -0.513259 -0.048529 0.033425
1732543166.617695569992065 3.017347 15.368317 0.836855 -0.856431 -0.512764 -0.047623 0.036484
1732543166.717694520950317 3.073624 15.466175 0.828014 -0.853709 -0.516758 -0.051580 0.038498
1732543166.817693471908569 3.101178 15.507393 0.839445 -0.851162 -0.521078 -0.049088 0.039887
1732543166.917692661285400 3.133173 15.577261 0.844863 -0.848085 -0.526435 -0.048396 0.035727
1732543167.017692089080811 3.184575 15.660713 0.844993 -0.847250 -0.527950 -0.048976 0.032205
1732543167.117691040039062 3.234712 15.740097 0.844831 -0.848364 -0.526219 -0.050412 0.028830
1732543167.217690229415894 3.265395 15.812030 0.850814 -0.849995 -0.523822 -0.048105 0.028358
1732543167.317689180374146 3.327365 15.913289 0.851743 -0.849068 -0.524955 -0.050099 0.031561
1732543167.417688131332397 3.375882 16.023086 0.856165 -0.845968 -0.530047 -0.047307 0.033910
1732543167.517687320709229 3.408138 16.101776 0.858321 -0.843105 -0.534910 -0.043504 0.033950
1732543167.617686748504639 3.446019 16.185191 0.873183 -0.840922 -0.538503 -0.045893 0.027540
1732543167.717685937881470 3.517201 16.311636 0.870940 -0.841552 -0.537001 -0.052223 0.026324
1732543167.817684888839722 3.541493 16.357613 0.879464 -0.843519 -0.534152 -0.050044 0.025556
1732543167.917683839797974 3.575856 16.429825 0.887177 -0.844038 -0.533413 -0.047974 0.027717
1732543168.017682790756226 3.628476 16.538651 0.875865 -0.840889 -0.538054 -0.049539 0.030825
1732543168.117681980133057 3.678167 16.627647 0.885669 -0.837529 -0.543514 -0.045461 0.032722
1732543168.217680931091309 3.711438 16.721839 0.891220 -0.834137 -0.549069 -0.043766 0.028690
1732543168.317680120468140 3.762773 16.833808 0.897923 -0.834208 -0.548558 -0.049970 0.026150
1732543168.417679309844971 3.812817 16.932412 0.896569 -0.835034 -0.547206 -0.051608 0.024909
1732543168.517678499221802 3.861105 17.038477 0.899480 -0.836424 -0.545227 -0.049788 0.025391
1732543168.617677688598633 3.906326 17.159220 0.899592 -0.834777 -0.547452 -0.052192 0.026824
1732543168.717676639556885 3.952226 17.255885 0.891192 -0.831171 -0.552935 -0.049544 0.031032
1732543168.817675590515137 3.957853 17.306856 0.897897 -0.827924 -0.558070 -0.046666 0.030357
1732543168.917674779891968 4.013673 17.400253 0.905548 -0.824275 -0.563586 -0.047298 0.026528
1732543169.017674207687378 4.044906 17.490355 0.915204 -0.825234 -0.561703 -0.052842 0.026203
1732543169.117673158645630 4.081215 17.550783 0.919827 -0.826590 -0.559861 -0.051087 0.026341
1732543169.217672348022461 4.121239 17.650223 0.930155 -0.826926 -0.559438 -0.049490 0.027813
1732543169.317671298980713 4.164601 17.761995 0.921917 -0.823397 -0.564256 -0.051925 0.030600
1732543169.417670249938965 4.190025 17.832154 0.934393 -0.819832 -0.569712 -0.046821 0.033336
1732543169.517669200897217 4.224050 17.927287 0.936367 -0.815661 -0.575957 -0.045961 0.029308
1732543169.617668390274048 4.273848 18.036425 0.947689 -0.815330 -0.576137 -0.051302 0.025912
1732543169.717667579650879 4.302394 18.101484 0.948006 -0.815978 -0.575212 -0.051433 0.025784
1732543169.817667007446289 4.330861 18.159818 0.952132 -0.816726 -0.574376 -0.048848 0.025794
1732543169.917665958404541 4.360264 18.243866 0.952245 -0.814161 -0.577631 -0.052289 0.027400
1732543170.017665147781372 4.380914 18.331176 0.952693 -0.810302 -0.583211 -0.048450 0.030468
1732543170.117664098739624 4.420371 18.389432 0.959652 -0.807640 -0.587167 -0.047286 0.026758
1732543170.217663049697876 4.450679 18.474988 0.963049 -0.808703 -0.585864 -0.046286 0.024902
1732543170.317662239074707 4.482639 18.613573 0.970920 -0.815083 -0.576589 -0.051393 0.023305
1732543170.417661190032959 4.538868 18.716049 0.976240 -0.821182 -0.567824 -0.051956 0.023160
1732543170.517660617828369 4.571222 18.800029 0.982419 -0.826963 -0.559425 -0.049279 0.027362
1732543170.617659807205200 4.620133 18.900107 0.969877 -0.828624 -0.556556 -0.050647 0.032599
1732543170.717658758163452 4.648296 18.996132 0.992466 -0.830651 -0.553614 -0.048106 0.034866
1732543170.817657709121704 4.694177 19.113306 0.975871 -0.832082 -0.551757 -0.045825 0.033226
1732543170.917656898498535 4.757651 19.221937 0.988572 -0.835423 -0.546601 -0.048303 0.031029
1732543171.017655849456787 4.794057 19.309778 0.991089 -0.840267 -0.538947 -0.050928 0.029881
1732543171.117655038833618 4.846231 19.377516 0.987983 -0.845408 -0.531055 -0.047789 0.031344
1732543171.217654228210449 4.897574 19.474767 0.995062 -0.849282 -0.524667 -0.047802 0.034043
1732543171.317650556564331 4.980481 19.582868 0.979574 -0.849783 -0.523728 -0.046151 0.038059
1732543171.417649745941162 4.989333 19.661173 1.016413 -0.851095 -0.521850 -0.041935 0.039393
1732543171.517648935317993 5.048391 19.755330 1.010337 -0.851801 -0.521036 -0.042211 0.034273
1732543171.617648124694824 5.120624 19.856196 0.996942 -0.856467 -0.512970 -0.047665 0.032463
1732543171.717647314071655 5.149981 19.924715 1.023783 -0.861408 -0.504784 -0.045868 0.032632
1732543171.817646503448486 5.229204 20.017678 1.028644 -0.864936 -0.498763 -0.043210 0.035424
1732543171.917645454406738 5.245800 20.064676 1.005325 -0.866417 -0.495852 -0.046300 0.036172
1732543172.017644405364990 5.250541 19.948366 1.008129 -0.866927 -0.495130 -0.042823 0.038072
1732543172.117643356323242 5.270997 19.942540 1.023789 -0.867007 -0.495336 -0.039499 0.037168
1732543172.217642545700073 5.336283 20.042864 1.034986 -0.868569 -0.492815 -0.040576 0.032785
1732543172.317641735076904 5.387872 20.131241 1.023358 -0.872860 -0.485041 -0.044474 0.029541
1732543172.417640924453735 5.447847 20.209651 1.040082 -0.877245 -0.477032 -0.044565 0.029910
1732543172.517640113830566 5.509060 20.297647 1.039719 -0.880619 -0.470526 -0.044002 0.034358
1732543172.617639303207397 5.557636 20.376443 1.036611 -0.881283 -0.468861 -0.046578 0.036596
1732543172.717638254165649 5.603644 20.440265 1.046883 -0.882168 -0.467216 -0.043901 0.039506
1732543172.817637205123901 5.646409 20.511184 1.039424 -0.882172 -0.467557 -0.041891 0.037530
1732543172.917636394500732 5.727326 20.594364 1.078813 -0.884087 -0.463943 -0.045191 0.033251
1732543173.017635583877563 5.778028 20.670889 1.059794 -0.887078 -0.457863 -0.049323 0.031947
1732543173.117634773254395 5.810249 20.720143 1.084486 -0.889696 -0.452814 -0.048170 0.032849
1732543173.217633724212646 5.862142 20.720658 1.076946 -0.890531 -0.450801 -0.050189 0.034832
1732543173.317632913589478 5.879983 20.769655 1.069922 -0.889968 -0.451816 -0.050200 0.036050
1732543173.417631864547729 5.934596 20.816923 1.072413 -0.888881 -0.453982 -0.047774 0.038835
1732543173.517630815505981 5.984240 20.902696 1.074446 -0.887295 -0.457537 -0.046158 0.035159
1732543173.617630004882812 6.050368 20.966724 1.098954 -0.888667 -0.454657 -0.051380 0.030302
1732543173.717629194259644 6.099708 21.050712 1.093517 -0.891098 -0.449680 -0.054694 0.027203
1732543173.817628622055054 6.164607 21.110532 1.105521 -0.892694 -0.446606 -0.053123 0.028612
1732543173.917627573013306 6.220923 21.226066 1.117209 -0.892568 -0.446569 -0.055937 0.027744
1732543174.017626762390137 6.294127 21.296240 1.106061 -0.889885 -0.451687 -0.056584 0.029712
1732543174.117625713348389 6.290722 21.369411 1.139782 -0.888480 -0.454661 -0.054618 0.030052
1732543174.217624664306641 6.366874 21.440553 1.134378 -0.885138 -0.461422 -0.054800 0.024856
1732543174.317623853683472 6.428447 21.513479 1.138618 -0.885350 -0.461023 -0.055691 0.022639
1732543174.417622804641724 6.472401 21.558571 1.114971 -0.886180 -0.459510 -0.055939 0.020167
1732543174.517621755599976 6.513602 21.588700 1.116844 -0.887261 -0.457693 -0.053471 0.020661
1732543174.617621421813965 6.567124 21.665891 1.115187 -0.886349 -0.459135 -0.054916 0.023745
1732543174.717620372772217 6.623346 21.736722 1.121594 -0.884543 -0.462749 -0.052860 0.025545
1732543174.817619323730469 6.661556 21.828914 1.123825 -0.882529 -0.466860 -0.049639 0.026837
1732543174.917618274688721 6.718281 21.892418 1.152519 -0.879944 -0.472086 -0.048356 0.022233
1732543175.017617464065552 6.780270 21.979536 1.162155 -0.880291 -0.470847 -0.054613 0.020216
1732543175.117616653442383 6.829281 22.105172 1.114552 -0.881379 -0.468456 -0.057454 0.020479
1732543175.217615842819214 6.884170 22.146480 1.161999 -0.881897 -0.467834 -0.053961 0.021836
1732543175.317614555358887 6.932798 22.244947 1.167941 -0.880579 -0.469845 -0.057102 0.023796
1732543175.417613506317139 7.000934 22.308747 1.159706 -0.877632 -0.475404 -0.055227 0.026518
1732543175.517612695693970 7.020602 22.423891 1.167871 -0.875017 -0.480478 -0.052650 0.026729
1732543175.617611646652222 7.088821 22.502389 1.176276 -0.871387 -0.487292 -0.051919 0.023128
1732543175.717610597610474 7.133714 22.596908 1.183174 -0.871401 -0.486688 -0.057857 0.021179
1732543175.817609786987305 7.183074 22.650250 1.187467 -0.871792 -0.486048 -0.057270 0.021377
1732543175.917608737945557 7.230121 22.710234 1.188173 -0.872204 -0.485480 -0.054692 0.024059
1732543176.017607927322388 7.274238 22.790726 1.192019 -0.869898 -0.489300 -0.057413 0.023786
1732543176.117607355117798 7.316182 22.858122 1.188152 -0.866486 -0.495623 -0.053150 0.027108
1732543176.217606306076050 7.357909 22.946100 1.198241 -0.862776 -0.502323 -0.051646 0.024923
1732543176.317605495452881 7.413339 23.037019 1.213296 -0.860443 -0.506289 -0.053827 0.020289
1732543176.417604446411133 7.447281 23.106377 1.205718 -0.860723 -0.505286 -0.058542 0.020358
1732543176.517603397369385 7.497011 23.155163 1.214319 -0.861663 -0.503929 -0.056464 0.020097
1732543176.617602586746216 7.538599 23.223091 1.222855 -0.861867 -0.503747 -0.054642 0.020952
1732543176.717602014541626 7.579430 23.284077 1.215480 -0.858733 -0.508888 -0.055824 0.022244
1732543176.817600965499878 7.605980 23.344430 1.223440 -0.855495 -0.514641 -0.051409 0.025108
1732543176.917600154876709 7.647743 23.405788 1.225885 -0.851559 -0.521398 -0.050181 0.021736
1732543177.017599105834961 7.656833 23.396072 1.236769 -0.850850 -0.522223 -0.054170 0.020059
1732543177.117598056793213 7.689751 23.447376 1.263986 -0.851878 -0.520572 -0.054506 0.018373
1732543177.217597246170044 7.737124 23.530310 1.263510 -0.853996 -0.517221 -0.053172 0.018610
1732543177.317596197128296 7.780660 23.622584 1.265615 -0.855568 -0.514244 -0.055469 0.021904
1732543177.417595386505127 7.836959 23.710685 1.258937 -0.856491 -0.512820 -0.053157 0.024773
1732543177.517594575881958 7.870501 23.791072 1.279436 -0.858564 -0.509545 -0.052024 0.022925
1732543177.617593765258789 7.917806 23.865742 1.289436 -0.861283 -0.505093 -0.050833 0.022120
1732543177.717592954635620 7.974038 23.960887 1.282903 -0.866925 -0.495294 -0.050927 0.023025
1732543177.817591905593872 8.020648 24.018346 1.296719 -0.873485 -0.483610 -0.052575 0.019527
1732543177.917590856552124 8.089523 24.102108 1.286725 -0.880047 -0.471715 -0.049702 0.023079
1732543178.017590045928955 8.147951 24.214413 1.286800 -0.885583 -0.461145 -0.047820 0.028285
1732543178.117589473724365 8.209795 24.303317 1.287483 -0.887915 -0.456692 -0.046660 0.029358
1732543178.217588424682617 8.280835 24.429022 1.295802 -0.890189 -0.452399 -0.044655 0.030081
1732543178.317587375640869 8.343502 24.527470 1.305013 -0.892379 -0.448404 -0.042459 0.028136
1732543178.417586565017700 8.415484 24.623518 1.323316 -0.896970 -0.439349 -0.041929 0.025691
1732543178.517585515975952 8.473071 24.705078 1.330833 -0.902452 -0.428032 -0.043726 0.021384
1732543178.617584705352783 8.546165 24.748594 1.332074 -0.907428 -0.417639 -0.040926 0.021827
1732543178.717583656311035 8.606268 24.821481 1.331052 -0.911059 -0.409379 -0.041420 0.025786
1732543178.817582845687866 8.673221 24.882217 1.325042 -0.912243 -0.407036 -0.037417 0.027103
1732543178.917582273483276 8.729748 24.964133 1.324572 -0.913632 -0.404096 -0.034450 0.028203
1732543179.017581224441528 8.800810 25.040500 1.331047 -0.915008 -0.401305 -0.031877 0.026434
1732543179.117580413818359 8.873605 25.107368 1.342433 -0.919622 -0.390294 -0.037477 0.023681
1732543179.217579126358032 8.923837 25.140007 1.342016 -0.924158 -0.379464 -0.038726 0.020959
1732543179.317578315734863 8.978101 25.158559 1.350462 -0.928652 -0.368364 -0.037182 0.023045
1732543179.417577505111694 9.035459 25.207445 1.343147 -0.931384 -0.361175 -0.039334 0.023026
1732543179.517576456069946 9.095626 25.265678 1.338260 -0.932687 -0.357806 -0.036567 0.027067
1732543179.617575883865356 9.147059 25.312567 1.342554 -0.933948 -0.354624 -0.034669 0.027929
1732543179.717575073242188 9.227749 25.348908 1.341986 -0.935608 -0.350309 -0.036304 0.024564
1732543179.817574024200439 9.329439 25.461895 1.342317 -0.940400 -0.337052 -0.039958 0.021164
1732543179.917572975158691 9.418692 25.541434 1.361342 -0.945197 -0.323439 -0.041440 0.016496
1732543180.017571926116943 9.511877 25.639071 1.365745 -0.950068 -0.308870 -0.040010 0.019229
1732543180.117571115493774 9.576763 25.731737 1.393900 -0.953530 -0.297481 -0.043435 0.019978
1732543180.217570304870605 9.628562 25.765546 1.381568 -0.956882 -0.286823 -0.040581 0.021486
1732543180.317569494247437 9.678066 25.787201 1.402309 -0.960038 -0.276246 -0.039389 0.021541
1732543180.417568683624268 9.574829 25.474094 1.405700 -0.963211 -0.264978 -0.040278 0.019727
1732543180.517567873001099 9.661700 25.483686 1.398605 -0.967611 -0.248186 -0.043079 0.016609
1732543180.617566823959351 9.704744 25.460909 1.400094 -0.971867 -0.230972 -0.043908 0.014064
1732543180.717565774917603 9.751353 25.495872 1.411826 -0.975775 -0.213709 -0.042887 0.018792
1732543180.817564964294434 9.834124 25.522846 1.411424 -0.978236 -0.201238 -0.045676 0.021701
1732543180.917563915252686 9.933349 25.583958 1.401016 -0.980244 -0.191370 -0.043683 0.024323
1732543181.017563343048096 10.010473 25.611452 1.406274 -0.982276 -0.180952 -0.041612 0.025658
1732543181.117562294006348 10.133014 25.687987 1.390564 -0.984337 -0.169927 -0.041268 0.022396
1732543181.217561483383179 10.224670 25.760626 1.396828 -0.987554 -0.149654 -0.044032 0.020037
1732543181.317560434341431 10.298727 25.765969 1.396920 -0.990562 -0.128526 -0.043878 0.018488
1732543181.417559385299683 10.349843 25.764541 1.397611 -0.993245 -0.105150 -0.043982 0.021767
1732543181.517558574676514 10.422852 25.752698 1.395849 -0.995073 -0.083607 -0.048186 0.022738
1732543181.617557764053345 10.476673 25.749626 1.397181 -0.996474 -0.065336 -0.046617 0.024464
1732543181.717556953430176 10.523132 25.768547 1.387727 -0.997494 -0.046593 -0.044625 0.029058
1732543181.817556142807007 10.507382 25.680166 1.384701 -0.998216 -0.028218 -0.042819 0.030565
1732543181.917555332183838 10.518233 25.641055 1.390232 -0.998652 -0.005037 -0.046256 0.022990
1732543182.017554044723511 10.527067 25.643069 1.388711 -0.998448 0.023136 -0.045210 0.022845
1732543182.117553234100342 10.532338 25.605462 1.393049 -0.997459 0.050482 -0.045800 0.020724
1732543182.217552185058594 10.524933 25.564332 1.390023 -0.995455 0.076467 -0.051502 0.023864
1732543182.317551374435425 10.509681 25.561753 1.382954 -0.993670 0.098069 -0.049423 0.023668
1732543182.417550325393677 10.522678 25.534839 1.395160 -0.991410 0.119039 -0.048680 0.023788
1732543182.517549753189087 10.529754 25.526018 1.396925 -0.988584 0.141382 -0.046791 0.022879
1732543182.617548942565918 10.539567 25.519739 1.394322 -0.984888 0.165339 -0.045222 0.024782
1732543182.717547893524170 10.516750 25.515609 1.386010 -0.980067 0.192373 -0.047754 0.013420
1732543182.817546844482422 10.454749 25.531340 1.397811 -0.974237 0.220348 -0.045032 0.016763
1732543182.917546033859253 10.501172 25.487582 1.390927 -0.967441 0.248608 -0.044928 0.015278
1732543183.017545223236084 10.449755 25.443942 1.390724 -0.959960 0.274697 -0.052318 0.016751
1732543183.117544412612915 10.405474 25.386132 1.381026 -0.953687 0.296179 -0.050417 0.014760
1732543183.217543601989746 10.427475 25.415445 1.377037 -0.946712 0.317890 -0.050473 0.011611
1732543183.317542791366577 10.393655 25.417248 1.377639 -0.938940 0.340368 -0.049037 0.011658
1732543183.417541503906250 10.399846 25.402738 1.374837 -0.930249 0.363328 -0.049065 0.014934
1732543183.517540454864502 10.362869 25.365912 1.374961 -0.920029 0.388430 -0.050954 0.008506
1732543183.617539644241333 10.356422 25.334512 1.385961 -0.908046 0.416298 -0.046084 0.004957
1732543183.717538833618164 10.319146 25.303547 1.359521 -0.895678 0.442225 -0.045851 0.009769
1732543183.817538261413574 10.305894 25.327011 1.374822 -0.883376 0.466295 -0.046543 0.007041
1732543183.917537212371826 10.314383 25.356689 1.348634 -0.875867 0.479796 -0.051082 0.006630
1732543184.017536401748657 10.283303 25.325689 1.364423 -0.870966 0.488891 -0.048915 0.003262
1732543184.117535352706909 10.273140 25.321216 1.365114 -0.866799 0.496293 -0.048449 0.002247
1732543184.217534303665161 10.280312 25.325497 1.366831 -0.866468 0.496907 -0.048126 -0.001329
1732543184.317533493041992 10.276723 25.312849 1.357223 -0.867959 0.494246 -0.047209 -0.011829
1732543184.417532444000244 10.286174 25.328083 1.373463 -0.868740 0.492742 -0.046651 -0.017899
1732543184.517531871795654 10.281440 25.324660 1.377608 -0.869446 0.491297 -0.047027 -0.021893
1732543184.617531061172485 10.285857 25.337946 1.385117 -0.869932 0.490310 -0.047293 -0.024049
1732543184.717530012130737 10.292901 25.361479 1.396665 -0.870346 0.489554 -0.047315 -0.024419
1732543184.817529201507568 10.303770 25.372126 1.401813 -0.870814 0.488751 -0.047557 -0.023311
1732543184.917528152465820 10.304187 25.373641 1.405598 -0.871171 0.488156 -0.047902 -0.021681
1732543185.017527103424072 10.303912 25.371907 1.405743 -0.871335 0.487890 -0.048161 -0.020461
1732543185.117526292800903 10.301046 25.366301 1.407612 -0.871486 0.487663 -0.048221 -0.019259
1732543185.217525243759155 10.301236 25.365029 1.406925 -0.871525 0.487634 -0.048171 -0.018348
1732543185.317524671554565 10.297765 25.359268 1.406503 -0.871629 0.487529 -0.047565 -0.017753
1732543185.417523860931396 10.300426 25.359744 1.408793 -0.871682 0.487530 -0.046638 -0.017624
1732543185.517522811889648 10.299680 25.356941 1.407606 -0.871730 0.487513 -0.045866 -0.017727
1732543185.617521762847900 10.301196 25.358817 1.407308 -0.871777 0.487494 -0.044986 -0.018204
1732543185.717520952224731 10.303954 25.359815 1.406702 -0.871864 0.487411 -0.043945 -0.018790
1732543185.817520141601562 10.307478 25.359397 1.407300 -0.872031 0.487178 -0.043098 -0.019025
1732543185.917519330978394 10.308891 25.362920 1.405051 -0.872245 0.486822 -0.042682 -0.019288
1732543186.017518281936646 10.312737 25.363406 1.408502 -0.872491 0.486434 -0.042112 -0.019189
1732543186.117517471313477 10.313638 25.363482 1.407420 -0.872792 0.485926 -0.041713 -0.019211
1732543186.217516660690308 10.313891 25.362855 1.408119 -0.873066 0.485469 -0.041394 -0.019001
1732543186.317515373229980 10.317609 25.365503 1.406580 -0.873342 0.484995 -0.041235 -0.018789
1732543186.417514562606812 10.320716 25.366626 1.407565 -0.873607 0.484533 -0.041276 -0.018317
1732543186.517513751983643 10.319143 25.363699 1.405601 -0.873883 0.484031 -0.041391 -0.018123
1732543186.617513179779053 10.321972 25.365644 1.408715 -0.874130 0.483590 -0.041475 -0.017819
1732543186.717512130737305 10.322308 25.365926 1.406345 -0.874353 0.483166 -0.041740 -0.017774
1732543186.817511320114136 10.321428 25.362891 1.407638 -0.874719 0.482499 -0.041950 -0.017353
1732543186.917510271072388 10.325568 25.366487 1.406381 -0.874963 0.482041 -0.042316 -0.016896
1732543187.017509222030640 10.324282 25.364101 1.408228 -0.875278 0.481454 -0.042694 -0.016375
1732543187.117508411407471 10.325183 25.367312 1.407838 -0.875468 0.481092 -0.042989 -0.016101
1732543187.217507362365723 10.325285 25.367070 1.408028 -0.875610 0.480822 -0.043101 -0.016089
1732543187.317506551742554 10.328901 25.367037 1.406535 -0.875843 0.480383 -0.043319 -0.015951
1732543187.417505741119385 10.325091 25.365574 1.409835 -0.876139 0.479839 -0.043635 -0.015225
1732543187.517504930496216 10.325986 25.367001 1.407892 -0.876249 0.479610 -0.044147 -0.014578
1732543187.617504119873047 10.323817 25.369145 1.408367 -0.876226 0.479631 -0.044651 -0.013762
1732543187.717502832412720 10.327169 25.365788 1.409071 -0.876118 0.479802 -0.045173 -0.012914
1732543187.817502021789551 10.325144 25.371412 1.405876 -0.875882 0.480200 -0.045704 -0.012281
1732543187.917501211166382 10.331742 25.373403 1.406240 -0.875597 0.480696 -0.046098 -0.011690
1732543188.017500162124634 10.331164 25.371022 1.407385 -0.875320 0.481185 -0.046380 -0.011197
1732543188.117499589920044 10.330989 25.375231 1.406243 -0.875034 0.481685 -0.046708 -0.010628
1732543188.217498779296875 10.334016 25.372389 1.410834 -0.874778 0.482148 -0.046850 -0.010131
1732543188.317497730255127 10.335539 25.374498 1.409756 -0.874484 0.482665 -0.047086 -0.009774
1732543188.417496681213379 10.331648 25.375100 1.407006 -0.874240 0.483086 -0.047361 -0.009429
1732543188.517495632171631 10.332673 25.373277 1.409415 -0.873979 0.483553 -0.047481 -0.009065
1732543188.617494821548462 10.332442 25.374834 1.410147 -0.873747 0.483958 -0.047698 -0.008692
1732543188.717494010925293 10.332554 25.373892 1.407110 -0.873547 0.484297 -0.047964 -0.008433
1732543188.817493200302124 10.332389 25.374701 1.408399 -0.873362 0.484624 -0.048093 -0.008109
1732543188.917492389678955 10.327442 25.373115 1.408109 -0.871574 0.487763 -0.049030 -0.006478
1732543189.017491579055786 10.326025 25.373285 1.401979 -0.868070 0.494283 -0.046171 -0.002466
1732543189.117490291595459 10.319650 25.371872 1.404145 -0.862448 0.504030 -0.046111 -0.003270
1732543189.217489480972290 10.317435 25.365905 1.403651 -0.855731 0.515157 -0.048263 -0.002930
1732543189.317488431930542 10.323252 25.370762 1.391725 -0.848671 0.526417 -0.051396 0.000269
1732543189.417487621307373 10.318211 25.367332 1.387000 -0.844701 0.532899 -0.049968 -0.001198
1732543189.517487049102783 10.314484 25.371842 1.389201 -0.839806 0.540727 -0.048207 -0.004152
1732543189.617486238479614 10.316318 25.378311 1.388673 -0.834600 0.548744 -0.047813 -0.006012
1732543189.717485189437866 10.313864 25.378988 1.389661 -0.829157 0.556931 -0.047832 -0.006172
1732543189.817484140396118 10.314979 25.381662 1.380231 -0.822309 0.567055 -0.046390 -0.010247
1732543189.917483091354370 10.306704 25.393009 1.387773 -0.810635 0.583801 -0.043393 -0.012825
1732543190.017482280731201 10.289888 25.381194 1.383329 -0.797560 0.601435 -0.044973 -0.012309
1732543190.117481231689453 10.278859 25.384509 1.387844 -0.782852 0.620443 -0.044459 -0.014740
1732543190.217480659484863 10.258273 25.375216 1.370268 -0.770794 0.634871 -0.050405 -0.016585
1732543190.317479848861694 10.234278 25.383576 1.391668 -0.760775 0.647044 -0.046979 -0.018676
1732543190.417478799819946 10.227483 25.385393 1.385401 -0.749785 0.659772 -0.046188 -0.019767
1732543190.517477750778198 10.210771 25.385740 1.387202 -0.737850 0.673103 -0.046963 -0.017428
1732543190.617476940155029 10.193500 25.389312 1.385420 -0.724062 0.687869 -0.048244 -0.015603
1732543190.717476129531860 10.188728 25.400145 1.385858 -0.707105 0.705380 -0.046077 -0.017854
1732543190.817475080490112 10.171446 25.428129 1.390140 -0.687727 0.724315 -0.046288 -0.016024
1732543190.917474508285522 10.125607 25.422748 1.389224 -0.667476 0.742890 -0.048784 -0.014491
1732543191.017473459243774 10.109436 25.452293 1.405970 -0.646392 0.761028 -0.052899 -0.014677
1732543191.117472648620605 10.083809 25.430382 1.371406 -0.628813 0.775371 -0.055875 -0.016477
1732543191.217471599578857 10.080859 25.471799 1.400467 -0.610554 0.790119 -0.051741 -0.016104
1732543191.317470550537109 10.058122 25.466329 1.390648 -0.591220 0.804786 -0.050277 -0.015857
1732543191.417469739913940 10.035566 25.474214 1.389816 -0.570456 0.819618 -0.051258 -0.013345
1732543191.517468690872192 10.014398 25.478228 1.390132 -0.547721 0.835148 -0.046499 -0.019176
1732543191.617468118667603 9.996524 25.476378 1.379074 -0.522550 0.851242 -0.044840 -0.017838
1732543191.717467308044434 9.986336 25.489178 1.389157 -0.499175 0.865105 -0.046190 -0.016851
1732543191.817466259002686 9.973215 25.510937 1.396766 -0.475928 0.877850 -0.050085 -0.019083
1732543191.917465209960938 9.954290 25.526110 1.385629 -0.457674 0.887508 -0.049667 -0.019909
1732543192.017464399337769 9.937573 25.539770 1.392238 -0.440185 0.896460 -0.047207 -0.019153
1732543192.117463350296021 9.916448 25.518683 1.384798 -0.422510 0.904921 -0.046607 -0.020772
1732543192.217462539672852 9.892896 25.512970 1.384311 -0.404459 0.913180 -0.046280 -0.019322
1732543192.317461967468262 9.865351 25.501903 1.379720 -0.386655 0.920988 -0.044371 -0.017629
1732543192.417460918426514 9.834972 25.501326 1.378509 -0.367067 0.929058 -0.041721 -0.019311
1732543192.517459869384766 9.801194 25.474493 1.371675 -0.343917 0.938103 -0.033702 -0.023386
1732543192.617459058761597 9.766750 25.473813 1.383121 -0.321916 0.945982 -0.032098 -0.021401
1732543192.717458009719849 9.721449 25.459961 1.375517 -0.300587 0.953014 -0.030705 -0.021667
1732543192.817457199096680 9.677567 25.436619 1.379949 -0.282399 0.958593 -0.029432 -0.022015
1732543192.917456150054932 9.642402 25.440446 1.373245 -0.267527 0.962897 -0.027963 -0.021814
1732543193.017455577850342 9.603319 25.418972 1.375901 -0.253553 0.966715 -0.028899 -0.018411
1732543193.117454767227173 9.591038 25.399862 1.377090 -0.239705 0.970230 -0.030594 -0.016106
1732543193.217453718185425 9.538440 25.379985 1.380848 -0.224342 0.973944 -0.026805 -0.019646
1732543193.317452669143677 9.479027 25.350675 1.383968 -0.213637 0.976398 -0.022309 -0.022528
1732543193.417451620101929 9.416196 25.347666 1.391101 -0.209708 0.977278 -0.021460 -0.022132
1732543193.517450809478760 9.344692 25.311839 1.386255 -0.207581 0.977724 -0.022261 -0.021683
1732543193.617449998855591 9.276243 25.280734 1.380624 -0.208342 0.977531 -0.018913 -0.025864
1732543193.717448949813843 9.211416 25.261077 1.382663 -0.212507 0.976697 -0.019251 -0.023108
1732543193.817448377609253 9.122723 25.219989 1.372629 -0.217178 0.975757 -0.017509 -0.020631
1732543193.917447566986084 9.031838 25.193284 1.375256 -0.221179 0.974942 -0.015378 -0.018215
1732543194.017446517944336 8.955191 25.148733 1.376883 -0.217352 0.975796 -0.010977 -0.021438
1732543194.117445468902588 8.877391 25.128978 1.377744 -0.214676 0.976393 -0.010600 -0.021415
1732543194.217444419860840 8.803192 25.086405 1.381782 -0.214179 0.976450 -0.011751 -0.023134
1732543194.317443609237671 8.718748 25.059145 1.363464 -0.219198 0.975277 -0.012413 -0.025159
1732543194.417443037033081 8.656286 25.012993 1.367776 -0.223060 0.974429 -0.013691 -0.023336
1732543194.517441987991333 8.586809 24.974582 1.367057 -0.227355 0.973493 -0.014115 -0.020537
1732543194.617441177368164 8.513207 24.944619 1.377193 -0.227413 0.973472 -0.010766 -0.022817
1732543194.717440366744995 8.432962 24.890925 1.362556 -0.225029 0.973980 -0.007463 -0.025864
1732543194.817439317703247 8.385523 24.873911 1.386964 -0.222549 0.974582 -0.007139 -0.024720
1732543194.917438268661499 8.316051 24.854963 1.391512 -0.222474 0.974546 -0.008085 -0.026478
1732543195.017437219619751 8.236596 24.802255 1.356784 -0.228177 0.973189 -0.009860 -0.027220
1732543195.117436408996582 8.177236 24.783017 1.373622 -0.233388 0.971986 -0.012395 -0.024897
1732543195.217435836791992 8.108737 24.741984 1.364878 -0.238698 0.970775 -0.012187 -0.021705
1732543195.317434787750244 8.019502 24.709517 1.361986 -0.239160 0.970519 -0.008777 -0.028622
1732543195.417433977127075 7.963747 24.679901 1.362155 -0.242772 0.969601 -0.007258 -0.029716
1732543195.517432928085327 7.885362 24.648765 1.369288 -0.249666 0.967867 -0.008311 -0.028839
1732543195.617432117462158 7.803061 24.604526 1.372985 -0.260803 0.964836 -0.010617 -0.030996
1732543195.717431068420410 7.746371 24.557868 1.351762 -0.275581 0.960734 -0.014345 -0.028980
1732543195.817430496215820 7.670797 24.513047 1.352846 -0.291602 0.956040 -0.014902 -0.027092
1732543195.917429685592651 7.601645 24.468710 1.359730 -0.311431 0.949872 -0.010431 -0.025402
1732543196.017428636550903 7.610113 24.388650 1.322944 -0.322436 0.946120 -0.009475 -0.028329
1732543196.117427825927734 7.491134 24.389055 1.375671 -0.336492 0.941284 -0.008729 -0.026113
1732543196.217426538467407 7.477452 24.314606 1.348434 -0.347475 0.937303 -0.009436 -0.025194
1732543196.317425727844238 7.429520 24.248014 1.334747 -0.359494 0.932722 -0.010022 -0.026342
1732543196.417424678802490 7.356303 24.214824 1.336787 -0.369909 0.928713 -0.013292 -0.021974
1732543196.517423868179321 7.319976 24.154162 1.317840 -0.377481 0.925716 -0.012776 -0.019890
1732543196.617423295974731 7.246847 24.111721 1.330806 -0.381856 0.923949 -0.013425 -0.017997
1732543196.717422485351562 7.186344 24.062776 1.323979 -0.379343 0.924957 -0.009365 -0.021593
1732543196.817421436309814 7.134641 24.022244 1.318644 -0.377375 0.925761 -0.008737 -0.021899
1732543196.917420387268066 7.079806 23.963034 1.323811 -0.376619 0.926102 -0.008897 -0.020328
1732543197.017419338226318 7.032593 23.925829 1.315958 -0.381250 0.924138 -0.011446 -0.022028
1732543197.117418527603149 6.980902 23.875566 1.310148 -0.386423 0.922021 -0.013123 -0.019538
1732543197.217417716979980 6.940995 23.816703 1.301842 -0.391824 0.919797 -0.012405 -0.017134
1732543197.317416906356812 6.856001 23.758050 1.309493 -0.395390 0.918311 -0.010208 -0.016346
1732543197.417416095733643 6.818609 23.695574 1.301268 -0.394000 0.918867 -0.005661 -0.020389
1732543197.517415285110474 6.767259 23.648474 1.299439 -0.392668 0.919441 -0.003979 -0.020584
1732543197.617413997650146 6.721003 23.581387 1.303800 -0.393678 0.918976 -0.005892 -0.021575
1732543197.717413187026978 6.682109 23.533350 1.299184 -0.399979 0.916245 -0.007019 -0.021524
1732543197.817412137985229 6.644524 23.466281 1.312063 -0.404718 0.914177 -0.008412 -0.020310
1732543197.917411327362061 6.627807 23.402902 1.297464 -0.410225 0.911772 -0.007525 -0.018204
1732543198.017410755157471 6.540077 23.341682 1.303644 -0.410522 0.911664 -0.005168 -0.017703
1732543198.117409706115723 6.482915 23.279378 1.285458 -0.409233 0.912213 -0.003767 -0.019525
1732543198.217408895492554 6.448157 23.221765 1.292567 -0.408117 0.912752 -0.004230 -0.017527
1732543198.317407846450806 6.393931 23.170709 1.278401 -0.412363 0.910755 -0.008695 -0.020178
1732543198.417406797409058 6.344705 23.111979 1.287916 -0.418358 0.908058 -0.010958 -0.016955
1732543198.517405986785889 6.318544 23.026854 1.249592 -0.422588 0.906119 -0.012046 -0.014900
1732543198.617405176162720 6.269059 22.974491 1.274408 -0.426997 0.904082 -0.009079 -0.015061
1732543198.717404365539551 6.247287 22.922826 1.261364 -0.424550 0.905157 -0.006157 -0.020259
1732543198.817403554916382 6.190482 22.855846 1.267582 -0.422601 0.906078 -0.005221 -0.020104
1732543198.917402505874634 6.115210 22.809285 1.260707 -0.422463 0.906163 -0.006197 -0.018866
1732543199.017401456832886 6.067432 22.732417 1.252384 -0.427135 0.903911 -0.009630 -0.020222
1732543199.117400646209717 6.011945 22.673453 1.254447 -0.432652 0.901319 -0.012103 -0.017018
1732543199.217399597167969 5.965384 22.602208 1.253308 -0.437426 0.899064 -0.012374 -0.013739
1732543199.317398786544800 5.896504 22.544401 1.255306 -0.439123 0.898233 -0.010099 -0.015681
1732543199.417397975921631 5.871425 22.469980 1.242515 -0.438058 0.898704 -0.007023 -0.019676
1732543199.517397165298462 5.798821 22.428072 1.264937 -0.437690 0.898887 -0.006766 -0.019568
1732543199.617396354675293 5.741876 22.355408 1.265091 -0.439009 0.898211 -0.009036 -0.020161
1732543199.717395305633545 5.708478 22.283227 1.233332 -0.445030 0.895238 -0.012439 -0.018481
1732543199.817394256591797 5.661885 22.230834 1.248061 -0.449737 0.892913 -0.013651 -0.016020
1732543199.917393445968628 5.624946 22.147746 1.238080 -0.458331 0.888585 -0.013492 -0.012965
1732543200.017392635345459 5.579150 22.083145 1.239689 -0.465606 0.884783 -0.010743 -0.015964
1732543200.117391824722290 5.527233 22.012116 1.234521 -0.472681 0.881025 -0.008780 -0.017060
1732543200.217390775680542 5.480568 21.943984 1.233408 -0.481371 0.876327 -0.008693 -0.016066
1732543200.317389965057373 5.454598 21.865348 1.218608 -0.494070 0.869159 -0.010179 -0.018812
1732543200.417388916015625 5.430447 21.801542 1.210949 -0.508045 0.861070 -0.014086 -0.015827
1732543200.517387866973877 5.402655 21.734086 1.204856 -0.521860 0.852801 -0.013075 -0.014874
1732543200.617387056350708 5.367550 21.668699 1.202492 -0.535432 0.844377 -0.010894 -0.014857
1732543200.717386245727539 5.343587 21.589370 1.207649 -0.539560 0.841686 -0.009993 -0.018432
1732543200.817385673522949 5.304158 21.524714 1.198492 -0.543134 0.839359 -0.010384 -0.019334
1732543200.917384624481201 5.294320 21.461693 1.204764 -0.547198 0.836718 -0.011769 -0.018425
1732543201.017383813858032 5.266394 21.411198 1.205038 -0.553216 0.832722 -0.011763 -0.019678
1732543201.117382526397705 5.260610 21.317671 1.186301 -0.557560 0.829815 -0.015972 -0.016699
1732543201.217381715774536 5.233088 21.250260 1.187182 -0.561961 0.826896 -0.015964 -0.013738
1732543201.317380905151367 5.214362 21.205346 1.188703 -0.563634 0.825733 -0.015015 -0.016024
1732543201.417379856109619 5.193114 21.133307 1.191609 -0.562422 0.826508 -0.012203 -0.020422
1732543201.517379283905029 5.137888 21.080249 1.174965 -0.561786 0.826947 -0.012561 -0.019952
1732543201.617378473281860 5.100208 21.000944 1.183919 -0.562344 0.826558 -0.015277 -0.018350
1732543201.717377424240112 5.066086 20.922845 1.161284 -0.567140 0.823195 -0.019129 -0.018330
1732543201.817376375198364 5.035793 20.842299 1.171651 -0.571014 0.820568 -0.019764 -0.014877
1732543201.917375326156616 4.991322 20.746166 1.162552 -0.574198 0.818427 -0.018395 -0.011642
1732543202.017374515533447 4.951210 20.662694 1.157219 -0.570811 0.820765 -0.017099 -0.015056
1732543202.117373704910278 4.933436 20.613863 1.165161 -0.564315 0.825237 -0.014792 -0.017708
1732543202.217372894287109 4.928713 20.550336 1.159174 -0.556987 0.830178 -0.016346 -0.017383
1732543202.317372083663940 4.898170 20.494326 1.159878 -0.551533 0.833735 -0.018896 -0.018426
1732543202.417371273040771 4.873325 20.449918 1.144164 -0.547781 0.836191 -0.021076 -0.016640
1732543202.517370223999023 4.853734 20.377061 1.151940 -0.542195 0.839838 -0.021977 -0.014656
1732543202.617369174957275 4.813504 20.306816 1.136454 -0.537460 0.842910 -0.022807 -0.010908
1732543202.717368125915527 4.769640 20.249531 1.146090 -0.526038 0.850131 -0.019324 -0.013739
1732543202.817367315292358 4.726475 20.186176 1.135867 -0.513386 0.857839 -0.016865 -0.016195
1732543202.917366743087769 4.666843 20.120521 1.138437 -0.500852 0.865166 -0.020696 -0.014422
1732543203.017365694046021 4.620021 20.037575 1.129660 -0.491675 0.870284 -0.024339 -0.016410
1732543203.117364883422852 4.556742 19.980123 1.122209 -0.490009 0.871231 -0.025752 -0.013574
1732543203.217363834381104 4.523522 19.904412 1.107839 -0.492378 0.869818 -0.029298 -0.011025
1732543203.317362785339355 4.445341 19.823882 1.121529 -0.497038 0.867263 -0.026509 -0.010258
1732543203.417361974716187 4.398777 19.734963 1.106180 -0.494725 0.868651 -0.022932 -0.012896
1732543203.517360925674438 4.392445 19.708953 1.104069 -0.493372 0.869468 -0.021184 -0.012671
1732543203.617360353469849 4.349658 19.643349 1.109004 -0.493220 0.869485 -0.023743 -0.012921
1732543203.717359542846680 4.307111 19.565708 1.071333 -0.499007 0.866088 -0.026145 -0.014102
1732543203.817358732223511 4.268919 19.510846 1.089568 -0.503247 0.863666 -0.026502 -0.011021
1732543203.917357683181763 4.235840 19.431871 1.078586 -0.508541 0.860664 -0.023993 -0.008266
1732543204.017356634140015 4.181436 19.337388 1.057416 -0.507887 0.861065 -0.020175 -0.014505
1732543204.117355585098267 4.139959 19.286440 1.096331 -0.506956 0.861668 -0.016232 -0.016125
1732543204.217354774475098 4.082236 19.194958 1.074265 -0.506198 0.862127 -0.016139 -0.015493
1732543204.317353725433350 4.047264 19.119226 1.065976 -0.510164 0.859632 -0.019213 -0.019928
1732543204.417353153228760 4.007617 19.047673 1.060049 -0.515681 0.856331 -0.021404 -0.017668
1732543204.517352342605591 3.974173 18.973187 1.056056 -0.520719 0.853347 -0.020525 -0.015142
1732543204.617351293563843 3.917354 18.871198 1.052858 -0.525201 0.850643 -0.018982 -0.014489
1732543204.717350244522095 3.875150 18.794068 1.060933 -0.524965 0.850828 -0.013093 -0.018244
1732543204.817349433898926 3.830017 18.714535 1.051091 -0.525790 0.850351 -0.011447 -0.017774
1732543204.917348623275757 3.779392 18.649365 1.073963 -0.529340 0.848152 -0.011710 -0.017339
1732543205.017347574234009 3.744783 18.530660 0.986822 -0.538182 0.842517 -0.015339 -0.017040
1732543205.117347002029419 3.735564 18.455736 1.067079 -0.545284 0.838044 -0.014062 -0.012251
1732543205.217346191406250 3.686452 18.358362 1.042280 -0.553423 0.832747 -0.012517 -0.009892
1732543205.317345142364502 3.616087 18.235301 1.036344 -0.554774 0.831796 -0.009895 -0.015569
1732543205.417343854904175 3.580368 18.165509 1.022253 -0.554219 0.832127 -0.008638 -0.018214
1732543205.517343044281006 3.529783 18.093553 1.015634 -0.553370 0.832703 -0.009042 -0.017476
1732543205.617342233657837 3.480801 17.984663 1.007377 -0.556491 0.830465 -0.015116 -0.020442
1732543205.717341661453247 3.427192 17.884842 1.008326 -0.561368 0.827167 -0.018057 -0.018299
1732543205.817340612411499 3.394710 17.807159 1.005550 -0.565363 0.824483 -0.018615 -0.015660
1732543205.917339801788330 3.343293 17.714640 1.014760 -0.568669 0.822231 -0.017121 -0.016114
1732543206.017338991165161 3.354671 17.657943 0.995607 -0.567014 0.823295 -0.016166 -0.020493
1732543206.117337703704834 3.316993 17.604016 1.015101 -0.565728 0.824227 -0.014878 -0.019525
1732543206.217336893081665 3.278148 17.513381 1.017696 -0.565758 0.824192 -0.016518 -0.018773
1732543206.317335844039917 3.246652 17.426919 0.989269 -0.570838 0.820606 -0.019657 -0.019055
1732543206.417335033416748 3.229275 17.351127 0.996754 -0.575673 0.817228 -0.022598 -0.015136
1732543206.517334222793579 3.172522 17.243956 0.992602 -0.581093 0.813487 -0.020453 -0.012321
1732543206.617333412170410 3.148021 17.144437 0.983357 -0.580305 0.813953 -0.019169 -0.018956
1732543206.717332601547241 3.064995 17.078498 1.003568 -0.579692 0.814382 -0.016046 -0.021941
1732543206.817331552505493 3.049712 16.994498 0.998651 -0.578551 0.815227 -0.016981 -0.019855
1732543206.917330503463745 3.035650 16.926267 0.993476 -0.582170 0.812483 -0.020621 -0.022895
1732543207.017329692840576 3.020313 16.856424 0.981804 -0.587018 0.809038 -0.022552 -0.018951
1732543207.117328643798828 2.999069 16.768558 0.976779 -0.591167 0.806110 -0.021375 -0.015867
1732543207.217328071594238 2.963131 16.674235 0.978609 -0.593586 0.804347 -0.018923 -0.017971
1732543207.317327260971069 2.916145 16.561212 0.973401 -0.592120 0.805344 -0.017310 -0.022715
1732543207.417326211929321 2.873839 16.470792 0.976274 -0.590962 0.806239 -0.015594 -0.022346
1732543207.517325162887573 2.842579 16.385679 0.974292 -0.591651 0.805719 -0.015597 -0.022860
1732543207.617324352264404 2.807947 16.285399 0.963836 -0.597322 0.801545 -0.016622 -0.021353
1732543207.717323541641235 2.787930 16.197783 0.960709 -0.601577 0.798387 -0.018760 -0.018205
1732543207.817322492599487 2.762335 16.105258 0.963395 -0.606123 0.795028 -0.016817 -0.016195
1732543207.917321681976318 2.732438 16.008208 0.958329 -0.605247 0.795644 -0.012826 -0.021478
1732543208.017320871353149 2.698934 15.921429 0.957257 -0.603843 0.796695 -0.010524 -0.023254
1732543208.117320060729980 2.664379 15.823645 0.952996 -0.603035 0.797359 -0.010180 -0.021515
1732543208.217318773269653 2.632725 15.727858 0.949371 -0.606645 0.794500 -0.014112 -0.023524
1732543208.317317962646484 2.606008 15.634687 0.932555 -0.611618 0.790708 -0.016854 -0.020494
1732543208.417317152023315 2.574461 15.541314 0.933223 -0.615780 0.787553 -0.016691 -0.017215
1732543208.517316102981567 2.533284 15.431349 0.931227 -0.618610 0.785372 -0.015641 -0.016379
1732543208.617315530776978 2.507003 15.344438 0.934256 -0.616663 0.786848 -0.012038 -0.021250
1732543208.717314720153809 2.479198 15.270082 0.927973 -0.614999 0.788162 -0.010412 -0.021643
1732543208.817313671112061 2.448441 15.171747 0.937136 -0.614592 0.788520 -0.011108 -0.019725
1732543208.917312622070312 2.434109 15.092399 0.906982 -0.619772 0.784366 -0.015229 -0.020512
1732543209.017311811447144 2.404746 15.006184 0.912465 -0.624191 0.780902 -0.016329 -0.017660
1732543209.117310762405396 2.381924 14.906327 0.905957 -0.628209 0.777762 -0.015105 -0.014547
1732543209.217309951782227 2.335718 14.789782 0.902770 -0.628071 0.777826 -0.013174 -0.018416
1732543209.317309141159058 2.302245 14.692611 0.905647 -0.626554 0.779016 -0.009821 -0.021605
1732543209.417308330535889 2.256104 14.577618 0.899976 -0.625096 0.780208 -0.009129 -0.021137
1732543209.517307281494141 2.233887 14.479735 0.893816 -0.623858 0.781144 -0.012912 -0.021180
1732543209.617306232452393 2.203298 14.400538 0.889731 -0.624035 0.781071 -0.013668 -0.017931
1732543209.717305421829224 2.181287 14.322122 0.878898 -0.621613 0.783008 -0.014749 -0.016671
1732543209.817304611206055 2.150456 14.237878 0.885854 -0.617784 0.786100 -0.015178 -0.012608
1732543209.917303562164307 2.102688 14.127566 0.876871 -0.606752 0.794593 -0.013100 -0.017403
1732543210.017302989959717 2.065639 14.042252 0.872204 -0.594266 0.803952 -0.010322 -0.020044
1732543210.117302179336548 2.019408 13.962250 0.871356 -0.581555 0.813198 -0.012893 -0.018371
1732543210.217301130294800 1.987473 13.875901 0.860301 -0.572248 0.819691 -0.016232 -0.019409
1732543210.317297697067261 1.950878 13.794974 0.848801 -0.572587 0.819504 -0.016618 -0.016738
1732543210.417296648025513 1.918729 13.707041 0.848484 -0.576895 0.816481 -0.018657 -0.014245
1732543210.517296075820923 1.886431 13.604492 0.852895 -0.580929 0.813664 -0.016527 -0.014086
1732543210.617295265197754 1.849854 13.506668 0.843651 -0.579141 0.814863 -0.014812 -0.019364
1732543210.717294454574585 1.818068 13.421245 0.847464 -0.577427 0.816122 -0.012503 -0.019156
1732543210.817293167114258 1.769582 13.310851 0.846744 -0.577137 0.816303 -0.011560 -0.020678
1732543210.917292356491089 1.725352 13.224471 0.831862 -0.582972 0.812160 -0.014343 -0.018251
1732543211.017291307449341 1.697024 13.124984 0.827911 -0.587106 0.809208 -0.016584 -0.014608
1732543211.117290496826172 1.662740 13.025419 0.829872 -0.591401 0.806127 -0.015423 -0.012942
1732543211.217289924621582 1.622489 12.925758 0.828300 -0.589675 0.807276 -0.012951 -0.020511
1732543211.317288875579834 1.594766 12.845381 0.823460 -0.588484 0.808135 -0.012465 -0.021194
1732543211.417288064956665 1.544501 12.726856 0.821285 -0.587218 0.809083 -0.010582 -0.021169
1732543211.517287015914917 1.490703 12.585174 0.805157 -0.592184 0.805308 -0.014459 -0.024249
1732543211.617286205291748 1.446839 12.437610 0.795864 -0.596416 0.802219 -0.017393 -0.020745
1732543211.717285156250000 1.417014 12.295162 0.796541 -0.600767 0.799051 -0.014741 -0.019447
1732543211.817284107208252 1.373946 12.164047 0.797369 -0.600736 0.799066 -0.010030 -0.022555
1732543211.917283535003662 1.340830 12.045111 0.797240 -0.598904 0.800364 -0.007234 -0.026071
1732543212.017282724380493 1.316767 11.966477 0.795666 -0.597739 0.801302 -0.005194 -0.024425
1732543212.117281675338745 1.307240 11.892386 0.787758 -0.600776 0.798947 -0.006771 -0.026570
1732543212.217280626296997 1.307318 11.833601 0.788509 -0.605654 0.795344 -0.011408 -0.021933
1732543212.317279815673828 1.305909 11.807767 0.780115 -0.609917 0.792133 -0.010955 -0.020177
1732543212.417278766632080 1.327280 11.798074 0.788159 -0.610919 0.791324 -0.008455 -0.022657
1732543212.517277956008911 1.351754 11.773576 0.790191 -0.607395 0.793927 -0.005341 -0.026864
1732543212.617277383804321 1.323654 11.703782 0.789803 -0.603936 0.796595 -0.003476 -0.026196
1732543212.717276573181152 1.306241 11.640675 0.799443 -0.600291 0.799385 -0.006527 -0.024306
1732543212.817275524139404 1.304943 11.605977 0.756658 -0.599617 0.799773 -0.013076 -0.025541
1732543212.917274236679077 1.299531 11.558711 0.791004 -0.596599 0.802077 -0.013820 -0.023497
1732543213.017273426055908 1.297487 11.521289 0.781313 -0.592965 0.804829 -0.014515 -0.020806
1732543213.117272615432739 1.284113 11.479955 0.775958 -0.584205 0.811178 -0.015717 -0.021160
1732543213.217271566390991 1.293933 11.459474 0.787117 -0.571135 0.820411 -0.011518 -0.024452
1732543213.317270994186401 1.255637 11.406348 0.780973 -0.559064 0.828684 -0.012822 -0.023797
1732543213.417269945144653 1.274203 11.394475 0.778202 -0.550926 0.834088 -0.016595 -0.022393
1732543213.517269134521484 1.254111 11.381994 0.773949 -0.553874 0.832128 -0.018090 -0.021432
1732543213.617268085479736 1.262247 11.362336 0.778236 -0.557946 0.829380 -0.022501 -0.017852
1732543213.717267274856567 1.249320 11.301596 0.769307 -0.563316 0.825839 -0.018880 -0.017563
1732543213.817266225814819 1.156908 11.172066 0.778791 -0.561812 0.826839 -0.017029 -0.020375
1732543213.917265415191650 1.106387 11.038966 0.768906 -0.560246 0.827889 -0.015930 -0.021707
1732543214.017264842987061 1.046515 10.914239 0.778660 -0.559251 0.828539 -0.016015 -0.022476
1732543214.117263793945312 1.022450 10.813156 0.752626 -0.564310 0.825002 -0.019285 -0.023538
1732543214.217262744903564 0.973154 10.716886 0.763442 -0.568688 0.821987 -0.022542 -0.020557
1732543214.317256450653076 0.937441 10.608390 0.760544 -0.573783 0.818528 -0.019977 -0.019649
1732543214.417255163192749 0.906340 10.526571 0.767107 -0.572314 0.819529 -0.014826 -0.024673
1732543214.517254590988159 0.870232 10.452475 0.764217 -0.571065 0.820348 -0.012801 -0.027366
1732543214.617253541946411 0.828108 10.344783 0.765055 -0.569331 0.821635 -0.011797 -0.025290
1732543214.717252492904663 0.796976 10.270352 0.752854 -0.573472 0.818616 -0.016284 -0.027065
1732543214.817251443862915 0.757377 10.182078 0.751423 -0.577371 0.815878 -0.020844 -0.023460
1732543214.917250156402588 0.719530 10.081165 0.744491 -0.581129 0.813279 -0.019616 -0.021941
1732543215.017249107360840 0.677348 9.991389 0.744901 -0.580461 0.813712 -0.014874 -0.026775
1732543215.117248058319092 0.625148 9.862255 0.737952 -0.578746 0.814882 -0.011511 -0.029801
1732543215.217247009277344 0.601188 9.800252 0.726436 -0.576868 0.816294 -0.009871 -0.028119
1732543215.317245960235596 0.652452 9.809180 0.741501 -0.579940 0.814059 -0.012124 -0.028827
1732543215.417245149612427 0.681632 9.800279 0.728534 -0.584682 0.810731 -0.016497 -0.024277
1732543215.517244100570679 0.665690 9.742735 0.722467 -0.588232 0.808186 -0.016600 -0.023293
1732543215.617243289947510 0.606169 9.622829 0.721213 -0.590007 0.806924 -0.015435 -0.022959
1732543215.717242002487183 0.565217 9.503388 0.709791 -0.587165 0.808934 -0.011363 -0.027072
1732543215.817240953445435 0.509468 9.397235 0.713492 -0.584911 0.810652 -0.007768 -0.025716
1732543215.917239665985107 0.463752 9.278812 0.701712 -0.585726 0.810030 -0.010455 -0.025833
1732543216.017238855361938 0.404378 9.144306 0.686662 -0.590900 0.806331 -0.014736 -0.021215
1732543216.117237567901611 0.391820 9.049855 0.683780 -0.593916 0.804193 -0.014217 -0.018340
1732543216.217236757278442 0.346756 8.945101 0.681848 -0.596414 0.802340 -0.011433 -0.020269
1732543216.317235469818115 0.313574 8.839919 0.677794 -0.593357 0.804472 -0.008542 -0.026074
1732543216.417234897613525 0.266356 8.756377 0.678072 -0.590819 0.806353 -0.005734 -0.026378
1732543216.517233610153198 0.248617 8.653506 0.667387 -0.589491 0.807318 -0.004733 -0.026742
1732543216.617232799530029 0.236675 8.564309 0.645646 -0.594683 0.803464 -0.010928 -0.026029
1732543216.717231750488281 0.172351 8.454778 0.650005 -0.599426 0.800026 -0.012200 -0.022317
1732543216.817230463027954 0.147623 8.363844 0.649810 -0.603567 0.797011 -0.011789 -0.018465
1732543216.917229413986206 0.133003 8.274217 0.651038 -0.602457 0.797689 -0.006895 -0.026271
1732543217.017228364944458 0.131171 8.220672 0.643444 -0.601726 0.798195 -0.005898 -0.027858
1732543217.117227315902710 0.111493 8.136753 0.644407 -0.601289 0.798607 -0.005413 -0.025474
1732543217.217226266860962 0.104434 8.074962 0.635202 -0.606939 0.794267 -0.008031 -0.026486
1732543217.317225217819214 0.109548 8.024624 0.631054 -0.614713 0.788374 -0.012620 -0.020844
1732543217.417224407196045 0.126875 7.966812 0.628942 -0.621711 0.782935 -0.012095 -0.018478
1732543217.517223358154297 0.109649 7.921407 0.632185 -0.625043 0.780222 -0.010390 -0.021604
1732543217.617222309112549 0.076076 7.808044 0.622805 -0.625680 0.779636 -0.009889 -0.024390
1732543217.717221260070801 -0.002402 7.603897 0.615907 -0.626156 0.779317 -0.008473 -0.022856
1732543217.817220211029053 -0.103841 7.388527 0.611747 -0.631006 0.775351 -0.011521 -0.023012
1732543217.917218923568726 -0.144351 7.266222 0.592999 -0.638957 0.768881 -0.014466 -0.018582
1732543218.017217874526978 -0.145870 7.187678 0.589849 -0.645715 0.763295 -0.014341 -0.015075
1732543218.117216825485229 -0.147795 7.124315 0.552716 -0.650970 0.758844 -0.012556 -0.015376
1732543218.217215776443481 -0.159501 7.032923 0.550962 -0.650762 0.758901 -0.011006 -0.021394
1732543218.317214727401733 -0.177896 6.949336 0.539914 -0.650486 0.759170 -0.009989 -0.020736
1732543218.417213916778564 -0.174922 6.866630 0.548851 -0.652692 0.757214 -0.009832 -0.022885
1732543218.517212867736816 -0.176449 6.760721 0.527545 -0.658379 0.752312 -0.013502 -0.019518
1732543218.617212057113647 -0.196300 6.644293 0.534773 -0.662308 0.748946 -0.013444 -0.015749
1732543218.717210769653320 -0.241304 6.506671 0.530317 -0.665618 0.746017 -0.012028 -0.016355
1732543218.817209720611572 -0.278123 6.388292 0.514561 -0.663218 0.748005 -0.009943 -0.023045
1732543218.917208433151245 -0.313785 6.250401 0.521513 -0.661097 0.749934 -0.008173 -0.021981
1732543219.017207622528076 -0.344108 6.106623 0.508764 -0.660603 0.750368 -0.007355 -0.022292
1732543219.117206335067749 -0.374633 5.969372 0.487269 -0.666038 0.745456 -0.012041 -0.023315
1732543219.217205524444580 -0.403011 5.881952 0.496098 -0.670314 0.741682 -0.014129 -0.019681
1732543219.317204475402832 -0.409738 5.785094 0.490951 -0.674336 0.738086 -0.013837 -0.017554
1732543219.417203664779663 -0.420639 5.662884 0.484384 -0.673411 0.738806 -0.013115 -0.022616
1732543219.517202615737915 -0.456705 5.536467 0.497435 -0.671849 0.740180 -0.010740 -0.025226
1732543219.617201566696167 -0.477942 5.424924 0.489848 -0.670248 0.741677 -0.009609 -0.024321
1732543219.717200517654419 -0.451419 5.352420 0.483175 -0.672548 0.739490 -0.013881 -0.025296
1732543219.817199230194092 -0.443761 5.312051 0.474247 -0.677530 0.735028 -0.016047 -0.020733
1732543219.917198181152344 -0.448890 5.223938 0.467458 -0.681603 0.731328 -0.015630 -0.018262
1732543220.017197132110596 -0.459867 5.095930 0.470603 -0.683486 0.729517 -0.016051 -0.019850
1732543220.117196083068848 -0.487720 4.996097 0.466603 -0.681645 0.731116 -0.014525 -0.024887
1732543220.217195034027100 -0.503176 4.892325 0.469008 -0.679652 0.733008 -0.013079 -0.024513
1732543220.317195892333984 -0.515954 4.779267 0.468178 -0.680251 0.732373 -0.013742 -0.026467
1732543220.417194843292236 -0.527552 4.647760 0.450289 -0.685718 0.727233 -0.018208 -0.024327
1732543220.517193794250488 -0.538622 4.544031 0.457349 -0.689555 0.723711 -0.017946 -0.020821
1732543220.617192983627319 -0.534640 4.415596 0.461434 -0.692683 0.720786 -0.016271 -0.019818
1732543220.717191934585571 -0.548966 4.284739 0.453199 -0.690979 0.722278 -0.014821 -0.025362
1732543220.817191123962402 -0.599759 4.107089 0.450600 -0.689422 0.723782 -0.014153 -0.025252
1732543220.917190074920654 -0.641401 3.941175 0.448911 -0.688859 0.724387 -0.013878 -0.023331
1732543221.017189025878906 -0.719876 3.675873 0.430648 -0.692598 0.720652 -0.018031 -0.025386
1732543221.117187976837158 -0.738589 3.502727 0.429460 -0.696483 0.717001 -0.020327 -0.020174
1732543221.217186927795410 -0.731474 3.326673 0.402123 -0.699699 0.713977 -0.019135 -0.017101
1732543221.317185640335083 -0.765463 3.138487 0.403676 -0.700772 0.712872 -0.017132 -0.020921
1732543221.417184591293335 -0.833478 2.892374 0.397091 -0.699414 0.714077 -0.015895 -0.025715
1732543221.517183542251587 -0.856188 2.749284 0.393480 -0.697749 0.715748 -0.014736 -0.025159
1732543221.617182493209839 -0.894146 2.578693 0.386974 -0.698614 0.714875 -0.017446 -0.024255
1732543221.717181444168091 -0.941796 2.384718 0.370085 -0.703122 0.710444 -0.020371 -0.021761
1732543221.817180633544922 -0.953870 2.264263 0.371356 -0.706494 0.707186 -0.020433 -0.018354
1732543221.917179584503174 -0.989774 2.090102 0.363735 -0.710233 0.703548 -0.018489 -0.015724
1732543222.017178535461426 -1.014238 1.952603 0.360635 -0.709051 0.704692 -0.016294 -0.019752
1732543222.117177486419678 -1.042217 1.817085 0.357248 -0.708009 0.705702 -0.014919 -0.022028
1732543222.217176437377930 -1.033067 1.756865 0.358622 -0.707361 0.706410 -0.014690 -0.020235
1732543222.317175149917603 -1.033346 1.645664 0.348727 -0.710368 0.703264 -0.018402 -0.021432
1732543222.417174100875854 -1.042407 1.533593 0.345034 -0.714221 0.699392 -0.020796 -0.017500
1732543222.517173051834106 -1.041799 1.451825 0.341473 -0.717427 0.696164 -0.020881 -0.014764
1732543222.617172002792358 -1.051313 1.321629 0.339165 -0.718363 0.695274 -0.018879 -0.013898
1732543222.717171192169189 -1.070019 1.223452 0.336518 -0.713553 0.700190 -0.015880 -0.018000
1732543222.817170143127441 -0.985776 1.345192 0.343472 -0.708790 0.705003 -0.015568 -0.018584
1732543222.917169332504272 -0.927458 1.437684 0.343417 -0.705448 0.708345 -0.016810 -0.017542
1732543223.017168045043945 -0.781274 1.691175 0.350861 -0.703732 0.709953 -0.019777 -0.018378
1732543223.117167234420776 -0.754743 1.722268 0.350362 -0.701027 0.712669 -0.019956 -0.016303
1732543223.217165946960449 -0.715176 1.724744 0.352833 -0.697837 0.715890 -0.018981 -0.012879
1732543223.317164897918701 -0.713414 1.659223 0.346697 -0.691786 0.721753 -0.017732 -0.013809
1732543223.417163848876953 -0.707645 1.599875 0.347379 -0.682746 0.730335 -0.013141 -0.017234
1732543223.517162799835205 -0.713287 1.554142 0.344749 -0.675063 0.737476 -0.012498 -0.016229
1732543223.617161750793457 -0.703940 1.536630 0.347823 -0.669388 0.742574 -0.017692 -0.013779
1732543223.717160701751709 -0.685736 1.469852 0.321608 -0.669108 0.742825 -0.018218 -0.013162
1732543223.817159891128540 -0.636832 1.565047 0.342686 -0.671470 0.740715 -0.019475 -0.009471
1732543223.917158842086792 -0.626555 1.498396 0.336440 -0.676430 0.736260 -0.017306 -0.007967
1732543224.017157793045044 -0.658232 1.312122 0.335555 -0.676022 0.736627 -0.015490 -0.011632
1732543224.117156744003296 -0.709105 1.174671 0.329689 -0.675310 0.737275 -0.013977 -0.013650
1732543224.217155694961548 -0.761092 0.950583 0.330334 -0.674261 0.738277 -0.013066 -0.012171
1732543224.317160367965698 -0.823941 0.791604 0.343367 -0.677309 0.735340 -0.015760 -0.016707
1732543224.417159557342529 -0.863444 0.646884 0.336345 -0.679095 0.733697 -0.018446 -0.013352
1732543224.517158269882202 -0.889220 0.502722 0.328379 -0.679364 0.733510 -0.017620 -0.010771
1732543224.617157459259033 -0.860802 0.546605 0.332990 -0.675344 0.737137 -0.016208 -0.016623
1732543224.717156410217285 -0.862688 0.473144 0.339753 -0.667822 0.743874 -0.011897 -0.022876
1732543224.817155599594116 -0.881030 0.398201 0.338164 -0.659587 0.751240 -0.010204 -0.021894
1732543224.917155027389526 -0.896133 0.277594 0.331032 -0.654263 0.755739 -0.014389 -0.024302
1732543225.017153978347778 -0.918738 0.190933 0.327268 -0.652232 0.757588 -0.013963 -0.021422
1732543225.117153167724609 -0.929751 0.091880 0.323665 -0.650134 0.759454 -0.013745 -0.019136
1732543225.217152118682861 -0.956734 -0.034601 0.323639 -0.651129 0.758599 -0.014194 -0.018905
1732543225.317151069641113 -0.979585 -0.137233 0.326553 -0.649063 0.760258 -0.012383 -0.023928
1732543225.417150020599365 -0.990700 -0.214955 0.323230 -0.646800 0.762202 -0.011227 -0.023917
1732543225.517149209976196 -0.979138 -0.222961 0.327065 -0.646269 0.762703 -0.010925 -0.022389
1732543225.617148637771606 -0.992213 -0.316216 0.315774 -0.651427 0.758218 -0.013687 -0.023673
1732543225.717147588729858 -1.011002 -0.402274 0.314114 -0.655798 0.754506 -0.016772 -0.019211
1732543225.817146778106689 -1.030321 -0.507935 0.312080 -0.659985 0.750958 -0.014602 -0.016357
1732543225.917145729064941 -1.061369 -0.621922 0.310507 -0.659115 0.751640 -0.011338 -0.021830
1732543226.017144680023193 -1.066907 -0.750585 0.308419 -0.657321 0.753186 -0.010112 -0.023168
1732543226.117143630981445 -1.105628 -0.887312 0.310635 -0.656090 0.754336 -0.010171 -0.020492
1732543226.217142820358276 -1.137708 -1.044803 0.298164 -0.659419 0.751334 -0.013232 -0.022103
1732543226.317142009735107 -1.163867 -1.189022 0.289811 -0.664028 0.747350 -0.015482 -0.017184
1732543226.417141199111938 -1.197556 -1.335923 0.285485 -0.668057 0.743844 -0.014730 -0.013336
1732543226.517140150070190 -1.236989 -1.503570 0.283420 -0.669842 0.742258 -0.012868 -0.014114
1732543226.617139577865601 -1.266725 -1.683282 0.280182 -0.668834 0.743029 -0.009734 -0.021772
1732543226.717138290405273 -1.304338 -1.814901 0.277731 -0.667904 0.743872 -0.007283 -0.022489
1732543226.817137479782104 -1.323593 -1.947792 0.275190 -0.669624 0.742269 -0.008077 -0.023978
1732543226.917136430740356 -1.332427 -2.065233 0.255208 -0.674135 0.738226 -0.012228 -0.020374
1732543227.017135620117188 -1.360179 -2.201039 0.257718 -0.677551 0.735141 -0.011731 -0.018829
1732543227.117134809494019 -1.386010 -2.364060 0.252876 -0.680779 0.732168 -0.011373 -0.018449
1732543227.217133998870850 -1.407517 -2.506791 0.239028 -0.678212 0.734453 -0.009139 -0.022886
1732543227.317132949829102 -1.445091 -2.644753 0.249181 -0.675028 0.737389 -0.005373 -0.023801
1732543227.417131900787354 -1.487759 -2.813292 0.221078 -0.669699 0.742297 -0.004523 -0.021882
1732543227.517130851745605 -1.503314 -2.952323 0.207984 -0.665543 0.745908 -0.011703 -0.023157
1732543227.617130041122437 -1.520608 -3.055067 0.203793 -0.661133 0.749858 -0.012696 -0.021315
1732543227.717129230499268 -1.535895 -3.157212 0.201121 -0.655704 0.754683 -0.013431 -0.018035
1732543227.817128181457520 -1.563862 -3.273854 0.201505 -0.650966 0.758724 -0.014317 -0.019404
1732543227.917127609252930 -1.574452 -3.357487 0.199986 -0.645010 0.763688 -0.013887 -0.023467
1732543228.017126560211182 -1.582664 -3.383985 0.198177 -0.641323 0.766819 -0.013957 -0.022305
1732543228.117125749588013 -1.626122 -3.489348 0.193802 -0.640919 0.767177 -0.015629 -0.020451
1732543228.217124700546265 -1.645924 -3.620333 0.179461 -0.645088 0.763628 -0.017651 -0.020546
1732543228.317123651504517 -1.671890 -3.699759 0.180845 -0.649409 0.760010 -0.020513 -0.015256
1732543228.417122840881348 -1.691084 -3.835049 0.173848 -0.654012 0.756160 -0.017784 -0.013209
1732543228.517121791839600 -1.729520 -3.977214 0.175490 -0.653558 0.756528 -0.015065 -0.017335
1732543228.617121219635010 -1.751806 -4.088216 0.175268 -0.652252 0.757600 -0.013942 -0.020376
1732543228.717120170593262 -1.773743 -4.216049 0.171783 -0.651311 0.758424 -0.014326 -0.019537
1732543228.817119359970093 -1.801084 -4.361849 0.160836 -0.654447 0.755600 -0.017064 -0.021811
1732543228.917118310928345 -1.802140 -4.395866 0.160446 -0.658267 0.752297 -0.020804 -0.017351
1732543229.017117261886597 -1.821137 -4.500659 0.156695 -0.661720 0.749330 -0.019734 -0.015514
1732543229.117116451263428 -1.841585 -4.664606 0.156244 -0.661519 0.749434 -0.016459 -0.021689
1732543229.217115402221680 -1.863644 -4.805640 0.156647 -0.659761 0.750884 -0.013788 -0.026439
1732543229.317114830017090 -1.871106 -4.817905 0.160141 -0.658824 0.751775 -0.012007 -0.025339
1732543229.417113780975342 -1.872642 -4.876810 0.152276 -0.661376 0.749408 -0.013277 -0.028167
1732543229.517112970352173 -1.725566 -4.378982 0.167102 -0.665903 0.745473 -0.017444 -0.023220
1732543229.617111921310425 -1.716391 -4.387290 0.167708 -0.669346 0.742464 -0.017473 -0.020421
1732543229.717110872268677 -1.718277 -4.434176 0.171883 -0.671666 0.740371 -0.016255 -0.021236
1732543229.817110061645508 -1.683448 -4.408285 0.174738 -0.670104 0.741675 -0.014544 -0.025843
1732543229.917109012603760 -1.704290 -4.487822 0.176903 -0.668832 0.742890 -0.012602 -0.024892
1732543230.017108440399170 -1.727504 -4.604351 0.171953 -0.668884 0.742851 -0.012813 -0.024517
1732543230.117107391357422 -1.641965 -4.407556 0.166409 -0.673183 0.738947 -0.015403 -0.023353
1732543230.217106580734253 -1.648507 -4.525621 0.172712 -0.677137 0.735413 -0.016928 -0.019151
1732543230.317105531692505 -1.658329 -4.632484 0.171392 -0.681131 0.731804 -0.015704 -0.016649
1732543230.417104482650757 -1.662560 -4.701958 0.175501 -0.679783 0.733031 -0.012724 -0.019971
1732543230.517103672027588 -1.666817 -4.809721 0.152871 -0.678592 0.734088 -0.011079 -0.022495
1732543230.617102622985840 -1.669804 -4.895476 0.149228 -0.677843 0.734815 -0.010099 -0.021747
1732543230.717102050781250 -1.660046 -4.929745 0.147161 -0.681341 0.731459 -0.013493 -0.023673
1732543230.817101240158081 -1.657304 -5.001838 0.144403 -0.683446 0.729566 -0.015886 -0.019554
1732543230.917100191116333 -1.658265 -5.086863 0.144186 -0.684199 0.728945 -0.015413 -0.016539
1732543231.017099380493164 -1.665184 -5.186962 0.143108 -0.681682 0.731273 -0.015639 -0.017471
1732543231.117098093032837 -1.683913 -5.253068 0.142270 -0.676613 0.735885 -0.012248 -0.022786
1732543231.217097282409668 -1.701487 -5.350905 0.139167 -0.670926 0.741095 -0.010876 -0.022762
1732543231.317096233367920 -1.724413 -5.465723 0.128908 -0.667870 0.743735 -0.014761 -0.024309
1732543231.417095422744751 -1.742519 -5.568780 0.116368 -0.667390 0.744219 -0.018334 -0.019809
1732543231.517094612121582 -1.768151 -5.687882 0.124394 -0.665567 0.745923 -0.017666 -0.017543
1732543231.617093801498413 -1.786583 -5.801558 0.123770 -0.664427 0.746975 -0.016732 -0.016867
1732543231.717092990875244 -1.810830 -5.906059 0.110182 -0.658766 0.751870 -0.015745 -0.021711
1732543231.817091941833496 -1.826973 -5.962501 0.117077 -0.653621 0.756373 -0.015299 -0.021108
1732543231.917090892791748 -1.833348 -6.029635 0.111812 -0.649357 0.760051 -0.016826 -0.019370
1732543232.017089843750000 -1.854794 -6.127598 0.096999 -0.650493 0.758918 -0.020653 -0.021790
1732543232.117089033126831 -1.880744 -6.224458 0.097115 -0.653296 0.756585 -0.022557 -0.016560
1732543232.217088460922241 -1.899340 -6.353933 0.086415 -0.656776 0.753663 -0.021535 -0.013173
1732543232.317084789276123 -1.932919 -6.486370 0.093990 -0.657656 0.752896 -0.018930 -0.016655
1732543232.417083740234375 -1.947269 -6.591226 0.089369 -0.656212 0.754085 -0.016819 -0.021416
1732543232.517082929611206 -1.964773 -6.702974 0.082568 -0.655024 0.755169 -0.014898 -0.021009
1732543232.617082118988037 -1.979482 -6.823242 0.075586 -0.657821 0.752615 -0.016932 -0.023567
1732543232.717081308364868 -1.998280 -6.937375 0.073767 -0.661864 0.749132 -0.019858 -0.018542
1732543232.817080497741699 -2.000164 -7.019704 0.065693 -0.664743 0.746635 -0.020172 -0.015695
1732543232.917079448699951 -2.020890 -7.115001 0.072509 -0.666140 0.745366 -0.018820 -0.018243
1732543233.017078399658203 -2.034692 -7.186617 0.080589 -0.664607 0.746627 -0.017493 -0.023227
1732543233.117077350616455 -2.037768 -7.325313 0.069460 -0.662487 0.748558 -0.016985 -0.021986
1732543233.217076539993286 -2.062345 -7.452137 0.072053 -0.663359 0.747741 -0.017460 -0.023078
1732543233.317075490951538 -2.100654 -7.582866 0.054632 -0.668094 0.743555 -0.018695 -0.020665
1732543233.417074680328369 -2.121719 -7.774452 0.046784 -0.670802 0.741171 -0.020293 -0.016686
1732543233.517073869705200 -2.182788 -8.012963 0.051279 -0.673807 0.738516 -0.016441 -0.017544
1732543233.617073297500610 -2.204342 -8.153063 0.013426 -0.671622 0.740348 -0.016054 -0.023479
1732543233.717072248458862 -2.256276 -8.331785 0.015603 -0.670381 0.741519 -0.014255 -0.023147
1732543233.817070960998535 -2.226537 -8.428971 0.008173 -0.669563 0.742300 -0.013090 -0.022469
1732543233.917070150375366 -2.239754 -8.560262 -0.009129 -0.673640 0.738539 -0.014974 -0.023345
1732543234.017069339752197 -2.259331 -8.665428 -0.001309 -0.677372 0.735202 -0.017042 -0.018850
1732543234.117068290710449 -2.269682 -8.812989 -0.021277 -0.681138 0.731781 -0.015475 -0.017544
1732543234.217067480087280 -2.292548 -8.946401 -0.020059 -0.681572 0.731357 -0.013109 -0.020130
1732543234.317066669464111 -2.304005 -9.081785 -0.024036 -0.680372 0.732317 -0.011738 -0.025854
1732543234.417065858840942 -2.324704 -9.222779 -0.021794 -0.679158 0.733478 -0.011075 -0.025124
1732543234.517064571380615 -2.337491 -9.397098 -0.036349 -0.680979 0.731684 -0.011519 -0.027824
1732543234.617063760757446 -2.354428 -9.549439 -0.041784 -0.685599 0.727419 -0.016188 -0.023536
1732543234.717062950134277 -2.368481 -9.686588 -0.043860 -0.689473 0.723832 -0.016993 -0.020136
1732543234.817061901092529 -2.376905 -9.839420 -0.046725 -0.690945 0.722453 -0.016360 -0.019748
1732543234.917061328887939 -2.397815 -9.965767 -0.051058 -0.689559 0.723688 -0.014161 -0.024147
1732543235.017060279846191 -2.407263 -10.083651 -0.055313 -0.687781 0.725434 -0.012809 -0.023201
1732543235.117059469223022 -2.426963 -10.250322 -0.061387 -0.688660 0.724549 -0.014850 -0.023563
1732543235.217058420181274 -2.431751 -10.391511 -0.076589 -0.693808 0.719654 -0.017812 -0.020267
1732543235.317057371139526 -2.448199 -10.508229 -0.066077 -0.698272 0.715436 -0.016704 -0.016994
1732543235.417056560516357 -2.465776 -10.717579 -0.075413 -0.700682 0.713043 -0.015120 -0.019667
1732543235.517055511474609 -2.487873 -10.890791 -0.085144 -0.699268 0.714311 -0.015359 -0.023401
1732543235.617054939270020 -2.507493 -11.050546 -0.094107 -0.698123 0.715442 -0.013500 -0.024184
1732543235.717053890228271 -2.510861 -11.154917 -0.090889 -0.698134 0.715461 -0.013162 -0.023486
1732543235.817053079605103 -2.508377 -11.303988 -0.106462 -0.702603 0.711011 -0.016990 -0.022888
1732543235.917052030563354 -2.528056 -11.369947 -0.099975 -0.707056 0.706682 -0.018498 -0.018150
1732543236.017050981521606 -2.473268 -11.237958 -0.095320 -0.710457 0.703365 -0.017151 -0.015284
1732543236.117049932479858 -2.416805 -11.047641 -0.078302 -0.709453 0.704254 -0.013570 -0.022795
1732543236.217049121856689 -2.427665 -11.155272 -0.090577 -0.708059 0.705601 -0.012214 -0.025098
1732543236.317043304443359 -2.430506 -11.288776 -0.099265 -0.707285 0.706433 -0.012150 -0.023506
1732543236.417042493820190 -2.447520 -11.511124 -0.109128 -0.710776 0.702777 -0.014500 -0.026308
1732543236.517041444778442 -2.454676 -11.697580 -0.109070 -0.715302 0.698300 -0.016876 -0.020857
1732543236.617040395736694 -2.468207 -11.912046 -0.123994 -0.718833 0.694755 -0.017153 -0.017341
1732543236.717039823532104 -2.493623 -12.126010 -0.120679 -0.720144 0.693418 -0.016000 -0.017554
1732543236.817038774490356 -2.495934 -12.274995 -0.130012 -0.718256 0.695245 -0.014993 -0.022754
1732543236.917037963867188 -2.492809 -12.201794 -0.122607 -0.717240 0.696324 -0.015438 -0.021468
1732543237.017036914825439 -2.482063 -12.275566 -0.119264 -0.716941 0.696617 -0.018494 -0.019444
1732543237.117035627365112 -2.471534 -12.366252 -0.139771 -0.721235 0.692011 -0.022843 -0.020452
1732543237.217034816741943 -2.493057 -12.515037 -0.131919 -0.725237 0.687887 -0.023888 -0.016518
1732543237.317033767700195 -2.488243 -12.631870 -0.138580 -0.729427 0.683567 -0.021594 -0.014333
1732543237.417032718658447 -2.491881 -12.761288 -0.138740 -0.728659 0.684313 -0.019649 -0.019636
1732543237.517031669616699 -2.499253 -12.848175 -0.135290 -0.727978 0.684979 -0.017997 -0.022975
1732543237.617031097412109 -2.514340 -13.020949 -0.140118 -0.727324 0.685723 -0.018078 -0.021385
1732543237.717030048370361 -2.490776 -13.014655 -0.139023 -0.727296 0.685577 -0.021260 -0.023937
1732543237.817029237747192 -2.494117 -13.095357 -0.133285 -0.726241 0.686783 -0.022832 -0.019541
1732543237.917027950286865 -2.495327 -13.199793 -0.176129 -0.724732 0.688390 -0.023843 -0.017723
1732543238.017026901245117 -2.486019 -13.219201 -0.140142 -0.723080 0.690189 -0.023302 -0.015829
1732543238.117026090621948 -2.491752 -13.374747 -0.163331 -0.715733 0.697739 -0.021368 -0.020728
1732543238.217025041580200 -2.498729 -13.440059 -0.144581 -0.708070 0.705601 -0.018890 -0.020189
1732543238.317023992538452 -2.506327 -13.540189 -0.149564 -0.700027 0.713597 -0.021454 -0.016758
1732543238.417023181915283 -2.515471 -13.631036 -0.163469 -0.696637 0.716778 -0.024639 -0.017860
1732543238.517022371292114 -2.523617 -13.725221 -0.167859 -0.693698 0.719682 -0.025004 -0.014680
1732543238.617021560668945 -2.533043 -13.823025 -0.174075 -0.690880 0.722436 -0.025485 -0.011032
1732543238.717020273208618 -2.548184 -13.950327 -0.168960 -0.686972 0.726200 -0.023344 -0.012601
1732543238.817019224166870 -2.543686 -13.918772 -0.158315 -0.680389 0.732358 -0.019994 -0.017965
1732543238.917018175125122 -2.540434 -13.881662 -0.170150 -0.676104 0.736339 -0.020409 -0.016468
1732543239.017017364501953 -2.539465 -13.832672 -0.158501 -0.673983 0.738218 -0.022468 -0.016640
1732543239.117016315460205 -2.510540 -13.828964 -0.186616 -0.677254 0.735203 -0.023677 -0.015610
1732543239.217015504837036 -2.495406 -13.710526 -0.162574 -0.680955 0.731818 -0.024645 -0.011655
1732543239.317014455795288 -2.510366 -13.853719 -0.171990 -0.685130 0.727999 -0.022622 -0.010122
1732543239.417013645172119 -2.526353 -14.002863 -0.175106 -0.683733 0.729270 -0.019952 -0.016603
1732543239.517012596130371 -2.552129 -14.152510 -0.182520 -0.682630 0.730317 -0.017855 -0.018282
1732543239.617011547088623 -2.570893 -14.342230 -0.182052 -0.681690 0.731261 -0.015928 -0.017361
1732543239.717010498046875 -2.587749 -14.504579 -0.198392 -0.686176 0.726900 -0.020194 -0.019260
1732543239.817009687423706 -2.608854 -14.609252 -0.144560 -0.690396 0.722932 -0.021745 -0.015824
1732543239.917008638381958 -2.603288 -14.658462 -0.152782 -0.694406 0.719188 -0.019321 -0.014024
1732543240.017007827758789 -2.606142 -14.721328 -0.147226 -0.694196 0.719354 -0.017648 -0.017590
1732543240.117006778717041 -2.612186 -14.806739 -0.150320 -0.692678 0.720744 -0.014975 -0.022405
1732543240.217005968093872 -2.601045 -14.833251 -0.149580 -0.691444 0.721993 -0.013078 -0.021441
1732543240.317004919052124 -2.588297 -14.820602 -0.153708 -0.694842 0.718583 -0.016762 -0.023490
1732543240.417003631591797 -2.584991 -14.848346 -0.155568 -0.699685 0.713934 -0.019577 -0.018859
1732543240.517002820968628 -2.578969 -14.933240 -0.167213 -0.703410 0.710334 -0.019847 -0.015691
1732543240.617001771926880 -2.573396 -14.988025 -0.157733 -0.704792 0.708908 -0.017349 -0.020405
1732543240.717000961303711 -2.567904 -15.033687 -0.161702 -0.703396 0.710158 -0.015780 -0.025693
1732543240.817000150680542 -2.571844 -15.112343 -0.157787 -0.702141 0.711503 -0.013792 -0.023912
1732543240.916999101638794 -2.575440 -15.213483 -0.163423 -0.702906 0.710748 -0.012714 -0.024468
1732543241.016998052597046 -2.576847 -15.305545 -0.171867 -0.708016 0.705751 -0.014779 -0.020279
1732543241.116997241973877 -2.579852 -15.406256 -0.179265 -0.711987 0.701824 -0.015607 -0.016559
1732543241.216995954513550 -2.579562 -15.551123 -0.172808 -0.715264 0.698506 -0.014368 -0.016737
1732543241.316994905471802 -2.605088 -15.775543 -0.195190 -0.713364 0.700319 -0.013317 -0.022057
1732543241.416994094848633 -2.599557 -15.819671 -0.184931 -0.711761 0.701947 -0.011242 -0.023235
1732543241.516993045806885 -2.601681 -15.942507 -0.199016 -0.711121 0.702620 -0.010205 -0.022965
1732543241.616992473602295 -2.596573 -16.052730 -0.204385 -0.715722 0.697811 -0.015762 -0.023537
1732543241.716991424560547 -2.594558 -16.159575 -0.206984 -0.719709 0.693762 -0.019063 -0.018727
1732543241.816990375518799 -2.587369 -16.268876 -0.210471 -0.723505 0.689897 -0.018111 -0.015940
1732543241.916989564895630 -2.590242 -16.361302 -0.211113 -0.724044 0.689346 -0.016038 -0.017505
1732543242.016988277435303 -2.607816 -16.528959 -0.219266 -0.722675 0.690658 -0.014358 -0.022941
1732543242.116987228393555 -2.589790 -16.646979 -0.194901 -0.721304 0.692170 -0.013895 -0.020659
1732543242.216986417770386 -2.594457 -16.805636 -0.207823 -0.723505 0.689742 -0.017242 -0.022348
1732543242.316983222961426 -2.604297 -16.962871 -0.242272 -0.728181 0.684840 -0.019686 -0.018944
1732543242.416982412338257 -2.595826 -17.140174 -0.239792 -0.733808 0.678899 -0.020422 -0.014349
1732543242.516981363296509 -2.605502 -17.333116 -0.236685 -0.741615 0.670409 -0.017731 -0.015624
1732543242.616980314254761 -2.603553 -17.491491 -0.248435 -0.746169 0.665257 -0.018109 -0.018360
1732543242.716979265213013 -2.601582 -17.589143 -0.240212 -0.751179 0.659617 -0.016806 -0.018777
1732543242.816978216171265 -2.587922 -17.642703 -0.238119 -0.757271 0.652641 -0.017007 -0.017654
1732543242.916977405548096 -2.571260 -17.698738 -0.248304 -0.766056 0.642202 -0.018073 -0.020211
1732543243.016976594924927 -2.547319 -17.721762 -0.249525 -0.775855 0.630441 -0.019014 -0.015233
1732543243.116975545883179 -2.513781 -17.773830 -0.252704 -0.785062 0.618989 -0.017677 -0.014714
1732543243.216974735260010 -2.490419 -17.805427 -0.248772 -0.792238 0.609761 -0.017554 -0.015581
1732543243.316973686218262 -2.465741 -17.837340 -0.248097 -0.793855 0.607552 -0.017829 -0.018889
1732543243.416972398757935 -2.436446 -17.816501 -0.236392 -0.795823 0.604965 -0.017107 -0.019740
1732543243.516971588134766 -2.409082 -17.898447 -0.237533 -0.796834 0.603614 -0.018992 -0.018555
1732543243.616970539093018 -2.382937 -18.009393 -0.245801 -0.799907 0.599409 -0.022552 -0.018718
1732543243.716969490051270 -2.362246 -18.128637 -0.236142 -0.803122 0.595063 -0.026487 -0.013898
1732543243.816968917846680 -2.342144 -18.233161 -0.243652 -0.805943 0.591265 -0.027232 -0.010921
1732543243.916967868804932 -2.328973 -18.369123 -0.239679 -0.805589 0.591471 -0.031077 -0.014925
1732543244.016967058181763 -2.316953 -18.486587 -0.243038 -0.804299 0.593134 -0.030844 -0.018540
1732543244.116966009140015 -2.296654 -18.614236 -0.247837 -0.802787 0.595206 -0.031602 -0.016272
1732543244.216964721679688 -2.278160 -18.690027 -0.227987 -0.804812 0.591526 -0.045933 -0.016296
1732543244.316963911056519 -2.267268 -18.774315 -0.233205 -0.807569 0.587412 -0.049263 -0.018773
1732543244.416962862014771 -2.227305 -18.820533 -0.215009 -0.809497 0.584614 -0.052329 -0.014250
1732543244.516961812973022 -2.204102 -18.903189 -0.201820 -0.811938 0.581166 -0.050351 -0.021619
1732543244.616961240768433 -2.172852 -18.921475 -0.196933 -0.811694 0.580836 -0.054091 -0.029277
1732543244.716960191726685 -2.149266 -19.054214 -0.181760 -0.811453 0.581182 -0.053997 -0.029254
1732543244.816959142684937 -2.116697 -19.211967 -0.171092 -0.811899 0.580631 -0.054912 -0.025926
1732543244.916958332061768 -2.087713 -19.348936 -0.190375 -0.815738 0.573574 -0.069791 -0.026702
1732543245.016957044601440 -2.060757 -19.511132 -0.180200 -0.821153 0.565706 -0.071916 -0.022642
1732543245.116955995559692 -2.026139 -19.707527 -0.156294 -0.827342 0.556836 -0.070647 -0.021164
1732543245.216955184936523 -1.990681 -19.828035 -0.131159 -0.832664 0.549194 -0.068410 -0.019409
1732543245.316954135894775 -1.957867 -19.928856 -0.129982 -0.839173 0.539252 -0.067778 -0.020054
1732543245.416953086853027 -1.920242 -20.030021 -0.119677 -0.847648 0.526194 -0.065103 -0.019358
1732543245.516952514648438 -1.871232 -20.051642 -0.120904 -0.859171 0.507293 -0.062753 -0.023272
1732543245.616951465606689 -1.819199 -20.065673 -0.125199 -0.873147 0.483412 -0.060289 -0.017079
1732543245.716950654983521 -1.772802 -20.103061 -0.118824 -0.888694 0.454736 -0.055689 -0.018377
1732543245.816949367523193 -1.718640 -20.120652 -0.108065 -0.902272 0.427697 -0.051300 -0.018691
1732543245.916948318481445 -1.670020 -20.194132 -0.101548 -0.913240 0.403770 -0.049411 -0.022832
1732543246.016947507858276 -1.623433 -20.240923 -0.098012 -0.924322 0.378019 -0.046911 -0.023014
1732543246.116946458816528 -1.563192 -20.287785 -0.092283 -0.935930 0.348026 -0.050077 -0.020117
1732543246.216945409774780 -1.506586 -20.336950 -0.090327 -0.947109 0.316492 -0.048925 -0.020568
1732543246.316944837570190 -1.428690 -20.386410 -0.089487 -0.957009 0.285562 -0.048065 -0.016681
1732543246.416943788528442 -1.364010 -20.424628 -0.090046 -0.966549 0.251793 -0.045791 -0.016932
1732543246.516942739486694 -1.294489 -20.447791 -0.082062 -0.971980 0.229139 -0.047602 -0.021988
1732543246.616941690444946 -1.171585 -20.450477 -0.042540 -0.976369 0.209430 -0.047339 -0.024531
1732543246.716940879821777 -1.074370 -20.415844 -0.025428 -0.980358 0.190151 -0.045991 -0.024999
1732543246.816939830780029 -0.983950 -20.480517 -0.013110 -0.983986 0.168655 -0.052860 -0.023100
1732543246.916938781738281 -0.902054 -20.462612 -0.012990 -0.987253 0.148467 -0.053454 -0.020763
1732543247.016938209533691 -0.818268 -20.440572 -0.020912 -0.990407 0.126477 -0.053235 -0.016247
1732543247.116937160491943 -0.732521 -20.437579 -0.015657 -0.993332 0.100947 -0.052391 -0.018888
1732543247.216936111450195 -0.627077 -20.351861 -0.036045 -0.995016 0.080731 -0.055199 -0.019454
1732543247.316935300827026 -0.557843 -20.362403 -0.023053 -0.996831 0.057238 -0.051395 -0.020261
1732543247.416934013366699 -0.483079 -20.349456 -0.021321 -0.998087 0.031791 -0.048906 -0.020472
1732543247.516933202743530 -0.397353 -20.285503 -0.019568 -0.998299 0.000460 -0.056934 -0.012582
1732543247.616932392120361 -0.325898 -20.240863 -0.039260 -0.997903 -0.030109 -0.056545 -0.009306
1732543247.716931343078613 -0.262880 -20.209282 -0.021972 -0.996602 -0.061884 -0.053706 -0.008365
1732543247.816930294036865 -0.195885 -20.212976 -0.024416 -0.994075 -0.094241 -0.052889 -0.011705
1732543247.916929721832275 -0.131016 -20.181241 -0.024337 -0.991552 -0.116135 -0.056783 -0.010603
1732543248.016928672790527 -0.076052 -20.243251 -0.041245 -0.988537 -0.139711 -0.055488 -0.013986
1732543248.116927862167358 0.021808 -20.217821 -0.041039 -0.984963 -0.164016 -0.052209 -0.014885
1732543248.216926574707031 0.086376 -20.203984 -0.076036 -0.979454 -0.193196 -0.056710 -0.011397
1732543248.316925764083862 0.154552 -20.291706 -0.058862 -0.973104 -0.223722 -0.054104 -0.009444
1732543248.416924715042114 0.206665 -20.300421 -0.056894 -0.965112 -0.256452 -0.052130 -0.008541
1732543248.516923666000366 0.289081 -20.299253 -0.051057 -0.956816 -0.285658 -0.052923 -0.010084
1732543248.616923093795776 0.359669 -20.290347 -0.059697 -0.952788 -0.298538 -0.054621 -0.009284
1732543248.716922283172607 0.388892 -20.158468 -0.049839 -0.952408 -0.299820 -0.053933 -0.010858
1732543248.816921234130859 0.463045 -20.107438 -0.024628 -0.952668 -0.299545 -0.051255 -0.008345
1732543248.916920185089111 0.539407 -20.010352 -0.023522 -0.951512 -0.303147 -0.052186 -0.001597
1732543249.016919136047363 0.592066 -19.916424 -0.000907 -0.949916 -0.308472 -0.050028 0.001328
1732543249.116918087005615 0.649567 -19.857936 0.016806 -0.948644 -0.312731 -0.047617 0.002582
1732543249.216917276382446 0.706850 -19.809088 -0.002890 -0.948266 -0.313411 -0.050563 0.003017
1732543249.316916227340698 0.758213 -19.773579 -0.011058 -0.949778 -0.307617 -0.057384 -0.000056
1732543249.416915416717529 0.837733 -19.756026 -0.005328 -0.952112 -0.300484 -0.056492 0.000505
1732543249.516914606094360 0.911482 -19.713703 -0.003560 -0.955131 -0.291056 -0.054686 0.004522
1732543249.616913795471191 1.012839 -19.666636 0.022926 -0.955693 -0.289179 -0.054606 0.006664
1732543249.716912508010864 1.028153 -19.627184 -0.026128 -0.956886 -0.285116 -0.053931 0.013033
1732543249.816911697387695 1.104895 -19.576613 0.000082 -0.957357 -0.283891 -0.052202 0.012186
1732543249.916910648345947 1.215828 -19.552664 0.035299 -0.958403 -0.280380 -0.051846 0.012786
1732543250.016909599304199 1.304432 -19.535702 0.030255 -0.961372 -0.269262 -0.056258 0.009818
1732543250.116909027099609 1.375292 -19.500627 0.028784 -0.964696 -0.257044 -0.056203 0.011440
1732543250.216907978057861 1.465280 -19.465585 0.039999 -0.968105 -0.243866 -0.054540 0.018078
1732543250.316907167434692 1.538298 -19.424893 0.025442 -0.970358 -0.233403 -0.058612 0.022188
1732543250.416906118392944 1.613957 -19.397495 0.040154 -0.972935 -0.222961 -0.055209 0.025270
1732543250.516905069351196 1.693953 -19.373670 0.038541 -0.975356 -0.212780 -0.051630 0.027199
1732543250.616904020309448 1.785856 -19.346014 0.050013 -0.978079 -0.200241 -0.051659 0.024410
1732543250.716903209686279 1.868545 -19.328072 0.060148 -0.981602 -0.181979 -0.054414 0.019492
1732543250.816902160644531 1.948845 -19.313479 0.072697 -0.984845 -0.164108 -0.053156 0.017989
1732543250.916901588439941 2.049712 -19.303162 0.064808 -0.987126 -0.148773 -0.053109 0.025058
1732543251.016900539398193 2.130221 -19.274154 0.066110 -0.988119 -0.141515 -0.054414 0.025168
1732543251.116899728775024 2.209412 -19.255793 0.072354 -0.987991 -0.142471 -0.052509 0.028604
1732543251.216898679733276 2.297317 -19.230887 0.069034 -0.987273 -0.148479 -0.048461 0.029952
1732543251.316897392272949 2.399208 -19.207642 0.084653 -0.986951 -0.151450 -0.050122 0.021891
1732543251.416896581649780 2.474117 -19.188014 0.085170 -0.987141 -0.149622 -0.053149 0.018472
1732543251.516895532608032 2.541588 -19.161949 0.098885 -0.987343 -0.148546 -0.052075 0.019383
1732543251.616894721984863 2.627909 -19.136855 0.106276 -0.986899 -0.150285 -0.054155 0.022625
1732543251.716893911361694 2.721264 -19.111854 0.104929 -0.985829 -0.157065 -0.054288 0.022914
1732543251.816893100738525 2.785992 -19.084915 0.106270 -0.985059 -0.162288 -0.051537 0.025805
1732543251.916892051696777 2.877604 -19.056345 0.107046 -0.983998 -0.170023 -0.049541 0.019626
1732543252.016891002655029 2.971620 -19.028345 0.110959 -0.983809 -0.169731 -0.056218 0.012258
1732543252.116889953613281 3.039758 -18.995613 0.133740 -0.984055 -0.168843 -0.055255 0.008621
1732543252.216888904571533 3.127438 -18.967223 0.133166 -0.984309 -0.167997 -0.053231 0.008889
1732543252.316888093948364 3.230361 -18.933163 0.132708 -0.983417 -0.172008 -0.056888 0.008212
1732543252.416887044906616 3.316095 -18.897876 0.137763 -0.982404 -0.178134 -0.054871 0.011823
1732543252.516886472702026 3.385268 -18.865438 0.131413 -0.981600 -0.182993 -0.053292 0.011588
1732543252.616885423660278 3.467032 -18.823553 0.134403 -0.981461 -0.184058 -0.052923 0.007479
1732543252.716884613037109 3.552480 -18.788969 0.131221 -0.982760 -0.175481 -0.058192 0.001643
1732543252.816883325576782 3.640072 -18.764273 0.144911 -0.984176 -0.167716 -0.057142 -0.001655
1732543252.916882514953613 3.730435 -18.733163 0.147943 -0.985709 -0.159118 -0.055282 0.001604
1732543253.016881465911865 3.820263 -18.692715 0.148338 -0.986284 -0.155674 -0.054851 0.001117
1732543253.116880655288696 3.890003 -18.675453 0.146504 -0.986432 -0.155489 -0.052456 0.004929
1732543253.216879606246948 3.978299 -18.654436 0.142989 -0.986759 -0.154248 -0.049608 0.007328
1732543253.316879034042358 4.079221 -18.642286 0.151152 -0.987374 -0.150773 -0.048067 0.007088
1732543253.416877985000610 4.170452 -18.624989 0.152653 -0.988948 -0.139672 -0.049647 0.003122
1732543253.516876935958862 4.241526 -18.595988 0.130562 -0.991103 -0.124063 -0.048198 0.001080
1732543253.616875886917114 4.342913 -18.588814 0.136887 -0.993150 -0.107333 -0.045640 0.007098
1732543253.716875076293945 4.442109 -18.574235 0.129984 -0.994031 -0.097509 -0.047800 0.010488
1732543253.816874027252197 4.532466 -18.558447 0.135897 -0.995057 -0.088048 -0.044049 0.013010
1732543253.916872978210449 4.619378 -18.544680 0.135483 -0.996076 -0.077281 -0.039915 0.016357
1732543254.016872406005859 4.707992 -18.554208 0.142685 -0.997157 -0.060792 -0.041467 0.016235
1732543254.116871356964111 4.787260 -18.558882 0.148479 -0.998256 -0.040574 -0.041401 0.011140
1732543254.216870307922363 4.855740 -18.570165 0.151557 -0.998786 -0.021423 -0.042313 0.013301
1732543254.316871643066406 4.933603 -18.572679 0.149817 -0.998750 -0.003309 -0.046482 0.018057
1732543254.416870594024658 4.991052 -18.587081 0.153678 -0.998781 0.010125 -0.044986 0.017615
1732543254.516869783401489 5.032475 -18.608997 0.143937 -0.998582 0.021382 -0.042725 0.023494
1732543254.616868734359741 5.122662 -18.630183 0.154417 -0.998414 0.031899 -0.038601 0.025709
1732543254.716867685317993 5.213998 -18.626238 0.169095 -0.997804 0.043464 -0.046731 0.017726
1732543254.816866636276245 5.260985 -18.649786 0.165362 -0.997528 0.048880 -0.048108 0.015333
1732543254.916865825653076 5.313366 -18.672340 0.166784 -0.997278 0.055136 -0.047105 0.013365
1732543255.016864776611328 5.387106 -18.686961 0.172436 -0.996621 0.060416 -0.053878 0.013916
1732543255.116864204406738 5.455783 -18.702301 0.169646 -0.996432 0.063479 -0.054422 0.011474
1732543255.216863155364990 5.509230 -18.715470 0.170251 -0.996188 0.069252 -0.051561 0.012465
1732543255.316862106323242 5.560634 -18.748605 0.177688 -0.996090 0.073638 -0.047312 0.011979
1732543255.416861295700073 5.621443 -18.795659 0.161483 -0.995293 0.083427 -0.048794 0.007183
1732543255.516860008239746 5.692400 -18.816231 0.167845 -0.993809 0.099102 -0.050219 -0.000442
1732543255.616859197616577 5.761905 -18.839839 0.179306 -0.992175 0.113840 -0.051204 -0.002680
1732543255.716858148574829 5.826363 -18.875494 0.191559 -0.990605 0.126129 -0.052660 -0.004518
1732543255.816857337951660 5.877461 -18.901851 0.185467 -0.989630 0.133323 -0.053373 -0.003119
1732543255.916856527328491 5.942602 -18.926040 0.190041 -0.989180 0.137179 -0.052010 0.000271
1732543256.016855478286743 6.024895 -18.948504 0.196745 -0.989258 0.137231 -0.050345 -0.001543
1732543256.116854667663574 6.074586 -18.996787 0.233260 -0.988254 0.142210 -0.055589 -0.006380
1732543256.216853618621826 6.140894 -19.017666 0.239635 -0.987699 0.146750 -0.053282 -0.008755
1732543256.316852569580078 6.257764 -19.032435 0.250585 -0.987415 0.148982 -0.052159 -0.009810
1732543256.416851520538330 6.345017 -19.059405 0.255061 -0.987743 0.145049 -0.056118 -0.013268
1732543256.516850709915161 6.419315 -19.079493 0.258901 -0.988659 0.139571 -0.053937 -0.012796
1732543256.616849660873413 6.502279 -19.097664 0.250369 -0.989660 0.133844 -0.050608 -0.009851
1732543256.716849088668823 6.593855 -19.127211 0.255699 -0.989955 0.131042 -0.051211 -0.013959
1732543256.816848039627075 6.673286 -19.157653 0.260528 -0.989432 0.134765 -0.051257 -0.015364
1732543256.916847229003906 6.749135 -19.184695 0.266632 -0.989329 0.136313 -0.049505 -0.014021
1732543257.016845941543579 6.836953 -19.210737 0.269191 -0.989539 0.134597 -0.049874 -0.014442
1732543257.116845130920410 6.914282 -19.221184 0.280409 -0.990235 0.129394 -0.049918 -0.014164
1732543257.216844081878662 6.999578 -19.243442 0.278186 -0.991173 0.123583 -0.046773 -0.010743
1732543257.316843032836914 7.102514 -19.270603 0.284465 -0.991480 0.121427 -0.045370 -0.012789
1732543257.416842460632324 7.186730 -19.292019 0.288161 -0.991079 0.124099 -0.045682 -0.016559
1732543257.516841411590576 7.272918 -19.310757 0.289290 -0.991103 0.125131 -0.042610 -0.015538
1732543257.616840600967407 7.362598 -19.325701 0.282834 -0.991444 0.121977 -0.042379 -0.019075
1732543257.716839551925659 7.436853 -19.336787 0.277801 -0.992453 0.114942 -0.039640 -0.015954
1732543257.816838502883911 7.518845 -19.351387 0.275411 -0.993198 0.109886 -0.036304 -0.012868
1732543257.916837453842163 7.608555 -19.373241 0.280977 -0.992821 0.111687 -0.039109 -0.017407
1732543258.016836643218994 7.688077 -19.388754 0.284147 -0.992383 0.115533 -0.037376 -0.020762
1732543258.116835594177246 7.775013 -19.399410 0.283251 -0.992546 0.114799 -0.033436 -0.023571
1732543258.216834783554077 7.856509 -19.407311 0.275708 -0.993208 0.108011 -0.034574 -0.025982
1732543258.316833019256592 7.910394 -19.426011 0.266843 -0.993923 0.102557 -0.036235 -0.016913
1732543258.416832208633423 7.985803 -19.436821 0.280472 -0.993970 0.101843 -0.037157 -0.016480
1732543258.516831159591675 8.068013 -19.450088 0.286867 -0.993481 0.105854 -0.038209 -0.018169
1732543258.616830348968506 8.148280 -19.460326 0.290978 -0.993345 0.107268 -0.036091 -0.021387
1732543258.716829299926758 8.233371 -19.467451 0.285116 -0.993607 0.103817 -0.037511 -0.023667
1732543258.816828012466431 8.301243 -19.477038 0.281686 -0.994554 0.096217 -0.035170 -0.019190
1732543258.916827201843262 8.377659 -19.488918 0.275471 -0.995183 0.091367 -0.032189 -0.015048
1732543259.016825914382935 8.460080 -19.506753 0.278074 -0.994926 0.093528 -0.034179 -0.014354
1732543259.116825103759766 8.534826 -19.520266 0.282853 -0.994620 0.096335 -0.034309 -0.016511
1732543259.216824054718018 8.619129 -19.535959 0.280874 -0.994769 0.094915 -0.033581 -0.017237
1732543259.316823244094849 8.700240 -19.540972 0.275274 -0.995397 0.088229 -0.032140 -0.019151
1732543259.416822195053101 8.772739 -19.552417 0.270750 -0.995969 0.083291 -0.030302 -0.013778
1732543259.516821146011353 8.849344 -19.565393 0.272178 -0.995683 0.084830 -0.034734 -0.014578
1732543259.616820335388184 8.921866 -19.573253 0.280165 -0.995367 0.088046 -0.034294 -0.017781
1732543259.716819047927856 8.997826 -19.584701 0.280354 -0.995453 0.087910 -0.031921 -0.018044
1732543259.816818237304688 9.075965 -19.590615 0.278388 -0.995818 0.082186 -0.037097 -0.014698
1732543259.916817188262939 9.149277 -19.595035 0.274666 -0.996453 0.075349 -0.035976 -0.010503
1732543260.016816139221191 9.224018 -19.604604 0.272171 -0.997041 0.068616 -0.033023 -0.010536
1732543260.116815328598022 9.303234 -19.619129 0.277028 -0.996579 0.069547 -0.041364 -0.016781
1732543260.216814279556274 9.378946 -19.627256 0.288637 -0.996370 0.070526 -0.043385 -0.019760
1732543260.316813468933105 9.461607 -19.639357 0.292791 -0.996365 0.070558 -0.043639 -0.019355
1732543260.416812419891357 9.553220 -19.647017 0.295084 -0.996458 0.067318 -0.047672 -0.016331
1732543260.516811132431030 9.630366 -19.648635 0.288506 -0.996870 0.061398 -0.048021 -0.013245
1732543260.616810321807861 9.704392 -19.657506 0.287919 -0.997288 0.055265 -0.047401 -0.010789
1732543260.716809272766113 9.795141 -19.666549 0.292396 -0.997689 0.048677 -0.045864 -0.011947
1732543260.816808223724365 9.887429 -19.678754 0.298591 -0.997483 0.049518 -0.048244 -0.015723
1732543260.916807174682617 9.968168 -19.691605 0.304134 -0.997399 0.050538 -0.048647 -0.016568
1732543261.016806364059448 10.058011 -19.705085 0.308940 -0.997439 0.051232 -0.047990 -0.013722
1732543261.116805553436279 10.154210 -19.716174 0.307808 -0.997533 0.047516 -0.049325 -0.015415
1732543261.216804504394531 10.230286 -19.720416 0.303893 -0.997989 0.041461 -0.046574 -0.011398
1732543261.316803455352783 10.311011 -19.727805 0.324013 -0.998181 0.035635 -0.047157 -0.011903
1732543261.416802167892456 10.407189 -19.737279 0.330484 -0.998360 0.030561 -0.046357 -0.013961
1732543261.516801118850708 10.491475 -19.743755 0.336963 -0.998093 0.032538 -0.049063 -0.018564
1732543261.616800308227539 10.568091 -19.750148 0.346551 -0.998075 0.033528 -0.048107 -0.020198
1732543261.716799259185791 10.660705 -19.755325 0.348572 -0.998225 0.032504 -0.046695 -0.017629
1732543261.816798210144043 10.749064 -19.756863 0.331869 -0.998313 0.025666 -0.049641 -0.015746
1732543261.916797637939453 10.814365 -19.754493 0.342783 -0.998685 0.019607 -0.045754 -0.012303
1732543262.016796588897705 10.898374 -19.757813 0.336121 -0.998928 0.013460 -0.042904 -0.010979
1732543262.116795539855957 10.992707 -19.753021 0.343295 -0.998581 0.014089 -0.048835 -0.015881
1732543262.216794490814209 11.071654 -19.756783 0.344648 -0.998532 0.014957 -0.048903 -0.017830
1732543262.316793203353882 11.149648 -19.764442 0.348511 -0.998636 0.015218 -0.047128 -0.016528
1732543262.416792392730713 11.250303 -19.764321 0.345623 -0.998554 0.011382 -0.049994 -0.016125
1732543262.516791343688965 11.334096 -19.765302 0.340009 -0.998783 0.006479 -0.046842 -0.014016
1732543262.616790533065796 11.414177 -19.765341 0.337961 -0.998976 0.005299 -0.043567 -0.010962
1732543262.716789722442627 11.504720 -19.774184 0.342385 -0.998956 0.007837 -0.043446 -0.011727
1732543262.816788673400879 11.590279 -19.783854 0.345168 -0.998706 0.019562 -0.044450 -0.015107
1732543262.916787624359131 11.664359 -19.794673 0.345527 -0.998332 0.031809 -0.044633 -0.018123
1732543263.016786575317383 11.751128 -19.802597 0.344005 -0.997913 0.043206 -0.045042 -0.016580
1732543263.116785526275635 11.820433 -19.805095 0.334062 -0.997740 0.047538 -0.043738 -0.018476
1732543263.216784477233887 11.882213 -19.814410 0.332219 -0.997674 0.053105 -0.040365 -0.014004
1732543263.316783428192139 11.945577 -19.821876 0.335417 -0.997533 0.056072 -0.040534 -0.011853
1732543263.416782379150391 12.018931 -19.837186 0.339897 -0.997250 0.058464 -0.043911 -0.012066
1732543263.516781330108643 12.085210 -19.841910 0.341207 -0.997073 0.061243 -0.044402 -0.011135
1732543263.616780757904053 12.154031 -19.854401 0.348245 -0.997134 0.061657 -0.042891 -0.009108
1732543263.716779708862305 12.223115 -19.878086 0.397160 -0.996965 0.057002 -0.052210 -0.009287
1732543263.816778659820557 12.293475 -19.893140 0.393551 -0.997540 0.050335 -0.048352 -0.006473
1732543263.916777849197388 12.371559 -19.897455 0.387486 -0.997849 0.046317 -0.045960 -0.006254
1732543264.016776561737061 12.436616 -19.915065 0.393170 -0.997596 0.048399 -0.048796 -0.008824
1732543264.116775512695312 12.488051 -19.919428 0.391788 -0.997470 0.050865 -0.049251 -0.006382
1732543264.216774463653564 12.532025 -19.918322 0.394175 -0.997615 0.049233 -0.048062 -0.005429
1732543264.316773414611816 12.586216 -19.913564 0.389664 -0.997944 0.038343 -0.051125 -0.004844
1732543264.416772603988647 12.615178 -19.907036 0.395310 -0.998704 0.017942 -0.047507 -0.003338
1732543264.516771793365479 12.647036 -19.890302 0.387709 -0.998868 -0.002808 -0.047427 -0.002344
1732543264.616770744323730 12.694343 -19.881199 0.387305 -0.998426 -0.025501 -0.049593 -0.005906
1732543264.716769933700562 12.714340 -19.862783 0.394005 -0.997582 -0.048248 -0.049159 -0.009283
1732543264.816768884658813 12.733544 -19.842709 0.398169 -0.995846 -0.076523 -0.048181 -0.010610
1732543264.916767597198486 12.741220 -19.815544 0.398344 -0.992967 -0.107263 -0.048478 -0.012697
1732543265.016766548156738 12.740575 -19.788158 0.390550 -0.988575 -0.142081 -0.049899 -0.006536
1732543265.116765737533569 12.725003 -19.758602 0.390030 -0.982752 -0.178424 -0.048208 -0.006293
1732543265.216764688491821 12.703018 -19.729407 0.383990 -0.975644 -0.213415 -0.050240 -0.007033
1732543265.316763639450073 12.683518 -19.704822 0.377722 -0.969233 -0.241350 -0.047731 -0.007684
1732543265.416762828826904 12.670022 -19.676746 0.382792 -0.961514 -0.271206 -0.043813 -0.004209
1732543265.516761779785156 12.644091 -19.652570 0.383395 -0.951334 -0.304607 -0.046669 0.000830
1732543265.616760969161987 12.622328 -19.629080 0.377250 -0.938789 -0.341168 -0.047738 0.000622
1732543265.716759920120239 12.598543 -19.605504 0.378059 -0.924030 -0.379427 -0.046939 0.000722
1732543265.816758632659912 12.570975 -19.587583 0.374993 -0.907077 -0.418286 -0.047356 0.002263
1732543265.916757822036743 12.561428 -19.568823 0.326747 -0.891236 -0.451134 -0.046504 0.003672
1732543266.016756772994995 12.524308 -19.543391 0.325600 -0.875143 -0.481933 -0.043109 0.002673
1732543266.116755723953247 12.494730 -19.525165 0.327430 -0.856449 -0.514531 -0.041771 0.003006
1732543266.216754913330078 12.456881 -19.509527 0.329905 -0.836370 -0.546351 -0.043782 0.008333
1732543266.316755771636963 12.398893 -19.491162 0.328335 -0.815974 -0.576434 -0.042664 0.009523
1732543266.416754722595215 12.393814 -19.479089 0.329179 -0.793801 -0.606619 -0.042254 0.010400
1732543266.516753911972046 12.393986 -19.457552 0.329909 -0.770738 -0.635573 -0.043273 0.011705
1732543266.616753101348877 12.350791 -19.441123 0.333027 -0.751401 -0.658102 -0.047258 0.008060
1732543266.716752052307129 12.341149 -19.411576 0.333704 -0.731898 -0.679868 -0.045141 0.008209
1732543266.816751241683960 12.326236 -19.385098 0.330742 -0.712785 -0.699867 -0.044570 0.011670
1732543266.916750192642212 12.294119 -19.364831 0.287696 -0.692037 -0.719880 -0.048056 0.023407
1732543267.016748905181885 12.261894 -19.330629 0.286355 -0.669790 -0.740767 -0.044943 0.025017
1732543267.116747856140137 12.228593 -19.316250 0.289577 -0.646413 -0.761411 -0.042009 0.025262
1732543267.216746807098389 12.206175 -19.286913 0.285297 -0.623836 -0.780028 -0.042032 0.024864
1732543267.316745996475220 12.180367 -19.259442 0.295186 -0.603711 -0.795939 -0.038926 0.022318
1732543267.416745185852051 12.170036 -19.234898 0.298788 -0.589604 -0.806485 -0.038487 0.021638
1732543267.516744136810303 12.150434 -19.194516 0.307145 -0.585714 -0.809224 -0.039084 0.023830
1732543267.616743326187134 12.138727 -19.146370 0.297214 -0.581105 -0.812695 -0.036140 0.023207
1732543267.716742277145386 12.110277 -19.095475 0.305884 -0.577277 -0.815640 -0.031344 0.022374
1732543267.816740989685059 12.083326 -19.035890 0.305609 -0.572766 -0.818992 -0.026621 0.021973
1732543267.916739940643311 12.055993 -18.969785 0.309017 -0.571256 -0.819833 -0.031187 0.023812
1732543268.016739130020142 12.019959 -18.904111 0.307393 -0.573061 -0.818423 -0.034642 0.024193
1732543268.116738080978394 11.991618 -18.835523 0.309750 -0.575622 -0.816673 -0.033305 0.024393
1732543268.216737031936646 11.961139 -18.756536 0.311959 -0.575737 -0.816623 -0.029800 0.027687
1732543268.316736221313477 11.925972 -18.681974 0.300919 -0.571659 -0.819566 -0.027375 0.027717
1732543268.416735172271729 11.909786 -18.614536 0.303697 -0.565974 -0.823655 -0.022181 0.027812
1732543268.516734361648560 11.881250 -18.530856 0.299811 -0.560881 -0.827224 -0.023382 0.023804
1732543268.616733312606812 11.854439 -18.453521 0.299888 -0.563293 -0.825511 -0.025198 0.024450
1732543268.716732025146484 11.838715 -18.382544 0.301396 -0.564602 -0.824559 -0.027794 0.023538
1732543268.816731214523315 11.811947 -18.313839 0.303836 -0.565296 -0.824133 -0.025034 0.024879
1732543268.916730165481567 11.779992 -18.243715 0.299736 -0.562725 -0.825815 -0.027304 0.025007
1732543269.016729116439819 11.756989 -18.184567 0.293713 -0.557737 -0.829362 -0.022619 0.024007
1732543269.116728067398071 11.737296 -18.121047 0.289179 -0.552758 -0.832790 -0.019229 0.023443
1732543269.216727256774902 11.710289 -18.047231 0.285118 -0.550677 -0.834063 -0.022805 0.023961
1732543269.316726446151733 11.681682 -17.983151 0.287338 -0.553196 -0.832266 -0.027668 0.023298
1732543269.416725397109985 11.657754 -17.916446 0.289318 -0.553965 -0.831694 -0.029075 0.023713
1732543269.516724348068237 11.625333 -17.843202 0.292268 -0.552848 -0.832397 -0.026389 0.027908
1732543269.616723299026489 11.593432 -17.777638 0.280804 -0.547278 -0.836059 -0.027426 0.027200
1732543269.716722249984741 11.566109 -17.718266 0.278080 -0.542283 -0.839453 -0.023151 0.026669
1732543269.816721200942993 11.531793 -17.644628 0.280004 -0.537032 -0.842893 -0.022505 0.024912
1732543269.916720151901245 11.504090 -17.566222 0.284698 -0.537033 -0.842593 -0.029453 0.027662
1732543270.016719102859497 11.474152 -17.501319 0.298300 -0.537307 -0.842418 -0.030343 0.026686
1732543270.116718530654907 11.436928 -17.427406 0.299472 -0.537115 -0.842575 -0.028234 0.027884
1732543270.216717481613159 11.396311 -17.343339 0.302180 -0.533702 -0.844636 -0.027947 0.031167
1732543270.316720247268677 11.369646 -17.279689 0.305050 -0.528469 -0.847998 -0.025720 0.030951
1732543270.416719198226929 11.336022 -17.212645 0.304301 -0.523822 -0.851012 -0.020732 0.030973
1732543270.516718149185181 11.306585 -17.133096 0.313135 -0.520503 -0.852981 -0.024117 0.030295
1732543270.616717338562012 11.288099 -17.074274 0.322604 -0.522178 -0.851891 -0.027684 0.029094
1732543270.716716766357422 11.261458 -17.019695 0.327219 -0.523117 -0.851254 -0.029431 0.029138
1732543270.816715717315674 11.237806 -16.960524 0.328039 -0.526672 -0.849129 -0.028283 0.028233
1732543270.916714906692505 11.210614 -16.899467 0.321888 -0.533099 -0.844972 -0.030148 0.030295
1732543271.016713857650757 11.192865 -16.849606 0.317691 -0.541477 -0.839798 -0.026031 0.029391
1732543271.116712808609009 11.172570 -16.793416 0.315321 -0.550249 -0.834196 -0.020924 0.030088
1732543271.216711997985840 11.150315 -16.727289 0.315829 -0.559912 -0.827781 -0.016785 0.031537
1732543271.316710948944092 11.134334 -16.658148 0.315182 -0.572992 -0.818568 -0.022244 0.033644
1732543271.416709899902344 11.126762 -16.600675 0.315665 -0.586578 -0.808894 -0.024909 0.031566
1732543271.516709327697754 11.120346 -16.541757 0.319542 -0.599181 -0.799566 -0.023555 0.033477
1732543271.616708517074585 11.115573 -16.479639 0.323618 -0.610523 -0.790773 -0.023837 0.037026
1732543271.716707706451416 11.108151 -16.419703 0.318383 -0.615398 -0.787119 -0.021624 0.035502
1732543271.816706418991089 11.099478 -16.363456 0.317886 -0.614242 -0.788147 -0.016103 0.035655
1732543271.916705608367920 11.088962 -16.294706 0.320798 -0.611252 -0.790415 -0.017671 0.036088
1732543272.016704559326172 11.077273 -16.230608 0.324939 -0.614030 -0.788072 -0.022454 0.037484
1732543272.116703748703003 11.071553 -16.168338 0.325223 -0.614769 -0.787498 -0.023248 0.036953
1732543272.216703176498413 11.067189 -16.106731 0.331400 -0.614187 -0.787939 -0.020717 0.038693
1732543272.316702127456665 11.050515 -16.039555 0.328258 -0.610937 -0.790362 -0.026045 0.037489
1732543272.416701078414917 11.032505 -15.980056 0.325636 -0.606859 -0.793667 -0.022624 0.036104
1732543272.516700029373169 11.017359 -15.915989 0.325810 -0.601966 -0.797504 -0.019923 0.035049
1732543272.616699218750000 11.004011 -15.848720 0.328371 -0.597931 -0.800535 -0.021239 0.034213
1732543272.716698408126831 10.987913 -15.790868 0.332033 -0.599887 -0.799097 -0.025573 0.030439
1732543272.816697359085083 10.975240 -15.743363 0.337023 -0.599580 -0.799241 -0.028712 0.029885
1732543272.916696786880493 10.955157 -15.691362 0.341727 -0.599105 -0.799439 -0.030604 0.032153
1732543273.016695737838745 10.930424 -15.638296 0.337132 -0.596020 -0.801604 -0.034667 0.031470
1732543273.116694927215576 10.907365 -15.581730 0.337206 -0.591151 -0.805408 -0.031404 0.029538
1732543273.216693878173828 10.880533 -15.518924 0.336124 -0.586384 -0.809043 -0.028039 0.028591
1732543273.316692829132080 10.851211 -15.444731 0.337553 -0.584699 -0.810143 -0.030837 0.029053
1732543273.416692018508911 10.833152 -15.372726 0.340523 -0.588078 -0.807507 -0.035374 0.029092
1732543273.516690969467163 10.816695 -15.310829 0.348788 -0.595201 -0.802227 -0.036683 0.028678
1732543273.616690397262573 10.798934 -15.235713 0.351059 -0.603762 -0.795820 -0.035947 0.029146
1732543273.716689348220825 10.780336 -15.158346 0.354339 -0.613438 -0.788496 -0.035433 0.026676
1732543273.816688537597656 10.760334 -15.073101 0.347918 -0.627429 -0.777555 -0.030494 0.028496
1732543273.916687726974487 10.754916 -14.994468 0.352478 -0.642388 -0.765402 -0.026132 0.028538
1732543274.016686439514160 10.754701 -14.899204 0.356526 -0.660054 -0.750187 -0.026372 0.029197
1732543274.116685628890991 10.758694 -14.816720 0.357509 -0.680397 -0.731733 -0.029302 0.027716
1732543274.216684579849243 10.762466 -14.710321 0.353325 -0.698151 -0.714780 -0.028024 0.029844
1732543274.316683769226074 10.802345 -14.653366 0.363351 -0.705431 -0.707526 -0.026359 0.032845
1732543274.416682958602905 10.790912 -14.575239 0.349580 -0.705326 -0.707535 -0.028646 0.033017
1732543274.516682147979736 10.813426 -14.521870 0.354785 -0.700855 -0.712258 -0.023395 0.030700
1732543274.616681337356567 10.778998 -14.486069 0.323757 -0.697588 -0.715722 -0.016997 0.028696
1732543274.716680049896240 10.772278 -14.442733 0.324489 -0.700244 -0.713079 -0.019309 0.028352
1732543274.816679239273071 10.764687 -14.420477 0.328348 -0.703423 -0.709859 -0.021476 0.028884
1732543274.916678428649902 10.766098 -14.404548 0.334020 -0.704364 -0.708926 -0.020128 0.029835
1732543275.016677379608154 10.777278 -14.396647 0.343880 -0.702119 -0.711035 -0.021564 0.031531
1732543275.116676807403564 10.786995 -14.395562 0.344065 -0.704134 -0.709263 -0.019472 0.027604
1732543275.216675758361816 10.800801 -14.408014 0.345659 -0.703782 -0.709669 -0.015833 0.028458
1732543275.316674947738647 10.820847 -14.441882 0.348130 -0.703456 -0.709889 -0.014571 0.031546
1732543275.416673660278320 10.827954 -14.480695 0.338349 -0.700257 -0.712661 -0.020219 0.036688
1732543275.516672849655151 10.835198 -14.520222 0.330300 -0.694281 -0.718586 -0.024791 0.031527
1732543275.616672039031982 10.831856 -14.562827 0.329329 -0.688695 -0.723920 -0.028375 0.028881
1732543275.716671228408813 10.834535 -14.613271 0.320995 -0.684001 -0.728149 -0.033381 0.028754
1732543275.816670417785645 10.832454 -14.653531 0.318198 -0.685101 -0.727423 -0.028323 0.026273
1732543275.916669368743896 10.821835 -14.689381 0.316537 -0.684350 -0.728182 -0.028262 0.024832
1732543276.016668558120728 10.810496 -14.736591 0.320674 -0.684678 -0.727845 -0.032069 0.020701
1732543276.116667509078979 10.797396 -14.781950 0.320534 -0.682538 -0.729779 -0.032755 0.022147
1732543276.216666460037231 10.790385 -14.819511 0.312041 -0.676266 -0.735570 -0.034706 0.019912
1732543276.316665410995483 10.783143 -14.859702 0.308732 -0.670697 -0.740649 -0.036411 0.016694
1732543276.416664600372314 10.775841 -14.915715 0.306491 -0.665923 -0.744696 -0.041214 0.016633
1732543276.516664028167725 10.769846 -14.958255 0.299332 -0.664955 -0.745711 -0.038003 0.017489
1732543276.616663217544556 10.765525 -14.995869 0.301519 -0.664924 -0.745897 -0.033802 0.019278
1732543276.716662168502808 10.753867 -15.031505 0.303267 -0.665001 -0.745767 -0.035018 0.019466
1732543276.816661119461060 10.756607 -15.079662 0.309308 -0.664265 -0.746313 -0.038805 0.016204
1732543276.916660070419312 10.766513 -15.140140 0.309166 -0.659178 -0.750644 -0.038860 0.022517
1732543277.016659259796143 10.775558 -15.191974 0.308363 -0.652158 -0.756756 -0.039632 0.020978
1732543277.116658210754395 10.775456 -15.246830 0.304593 -0.646897 -0.761236 -0.040001 0.021078
1732543277.216657400131226 10.777551 -15.308822 0.303614 -0.642728 -0.764560 -0.042610 0.023078
1732543277.316656827926636 10.776709 -15.358861 0.298499 -0.642947 -0.764606 -0.037203 0.024757
1732543277.416655778884888 10.780815 -15.402501 0.303439 -0.644911 -0.763145 -0.032322 0.025611
1732543277.516654968261719 10.801243 -15.447731 0.308867 -0.649999 -0.758827 -0.031669 0.026063
1732543277.616653919219971 10.826541 -15.498114 0.313711 -0.659887 -0.750029 -0.031549 0.031777
1732543277.716652870178223 10.849358 -15.519392 0.314598 -0.667434 -0.743408 -0.031304 0.029943
1732543277.816652059555054 10.861367 -15.526832 0.310281 -0.678620 -0.733347 -0.030775 0.027017
1732543277.916651010513306 10.876793 -15.531946 0.314311 -0.694901 -0.718016 -0.033426 0.021168
1732543278.016650438308716 10.894182 -15.534026 0.308560 -0.716025 -0.696999 -0.033802 0.018931
1732543278.116649389266968 10.919444 -15.533084 0.303098 -0.739156 -0.672544 -0.028362 0.023008
1732543278.216648578643799 10.948347 -15.540992 0.299759 -0.765119 -0.642642 -0.034591 0.020175
1732543278.316647529602051 10.968277 -15.543672 0.300825 -0.790818 -0.610889 -0.031408 0.020877
1732543278.416646480560303 11.012723 -15.574199 0.307235 -0.817669 -0.574418 -0.029162 0.024736
1732543278.516645669937134 11.049990 -15.605774 0.304272 -0.842764 -0.536365 -0.030591 0.033543
1732543278.616644620895386 11.086461 -15.624456 0.297725 -0.863016 -0.503275 -0.028129 0.033562
1732543278.716644048690796 11.118766 -15.650132 0.292623 -0.884984 -0.463679 -0.027663 0.032244
1732543278.816643238067627 11.163717 -15.672979 0.298976 -0.905913 -0.421426 -0.025599 0.032644
1732543278.916642189025879 11.213705 -15.694682 0.298463 -0.926140 -0.374982 -0.027596 0.029859
1732543279.016641139984131 11.247661 -15.718265 0.300783 -0.944248 -0.326680 -0.027557 0.030267
1732543279.116640090942383 11.285552 -15.746080 0.307103 -0.959307 -0.279562 -0.026874 0.029214
1732543279.216639280319214 11.309245 -15.777797 0.303810 -0.971617 -0.233115 -0.026978 0.029833
1732543279.316638231277466 11.321943 -15.811984 0.281702 -0.980350 -0.192950 -0.026263 0.031527
1732543279.416637659072876 11.331843 -15.846501 0.281862 -0.986668 -0.157630 -0.024125 0.032521
1732543279.516636848449707 11.340844 -15.861061 0.281722 -0.990232 -0.132116 -0.024953 0.036924
1732543279.616636037826538 11.366887 -15.865956 0.279895 -0.992707 -0.113010 -0.027732 0.031504
1732543279.716634750366211 11.390777 -15.867442 0.275713 -0.995355 -0.089164 -0.028449 0.022537
1732543279.816633701324463 11.424821 -15.880193 0.278080 -0.997145 -0.067456 -0.026514 0.021192
1732543279.916632890701294 11.455435 -15.884753 0.268803 -0.998526 -0.042653 -0.026377 0.020741
1732543280.016632080078125 11.501974 -15.895614 0.265969 -0.999118 -0.022430 -0.028316 0.021407
1732543280.116631031036377 11.538450 -15.901653 0.257181 -0.999317 -0.004739 -0.029876 0.021211
1732543280.216630458831787 11.575493 -15.924571 0.271604 -0.999250 0.011862 -0.029124 0.022595
1732543280.316629409790039 11.626233 -15.942438 0.280323 -0.999111 0.021145 -0.029309 0.021701
1732543280.416628599166870 11.671618 -15.954039 0.292091 -0.998841 0.029774 -0.034983 0.014381
1732543280.516627311706543 11.708110 -15.964997 0.302127 -0.998756 0.032824 -0.035245 0.012947
1732543280.616626501083374 11.748150 -15.977833 0.309909 -0.998698 0.034057 -0.036389 0.010913
1732543280.716625690460205 11.788136 -15.988015 0.314667 -0.998632 0.033968 -0.038192 0.010987
1732543280.816624641418457 11.829901 -15.996234 0.306825 -0.998593 0.031394 -0.041632 0.009695
1732543280.916624069213867 11.871582 -16.002126 0.311136 -0.998778 0.027368 -0.039517 0.011493
1732543281.016623258590698 11.919735 -15.999400 0.311889 -0.998923 0.022739 -0.038255 0.013138
1732543281.116622209548950 11.976640 -16.007091 0.309372 -0.998901 0.018998 -0.041184 0.011806
1732543281.216621160507202 12.023607 -16.017308 0.313200 -0.998827 0.022455 -0.042218 0.007639
1732543281.316620111465454 12.073203 -16.024609 0.311511 -0.998751 0.023269 -0.043751 0.006365
1732543281.416619300842285 12.127866 -16.031508 0.316483 -0.998643 0.024607 -0.045217 0.007910
1732543281.516618251800537 12.186899 -16.036995 0.312262 -0.998497 0.029574 -0.045811 0.005538
1732543281.616617679595947 12.237579 -16.046863 0.309079 -0.998265 0.040460 -0.042171 0.007241
1732543281.716616868972778 12.290544 -16.060544 0.309261 -0.997740 0.052966 -0.040129 0.009947
1732543281.816616058349609 12.350782 -16.079976 0.310228 -0.997021 0.066218 -0.037567 0.012350
1732543281.916614770889282 12.410176 -16.100296 0.308778 -0.995481 0.085377 -0.040712 0.008442
1732543282.016613721847534 12.458061 -16.121901 0.314166 -0.993471 0.106958 -0.039531 0.003436
1732543282.116612911224365 12.509293 -16.146672 0.315549 -0.991754 0.121462 -0.040537 0.005246
1732543282.216612100601196 12.565804 -16.172908 0.316675 -0.990598 0.130149 -0.041468 0.007552
1732543282.316611289978027 12.623537 -16.188932 0.308907 -0.990486 0.130785 -0.042462 0.005367
1732543282.416610479354858 12.672992 -16.214365 0.307271 -0.991062 0.126592 -0.041256 0.008253
1732543282.516609430313110 12.733974 -16.233330 0.303230 -0.991852 0.121050 -0.038698 0.008857
1732543282.616608381271362 12.810165 -16.259954 0.302904 -0.991973 0.120342 -0.038714 0.003061
1732543282.716607570648193 12.871361 -16.279477 0.308392 -0.991773 0.121695 -0.039630 -0.002282
1732543282.816606521606445 12.932891 -16.295460 0.311052 -0.991583 0.123143 -0.039965 -0.001185
1732543282.916605710983276 13.004395 -16.310537 0.316162 -0.991473 0.123564 -0.041385 -0.000199
1732543283.016604661941528 13.068517 -16.323186 0.319486 -0.992175 0.117920 -0.041034 -0.000040
1732543283.116604089736938 13.127291 -16.330243 0.313605 -0.992640 0.113728 -0.041592 0.001383
1732543283.216603040695190 13.197459 -16.341787 0.317982 -0.993446 0.107335 -0.039287 0.000509
1732543283.316602230072021 13.279756 -16.361799 0.316559 -0.993949 0.102900 -0.038438 -0.000136
1732543283.416601181030273 13.351888 -16.370993 0.316867 -0.993523 0.106120 -0.040062 -0.006778
1732543283.516600131988525 13.421160 -16.394552 0.319972 -0.993554 0.105766 -0.040158 -0.007147
1732543283.616599321365356 13.496896 -16.403584 0.320938 -0.993524 0.106662 -0.038508 -0.007048
1732543283.716598749160767 13.553906 -16.384199 0.324402 -0.993773 0.103360 -0.040859 -0.007881
1732543283.816597700119019 13.600959 -16.404146 0.322968 -0.993468 0.107889 -0.036633 -0.006259
1732543283.916596889495850 13.657039 -16.416507 0.318778 -0.992544 0.116628 -0.035307 -0.002940
1732543284.016595840454102 13.710264 -16.440952 0.314817 -0.990939 0.129959 -0.033917 0.000740
1732543284.116594791412354 13.764929 -16.470216 0.315223 -0.987602 0.152885 -0.035571 -0.001570
1732543284.216593742370605 13.806863 -16.504282 0.316809 -0.982680 0.182027 -0.034022 -0.007035
1732543284.316592931747437 13.846235 -16.538979 0.312967 -0.976062 0.214214 -0.037065 -0.006416
1732543284.416592121124268 13.882386 -16.571886 0.305373 -0.969019 0.243600 -0.040515 -0.004499
1732543284.516591310501099 13.898861 -16.599669 0.305053 -0.961039 0.273758 -0.038064 -0.003301
1732543284.616590499877930 13.870300 -16.643111 0.294912 -0.949826 0.310288 -0.039361 0.001397
1732543284.716589450836182 13.853109 -16.687859 0.286966 -0.937874 0.344777 -0.038949 0.002238
1732543284.816588401794434 13.830469 -16.722976 0.290555 -0.922583 0.383744 -0.039409 -0.005404
1732543284.916587591171265 13.802983 -16.756804 0.262893 -0.905562 0.422292 -0.040308 -0.001499
1732543285.016586542129517 13.769364 -16.784246 0.258705 -0.886433 0.461100 -0.040257 0.001454
1732543285.116585731506348 13.725218 -16.798145 0.267213 -0.864800 0.499767 -0.048427 0.002777
1732543285.216585159301758 13.690110 -16.815779 0.262738 -0.845390 0.532076 -0.046870 0.003634
1732543285.316584110260010 13.660367 -16.835515 0.241454 -0.823721 0.565430 -0.041960 0.003468
1732543285.416583061218262 13.618651 -16.858165 0.238490 -0.799547 0.599114 -0.042033 0.004492
1732543285.516582012176514 13.577449 -16.871320 0.238318 -0.771725 0.634641 -0.040774 -0.002970
1732543285.616581201553345 13.532978 -16.873157 0.237126 -0.741361 0.669987 -0.038416 -0.005019
1732543285.716580390930176 13.495486 -16.875947 0.237874 -0.709185 0.703929 -0.039101 -0.003271
1732543285.816579341888428 13.458639 -16.873162 0.238529 -0.674051 0.737567 -0.040236 -0.005642
1732543285.916578769683838 13.449319 -16.873451 0.251292 -0.643834 0.763824 -0.044525 -0.008298
1732543286.016577720642090 13.426624 -16.875203 0.251430 -0.615286 0.787043 -0.043901 -0.007651
1732543286.116576910018921 13.405962 -16.879532 0.235841 -0.583822 0.810560 -0.045992 -0.005380
1732543286.216575860977173 13.375170 -16.906186 0.239554 -0.549242 0.834368 -0.046307 -0.004240
1732543286.316574811935425 13.339565 -16.916963 0.235361 -0.510829 0.858552 -0.042578 -0.011327
1732543286.416573762893677 13.311112 -16.929974 0.231716 -0.472921 0.880339 -0.034077 -0.013692
1732543286.516572952270508 13.277573 -16.942930 0.222098 -0.437562 0.898498 -0.031992 -0.014732
1732543286.616572380065918 13.234952 -16.968162 0.220195 -0.408139 0.912149 -0.033848 -0.016155
1732543286.716571569442749 13.202141 -16.995715 0.217870 -0.386265 0.921655 -0.032323 -0.017528
1732543286.816570520401001 13.164663 -17.027521 0.215737 -0.368910 0.928795 -0.031665 -0.015553
1732543286.916569471359253 13.125307 -17.065861 0.222483 -0.360812 0.932014 -0.030813 -0.014677
1732543287.016568422317505 13.074882 -17.117162 0.211953 -0.358381 0.932969 -0.025585 -0.021860
1732543287.116567611694336 13.017073 -17.159723 0.221607 -0.356849 0.933508 -0.023305 -0.026039
1732543287.216566562652588 12.960553 -17.210319 0.225699 -0.354154 0.934584 -0.021784 -0.025555
1732543287.316565752029419 12.894023 -17.268117 0.227773 -0.353228 0.934962 -0.020330 -0.025751
1732543287.416564941406250 12.834341 -17.330885 0.228989 -0.356138 0.933823 -0.017553 -0.028842
1732543287.516564130783081 12.772399 -17.376769 0.217205 -0.361833 0.931598 -0.022103 -0.026723
1732543287.616563320159912 12.710096 -17.439579 0.226714 -0.367584 0.929516 -0.019665 -0.022279
1732543287.716562032699585 12.638548 -17.510096 0.229572 -0.367682 0.929487 -0.016166 -0.024537
1732543287.816561222076416 12.570539 -17.557644 0.229059 -0.365267 0.930365 -0.012012 -0.029260
1732543287.916560411453247 12.511374 -17.619133 0.227603 -0.361854 0.931705 -0.011797 -0.029138
1732543288.016559362411499 12.437924 -17.699172 0.244502 -0.364980 0.930400 -0.011909 -0.031674
1732543288.116558551788330 12.381675 -17.764199 0.235116 -0.370825 0.928135 -0.011567 -0.030350
1732543288.216557741165161 12.327618 -17.820353 0.236199 -0.376023 0.926090 -0.012471 -0.028453
1732543288.316576719284058 12.262410 -17.887882 0.238411 -0.381171 0.924047 -0.010243 -0.027214
1732543288.416574716567993 12.187178 -17.958942 0.230623 -0.378633 0.924934 -0.008060 -0.032687
1732543288.516572952270508 12.128505 -18.008873 0.262914 -0.377217 0.925612 -0.003266 -0.030635
1732543288.616571426391602 12.066383 -18.069441 0.257889 -0.375972 0.926142 -0.004096 -0.029832
1732543288.716569662094116 12.005484 -18.144343 0.244221 -0.378258 0.925070 -0.003705 -0.033941
1732543288.816568136215210 11.954852 -18.203482 0.236967 -0.383893 0.922852 -0.006880 -0.030383
1732543288.916566133499146 11.896192 -18.254756 0.238878 -0.389571 0.920580 -0.008294 -0.026439
1732543289.016564607620239 11.825838 -18.321614 0.246829 -0.391745 0.919620 -0.007214 -0.027979
1732543289.116563081741333 11.765810 -18.385158 0.248658 -0.388818 0.920690 -0.004813 -0.033572
1732543289.216561317443848 11.706517 -18.446395 0.252001 -0.386936 0.921476 -0.004896 -0.033734
1732543289.316559553146362 11.643817 -18.519454 0.252812 -0.387193 0.921366 -0.007636 -0.033283
1732543289.416557788848877 11.587919 -18.583344 0.239725 -0.393417 0.918644 -0.009736 -0.034943
1732543289.516556024551392 11.540990 -18.637559 0.240970 -0.398065 0.916711 -0.011536 -0.032421
1732543289.616554260253906 11.488363 -18.701313 0.241117 -0.401983 0.915106 -0.010788 -0.029581
1732543289.716552495956421 11.430185 -18.751888 0.242098 -0.400725 0.915544 -0.006966 -0.033905
1732543289.816550731658936 11.398068 -18.791941 0.246850 -0.398520 0.916464 -0.005327 -0.035314
1732543289.916549205780029 11.363031 -18.832619 0.250819 -0.398192 0.916571 -0.006204 -0.036076
1732543290.016547441482544 11.332655 -18.874587 0.251764 -0.401048 0.915186 -0.010118 -0.038645
1732543290.116545915603638 11.302432 -18.915398 0.244009 -0.406461 0.912878 -0.009906 -0.036688
1732543290.216544151306152 11.270255 -18.956107 0.243627 -0.405827 0.913284 -0.009079 -0.033698
1732543290.316542387008667 11.236276 -18.998550 0.242398 -0.399573 0.916085 -0.009069 -0.032358
1732543290.416540622711182 11.193790 -19.035503 0.244407 -0.390648 0.919852 -0.011130 -0.033800
1732543290.516538619995117 11.148643 -19.070580 0.244037 -0.377053 0.925429 -0.008042 -0.036724
1732543290.616537094116211 11.101026 -19.097031 0.247305 -0.361029 0.931821 -0.006972 -0.036313
1732543290.716535329818726 11.049678 -19.136321 0.257252 -0.342397 0.938808 -0.010375 -0.036006
1732543290.816533565521240 11.000253 -19.160555 0.254260 -0.328238 0.943910 -0.010749 -0.034310
1732543290.916532039642334 10.960466 -19.174291 0.253164 -0.313122 0.949128 -0.014147 -0.030183
1732543291.016530275344849 10.911723 -19.184977 0.248146 -0.295998 0.954626 -0.020418 -0.025653
1732543291.116528511047363 10.865457 -19.195549 0.251772 -0.273724 0.961187 -0.023105 -0.025697
1732543291.216526985168457 10.810525 -19.198873 0.250609 -0.245884 0.968679 -0.020942 -0.027630
1732543291.316531419754028 10.766449 -19.192505 0.255768 -0.218765 0.975215 -0.018247 -0.027642
1732543291.416529417037964 10.713938 -19.185607 0.254188 -0.192968 0.980492 -0.022520 -0.029865
1732543291.516527652740479 10.668224 -19.177667 0.250239 -0.171410 0.984308 -0.025252 -0.033452
1732543291.616526126861572 10.621474 -19.171062 0.250210 -0.157963 0.986585 -0.027574 -0.030606
1732543291.716524362564087 10.569940 -19.175968 0.256773 -0.144801 0.988499 -0.030982 -0.030714
1732543291.816522598266602 10.515341 -19.169630 0.259376 -0.133122 0.990100 -0.029697 -0.033130
1732543291.916521072387695 10.467778 -19.151870 0.253944 -0.115726 0.992346 -0.026167 -0.034251
1732543292.016519546508789 10.428035 -19.142429 0.251913 -0.097663 0.994386 -0.022184 -0.034142
1732543292.116517782211304 10.383278 -19.116427 0.294905 -0.078661 0.995876 -0.025554 -0.037297
1732543292.216516017913818 10.341148 -19.111339 0.295835 -0.067144 0.996666 -0.024657 -0.039247
1732543292.316514253616333 10.300877 -19.111865 0.287299 -0.068200 0.996663 -0.026693 -0.036032
1732543292.416512250900269 10.259085 -19.117983 0.282402 -0.072423 0.996379 -0.027731 -0.034846
1732543292.516510486602783 10.212757 -19.122644 0.283627 -0.077801 0.996041 -0.025133 -0.034885
1732543292.616508960723877 10.163469 -19.123139 0.286371 -0.076172 0.996135 -0.019395 -0.039204
1732543292.716507196426392 10.114899 -19.129547 0.292905 -0.075249 0.996235 -0.016426 -0.039788
1732543292.816505432128906 10.049212 -19.135517 0.296137 -0.074582 0.996213 -0.016294 -0.041624
1732543292.916503667831421 9.976841 -19.141014 0.295254 -0.074202 0.996228 -0.013283 -0.042985
1732543293.016502141952515 9.907221 -19.152898 0.294642 -0.078204 0.996059 -0.013304 -0.039673
1732543293.116500616073608 9.837749 -19.155983 0.288776 -0.085185 0.995535 -0.013772 -0.038255
1732543293.216498851776123 9.745348 -19.171929 0.293713 -0.091801 0.995085 -0.010401 -0.035650
1732543293.316497087478638 9.662351 -19.179348 0.299497 -0.090132 0.995201 -0.007719 -0.037309
1732543293.416495323181152 9.589610 -19.187689 0.306397 -0.088797 0.995299 -0.004994 -0.038337
1732543293.516493320465088 9.509281 -19.203391 0.310874 -0.087918 0.995387 -0.005876 -0.037957
1732543293.616491794586182 9.430264 -19.220537 0.305409 -0.092249 0.994934 -0.007071 -0.039313
1732543293.716490030288696 9.361276 -19.228348 0.286315 -0.097763 0.994514 -0.008266 -0.036283
1732543293.816488265991211 9.294014 -19.241435 0.282329 -0.102981 0.994032 -0.010159 -0.034517
1732543293.916486501693726 9.215479 -19.256481 0.282469 -0.107631 0.993597 -0.009298 -0.033076
1732543294.016484975814819 9.150226 -19.263498 0.283395 -0.103662 0.994012 -0.007317 -0.033770
1732543294.116483449935913 9.100496 -19.265316 0.288031 -0.099100 0.994481 -0.005335 -0.034043
1732543294.216481685638428 9.042253 -19.270541 0.288707 -0.094291 0.994883 -0.006925 -0.035628
1732543294.316479921340942 8.985285 -19.277120 0.285103 -0.091034 0.995005 -0.007695 -0.040222
1732543294.416478157043457 8.936912 -19.284412 0.278752 -0.089043 0.995271 -0.008493 -0.037872
1732543294.516476154327393 8.893230 -19.287442 0.275914 -0.085482 0.995624 -0.009834 -0.036454
1732543294.616474628448486 8.846748 -19.287655 0.268109 -0.081748 0.995941 -0.012904 -0.035382
1732543294.716472864151001 8.796413 -19.291798 0.264491 -0.075616 0.996351 -0.011803 -0.037772
1732543294.816471099853516 8.752435 -19.283826 0.267821 -0.064556 0.997101 -0.008302 -0.039406
1732543294.916469335556030 8.707111 -19.279412 0.267960 -0.055264 0.997612 -0.008872 -0.040459
1732543295.016467809677124 8.666796 -19.273724 0.273502 -0.045314 0.998071 -0.009739 -0.041300
1732543295.116466045379639 8.615295 -19.273152 0.265682 -0.038579 0.998300 -0.010603 -0.042391
1732543295.216464519500732 8.560747 -19.268674 0.261828 -0.037538 0.998382 -0.013563 -0.040507
1732543295.316504955291748 8.521389 -19.278535 0.264743 -0.037889 0.998428 -0.013842 -0.038920
1732543295.416503667831421 8.444675 -19.281752 0.265215 -0.038577 0.998553 -0.013034 -0.035126
1732543295.516502857208252 8.373430 -19.279338 0.266129 -0.032075 0.998708 -0.008683 -0.038446
1732543295.616502285003662 8.314933 -19.277326 0.269783 -0.026317 0.998881 -0.005387 -0.038919
1732543295.716501474380493 8.245795 -19.275930 0.272233 -0.020153 0.998989 -0.005689 -0.039781
1732543295.816500663757324 8.172222 -19.280036 0.247876 -0.016625 0.999060 -0.006395 -0.039518
1732543295.916499853134155 8.107646 -19.288389 0.241234 -0.015706 0.999110 -0.006664 -0.038577
1732543296.016498804092407 8.049732 -19.288332 0.241480 -0.016072 0.999157 -0.008250 -0.036864
1732543296.116497993469238 7.981249 -19.283780 0.241874 -0.016971 0.999238 -0.010384 -0.033594
1732543296.216497182846069 7.906674 -19.275210 0.246453 -0.011604 0.999262 -0.006695 -0.035991
1732543296.316496133804321 7.853083 -19.266639 0.251614 -0.002594 0.999311 -0.001823 -0.036975
1732543296.416495561599731 7.804344 -19.254019 0.255201 0.007484 0.999254 -0.001303 -0.037858
1732543296.516494750976562 7.752717 -19.245126 0.258286 0.018440 0.999051 -0.003536 -0.039310
1732543296.616493940353394 7.705318 -19.234671 0.248361 0.024861 0.998731 -0.006733 -0.043268
1732543296.716492891311646 7.666289 -19.226908 0.240123 0.028168 0.998726 -0.007640 -0.041153
1732543296.816492080688477 7.626184 -19.224182 0.237575 0.027762 0.998661 -0.011537 -0.042102
1732543296.916491270065308 7.574802 -19.223936 0.238128 0.024449 0.998769 -0.013098 -0.041112
1732543297.016490697860718 7.515408 -19.223047 0.240549 0.026036 0.998653 -0.009252 -0.043915
1732543297.116489887237549 7.460390 -19.213800 0.238476 0.025712 0.998686 -0.007042 -0.043768
1732543297.216489076614380 7.399887 -19.213497 0.247691 0.027464 0.998702 -0.006529 -0.042406
1732543297.316488027572632 7.340842 -19.213259 0.251907 0.026724 0.998727 -0.005058 -0.042488
1732543297.416486978530884 7.276741 -19.214062 0.251517 0.022104 0.998839 -0.008433 -0.041972
1732543297.516486167907715 7.214182 -19.218723 0.249782 0.015861 0.999034 -0.010040 -0.039724
1732543297.616485595703125 7.145358 -19.215256 0.245825 0.009815 0.999197 -0.009163 -0.037754
1732543297.716484785079956 7.064826 -19.206638 0.246006 0.010616 0.999096 -0.006158 -0.040696
1732543297.816483974456787 7.016807 -19.191164 0.255572 0.011285 0.999094 -0.003923 -0.040842
1732543297.916482925415039 6.955006 -19.185135 0.260925 0.012543 0.999058 -0.006239 -0.041078
1732543298.016482114791870 6.876151 -19.185238 0.263365 0.008843 0.999121 -0.006036 -0.040541
1732543298.116481304168701 6.796957 -19.209159 0.249936 0.001432 0.999294 -0.006427 -0.037000
1732543298.216480731964111 6.720696 -19.213145 0.244315 -0.004588 0.999384 -0.006047 -0.034268
1732543298.316479682922363 6.659916 -19.202242 0.242037 -0.010383 0.999297 -0.004970 -0.035693
1732543298.416478872299194 6.570988 -19.222311 0.216272 -0.008126 0.999313 -0.001953 -0.036107
1732543298.516477823257446 6.517666 -19.224380 0.222111 -0.006935 0.999334 0.000308 -0.035823
1732543298.616477012634277 6.465514 -19.212260 0.223453 -0.007735 0.999344 0.000134 -0.035375
1732543298.716476202011108 6.405170 -19.225794 0.228884 -0.011469 0.999196 0.000580 -0.038419
1732543298.816475391387939 6.379635 -19.225298 0.219230 -0.018097 0.999213 -0.001413 -0.035279
1732543298.916474819183350 6.336930 -19.243979 0.210364 -0.023145 0.999186 -0.003450 -0.032852
1732543299.016474008560181 6.291495 -19.239644 0.201924 -0.026847 0.999148 -0.005706 -0.030817
1732543299.116472959518433 6.246457 -19.245324 0.196053 -0.026436 0.999112 -0.002405 -0.032732
1732543299.216471910476685 6.214557 -19.264793 0.193942 -0.022547 0.999238 -0.000009 -0.031855
1732543299.316471099853516 6.166699 -19.247522 0.192675 -0.014865 0.999402 0.000358 -0.031226
1732543299.416470289230347 6.125188 -19.254850 0.189108 -0.006256 0.999460 0.001108 -0.032245
1732543299.516469717025757 6.095492 -19.243754 0.189715 -0.001710 0.999564 -0.000734 -0.029455
1732543299.616468906402588 6.062763 -19.247222 0.184939 0.004658 0.999604 -0.005126 -0.027258
1732543299.716468095779419 6.022523 -19.233354 0.172076 0.012555 0.999554 -0.009534 -0.025349
1732543299.816467046737671 5.968216 -19.227312 0.171800 0.025198 0.999267 -0.008707 -0.027464
1732543299.916466236114502 5.943681 -19.229783 0.164517 0.039273 0.998846 -0.005661 -0.027045
1732543300.016465425491333 5.912733 -19.201296 0.171434 0.054094 0.998128 -0.007247 -0.027603
1732543300.116464853286743 5.880063 -19.188195 0.172533 0.069121 0.997156 -0.008019 -0.028940
1732543300.216463804244995 5.832750 -19.178074 0.163464 0.077943 0.996502 -0.010288 -0.028321
1732543300.316462993621826 5.810198 -19.174925 0.166955 0.079380 0.996403 -0.013253 -0.026534
1732543300.416461944580078 5.788506 -19.171547 0.165552 0.076000 0.996654 -0.016590 -0.025084
1732543300.516461133956909 5.714839 -19.142920 0.152161 0.077858 0.996576 -0.012403 -0.024929
1732543300.616460323333740 5.681711 -19.133571 0.161632 0.079162 0.996488 -0.011553 -0.024711
1732543300.716459512710571 5.642493 -19.133683 0.164997 0.080194 0.996359 -0.013689 -0.025504
1732543300.816458940505981 5.618360 -19.134533 0.161363 0.079007 0.996442 -0.010913 -0.027234
1732543300.916458129882812 5.576496 -19.127622 0.151544 0.073949 0.996885 -0.012180 -0.024579
1732543301.016457080841064 5.537572 -19.112998 0.146220 0.069298 0.997288 -0.012732 -0.021279
1732543301.116456031799316 5.520507 -19.110679 0.139606 0.065977 0.997465 -0.017392 -0.020189
1732543301.216455221176147 5.515592 -19.111433 0.146532 0.064851 0.997531 -0.015565 -0.022002
1732543301.316454410552979 5.506632 -19.098291 0.137118 0.062019 0.997752 -0.012010 -0.022371
1732543301.416453838348389 5.509338 -19.102891 0.145998 0.059613 0.997926 -0.010567 -0.021872
1732543301.516453027725220 5.508890 -19.105433 0.149565 0.056683 0.998110 -0.009953 -0.021548
1732543301.616452217102051 5.515420 -19.109047 0.158506 0.055177 0.998168 -0.013001 -0.021127
1732543301.716451168060303 5.513105 -19.109138 0.161048 0.052848 0.998291 -0.014339 -0.020420
1732543301.816450357437134 5.516796 -19.110934 0.163046 0.051062 0.998370 -0.016430 -0.019485
1732543301.916449546813965 5.513773 -19.108215 0.164450 0.049834 0.998411 -0.018725 -0.018500
1732543302.016448974609375 5.512683 -19.103871 0.163923 0.048963 0.998428 -0.020716 -0.017750
1732543302.116448163986206 5.513048 -19.104207 0.164423 0.048242 0.998441 -0.022434 -0.016894
1732543302.216447114944458 5.510816 -19.100038 0.163924 0.047904 0.998443 -0.023519 -0.016230
1732543302.316446065902710 5.509985 -19.099381 0.164189 0.047484 0.998464 -0.023955 -0.015508
1732543302.416445255279541 5.508298 -19.101704 0.164924 0.047300 0.998490 -0.023746 -0.014714
1732543302.516444444656372 5.509132 -19.101128 0.164995 0.046810 0.998537 -0.023334 -0.013731
1732543302.616443872451782 5.508196 -19.102302 0.165447 0.046227 0.998594 -0.022658 -0.012609
1732543302.716443061828613 5.506464 -19.105386 0.166030 0.045560 0.998652 -0.021944 -0.011705
1732543302.816442251205444 5.507313 -19.107072 0.165436 0.044877 0.998701 -0.021557 -0.010891
1732543302.916441202163696 5.506644 -19.110674 0.165635 0.044153 0.998748 -0.021233 -0.010072
1732543303.016440153121948 5.504676 -19.109928 0.163223 0.043435 0.998785 -0.021217 -0.009528
1732543303.116439342498779 5.506058 -19.114012 0.165091 0.042879 0.998807 -0.021609 -0.008867
1732543303.216438531875610 5.503787 -19.117239 0.165827 0.042334 0.998818 -0.022298 -0.008606
1732543303.316439867019653 5.502932 -19.117656 0.165769 0.041900 0.998831 -0.022565 -0.008453
1732543303.416439056396484 5.503964 -19.119277 0.165694 0.041473 0.998834 -0.023248 -0.008320
1732543303.516438007354736 5.502295 -19.123076 0.166260 0.041092 0.998832 -0.024031 -0.008257
1732543303.616437673568726 5.502051 -19.124341 0.167831 0.040831 0.998834 -0.024362 -0.008317
1732543303.716436624526978 5.500817 -19.123865 0.167402 0.040637 0.998839 -0.024466 -0.008355
1732543303.816435575485229 5.501009 -19.122942 0.167438 0.040533 0.998850 -0.024218 -0.008334
1732543303.916434764862061 5.504060 -19.124582 0.166675 0.040812 0.998846 -0.024073 -0.007849
1732543304.016433954238892 5.498720 -19.120648 0.164962 0.044802 0.998765 -0.020487 -0.006454
1732543304.116433143615723 5.482505 -19.126655 0.164475 0.046547 0.998659 -0.021344 -0.007626
1732543304.216432571411133 5.459264 -19.119504 0.162584 0.047552 0.998620 -0.020013 -0.009798
1732543304.316431522369385 5.437574 -19.117928 0.165760 0.048309 0.998572 -0.020052 -0.010883
1732543304.416430711746216 5.378024 -19.120299 0.146612 0.044924 0.998711 -0.021625 -0.009496
1732543304.516429662704468 5.341604 -19.113042 0.143068 0.039924 0.998868 -0.024267 -0.008981
1732543304.616428852081299 5.297436 -19.114629 0.141413 0.036317 0.998984 -0.025691 -0.007166
1732543304.716428041458130 5.243666 -19.114736 0.149527 0.035092 0.999001 -0.026201 -0.008894
1732543304.816427469253540 5.194175 -19.111642 0.144281 0.037707 0.999016 -0.020478 -0.011211
1732543304.916426658630371 5.151997 -19.098606 0.150711 0.039335 0.998953 -0.019161 -0.013394
1732543305.016425848007202 5.103966 -19.098104 0.144070 0.041665 0.998860 -0.017714 -0.015153
1732543305.116424798965454 5.058732 -19.102418 0.134761 0.044582 0.998735 -0.016186 -0.016687
1732543305.216423749923706 5.018137 -19.104903 0.132652 0.047922 0.998603 -0.016091 -0.015407
1732543305.316422939300537 4.970277 -19.097679 0.131004 0.051296 0.998428 -0.017778 -0.013902
1732543305.416422367095947 4.920909 -19.090158 0.130577 0.056164 0.998126 -0.020910 -0.012332
1732543305.516421556472778 4.871127 -19.081251 0.128237 0.069470 0.997318 -0.016571 -0.016002
1732543305.616420745849609 4.822540 -19.066789 0.128673 0.085241 0.996173 -0.010778 -0.016033
1732543305.716419696807861 4.769096 -19.042298 0.129709 0.101538 0.994608 -0.011124 -0.017905
1732543305.816418886184692 4.709469 -19.018883 0.113787 0.115431 0.993029 -0.011716 -0.020765
1732543305.916418075561523 4.662824 -19.014531 0.118859 0.123268 0.992127 -0.012616 -0.018164
1732543306.016417503356934 4.604724 -18.993505 0.116154 0.130649 0.991198 -0.014240 -0.015973
1732543306.116416692733765 4.539764 -18.980678 0.115087 0.138138 0.990166 -0.017575 -0.013443
1732543306.216415882110596 4.465615 -18.959593 0.113149 0.148159 0.988737 -0.014583 -0.015371
1732543306.316414833068848 4.404624 -18.932910 0.112299 0.155951 0.987573 -0.009472 -0.017000
1732543306.416413784027100 4.328026 -18.897983 0.111155 0.162425 0.986502 -0.009522 -0.018495
1732543306.516412973403931 4.237841 -18.863613 0.106483 0.167347 0.985618 -0.011504 -0.020514
1732543306.616412162780762 4.163049 -18.838774 0.090231 0.165921 0.985825 -0.013239 -0.021084
1732543306.716411590576172 4.093124 -18.805583 0.096625 0.164677 0.986007 -0.016260 -0.020165
1732543306.816410779953003 4.013142 -18.783025 0.090391 0.163922 0.986171 -0.017807 -0.016694
1732543306.916409969329834 3.930200 -18.729766 0.101668 0.169672 0.985268 -0.013051 -0.016972
1732543307.016408920288086 3.848178 -18.693168 0.078188 0.177498 0.983907 -0.009276 -0.018293
1732543307.116408109664917 3.772504 -18.656706 0.083039 0.183974 0.982708 -0.009911 -0.018441
1732543307.216407060623169 3.689775 -18.629649 0.074752 0.186598 0.982149 -0.010063 -0.021521
1732543307.316409826278687 3.620683 -18.605249 0.067831 0.185949 0.982299 -0.011842 -0.019276
1732543307.416409015655518 3.553832 -18.582199 0.063199 0.186841 0.982129 -0.013262 -0.018347
1732543307.516408205032349 3.468205 -18.542645 0.065855 0.186851 0.982137 -0.014392 -0.016904
1732543307.616407155990601 3.394682 -18.510292 0.057530 0.194097 0.980773 -0.008205 -0.018538
1732543307.716406345367432 3.328036 -18.470046 0.059492 0.201066 0.979400 -0.004839 -0.018041
1732543307.816405773162842 3.265142 -18.433922 0.062058 0.207657 0.978011 -0.006897 -0.018056
1732543307.916405200958252 3.190773 -18.401121 0.051529 0.211170 0.977170 -0.008212 -0.021864
1732543308.016404390335083 3.134549 -18.369942 0.049872 0.213770 0.976646 -0.008829 -0.019653
1732543308.116403579711914 3.072386 -18.346622 0.039229 0.216928 0.975945 -0.010439 -0.019108
1732543308.216402530670166 3.001929 -18.299477 0.040831 0.218278 0.975643 -0.012166 -0.018119
1732543308.316401720046997 2.934753 -18.265962 0.034286 0.226896 0.973700 -0.007113 -0.019399
1732543308.416400909423828 2.871532 -18.221626 0.032075 0.235004 0.971800 -0.004318 -0.018982
1732543308.516400337219238 2.817349 -18.193418 0.030663 0.243488 0.969667 -0.004804 -0.020879
1732543308.616399765014648 2.754612 -18.160419 0.025435 0.250163 0.967932 -0.002447 -0.022787
1732543308.716398715972900 2.704550 -18.134112 0.017704 0.254430 0.966850 -0.002671 -0.021430
1732543308.816397905349731 2.655990 -18.106631 0.012403 0.261923 0.964861 -0.003158 -0.020711
1732543308.916397094726562 2.611221 -18.080589 0.010160 0.271770 0.962124 -0.006659 -0.020368
1732543309.016396284103394 2.559528 -18.037928 0.006821 0.283458 0.958684 -0.009309 -0.022128
1732543309.116395711898804 2.501349 -17.990339 -0.000690 0.299518 0.953862 -0.003095 -0.020677
1732543309.216394901275635 2.452129 -17.940210 -0.001143 0.312533 0.949658 -0.004264 -0.021317
1732543309.316393852233887 2.395394 -17.895824 -0.003685 0.317918 0.947811 -0.005409 -0.023521
1732543309.416393041610718 2.333075 -17.855831 -0.011327 0.314532 0.948915 -0.005831 -0.024414
1732543309.516392230987549 2.289163 -17.837799 -0.014337 0.309873 0.950451 -0.010247 -0.022752
1732543309.616391897201538 2.224413 -17.779229 -0.023777 0.305448 0.951870 -0.014303 -0.020967
1732543309.716391086578369 2.162245 -17.722128 -0.021248 0.304075 0.952355 -0.012420 -0.020117
1732543309.816390275955200 2.133615 -17.699720 -0.031448 0.306948 0.951489 -0.010449 -0.018481
1732543309.916389226913452 2.109352 -17.685087 -0.027448 0.301969 0.953040 -0.010700 -0.020371
1732543310.016388416290283 2.096793 -17.680471 -0.018875 0.288202 0.957236 -0.012809 -0.021805
1732543310.116387605667114 2.076265 -17.667679 -0.028160 0.270530 0.962380 -0.011613 -0.022457
1732543310.216387033462524 2.073975 -17.689006 -0.038670 0.248273 0.968206 -0.011774 -0.028280
1732543310.316386222839355 2.087948 -17.748108 -0.026945 0.223991 0.974222 -0.008344 -0.025502
1732543310.416385412216187 2.083230 -17.770124 -0.036303 0.198568 0.979730 -0.004320 -0.026120
1732543310.516384363174438 2.089802 -17.771786 -0.038746 0.179784 0.983386 -0.001693 -0.025045
1732543310.616383552551270 2.110369 -17.826312 -0.029207 0.164694 0.986054 -0.003855 -0.023643
1732543310.716382741928101 2.105652 -17.817013 -0.025985 0.150142 0.988390 -0.004126 -0.022913
1732543310.816382408142090 2.113624 -17.870963 -0.028539 0.137790 0.990100 -0.007885 -0.025566
1732543310.916381597518921 2.122085 -17.900121 -0.005086 0.124822 0.991779 -0.009243 -0.026601
1732543311.016380786895752 2.137426 -17.918270 -0.005915 0.113898 0.993152 -0.007086 -0.025022
1732543311.116379737854004 2.159336 -17.951763 -0.006046 0.104314 0.994205 -0.005712 -0.025330
1732543311.216378927230835 2.174159 -17.973971 -0.002749 0.097860 0.994896 -0.003350 -0.024355
1732543311.316378116607666 2.150459 -17.958062 -0.023241 0.093460 0.995304 -0.007224 -0.024131
1732543311.416377544403076 2.178266 -17.975477 -0.006871 0.089308 0.995678 -0.010216 -0.023342
1732543311.516376733779907 2.181613 -17.983038 -0.006096 0.086431 0.995927 -0.011489 -0.022950
1732543311.616375923156738 2.190402 -17.987872 0.001413 0.081567 0.996201 -0.011485 -0.028269
1732543311.716375112533569 2.183943 -17.985082 0.007394 0.076478 0.996480 -0.013220 -0.031688
1732543311.816374301910400 2.194935 -17.992802 0.011516 0.073112 0.996643 -0.015445 -0.033436
1732543311.916373729705811 2.197730 -17.994126 0.018202 0.070000 0.996784 -0.018063 -0.034577
1732543312.016372919082642 2.191349 -17.986625 0.016553 0.067273 0.996887 -0.020928 -0.035401
1732543312.116372108459473 2.192854 -17.986321 0.017988 0.065310 0.996952 -0.023277 -0.035756
1732543312.216371059417725 2.191592 -17.985037 0.018483 0.063987 0.997003 -0.024670 -0.035797
1732543312.316370248794556 2.188736 -17.985039 0.018120 0.063262 0.997066 -0.024921 -0.035171
1732543312.416369438171387 2.189115 -17.988521 0.020331 0.062568 0.997158 -0.024504 -0.034063
1732543312.516368865966797 2.189593 -17.991768 0.020985 0.061639 0.997269 -0.024016 -0.032853
1732543312.616368293762207 2.191197 -17.997594 0.021364 0.060794 0.997375 -0.023386 -0.031625
1732543312.716367483139038 2.184294 -17.998917 0.019664 0.059804 0.997465 -0.023528 -0.030563
1732543312.816366434097290 2.187729 -18.004145 0.022532 0.058705 0.997542 -0.024329 -0.029522
1732543312.916365623474121 2.174797 -17.993402 0.013881 0.057645 0.997603 -0.025109 -0.028893
1732543313.016364812850952 2.168324 -17.990792 0.013919 0.056897 0.997613 -0.027012 -0.028300
1732543313.116364240646362 2.167122 -17.988211 0.014938 0.056555 0.997582 -0.029113 -0.027993
1732543313.216363430023193 2.162813 -17.984729 0.014115 0.056579 0.997525 -0.031103 -0.027851
1732543313.316360235214233 2.159463 -17.980191 0.014842 0.056705 0.997483 -0.032428 -0.027568
1732543313.416359424591064 2.161174 -17.978973 0.013869 0.056882 0.997461 -0.033170 -0.027133
1732543313.516358852386475 2.162035 -17.978474 0.012223 0.057005 0.997473 -0.032984 -0.026634
1732543313.616358041763306 2.166864 -17.981733 0.014197 0.057101 0.997508 -0.032285 -0.025964
1732543313.716357231140137 2.173166 -17.987056 0.015224 0.056891 0.997578 -0.031046 -0.025247
1732543313.816356182098389 2.174122 -17.994540 0.015847 0.056477 0.997664 -0.029631 -0.024463
1732543313.916355371475220 2.175694 -17.997998 0.015064 0.055657 0.997768 -0.028300 -0.023687
1732543314.016354560852051 2.178975 -18.008562 0.018518 0.054839 0.997847 -0.027492 -0.023179
1732543314.116353988647461 2.182559 -18.012425 0.018848 0.053910 0.997923 -0.027379 -0.022234
1732543314.216353178024292 2.184348 -18.016767 0.017355 0.053282 0.997971 -0.027314 -0.021640
1732543314.316352367401123 2.182193 -18.019214 0.018630 0.052916 0.998001 -0.027386 -0.021060
1732543314.416351556777954 2.179626 -18.020035 0.017564 0.052738 0.998021 -0.027260 -0.020714
1732543314.516350746154785 2.179491 -18.020069 0.017713 0.052684 0.998030 -0.027276 -0.020397
1732543314.616350173950195 2.181479 -18.020960 0.016369 0.052715 0.998035 -0.027201 -0.020180
1732543314.716349363327026 2.183910 -18.021549 0.017636 0.052677 0.998047 -0.027121 -0.019780
1732543314.816348791122437 2.181180 -18.020879 0.018377 0.052703 0.998050 -0.027128 -0.019537
1732543314.916347742080688 2.180738 -18.020010 0.016653 0.052765 0.998051 -0.027088 -0.019407
1732543315.016346931457520 2.182574 -18.020688 0.017810 0.052812 0.998054 -0.027065 -0.019149
1732543315.116346120834351 2.183312 -18.020985 0.017811 0.052849 0.998059 -0.026937 -0.018985
1732543315.216345548629761 2.180984 -18.020347 0.017005 0.052902 0.998063 -0.026747 -0.018855
1732543315.316344738006592 2.180468 -18.020653 0.016579 0.052979 0.998070 -0.026481 -0.018675
1732543315.416343927383423 2.182137 -18.020814 0.017814 0.052993 0.998077 -0.026312 -0.018467
1732543315.516342878341675 2.180758 -18.019485 0.018257 0.053015 0.998086 -0.026079 -0.018269
1732543315.616342067718506 2.179937 -18.019650 0.017311 0.053108 0.998086 -0.025929 -0.018231
1732543315.716341257095337 2.178292 -18.019916 0.016819 0.053163 0.998089 -0.025735 -0.018139
1732543315.816340684890747 2.179852 -18.021113 0.018598 0.053191 0.998094 -0.025637 -0.017959
1732543315.916339874267578 2.178262 -18.020028 0.017220 0.053108 0.998102 -0.025499 -0.017963
1732543316.016339063644409 2.179186 -18.021150 0.017085 0.053125 0.998105 -0.025346 -0.017916
1732543316.116338253021240 2.181437 -18.021300 0.018112 0.053121 0.998105 -0.025453 -0.017805
1732543316.216337442398071 2.182669 -18.021768 0.018227 0.053222 0.998095 -0.025687 -0.017729
1732543316.316336631774902 2.182844 -18.021324 0.018224 0.053272 0.998091 -0.025833 -0.017607
1732543316.416336059570312 2.183820 -18.021874 0.018831 0.053447 0.998079 -0.025993 -0.017480
1732543316.516335248947144 2.182676 -18.022293 0.017142 0.053558 0.998064 -0.026298 -0.017577
1732543316.616334199905396 2.184122 -18.022908 0.018118 0.053673 0.998062 -0.026205 -0.017442
1732543316.716333389282227 2.184532 -18.023525 0.018468 0.053762 0.998059 -0.026200 -0.017362
1732543316.816332578659058 2.180517 -18.022807 0.018089 0.053902 0.998052 -0.026189 -0.017337
1732543316.916331768035889 2.175103 -18.020065 0.016005 0.053997 0.998051 -0.026048 -0.017316
1732543317.016331195831299 2.175871 -18.021182 0.017445 0.054075 0.998052 -0.025955 -0.017153
1732543317.116330385208130 2.177706 -18.024541 0.021251 0.054051 0.998081 -0.025098 -0.016845
1732543317.216329336166382 2.178036 -18.025306 0.020828 0.054212 0.998071 -0.025129 -0.016842
1732543317.316327810287476 2.182786 -18.026191 0.021101 0.054361 0.998059 -0.025307 -0.016825
1732543317.416326761245728 2.181391 -18.025926 0.019220 0.054678 0.998038 -0.025396 -0.016912
1732543317.516325712203979 2.182355 -18.024784 0.020247 0.054977 0.998020 -0.025532 -0.016811
1732543317.616325139999390 2.182408 -18.024418 0.021159 0.055414 0.997993 -0.025707 -0.016700
1732543317.716324567794800 2.181014 -18.022909 0.020192 0.055857 0.997967 -0.025709 -0.016737
1732543317.816323518753052 2.180944 -18.023083 0.021336 0.056254 0.997950 -0.025618 -0.016585
1732543317.916322708129883 2.180209 -18.022787 0.020648 0.056706 0.997933 -0.025325 -0.016525
1732543318.016321659088135 2.178564 -18.022327 0.019221 0.057173 0.997909 -0.025180 -0.016599
1732543318.116320848464966 2.180503 -18.023745 0.019554 0.057575 0.997883 -0.025279 -0.016582
1732543318.216320037841797 2.181264 -18.024095 0.019216 0.057973 0.997855 -0.025489 -0.016607
1732543318.316319227218628 2.179698 -18.023069 0.018472 0.058464 0.997823 -0.025549 -0.016688
1732543318.416318655014038 2.183069 -18.023593 0.019866 0.059194 0.997775 -0.025738 -0.016671
1732543318.516317844390869 2.181991 -18.022596 0.019469 0.060082 0.997719 -0.025851 -0.016699
1732543318.616316795349121 2.179595 -18.021747 0.018322 0.060989 0.997657 -0.025970 -0.016899
1732543318.716315984725952 2.179848 -18.021155 0.020025 0.062025 0.997593 -0.026021 -0.016875
1732543318.816315174102783 2.179573 -18.021349 0.019564 0.063089 0.997520 -0.026148 -0.017053
1732543318.916314363479614 2.177651 -18.020362 0.020114 0.064170 0.997447 -0.026206 -0.017150
1732543319.016313791275024 2.175493 -18.019095 0.018833 0.065301 0.997365 -0.026386 -0.017377
1732543319.116312742233276 2.176055 -18.017825 0.020942 0.066433 0.997283 -0.026626 -0.017448
1732543319.216311931610107 2.177324 -18.016951 0.019903 0.067479 0.997204 -0.026743 -0.017755
1732543319.316310882568359 2.175441 -18.014146 0.020707 0.068450 0.997139 -0.026664 -0.017838
1732543319.416310071945190 2.170354 -18.011482 0.019306 0.069473 0.997062 -0.026738 -0.018076
1732543319.516309261322021 2.172251 -18.011653 0.019862 0.070635 0.996977 -0.026776 -0.018201
1732543319.616308689117432 2.170056 -18.008012 0.020753 0.071652 0.996901 -0.026845 -0.018270
1732543319.716307878494263 2.167654 -18.006250 0.019815 0.072756 0.996821 -0.026772 -0.018371
1732543319.816307067871094 2.166715 -18.004825 0.019787 0.073843 0.996735 -0.026893 -0.018518
1732543319.916306018829346 2.167300 -18.004112 0.020133 0.074886 0.996655 -0.026916 -0.018604
1732543320.016305208206177 2.168203 -18.004020 0.019885 0.075874 0.996578 -0.026931 -0.018735
1732543320.116304397583008 2.167908 -18.003069 0.020863 0.076853 0.996500 -0.026979 -0.018817
1732543320.216303825378418 2.172430 -18.006595 0.023696 0.078072 0.996386 -0.027293 -0.019383
1732543320.316303014755249 2.174359 -18.007042 0.022098 0.079812 0.996250 -0.027293 -0.019265
1732543320.416301965713501 2.167377 -18.006433 0.016776 0.086363 0.995956 -0.020527 -0.013843
1732543320.516300916671753 2.139130 -17.999442 0.002962 0.093271 0.995515 -0.013049 -0.008915
1732543320.616300344467163 2.110723 -17.992290 0.000380 0.099739 0.994894 -0.011350 -0.010448
1732543320.716299295425415 2.070372 -17.986791 0.001239 0.104551 0.994374 -0.011326 -0.012720
1732543320.816298484802246 2.020780 -17.973863 -0.001136 0.105763 0.994128 -0.014494 -0.017717
1732543320.916297912597656 1.964531 -17.972156 -0.017166 0.104847 0.994173 -0.016828 -0.018557
1732543321.016297101974487 1.919224 -17.980213 -0.007807 0.103549 0.994393 -0.014747 -0.015598
1732543321.116296052932739 1.840703 -17.964169 -0.005413 0.105035 0.994271 -0.010572 -0.016740
1732543321.216295242309570 1.760572 -17.945290 -0.004847 0.111371 0.993591 -0.004239 -0.018874
1732543321.316294431686401 1.680277 -17.919737 -0.001815 0.117772 0.992874 -0.003223 -0.017902
1732543321.416293382644653 1.591215 -17.905387 -0.002704 0.122121 0.992329 -0.005809 -0.018333
1732543321.516292810440063 1.486099 -17.883651 -0.027440 0.119374 0.992574 -0.007343 -0.022201
1732543321.616292238235474 1.418099 -17.873630 -0.019499 0.116812 0.992913 -0.007727 -0.020475
1732543321.716291189193726 1.345156 -17.868733 -0.019322 0.114390 0.993233 -0.008483 -0.018191
1732543321.816290378570557 1.261009 -17.844217 -0.019014 0.115277 0.993173 -0.007452 -0.016238
1732543321.916289567947388 1.167065 -17.806481 -0.030154 0.119723 0.992659 -0.002495 -0.017001
1732543322.016288518905640 1.093390 -17.787625 -0.029732 0.123907 0.992176 -0.001442 -0.015241
1732543322.116287946701050 1.008313 -17.769310 -0.033702 0.123867 0.992082 -0.003673 -0.020395
1732543322.216287136077881 0.908140 -17.730953 -0.047231 0.118587 0.992759 -0.005099 -0.018447
1732543322.316286325454712 0.827619 -17.730631 -0.046680 0.115481 0.993159 -0.006229 -0.016159
1732543322.416285276412964 0.728753 -17.702761 -0.051083 0.111365 0.993653 -0.007951 -0.013721
1732543322.516284465789795 0.633607 -17.680225 -0.053687 0.113549 0.993395 -0.002578 -0.016321
1732543322.616283655166626 0.545490 -17.651669 -0.056334 0.116712 0.993025 0.001222 -0.016684
1732543322.716283082962036 0.459723 -17.634946 -0.056155 0.119644 0.992700 0.001305 -0.015174
1732543322.816282272338867 0.370100 -17.616025 -0.062597 0.122971 0.992239 -0.001209 -0.018423
1732543322.916281461715698 0.274166 -17.576401 -0.072357 0.124626 0.992075 -0.002494 -0.015767
1732543323.016280174255371 0.183851 -17.553254 -0.079147 0.127779 0.991698 -0.003085 -0.014044
1732543323.116279363632202 0.082224 -17.515809 -0.076146 0.130739 0.991299 -0.005479 -0.014288
1732543323.216278791427612 -0.023328 -17.474101 -0.088267 0.141505 0.989808 -0.000427 -0.016030
1732543323.316277980804443 -0.094227 -17.455777 -0.072995 0.154678 0.987833 0.002662 -0.015941
1732543323.416277170181274 -0.203833 -17.400098 -0.082119 0.169868 0.985351 0.001182 -0.015033
1732543323.516276359558105 -0.313494 -17.368829 -0.091374 0.180508 0.983330 -0.001828 -0.021811
1732543323.616275310516357 -0.416156 -17.318661 -0.099217 0.188938 0.981777 -0.003408 -0.020126
1732543323.716274499893188 -0.504450 -17.286503 -0.102499 0.199846 0.979659 -0.005669 -0.017271
1732543323.816273689270020 -0.615023 -17.220369 -0.105072 0.210513 0.977430 -0.005912 -0.016716
1732543323.916273117065430 -0.711140 -17.175327 -0.110378 0.228206 0.973458 -0.001160 -0.017308
1732543324.016272306442261 -0.790644 -17.125860 -0.108086 0.245593 0.969246 -0.000086 -0.015669
1732543324.116271495819092 -0.890267 -17.057992 -0.116289 0.261764 0.964991 -0.004413 -0.015881
1732543324.216270446777344 -0.885155 -17.031712 -0.123702 0.269739 0.962672 -0.005411 -0.021777
1732543324.316269397735596 -0.952810 -16.959958 -0.106166 0.277276 0.960565 -0.008224 -0.019136
1732543324.416268587112427 -0.968834 -16.969260 -0.116045 0.285098 0.958263 -0.012299 -0.017316
1732543324.516267776489258 -1.035197 -16.905800 -0.121186 0.296448 0.954786 -0.010329 -0.019866
1732543324.616267204284668 -1.079206 -16.863943 -0.120458 0.312885 0.949575 -0.005098 -0.019603
1732543324.716266632080078 -1.139937 -16.792192 -0.123323 0.329361 0.943983 -0.005743 -0.019638
1732543324.816265583038330 -1.195555 -16.732235 -0.128364 0.343061 0.938801 -0.009831 -0.029417
1732543324.916264533996582 -1.247642 -16.650849 -0.141198 0.351585 0.935632 -0.012543 -0.028688
1732543325.016263723373413 -1.299901 -16.616056 -0.137861 0.362349 0.931507 -0.017121 -0.026542
1732543325.116262912750244 -1.339699 -16.538047 -0.132070 0.374746 0.926635 -0.017294 -0.024776
1732543325.216262340545654 -1.379540 -16.503048 -0.133182 0.394476 0.918511 -0.010397 -0.024871
1732543325.316261529922485 -1.411156 -16.377597 -0.152858 0.412288 0.910747 -0.006667 -0.022682
1732543325.416260719299316 -1.510682 -16.324989 -0.150580 0.430696 0.902150 -0.011482 -0.022255
1732543325.516259670257568 -1.586711 -16.246144 -0.170328 0.439373 0.897712 -0.011830 -0.030416
1732543325.616258859634399 -1.647302 -16.178860 -0.131549 0.446891 0.894077 -0.013798 -0.026902
1732543325.716258049011230 -1.695976 -16.114550 -0.153864 0.455356 0.889892 -0.015714 -0.022267
1732543325.816257476806641 -1.747719 -16.055797 -0.148665 0.469945 0.882345 -0.010418 -0.022580
1732543325.916256427764893 -1.781269 -15.955248 -0.169276 0.486046 0.873740 -0.000101 -0.018381
1732543326.016255617141724 -1.785627 -15.885356 -0.166457 0.502481 0.864380 -0.000178 -0.018963
1732543326.116254568099976 -1.828320 -15.814814 -0.169680 0.515659 0.856396 -0.000261 -0.026113
1732543326.216253757476807 -1.865701 -15.746753 -0.180256 0.524265 0.851203 0.001058 -0.024465
1732543326.316252946853638 -1.899406 -15.671021 -0.185326 0.532935 0.845810 -0.001797 -0.024146
1732543326.416252374649048 -1.929514 -15.586945 -0.175331 0.544327 0.838580 -0.001495 -0.022111
1732543326.516251564025879 -1.967996 -15.504369 -0.185321 0.562261 0.826486 0.013879 -0.024326
1732543326.616250753402710 -1.993898 -15.411365 -0.185896 0.580866 0.813467 0.017155 -0.023914
1732543326.716249704360962 -1.984434 -15.338896 -0.189617 0.601203 0.798503 0.014625 -0.027073
1732543326.816248893737793 -1.983209 -15.271371 -0.199610 0.618064 0.785083 0.016095 -0.037181
1732543326.916248083114624 -1.971590 -15.181031 -0.189167 0.631244 0.774496 0.013547 -0.038777
1732543327.016247510910034 -2.000517 -15.116980 -0.201682 0.645052 0.762989 0.009626 -0.040777
1732543327.116246700286865 -1.999441 -15.025224 -0.198589 0.662542 0.747984 0.006462 -0.038942
1732543327.216245651245117 -2.040746 -14.934907 -0.191636 0.685654 0.726963 0.009812 -0.036145
1732543327.316244602203369 -2.031977 -14.849706 -0.203006 0.708819 0.704493 0.012794 -0.033180
1732543327.416243791580200 -2.019106 -14.752542 -0.186530 0.729024 0.683476 0.008883 -0.036131
1732543327.516242980957031 -1.970943 -14.718817 -0.181412 0.739503 0.671526 0.011957 -0.045234
1732543327.616242170333862 -1.951405 -14.632526 -0.181499 0.746112 0.664234 0.010986 -0.044592
1732543327.716241598129272 -1.973634 -14.533454 -0.169434 0.748349 0.661686 0.008483 -0.045545
1732543327.816240787506104 -1.961890 -14.432357 -0.151523 0.747218 0.663247 0.014364 -0.039528
1732543327.916239738464355 -1.932991 -14.341010 -0.163557 0.749344 0.660780 0.020087 -0.038067
1732543328.016238927841187 -1.911305 -14.276799 -0.155393 0.751448 0.658448 0.019767 -0.037168
1732543328.116238117218018 -1.893995 -14.191895 -0.151764 0.751477 0.658131 0.021581 -0.040996
1732543328.216237306594849 -1.841819 -14.095665 -0.160931 0.748014 0.661909 0.025478 -0.041250
1732543328.316238403320312 -1.857709 -14.025279 -0.151753 0.744766 0.665628 0.022910 -0.041702
1732543328.416237592697144 -1.836380 -13.929332 -0.151634 0.739858 0.671416 0.022803 -0.035930
1732543328.516236543655396 -1.812492 -13.833263 -0.141151 0.739933 0.671052 0.032432 -0.033720
1732543328.616236209869385 -1.801800 -13.743122 -0.145864 0.741159 0.669670 0.035370 -0.031221
1732543328.716235399246216 -1.791342 -13.664980 -0.137986 0.742351 0.668464 0.033332 -0.030988
1732543328.816234111785889 -1.789264 -13.581911 -0.134941 0.740480 0.670206 0.036149 -0.034733
1732543328.916233301162720 -1.738595 -13.525928 -0.140511 0.736724 0.674374 0.034200 -0.035885
1732543329.016232728958130 -1.745936 -13.448508 -0.139827 0.732748 0.678864 0.032669 -0.034005
1732543329.116231679916382 -1.727716 -13.342595 -0.132325 0.727945 0.684163 0.034046 -0.029300
1732543329.216231107711792 -1.720197 -13.246989 -0.130774 0.729360 0.682290 0.040700 -0.029270
1732543329.316230297088623 -1.710311 -13.153754 -0.117889 0.730846 0.680779 0.039371 -0.029200
1732543329.416229486465454 -1.702245 -13.064849 -0.107439 0.731811 0.679791 0.037091 -0.030994
1732543329.516228437423706 -1.695928 -12.971999 -0.109407 0.727894 0.683564 0.041974 -0.033893
1732543329.616227626800537 -1.687698 -12.900960 -0.092996 0.724091 0.687766 0.037213 -0.035840
1732543329.716226816177368 -1.673278 -12.827930 -0.101760 0.719469 0.692815 0.035634 -0.033189
1732543329.816226243972778 -1.616964 -12.745130 -0.084677 0.717073 0.695303 0.038480 -0.029641
1732543329.916225433349609 -1.624734 -12.697471 -0.090514 0.718899 0.693244 0.042142 -0.028643
1732543330.016224622726440 -1.599430 -12.632328 -0.078635 0.720800 0.691442 0.039652 -0.027994
1732543330.116223335266113 -1.592430 -12.534239 -0.079146 0.719358 0.692742 0.040414 -0.031605
1732543330.216222524642944 -1.557833 -12.459688 -0.088261 0.715066 0.697271 0.037386 -0.033101
1732543330.316221714019775 -1.541468 -12.395540 -0.093486 0.711030 0.701634 0.033573 -0.031912
1732543330.416221141815186 -1.514884 -12.305330 -0.093288 0.707892 0.704851 0.035374 -0.028698
1732543330.516220331192017 -1.512878 -12.229771 -0.093240 0.709096 0.703399 0.040067 -0.028411
1732543330.616219520568848 -1.489321 -12.141220 -0.095599 0.710953 0.701659 0.039107 -0.026294
1732543330.716218471527100 -1.482023 -12.049211 -0.092227 0.710808 0.701728 0.038508 -0.029107
1732543330.816217660903931 -1.441882 -11.946276 -0.117363 0.705981 0.706482 0.038922 -0.030986
1732543330.916216850280762 -1.488813 -11.897364 -0.090942 0.702817 0.709867 0.032830 -0.032542
1732543331.016216278076172 -1.480199 -11.779903 -0.098424 0.698288 0.714484 0.032553 -0.029101
1732543331.116215467453003 -1.488339 -11.681526 -0.095102 0.698358 0.714138 0.039556 -0.027172
1732543331.216214656829834 -1.493910 -11.582265 -0.100391 0.699566 0.712942 0.040976 -0.025326
1732543331.316213607788086 -1.507746 -11.496194 -0.100025 0.700741 0.711951 0.037844 -0.025604
1732543331.416212558746338 -1.516880 -11.392097 -0.107121 0.697985 0.714379 0.039444 -0.030386
1732543331.516211748123169 -1.545239 -11.317868 -0.122282 0.693877 0.718570 0.034756 -0.031377
1732543331.616211414337158 -1.551598 -11.251509 -0.129043 0.689746 0.722662 0.032025 -0.031369
1732543331.716210365295410 -1.554888 -11.144790 -0.127146 0.684898 0.727472 0.030249 -0.028000
1732543331.816209554672241 -1.566205 -11.054298 -0.132614 0.686395 0.725978 0.033436 -0.026452
1732543331.916208505630493 -1.555135 -10.964945 -0.134269 0.689427 0.723175 0.033063 -0.024811
1732543332.016207695007324 -1.555097 -10.894824 -0.132219 0.692936 0.719947 0.029144 -0.025814
1732543332.116206884384155 -1.557614 -10.803470 -0.138699 0.692000 0.720557 0.030952 -0.031228
1732543332.216206073760986 -1.555978 -10.729698 -0.140939 0.691004 0.721630 0.027466 -0.031766
1732543332.316207885742188 -1.553788 -10.655921 -0.140455 0.689609 0.723095 0.024658 -0.031073
1732543332.416207313537598 -1.549729 -10.581081 -0.134488 0.689405 0.723326 0.025154 -0.029789
1732543332.516206502914429 -1.550360 -10.489693 -0.132494 0.693455 0.719363 0.029628 -0.027549
1732543332.616205692291260 -1.546105 -10.390175 -0.129199 0.697556 0.715442 0.029499 -0.026243
1732543332.716204881668091 -1.540579 -10.309701 -0.126289 0.701730 0.711378 0.027946 -0.027115
1732543332.816204071044922 -1.554830 -10.203023 -0.133368 0.702906 0.709939 0.030763 -0.031027
1732543332.916203260421753 -1.551190 -10.066543 -0.133075 0.704101 0.708784 0.027474 -0.033362
1732543333.016202688217163 -1.568168 -9.948232 -0.134570 0.705188 0.707830 0.025251 -0.032398
1732543333.116201877593994 -1.559132 -9.819617 -0.119188 0.709775 0.703366 0.025898 -0.028719
1732543333.216200828552246 -1.576247 -9.728992 -0.128168 0.719611 0.693140 0.030928 -0.027587
1732543333.316200017929077 -1.541444 -9.606610 -0.123231 0.730473 0.681744 0.028835 -0.028321
1732543333.416199207305908 -1.532164 -9.555237 -0.117959 0.741398 0.669741 0.025469 -0.033575
1732543333.516198396682739 -1.519216 -9.441568 -0.136341 0.742450 0.668180 0.028440 -0.038661
1732543333.616197824478149 -1.483067 -9.360213 -0.116235 0.739725 0.671113 0.026541 -0.041343
1732543333.716197013854980 -1.492365 -9.251238 -0.134309 0.734862 0.676682 0.023425 -0.039112
1732543333.816196203231812 -1.464383 -9.130404 -0.109020 0.733962 0.677711 0.027771 -0.035161
1732543333.916195392608643 -1.456446 -9.077762 -0.111879 0.735616 0.675888 0.029162 -0.034568
1732543334.016194581985474 -1.416678 -9.120288 -0.102945 0.736610 0.674871 0.026651 -0.035284
1732543334.116194009780884 -1.397046 -9.091701 -0.108760 0.732940 0.678416 0.031662 -0.039359
1732543334.216193199157715 -1.371000 -9.132843 -0.102024 0.729141 0.682541 0.027956 -0.041344
1732543334.316192388534546 -1.343615 -9.121094 -0.111658 0.724876 0.687295 0.026184 -0.038653
1732543334.416191339492798 -1.324190 -9.048037 -0.106256 0.723053 0.689376 0.026279 -0.035560
1732543334.516190528869629 -1.330120 -8.982423 -0.108811 0.721818 0.690628 0.031529 -0.031915
1732543334.616189718246460 -1.303499 -8.892356 -0.101776 0.719758 0.692903 0.031013 -0.029548
1732543334.716189146041870 -1.310109 -8.809075 -0.091591 0.715525 0.697055 0.031492 -0.033874
1732543334.816188335418701 -1.289814 -8.684776 -0.103786 0.707930 0.704687 0.032662 -0.034414
1732543334.916187524795532 -1.306892 -8.628258 -0.098675 0.701156 0.711558 0.029490 -0.034570
1732543335.016186475753784 -1.307487 -8.525964 -0.092203 0.693750 0.718911 0.030190 -0.031077
1732543335.116185903549194 -1.305810 -8.414942 -0.088419 0.692236 0.720054 0.036745 -0.031323
1732543335.216185092926025 -1.310453 -8.312524 -0.084670 0.691428 0.720951 0.034713 -0.030846
1732543335.316184520721436 -1.315078 -8.208949 -0.076761 0.689689 0.722659 0.033474 -0.031187
1732543335.416183710098267 -1.306311 -8.113733 -0.086751 0.683424 0.728311 0.035639 -0.034993
1732543335.516182899475098 -1.330157 -8.064069 -0.074893 0.678950 0.732625 0.031423 -0.036065
1732543335.616181850433350 -1.344071 -7.979000 -0.079138 0.674413 0.736984 0.029455 -0.033956
1732543335.716181039810181 -1.333787 -7.865268 -0.065548 0.673680 0.737643 0.032131 -0.031707
1732543335.816180229187012 -1.347157 -7.781024 -0.066599 0.674967 0.736385 0.035562 -0.029870
1732543335.916179656982422 -1.350978 -7.662096 -0.060760 0.676208 0.735371 0.033280 -0.029393
1732543336.016178846359253 -1.380541 -7.528867 -0.066368 0.673510 0.737529 0.035461 -0.034325
1732543336.116178035736084 -1.363329 -7.377135 -0.071371 0.667659 0.742928 0.031713 -0.035830
1732543336.216176986694336 -1.391382 -7.296055 -0.069441 0.662400 0.747767 0.029055 -0.035007
1732543336.316176176071167 -1.398809 -7.211445 -0.061080 0.657273 0.752378 0.030809 -0.031151
1732543336.416175842285156 -1.410003 -7.108061 -0.052797 0.657646 0.751721 0.037968 -0.031242
1732543336.516175031661987 -1.409894 -6.998613 -0.064640 0.658895 0.750720 0.036866 -0.030311
1732543336.616174221038818 -1.432702 -6.894360 -0.054524 0.658933 0.750755 0.035003 -0.030811
1732543336.716173171997070 -1.444482 -6.778806 -0.060905 0.654082 0.754849 0.035033 -0.033963
1732543336.816172599792480 -1.459333 -6.712924 -0.051862 0.649889 0.758646 0.029959 -0.034692
1732543336.916171789169312 -1.478024 -6.635806 -0.046846 0.646331 0.761907 0.028086 -0.031062
1732543337.016171216964722 -1.484348 -6.513867 -0.055528 0.648600 0.759888 0.031496 -0.029943
1732543337.116170406341553 -1.498212 -6.441893 -0.018132 0.652994 0.756174 0.032758 -0.026956
1732543337.216169595718384 -1.492197 -6.425481 -0.031358 0.660068 0.750085 0.031532 -0.026256
1732543337.316168546676636 -1.500885 -6.359844 -0.038080 0.669647 0.741375 0.031341 -0.030894
1732543337.416167736053467 -1.496661 -6.270804 -0.041866 0.679406 0.732524 0.028050 -0.032070
1732543337.516166925430298 -1.505442 -6.187121 -0.046131 0.690412 0.722256 0.024268 -0.033009
1732543337.616166353225708 -1.501900 -6.077523 -0.036378 0.700614 0.712434 0.022207 -0.032927
1732543337.716165542602539 -1.496772 -6.007314 -0.033315 0.713787 0.699013 0.025736 -0.035014
1732543337.816164731979370 -1.486491 -5.923844 -0.034296 0.726714 0.685573 0.029135 -0.032054
1732543337.916163682937622 -1.463943 -5.862109 -0.031758 0.738978 0.672329 0.026850 -0.034124
1732543338.016162872314453 -1.456680 -5.756722 -0.023444 0.744309 0.666008 0.025867 -0.042052
1732543338.116162300109863 -1.448204 -5.632869 -0.032340 0.740563 0.670037 0.026249 -0.043909
1732543338.216161727905273 -1.443688 -5.538575 -0.022998 0.736436 0.674567 0.021920 -0.046278
1732543338.316160917282104 -1.443792 -5.428466 -0.021213 0.731120 0.680731 0.023388 -0.039006
1732543338.416159868240356 -1.425445 -5.345101 -0.014611 0.731317 0.680413 0.026839 -0.038650
1732543338.516159057617188 -1.416546 -5.272939 -0.010147 0.732800 0.678896 0.027698 -0.036576
1732543338.616158246994019 -1.390846 -5.189079 -0.001012 0.732946 0.678720 0.025183 -0.038676
1732543338.716157436370850 -1.379107 -5.107016 -0.008399 0.729029 0.682552 0.028996 -0.042409
1732543338.816156864166260 -1.367861 -5.034574 -0.006086 0.725673 0.686179 0.025362 -0.043751
1732543338.916156053543091 -1.363010 -4.992603 -0.005669 0.721133 0.691161 0.023854 -0.041182
1732543339.016155004501343 -1.343782 -4.929983 0.000386 0.718461 0.694039 0.027344 -0.037096
1732543339.116154193878174 -1.348097 -4.875735 -0.002773 0.719763 0.692623 0.032050 -0.034453
1732543339.216153383255005 -1.321203 -4.803788 0.004935 0.720989 0.691424 0.031212 -0.033675
1732543339.316152572631836 -1.332741 -4.747405 0.008387 0.720206 0.692124 0.030913 -0.036226
1732543339.416152238845825 -1.328335 -4.630810 -0.004855 0.716005 0.696371 0.031130 -0.037885
1732543339.516151428222656 -1.308344 -4.495626 -0.007633 0.712971 0.699581 0.027839 -0.038519
1732543339.616150379180908 -1.315605 -4.397181 -0.008652 0.709714 0.703088 0.026346 -0.035772
1732543339.716149568557739 -1.308921 -4.279467 -0.001600 0.710760 0.701852 0.033504 -0.033188
1732543339.816148757934570 -1.317970 -4.205634 -0.004136 0.712530 0.700005 0.036452 -0.031073
1732543339.916148185729980 -1.290542 -4.125388 0.002708 0.714219 0.698377 0.035192 -0.030386
1732543340.016147375106812 -1.302592 -4.045866 0.004681 0.712890 0.699486 0.036267 -0.034531
1732543340.116146564483643 -1.289371 -3.958673 -0.000575 0.708600 0.703875 0.034316 -0.035605
1732543340.216145515441895 -1.314505 -3.898612 0.004026 0.704978 0.707604 0.032062 -0.035700
1732543340.316144704818726 -1.309258 -3.808901 0.017802 0.701506 0.711182 0.033348 -0.031587
1732543340.416143894195557 -1.315240 -3.709016 0.005818 0.705237 0.707225 0.038844 -0.031073
1732543340.516143321990967 -1.294997 -3.613241 0.019672 0.714133 0.698262 0.040374 -0.028552
1732543340.616142749786377 -1.299941 -3.516591 0.021785 0.726346 0.685688 0.036606 -0.030223
1732543340.716141939163208 -1.287355 -3.397538 0.019514 0.733298 0.677938 0.038630 -0.034379
1732543340.816140890121460 -1.275241 -3.297699 0.027136 0.740374 0.670330 0.034935 -0.035847
1732543340.916140079498291 -1.269345 -3.230504 0.024072 0.747128 0.662957 0.031687 -0.035831
1732543341.016139268875122 -1.257901 -3.146267 0.034124 0.754624 0.654475 0.031533 -0.034799
1732543341.116138935089111 -1.242267 -3.028100 0.037298 0.766422 0.640465 0.036925 -0.032222
1732543341.216138124465942 -1.225656 -2.931897 0.030464 0.777670 0.626830 0.035203 -0.032770
1732543341.316137075424194 -1.191896 -2.821076 0.044135 0.788368 0.613233 0.031228 -0.038021
1732543341.416136264801025 -1.176806 -2.689163 0.038960 0.792187 0.608087 0.034368 -0.038585
1732543341.516135454177856 -1.151302 -2.579827 0.045477 0.790853 0.609785 0.031631 -0.041390
1732543341.616134881973267 -1.136397 -2.441300 0.043623 0.786771 0.615276 0.028246 -0.040363
1732543341.716134071350098 -1.101018 -2.343105 0.057089 0.786057 0.616282 0.032078 -0.035806
1732543341.816133260726929 -1.086600 -2.275377 0.055727 0.787863 0.614010 0.032864 -0.034420
1732543341.916132211685181 -1.046939 -2.198626 0.058191 0.788732 0.612989 0.031061 -0.034362
1732543342.016131401062012 -1.017942 -2.124501 0.057047 0.786471 0.615466 0.035158 -0.037808
1732543342.116130590438843 -1.007104 -2.047150 0.053243 0.783352 0.619508 0.033463 -0.038071
1732543342.216130018234253 -0.991201 -2.005231 0.051236 0.780423 0.623341 0.031010 -0.037735
1732543342.316129207611084 -0.969452 -1.946894 0.055408 0.776978 0.627825 0.032056 -0.033366
1732543342.416128635406494 -0.954505 -1.914532 0.054408 0.778645 0.625495 0.037245 -0.032887
1732543342.516127586364746 -0.935965 -1.903537 0.050760 0.779495 0.624425 0.038415 -0.031687
1732543342.616126775741577 -0.928976 -1.879488 0.074463 0.779766 0.624006 0.038699 -0.032933
1732543342.716125965118408 -0.914794 -1.847262 0.080144 0.778573 0.625259 0.040736 -0.034886
1732543342.816125392913818 -0.884733 -1.783779 0.078468 0.775439 0.629135 0.041739 -0.033778
1732543342.916124582290649 -0.906365 -1.775521 0.075094 0.773513 0.631581 0.040800 -0.033426
1732543343.016123771667480 -0.894228 -1.717046 0.073584 0.770696 0.634967 0.040757 -0.034396
1732543343.116122722625732 -0.887380 -1.657793 0.072798 0.767840 0.638509 0.037903 -0.035934
1732543343.216121912002563 -0.887286 -1.612822 0.071584 0.767692 0.638935 0.038119 -0.030956
1732543343.316121101379395 -0.886485 -1.587116 0.057908 0.765678 0.641281 0.039720 -0.030294
1732543343.416120529174805 -0.891828 -1.599093 0.064429 0.764061 0.643299 0.039619 -0.028424
1732543343.516119718551636 -0.894762 -1.585490 0.067541 0.762381 0.645395 0.038368 -0.027700
1732543343.616118907928467 -0.896314 -1.590367 0.073573 0.760977 0.647165 0.036155 -0.028007
1732543343.716118097305298 -0.897177 -1.589830 0.071254 0.759741 0.648704 0.033553 -0.029172
1732543343.816117286682129 -0.896394 -1.630124 0.073748 0.758570 0.650140 0.030858 -0.030617
1732543343.916116476058960 -0.890619 -1.650938 0.071615 0.757555 0.651344 0.028600 -0.032292
1732543344.016115903854370 -0.886445 -1.668650 0.072441 0.756664 0.652385 0.026552 -0.033878
1732543344.116115093231201 -0.883997 -1.681365 0.073125 0.755824 0.653349 0.024758 -0.035394
1732543344.216114044189453 -0.879236 -1.693272 0.072377 0.754900 0.654414 0.023249 -0.036435
1732543344.316113233566284 -0.882266 -1.699298 0.070966 0.754103 0.655358 0.021918 -0.036799
1732543344.416112422943115 -0.877557 -1.678806 0.072082 0.753264 0.656357 0.020865 -0.036782
1732543344.516111612319946 -0.878437 -1.678179 0.071228 0.752597 0.657165 0.020140 -0.036429
1732543344.616111278533936 -0.883768 -1.691157 0.068467 0.752083 0.657796 0.019622 -0.035920
1732543344.716110467910767 -0.887072 -1.697692 0.069322 0.751627 0.658376 0.019487 -0.034889
1732543344.816109418869019 -0.890060 -1.701944 0.069795 0.750991 0.659159 0.019519 -0.033771
1732543344.916108608245850 -0.892510 -1.707889 0.069275 0.750241 0.660062 0.019532 -0.032779
1732543345.016107797622681 -0.901401 -1.711351 0.067177 0.749565 0.660876 0.019517 -0.031851
1732543345.116107225418091 -0.904147 -1.717913 0.069292 0.749117 0.661424 0.019541 -0.030997
1732543345.216106414794922 -0.904647 -1.716877 0.068214 0.748760 0.661856 0.019048 -0.030691
1732543345.316103219985962 -0.905512 -1.710346 0.066848 0.748064 0.662643 0.018096 -0.031255
1732543345.416102409362793 -0.905109 -1.699417 0.066542 0.747764 0.662966 0.017284 -0.032029
1732543345.516101837158203 -0.901497 -1.701527 0.068717 0.747531 0.663201 0.016148 -0.033166
1732543345.616101264953613 -0.899143 -1.694399 0.065745 0.747426 0.663279 0.015127 -0.034428
1732543345.716100215911865 -0.899612 -1.703312 0.073933 0.747358 0.663303 0.013982 -0.035903
1732543345.816099405288696 -0.898191 -1.706898 0.075510 0.747218 0.663417 0.012853 -0.037104
1732543345.916098594665527 -0.892526 -1.700618 0.073518 0.747118 0.663495 0.012234 -0.037932
1732543346.016097784042358 -0.893169 -1.695337 0.075370 0.747083 0.663532 0.011864 -0.038087
1732543346.116097211837769 -0.893188 -1.695877 0.076980 0.747055 0.663589 0.012057 -0.037577
1732543346.216096401214600 -0.895344 -1.685664 0.073693 0.747074 0.663607 0.012694 -0.036678
1732543346.316095352172852 -0.893717 -1.683521 0.076004 0.746944 0.663800 0.013310 -0.035593
1732543346.416094541549683 -0.881635 -1.675091 0.068418 0.749452 0.660688 0.005515 -0.042223
1732543346.516093730926514 -0.901996 -1.681068 0.019467 0.740031 0.669302 -0.010521 -0.065417
1732543346.616093397140503 -0.842073 -1.602031 -0.023868 0.737982 0.670478 -0.016897 -0.074541
1732543346.716092586517334 -0.856322 -1.611428 -0.063799 0.741452 0.664798 -0.013367 -0.090079
1732543346.816091775894165 -0.832170 -1.594673 -0.091428 0.753034 0.651732 -0.009040 -0.090017
1732543346.916090726852417 -0.822034 -1.630358 -0.096607 0.771110 0.627623 -0.006850 -0.106921
1732543347.016089916229248 -0.816311 -1.583924 -0.128471 0.784020 0.611387 0.001149 -0.107316
1732543347.116089105606079 -0.781721 -1.602437 -0.126145 0.797495 0.593587 0.009619 -0.107536
1732543347.216088533401489 -0.764540 -1.592583 -0.159979 0.805581 0.581629 0.012269 -0.112237
1732543347.316087722778320 -0.734073 -1.573694 -0.170982 0.810173 0.575539 0.006934 -0.111028
1732543347.416086912155151 -0.723990 -1.641767 -0.190135 0.812677 0.573199 0.000153 -0.104879
1732543347.516085863113403 -0.730802 -1.617263 -0.211168 0.815483 0.570830 0.006567 -0.095382
1732543347.616085290908813 -0.753164 -1.583778 -0.232993 0.812132 0.576828 0.024577 -0.084306
1732543347.716084480285645 -0.771656 -1.530707 -0.249571 0.807391 0.584628 0.035676 -0.071113
1732543347.816083908081055 -0.802562 -1.549283 -0.268760 0.805216 0.589345 0.039691 -0.052199
1732543347.916083097457886 -0.825356 -1.556136 -0.290517 0.802941 0.593791 0.044121 -0.027411
1732543348.016082286834717 -0.829952 -1.560745 -0.307799 0.801276 0.596507 0.044220 -0.013454
1732543348.116081237792969 -0.830001 -1.576744 -0.304445 0.800783 0.596947 0.047491 -0.012088
1732543348.216080427169800 -0.840342 -1.596586 -0.307913 0.800537 0.597050 0.050037 -0.012945
1732543348.316079616546631 -0.840843 -1.623324 -0.307641 0.800465 0.597174 0.049600 -0.013392
1732543348.416079044342041 -0.842325 -1.637308 -0.306540 0.800432 0.597246 0.049257 -0.013405
1732543348.516078233718872 -0.847041 -1.696428 -0.304793 0.800594 0.597032 0.049132 -0.013698
1732543348.616077423095703 -0.851985 -1.706080 -0.306896 0.800682 0.596926 0.048907 -0.014011
1732543348.716076612472534 -0.850534 -1.734945 -0.306567 0.800801 0.596774 0.048682 -0.014438
1732543348.816075801849365 -0.851256 -1.742417 -0.300704 0.801054 0.596437 0.048449 -0.015115
1732543348.916075229644775 -0.852156 -1.750586 -0.298943 0.801221 0.596241 0.048026 -0.015365
1732543349.016074419021606 -0.844914 -1.748632 -0.297837 0.801382 0.596030 0.047638 -0.016272
1732543349.116073608398438 -0.847874 -1.763916 -0.298649 0.801692 0.595595 0.048092 -0.015628
1732543349.216072559356689 -0.846299 -1.768655 -0.300092 0.802400 0.594617 0.048622 -0.014850
1732543349.316073179244995 -0.843497 -1.771507 -0.300136 0.802677 0.594287 0.047437 -0.016791
1732543349.416072368621826 -0.841826 -1.775499 -0.299709 0.802964 0.593914 0.046910 -0.017719
1732543349.516071796417236 -0.838102 -1.787857 -0.298943 0.802934 0.593910 0.043997 -0.025122
1732543349.616070747375488 -0.828250 -1.781360 -0.293877 0.803121 0.593642 0.040427 -0.030856
1732543349.716069936752319 -0.841742 -1.776886 -0.322583 0.803253 0.593400 0.041620 -0.030482
1732543349.816069602966309 -0.843660 -2.000134 -0.303034 0.803192 0.593519 0.041343 -0.030156
1732543349.916068792343140 -0.834030 -2.131109 -0.293053 0.803200 0.593510 0.041296 -0.030158
1732543350.016067981719971 -0.828784 -2.200183 -0.285286 0.803209 0.593502 0.041234 -0.030176
1732543350.116066932678223 -0.816636 -2.222436 -0.279953 0.803164 0.593564 0.041230 -0.030155
1732543350.216066360473633 -0.813871 -2.235719 -0.281856 0.803167 0.593559 0.041127 -0.030326
1732543350.316065549850464 -0.813225 -2.266715 -0.282232 0.803117 0.593633 0.040905 -0.030485
1732543350.416064977645874 -0.816242 -2.283921 -0.285143 0.803153 0.593581 0.040875 -0.030601
1732543350.516064167022705 -0.810125 -2.294408 -0.284209 0.803102 0.593655 0.040726 -0.030698
1732543350.616063356399536 -0.809115 -2.298590 -0.284845 0.803090 0.593672 0.040538 -0.030922
1732543350.716062545776367 -0.805145 -2.293418 -0.284035 0.803063 0.593709 0.040408 -0.031084
1732543350.816061735153198 -0.804171 -2.275536 -0.286024 0.803058 0.593707 0.040408 -0.031262
1732543350.916060924530029 -0.806626 -2.267836 -0.283939 0.803075 0.593695 0.040173 -0.031358
1732543351.016060590744019 -0.804114 -2.251980 -0.285534 0.803054 0.593721 0.040402 -0.031116
1732543351.116059780120850 -0.802791 -2.250466 -0.285245 0.803037 0.593748 0.040371 -0.031084
1732543351.216058731079102 -0.806980 -2.241484 -0.285549 0.803052 0.593730 0.040261 -0.031174
1732543351.316057920455933 -0.806237 -2.230555 -0.285803 0.803037 0.593751 0.040291 -0.031126
1732543351.416057348251343 -0.811323 -2.231305 -0.286809 0.803087 0.593683 0.040316 -0.031092
1732543351.516056776046753 -0.805836 -2.217154 -0.286486 0.803032 0.593752 0.040337 -0.031149
1732543351.616055965423584 -0.811969 -2.212953 -0.288308 0.803074 0.593695 0.040339 -0.031167
1732543351.716055154800415 -0.812392 -2.217213 -0.287945 0.803073 0.593699 0.040356 -0.031090
1732543351.816054344177246 -0.813980 -2.218781 -0.289679 0.803088 0.593675 0.040395 -0.031111
1732543351.916053533554077 -0.815447 -2.241332 -0.302938 0.803099 0.593699 0.039632 -0.031347
1732543352.016052961349487 -0.818877 -2.254323 -0.303550 0.803120 0.593671 0.039632 -0.031326
1732543352.116052389144897 -0.815274 -2.257508 -0.304622 0.803091 0.593703 0.039718 -0.031366
1732543352.216051578521729 -0.818247 -2.267448 -0.302866 0.803111 0.593684 0.039585 -0.031381
1732543352.316050529479980 -0.816651 -2.264465 -0.303670 0.803099 0.593694 0.039689 -0.031372
1732543352.416049718856812 -0.819269 -2.266226 -0.303355 0.803132 0.593652 0.039715 -0.031284
1732543352.516049146652222 -0.816772 -2.250944 -0.302172 0.803106 0.593690 0.039648 -0.031321
1732543352.616048574447632 -0.820431 -2.239694 -0.303758 0.803141 0.593638 0.039692 -0.031355
1732543352.716047763824463 -0.817805 -2.237275 -0.302263 0.803116 0.593675 0.039622 -0.031372
1732543352.816046953201294 -0.819508 -2.240545 -0.302373 0.803136 0.593650 0.039681 -0.031285
1732543352.916046142578125 -0.818469 -2.228290 -0.302921 0.803135 0.593646 0.039706 -0.031331
1732543353.016045331954956 -0.818790 -2.229430 -0.301817 0.803132 0.593656 0.039613 -0.031348
1732543353.116044759750366 -0.818692 -2.234867 -0.302363 0.803143 0.593637 0.039675 -0.031338
1732543353.216044187545776 -0.814812 -2.245407 -0.301362 0.803109 0.593687 0.039623 -0.031336
1732543353.316043376922607 -0.809116 -2.246933 -0.301197 0.803060 0.593749 0.039695 -0.031331
1732543353.416042327880859 -0.814403 -2.263279 -0.301858 0.803099 0.593702 0.039567 -0.031377
1732543353.516041517257690 -0.806389 -2.270152 -0.301334 0.803028 0.593798 0.039591 -0.031358
1732543353.616041183471680 -0.805110 -2.278573 -0.302351 0.803006 0.593825 0.039543 -0.031449
1732543353.716040372848511 -0.803238 -2.283751 -0.302825 0.802985 0.593856 0.039527 -0.031423
1732543353.816039562225342 -0.800051 -2.309935 -0.307097 0.802953 0.593892 0.039582 -0.031501
1732543353.916038751602173 -0.804666 -2.324386 -0.308078 0.802974 0.593864 0.039561 -0.031517
1732543354.016037940979004 -0.807055 -2.325488 -0.309223 0.802984 0.593849 0.039516 -0.031591
1732543354.116037130355835 -0.810365 -2.328539 -0.310184 0.802993 0.593836 0.039586 -0.031532
1732543354.216036558151245 -0.810775 -2.326966 -0.308430 0.802989 0.593849 0.039496 -0.031509
1732543354.316035985946655 -0.811899 -2.315947 -0.309642 0.802989 0.593844 0.039528 -0.031560
1732543354.416034936904907 -0.807547 -2.279725 -0.306068 0.802978 0.593856 0.039516 -0.031619
1732543354.516034126281738 -0.812925 -2.292909 -0.307583 0.803013 0.593814 0.039477 -0.031573
1732543354.616033554077148 -0.806174 -2.262378 -0.302942 0.803016 0.593814 0.039477 -0.031504
1732543354.716032981872559 -0.813103 -2.289362 -0.306271 0.803010 0.593818 0.039422 -0.031638
1732543354.816032171249390 -0.830441 -2.319098 -0.309941 0.803069 0.593744 0.039349 -0.031621
1732543354.916031360626221 -0.825969 -2.322027 -0.309632 0.803031 0.593794 0.039370 -0.031627
1732543355.016030550003052 -0.835985 -2.368040 -0.312893 0.803075 0.593725 0.039240 -0.031951
1732543355.116029739379883 -0.836415 -2.401605 -0.316015 0.803070 0.593721 0.039345 -0.032016
1732543355.216028928756714 -0.838882 -2.471299 -0.320148 0.803034 0.593764 0.039345 -0.032131
1732543355.316028356552124 -0.847525 -2.516252 -0.323223 0.803090 0.593688 0.039410 -0.032057
1732543355.416027545928955 -0.842308 -2.529896 -0.319943 0.803071 0.593716 0.039388 -0.032040
1732543355.516026735305786 -0.844209 -2.552410 -0.321365 0.803079 0.593704 0.039414 -0.032047
1732543355.616025924682617 -0.838478 -2.554390 -0.322335 0.803045 0.593744 0.039536 -0.031978
1732543355.716025352478027 -0.851953 -2.613115 -0.325615 0.803062 0.593726 0.039431 -0.032031
1732543355.816024780273438 -0.862433 -2.636713 -0.328603 0.803082 0.593702 0.039371 -0.032045
1732543355.916023969650269 -0.863378 -2.647246 -0.330984 0.803064 0.593711 0.039524 -0.032137
1732543356.016023159027100 -0.894900 -2.764245 -0.340552 0.803101 0.593680 0.039225 -0.032152
1732543356.116022109985352 -0.819282 -2.587631 -0.317384 0.802897 0.593947 0.039413 -0.032096
1732543356.216021537780762 -0.831901 -2.594490 -0.321074 0.802946 0.593884 0.039322 -0.032150
1732543356.316020727157593 -0.845133 -2.616054 -0.322692 0.802920 0.593933 0.039127 -0.032119
1732543356.416020154953003 -0.841513 -2.592942 -0.321922 0.802964 0.593873 0.039158 -0.032110
1732543356.516019344329834 -0.838497 -2.573676 -0.320727 0.802949 0.593893 0.039256 -0.031966
1732543356.616018533706665 -0.839741 -2.569733 -0.322271 0.802954 0.593884 0.039261 -0.032019
1732543356.716017723083496 -0.842573 -2.564845 -0.319729 0.803059 0.593756 0.039195 -0.031832
1732543356.816016912460327 -0.835319 -2.549766 -0.321133 0.802938 0.593904 0.039335 -0.031956
1732543356.916016578674316 -0.845546 -2.545529 -0.322752 0.803044 0.593764 0.039180 -0.032082
1732543357.016015768051147 -0.842600 -2.536228 -0.323531 0.802993 0.593832 0.039231 -0.032043
1732543357.116014719009399 -0.894732 -2.599782 -0.321783 0.803125 0.593668 0.039008 -0.032042
1732543357.216013908386230 -0.868648 -2.540761 -0.329251 0.803121 0.593653 0.039142 -0.032258
1732543357.316013097763062 -0.867551 -2.521313 -0.332278 0.803108 0.593668 0.039282 -0.032132
1732543357.416012763977051 -0.872084 -2.509916 -0.334043 0.803084 0.593715 0.039121 -0.032071
1732543357.516011953353882 -0.873184 -2.508087 -0.336029 0.803134 0.593636 0.039231 -0.032142
1732543357.616011142730713 -0.846596 -2.462734 -0.330447 0.803033 0.593770 0.039295 -0.032116
1732543357.716010332107544 -0.860420 -2.505461 -0.338977 0.803060 0.593722 0.039075 -0.032592
1732543357.816009521484375 -0.860143 -2.497541 -0.338243 0.803004 0.593802 0.038963 -0.032632
1732543357.916008710861206 -0.858010 -2.502011 -0.337560 0.802980 0.593837 0.038958 -0.032613
1732543358.016008138656616 -0.852511 -2.479449 -0.334349 0.802971 0.593857 0.038914 -0.032512
1732543358.116007566452026 -0.849541 -2.462361 -0.335745 0.802973 0.593843 0.038924 -0.032709
1732543358.216006517410278 -0.849671 -2.461822 -0.336955 0.802994 0.593819 0.038954 -0.032603
1732543358.316005706787109 -0.845962 -2.446128 -0.336343 0.803043 0.593745 0.039048 -0.032620
1732543358.416004896163940 -0.847650 -2.439929 -0.336876 0.803062 0.593714 0.039123 -0.032625
1732543358.516004085540771 -0.832797 -2.416542 -0.332842 0.803057 0.593730 0.039031 -0.032575
1732543358.616003751754761 -0.841849 -2.437127 -0.336462 0.803051 0.593734 0.039068 -0.032599
1732543358.716002941131592 -0.843612 -2.432791 -0.335715 0.803069 0.593716 0.038967 -0.032590
1732543358.816001892089844 -0.843343 -2.427796 -0.336375 0.803017 0.593781 0.039021 -0.032628
1732543358.916001319885254 -0.849223 -2.432510 -0.337330 0.803056 0.593732 0.038971 -0.032637
1732543359.016000509262085 -0.848927 -2.433775 -0.337777 0.803049 0.593739 0.039057 -0.032582
1732543359.115999937057495 -0.848916 -2.433016 -0.336716 0.803051 0.593746 0.038877 -0.032606
1732543359.215999126434326 -0.845662 -2.426891 -0.338049 0.803058 0.593721 0.039069 -0.032647
1732543359.315998315811157 -0.845144 -2.426964 -0.337459 0.803040 0.593752 0.038990 -0.032620
1732543359.415997505187988 -0.841662 -2.421938 -0.336072 0.803066 0.593720 0.038913 -0.032656
1732543359.515996694564819 -0.840609 -2.413600 -0.336609 0.803036 0.593754 0.038981 -0.032703
1732543359.615996360778809 -0.842426 -2.414561 -0.336470 0.803047 0.593743 0.038980 -0.032657
1732543359.715995550155640 -0.841365 -2.411600 -0.336375 0.803038 0.593754 0.039008 -0.032631
1732543359.815994739532471 -0.844075 -2.416176 -0.336417 0.803042 0.593749 0.039012 -0.032608
1732543359.915993690490723 -0.842158 -2.415042 -0.336204 0.803055 0.593728 0.039000 -0.032681
1732543360.015993118286133 -0.846042 -2.417942 -0.336081 0.803058 0.593732 0.038959 -0.032606
1732543360.115992546081543 -0.839549 -2.412828 -0.336094 0.803038 0.593753 0.039017 -0.032632
1732543360.215991735458374 -0.835998 -2.408530 -0.335411 0.803041 0.593748 0.039001 -0.032664
1732543360.315990924835205 -0.839601 -2.410944 -0.334666 0.803059 0.593733 0.038999 -0.032510
1732543360.415989875793457 -0.838810 -2.405928 -0.335391 0.803039 0.593754 0.038980 -0.032636
1732543360.515989303588867 -0.839343 -2.405459 -0.335845 0.803025 0.593772 0.038991 -0.032644
1732543360.615988492965698 -0.838585 -2.405036 -0.335923 0.803039 0.593754 0.039015 -0.032596
1732543360.715987920761108 -0.838883 -2.404071 -0.335781 0.803028 0.593768 0.038980 -0.032660
1732543360.815987348556519 -0.839946 -2.404476 -0.335059 0.803032 0.593762 0.038881 -0.032791
1732543360.915986299514771 -0.841869 -2.425205 -0.342013 0.803041 0.593739 0.038965 -0.032864
1732543361.015985488891602 -0.842105 -2.424049 -0.343287 0.803079 0.593682 0.039117 -0.032803
1732543361.115984678268433 -0.841474 -2.418169 -0.341879 0.803046 0.593732 0.038967 -0.032881
1732543361.215984344482422 -0.840838 -2.418870 -0.341466 0.803026 0.593764 0.038922 -0.032857
1732543361.315983533859253 -0.843116 -2.419087 -0.343212 0.803074 0.593691 0.039060 -0.032824
1732543361.415982723236084 -0.841855 -2.418072 -0.342015 0.803056 0.593719 0.039029 -0.032797
1732543361.515981674194336 -0.842239 -2.418157 -0.342389 0.803063 0.593708 0.039013 -0.032827
1732543361.615981101989746 -0.842056 -2.417945 -0.341991 0.803056 0.593722 0.038989 -0.032793
1732543361.715980291366577 -0.840268 -2.414254 -0.343365 0.803050 0.593725 0.039093 -0.032748
1732543361.815979719161987 -0.843766 -2.414471 -0.344048 0.803069 0.593701 0.039033 -0.032802
1732543361.915978908538818 -0.842430 -2.415983 -0.344029 0.803063 0.593708 0.039107 -0.032725
1732543362.015978097915649 -0.844522 -2.420434 -0.343605 0.803077 0.593693 0.039044 -0.032726
1732543362.115977287292480 -0.843519 -2.423127 -0.342887 0.803066 0.593711 0.039042 -0.032666
1732543362.215976476669312 -0.844377 -2.422676 -0.343781 0.803089 0.593677 0.039054 -0.032714
1732543362.315975904464722 -0.843556 -2.423136 -0.343934 0.803083 0.593682 0.039100 -0.032713
1732543362.415975332260132 -0.842325 -2.424568 -0.343408 0.803072 0.593701 0.039072 -0.032687
1732543362.515974521636963 -0.839046 -2.422329 -0.343009 0.803050 0.593729 0.039031 -0.032753
1732543362.615973472595215 -0.837967 -2.420591 -0.342958 0.803066 0.593706 0.039042 -0.032773
1732543362.715972900390625 -0.839473 -2.424437 -0.343391 0.803061 0.593717 0.039073 -0.032659
1732543362.815972089767456 -0.839175 -2.423020 -0.343372 0.803057 0.593721 0.039058 -0.032696
1732543362.915971517562866 -0.840793 -2.422650 -0.343349 0.803078 0.593694 0.038992 -0.032739
1732543363.015970706939697 -0.835544 -2.416625 -0.343168 0.803036 0.593749 0.039108 -0.032654
1732543363.115969657897949 -0.840075 -2.416213 -0.342341 0.803087 0.593686 0.038956 -0.032731
1732543363.215969085693359 -0.836907 -2.411514 -0.342352 0.803052 0.593730 0.039025 -0.032696
1732543363.315968275070190 -0.835756 -2.404280 -0.343225 0.803052 0.593726 0.039062 -0.032745
1732543363.415967702865601 -0.839531 -2.403596 -0.343775 0.803085 0.593682 0.039141 -0.032607
1732543363.515966892242432 -0.836215 -2.398444 -0.343437 0.803049 0.593731 0.039124 -0.032637
1732543363.615966320037842 -0.837920 -2.397836 -0.343839 0.803055 0.593723 0.039116 -0.032652
1732543363.715965270996094 -0.839263 -2.399676 -0.343677 0.803043 0.593741 0.039174 -0.032549
1732543363.815964460372925 -0.840774 -2.398524 -0.344573 0.803065 0.593707 0.039212 -0.032576
1732543363.915964126586914 -0.840375 -2.397020 -0.344338 0.803069 0.593695 0.039227 -0.032689
1732543364.015963315963745 -0.844659 -2.398565 -0.346527 0.803110 0.593635 0.039393 -0.032559
1732543364.115962505340576 -0.846196 -2.386927 -0.348508 0.803181 0.593530 0.039550 -0.032530
1732543364.215961456298828 -0.843418 -2.378173 -0.347309 0.803168 0.593552 0.039462 -0.032549
1732543364.315960645675659 -0.844078 -2.374890 -0.347360 0.803158 0.593565 0.039513 -0.032509
1732543364.415960073471069 -0.843473 -2.373576 -0.347215 0.803171 0.593549 0.039483 -0.032518
1732543364.515959501266479 -0.845038 -2.372786 -0.347941 0.803183 0.593529 0.039528 -0.032515
1732543364.615958929061890 -0.842849 -2.371304 -0.347162 0.803160 0.593564 0.039506 -0.032496
1732543364.715957880020142 -0.845462 -2.372800 -0.348148 0.803186 0.593527 0.039522 -0.032489
1732543364.815957069396973 -0.845692 -2.375342 -0.348091 0.803185 0.593527 0.039493 -0.032550
1732543364.915956258773804 -0.841994 -2.367288 -0.346411 0.803153 0.593574 0.039337 -0.032685
1732543365.015955448150635 -0.843416 -2.365989 -0.347126 0.803178 0.593536 0.039387 -0.032675
1732543365.115955114364624 -0.838466 -2.361812 -0.345993 0.803135 0.593596 0.039369 -0.032688
1732543365.215954303741455 -0.840801 -2.360866 -0.346399 0.803163 0.593559 0.039323 -0.032724
1732543365.315953254699707 -0.838193 -2.358456 -0.344489 0.803119 0.593624 0.039241 -0.032711
1732543365.415952444076538 -0.837986 -2.352532 -0.345055 0.803128 0.593608 0.039213 -0.032824
1732543365.515951871871948 -0.838372 -2.350679 -0.345820 0.803150 0.593574 0.039363 -0.032724
1732543365.615951299667358 -0.836737 -2.348384 -0.344296 0.803123 0.593617 0.039270 -0.032724
1732543365.715950489044189 -0.836873 -2.345492 -0.346671 0.803142 0.593581 0.039438 -0.032701
1732543365.815949678421021 -0.839123 -2.347494 -0.345369 0.803149 0.593582 0.039331 -0.032632
1732543365.915948867797852 -0.839149 -2.347243 -0.345559 0.803152 0.593577 0.039364 -0.032627
1732543366.015948057174683 -0.839031 -2.347989 -0.345955 0.803133 0.593601 0.039419 -0.032594
1732543366.115947484970093 -0.840437 -2.348618 -0.347159 0.803145 0.593580 0.039475 -0.032591
1732543366.215946674346924 -0.840003 -2.347748 -0.346130 0.803135 0.593599 0.039396 -0.032592
1732543366.315946102142334 -0.839374 -2.347391 -0.346899 0.803120 0.593616 0.039464 -0.032571
1732543366.415945053100586 -0.840597 -2.347827 -0.346667 0.803139 0.593593 0.039445 -0.032559
1732543366.515944242477417 -0.841092 -2.349932 -0.346515 0.803135 0.593599 0.039388 -0.032605
1732543366.615943670272827 -0.843684 -2.354259 -0.347429 0.803171 0.593546 0.039435 -0.032639
1732543366.715943098068237 -0.843500 -2.358646 -0.347213 0.803138 0.593592 0.039371 -0.032681
1732543366.815942287445068 -0.844909 -2.360533 -0.348648 0.803146 0.593574 0.039415 -0.032758
1732543366.915941238403320 -0.844878 -2.364818 -0.346621 0.803142 0.593585 0.039289 -0.032788
1732543367.015940666198730 -0.844803 -2.364869 -0.348682 0.803150 0.593566 0.039319 -0.032935
1732543367.115939855575562 -0.846203 -2.367665 -0.351203 0.803150 0.593560 0.039368 -0.032949
1732543367.215939283370972 -0.848760 -2.369582 -0.354071 0.803180 0.593516 0.039406 -0.032987
1732543367.315938472747803 -0.852064 -2.373675 -0.357152 0.803205 0.593483 0.039373 -0.033021
1732543367.415937662124634 -0.854572 -2.380825 -0.365535 0.803197 0.593478 0.039518 -0.033121
1732543367.515936851501465 -0.857587 -2.384546 -0.368907 0.803222 0.593439 0.039546 -0.033183
1732543367.615936040878296 -0.859148 -2.389308 -0.371712 0.803244 0.593409 0.039544 -0.033192
1732543367.715935707092285 -0.857562 -2.397326 -0.372735 0.803223 0.593433 0.039593 -0.033214
1732543367.815934896469116 -0.857737 -2.395965 -0.373440 0.803255 0.593385 0.039646 -0.033222
1732543367.915934085845947 -0.857088 -2.395141 -0.373915 0.803259 0.593378 0.039679 -0.033207
1732543368.015933036804199 -0.855487 -2.393273 -0.372795 0.803227 0.593426 0.039614 -0.033203
1732543368.115932226181030 -0.855487 -2.392247 -0.372062 0.803240 0.593412 0.039603 -0.033152
1732543368.215931653976440 -0.856102 -2.391156 -0.373246 0.803262 0.593376 0.039692 -0.033173
1732543368.315931081771851 -0.855226 -2.392337 -0.372839 0.803230 0.593420 0.039666 -0.033185
1732543368.415930271148682 -0.855724 -2.393951 -0.372590 0.803221 0.593436 0.039686 -0.033097
1732543368.515929460525513 -0.858271 -2.396199 -0.374366 0.803253 0.593384 0.039791 -0.033113
1732543368.615928649902344 -0.858979 -2.396893 -0.374048 0.803250 0.593392 0.039769 -0.033073
1732543368.715927839279175 -0.858275 -2.396365 -0.373442 0.803231 0.593424 0.039761 -0.032965
1732543368.815927267074585 -0.859144 -2.395768 -0.375118 0.803250 0.593390 0.039886 -0.032969
1732543368.915926694869995 -0.859304 -2.395499 -0.373068 0.803237 0.593419 0.039749 -0.032926
1732543369.015925884246826 -0.859002 -2.394311 -0.373264 0.803234 0.593423 0.039803 -0.032861
1732543369.115924835205078 -0.860514 -2.392496 -0.375059 0.803263 0.593376 0.039932 -0.032849
1732543369.215924024581909 -0.859658 -2.389237 -0.375108 0.803246 0.593400 0.039907 -0.032863
1732543369.315923452377319 -0.860247 -2.389006 -0.374999 0.803260 0.593383 0.039880 -0.032860
1732543369.415922880172729 -0.860112 -2.388042 -0.376407 0.803254 0.593386 0.039974 -0.032843
1732543369.515922069549561 -0.860029 -2.386378 -0.375543 0.803259 0.593380 0.039865 -0.032948
1732543369.615921258926392 -0.860794 -2.387391 -0.374724 0.803276 0.593361 0.039840 -0.032907
1732543369.715920448303223 -0.857748 -2.386833 -0.374601 0.803243 0.593403 0.039832 -0.032954
1732543369.815919637680054 -0.857388 -2.386509 -0.374071 0.803245 0.593401 0.039751 -0.033048
1732543369.915919065475464 -0.856613 -2.385172 -0.373613 0.803243 0.593404 0.039703 -0.033114
1732543370.015918493270874 -0.858472 -2.387245 -0.373019 0.803281 0.593355 0.039683 -0.033093
1732543370.115917682647705 -0.856448 -2.384734 -0.374340 0.803251 0.593387 0.039693 -0.033219
1732543370.215916633605957 -0.857089 -2.382774 -0.376374 0.803263 0.593372 0.039700 -0.033206
1732543370.315915822982788 -0.856064 -2.378988 -0.380929 0.803259 0.593362 0.039890 -0.033256
1732543370.415915489196777 -0.855123 -2.377297 -0.382375 0.803250 0.593369 0.039958 -0.033257
1732543370.515914678573608 -0.855653 -2.376387 -0.384923 0.803265 0.593344 0.040084 -0.033175
1732543370.615913867950439 -0.855395 -2.376293 -0.385793 0.803255 0.593356 0.040108 -0.033188
1732543370.715912818908691 -0.855910 -2.377059 -0.386033 0.803259 0.593351 0.040118 -0.033170
1732543370.815912246704102 -0.856715 -2.378852 -0.387159 0.803258 0.593347 0.040218 -0.033142
1732543370.915911436080933 -0.856818 -2.379520 -0.387202 0.803248 0.593359 0.040206 -0.033168
1732543371.015910863876343 -0.857368 -2.381964 -0.386550 0.803236 0.593382 0.040169 -0.033109
1732543371.115910291671753 -0.858509 -2.383642 -0.387413 0.803243 0.593370 0.040223 -0.033082
1732543371.215909242630005 -0.859164 -2.384819 -0.387854 0.803243 0.593366 0.040263 -0.033114
1732543371.315908432006836 -0.859984 -2.385362 -0.387326 0.803242 0.593371 0.040193 -0.033124
1732543371.415907621383667 -0.859087 -2.385401 -0.387737 0.803230 0.593385 0.040237 -0.033104
1732543371.515907287597656 -0.860926 -2.386339 -0.387831 0.803253 0.593354 0.040232 -0.033111
1732543371.615906476974487 -0.860773 -2.386852 -0.387314 0.803248 0.593364 0.040196 -0.033118
1732543371.715905666351318 -0.859030 -2.386105 -0.386499 0.803222 0.593401 0.040135 -0.033146
1732543371.815904855728149 -0.860327 -2.386940 -0.386777 0.803227 0.593395 0.040111 -0.033160
1732543371.915904045104980 -0.861576 -2.386798 -0.388942 0.803255 0.593347 0.040256 -0.033159
1732543372.015903234481812 -0.860149 -2.387289 -0.385823 0.803222 0.593404 0.040042 -0.033195
1732543372.115902662277222 -0.859362 -2.384852 -0.388205 0.803237 0.593371 0.040212 -0.033237
1732543372.215902090072632 -0.858908 -2.384011 -0.387186 0.803233 0.593379 0.040162 -0.033240
1732543372.315901041030884 -0.858886 -2.383876 -0.387081 0.803240 0.593372 0.040147 -0.033222
1732543372.415900230407715 -0.858532 -2.382153 -0.386642 0.803229 0.593389 0.040062 -0.033286
1732543372.515899419784546 -0.858109 -2.382811 -0.387152 0.803216 0.593404 0.040094 -0.033296
1732543372.615899085998535 -0.858071 -2.382895 -0.387062 0.803217 0.593403 0.040099 -0.033277
1732543372.715898275375366 -0.858476 -2.383019 -0.386350 0.803212 0.593413 0.040018 -0.033323
1732543372.815897464752197 -0.857948 -2.383937 -0.386844 0.803209 0.593415 0.040123 -0.033225
1732543372.915896415710449 -0.859798 -2.383874 -0.387031 0.803240 0.593373 0.040129 -0.033228
1732543373.015895843505859 -0.859734 -2.384710 -0.386425 0.803230 0.593392 0.040076 -0.033197
1732543373.115895032882690 -0.858039 -2.384857 -0.387326 0.803205 0.593423 0.040161 -0.033138
1732543373.215894460678101 -0.855990 -2.379829 -0.387492 0.803200 0.593423 0.040036 -0.033397
1732543373.315893650054932 -0.845846 -2.364357 -0.386387 0.803141 0.593496 0.040089 -0.033476
1732543373.415892839431763 -0.844011 -2.364066 -0.385762 0.803101 0.593553 0.040045 -0.033471
1732543373.515892028808594 -0.846142 -2.365245 -0.386685 0.803144 0.593491 0.040154 -0.033401
1732543373.615891218185425 -0.845887 -2.365246 -0.387456 0.803136 0.593499 0.040208 -0.033393
1732543373.715890884399414 -0.846102 -2.364399 -0.387586 0.803141 0.593491 0.040183 -0.033448
1732543373.815890073776245 -0.845552 -2.365866 -0.386260 0.803134 0.593508 0.040107 -0.033406
1732543373.915889263153076 -0.845785 -2.364629 -0.386388 0.803146 0.593490 0.040118 -0.033427
1732543374.015888214111328 -0.846087 -2.365103 -0.386422 0.803150 0.593485 0.040103 -0.033432
1732543374.115887403488159 -0.846002 -2.364369 -0.386834 0.803155 0.593475 0.040073 -0.033521
1732543374.215887069702148 -0.845302 -2.364208 -0.387408 0.803140 0.593493 0.040131 -0.033487
1732543374.315886259078979 -0.845956 -2.364246 -0.386772 0.803157 0.593473 0.040091 -0.033500
1732543374.415885448455811 -0.845109 -2.363660 -0.385943 0.803143 0.593494 0.039993 -0.033580
1732543374.515884399414062 -0.844231 -2.363237 -0.386036 0.803120 0.593524 0.039995 -0.033577
1732543374.615883827209473 -0.844086 -2.361282 -0.385986 0.803139 0.593497 0.040008 -0.033596
1732543374.715883016586304 -0.843042 -2.359883 -0.385591 0.803129 0.593511 0.039979 -0.033600
1732543374.815882444381714 -0.841946 -2.358192 -0.385665 0.803134 0.593502 0.040039 -0.033581
1732543374.915881872177124 -0.840892 -2.356531 -0.385148 0.803116 0.593530 0.039938 -0.033655
1732543375.015880823135376 -0.840000 -2.355179 -0.385324 0.803117 0.593527 0.039962 -0.033655
1732543375.115880012512207 -0.840023 -2.354397 -0.384801 0.803131 0.593513 0.039946 -0.033576
1732543375.215879201889038 -0.839643 -2.353471 -0.384816 0.803137 0.593502 0.040016 -0.033534
1732543375.315878391265869 -0.839460 -2.352474 -0.384458 0.803145 0.593494 0.039977 -0.033541
1732543375.415878057479858 -0.839150 -2.352814 -0.384507 0.803145 0.593495 0.040019 -0.033485
1732543375.515877246856689 -0.839189 -2.352887 -0.383586 0.803145 0.593500 0.039932 -0.033481
1732543375.615876436233521 -0.839357 -2.352957 -0.384734 0.803145 0.593494 0.039969 -0.033551
1732543375.715875625610352 -0.839957 -2.353312 -0.384382 0.803157 0.593480 0.040002 -0.033459
1732543375.815874814987183 -0.840214 -2.354112 -0.384551 0.803156 0.593482 0.039960 -0.033515
1732543375.915874242782593 -0.841071 -2.354814 -0.384877 0.803171 0.593459 0.040009 -0.033486
1732543376.015873432159424 -0.841298 -2.355851 -0.384495 0.803163 0.593473 0.039976 -0.033473
1732543376.115872621536255 -0.842487 -2.355922 -0.384900 0.803191 0.593434 0.039991 -0.033483
1732543376.215871810913086 -0.842022 -2.357140 -0.384591 0.803157 0.593480 0.039956 -0.033514
1732543376.315871000289917 -0.844258 -2.361234 -0.384881 0.803182 0.593446 0.039977 -0.033489
1732543376.415870428085327 -0.844306 -2.361711 -0.384904 0.803178 0.593452 0.039966 -0.033505
1732543376.515869617462158 -0.844399 -2.361028 -0.384703 0.803175 0.593456 0.039904 -0.033588
1732543376.615869045257568 -0.844129 -2.361273 -0.384941 0.803158 0.593478 0.039911 -0.033577
1732543376.715867996215820 -0.844151 -2.361413 -0.385430 0.803168 0.593461 0.039985 -0.033559
1732543376.815867424011230 -0.844175 -2.361106 -0.384892 0.803171 0.593460 0.039950 -0.033540
1732543376.915866613388062 -0.843924 -2.360120 -0.384315 0.803168 0.593465 0.039863 -0.033635
1732543377.015866041183472 -0.842754 -2.358364 -0.385619 0.803161 0.593469 0.039975 -0.033611
1732543377.115865230560303 -0.841395 -2.358684 -0.384209 0.803129 0.593518 0.039903 -0.033599
1732543377.215864181518555 -0.844300 -2.359220 -0.385163 0.803183 0.593442 0.039966 -0.033563
1732543377.315865993499756 -0.841831 -2.357300 -0.385256 0.803151 0.593482 0.039958 -0.033639
1732543377.415864944458008 -0.841084 -2.356549 -0.383630 0.803133 0.593511 0.039816 -0.033725
1732543377.515864133834839 -0.842798 -2.358216 -0.384681 0.803175 0.593453 0.039947 -0.033580
1732543377.615863561630249 -0.841956 -2.356852 -0.384783 0.803162 0.593468 0.039939 -0.033625
1732543377.715862989425659 -0.841359 -2.356633 -0.384062 0.803156 0.593479 0.039913 -0.033602
1732543377.815862178802490 -0.840937 -2.357034 -0.383470 0.803143 0.593502 0.039895 -0.033549
1732543377.915861368179321 -0.841054 -2.356533 -0.384792 0.803151 0.593485 0.039948 -0.033585
1732543378.015860557556152 -0.841724 -2.357110 -0.384654 0.803158 0.593478 0.039949 -0.033553
1732543378.115859746932983 -0.841504 -2.356743 -0.384622 0.803152 0.593485 0.039965 -0.033546
1732543378.215858936309814 -0.842885 -2.358880 -0.385023 0.803160 0.593474 0.039983 -0.033510
1732543378.315858364105225 -0.843245 -2.359601 -0.383334 0.803159 0.593483 0.039857 -0.033530
1732543378.415857553482056 -0.843097 -2.359714 -0.385146 0.803163 0.593472 0.039978 -0.033508
1732543378.515856742858887 -0.843670 -2.359857 -0.384969 0.803168 0.593466 0.039951 -0.033527
1732543378.615855932235718 -0.842401 -2.359595 -0.384342 0.803154 0.593486 0.039902 -0.033541
1732543378.715855360031128 -0.843470 -2.360143 -0.385522 0.803168 0.593464 0.040006 -0.033491
1732543378.815854787826538 -0.842865 -2.360503 -0.384781 0.803155 0.593484 0.039986 -0.033472
1732543378.915853977203369 -0.843927 -2.360886 -0.382941 0.803166 0.593477 0.039819 -0.033510
1732543379.015853166580200 -0.842120 -2.358571 -0.385017 0.803158 0.593476 0.039975 -0.033540
1732543379.115852117538452 -0.843821 -2.360052 -0.383470 0.803184 0.593452 0.039883 -0.033465
1732543379.215851545333862 -0.841508 -2.357082 -0.384878 0.803170 0.593462 0.039954 -0.033529
1732543379.315850973129272 -0.841912 -2.357992 -0.383830 0.803163 0.593478 0.039916 -0.033463
1732543379.415850162506104 -0.841423 -2.355713 -0.384938 0.803174 0.593451 0.039866 -0.033740
1732543379.515849351882935 -0.840436 -2.356519 -0.382759 0.803126 0.593525 0.039719 -0.033741
1732543379.615848541259766 -0.842128 -2.356034 -0.384224 0.803169 0.593460 0.039814 -0.033772
1732543379.715847730636597 -0.840095 -2.355308 -0.384372 0.803132 0.593509 0.039840 -0.033752
1732543379.815846920013428 -0.840660 -2.355635 -0.383247 0.803131 0.593513 0.039744 -0.033816
1732543379.915846586227417 -0.841327 -2.355957 -0.384865 0.803153 0.593477 0.039889 -0.033750
1732543380.015845775604248 -0.842159 -2.356470 -0.384022 0.803155 0.593480 0.039812 -0.033748
1732543380.115844726562500 -0.840640 -2.355871 -0.383788 0.803132 0.593509 0.039790 -0.033804
1732543380.215843915939331 -0.842321 -2.356688 -0.383768 0.803164 0.593468 0.039802 -0.033746
1732543380.315843105316162 -0.841604 -2.357368 -0.383743 0.803142 0.593500 0.039817 -0.033696
1732543380.415842771530151 -0.841108 -2.356032 -0.384929 0.803148 0.593484 0.039873 -0.033770
1732543380.515841960906982 -0.840820 -2.357613 -0.383553 0.803121 0.593528 0.039778 -0.033737
1732543380.615841150283813 -0.841608 -2.357502 -0.384270 0.803130 0.593514 0.039813 -0.033751
1732543380.715840339660645 -0.841895 -2.359217 -0.383400 0.803121 0.593531 0.039768 -0.033705
1732543380.815839529037476 -0.843012 -2.358103 -0.385772 0.803148 0.593482 0.039893 -0.033789
1732543380.915838718414307 -0.842406 -2.359610 -0.383251 0.803118 0.593536 0.039736 -0.033740
1732543381.015838146209717 -0.842085 -2.359184 -0.384529 0.803129 0.593515 0.039836 -0.033712
1732543381.115837574005127 -0.842913 -2.358498 -0.385054 0.803148 0.593486 0.039860 -0.033755
1732543381.215836524963379 -0.842348 -2.358703 -0.383984 0.803129 0.593516 0.039770 -0.033784
1732543381.315839290618896 -0.841296 -2.358382 -0.385024 0.803115 0.593530 0.039860 -0.033747
1732543381.415838718414307 -0.841736 -2.358457 -0.384535 0.803122 0.593523 0.039837 -0.033744
1732543381.515838146209717 -0.844011 -2.359716 -0.385263 0.803158 0.593472 0.039871 -0.033743
1732543381.615837574005127 -0.841501 -2.358312 -0.384010 0.803128 0.593515 0.039788 -0.033794
1732543381.715836524963379 -0.842709 -2.358800 -0.384919 0.803140 0.593496 0.039838 -0.033778
1732543381.815835952758789 -0.842370 -2.358276 -0.384473 0.803142 0.593496 0.039815 -0.033777
1732543381.915835142135620 -0.842407 -2.358017 -0.384516 0.803150 0.593486 0.039841 -0.033726
1732543382.015834808349609 -0.841803 -2.357409 -0.384008 0.803140 0.593499 0.039807 -0.033775
1732543382.115834236145020 -0.841593 -2.356238 -0.385211 0.803151 0.593477 0.039891 -0.033807
1732543382.215833187103271 -0.840034 -2.357571 -0.382996 0.803097 0.593562 0.039724 -0.033787
1732543382.315832614898682 -0.842505 -2.357902 -0.384932 0.803149 0.593483 0.039842 -0.033805
1732543382.415831804275513 -0.842373 -2.358831 -0.384365 0.803144 0.593492 0.039810 -0.033788
1732543382.515831470489502 -0.842101 -2.359225 -0.384564 0.803123 0.593515 0.039728 -0.033977
1732543382.615830898284912 -0.843492 -2.361279 -0.385023 0.803121 0.593518 0.039716 -0.034001
1732543382.715829849243164 -0.842920 -2.359332 -0.385509 0.803126 0.593506 0.039739 -0.034078
1732543382.815829277038574 -0.843504 -2.360604 -0.385488 0.803130 0.593503 0.039773 -0.033977
1732543382.915828704833984 -0.840750 -2.359030 -0.385227 0.803087 0.593560 0.039731 -0.034060
1732543383.015828132629395 -0.842751 -2.359877 -0.384585 0.803119 0.593521 0.039682 -0.034017
1732543383.115827322006226 -0.841893 -2.359800 -0.385811 0.803102 0.593540 0.039769 -0.034004
1732543383.215826511383057 -0.843388 -2.360506 -0.385383 0.803123 0.593512 0.039725 -0.034027
1732543383.315825939178467 -0.844048 -2.361435 -0.385740 0.803121 0.593516 0.039745 -0.033988
1732543383.415825366973877 -0.844720 -2.361475 -0.385827 0.803135 0.593495 0.039732 -0.034038
1732543383.515824556350708 -0.843410 -2.361600 -0.384899 0.803117 0.593525 0.039693 -0.034002
1732543383.615823984146118 -0.842961 -2.361107 -0.384430 0.803106 0.593540 0.039653 -0.034052
1732543383.715823173522949 -0.841981 -2.359808 -0.385719 0.803106 0.593534 0.039733 -0.034040
1732543383.815822601318359 -0.842228 -2.359324 -0.384767 0.803108 0.593534 0.039685 -0.034067
1732543383.915822029113770 -0.842117 -2.358650 -0.385334 0.803128 0.593503 0.039730 -0.034072
1732543384.015821456909180 -0.841721 -2.357932 -0.384187 0.803119 0.593520 0.039641 -0.034100
1732543384.115820407867432 -0.841178 -2.356924 -0.384602 0.803118 0.593521 0.039682 -0.034062
1732543384.215819835662842 -0.841052 -2.357281 -0.384734 0.803114 0.593524 0.039693 -0.034076
1732543384.315819025039673 -0.842253 -2.359126 -0.382619 0.803118 0.593531 0.039554 -0.034043
1732543384.415818691253662 -0.841286 -2.357545 -0.385024 0.803124 0.593510 0.039685 -0.034099
1732543384.515817880630493 -0.841218 -2.357082 -0.384691 0.803125 0.593510 0.039655 -0.034114
1732543384.615817070007324 -0.842013 -2.357792 -0.383995 0.803130 0.593508 0.039625 -0.034060
1732543384.715816497802734 -0.841161 -2.356700 -0.384302 0.803122 0.593516 0.039637 -0.034094
1732543384.815815687179565 -0.840562 -2.357111 -0.384383 0.803104 0.593540 0.039645 -0.034090
1732543384.915815353393555 -0.842382 -2.357597 -0.384715 0.803132 0.593501 0.039638 -0.034127
1732543385.015814781188965 -0.841023 -2.357549 -0.384701 0.803110 0.593532 0.039656 -0.034078
1732543385.115813732147217 -0.841266 -2.358340 -0.384825 0.803110 0.593531 0.039673 -0.034072
1732543385.215812921524048 -0.842730 -2.359661 -0.384411 0.803132 0.593504 0.039660 -0.034048
1732543385.315812349319458 -0.842807 -2.360438 -0.384509 0.803114 0.593530 0.039627 -0.034060
1732543385.415811777114868 -0.842019 -2.358950 -0.385313 0.803120 0.593517 0.039694 -0.034069
1732543385.515811204910278 -0.843170 -2.359622 -0.384778 0.803131 0.593505 0.039670 -0.034031
1732543385.615810394287109 -0.842231 -2.359233 -0.385056 0.803125 0.593510 0.039657 -0.034101
1732543385.715809822082520 -0.842924 -2.359665 -0.384389 0.803130 0.593507 0.039591 -0.034127
1732543385.815809249877930 -0.842166 -2.359576 -0.383949 0.803113 0.593530 0.039566 -0.034144
1732543385.915808677673340 -0.842494 -2.359167 -0.385068 0.803125 0.593509 0.039644 -0.034159
1732543386.015807867050171 -0.842677 -2.360457 -0.384047 0.803116 0.593527 0.039578 -0.034104
1732543386.115807056427002 -0.843417 -2.359707 -0.385313 0.803138 0.593490 0.039638 -0.034170
1732543386.215806245803833 -0.843188 -2.360729 -0.384379 0.803127 0.593511 0.039608 -0.034108
1732543386.315805912017822 -0.843426 -2.360186 -0.385014 0.803137 0.593494 0.039633 -0.034136
1732543386.415805101394653 -0.841998 -2.359752 -0.383367 0.803109 0.593538 0.039532 -0.034145
1732543386.515804529190063 -0.843019 -2.359339 -0.384537 0.803132 0.593500 0.039602 -0.034170
1732543386.615803718566895 -0.843678 -2.359805 -0.385417 0.803149 0.593475 0.039679 -0.034135
1732543386.715803146362305 -0.842598 -2.360218 -0.383743 0.803120 0.593520 0.039563 -0.034154
1732543386.815802574157715 -0.843748 -2.360036 -0.385022 0.803149 0.593476 0.039633 -0.034165
1732543386.915801763534546 -0.842340 -2.360779 -0.384203 0.803110 0.593533 0.039583 -0.034153
1732543387.015800952911377 -0.845351 -2.361395 -0.384706 0.803167 0.593456 0.039604 -0.034130
1732543387.115800142288208 -0.843661 -2.360149 -0.383589 0.803143 0.593490 0.039527 -0.034170
1732543387.215799570083618 -0.841662 -2.358565 -0.385530 0.803123 0.593509 0.039668 -0.034164
1732543387.315799236297607 -0.844577 -2.360437 -0.383832 0.803158 0.593469 0.039565 -0.034143
1732543387.415798425674438 -0.841610 -2.359089 -0.384276 0.803121 0.593517 0.039584 -0.034166
1732543387.515797615051270 -0.841191 -2.359007 -0.384309 0.803106 0.593538 0.039592 -0.034160
1732543387.615797042846680 -0.843182 -2.360570 -0.383757 0.803124 0.593516 0.039538 -0.034159
1732543387.715796232223511 -0.843936 -2.360575 -0.385009 0.803140 0.593490 0.039621 -0.034149
1732543387.815795898437500 -0.844365 -2.361037 -0.384463 0.803143 0.593488 0.039581 -0.034152
1732543387.915795087814331 -0.842866 -2.359588 -0.385051 0.803134 0.593496 0.039626 -0.034172
1732543388.015794277191162 -0.845433 -2.362525 -0.384552 0.803154 0.593473 0.039619 -0.034101
1732543388.115793466567993 -0.841204 -2.359274 -0.384274 0.803106 0.593537 0.039604 -0.034150
1732543388.215792894363403 -0.842093 -2.359302 -0.384476 0.803119 0.593520 0.039620 -0.034124
1732543388.315792322158813 -0.842396 -2.359418 -0.384683 0.803122 0.593515 0.039615 -0.034149
1732543388.415791749954224 -0.841829 -2.359243 -0.385641 0.803120 0.593514 0.039690 -0.034127
1732543388.515790939331055 -0.842572 -2.359472 -0.384254 0.803124 0.593512 0.039582 -0.034190
1732543388.615790128707886 -0.842680 -2.359259 -0.384286 0.803122 0.593517 0.039553 -0.034183
1732543388.715789794921875 -0.842742 -2.359836 -0.384819 0.803133 0.593490 0.039504 -0.034438
1732543388.815788984298706 -0.842674 -2.359349 -0.384331 0.803140 0.593483 0.039459 -0.034455
1732543388.915788412094116 -0.842416 -2.360335 -0.384849 0.803124 0.593500 0.039506 -0.034475
1732543389.015787601470947 -0.842019 -2.358884 -0.384612 0.803135 0.593488 0.039484 -0.034459
1732543389.115786790847778 -0.843334 -2.360236 -0.383784 0.803152 0.593469 0.039407 -0.034477
1732543389.215786457061768 -0.841132 -2.357955 -0.385375 0.803130 0.593489 0.039489 -0.034540
1732543389.315785646438599 -0.843607 -2.360969 -0.383751 0.803151 0.593472 0.039414 -0.034442
1732543389.415785074234009 -0.843793 -2.360646 -0.384149 0.803156 0.593463 0.039392 -0.034488
1732543389.515784025192261 -0.844429 -2.360859 -0.384982 0.803171 0.593441 0.039468 -0.034454
1732543389.615783452987671 -0.842258 -2.359138 -0.384641 0.803135 0.593488 0.039434 -0.034508
1732543389.715783119201660 -0.840539 -2.358249 -0.384836 0.803114 0.593515 0.039462 -0.034511
1732543389.815782308578491 -0.844183 -2.359581 -0.383739 0.803167 0.593450 0.039380 -0.034483
1732543389.915781497955322 -0.841469 -2.359080 -0.384204 0.803119 0.593513 0.039425 -0.034465
1732543390.015780687332153 -0.842737 -2.359769 -0.383714 0.803131 0.593498 0.039385 -0.034492
1732543390.115780115127563 -0.842606 -2.359619 -0.384399 0.803141 0.593481 0.039428 -0.034486
1732543390.215779781341553 -0.844107 -2.361294 -0.384025 0.803139 0.593487 0.039407 -0.034464
1732543390.315778970718384 -0.842711 -2.359917 -0.384417 0.803137 0.593486 0.039420 -0.034512
1732543390.415778160095215 -0.843270 -2.360746 -0.384700 0.803136 0.593490 0.039460 -0.034442
1732543390.515777349472046 -0.842813 -2.359530 -0.385405 0.803143 0.593473 0.039510 -0.034487
1732543390.615776777267456 -0.843086 -2.360051 -0.384797 0.803143 0.593478 0.039475 -0.034456
1732543390.715776443481445 -0.841594 -2.359154 -0.383864 0.803124 0.593506 0.039416 -0.034487
1732543390.815775632858276 -0.842246 -2.359114 -0.384816 0.803136 0.593484 0.039467 -0.034506
1732543390.915774822235107 -0.842470 -2.360684 -0.383496 0.803119 0.593515 0.039398 -0.034451
1732543391.015774011611938 -0.843507 -2.360891 -0.385025 0.803143 0.593476 0.039475 -0.034483
1732543391.115773439407349 -0.844270 -2.361308 -0.384190 0.803156 0.593463 0.039403 -0.034491
1732543391.215772867202759 -0.842945 -2.360752 -0.384581 0.803137 0.593487 0.039459 -0.034455
1732543391.315772294998169 -0.843565 -2.359924 -0.384822 0.803156 0.593458 0.039473 -0.034485
1732543391.415771245956421 -0.842295 -2.359049 -0.384603 0.803143 0.593477 0.039461 -0.034489
1732543391.515770673751831 -0.841376 -2.358333 -0.383967 0.803126 0.593501 0.039427 -0.034491
1732543391.615770101547241 -0.843264 -2.359845 -0.384427 0.803149 0.593472 0.039445 -0.034454
1732543391.715769529342651 -0.842880 -2.359342 -0.385352 0.803146 0.593470 0.039524 -0.034458
1732543391.815768957138062 -0.842286 -2.359878 -0.383331 0.803127 0.593485 0.039137 -0.035071
1732543391.915768146514893 -0.843059 -2.360782 -0.385934 0.803142 0.593458 0.039310 -0.035004
1732543392.015767335891724 -0.842329 -2.360094 -0.385215 0.803135 0.593467 0.039256 -0.035066
1732543392.115766525268555 -0.842946 -2.361255 -0.383788 0.803128 0.593485 0.039180 -0.035026
1732543392.215766191482544 -0.842355 -2.360127 -0.384117 0.803128 0.593481 0.039207 -0.035043
1732543392.315765380859375 -0.841890 -2.359081 -0.384859 0.803132 0.593472 0.039236 -0.035076
1732543392.415764570236206 -0.843064 -2.360229 -0.383716 0.803147 0.593460 0.039165 -0.035034
1732543392.515763998031616 -0.841568 -2.358546 -0.385361 0.803129 0.593473 0.039272 -0.035081
1732543392.615763664245605 -0.842752 -2.359692 -0.385096 0.803145 0.593456 0.039260 -0.035025
1732543392.715762853622437 -0.842553 -2.360397 -0.384384 0.803130 0.593479 0.039182 -0.035055
1732543392.815762042999268 -0.843253 -2.360398 -0.384362 0.803145 0.593458 0.039210 -0.035031
1732543392.915761232376099 -0.844326 -2.360484 -0.385578 0.803164 0.593427 0.039269 -0.035058
1732543393.015760421752930 -0.842410 -2.359917 -0.384505 0.803137 0.593468 0.039222 -0.035032
1732543393.115760087966919 -0.841452 -2.358605 -0.384303 0.803130 0.593478 0.039197 -0.035061
1732543393.215759515762329 -0.842048 -2.358793 -0.385241 0.803138 0.593464 0.039248 -0.035069
1732543393.315758705139160 -0.841845 -2.359101 -0.383869 0.803133 0.593477 0.039159 -0.035060
1732543393.415757894515991 -0.843311 -2.359448 -0.385111 0.803170 0.593421 0.039266 -0.035034
1732543393.515757083892822 -0.843775 -2.360123 -0.384417 0.803161 0.593437 0.039188 -0.035070
1732543393.615756750106812 -0.842491 -2.358809 -0.384480 0.803150 0.593451 0.039184 -0.035092
1732543393.715756177902222 -0.843906 -2.360959 -0.384592 0.803161 0.593438 0.039232 -0.034999
1732543393.815755128860474 -0.843398 -2.360034 -0.384277 0.803154 0.593445 0.039186 -0.035086
1732543393.915754556655884 -0.843409 -2.359877 -0.384766 0.803166 0.593429 0.039237 -0.035028
1732543394.015753746032715 -0.841582 -2.357612 -0.385645 0.803153 0.593440 0.039266 -0.035101
1732543394.115753412246704 -0.840875 -2.358860 -0.384903 0.803126 0.593483 0.039236 -0.035032
1732543394.215752840042114 -0.844793 -2.360465 -0.384133 0.803185 0.593408 0.039157 -0.035050
1732543394.315751791000366 -0.841784 -2.358983 -0.384621 0.803137 0.593468 0.039213 -0.035055
1732543394.415751218795776 -0.842486 -2.359757 -0.385044 0.803144 0.593458 0.039246 -0.035035
1732543394.515750408172607 -0.842945 -2.359825 -0.384704 0.803149 0.593451 0.039207 -0.035082
1732543394.615750074386597 -0.842494 -2.359703 -0.384333 0.803140 0.593465 0.039176 -0.035082
1732543394.715749263763428 -0.842873 -2.360006 -0.384993 0.803144 0.593458 0.039250 -0.035023
1732543394.815748453140259 -0.841863 -2.358651 -0.385154 0.803142 0.593459 0.039245 -0.035056
1732543394.915747880935669 -0.841414 -2.359120 -0.383918 0.803134 0.593442 0.038790 -0.036021
1732543395.015747070312500 -0.842671 -2.359092 -0.384306 0.803165 0.593399 0.038808 -0.036028
1732543395.115746736526489 -0.841597 -2.360154 -0.384151 0.803132 0.593445 0.038806 -0.036008
1732543395.215745925903320 -0.843705 -2.360159 -0.385395 0.803174 0.593381 0.038877 -0.036031
1732543395.315745115280151 -0.843439 -2.360674 -0.384058 0.803169 0.593394 0.038761 -0.036067
1732543395.415744543075562 -0.843657 -2.361217 -0.385036 0.803161 0.593402 0.038872 -0.035994
1732543395.515743970870972 -0.843066 -2.360140 -0.384594 0.803168 0.593392 0.038838 -0.036034
1732543395.615743398666382 -0.842717 -2.360258 -0.383623 0.803156 0.593413 0.038749 -0.036047
1732543395.715742588043213 -0.843400 -2.359645 -0.384967 0.803187 0.593366 0.038836 -0.036061
1732543395.815741777420044 -0.843595 -2.360268 -0.384789 0.803176 0.593383 0.038832 -0.036013
1732543395.915740966796875 -0.841988 -2.359311 -0.384358 0.803153 0.593414 0.038810 -0.036027
1732543396.015740633010864 -0.843397 -2.359961 -0.385260 0.803170 0.593388 0.038871 -0.036023
1732543396.115740060806274 -0.842823 -2.359796 -0.383806 0.803158 0.593409 0.038761 -0.036073
1732543396.215739250183105 -0.843426 -2.361066 -0.384786 0.803166 0.593396 0.038845 -0.036013
1732543396.315736055374146 -0.842724 -2.360393 -0.384654 0.803162 0.593400 0.038826 -0.036038
1732543396.415735483169556 -0.842338 -2.360158 -0.384440 0.803156 0.593409 0.038834 -0.036022
1732543396.515734910964966 -0.842372 -2.360221 -0.384152 0.803152 0.593417 0.038820 -0.035997
1732543396.615734100341797 -0.842109 -2.359378 -0.383116 0.803148 0.593426 0.038707 -0.036074
1732543396.715733289718628 -0.841935 -2.358483 -0.384551 0.803161 0.593401 0.038816 -0.036072
1732543396.815732955932617 -0.843741 -2.360264 -0.385373 0.803174 0.593383 0.038872 -0.036014
1732543396.915732145309448 -0.842667 -2.360092 -0.383530 0.803149 0.593425 0.038729 -0.036053
1732543397.015731573104858 -0.841019 -2.359001 -0.385079 0.803136 0.593433 0.038837 -0.036065
1732543397.115730524063110 -0.843963 -2.361378 -0.384528 0.803169 0.593394 0.038807 -0.036016
1732543397.215729951858521 -0.843064 -2.360637 -0.383595 0.803160 0.593408 0.038739 -0.036046
1732543397.315729618072510 -0.843838 -2.360609 -0.383742 0.803171 0.593394 0.038744 -0.036052
1732543397.415728807449341 -0.842831 -2.359817 -0.385258 0.803161 0.593400 0.038870 -0.036027
1732543397.515727996826172 -0.843007 -2.360045 -0.383920 0.803163 0.593402 0.038772 -0.036047
1732543397.615727186203003 -0.842116 -2.360097 -0.384678 0.803149 0.593420 0.038842 -0.035998
1732543397.715726613998413 -0.842176 -2.360008 -0.384467 0.803143 0.593426 0.038822 -0.036037
1732543397.815726280212402 -0.842320 -2.360660 -0.384430 0.803146 0.593424 0.038835 -0.036012
1732543397.915725469589233 -0.844328 -2.360692 -0.385655 0.803177 0.593376 0.038895 -0.036041
1732543398.015724658966064 -0.842899 -2.360235 -0.384956 0.803168 0.593346 0.038357 -0.037285
1732543398.115723848342896 -0.842780 -2.359617 -0.385286 0.803174 0.593335 0.038391 -0.037300
1732543398.215723276138306 -0.843924 -2.361345 -0.384889 0.803186 0.593323 0.038370 -0.037249
1732543398.315722703933716 -0.840956 -2.359068 -0.385172 0.803149 0.593369 0.038410 -0.037279
1732543398.415722131729126 -0.842671 -2.360659 -0.383671 0.803160 0.593362 0.038294 -0.037261
1732543398.515721082687378 -0.842473 -2.358948 -0.386726 0.803187 0.593309 0.038487 -0.037321
1732543398.615720510482788 -0.842474 -2.360473 -0.385350 0.803169 0.593345 0.038426 -0.037226
1732543398.715719938278198 -0.842002 -2.359909 -0.385423 0.803166 0.593345 0.038405 -0.037297
1732543398.815719366073608 -0.842895 -2.360662 -0.384951 0.803174 0.593338 0.038372 -0.037271
1732543398.915718793869019 -0.842642 -2.360833 -0.383690 0.803165 0.593358 0.038288 -0.037248
1732543399.015717983245850 -0.843334 -2.360518 -0.385096 0.803184 0.593324 0.038379 -0.037272
1732543399.115717172622681 -0.841017 -2.358396 -0.385438 0.803159 0.593354 0.038381 -0.037331
1732543399.215716361999512 -0.842929 -2.360600 -0.384076 0.803173 0.593345 0.038315 -0.037247
1732543399.315716028213501 -0.842917 -2.359927 -0.385300 0.803182 0.593326 0.038379 -0.037285
1732543399.415715217590332 -0.842752 -2.360222 -0.383943 0.803173 0.593343 0.038297 -0.037276
1732543399.515714406967163 -0.842588 -2.360124 -0.384306 0.803174 0.593342 0.038337 -0.037249
1732543399.615713834762573 -0.843485 -2.360353 -0.384752 0.803186 0.593322 0.038343 -0.037291
1732543399.715713500976562 -0.842035 -2.360317 -0.384330 0.803163 0.593357 0.038337 -0.037247
1732543399.815712690353394 -0.843508 -2.361023 -0.385356 0.803182 0.593326 0.038392 -0.037263
1732543399.915712118148804 -0.842338 -2.359818 -0.384904 0.803165 0.593350 0.038345 -0.037294
1732543400.015711069107056 -0.845092 -2.361757 -0.384354 0.803205 0.593299 0.038320 -0.037263
1732543400.115710496902466 -0.842793 -2.359937 -0.384804 0.803174 0.593338 0.038359 -0.037270
1732543400.215709686279297 -0.842657 -2.360814 -0.384035 0.803171 0.593348 0.038325 -0.037237
1732543400.315708875656128 -0.843384 -2.360404 -0.384661 0.803186 0.593322 0.038349 -0.037282
1732543400.415708065032959 -0.842792 -2.360031 -0.384561 0.803178 0.593335 0.038329 -0.037284
1732543400.515707254409790 -0.842703 -2.359595 -0.385193 0.803178 0.593331 0.038369 -0.037302
1732543400.615706682205200 -0.844539 -2.361220 -0.384582 0.803206 0.593297 0.038325 -0.037276
1732543400.715705871582031 -0.842329 -2.360313 -0.384872 0.803165 0.593352 0.038372 -0.037245
1732543400.815705299377441 -0.843363 -2.361006 -0.384099 0.803185 0.593328 0.038303 -0.037268
1732543400.915704727172852 -0.842576 -2.359857 -0.384379 0.803187 0.593323 0.038304 -0.037304
1732543401.015703916549683 -0.842967 -2.360701 -0.383913 0.803178 0.593338 0.038292 -0.037271
1732543401.115703105926514 -0.842738 -2.359682 -0.384883 0.803188 0.593290 0.038092 -0.038011
1732543401.215702533721924 -0.845020 -2.362053 -0.384096 0.803213 0.593262 0.038069 -0.037935
1732543401.315701961517334 -0.842690 -2.359645 -0.384776 0.803186 0.593291 0.038071 -0.038051
1732543401.415701389312744 -0.843225 -2.360234 -0.384445 0.803196 0.593281 0.038063 -0.038015
1732543401.515700578689575 -0.843745 -2.361249 -0.384206 0.803194 0.593286 0.038069 -0.037965
1732543401.615699768066406 -0.842296 -2.359887 -0.384393 0.803183 0.593299 0.038069 -0.038007
1732543401.715699195861816 -0.843089 -2.360455 -0.383471 0.803193 0.593289 0.038013 -0.037995
1732543401.815698623657227 -0.842906 -2.360263 -0.383599 0.803191 0.593292 0.038000 -0.038014
1732543401.915698051452637 -0.844028 -2.360754 -0.384815 0.803207 0.593265 0.038105 -0.037975
1732543402.015697002410889 -0.843249 -2.360585 -0.384126 0.803193 0.593288 0.038041 -0.037992
1732543402.115696430206299 -0.841903 -2.358786 -0.384311 0.803186 0.593293 0.038041 -0.038062
1732543402.215696096420288 -0.842478 -2.359255 -0.384470 0.803189 0.593290 0.038065 -0.038020
1732543402.315695285797119 -0.843849 -2.361688 -0.384286 0.803192 0.593289 0.038046 -0.037978
1732543402.415694713592529 -0.843047 -2.360170 -0.384019 0.803195 0.593285 0.038026 -0.038011
1732543402.515693664550781 -0.842809 -2.359798 -0.384813 0.803194 0.593281 0.038082 -0.038031
1732543402.615693092346191 -0.843110 -2.361081 -0.383977 0.803182 0.593304 0.038031 -0.037985
1732543402.715692758560181 -0.842631 -2.359683 -0.384648 0.803183 0.593297 0.038078 -0.038019
1732543402.815691947937012 -0.843866 -2.361539 -0.385115 0.803193 0.593285 0.038113 -0.037969
1732543402.915691375732422 -0.842880 -2.360865 -0.383675 0.803179 0.593309 0.038004 -0.037994
1732543403.015690326690674 -0.842207 -2.359843 -0.385086 0.803178 0.593302 0.038090 -0.038033
1732543403.115689754486084 -0.843351 -2.361314 -0.384835 0.803192 0.593287 0.038081 -0.037984
1732543403.215689182281494 -0.843161 -2.360747 -0.384423 0.803192 0.593288 0.038067 -0.037977
1732543403.315688610076904 -0.843697 -2.359981 -0.384205 0.803207 0.593267 0.038032 -0.038034
1732543403.415687799453735 -0.841674 -2.359462 -0.383954 0.803174 0.593312 0.038042 -0.038006
1732543403.515686988830566 -0.842781 -2.359956 -0.384465 0.803200 0.593276 0.038058 -0.038006
1732543403.615686416625977 -0.842951 -2.360005 -0.384946 0.803202 0.593272 0.038091 -0.038001
1732543403.715685844421387 -0.843407 -2.360518 -0.383782 0.803202 0.593277 0.038014 -0.037991
1732543403.815685272216797 -0.842896 -2.359328 -0.384928 0.803205 0.593267 0.038083 -0.038020
1732543403.915684461593628 -0.843417 -2.360263 -0.385544 0.803201 0.593271 0.038139 -0.037992
1732543404.015683650970459 -0.841917 -2.359404 -0.383152 0.803183 0.593304 0.037963 -0.038031
1732543404.115683078765869 -0.842294 -2.359789 -0.384449 0.803185 0.593297 0.038045 -0.038017
1732543404.215682506561279 -0.842216 -2.359303 -0.385125 0.803193 0.593246 0.037851 -0.038830
1732543404.315681695938110 -0.842991 -2.360377 -0.384407 0.803206 0.593235 0.037827 -0.038755
1732543404.415680885314941 -0.841491 -2.358830 -0.384041 0.803202 0.593239 0.037804 -0.038798
1732543404.515680313110352 -0.841514 -2.358907 -0.384524 0.803187 0.593256 0.037831 -0.038832
1732543404.615679740905762 -0.842468 -2.359257 -0.383917 0.803204 0.593235 0.037807 -0.038801
1732543404.715679168701172 -0.841730 -2.358808 -0.383873 0.803197 0.593246 0.037791 -0.038820
1732543404.815678596496582 -0.841561 -2.359158 -0.384214 0.803184 0.593261 0.037781 -0.038857
1732543404.915677547454834 -0.841932 -2.359840 -0.385054 0.803190 0.593253 0.037858 -0.038781
1732543405.015676975250244 -0.840701 -2.358845 -0.384538 0.803199 0.593242 0.037792 -0.038833
1732543405.115676164627075 -0.842994 -2.360858 -0.383689 0.803211 0.593228 0.037772 -0.038797
1732543405.215675830841064 -0.841768 -2.359262 -0.384943 0.803192 0.593249 0.037855 -0.038802
1732543405.315675020217896 -0.842818 -2.360114 -0.384133 0.803204 0.593236 0.037783 -0.038824
1732543405.415674209594727 -0.842866 -2.360347 -0.384269 0.803204 0.593237 0.037812 -0.038784
1732543405.515673398971558 -0.841815 -2.358576 -0.385257 0.803195 0.593242 0.037878 -0.038811
1732543405.615673303604126 -0.842607 -2.359321 -0.384728 0.803202 0.593236 0.037829 -0.038830
1732543405.715672492980957 -0.842866 -2.360715 -0.384078 0.803190 0.593258 0.037768 -0.038780
1732543405.815671920776367 -0.842622 -2.359524 -0.384524 0.803192 0.593251 0.037813 -0.038824
1732543405.915670871734619 -0.843182 -2.360894 -0.384094 0.803198 0.593245 0.037812 -0.038775
1732543406.015670061111450 -0.843967 -2.360754 -0.384440 0.803206 0.593233 0.037836 -0.038766
1732543406.115669727325439 -0.843112 -2.360271 -0.384231 0.803190 0.593253 0.037821 -0.038797
1732543406.215669155120850 -0.842196 -2.360178 -0.383372 0.803170 0.593286 0.037753 -0.038795
1732543406.315665245056152 -0.842933 -2.359585 -0.384867 0.803203 0.593233 0.037847 -0.038811
1732543406.415664672851562 -0.842748 -2.359596 -0.385168 0.803203 0.593233 0.037864 -0.038804
1732543406.515663862228394 -0.843251 -2.359864 -0.384248 0.803203 0.593235 0.037796 -0.038837
1732543406.615663528442383 -0.842973 -2.360280 -0.384493 0.803201 0.593240 0.037835 -0.038778
1732543406.715662717819214 -0.843501 -2.360335 -0.384240 0.803215 0.593221 0.037809 -0.038796
1732543406.815661907196045 -0.842427 -2.360178 -0.384089 0.803189 0.593258 0.037792 -0.038787
1732543406.915661334991455 -0.842214 -2.358820 -0.383831 0.803195 0.593248 0.037763 -0.038847
1732543407.015660762786865 -0.843274 -2.359864 -0.385325 0.803217 0.593214 0.037901 -0.038771
1732543407.115660190582275 -0.841858 -2.359331 -0.383632 0.803184 0.593265 0.037754 -0.038822
1732543407.215659379959106 -0.841882 -2.358792 -0.384050 0.803187 0.593257 0.037779 -0.038848
1732543407.315658569335938 -0.842806 -2.359641 -0.385006 0.803209 0.593218 0.037785 -0.038994
1732543407.415657997131348 -0.843228 -2.360743 -0.383442 0.803198 0.593240 0.037668 -0.038977
1732543407.515657424926758 -0.842321 -2.359621 -0.384665 0.803190 0.593243 0.037742 -0.039027
1732543407.615656852722168 -0.843088 -2.361006 -0.384555 0.803198 0.593237 0.037743 -0.038967
1732543407.715655803680420 -0.842214 -2.360066 -0.384284 0.803185 0.593254 0.037719 -0.038991
1732543407.815655231475830 -0.842481 -2.360235 -0.384068 0.803185 0.593255 0.037710 -0.038999
1732543407.915654659271240 -0.841826 -2.359610 -0.385302 0.803173 0.593265 0.037785 -0.038999
1732543408.015654087066650 -0.843162 -2.359544 -0.384554 0.803199 0.593233 0.037748 -0.039008
1732543408.115653514862061 -0.842457 -2.360462 -0.383702 0.803176 0.593269 0.037704 -0.038973
1732543408.215652465820312 -0.843475 -2.360150 -0.384452 0.803217 0.593210 0.037759 -0.038967
1732543408.315651893615723 -0.840551 -2.357568 -0.385073 0.803179 0.593254 0.037790 -0.039046
1732543408.415651082992554 -0.843229 -2.360747 -0.384289 0.803198 0.593239 0.037759 -0.038916
1732543408.515650749206543 -0.841759 -2.359570 -0.383658 0.803176 0.593268 0.037701 -0.038992
1732543408.615650177001953 -0.841734 -2.359638 -0.384464 0.803177 0.593265 0.037769 -0.038955
1732543408.715649127960205 -0.843299 -2.359875 -0.384517 0.803207 0.593223 0.037742 -0.039009
1732543408.815648555755615 -0.843579 -2.360113 -0.384201 0.803204 0.593229 0.037750 -0.038961
1732543408.915647745132446 -0.842289 -2.358805 -0.384605 0.803184 0.593250 0.037742 -0.039053
1732543409.015647411346436 -0.842428 -2.359659 -0.384661 0.803184 0.593253 0.037773 -0.038973
1732543409.115646839141846 -0.841153 -2.358523 -0.384308 0.803181 0.593257 0.037727 -0.039030
1732543409.215645790100098 -0.841452 -2.359865 -0.384025 0.803171 0.593275 0.037717 -0.038970
1732543409.315645217895508 -0.842002 -2.360042 -0.385526 0.803202 0.593225 0.037841 -0.038957
1732543409.415644407272339 -0.841625 -2.359039 -0.385739 0.803186 0.593245 0.037833 -0.039003
1732543409.515643835067749 -0.841739 -2.358531 -0.385222 0.803202 0.593225 0.037789 -0.039023
1732543409.615643262863159 -0.840266 -2.358252 -0.383845 0.803171 0.593274 0.037706 -0.038997
1732543409.715642452239990 -0.841471 -2.358572 -0.385150 0.803192 0.593242 0.037814 -0.038946
1732543409.815641880035400 -0.841006 -2.358895 -0.385012 0.803176 0.593263 0.037814 -0.038946
