# timestamp(s) tx ty tz qx qy qz qw
1731331875.043103933334351 0.000040 0.000120 -0.000328 0.789689 -0.609044 -0.000133 -0.073866
1731331875.143103837966919 0.000854 0.001247 0.004739 0.788166 -0.611120 -0.000839 -0.072978
1731331875.243103742599487 0.003493 0.000893 0.009266 0.786364 -0.613057 -0.006563 -0.075829
1731331875.343103408813477 0.003719 0.002188 0.013631 0.784883 -0.614863 -0.011749 -0.075922
1731331875.443103313446045 0.004661 0.003182 0.016963 0.783510 -0.616637 -0.016949 -0.074728
1731331875.543103218078613 0.005219 0.004541 0.021846 0.782443 -0.617776 -0.018268 -0.076167
1731331875.643103122711182 0.005186 0.006062 0.024245 0.781570 -0.618822 -0.019782 -0.076270
1731331875.743102788925171 0.005084 0.006764 0.027205 0.780735 -0.619779 -0.021094 -0.076693
1731331875.843102693557739 0.006249 0.007784 0.030124 0.779958 -0.620763 -0.022235 -0.076319
1731331875.943102836608887 0.006412 0.009232 0.032111 0.779234 -0.621655 -0.022532 -0.076368
1731331876.043102502822876 0.007495 0.010053 0.034347 0.778520 -0.622525 -0.023044 -0.076413
1731331876.143102169036865 0.008409 0.010572 0.036939 0.777707 -0.623512 -0.023465 -0.076507
1731331876.243101835250854 0.008136 0.010917 0.039628 0.776897 -0.624478 -0.023488 -0.076858
1731331876.343101978302002 0.008555 0.011357 0.040862 0.776208 -0.625328 -0.023496 -0.076905
1731331876.443101644515991 0.009802 0.011695 0.042750 0.775438 -0.626285 -0.023673 -0.076830
1731331876.543101549148560 0.011015 0.012334 0.044513 0.774783 -0.627101 -0.023700 -0.076773
1731331876.643101453781128 0.011050 0.013007 0.046262 0.774238 -0.627768 -0.023604 -0.076849
1731331876.743101119995117 0.012073 0.013178 0.049202 0.773686 -0.628435 -0.023638 -0.076941
1731331876.843101024627686 0.012338 0.014118 0.051779 0.773206 -0.629020 -0.023533 -0.077024
1731331876.943100929260254 0.012889 0.014109 0.054406 0.772819 -0.629467 -0.023512 -0.077256
1731331877.043100833892822 0.013136 0.014334 0.056357 0.772488 -0.629857 -0.023449 -0.077412
1731331877.143100738525391 0.013833 0.015257 0.057692 0.772105 -0.630326 -0.023393 -0.077434
1731331877.243100643157959 0.015403 0.015066 0.060036 0.771667 -0.630859 -0.023497 -0.077424
1731331877.343100309371948 0.015428 0.015724 0.062233 0.771342 -0.631240 -0.023423 -0.077584
1731331877.443100214004517 0.016214 0.015558 0.063674 0.771038 -0.631604 -0.023384 -0.077650
1731331877.543100118637085 0.017304 0.016055 0.065362 0.770721 -0.631992 -0.023386 -0.077643
1731331877.643099784851074 0.017438 0.015747 0.067636 0.770451 -0.632306 -0.023351 -0.077776
1731331877.743099689483643 0.016794 0.016469 0.068943 0.770184 -0.632629 -0.023274 -0.077818
1731331877.843099594116211 0.017431 0.016442 0.070664 0.769941 -0.632927 -0.023272 -0.077803
1731331877.943099021911621 0.016022 0.017285 0.070984 0.769716 -0.633201 -0.023212 -0.077817
1731331878.043099164962769 0.015148 0.017712 0.071840 0.769478 -0.633485 -0.023209 -0.077855
1731331878.143099069595337 0.014488 0.018215 0.072023 0.769250 -0.633763 -0.023179 -0.077859
1731331878.243098974227905 0.013862 0.018339 0.072479 0.769023 -0.634034 -0.023144 -0.077905
1731331878.343101263046265 0.013548 0.018452 0.072243 0.768806 -0.634301 -0.023077 -0.077887
1731331878.443101167678833 0.013351 0.018374 0.072465 0.768566 -0.634583 -0.023051 -0.077967
1731331878.543101072311401 0.013208 0.018550 0.072107 0.768351 -0.634844 -0.022978 -0.077984
1731331878.643101215362549 0.013096 0.018495 0.071702 0.768163 -0.635069 -0.022938 -0.078012
1731331878.743101119995117 0.013252 0.018348 0.071439 0.767970 -0.635301 -0.022838 -0.078060
1731331878.843101024627686 0.013433 0.018274 0.070772 0.767778 -0.635535 -0.022806 -0.078051
1731331878.943100929260254 0.014102 0.017869 0.070490 0.767584 -0.635765 -0.022745 -0.078108
1731331879.043101072311401 0.014838 0.017525 0.070037 0.767394 -0.635987 -0.022696 -0.078185
1731331879.143100976943970 0.015534 0.017259 0.069161 0.767234 -0.636182 -0.022652 -0.078171
1731331879.243100881576538 0.015973 0.016929 0.067981 0.767084 -0.636372 -0.022671 -0.078088
1731331879.343101024627686 0.016491 0.016391 0.067015 0.766925 -0.636572 -0.022670 -0.078022
1731331879.443100929260254 0.017221 0.015950 0.065821 0.766744 -0.636796 -0.022654 -0.077982
1731331879.543100833892822 0.017990 0.015434 0.064623 0.766557 -0.637032 -0.022616 -0.077899
1731331879.643100738525391 0.019144 0.014943 0.063582 0.766353 -0.637282 -0.022649 -0.077861
1731331879.743100643157959 0.020162 0.014613 0.062219 0.766184 -0.637489 -0.022608 -0.077844
1731331879.843100786209106 0.020657 0.014234 0.060928 0.765987 -0.637731 -0.022602 -0.077797
1731331879.943100452423096 0.020922 0.013679 0.059336 0.765818 -0.637958 -0.022552 -0.077612
1731331880.043100595474243 0.021379 0.013172 0.057888 0.765640 -0.638183 -0.022505 -0.077535
1731331880.143100500106812 0.022327 0.012747 0.056558 0.765484 -0.638374 -0.022413 -0.077525
1731331880.243100643157959 0.023212 0.012394 0.055207 0.765348 -0.638536 -0.022307 -0.077563
1731331880.343100786209106 0.023618 0.012016 0.053772 0.765232 -0.638679 -0.022272 -0.077539
1731331880.443100452423096 0.023799 0.011671 0.052099 0.765118 -0.638826 -0.022211 -0.077476
1731331880.543100357055664 0.024354 0.011342 0.050515 0.765012 -0.638963 -0.022131 -0.077415
1731331880.643100261688232 0.025182 0.011046 0.049123 0.764895 -0.639100 -0.022049 -0.077464
1731331880.743100166320801 0.026122 0.010725 0.047461 0.764794 -0.639227 -0.021940 -0.077439
1731331880.843100309371948 0.026637 0.010341 0.045892 0.764698 -0.639349 -0.021858 -0.077408
1731331880.943100214004517 0.026976 0.009992 0.044372 0.764577 -0.639500 -0.021784 -0.077376
1731331881.043100357055664 0.028036 0.009751 0.042914 0.764442 -0.639671 -0.021706 -0.077320
1731331881.143100261688232 0.028613 0.009499 0.041323 0.764328 -0.639812 -0.021632 -0.077297
1731331881.243100166320801 0.027662 0.007542 0.045049 0.762637 -0.641708 -0.021645 -0.078274
1731331881.343095779418945 0.033310 -0.001582 0.056535 0.762893 -0.642191 -0.033128 -0.066991
1731331881.443095922470093 0.042350 -0.008428 0.054151 0.762305 -0.642866 -0.034308 -0.066604
1731331881.543095588684082 0.056992 -0.005668 0.060492 0.764265 -0.641278 -0.032288 -0.060153
1731331881.643095493316650 0.068046 -0.002806 0.073251 0.766380 -0.639648 -0.029926 -0.051148
1731331881.743095636367798 0.076280 -0.001233 0.084639 0.768188 -0.638189 -0.026728 -0.043455
1731331881.843095541000366 0.081603 0.000127 0.090917 0.769555 -0.636959 -0.025109 -0.037911
1731331881.943095445632935 0.085934 0.000216 0.093486 0.770970 -0.635501 -0.024423 -0.033882
1731331882.043095350265503 0.091277 -0.001306 0.094734 0.772328 -0.634003 -0.024310 -0.030966
1731331882.143095493316650 0.095380 -0.002160 0.094287 0.773488 -0.632698 -0.023681 -0.029137
1731331882.243095397949219 0.099822 -0.002871 0.094197 0.774676 -0.631315 -0.023779 -0.027448
1731331882.343095302581787 0.103743 -0.003139 0.093315 0.775645 -0.630171 -0.023856 -0.026274
1731331882.443095207214355 0.106860 -0.002664 0.092479 0.776156 -0.629591 -0.023680 -0.025244
1731331882.543095111846924 0.109438 -0.002051 0.092231 0.776871 -0.628740 -0.023468 -0.024625
1731331882.643095016479492 0.110518 -0.002702 0.091840 0.777479 -0.628010 -0.023429 -0.024093
1731331882.743094921112061 0.112245 -0.002067 0.091256 0.778203 -0.627125 -0.023390 -0.023794
1731331882.843095064163208 0.113969 -0.001321 0.090638 0.778611 -0.626626 -0.023421 -0.023604
1731331882.943094968795776 0.116507 -0.000823 0.090121 0.779036 -0.626109 -0.023359 -0.023312
1731331883.043095111846924 0.116927 -0.000051 0.089228 0.779470 -0.625576 -0.023282 -0.023228
1731331883.143095016479492 0.119415 0.000774 0.089033 0.779783 -0.625194 -0.023209 -0.023077
1731331883.243094921112061 0.121598 0.000175 0.088528 0.780223 -0.624643 -0.023175 -0.023146
1731331883.343094825744629 0.123225 0.001251 0.088767 0.780341 -0.624506 -0.022965 -0.023073
1731331883.443094730377197 0.123211 0.001625 0.089308 0.780599 -0.624191 -0.022764 -0.023100
1731331883.543094635009766 0.123335 0.002169 0.089465 0.780987 -0.623711 -0.022625 -0.023079
1731331883.643094778060913 0.124839 0.003612 0.090524 0.781593 -0.622985 -0.022232 -0.022540
1731331883.743094682693481 0.127547 0.003747 0.091022 0.781814 -0.622708 -0.021986 -0.022759
1731331883.843094587326050 0.127606 0.004171 0.090278 0.781927 -0.622566 -0.021828 -0.022908
1731331883.943094491958618 0.128125 0.005309 0.089470 0.782184 -0.622255 -0.021550 -0.022861
1731331884.043094635009766 0.129289 0.005314 0.090160 0.782352 -0.622050 -0.021356 -0.022888
1731331884.143094539642334 0.130629 0.003701 0.088966 0.782021 -0.622472 -0.020930 -0.023092
1731331884.243094444274902 0.145775 -0.004098 0.078423 0.780958 -0.623553 -0.029092 -0.020970
1731331884.343094348907471 0.161729 -0.031750 0.076263 0.779903 -0.624748 -0.033582 -0.017736
1731331884.443094491958618 0.181175 -0.070315 0.072204 0.778407 -0.626453 -0.035664 -0.019178
1731331884.543094158172607 0.215832 -0.119582 0.049814 0.778597 -0.625576 -0.044555 -0.021354
1731331884.643094301223755 0.239077 -0.166604 0.028540 0.780100 -0.623822 -0.039884 -0.026447
1731331884.743094205856323 0.262005 -0.205940 0.019798 0.781140 -0.622265 -0.042157 -0.028793
1731331884.843094110488892 0.285930 -0.248374 0.009803 0.781874 -0.621341 -0.041244 -0.030111
1731331884.943094015121460 0.306957 -0.296974 -0.001997 0.781985 -0.621102 -0.038705 -0.035128
1731331885.043094158172607 0.321413 -0.348911 -0.017179 0.778650 -0.625137 -0.043062 -0.032456
1731331885.143094062805176 0.329071 -0.396244 -0.022679 0.775437 -0.629012 -0.043473 -0.033932
1731331885.243093967437744 0.332326 -0.441084 -0.029574 0.773646 -0.631264 -0.041462 -0.035473
1731331885.343082427978516 0.338526 -0.489020 -0.039436 0.774156 -0.630699 -0.043045 -0.032368
1731331885.443082094192505 0.347203 -0.537272 -0.055162 0.780168 -0.623014 -0.041264 -0.038594
1731331885.543081760406494 0.357664 -0.585277 -0.064937 0.788036 -0.612902 -0.043146 -0.038582
1731331885.643081426620483 0.369264 -0.645566 -0.080940 0.795787 -0.602464 -0.044681 -0.041995
1731331885.743081331253052 0.384621 -0.698975 -0.096442 0.801736 -0.594531 -0.048767 -0.037069
1731331885.843080759048462 0.404053 -0.746706 -0.102614 0.809802 -0.583576 -0.048393 -0.036305
1731331885.943080425262451 0.437088 -0.790362 -0.111150 0.815800 -0.575286 -0.050416 -0.031224
1731331886.043080329895020 0.468143 -0.840306 -0.127660 0.822909 -0.565364 -0.046148 -0.032468
1731331886.143079996109009 0.493506 -0.883787 -0.142320 0.827565 -0.558313 -0.045835 -0.036362
1731331886.243079662322998 0.523080 -0.932961 -0.157955 0.829368 -0.555392 -0.046911 -0.038574
1731331886.343079328536987 0.554023 -0.993119 -0.178338 0.829609 -0.555030 -0.045263 -0.040518
1731331886.443078994750977 0.570310 -1.056910 -0.189750 0.826969 -0.559070 -0.048227 -0.035181
1731331886.543078660964966 0.591391 -1.108184 -0.197126 0.825253 -0.561807 -0.048776 -0.030859
1731331886.643078327178955 0.618261 -1.171441 -0.207762 0.824590 -0.562980 -0.048419 -0.027559
1731331886.743077993392944 0.650137 -1.242050 -0.227020 0.825884 -0.561278 -0.046251 -0.027278
1731331886.843077659606934 0.681322 -1.305092 -0.244392 0.828006 -0.557825 -0.046597 -0.032644
1731331886.943077325820923 0.708091 -1.361103 -0.263763 0.828879 -0.556147 -0.048962 -0.035540
1731331887.043077230453491 0.737529 -1.432146 -0.283690 0.829748 -0.554753 -0.047654 -0.038675
1731331887.143076896667480 0.764609 -1.500442 -0.295985 0.828149 -0.557197 -0.051031 -0.033134
1731331887.243076562881470 0.786296 -1.567216 -0.306728 0.827233 -0.558659 -0.050441 -0.032282
1731331887.343076467514038 0.823302 -1.633659 -0.326865 0.827614 -0.558357 -0.049664 -0.028733
1731331887.443075895309448 0.840727 -1.629408 -0.330359 0.830209 -0.554306 -0.050940 -0.030042
1731331887.543075561523438 0.855909 -1.586496 -0.327745 0.831287 -0.552540 -0.050249 -0.033704
1731331887.643075227737427 0.874733 -1.600322 -0.322031 0.831898 -0.551262 -0.050357 -0.038978
1731331887.743074893951416 0.900256 -1.661855 -0.335874 0.830829 -0.552863 -0.052822 -0.035705
1731331887.843074560165405 0.931311 -1.722380 -0.343520 0.830399 -0.553428 -0.054399 -0.034569
1731331887.943074226379395 0.958276 -1.795004 -0.352130 0.831308 -0.552475 -0.050960 -0.033199
1731331888.043074131011963 0.995154 -1.829226 -0.368309 0.834844 -0.547011 -0.050848 -0.035053
1731331888.143073797225952 1.028417 -1.871064 -0.384992 0.837605 -0.542521 -0.051306 -0.038152
1731331888.243073463439941 1.059780 -1.927044 -0.405444 0.840003 -0.538445 -0.050546 -0.043787
1731331888.343073129653931 1.086208 -1.994814 -0.420071 0.838938 -0.540328 -0.052368 -0.038558
1731331888.443072795867920 1.100558 -2.010830 -0.419675 0.838005 -0.541705 -0.055355 -0.035197
1731331888.543072462081909 1.123076 -2.025064 -0.423746 0.838175 -0.541410 -0.057737 -0.031687
1731331888.643072366714478 1.186854 -2.097752 -0.452915 0.840273 -0.538307 -0.056731 -0.030797
1731331888.743071794509888 1.205555 -2.094712 -0.457980 0.840927 -0.536943 -0.056873 -0.036053
1731331888.843071460723877 1.219117 -2.139120 -0.463671 0.840783 -0.537027 -0.055626 -0.039896
1731331888.943071126937866 1.244014 -2.192925 -0.481374 0.839511 -0.539053 -0.056257 -0.038451
1731331889.043071031570435 1.258315 -2.231715 -0.501935 0.838910 -0.539949 -0.057681 -0.036852
1731331889.143070697784424 1.275851 -2.278166 -0.520672 0.839681 -0.539298 -0.054172 -0.034051
1731331889.243070125579834 1.307124 -2.328846 -0.539012 0.842829 -0.534364 -0.055750 -0.031410
1731331889.343070030212402 1.334721 -2.373740 -0.558670 0.843231 -0.533439 -0.056760 -0.034391
1731331889.443069696426392 1.363992 -2.427683 -0.575636 0.843388 -0.532905 -0.058386 -0.036062
1731331889.543069362640381 1.392935 -2.476427 -0.590265 0.842998 -0.533176 -0.062798 -0.033669
1731331889.643069028854370 1.421890 -2.521607 -0.611695 0.843280 -0.532816 -0.061530 -0.034639
1731331889.743068695068359 1.460274 -2.573474 -0.637615 0.847519 -0.526500 -0.057675 -0.034378
1731331889.843068361282349 1.502433 -2.631328 -0.660104 0.849511 -0.523091 -0.057139 -0.037971
1731331889.943067789077759 1.533012 -2.702192 -0.678065 0.848245 -0.525898 -0.053804 -0.031881
1731331890.043067932128906 1.562381 -2.751740 -0.689713 0.845869 -0.529709 -0.056235 -0.027414
1731331890.143067359924316 1.551710 -2.728182 -0.684992 0.844879 -0.531096 -0.058534 -0.026287
1731331890.243067026138306 1.467951 -2.673579 -0.657012 0.848005 -0.526660 -0.052879 -0.026842
1731331890.343066930770874 1.473475 -2.675364 -0.651713 0.850709 -0.522208 -0.051643 -0.030442
1731331890.443066596984863 1.506308 -2.712561 -0.645912 0.850828 -0.522404 -0.049586 -0.026970
1731331890.543066024780273 1.530395 -2.746411 -0.626106 0.847197 -0.528264 -0.050832 -0.024707
1731331890.643065929412842 1.544180 -2.766021 -0.626111 0.845426 -0.530991 -0.051662 -0.025211
1731331890.743065595626831 1.600569 -2.839032 -0.648199 0.845807 -0.529315 -0.063853 -0.018931
1731331890.843065261840820 1.643605 -2.894262 -0.681780 0.848700 -0.523360 -0.071341 -0.026702
1731331890.943064928054810 1.672244 -2.949030 -0.704060 0.847754 -0.524568 -0.071703 -0.031628
1731331891.043064594268799 1.690621 -3.008419 -0.725828 0.839899 -0.536864 -0.073207 -0.031406
1731331891.143064260482788 1.697612 -3.052062 -0.734697 0.827327 -0.555618 -0.078227 -0.026444
1731331891.243063926696777 1.638887 -3.041868 -0.769162 0.814779 -0.573982 -0.076935 -0.027582
1731331891.343063831329346 1.636191 -3.094532 -0.793980 0.805742 -0.586725 -0.074221 -0.032009
1731331891.443063259124756 1.625814 -3.097618 -0.801276 0.793425 -0.603118 -0.073246 -0.036885
1731331891.543062925338745 1.615471 -3.120403 -0.813580 0.784583 -0.615236 -0.066497 -0.038629
1731331891.643062829971313 1.619453 -3.106000 -0.785320 0.780176 -0.620811 -0.068422 -0.035185
1731331891.743062496185303 1.677627 -3.133254 -0.752955 0.779179 -0.622133 -0.068236 -0.034263
1731331891.843061923980713 1.728836 -3.168052 -0.730516 0.778273 -0.623468 -0.066131 -0.034712
1731331891.943061828613281 1.758502 -3.203515 -0.722976 0.779346 -0.622756 -0.060390 -0.033896
1731331892.043061494827271 1.775988 -3.244506 -0.731268 0.778925 -0.623208 -0.060032 -0.035827
1731331892.143061161041260 1.788265 -3.282011 -0.723357 0.776295 -0.626187 -0.062231 -0.037184
1731331892.243060827255249 1.794303 -3.316495 -0.729353 0.775057 -0.627570 -0.063939 -0.036817
1731331892.343060493469238 1.812442 -3.360948 -0.735148 0.777346 -0.624342 -0.067787 -0.036545
1731331892.443060159683228 1.836664 -3.398742 -0.740042 0.781707 -0.618427 -0.068646 -0.042074
1731331892.543059825897217 1.848276 -3.429826 -0.748408 0.782355 -0.617352 -0.069688 -0.044051
1731331892.643059730529785 1.860111 -3.468069 -0.752240 0.781959 -0.618542 -0.063908 -0.043146
1731331892.743059158325195 1.877495 -3.509174 -0.763059 0.781480 -0.619021 -0.067067 -0.040059
1731331892.843059062957764 1.894605 -3.552132 -0.765331 0.783181 -0.617483 -0.061857 -0.038944
1731331892.943058729171753 1.922665 -3.618013 -0.765434 0.785311 -0.613866 -0.063688 -0.048974
1731331893.043058395385742 1.936053 -3.647620 -0.781976 0.786987 -0.610071 -0.069752 -0.059994
1731331893.143058061599731 1.953206 -3.673692 -0.781428 0.790498 -0.606496 -0.066111 -0.053892
1731331893.243057727813721 1.957158 -3.680014 -0.785755 0.788648 -0.607826 -0.071864 -0.058463
1731331893.343057394027710 1.955012 -3.694509 -0.792451 0.786906 -0.610279 -0.073926 -0.053609
1731331893.443057060241699 1.963796 -3.712570 -0.792108 0.786108 -0.611930 -0.070450 -0.051117
1731331893.543056726455688 1.975079 -3.735206 -0.796552 0.787747 -0.610227 -0.067837 -0.049760
1731331893.643056392669678 1.993746 -3.766674 -0.799027 0.787298 -0.610649 -0.068441 -0.050853
1731331893.743056058883667 2.002853 -3.797802 -0.801974 0.789389 -0.607930 -0.068227 -0.051295
1731331893.843055725097656 2.009870 -3.822009 -0.804074 0.792489 -0.603867 -0.072519 -0.045237
1731331893.943055629730225 2.019003 -3.839528 -0.809644 0.796626 -0.598409 -0.073529 -0.043441
1731331894.043055295944214 2.034567 -3.866403 -0.807778 0.806379 -0.586084 -0.067021 -0.042041
1731331894.143054962158203 2.057481 -3.887443 -0.812558 0.815941 -0.572356 -0.066981 -0.046503
1731331894.243054628372192 2.083560 -3.908003 -0.818229 0.824904 -0.559240 -0.065435 -0.050025
1731331894.343054294586182 2.107207 -3.929322 -0.830431 0.832593 -0.547454 -0.065696 -0.052603
1731331894.443053960800171 2.130901 -3.958972 -0.835589 0.834483 -0.544679 -0.069596 -0.046043
1731331894.543053627014160 2.156436 -3.988939 -0.838571 0.834037 -0.545413 -0.071874 -0.041727
1731331894.643053293228149 2.184856 -4.025863 -0.842891 0.836630 -0.542956 -0.062910 -0.035937
1731331894.743052959442139 2.214239 -4.066289 -0.853272 0.838836 -0.539422 -0.062588 -0.038231
1731331894.843052625656128 2.232201 -4.118536 -0.877192 0.839871 -0.537748 -0.061337 -0.041012
1731331894.943052291870117 2.263021 -4.188890 -0.883653 0.838625 -0.540248 -0.059415 -0.036188
1731331895.043052196502686 2.288685 -4.240855 -0.885561 0.837112 -0.542772 -0.060440 -0.031464
1731331895.143051862716675 2.314770 -4.298957 -0.897127 0.836861 -0.543196 -0.060748 -0.030202
1731331895.243051528930664 2.352309 -4.361365 -0.923718 0.837759 -0.541274 -0.067909 -0.023881
1731331895.343048810958862 2.378384 -4.413744 -0.951516 0.840477 -0.536280 -0.070650 -0.031802
1731331895.443048477172852 2.403267 -4.462879 -0.966952 0.841623 -0.534277 -0.070371 -0.035584
1731331895.543048143386841 2.429375 -4.519521 -0.971863 0.841397 -0.535526 -0.065515 -0.031169
1731331895.643048048019409 2.456848 -4.569554 -0.973059 0.840127 -0.537787 -0.065861 -0.025170
1731331895.743047475814819 2.491391 -4.628026 -0.982344 0.839387 -0.539657 -0.060550 -0.023104
1731331895.843047142028809 2.535027 -4.685037 -0.986690 0.840634 -0.538014 -0.057375 -0.024141
1731331895.943046808242798 2.558600 -4.719836 -1.008350 0.844906 -0.531146 -0.058334 -0.024796
1731331896.043046712875366 2.586535 -4.756559 -1.017128 0.848258 -0.525726 -0.058323 -0.025867
1731331896.143046379089355 2.620411 -4.806170 -1.030073 0.851429 -0.520444 -0.057817 -0.029395
1731331896.243046045303345 2.654416 -4.861950 -1.040607 0.851723 -0.520350 -0.056799 -0.024052
1731331896.343045711517334 2.685797 -4.902411 -1.044781 0.852247 -0.519949 -0.054980 -0.017487
1731331896.443045377731323 2.720187 -4.943808 -1.052597 0.853417 -0.518068 -0.055541 -0.014116
1731331896.543045043945312 2.757276 -4.979864 -1.067159 0.855904 -0.513938 -0.055638 -0.014187
1731331896.643044710159302 2.751263 -4.985013 -1.077338 0.854376 -0.516641 -0.053966 -0.014550
1731331896.743044376373291 2.769146 -5.014394 -1.084928 0.851177 -0.521935 -0.052905 -0.016825
1731331896.843044042587280 2.789559 -5.059407 -1.097915 0.847217 -0.528455 -0.049455 -0.022663
1731331896.943043470382690 2.828840 -5.120214 -1.094028 0.837795 -0.543405 -0.050594 -0.015851
1731331897.043043613433838 2.838998 -5.154448 -1.091226 0.828680 -0.557380 -0.048986 -0.014743
1731331897.143043041229248 2.839179 -5.180730 -1.089349 0.820037 -0.570358 -0.044478 -0.015925
1731331897.243043184280396 2.847627 -5.211616 -1.087964 0.817370 -0.574645 -0.037722 -0.016310
1731331897.343042612075806 2.863641 -5.247922 -1.098028 0.819440 -0.571776 -0.035032 -0.019029
1731331897.443042278289795 2.880517 -5.290549 -1.112628 0.821836 -0.568187 -0.036601 -0.020216
1731331897.543041944503784 2.902819 -5.346962 -1.123633 0.823813 -0.565121 -0.036240 -0.025642
1731331897.643041610717773 2.920898 -5.398794 -1.129018 0.823424 -0.565622 -0.038841 -0.023132
1731331897.743041276931763 2.950181 -5.448920 -1.126659 0.823534 -0.565430 -0.039778 -0.022328
1731331897.843040943145752 2.983383 -5.499055 -1.133689 0.823564 -0.564930 -0.046034 -0.021860
1731331897.943040609359741 3.009213 -5.546680 -1.139323 0.824956 -0.562848 -0.044200 -0.026391
1731331898.043040275573730 3.023473 -5.577845 -1.148956 0.826420 -0.560092 -0.047697 -0.032442
1731331898.143039941787720 3.043589 -5.603946 -1.152822 0.827203 -0.558684 -0.050292 -0.032833
1731331898.243039846420288 3.074529 -5.633408 -1.145998 0.824984 -0.562494 -0.047953 -0.026514
1731331898.343039512634277 3.100512 -5.678703 -1.144287 0.821702 -0.567231 -0.048703 -0.026149
1731331898.443038940429688 3.124789 -5.728630 -1.147704 0.819146 -0.570741 -0.050153 -0.027183
1731331898.543038606643677 3.156101 -5.789533 -1.162362 0.817094 -0.572428 -0.062026 -0.028928
1731331898.643038511276245 3.170127 -5.824042 -1.175197 0.816002 -0.573639 -0.061886 -0.035352
1731331898.743038177490234 3.183064 -5.865247 -1.182469 0.815174 -0.574559 -0.060597 -0.041247
1731331898.843037843704224 3.241687 -5.934376 -1.187166 0.813351 -0.577980 -0.052971 -0.039915
1731331898.943037509918213 3.261977 -5.968377 -1.188310 0.811219 -0.581224 -0.051080 -0.038635
1731331899.043037176132202 3.279825 -6.007863 -1.191906 0.810765 -0.582093 -0.047325 -0.039849
1731331899.143036842346191 3.300561 -6.066976 -1.196036 0.810805 -0.582499 -0.042748 -0.038244
1731331899.243036508560181 3.322556 -6.119909 -1.208835 0.812903 -0.579886 -0.038189 -0.038234
1731331899.343033075332642 3.348724 -6.182263 -1.217600 0.816209 -0.575059 -0.039816 -0.039052
1731331899.443032741546631 3.367737 -6.224181 -1.231104 0.818873 -0.571090 -0.039491 -0.041752
1731331899.543032407760620 3.392625 -6.285664 -1.241675 0.820906 -0.568639 -0.037734 -0.036580
1731331899.643031835556030 3.414472 -6.335185 -1.248860 0.819481 -0.571004 -0.036092 -0.033224
1731331899.743031501770020 3.435867 -6.386218 -1.254440 0.819220 -0.571512 -0.034850 -0.032219
1731331899.843030929565430 3.458187 -6.437115 -1.259286 0.819653 -0.571221 -0.030544 -0.030715
1731331899.943030834197998 3.485785 -6.485074 -1.262807 0.822790 -0.566861 -0.028700 -0.029343
1731331900.043030500411987 3.499648 -6.522683 -1.269468 0.825721 -0.562716 -0.025511 -0.029751
1731331900.143030166625977 3.510046 -6.548983 -1.278353 0.828982 -0.557802 -0.023540 -0.033037
1731331900.243029594421387 3.480537 -6.533105 -1.285926 0.829862 -0.556160 -0.025790 -0.036740
1731331900.343029260635376 3.503832 -6.578549 -1.291898 0.828562 -0.558293 -0.026801 -0.032798
1731331900.443028926849365 3.532930 -6.648796 -1.296931 0.828653 -0.558368 -0.024575 -0.030900
1731331900.543028593063354 3.556859 -6.697032 -1.310400 0.830038 -0.556748 -0.021324 -0.024796
1731331900.643028020858765 3.587915 -6.749461 -1.319462 0.833669 -0.551061 -0.022842 -0.028381
1731331900.743027687072754 3.600552 -6.752596 -1.329520 0.840199 -0.540836 -0.024424 -0.031079
1731331900.843027353286743 3.624326 -6.776834 -1.329737 0.847356 -0.529935 -0.021953 -0.025966
1731331900.943027019500732 3.671372 -6.843248 -1.331598 0.853762 -0.519737 -0.021551 -0.022350
1731331901.043026685714722 3.743498 -6.938071 -1.332258 0.860442 -0.508667 -0.021356 -0.021010
1731331901.143026351928711 3.802163 -7.003984 -1.333805 0.866274 -0.498761 -0.021292 -0.018799
1731331901.243026018142700 3.846968 -7.041498 -1.339129 0.873011 -0.486891 -0.022435 -0.016918
1731331901.343025445938110 3.880385 -7.073318 -1.341751 0.876557 -0.480339 -0.024699 -0.017682
1731331901.443025112152100 3.905428 -7.102549 -1.348040 0.878842 -0.476009 -0.025080 -0.020558
1731331901.543024778366089 3.938401 -7.142679 -1.355614 0.879849 -0.473792 -0.026357 -0.026323
1731331901.643024444580078 3.956798 -7.164984 -1.359877 0.879902 -0.473736 -0.027760 -0.024003
1731331901.743024110794067 3.985174 -7.206178 -1.362111 0.879880 -0.473815 -0.025496 -0.025688
1731331901.843023538589478 4.013846 -7.239587 -1.371960 0.880578 -0.472624 -0.025163 -0.024010
1731331901.943023204803467 4.048284 -7.271623 -1.380093 0.883013 -0.468211 -0.024109 -0.022004
1731331902.043022871017456 4.071388 -7.289008 -1.387179 0.884919 -0.464427 -0.025798 -0.023685
1731331902.143022537231445 4.097735 -7.308354 -1.398504 0.886170 -0.461796 -0.026483 -0.027303
1731331902.243021965026855 4.123921 -7.323862 -1.406475 0.886429 -0.461041 -0.025820 -0.031918
1731331902.343021631240845 4.144054 -7.349270 -1.412908 0.882312 -0.469217 -0.025928 -0.026226
1731331902.443021297454834 4.166295 -7.382765 -1.414057 0.876431 -0.480183 -0.026022 -0.024816
1731331902.543020963668823 4.197749 -7.432705 -1.416204 0.870286 -0.491293 -0.022953 -0.026581
1731331902.643020629882812 4.214477 -7.465284 -1.425507 0.862975 -0.504032 -0.022610 -0.026717
1731331902.743020296096802 4.220952 -7.490898 -1.431868 0.856102 -0.515434 -0.022014 -0.030533
1731331902.843019723892212 4.231433 -7.524796 -1.436536 0.850697 -0.524052 -0.022854 -0.034076
1731331902.943019151687622 4.257364 -7.575350 -1.443510 0.845946 -0.531170 -0.022769 -0.041412
1731331903.043019056320190 4.274964 -7.627841 -1.454692 0.840415 -0.540144 -0.023933 -0.037071
1731331903.143018722534180 4.288063 -7.669178 -1.460670 0.837608 -0.544244 -0.024227 -0.040292
1731331903.243018388748169 4.293672 -7.711773 -1.467625 0.836746 -0.545290 -0.024980 -0.043482
1731331903.343018054962158 4.307094 -7.765148 -1.476983 0.835324 -0.547173 -0.026794 -0.046024
1731331903.443017721176147 4.280438 -7.759169 -1.488719 0.836416 -0.544586 -0.028959 -0.054727
1731331903.543017148971558 4.280640 -7.779748 -1.500937 0.838779 -0.540506 -0.030379 -0.058138
1731331903.743016481399536 4.281347 -7.834597 -1.519802 0.839466 -0.539310 -0.035654 -0.056298
1731331903.843015909194946 4.296606 -7.874337 -1.526329 0.839148 -0.540062 -0.035255 -0.054044
1731331903.943015575408936 4.321372 -7.915697 -1.535485 0.839627 -0.539737 -0.033294 -0.051012
1731331904.043015241622925 4.342787 -7.960483 -1.545607 0.843827 -0.534161 -0.016286 -0.048598
1731331904.143014907836914 4.377466 -8.005918 -1.551997 0.847628 -0.527979 -0.018327 -0.049279
1731331904.243014574050903 4.403986 -8.044432 -1.562621 0.850849 -0.522601 -0.019113 -0.050789
1731331904.343014240264893 4.436688 -8.097310 -1.568329 0.853962 -0.517548 -0.017810 -0.050755
1731331904.443013906478882 4.456031 -8.130703 -1.575596 0.853811 -0.518059 -0.021153 -0.046620
1731331904.543013334274292 4.482456 -8.171067 -1.578633 0.854263 -0.517485 -0.022238 -0.044146
1731331904.643013238906860 4.512305 -8.213165 -1.585407 0.854681 -0.516895 -0.022644 -0.042746
1731331904.743012666702271 4.539641 -8.248687 -1.592729 0.858853 -0.510217 -0.020377 -0.040448
1731331904.843012094497681 4.567768 -8.278299 -1.600084 0.863718 -0.501872 -0.022984 -0.039842
1731331904.943011760711670 4.602275 -8.321104 -1.607489 0.868596 -0.493214 -0.025441 -0.040417
1731331905.043011665344238 4.629461 -8.361288 -1.615740 0.870155 -0.491181 -0.021958 -0.033012
1731331905.143011093139648 4.655511 -8.408009 -1.616659 0.868072 -0.495030 -0.023149 -0.029341
1731331905.243010759353638 4.677774 -8.451553 -1.619534 0.866794 -0.497214 -0.022747 -0.030474
1731331905.343010187149048 4.712681 -8.499932 -1.626203 0.866265 -0.498073 -0.024178 -0.030376
1731331905.443010091781616 4.746905 -8.550512 -1.632291 0.868302 -0.494359 -0.025907 -0.031446
1731331905.543009519577026 4.762317 -8.597275 -1.647461 0.869731 -0.491555 -0.026551 -0.035161
1731331905.643009185791016 4.784291 -8.645535 -1.653549 0.870631 -0.490197 -0.027302 -0.031025
1731331905.743008852005005 4.809323 -8.704385 -1.649306 0.867352 -0.496272 -0.025202 -0.027920
1731331905.843008518218994 4.833478 -8.770462 -1.649107 0.863179 -0.503463 -0.025775 -0.027969
1731331905.943008184432983 4.853772 -8.836954 -1.652836 0.858783 -0.511004 -0.023524 -0.028519
1731331906.043007850646973 4.873166 -8.900863 -1.665312 0.854608 -0.517816 -0.025320 -0.029515
1731331906.143007516860962 4.893022 -8.952419 -1.678614 0.854663 -0.517412 -0.027341 -0.032995
1731331906.243006944656372 4.901865 -8.966966 -1.685958 0.855643 -0.515417 -0.028927 -0.037192
1731331906.343008756637573 4.915209 -8.975816 -1.681669 0.855705 -0.516143 -0.024433 -0.027710
1731331906.443008184432983 4.938717 -9.021019 -1.697531 0.855244 -0.517209 -0.023747 -0.022129
1731331906.543007850646973 4.970748 -9.063598 -1.699520 0.854929 -0.517788 -0.023021 -0.021504
1731331906.643007516860962 5.009737 -9.115796 -1.719512 0.855596 -0.516447 -0.026857 -0.022730
1731331906.743007183074951 5.039009 -9.156009 -1.733346 0.858759 -0.511081 -0.025581 -0.025962
1731331906.843007087707520 5.065113 -9.203110 -1.751088 0.861158 -0.506712 -0.026350 -0.030912
1731331906.943006277084351 5.086406 -9.240985 -1.793351 0.862458 -0.504653 -0.028199 -0.026400
1731331907.043006181716919 5.116739 -9.298356 -1.802204 0.861503 -0.506288 -0.029026 -0.025352
1731331907.143005609512329 5.147613 -9.345403 -1.818627 0.861566 -0.506103 -0.031190 -0.024318
1731331907.243005275726318 5.192052 -9.411632 -1.835732 0.861710 -0.505337 -0.038284 -0.024987
1731331907.343004941940308 5.270172 -9.519861 -1.906960 0.863530 -0.498975 -0.066105 -0.031138
1731331907.443004608154297 5.298481 -9.561367 -1.930721 0.866765 -0.492251 -0.070075 -0.038692
1731331907.543004274368286 5.336298 -9.612867 -1.954784 0.868459 -0.488479 -0.073663 -0.041736
1731331907.643003702163696 5.369260 -9.667524 -1.974214 0.868270 -0.488636 -0.076243 -0.039110
1731331907.743003368377686 5.397543 -9.711253 -1.987899 0.869368 -0.486975 -0.076310 -0.035093
1731331907.843003034591675 5.400084 -9.723648 -1.988478 0.869510 -0.486826 -0.074779 -0.036892
1731331907.943002700805664 5.384532 -9.708462 -1.990133 0.871484 -0.483494 -0.074539 -0.034544
1731331908.043002367019653 5.401711 -9.726896 -2.004592 0.874557 -0.477195 -0.076245 -0.040260
1731331908.143001794815063 5.424504 -9.758558 -2.014513 0.875813 -0.474404 -0.076690 -0.044846
1731331908.243001461029053 5.444620 -9.793725 -2.017266 0.871333 -0.482912 -0.077108 -0.040364
1731331908.343001127243042 5.455359 -9.828555 -2.025331 0.863793 -0.496553 -0.076368 -0.038287
1731331908.443000793457031 5.467269 -9.866306 -2.035216 0.856418 -0.509478 -0.073904 -0.038968
1731331908.543000459671021 5.489218 -9.909957 -2.045202 0.848242 -0.523189 -0.073276 -0.037267
1731331908.642999887466431 5.495679 -9.931087 -2.050206 0.843639 -0.531784 -0.064144 -0.036933
1731331908.742999553680420 5.505527 -9.957111 -2.056584 0.838571 -0.539575 -0.064688 -0.038383
1731331908.842999219894409 5.520958 -9.987786 -2.064570 0.835206 -0.544639 -0.063014 -0.042761
1731331908.942998886108398 5.529692 -10.016263 -2.076108 0.835123 -0.544611 -0.059407 -0.049384
1731331909.042998552322388 5.546089 -10.044363 -2.083028 0.835172 -0.546205 -0.055036 -0.033452
1731331909.142997980117798 5.560970 -10.073743 -2.089387 0.834975 -0.546496 -0.056146 -0.031723
1731331909.242997646331787 5.581246 -10.110293 -2.097717 0.835919 -0.545003 -0.056852 -0.031299
1731331909.342997312545776 5.571815 -10.154521 -2.144323 0.836531 -0.543208 -0.064016 -0.032300
1731331909.442996978759766 5.596417 -10.178896 -2.160831 0.839124 -0.538351 -0.064349 -0.043690
1731331909.542996644973755 5.651276 -10.231649 -2.157077 0.840995 -0.533880 -0.070908 -0.051680
1731331909.642996311187744 5.680065 -10.292681 -2.185483 0.840393 -0.532062 -0.077464 -0.068180
1731331909.742995738983154 5.698644 -10.352006 -2.222264 0.839068 -0.533672 -0.086089 -0.061222
1731331909.842995405197144 5.714868 -10.401100 -2.245854 0.837666 -0.534988 -0.090826 -0.062086
1731331909.942994832992554 5.737110 -10.453822 -2.271051 0.836866 -0.535263 -0.095314 -0.063750
1731331910.042994737625122 5.772208 -10.520832 -2.333644 0.836875 -0.530920 -0.114342 -0.068490
1731331910.142994403839111 5.792959 -10.570503 -2.373877 0.839756 -0.525103 -0.113402 -0.078846
1731331910.242994070053101 5.810516 -10.630366 -2.400522 0.841448 -0.522624 -0.111509 -0.079968
1731331910.342995643615723 5.829037 -10.682563 -2.433635 0.843567 -0.519764 -0.105582 -0.084220
1731331910.442995309829712 5.838580 -10.725674 -2.451414 0.842173 -0.523321 -0.103937 -0.077953
1731331910.542994976043701 5.842880 -10.771705 -2.461071 0.842008 -0.524448 -0.097670 -0.080232
1731331910.642994880676270 5.854901 -10.833346 -2.469979 0.842862 -0.525521 -0.089750 -0.073181
1731331910.742994546890259 5.877808 -10.911043 -2.486198 0.842925 -0.525608 -0.087007 -0.075129
1731331910.842993974685669 5.903110 -10.966599 -2.505387 0.843739 -0.523994 -0.086906 -0.077342
1731331910.942993879318237 5.923549 -11.033290 -2.527780 0.845227 -0.521826 -0.085867 -0.076912
1731331911.042993545532227 5.986332 -11.072721 -2.499711 0.845192 -0.523764 -0.083959 -0.065368
1731331911.142993211746216 6.149794 -11.164071 -2.448226 0.845765 -0.523468 -0.082292 -0.062377
1731331911.242992877960205 6.175455 -11.172657 -2.427070 0.847359 -0.521455 -0.081296 -0.058803
1731331911.342992544174194 6.185931 -11.190834 -2.447783 0.849146 -0.519686 -0.073501 -0.058943
1731331911.442992210388184 6.239741 -11.253427 -2.450598 0.854384 -0.511051 -0.075449 -0.056239
1731331911.542991876602173 6.270900 -11.290502 -2.462492 0.858277 -0.504652 -0.073152 -0.057763
1731331911.642991542816162 6.298160 -11.331691 -2.479038 0.861883 -0.498523 -0.067087 -0.064284
1731331911.742991209030151 6.323992 -11.385102 -2.494192 0.861779 -0.499530 -0.066414 -0.058271
1731331911.842990875244141 6.345642 -11.424039 -2.495124 0.860448 -0.502582 -0.064548 -0.053604
1731331911.942990541458130 6.368760 -11.463188 -2.497515 0.859982 -0.503801 -0.062545 -0.052001
1731331912.042990446090698 6.393372 -11.506946 -2.502936 0.860612 -0.503298 -0.057919 -0.051800
1731331912.142990112304688 6.412386 -11.536869 -2.523990 0.863504 -0.498204 -0.057778 -0.053064
1731331912.242989778518677 6.442165 -11.579884 -2.527099 0.865601 -0.494727 -0.054601 -0.054764
1731331912.342989683151245 6.466842 -11.631565 -2.535098 0.866003 -0.494831 -0.052106 -0.049663
1731331912.442989110946655 6.485676 -11.667439 -2.533566 0.865226 -0.496945 -0.047777 -0.046337
1731331912.542988777160645 6.534359 -11.775615 -2.541918 0.861401 -0.504020 -0.044409 -0.044505
1731331912.642988443374634 6.539452 -11.753336 -2.536450 0.855597 -0.514168 -0.041779 -0.042889
1731331912.742988109588623 6.543769 -11.769328 -2.548454 0.849917 -0.522080 -0.056328 -0.043596
1731331912.842987775802612 6.578029 -11.832982 -2.555142 0.843250 -0.531916 -0.062814 -0.045256
1731331912.942987442016602 6.596914 -11.902544 -2.570811 0.837619 -0.540931 -0.056827 -0.050582
1731331913.042987108230591 6.607756 -11.947393 -2.560771 0.833121 -0.549276 -0.049302 -0.042126
1731331913.142986774444580 6.625575 -11.993663 -2.560303 0.827323 -0.558116 -0.047374 -0.042416
1731331913.242986679077148 6.648012 -12.035081 -2.552009 0.822130 -0.565899 -0.043168 -0.044693
1731331913.342985868453979 6.666225 -12.066648 -2.548666 0.816687 -0.573991 -0.037924 -0.046019
1731331913.442985773086548 6.760061 -12.199462 -2.535827 0.819028 -0.570399 -0.034892 -0.051190
1731331913.542985677719116 6.890144 -12.354069 -2.528057 0.822530 -0.565183 -0.034881 -0.052885
1731331913.642985105514526 6.888643 -12.348949 -2.531853 0.825460 -0.560914 -0.032697 -0.054066
1731331913.742984771728516 6.876606 -12.332956 -2.532945 0.821715 -0.567130 -0.031796 -0.046222
1731331913.842984676361084 6.886191 -12.357071 -2.527880 0.814928 -0.577063 -0.030981 -0.043944
1731331913.942984342575073 6.898228 -12.382397 -2.527327 0.808458 -0.586209 -0.027453 -0.044726
1731331914.042984008789062 6.917700 -12.418954 -2.536277 0.803310 -0.593129 -0.029875 -0.044706
1731331914.142983675003052 6.939606 -12.453873 -2.535643 0.801244 -0.595511 -0.029967 -0.049763
1731331914.242983341217041 6.960172 -12.486961 -2.542967 0.797413 -0.600203 -0.031792 -0.053648
1731331914.342979907989502 6.972935 -12.520320 -2.554975 0.793446 -0.604665 -0.030239 -0.062517
1731331914.442979574203491 6.983010 -12.558600 -2.559486 0.786494 -0.614467 -0.027074 -0.055900
1731331914.542979240417480 6.998227 -12.600166 -2.581645 0.779432 -0.622903 -0.026351 -0.061519
1731331914.642978906631470 6.995732 -12.628911 -2.579711 0.776528 -0.626369 -0.023689 -0.064066
1731331914.742978572845459 6.994507 -12.669076 -2.587407 0.775390 -0.627420 -0.021069 -0.068338
1731331914.842978239059448 7.001199 -12.717216 -2.601238 0.774581 -0.627670 -0.013210 -0.076683
1731331914.942977905273438 7.004610 -12.758175 -2.611167 0.775383 -0.626037 -0.013616 -0.081688
1731331915.042977809906006 7.015672 -12.809611 -2.632165 0.777841 -0.621140 -0.019310 -0.093679
1731331915.142977476119995 7.043930 -12.898926 -2.656815 0.776888 -0.619233 -0.020964 -0.112053
1731331915.242977142333984 7.052403 -12.959282 -2.683736 0.774821 -0.621647 -0.029195 -0.111152
1731331915.342976808547974 7.070219 -13.025523 -2.686146 0.773416 -0.623405 -0.031477 -0.110469
1731331915.442976474761963 7.075839 -13.054259 -2.701621 0.771581 -0.625303 -0.041601 -0.109216
1731331915.542976140975952 7.097705 -13.116646 -2.757660 0.772133 -0.620114 -0.054969 -0.127468
1731331915.642975807189941 7.133030 -13.200833 -2.769716 0.773837 -0.617243 -0.056162 -0.130511
1731331915.742975473403931 7.150520 -13.264795 -2.782923 0.774477 -0.619342 -0.054150 -0.116917
1731331915.842975139617920 7.125108 -13.248587 -2.799105 0.772707 -0.622772 -0.055825 -0.109371
1731331915.942974805831909 7.083851 -13.207371 -2.813965 0.772546 -0.623647 -0.055317 -0.105727
1731331916.042974472045898 7.078267 -13.225256 -2.831116 0.773807 -0.623326 -0.054156 -0.098761
1731331916.142974138259888 7.103130 -13.265608 -2.867484 0.777113 -0.616550 -0.042579 -0.118943
1731331916.242974042892456 7.115869 -13.319411 -2.867793 0.780476 -0.613854 -0.038472 -0.112073
1731331916.342973470687866 7.129174 -13.375733 -2.885597 0.782880 -0.610393 -0.037810 -0.114409
1731331916.442973136901855 7.148080 -13.440462 -2.891066 0.783346 -0.612190 -0.040353 -0.099818
1731331916.542973041534424 7.157995 -13.485259 -2.891038 0.782713 -0.614712 -0.039054 -0.089241
1731331916.642972469329834 7.172752 -13.530866 -2.889340 0.786360 -0.610303 -0.039019 -0.087435
1731331916.742972135543823 7.191544 -13.577153 -2.896397 0.792328 -0.603339 -0.040066 -0.081196
1731331916.842972278594971 7.220447 -13.632404 -2.910593 0.801903 -0.590808 -0.039937 -0.079382
1731331916.942971706390381 7.258881 -13.684034 -2.912427 0.813914 -0.574612 -0.038633 -0.076636
1731331917.042971372604370 7.292729 -13.732096 -2.920968 0.825838 -0.557552 -0.036017 -0.076355
1731331917.142971038818359 7.334042 -13.781920 -2.920221 0.837622 -0.541151 -0.036278 -0.065026
1731331917.242970705032349 7.375407 -13.823642 -2.920518 0.849384 -0.523156 -0.036667 -0.059248
1731331917.342970371246338 7.416107 -13.862212 -2.920105 0.860356 -0.505105 -0.034517 -0.058866
1731331917.442970037460327 7.456503 -13.895821 -2.930440 0.867302 -0.493565 -0.039957 -0.050836
1731331917.542969703674316 7.507679 -13.936710 -2.936751 0.872491 -0.484386 -0.039810 -0.050448
1731331917.642969369888306 7.543068 -13.966495 -2.944602 0.873330 -0.482648 -0.045965 -0.047250
1731331917.742969036102295 7.587706 -14.012409 -2.952822 0.874777 -0.480195 -0.044344 -0.047034
1731331917.842968463897705 7.635317 -14.071401 -2.966074 0.874807 -0.481368 -0.040341 -0.037011
1731331917.942968368530273 7.674665 -14.120266 -2.967279 0.874269 -0.482984 -0.039419 -0.028742
1731331918.042968273162842 7.717660 -14.173351 -2.975455 0.874564 -0.482908 -0.037339 -0.023310
1731331918.142968177795410 7.774283 -14.234619 -2.980666 0.874782 -0.482687 -0.035484 -0.022604
1731331918.242967605590820 7.817504 -14.287452 -2.993400 0.877051 -0.478336 -0.036577 -0.025251
1731331918.342959880828857 7.855685 -14.339402 -2.997330 0.878489 -0.475579 -0.035729 -0.028374
1731331918.442959308624268 7.889374 -14.396280 -3.003705 0.880604 -0.471657 -0.034827 -0.029401
1731331918.542958736419678 7.927328 -14.458799 -3.006940 0.881350 -0.471142 -0.028659 -0.020660
1731331918.642958402633667 7.953458 -14.507302 -3.008189 0.881784 -0.470639 -0.025184 -0.017916
1731331918.742957830429077 7.988938 -14.569665 -3.013688 0.882702 -0.469097 -0.021611 -0.017838
1731331918.842957496643066 8.016296 -14.627777 -3.025094 0.884015 -0.466659 -0.015760 -0.022348
1731331918.942956686019897 8.052299 -14.681762 -3.036152 0.886635 -0.461471 -0.017445 -0.024866
1731331919.042956590652466 8.084358 -14.726812 -3.045424 0.888778 -0.457061 -0.018988 -0.028440
1731331919.142956018447876 8.126360 -14.789577 -3.060073 0.890939 -0.452178 -0.020544 -0.036614
1731331919.242955684661865 8.168201 -14.861826 -3.109065 0.891041 -0.448049 -0.031428 -0.065647
1731331919.342955112457275 8.190315 -14.900706 -3.132359 0.891992 -0.446422 -0.034492 -0.062193
1731331919.442954778671265 8.208402 -14.929050 -3.133824 0.894591 -0.441531 -0.033107 -0.060515
1731331919.542954206466675 8.221668 -14.946281 -3.134522 0.897035 -0.437041 -0.032018 -0.057438
1731331919.642953634262085 8.254482 -14.976161 -3.152687 0.902703 -0.424560 -0.031544 -0.062293
1731331919.742953300476074 8.220155 -14.916180 -3.160661 0.910383 -0.407345 -0.033200 -0.064576
1731331919.842952728271484 8.180209 -14.862418 -3.178105 0.918114 -0.389141 -0.034335 -0.066763
1731331919.942952394485474 8.192130 -14.878497 -3.177059 0.924634 -0.374615 -0.031957 -0.060780
1731331920.042951822280884 8.205949 -14.882941 -3.162141 0.925699 -0.372566 -0.032731 -0.056611
1731331920.142951488494873 8.229363 -14.905050 -3.139592 0.925669 -0.373109 -0.032472 -0.053593
1731331920.242950916290283 8.249047 -14.928994 -3.129839 0.925494 -0.373924 -0.029949 -0.052379
1731331920.342950582504272 8.272976 -14.958097 -3.110306 0.925368 -0.374957 -0.031312 -0.046063
1731331920.442949771881104 8.309938 -14.993631 -3.115215 0.926045 -0.373189 -0.028370 -0.048639
1731331920.542949676513672 8.325399 -14.992892 -3.109503 0.926363 -0.372393 -0.023419 -0.051247
1731331920.642949104309082 8.374088 -15.033823 -3.106139 0.927010 -0.369727 -0.019240 -0.059865
1731331920.742948532104492 8.403000 -15.072197 -3.115044 0.927596 -0.369875 -0.011719 -0.051196
1731331920.842948198318481 8.427675 -15.107213 -3.112447 0.928395 -0.367875 -0.010858 -0.051317
1731331920.942947626113892 8.440010 -15.157151 -3.112786 0.929781 -0.364406 -0.010275 -0.051083
1731331921.042947292327881 8.474136 -15.202200 -3.115019 0.930553 -0.362965 -0.003393 -0.048122
1731331921.142946720123291 8.505725 -15.243252 -3.118848 0.932977 -0.357393 0.005497 -0.042361
1731331921.242946386337280 8.531796 -15.275216 -3.119903 0.933837 -0.354682 0.010790 -0.045074
1731331921.342945814132690 8.567909 -15.324533 -3.127486 0.934606 -0.352186 0.013476 -0.047896
1731331921.442945480346680 8.598903 -15.358373 -3.127881 0.935424 -0.351759 0.017795 -0.030520
1731331921.542944908142090 8.624958 -15.393621 -3.122030 0.934890 -0.353093 0.018502 -0.031047
1731331921.642944574356079 8.658605 -15.437516 -3.119188 0.934759 -0.353080 0.021695 -0.033015
1731331921.742944002151489 8.689408 -15.477355 -3.115594 0.934461 -0.353504 0.025595 -0.034102
1731331921.842943429946899 8.723861 -15.513464 -3.114259 0.935538 -0.349519 0.035134 -0.037009
1731331921.942942857742310 8.755041 -15.535096 -3.113907 0.937100 -0.345523 0.037543 -0.032366
1731331922.042942762374878 8.792610 -15.564304 -3.110881 0.938149 -0.341902 0.043065 -0.033551
1731331922.142942190170288 8.830091 -15.598867 -3.110278 0.939702 -0.337504 0.044843 -0.032253
1731331922.242941617965698 8.874088 -15.631975 -3.098324 0.939926 -0.336812 0.050292 -0.023810
1731331922.342941284179688 8.910480 -15.662984 -3.085603 0.939836 -0.336825 0.052452 -0.022475
1731331922.442940711975098 8.954580 -15.700668 -3.079122 0.939477 -0.337496 0.054504 -0.022535
1731331922.542940378189087 8.958349 -15.688117 -3.091956 0.939130 -0.337413 0.059422 -0.025630
1731331922.642939805984497 8.955096 -15.669142 -3.103838 0.940214 -0.330461 0.077031 -0.029325
1731331922.742939233779907 8.963293 -15.670918 -3.120200 0.943001 -0.321610 0.078987 -0.032806
1731331922.842938899993896 8.982572 -15.693722 -3.128597 0.944084 -0.317069 0.080873 -0.040392
1731331922.942938327789307 9.019392 -15.726187 -3.115693 0.943085 -0.319073 0.089022 -0.029303
1731331923.042937994003296 9.047075 -15.764013 -3.108473 0.941297 -0.323754 0.089643 -0.033279
1731331923.142937421798706 9.078980 -15.809827 -3.094623 0.938876 -0.330893 0.087508 -0.036923
1731331923.242937088012695 9.100390 -15.846141 -3.086724 0.936087 -0.338697 0.086616 -0.039029
1731331923.342936515808105 9.119893 -15.885705 -3.081358 0.933277 -0.344510 0.092111 -0.042688
1731331923.442936182022095 9.141462 -15.916346 -3.071367 0.931082 -0.352492 0.087622 -0.034033
1731331923.542935609817505 9.170815 -15.945404 -3.065537 0.929759 -0.357562 0.081732 -0.031907
1731331923.642935276031494 9.203295 -15.974660 -3.067266 0.929765 -0.358523 0.076854 -0.033059
1731331923.742934703826904 9.237213 -16.002645 -3.061325 0.931710 -0.354081 0.072898 -0.035065
1731331923.842934131622314 9.265896 -16.032786 -3.064234 0.931737 -0.354784 0.069327 -0.034468
1731331923.942933797836304 9.288416 -16.052706 -3.058008 0.930885 -0.357870 0.066400 -0.031195
1731331924.042933464050293 9.316816 -16.078184 -3.054991 0.930475 -0.359556 0.063277 -0.030519
1731331924.142932891845703 9.340592 -16.095752 -3.053397 0.928367 -0.365308 0.062915 -0.026957
1731331924.242932319641113 9.369069 -16.115023 -3.054758 0.927042 -0.368636 0.064864 -0.022191
1731331924.342931985855103 9.396759 -16.135333 -3.044667 0.925538 -0.373677 0.057810 -0.020083
1731331924.442931413650513 9.419457 -16.153352 -3.047084 0.924353 -0.377608 0.051327 -0.018684
1731331924.542931318283081 9.441154 -16.174117 -3.044130 0.922093 -0.383637 0.046662 -0.019735
1731331924.642930507659912 9.461982 -16.201125 -3.035731 0.918988 -0.391181 0.043575 -0.023234
1731331924.742930173873901 9.487670 -16.235700 -3.027605 0.911886 -0.408137 0.042108 -0.010679
1731331924.842929601669312 9.507490 -16.273080 -3.015147 0.902351 -0.428773 0.042671 -0.009752
1731331924.942929267883301 9.530773 -16.320144 -3.001909 0.893928 -0.446006 0.043029 -0.010930
1731331925.042928695678711 9.554789 -16.354122 -2.996457 0.887059 -0.459399 0.044576 -0.009571
1731331925.142928361892700 9.598065 -16.400156 -2.994718 0.882509 -0.469017 0.032781 -0.011255
1731331925.242927789688110 9.613596 -16.425437 -2.996813 0.879220 -0.475295 0.031762 -0.007630
1731331925.342927217483521 9.633274 -16.461405 -2.998987 0.875947 -0.481302 0.031560 -0.008313
1731331925.442926883697510 9.645065 -16.497958 -3.006268 0.876153 -0.480601 0.034868 -0.012757
1731331925.542926311492920 9.663845 -16.537828 -3.023637 0.876244 -0.480629 0.033481 -0.008450
1731331925.642925977706909 9.686244 -16.576274 -3.025501 0.874014 -0.483507 0.044896 0.017484
1731331925.742925405502319 9.704676 -16.622308 -3.026805 0.875267 -0.481338 0.044792 0.014652
1731331925.842924833297729 9.734517 -16.676774 -3.026002 0.876323 -0.479569 0.043440 0.013551
1731331925.942924499511719 9.791113 -16.729269 -3.033263 0.879056 -0.474995 0.037957 0.014125
1731331926.042924404144287 9.814812 -16.764175 -3.049554 0.882499 -0.469156 0.032244 0.007004
1731331926.142923593521118 9.842966 -16.805800 -3.054780 0.884285 -0.466167 0.026796 0.003084
1731331926.242923021316528 9.877963 -16.859641 -3.052466 0.886258 -0.462790 0.018664 -0.004905
1731331926.342922687530518 9.896686 -16.904717 -3.063669 0.884706 -0.465560 0.023410 0.001160
1731331926.442922353744507 9.935708 -16.948312 -3.053654 0.882129 -0.470548 0.020340 0.004288
1731331926.542921781539917 9.970556 -16.989806 -3.041138 0.880496 -0.473628 0.019666 0.004097
1731331926.642921209335327 9.988990 -17.028300 -3.037379 0.878608 -0.477196 0.018179 0.000885
1731331926.742920875549316 10.015629 -17.060627 -3.070178 0.879680 -0.475245 0.017372 -0.001759
1731331926.842920303344727 10.042021 -17.091628 -3.072242 0.881524 -0.471919 0.013586 -0.004750
1731331926.942919731140137 10.074053 -17.125864 -3.069506 0.883971 -0.467416 0.008513 -0.006714
1731331927.042919397354126 10.107584 -17.169611 -3.074016 0.886252 -0.463035 0.009342 -0.008255
1731331927.142919063568115 10.139189 -17.213090 -3.085968 0.883838 -0.467703 0.008746 0.002821
1731331927.242918491363525 10.174611 -17.255773 -3.083574 0.882401 -0.470423 0.007424 0.004006
1731331927.342917919158936 10.221303 -17.304068 -3.082262 0.881238 -0.472620 0.006480 0.002956
1731331927.442917585372925 10.275568 -17.367986 -3.077263 0.882269 -0.470478 0.014576 -0.006309
1731331927.542917013168335 10.319039 -17.407853 -3.082780 0.886125 -0.463270 0.010696 -0.007019
1731331927.642916679382324 10.356910 -17.445706 -3.087505 0.888757 -0.458240 0.007046 -0.008804
1731331927.742916107177734 10.398718 -17.499053 -3.091658 0.891615 -0.452592 0.002525 -0.013260
1731331927.842915773391724 10.450252 -17.561224 -3.101369 0.892313 -0.451173 -0.002516 -0.014632
1731331927.942915439605713 10.474440 -17.600830 -3.103303 0.892183 -0.451433 -0.004874 -0.013918
1731331928.042914867401123 10.559190 -17.686812 -3.101905 0.892977 -0.449832 -0.007757 -0.013568
1731331928.142914295196533 10.637934 -17.761910 -3.107449 0.894308 -0.447122 -0.005066 -0.016426
1731331928.242913961410522 10.697412 -17.823521 -3.114068 0.898078 -0.439286 0.007736 -0.020562
1731331928.342915773391724 10.757709 -17.881791 -3.114719 0.899581 -0.436246 0.002890 -0.020841
1731331928.442915439605713 10.820722 -17.949289 -3.117754 0.902093 -0.430914 -0.002148 -0.023166
1731331928.542914628982544 10.878310 -18.027428 -3.126935 0.902378 -0.430437 -0.001340 -0.020912
1731331928.642914295196533 10.924305 -18.083248 -3.132957 0.901414 -0.432581 -0.006582 -0.016830
1731331928.742913722991943 10.975718 -18.143083 -3.144351 0.901955 -0.431375 -0.011364 -0.016248
1731331928.842913389205933 11.024066 -18.201598 -3.149559 0.901926 -0.431348 -0.013576 -0.016850
1731331928.942912817001343 11.072851 -18.259752 -3.177403 0.904147 -0.426650 -0.007993 -0.020608
1731331929.042912483215332 11.103076 -18.288113 -3.188351 0.907468 -0.419450 -0.009416 -0.021792
1731331929.142911911010742 11.127316 -18.313576 -3.205964 0.910039 -0.413657 -0.014049 -0.022798
1731331929.242911577224731 11.173258 -18.357109 -3.215093 0.912595 -0.407461 -0.015867 -0.029899
1731331929.342911005020142 11.221674 -18.418915 -3.237238 0.911229 -0.410438 -0.020991 -0.027584
1731331929.442910671234131 11.263502 -18.478983 -3.250635 0.910016 -0.413245 -0.022494 -0.024378
1731331929.542910099029541 11.309275 -18.519700 -3.246964 0.909099 -0.415452 -0.022419 -0.020892
1731331929.642909526824951 11.360574 -18.571587 -3.259692 0.907913 -0.418316 -0.018337 -0.019243
1731331929.742909193038940 11.407018 -18.603824 -3.264068 0.907394 -0.419335 -0.021030 -0.018764
1731331929.842908620834351 11.446073 -18.677751 -3.280113 0.904370 -0.425735 -0.020254 -0.021310
1731331929.942908048629761 11.478369 -18.731293 -3.285409 0.899515 -0.435640 -0.019259 -0.026807
1731331930.042907714843750 11.517824 -18.795301 -3.285150 0.891179 -0.453400 -0.009927 -0.011373
1731331930.142907381057739 11.533261 -18.847450 -3.284169 0.882183 -0.470724 -0.010877 -0.007319
1731331930.242906808853149 11.560278 -18.910379 -3.285544 0.873886 -0.485973 -0.011161 -0.005308
1731331930.342906475067139 11.576404 -18.961047 -3.285264 0.864818 -0.501990 -0.008842 -0.004286
1731331930.442905902862549 11.586125 -18.989770 -3.292542 0.858941 -0.512024 -0.001574 -0.007001
1731331930.542905569076538 11.577149 -18.994393 -3.298222 0.854287 -0.519701 -0.001961 -0.010068
1731331930.642904996871948 11.585427 -19.023911 -3.302589 0.850882 -0.525195 -0.000814 -0.013028
1731331930.742904424667358 11.589799 -19.072846 -3.309819 0.848057 -0.529598 -0.000612 -0.018041
1731331930.842904090881348 11.601060 -19.134428 -3.317482 0.842460 -0.538534 -0.000152 -0.015580
1731331930.942903518676758 11.612198 -19.179734 -3.312085 0.836303 -0.548105 -0.001760 -0.013232
1731331931.042903184890747 11.632199 -19.240423 -3.315234 0.827445 -0.561445 -0.003298 -0.010141
1731331931.142902612686157 11.648336 -19.306118 -3.324129 0.817552 -0.575724 -0.002716 -0.011978
1731331931.242902278900146 11.662523 -19.360613 -3.336917 0.814783 -0.579645 0.001778 -0.011695
1731331931.342901706695557 11.682582 -19.404030 -3.339723 0.815588 -0.578497 0.001572 -0.012460
1731331931.442901134490967 11.713873 -19.453163 -3.345034 0.817548 -0.575660 -0.000279 -0.015159
1731331931.542900800704956 11.725449 -19.505505 -3.350914 0.820083 -0.571935 0.000242 -0.018824
1731331931.642900228500366 11.744322 -19.544926 -3.375154 0.820152 -0.571461 -0.002546 -0.027845
1731331931.742899894714355 11.743455 -19.589687 -3.387938 0.819100 -0.573043 -0.005027 -0.025929
1731331931.842899084091187 11.761288 -19.650696 -3.396755 0.818608 -0.573711 -0.008366 -0.025808
1731331931.942898988723755 11.777581 -19.712965 -3.406983 0.818998 -0.573176 -0.010694 -0.024440
1731331932.042898416519165 11.797294 -19.754626 -3.416061 0.822185 -0.568772 -0.002251 -0.022473
1731331932.142898082733154 11.793617 -19.766601 -3.420624 0.822966 -0.567612 -0.004096 -0.022960
1731331932.242897510528564 11.804309 -19.805004 -3.431894 0.824313 -0.565441 -0.006562 -0.027243
1731331932.342899084091187 11.832082 -19.874683 -3.441058 0.826050 -0.562612 -0.007557 -0.032422
1731331932.442898988723755 11.853719 -19.928781 -3.451880 0.825697 -0.563375 -0.009198 -0.027354
1731331932.542898654937744 11.875140 -19.978859 -3.453245 0.825744 -0.563436 -0.010479 -0.024020
1731331932.642898082733154 11.900458 -20.029425 -3.456916 0.826348 -0.562718 -0.011642 -0.019007
1731331932.742897748947144 11.922569 -20.087966 -3.468181 0.829379 -0.558290 -0.003374 -0.020793
1731331932.842897176742554 11.938835 -20.126997 -3.471191 0.831934 -0.554551 -0.003029 -0.018705
1731331932.942896842956543 11.961140 -20.190964 -3.477829 0.833708 -0.551864 -0.000936 -0.019410
1731331933.042896270751953 11.964524 -20.228108 -3.479252 0.836020 -0.548225 0.003218 -0.022573
1731331933.142895936965942 11.969334 -20.247927 -3.487606 0.836454 -0.547362 0.008859 -0.025704
1731331933.242895603179932 11.972936 -20.281328 -3.486757 0.834319 -0.550895 0.008387 -0.018871
1731331933.342895269393921 11.983644 -20.327120 -3.485735 0.832609 -0.553621 0.005798 -0.015253
1731331933.442894697189331 11.995367 -20.367834 -3.483452 0.830497 -0.556896 0.004706 -0.010915
1731331933.542894363403320 12.006927 -20.399835 -3.490460 0.828406 -0.560065 0.002553 -0.008026
1731331933.642894029617310 12.016958 -20.435565 -3.494760 0.827418 -0.561028 0.021024 -0.013602
1731331933.742893457412720 12.033497 -20.465288 -3.494547 0.823633 -0.566505 0.022507 -0.013959
1731331933.842893123626709 12.045998 -20.499508 -3.495177 0.819412 -0.572468 0.023739 -0.016774
1731331933.942892551422119 12.056019 -20.528996 -3.502059 0.813984 -0.580110 0.022261 -0.020158
1731331934.042892456054688 12.058496 -20.556722 -3.500032 0.802971 -0.595668 0.016770 -0.011651
1731331934.142891883850098 12.063825 -20.591412 -3.496489 0.796082 -0.604991 0.013474 -0.007567
1731331934.242891550064087 12.065507 -20.622225 -3.495259 0.786517 -0.617469 0.009788 -0.005268
1731331934.342890977859497 12.069888 -20.657287 -3.491538 0.776624 -0.629929 0.005628 -0.003563
1731331934.442890644073486 12.077420 -20.696856 -3.497133 0.771231 -0.636420 0.006522 -0.011411
1731331934.542890071868896 12.079105 -20.730932 -3.491861 0.772322 -0.635022 0.009709 -0.013119
1731331934.642889738082886 12.084204 -20.767927 -3.485772 0.773779 -0.633170 0.011483 -0.015123
1731331934.742889404296875 12.088534 -20.813068 -3.487461 0.776584 -0.629496 0.013664 -0.021575
1731331934.842889070510864 12.087299 -20.858494 -3.505529 0.777683 -0.627987 0.008821 -0.027641
1731331934.942888498306274 12.083488 -20.883346 -3.511849 0.777793 -0.627921 0.008072 -0.026209
1731331935.042888164520264 12.087024 -20.910830 -3.518106 0.778204 -0.627632 0.002112 -0.021752
1731331935.142887830734253 12.085624 -20.941570 -3.522987 0.778511 -0.627336 0.000433 -0.019234
1731331935.242887258529663 12.086841 -20.987378 -3.534999 0.780833 -0.624234 -0.001642 -0.025074
1731331935.342886924743652 12.088741 -21.014179 -3.543982 0.783497 -0.620615 0.000076 -0.031140
1731331935.442886352539062 12.092223 -21.050696 -3.549597 0.786042 -0.617416 -0.000590 -0.030596
1731331935.542886257171631 12.098824 -21.085764 -3.548270 0.790033 -0.612138 0.000366 -0.033702
1731331935.642885446548462 12.105117 -21.121582 -3.549972 0.792393 -0.609603 0.004652 -0.021843
1731331935.742885112762451 12.107800 -21.141621 -3.540808 0.792200 -0.610066 0.006804 -0.013877
1731331935.842884778976440 12.112690 -21.168594 -3.537242 0.793663 -0.608288 0.004955 -0.007748
1731331935.942884206771851 12.117856 -21.189310 -3.540166 0.793854 -0.608095 0.003935 -0.001291
1731331936.042883872985840 12.115566 -21.218244 -3.548912 0.795720 -0.605658 0.000368 -0.002871
1731331936.142883539199829 12.118870 -21.243686 -3.559370 0.799260 -0.600880 0.006127 -0.009451
1731331936.242882966995239 12.128389 -21.268879 -3.568609 0.801895 -0.597318 0.007948 -0.010594
1731331936.342882633209229 12.140635 -21.299101 -3.569293 0.806121 -0.591550 0.007814 -0.013311
1731331936.442882299423218 12.147406 -21.334228 -3.575739 0.809983 -0.586135 0.009430 -0.016881
1731331936.542881727218628 12.144462 -21.373575 -3.599669 0.810588 -0.585515 0.006657 -0.008667
1731331936.642881393432617 12.147811 -21.400836 -3.602542 0.812141 -0.583391 0.008342 0.003391
1731331936.742880821228027 12.148485 -21.426441 -3.599533 0.814857 -0.579590 0.008675 0.002843
1731331936.842880487442017 12.154981 -21.441746 -3.596690 0.817075 -0.576431 0.010176 0.003499
1731331936.942880153656006 12.153160 -21.464031 -3.599093 0.820661 -0.570936 0.023342 -0.001683
1731331937.042879819869995 12.157136 -21.480301 -3.607880 0.823758 -0.566586 0.019926 -0.002504
1731331937.142879247665405 12.165290 -21.498096 -3.607131 0.827602 -0.561011 0.018107 -0.003762
1731331937.242878913879395 12.173605 -21.524880 -3.611194 0.831452 -0.555270 0.017642 -0.007179
1731331937.342878580093384 12.179121 -21.558533 -3.612143 0.834693 -0.550286 0.018467 -0.011439
1731331937.442878007888794 12.188050 -21.582829 -3.612461 0.834644 -0.550444 0.019515 0.000308
1731331937.542877674102783 12.195999 -21.607481 -3.609502 0.834105 -0.551330 0.016980 0.003968
1731331937.642877101898193 12.204559 -21.636881 -3.609798 0.834015 -0.551508 0.015632 0.003596
1731331937.742876768112183 12.218317 -21.662703 -3.610663 0.833914 -0.551672 0.015207 0.003797
1731331937.842876434326172 12.225281 -21.699969 -3.627148 0.836966 -0.546297 0.032356 0.000273
1731331937.942875862121582 12.232341 -21.729522 -3.635476 0.839168 -0.543113 0.028676 0.001963
1731331938.042875766754150 12.244538 -21.756047 -3.639369 0.840620 -0.540845 0.028767 -0.004132
1731331938.142875194549561 12.255001 -21.788449 -3.646267 0.843876 -0.535660 0.029460 -0.008599
1731331938.242874622344971 12.264944 -21.820899 -3.645857 0.843536 -0.536162 0.031161 -0.002564
1731331938.342874288558960 12.261812 -21.847797 -3.653271 0.836246 -0.547672 0.027286 0.001524
1731331938.442873954772949 12.265412 -21.883821 -3.650594 0.827975 -0.560230 0.023886 0.005378
1731331938.542873382568359 12.273012 -21.943880 -3.644560 0.813065 -0.581626 0.024111 0.007435
1731331938.642873048782349 12.258764 -22.002628 -3.640134 0.796831 -0.602913 0.039014 0.005844
1731331938.742872476577759 12.237829 -22.018933 -3.622658 0.783886 -0.620071 0.031542 0.006307
1731331938.842872142791748 12.219006 -22.060331 -3.610166 0.771698 -0.635329 0.028818 0.002938
1731331938.942871809005737 12.215514 -22.109781 -3.602455 0.770758 -0.636472 0.028827 -0.001830
1731331939.042871236801147 12.212705 -22.171903 -3.607251 0.773872 -0.632855 0.024439 -0.004413
1731331939.142870903015137 12.202719 -22.237843 -3.615353 0.776519 -0.629634 0.023569 -0.004972
1731331939.242870569229126 12.185987 -22.304594 -3.631815 0.778238 -0.627613 0.020661 -0.004596
1731331939.342870235443115 12.179079 -22.384934 -3.644171 0.780210 -0.625197 0.019783 -0.003246
1731331939.442869663238525 12.177530 -22.456551 -3.644092 0.784986 -0.618979 0.024986 -0.006118
1731331939.542869329452515 12.174944 -22.501695 -3.645672 0.789162 -0.613712 0.022329 -0.009022
1731331939.642868757247925 12.178071 -22.544253 -3.648871 0.792847 -0.608782 0.025030 -0.012316
1731331939.742868423461914 12.168080 -22.570803 -3.663632 0.796546 -0.603956 0.024509 -0.012278
1731331939.842867851257324 12.169919 -22.609987 -3.676493 0.794494 -0.606939 0.019281 -0.005743
1731331939.942867517471313 12.177962 -22.665453 -3.676228 0.793469 -0.608330 0.018277 -0.002606
1731331940.042867183685303 12.191211 -22.718816 -3.676742 0.792400 -0.609740 0.017851 -0.000761
1731331940.142866849899292 12.199002 -22.771187 -3.687753 0.795483 -0.605605 0.020696 -0.004662
1731331940.242866277694702 12.214286 -22.814002 -3.689605 0.801617 -0.597413 0.022154 -0.004213
1731331940.342865943908691 12.229530 -22.847689 -3.690922 0.807504 -0.589464 0.021260 -0.004216
1731331940.442865371704102 12.251698 -22.891583 -3.697402 0.813332 -0.581444 0.019715 -0.004944
1731331940.542865037918091 12.253601 -22.917844 -3.694783 0.812323 -0.582915 0.018412 -0.001407
1731331940.642864704132080 12.278693 -22.969408 -3.683814 0.812278 -0.582992 0.018016 -0.000965
1731331940.742864131927490 12.290577 -23.016677 -3.674583 0.811687 -0.583764 0.019472 -0.002214
1731331940.842863798141479 12.298973 -23.057606 -3.679521 0.811634 -0.583746 0.021949 -0.003060
1731331940.942862987518311 12.302170 -23.093553 -3.691667 0.815881 -0.577554 0.027746 0.000499
1731331941.042863130569458 12.320382 -23.125975 -3.695564 0.819689 -0.572200 0.026407 0.000433
1731331941.142862558364868 12.332381 -23.165484 -3.694294 0.823060 -0.567378 0.025441 -0.002462
1731331941.242862224578857 12.333528 -23.217214 -3.693739 0.823230 -0.567191 0.023287 -0.006641
1731331941.342861652374268 12.343432 -23.253966 -3.678974 0.818555 -0.573943 0.023457 -0.002661
1731331941.442861318588257 12.351260 -23.296159 -3.667293 0.813430 -0.581175 0.023299 -0.005025
1731331941.542860746383667 12.350784 -23.327782 -3.648861 0.803483 -0.594872 0.022651 -0.005442
1731331941.642860174179077 12.344199 -23.415504 -3.630850 0.789360 -0.612746 0.038096 -0.001371
1731331941.742860078811646 12.367570 -23.452434 -3.622339 0.774508 -0.631512 0.036362 0.002784
1731331941.842859506607056 12.367911 -23.514788 -3.616269 0.756522 -0.653028 0.034999 0.002191
1731331941.942859172821045 12.352595 -23.569605 -3.609315 0.737634 -0.674297 0.034908 0.000278
1731331942.042858839035034 12.327694 -23.620292 -3.611986 0.719287 -0.693847 0.034656 -0.001005
1731331942.142858505249023 12.308021 -23.665753 -3.612710 0.698572 -0.714697 0.034620 -0.002685
1731331942.242857933044434 12.310736 -23.656002 -3.623062 0.691641 -0.721330 0.036211 0.001887
1731331942.342855215072632 12.291846 -23.703535 -3.624247 0.690173 -0.722804 0.034834 0.001389
1731331942.442854881286621 12.297903 -23.734915 -3.634161 0.689895 -0.723015 0.035910 0.002178
1731331942.542854309082031 12.278247 -23.837516 -3.643627 0.691315 -0.721736 0.033953 0.005245
1731331942.642853975296021 12.285318 -24.011914 -3.657289 0.695711 -0.717561 0.032799 0.004071
1731331942.742853641510010 12.293592 -24.151914 -3.644442 0.701718 -0.711891 0.028257 0.001998
1731331942.842853069305420 12.319369 -24.191773 -3.682796 0.706945 -0.706761 0.026753 0.001049
1731331942.942852497100830 12.376865 -24.269777 -3.724723 0.702962 -0.710854 0.022861 -0.002900
1731331943.042852401733398 12.350012 -24.297449 -3.765222 0.702744 -0.711087 0.022429 0.001781
1731331943.142852067947388 12.340963 -24.353076 -3.785757 0.702136 -0.711654 0.022911 0.005409
1731331943.242851495742798 12.341120 -24.444831 -3.793319 0.699049 -0.714729 0.019815 0.010014
1731331943.342851161956787 12.357823 -24.513147 -3.813156 0.701721 -0.712293 0.011027 0.010281
1731331943.442850589752197 12.362990 -24.579408 -3.817504 0.706946 -0.707141 0.010176 0.008629
1731331943.542850255966187 12.373195 -24.625589 -3.827284 0.711418 -0.702657 0.011378 0.005263
1731331943.642849683761597 12.372732 -24.695314 -3.829417 0.714212 -0.699841 0.010990 0.001426
1731331943.742849349975586 12.370171 -24.773274 -3.839213 0.709453 -0.704735 0.005001 -0.000308
1731331943.842849016189575 12.372112 -24.839696 -3.848979 0.705695 -0.708513 0.001150 -0.001567
1731331943.942848443984985 12.377288 -24.903822 -3.855984 0.703980 -0.710209 0.003965 -0.000368
1731331944.042848110198975 12.377906 -24.993046 -3.855419 0.703831 -0.710351 -0.001190 -0.004745
1731331944.142847776412964 12.348088 -25.172693 -3.835396 0.705044 -0.709138 -0.001602 -0.005821
1731331944.242847442626953 12.331047 -25.223504 -3.827248 0.707833 -0.706311 0.001008 -0.009783
1731331944.342846870422363 12.303633 -25.267642 -3.869771 0.707970 -0.705529 -0.007616 -0.030818
1731331944.442846536636353 12.287459 -25.305640 -3.876650 0.704520 -0.709088 -0.013464 -0.025773
1731331944.542845964431763 12.278392 -25.342242 -3.874204 0.703042 -0.710570 -0.017092 -0.023045
1731331944.642845630645752 12.271271 -25.416007 -3.891814 0.701693 -0.711806 -0.020525 -0.023192
1731331944.742845296859741 12.279536 -25.447199 -3.930830 0.705870 -0.707541 -0.017616 -0.028695
1731331944.842844724655151 12.284275 -25.499851 -4.015253 0.708751 -0.702743 -0.028331 -0.054970
1731331944.942844390869141 12.279035 -25.527836 -4.050487 0.712172 -0.697859 -0.034948 -0.067690
1731331945.042844057083130 12.271043 -25.613773 -4.024184 0.715664 -0.694355 -0.030863 -0.068865
1731331945.142843484878540 12.242833 -25.690589 -4.035541 0.714345 -0.695933 -0.035709 -0.064133
1731331945.242843151092529 12.248612 -25.724841 -4.044570 0.716489 -0.693820 -0.043066 -0.058336
1731331945.342842578887939 12.237649 -25.827969 -4.061874 0.719281 -0.690950 -0.048172 -0.053883
1731331945.442842483520508 12.246584 -25.866195 -4.050843 0.724403 -0.687445 -0.026641 -0.044165
1731331945.542841911315918 12.257418 -25.849986 -4.053204 0.729222 -0.682729 -0.029962 -0.034920
1731331945.642841339111328 12.276610 -25.858127 -4.054399 0.733607 -0.678277 -0.030264 -0.029071
1731331945.742841005325317 12.289315 -25.869161 -4.059402 0.737661 -0.674060 -0.030625 -0.023686
1731331945.842840671539307 12.317535 -25.936987 -4.052217 0.744828 -0.665924 -0.032079 -0.027346
1731331945.942840099334717 12.340209 -25.994635 -4.068335 0.746185 -0.664433 -0.035792 -0.021344
1731331946.042839765548706 12.356079 -26.034156 -4.068244 0.747050 -0.662992 -0.040470 -0.026839
1731331946.142839670181274 12.365184 -26.098057 -4.067383 0.748706 -0.660512 -0.045167 -0.033513
1731331946.242838859558105 12.369802 -26.118757 -4.068907 0.754496 -0.654134 -0.033178 -0.041751
1731331946.342835903167725 12.364677 -26.144635 -4.080178 0.757917 -0.650404 -0.031515 -0.039285
1731331946.442835569381714 12.363018 -26.198571 -4.089752 0.760709 -0.647109 -0.033688 -0.037903
1731331946.542834758758545 12.351590 -26.266009 -4.103793 0.762267 -0.645309 -0.034308 -0.036729
1731331946.642834424972534 12.330492 -26.275733 -4.121216 0.768320 -0.638560 -0.040536 -0.016775
1731331946.742833852767944 12.326914 -26.264926 -4.120064 0.773065 -0.632241 -0.050605 -0.008945
1731331946.842833518981934 12.331636 -26.286764 -4.115838 0.775563 -0.629470 -0.046002 -0.012381
1731331946.942832708358765 12.329779 -26.307665 -4.119095 0.777053 -0.627814 -0.044096 -0.009677
1731331947.042832374572754 12.322534 -26.355640 -4.127472 0.779444 -0.624926 -0.041698 -0.014001
1731331947.142831802368164 12.308999 -26.412355 -4.131853 0.776876 -0.628314 -0.039180 -0.012279
1731331947.242831468582153 12.293552 -26.447511 -4.130400 0.775571 -0.630087 -0.036969 -0.010629
1731331947.342830896377563 12.277157 -26.488944 -4.126433 0.776289 -0.629601 -0.029411 -0.010604
1731331947.442830324172974 12.258331 -26.525056 -4.115919 0.775771 -0.630685 -0.017941 -0.009736
1731331947.542829751968384 12.264476 -26.586760 -4.112902 0.776899 -0.629416 -0.013076 -0.009622
1731331947.642828941345215 12.275191 -26.640230 -4.108622 0.779458 -0.626219 -0.013780 -0.010269
1731331947.742828845977783 12.289270 -26.649182 -4.096434 0.777976 -0.628146 -0.011335 -0.007594
1731331947.842828273773193 12.305564 -26.702403 -4.094036 0.776226 -0.630319 -0.012615 -0.003607
1731331947.942827701568604 12.324308 -26.731182 -4.109837 0.776807 -0.629589 -0.013631 0.001729
1731331948.042827367782593 12.368266 -26.749193 -4.132554 0.778443 -0.627583 -0.012804 0.001466
1731331948.142826795578003 12.397060 -26.773565 -4.139820 0.783378 -0.621328 -0.015555 0.005360
1731331948.242826223373413 12.424437 -26.798712 -4.148740 0.787187 -0.616466 -0.016733 0.005140
1731331948.342825889587402 12.447331 -26.824244 -4.157632 0.790919 -0.611644 -0.017829 0.004600
1731331948.442825078964233 12.463058 -26.852664 -4.168643 0.793189 -0.608585 -0.021628 0.002974
1731331948.542824745178223 12.478628 -26.889262 -4.167273 0.791801 -0.610248 -0.024124 0.008201
1731331948.642824172973633 12.491167 -26.927294 -4.166632 0.790897 -0.611330 -0.025151 0.011182
1731331948.742823600769043 12.499449 -26.934182 -4.183788 0.790050 -0.612310 -0.027351 0.012230
1731331948.842823266983032 12.512158 -26.963439 -4.199142 0.792847 -0.608912 -0.023387 0.008514
1731331948.942822694778442 12.526431 -26.983795 -4.209548 0.798853 -0.601123 -0.021415 0.005197
1731331949.042822122573853 12.544296 -27.008325 -4.217524 0.804538 -0.593519 -0.021174 0.002452
1731331949.142821788787842 12.564108 -27.046245 -4.222003 0.809990 -0.586058 -0.021236 -0.001044
1731331949.242821216583252 12.579202 -27.097327 -4.216145 0.811846 -0.583467 -0.019281 0.010031
1731331949.342820644378662 12.581496 -27.220589 -4.183112 0.812632 -0.582280 -0.019504 0.014095
1731331949.442820072174072 12.574186 -27.351498 -4.147441 0.813810 -0.580722 -0.016902 0.013777
1731331949.542819499969482 12.610206 -27.406117 -4.149507 0.813744 -0.580944 -0.012002 0.013471
1731331949.642819166183472 12.623504 -27.451828 -4.150897 0.815786 -0.578030 -0.014304 0.013018
1731331949.742818593978882 12.647920 -27.503189 -4.156854 0.820839 -0.570935 -0.013993 0.007827
1731331949.842818021774292 12.668396 -27.555093 -4.159150 0.825614 -0.564077 -0.012704 0.004257
1731331949.942817449569702 12.691067 -27.619438 -4.168404 0.829783 -0.557896 -0.013223 -0.006097
1731331950.042817115783691 12.702041 -27.678945 -4.172705 0.829737 -0.557989 -0.012852 -0.004400
1731331950.142816543579102 12.711066 -27.727557 -4.176457 0.830327 -0.557026 -0.015021 -0.007283
1731331950.242815971374512 12.726602 -27.766348 -4.173216 0.830486 -0.556746 -0.014172 -0.011203
1731331950.342815637588501 12.720548 -27.829781 -4.162439 0.830629 -0.556539 -0.016171 -0.007667
1731331950.442815065383911 12.713317 -27.821665 -4.168893 0.831036 -0.555953 -0.015206 -0.008087
1731331950.542814493179321 12.716019 -27.818365 -4.168044 0.828392 -0.559806 -0.019179 -0.003990
1731331950.642813920974731 12.720033 -27.824390 -4.169053 0.825099 -0.564637 -0.019677 -0.003004
1731331950.742813587188721 12.723688 -27.839396 -4.170740 0.821025 -0.570569 -0.019163 -0.001407
1731331950.842813014984131 12.726721 -27.861426 -4.173489 0.816414 -0.577176 -0.018232 -0.001845
1731331950.942812442779541 12.734252 -27.888944 -4.176825 0.815948 -0.577879 -0.016465 -0.003796
1731331951.042811870574951 12.742322 -27.933651 -4.182138 0.816789 -0.576805 -0.010438 -0.006542
1731331951.142811536788940 12.751622 -27.971799 -4.176267 0.814625 -0.579905 -0.009607 0.002095
1731331951.242810964584351 12.763166 -28.026811 -4.175797 0.813431 -0.581566 -0.009035 0.005420
1731331951.342810392379761 12.771249 -28.061465 -4.178184 0.812298 -0.583106 -0.006689 0.010684
1731331951.442809820175171 12.783257 -28.118108 -4.171129 0.812120 -0.583320 0.005529 0.012942
1731331951.542809486389160 12.801370 -28.166420 -4.169389 0.814731 -0.579617 0.008059 0.013865
1731331951.642808914184570 12.814511 -28.201992 -4.168391 0.816600 -0.576954 0.007296 0.015305
1731331951.742808341979980 12.836765 -28.257933 -4.158175 0.819514 -0.572849 0.006620 0.014004
1731331951.842807769775391 12.858477 -28.327889 -4.158353 0.818164 -0.574853 0.004484 0.011451
1731331951.942807197570801 12.885427 -28.417531 -4.187335 0.818559 -0.574212 -0.014430 0.005761
1731331952.042806863784790 12.901158 -28.410204 -4.191912 0.819420 -0.573154 -0.005942 0.002997
1731331952.142806291580200 12.903363 -28.336239 -4.184898 0.823214 -0.567534 -0.011159 -0.010014
1731331952.242805957794189 12.904921 -28.315337 -4.202513 0.829517 -0.557950 -0.003511 -0.024090
1731331952.342805385589600 12.925133 -28.375193 -4.201769 0.830286 -0.557128 -0.004136 -0.014717
1731331952.442804813385010 12.939224 -28.393580 -4.218180 0.828706 -0.559216 -0.020492 -0.010145
1731331952.542804241180420 12.957505 -28.389651 -4.251996 0.832822 -0.551050 -0.051690 -0.008914
1731331952.642803668975830 12.985715 -28.370998 -4.266226 0.840254 -0.536546 -0.077900 0.004808
1731331952.742803573608398 13.024233 -28.413619 -4.250969 0.843264 -0.531282 -0.080668 0.011754
1731331952.842802762985229 13.055047 -28.437030 -4.221849 0.848652 -0.524990 -0.064039 0.008664
1731331952.942802190780640 13.069677 -28.422223 -4.206708 0.854420 -0.518003 -0.039265 0.009853
1731331953.042801856994629 13.081914 -28.436176 -4.198729 0.859836 -0.510020 -0.023627 0.002073
1731331953.142801523208618 13.095768 -28.455574 -4.193638 0.862412 -0.505765 -0.021066 0.001793
1731331953.242800712585449 13.102035 -28.452357 -4.212563 0.863049 -0.503868 -0.035298 -0.004278
1731331953.342800378799438 13.105039 -28.456740 -4.218261 0.860342 -0.508462 -0.035633 -0.002939
1731331953.442799568176270 13.114967 -28.460024 -4.220332 0.859937 -0.509106 -0.036335 0.000610
1731331953.542799472808838 13.121414 -28.471285 -4.213224 0.859751 -0.510253 -0.021658 0.001416
1731331953.642798662185669 13.124880 -28.482799 -4.225490 0.857539 -0.512880 -0.038541 0.009747
1731331953.742798089981079 13.135352 -28.493818 -4.254320 0.860432 -0.507786 -0.042537 0.000433
1731331953.842797756195068 13.142865 -28.504361 -4.259194 0.862649 -0.504392 -0.037254 -0.006128
1731331953.942796945571899 13.153793 -28.512437 -4.257136 0.864890 -0.500882 -0.032095 -0.007285
1731331954.042796611785889 13.164308 -28.517431 -4.267301 0.863946 -0.502099 -0.035126 -0.016113
1731331954.142796277999878 13.166892 -28.519496 -4.265945 0.863446 -0.502767 -0.034451 -0.022332
1731331954.242795705795288 13.169826 -28.520644 -4.261133 0.863217 -0.503125 -0.031798 -0.026643
1731331954.342794895172119 13.170696 -28.509327 -4.257706 0.860106 -0.508796 -0.030228 -0.020749
1731331954.442794561386108 13.159597 -28.510012 -4.257634 0.855231 -0.516973 -0.025889 -0.025478
1731331954.542793989181519 13.149802 -28.508590 -4.253231 0.849941 -0.525735 -0.024413 -0.024648
1731331954.642793655395508 13.140361 -28.506291 -4.249964 0.845428 -0.533164 -0.021924 -0.022503
1731331954.742792844772339 13.127312 -28.507880 -4.246216 0.840571 -0.540875 -0.020222 -0.022027
1731331954.842792510986328 13.112609 -28.513402 -4.239412 0.839519 -0.542751 -0.018226 -0.017227
1731331954.942791938781738 13.104702 -28.514452 -4.235931 0.838859 -0.543805 -0.018552 -0.015761
1731331955.042791604995728 13.094059 -28.526481 -4.227130 0.838079 -0.545083 -0.014408 -0.017339
1731331955.142790794372559 13.090105 -28.547310 -4.217746 0.837889 -0.545485 -0.012514 -0.015181
1731331955.242790460586548 13.093870 -28.575929 -4.209599 0.838225 -0.545059 -0.010514 -0.013375
1731331955.342790126800537 13.105818 -28.600700 -4.207458 0.837720 -0.545907 -0.008086 -0.012093
1731331955.442789554595947 13.115407 -28.631909 -4.202223 0.837803 -0.545832 -0.005946 -0.010842
1731331955.542788982391357 13.107580 -28.673270 -4.199066 0.837438 -0.546396 -0.009749 -0.007285
1731331955.642788410186768 13.106819 -28.698958 -4.203837 0.834991 -0.550113 -0.007916 -0.010178
1731331955.742788076400757 13.104002 -28.720435 -4.197406 0.828607 -0.559744 -0.008777 -0.004548
1731331955.842787504196167 13.094431 -28.750394 -4.196476 0.822966 -0.567999 -0.009457 -0.003782
1731331955.942786931991577 13.073182 -28.789878 -4.200882 0.816482 -0.577269 -0.005307 -0.009449
1731331956.042786359786987 13.053458 -28.829637 -4.192265 0.807543 -0.589739 -0.005564 -0.007122
1731331956.142786026000977 13.029758 -28.861768 -4.190540 0.797328 -0.603488 -0.005150 -0.006587
1731331956.242785453796387 13.014058 -28.885511 -4.199978 0.786651 -0.617351 -0.003517 -0.006766
1731331956.342784881591797 13.000768 -28.906244 -4.198774 0.784907 -0.619595 0.000255 -0.004786
1731331956.442784309387207 13.022134 -28.933472 -4.216788 0.787576 -0.616149 -0.005810 -0.007168
1731331956.542783975601196 13.014829 -28.987916 -4.213108 0.792535 -0.609653 -0.012549 -0.007303
1731331956.642783403396606 12.995390 -29.046897 -4.214980 0.797688 -0.602959 -0.010547 -0.004763
1731331956.742782831192017 13.004933 -29.079089 -4.217651 0.802391 -0.596724 -0.007947 0.005142
1731331956.842782258987427 13.021020 -29.106809 -4.221711 0.807283 -0.590101 -0.008619 -0.000811
1731331956.942781686782837 13.041256 -29.147309 -4.227960 0.810367 -0.585595 -0.019538 -0.001337
1731331957.042781352996826 13.070138 -29.191400 -4.232575 0.812419 -0.582403 -0.027319 0.005956
1731331957.142780780792236 13.096660 -29.221279 -4.242001 0.814826 -0.578534 -0.036476 0.005201
1731331957.242780447006226 13.120538 -29.247713 -4.248710 0.817725 -0.573732 -0.045992 0.006534
1731331957.342777013778687 13.138600 -29.270881 -4.255283 0.819663 -0.570472 -0.051931 -0.004297
1731331957.442776203155518 13.105101 -29.286130 -4.245947 0.818030 -0.573069 -0.049186 -0.000702
1731331957.542775869369507 13.112146 -29.319104 -4.258977 0.812895 -0.580507 -0.046517 -0.007100
1731331957.642775297164917 13.114002 -29.357832 -4.267068 0.805098 -0.591512 -0.042765 -0.010088
1731331957.742774963378906 13.111850 -29.398309 -4.269741 0.796116 -0.603540 -0.043327 -0.007891
1731331957.842774391174316 13.109925 -29.432067 -4.275941 0.786863 -0.615503 -0.043267 -0.011430
1731331957.942773818969727 13.110874 -29.464429 -4.282031 0.782392 -0.621303 -0.041298 -0.011838
1731331958.042773485183716 13.116637 -29.506200 -4.290058 0.783052 -0.620868 -0.034386 -0.013011
1731331958.142772912979126 13.119963 -29.536226 -4.287451 0.780441 -0.624312 -0.032549 -0.009338
1731331958.242772340774536 13.121147 -29.587362 -4.285116 0.778017 -0.627526 -0.029236 -0.006822
1731331958.342771768569946 13.149792 -29.642983 -4.284923 0.777070 -0.628835 -0.026502 -0.005214
1731331958.442771196365356 13.153843 -29.700664 -4.287406 0.778988 -0.626799 -0.016279 -0.005949
1731331958.542770862579346 13.168377 -29.763602 -4.290101 0.781574 -0.623627 -0.014434 -0.004816
1731331958.642770290374756 13.164678 -29.840496 -4.275760 0.785145 -0.619177 -0.011624 -0.005575
1731331958.742769718170166 13.161254 -29.902959 -4.276165 0.789839 -0.613175 -0.009358 -0.009140
1731331958.842769384384155 13.155408 -29.979808 -4.274798 0.791441 -0.611217 -0.005852 -0.000328
1731331958.942768573760986 13.154330 -30.033622 -4.273519 0.792331 -0.610035 -0.006348 0.005469
1731331959.042768239974976 13.159964 -30.098300 -4.267573 0.793918 -0.607964 -0.003249 0.008009
1731331959.142767667770386 13.172900 -30.147236 -4.267664 0.795580 -0.605798 -0.000036 0.007767
1731331959.242767333984375 13.146396 -30.223985 -4.293798 0.800363 -0.599494 0.003989 0.003079
1731331959.342766761779785 13.144132 -30.214991 -4.309069 0.804825 -0.593484 0.005191 0.002625
1731331959.442766189575195 13.151655 -30.179275 -4.329288 0.809846 -0.586613 0.004122 0.004048
1731331959.542765617370605 13.165285 -30.199037 -4.338485 0.815203 -0.579091 0.005387 0.008216
1731331959.642765283584595 13.175720 -30.226911 -4.350191 0.813451 -0.581277 0.007782 0.018804
1731331959.742764711380005 13.188057 -30.260736 -4.334621 0.811671 -0.583486 0.008933 0.025573
1731331959.842764139175415 13.202771 -30.289068 -4.336644 0.810360 -0.585094 0.010521 0.029520
1731331959.942763566970825 13.220871 -30.313533 -4.342939 0.808597 -0.587524 0.016114 0.026958
1731331960.042763233184814 13.226676 -30.325865 -4.347031 0.808208 -0.588001 0.014326 0.029140
1731331960.142762660980225 13.226829 -30.320949 -4.348624 0.807337 -0.589249 0.012807 0.028779
1731331960.242762088775635 13.230424 -30.349475 -4.348627 0.806299 -0.590716 0.012899 0.027763
1731331960.342761754989624 13.229449 -30.380304 -4.345437 0.802221 -0.596334 0.010231 0.026886
1731331960.442761182785034 13.224962 -30.429160 -4.351713 0.792946 -0.608553 0.012788 0.027131
1731331960.542760610580444 13.214914 -30.481267 -4.339762 0.780894 -0.623822 0.012069 0.030083
1731331960.642760038375854 13.206588 -30.525218 -4.334947 0.769034 -0.638345 0.013649 0.030268
1731331960.742759704589844 13.192704 -30.565801 -4.328286 0.755949 -0.653699 0.015180 0.031434
1731331960.842759132385254 13.180102 -30.595548 -4.326488 0.745178 -0.665803 0.024362 0.028685
1731331960.942758560180664 13.169343 -30.641928 -4.316766 0.732987 -0.679313 0.023484 0.026691
1731331961.042757987976074 13.154400 -30.690372 -4.298928 0.719138 -0.694077 0.023574 0.023272
1731331961.142757654190063 13.126137 -30.747797 -4.283062 0.704509 -0.709012 0.022271 0.021747
1731331961.242757081985474 13.109411 -30.785754 -4.271072 0.686494 -0.726250 0.022325 0.028080
1731331961.342756509780884 13.093016 -30.811553 -4.252714 0.675288 -0.736159 0.024004 0.038461
1731331961.442755699157715 13.077115 -30.855561 -4.234841 0.673264 -0.737838 0.025322 0.040866
1731331961.542755365371704 13.061082 -30.917797 -4.224450 0.672813 -0.738198 0.026092 0.041305
1731331961.642754793167114 13.069665 -30.945858 -4.238389 0.671396 -0.739707 0.021773 0.039832
1731331961.742754220962524 13.065263 -31.010139 -4.225250 0.673643 -0.737672 0.024399 0.038069
1731331961.842753648757935 13.038281 -31.017683 -4.240418 0.680153 -0.731762 0.021142 0.038349
1731331961.942753314971924 13.024222 -31.081128 -4.256994 0.687812 -0.724764 0.016751 0.036756
1731331962.042752742767334 13.010686 -31.156372 -4.257944 0.690442 -0.722314 0.017188 0.035463
1731331962.142752170562744 12.987671 -31.229965 -4.267553 0.686008 -0.726971 0.010389 0.028256
1731331962.242751598358154 12.977054 -31.288878 -4.264736 0.682006 -0.730688 0.007861 0.030019
1731331962.342751026153564 12.964747 -31.336820 -4.261638 0.678917 -0.733473 0.008564 0.031867
1731331962.442750692367554 12.948275 -31.409199 -4.261006 0.679446 -0.733143 0.009862 0.027510
1731331962.542750120162964 12.944061 -31.474168 -4.266820 0.683927 -0.729107 0.008268 0.024050
1731331962.642749547958374 12.940651 -31.533422 -4.263644 0.688154 -0.725211 0.008450 0.021025
1731331962.742748975753784 12.926915 -31.599714 -4.259072 0.690539 -0.723074 0.006074 0.016805
1731331962.842748403549194 12.895716 -31.663894 -4.236497 0.688722 -0.724839 0.004159 0.015913
1731331962.942747831344604 12.876103 -31.699817 -4.230722 0.687476 -0.726042 0.006042 0.014247
1731331963.042747497558594 12.853849 -31.742935 -4.223675 0.685465 -0.728056 0.001368 0.008357
1731331963.142746925354004 12.838924 -31.759932 -4.214704 0.687867 -0.725732 0.005536 0.011001
1731331963.242746591567993 12.829514 -31.805119 -4.208525 0.693258 -0.720595 0.006744 0.009532
1731331963.342746019363403 12.811294 -31.876936 -4.202486 0.698798 -0.715302 0.004467 -0.002043
1731331963.442745447158813 12.807068 -31.908379 -4.219247 0.698417 -0.715690 0.000134 -0.001369
1731331963.542744874954224 12.795651 -31.930356 -4.216333 0.698874 -0.715243 -0.001122 -0.000943
1731331963.642744302749634 12.790545 -31.965603 -4.215592 0.699456 -0.714671 -0.000526 -0.002650
1731331963.742743730545044 12.778865 -32.003091 -4.213044 0.704243 -0.709801 0.014929 0.001462
1731331963.842743396759033 12.778418 -32.038642 -4.220786 0.707717 -0.706392 0.012146 0.000216
1731331963.942742586135864 12.773583 -32.079625 -4.217771 0.711395 -0.702691 0.011887 -0.001371
1731331964.042742252349854 12.770944 -32.123360 -4.221754 0.714287 -0.699715 0.013592 -0.002886
1731331964.142741918563843 12.763498 -32.159367 -4.222432 0.714600 -0.699437 0.009342 0.006919
1731331964.242741107940674 12.764512 -32.187373 -4.221133 0.719882 -0.693989 0.006545 0.010319
1731331964.342740774154663 12.768117 -32.209939 -4.220639 0.725999 -0.687523 0.006741 0.013872
1731331964.442740201950073 12.773590 -32.231276 -4.234808 0.732285 -0.680888 0.005826 0.010804
1731331964.542739629745483 12.779500 -32.252437 -4.247555 0.741792 -0.670517 0.007829 0.009446
1731331964.642739057540894 12.789814 -32.270406 -4.257548 0.751071 -0.660158 0.005948 0.006994
1731331964.742738723754883 12.800329 -32.292613 -4.265544 0.759682 -0.650239 0.006065 0.006010
1731331964.842737913131714 12.812031 -32.314558 -4.275596 0.767709 -0.640764 0.005589 0.003591
1731331964.942737579345703 12.817476 -32.342870 -4.290624 0.769541 -0.638591 0.002855 0.000024
1731331965.042737007141113 12.818347 -32.361316 -4.293357 0.769377 -0.638783 0.001590 0.003589
1731331965.142736434936523 12.818641 -32.387024 -4.297499 0.768934 -0.639310 0.001206 0.004641
1731331965.242736101150513 12.814789 -32.411941 -4.303408 0.768654 -0.639656 0.002179 0.002573
1731331965.342733383178711 12.811100 -32.433254 -4.312581 0.771395 -0.636284 0.009226 0.002846
1731331965.442732810974121 12.817702 -32.459109 -4.320916 0.775765 -0.630967 0.008341 -0.000295
1731331965.542732238769531 12.826519 -32.494443 -4.324852 0.780749 -0.624805 0.006546 -0.002484
1731331965.642731666564941 12.832670 -32.525237 -4.321794 0.785039 -0.619410 0.005290 -0.004127
1731331965.742731332778931 12.832942 -32.552908 -4.312230 0.786950 -0.616997 0.003321 -0.003532
1731331965.842730760574341 12.835557 -32.578393 -4.306786 0.788408 -0.615139 0.002617 -0.003252
1731331965.942730188369751 12.837014 -32.603171 -4.299214 0.789368 -0.613896 0.003440 -0.004247
1731331966.042729616165161 12.846459 -32.643400 -4.300962 0.790002 -0.612909 0.014784 -0.004641
1731331966.142729043960571 12.843660 -32.657876 -4.303155 0.792016 -0.610161 0.020153 -0.002962
1731331966.242728710174561 12.847740 -32.680095 -4.303705 0.793683 -0.607968 0.020371 -0.005170
1731331966.342728137969971 12.853742 -32.717138 -4.303226 0.795424 -0.605631 0.020723 -0.009074
1731331966.442727565765381 12.852676 -32.760887 -4.308645 0.796117 -0.604534 0.015541 -0.022246
1731331966.542726993560791 12.845776 -32.813848 -4.315796 0.795609 -0.605119 0.005594 -0.028394
1731331966.642726659774780 12.848270 -32.861386 -4.316974 0.796035 -0.604321 0.000923 -0.033512
1731331966.742725849151611 12.847779 -32.908590 -4.308708 0.797774 -0.601895 0.016588 -0.031702
1731331966.842725515365601 12.842843 -32.934379 -4.308818 0.801625 -0.596732 0.023380 -0.027615
1731331966.942724943161011 12.848816 -32.969297 -4.330555 0.804815 -0.592525 0.018139 -0.029274
1731331967.042724370956421 12.850345 -33.020426 -4.326390 0.806410 -0.590673 0.018083 -0.021946
1731331967.142724037170410 12.855185 -33.072591 -4.328780 0.804393 -0.593406 0.018700 -0.021728
1731331967.242723464965820 12.855375 -33.104467 -4.333432 0.803942 -0.594117 0.017067 -0.020253
1731331967.342722892761230 12.852992 -33.133254 -4.333400 0.804558 -0.593379 0.014925 -0.019117
1731331967.442722320556641 12.853313 -33.224322 -4.319379 0.805007 -0.592710 0.016203 -0.019890
1731331967.542721748352051 12.854158 -33.257988 -4.323306 0.806611 -0.590522 0.020346 -0.015742
1731331967.642721176147461 12.856162 -33.291012 -4.321627 0.809219 -0.587013 0.018174 -0.015793
1731331967.742720842361450 12.858719 -33.308653 -4.324640 0.812366 -0.582642 0.017426 -0.016912
1731331967.842720270156860 12.861427 -33.325075 -4.328468 0.815074 -0.578849 0.017664 -0.016605
1731331967.942719697952271 12.857889 -33.346358 -4.333143 0.812214 -0.583003 0.014770 -0.014048
1731331968.042719602584839 12.878941 -33.420631 -4.299505 0.810144 -0.585940 0.014492 -0.011471
1731331968.142718791961670 12.876795 -33.421047 -4.309756 0.809137 -0.587334 0.015716 -0.009437
1731331968.242718219757080 12.882850 -33.428290 -4.327415 0.809744 -0.586725 0.007965 -0.002124
1731331968.342717647552490 12.904590 -33.444950 -4.332411 0.814867 -0.579609 0.005381 -0.004005
1731331968.442717075347900 12.933572 -33.484176 -4.329776 0.820273 -0.571949 -0.002042 -0.004808
1731331968.542716741561890 12.970314 -33.510086 -4.335437 0.825405 -0.564459 -0.007852 -0.005494
1731331968.642715930938721 13.008398 -33.532222 -4.340945 0.828907 -0.559276 -0.010141 -0.004583
1731331968.742715597152710 13.041942 -33.562677 -4.345568 0.829629 -0.558123 -0.014631 0.000668
1731331968.842715024948120 13.073699 -33.613556 -4.331070 0.830696 -0.556510 -0.015088 0.003602
1731331968.942714452743530 13.114279 -33.644439 -4.330808 0.830971 -0.556184 -0.010778 0.005478
1731331969.042714118957520 13.153046 -33.675957 -4.328265 0.832774 -0.553454 -0.011211 0.007106
1731331969.142713546752930 13.179377 -33.696729 -4.330487 0.835153 -0.549936 -0.009174 0.002281
1731331969.242712974548340 13.204030 -33.724368 -4.333231 0.835336 -0.549690 -0.007254 -0.001438
1731331969.342711210250854 13.228168 -33.755147 -4.336986 0.834753 -0.550559 -0.005145 -0.006706
1731331969.442710638046265 13.248351 -33.787928 -4.332299 0.830531 -0.556951 -0.003902 0.002879
1731331969.542710065841675 13.256714 -33.834207 -4.323935 0.823002 -0.567991 -0.006712 0.003011
1731331969.642709493637085 13.259635 -33.887520 -4.313129 0.811849 -0.583830 -0.006620 -0.000882
1731331969.742708921432495 13.246590 -33.924032 -4.313811 0.799427 -0.600716 -0.007481 -0.000069
1731331969.842708587646484 13.239476 -33.962088 -4.306632 0.789514 -0.613701 -0.004953 -0.003764
1731331969.942707777023315 13.230453 -34.005885 -4.303977 0.779668 -0.626127 -0.006043 -0.006756
1731331970.042707443237305 13.221962 -34.063731 -4.304643 0.769053 -0.638983 -0.011073 -0.011679
1731331970.142706871032715 13.213110 -34.127643 -4.306391 0.754293 -0.656398 -0.011399 -0.007345
1731331970.242706060409546 13.203922 -34.176180 -4.305737 0.739898 -0.672525 -0.015195 -0.005545
1731331970.342705726623535 13.198596 -34.216127 -4.304038 0.731815 -0.681391 -0.011544 -0.004546
1731331970.442705392837524 13.203241 -34.254119 -4.307951 0.731531 -0.681719 -0.009301 -0.005822
1731331970.542704582214355 13.209293 -34.277214 -4.310755 0.733985 -0.679138 -0.004656 -0.003874
1731331970.642704010009766 13.211142 -34.290232 -4.312400 0.736040 -0.676914 -0.005066 -0.002648
1731331970.742703676223755 13.213384 -34.299334 -4.315184 0.737830 -0.674958 -0.005873 -0.001977
1731331970.842703104019165 13.210059 -34.299563 -4.320786 0.740080 -0.672496 -0.005098 -0.002318
1731331970.942702531814575 13.209398 -34.301486 -4.326093 0.742455 -0.669854 -0.006298 -0.004007
1731331971.042702198028564 13.208683 -34.311615 -4.322149 0.743494 -0.668728 -0.003411 -0.002844
1731331971.142701387405396 13.207743 -34.314451 -4.318150 0.744448 -0.667675 -0.000678 -0.002604
1731331971.242701053619385 13.203623 -34.317768 -4.316107 0.745626 -0.666357 0.001731 -0.002779
1731331971.342700481414795 13.202766 -34.321277 -4.314162 0.746588 -0.665269 0.003529 -0.003371
1731331971.442700147628784 13.200837 -34.322720 -4.311318 0.747513 -0.664215 0.004981 -0.004212
1731331971.542699337005615 13.198997 -34.325071 -4.309971 0.748275 -0.663344 0.005617 -0.005198
1731331971.642698764801025 13.197682 -34.325713 -4.308062 0.749001 -0.662520 0.005445 -0.005902
1731331971.742698192596436 13.196624 -34.328362 -4.308526 0.749552 -0.661898 0.004814 -0.006294
1731331971.842697620391846 13.196299 -34.329369 -4.307617 0.749996 -0.661399 0.003995 -0.006399
1731331971.942697048187256 13.196498 -34.330032 -4.308354 0.750452 -0.660889 0.002782 -0.006318
1731331972.042696714401245 13.196594 -34.331323 -4.307749 0.750914 -0.660372 0.001494 -0.005985
1731331972.142696142196655 13.198049 -34.332129 -4.307490 0.751410 -0.659812 0.000157 -0.005635
1731331972.242695569992065 13.199543 -34.333022 -4.306268 0.751904 -0.659250 -0.000835 -0.005429
1731331972.342694997787476 13.200509 -34.334282 -4.306126 0.752662 -0.658385 -0.001513 -0.005224
1731331972.442694425582886 13.201701 -34.336154 -4.306697 0.753422 -0.657513 -0.001811 -0.005240
1731331972.542693853378296 13.202972 -34.336865 -4.306309 0.754338 -0.656460 -0.001692 -0.005600
1731331972.642693281173706 13.202998 -34.339225 -4.306294 0.755287 -0.655363 -0.001099 -0.006297
1731331972.742692708969116 13.204065 -34.339597 -4.307728 0.756213 -0.654286 -0.000191 -0.007156
1731331972.842692375183105 13.203647 -34.341497 -4.305710 0.756915 -0.653462 0.000719 -0.008101
1731331972.942691802978516 13.203771 -34.342153 -4.305562 0.757433 -0.652849 0.001504 -0.009004
1731331973.042691230773926 13.202214 -34.344414 -4.306136 0.757832 -0.652378 0.002059 -0.009480
1731331973.142690658569336 13.201757 -34.345813 -4.305765 0.758196 -0.651947 0.002313 -0.009923
1731331973.242690086364746 13.202306 -34.346710 -4.305231 0.758425 -0.651678 0.002090 -0.010150
1731331973.342689514160156 13.203647 -34.348082 -4.304921 0.758646 -0.651425 0.001331 -0.009951
1731331973.442689180374146 13.204895 -34.349913 -4.304837 0.758891 -0.651149 0.000230 -0.009431
1731331973.542688608169556 13.207916 -34.350856 -4.305933 0.759184 -0.650817 -0.000981 -0.008727
1731331973.642688035964966 13.211397 -34.351578 -4.305876 0.759622 -0.650312 -0.002144 -0.008017
1731331973.742687463760376 13.214783 -34.353418 -4.304428 0.760277 -0.649550 -0.003060 -0.007342
1731331973.842686891555786 13.218175 -34.354309 -4.304274 0.761245 -0.648418 -0.003637 -0.006871
1731331973.942686319351196 13.222097 -34.355405 -4.303098 0.762386 -0.647078 -0.003706 -0.006674
1731331974.042685985565186 13.224061 -34.356204 -4.302223 0.763664 -0.645567 -0.003220 -0.007017
1731331974.142685413360596 13.224757 -34.356735 -4.302741 0.764904 -0.644094 -0.002402 -0.007638
1731331974.242684841156006 13.223724 -34.358076 -4.302132 0.765939 -0.642856 -0.001435 -0.008450
1731331974.342684268951416 13.224034 -34.358220 -4.302184 0.766735 -0.641895 -0.000520 -0.009341
1731331974.442683696746826 13.223450 -34.358772 -4.300904 0.767347 -0.641148 0.000332 -0.010349
1731331974.542683124542236 13.223683 -34.358024 -4.301803 0.767647 -0.640777 0.000938 -0.011089
1731331974.642682552337646 13.223765 -34.358536 -4.300520 0.767898 -0.640463 0.001446 -0.011769
1731331974.742681741714478 13.223466 -34.357999 -4.302112 0.768153 -0.640143 0.001941 -0.012431
1731331974.842681407928467 13.222259 -34.359127 -4.301226 0.768352 -0.639891 0.002342 -0.012995
1731331974.942680835723877 13.221868 -34.359191 -4.300131 0.768519 -0.639682 0.002470 -0.013380
1731331975.042680501937866 13.222317 -34.359472 -4.299777 0.768484 -0.639718 0.002433 -0.013717
1731331975.142679691314697 13.223100 -34.358802 -4.300945 0.768469 -0.639737 0.002041 -0.013729
1731331975.242679357528687 13.223396 -34.359227 -4.299866 0.768409 -0.639817 0.001248 -0.013446
1731331975.342678785324097 13.223827 -34.363181 -4.301470 0.766889 -0.641639 -0.001405 -0.013375
1731331975.442678213119507 13.222695 -34.379443 -4.302811 0.762746 -0.646573 -0.006070 -0.011143
1731331975.542677640914917 13.225269 -34.392817 -4.299759 0.761286 -0.648266 -0.006458 -0.012371
1731331975.642677068710327 13.227877 -34.408322 -4.298117 0.760044 -0.649757 -0.007629 -0.009564
1731331975.742676496505737 13.234703 -34.436875 -4.300245 0.759973 -0.649831 -0.008737 -0.009187
1731331975.842675924301147 13.246567 -34.468526 -4.305313 0.762654 -0.646638 -0.008518 -0.012120
1731331975.942675828933716 13.262241 -34.500652 -4.300468 0.765592 -0.643098 -0.009940 -0.013981
1731331976.042675018310547 13.274203 -34.533154 -4.301151 0.768505 -0.639544 -0.010172 -0.016719
1731331976.142674446105957 13.286744 -34.567032 -4.303148 0.769740 -0.638148 -0.009481 -0.013364
1731331976.242673873901367 13.291470 -34.600169 -4.299546 0.762512 -0.646810 -0.012883 -0.006848
1731331976.342673301696777 13.294490 -34.632028 -4.292728 0.755575 -0.654905 -0.013715 -0.004231
1731331976.442672729492188 13.293842 -34.665999 -4.289991 0.745200 -0.666752 -0.010595 -0.002385
1731331976.542672395706177 13.289115 -34.701359 -4.286545 0.734502 -0.678584 -0.003717 -0.004003
1731331976.642671585083008 13.281772 -34.736580 -4.278284 0.723766 -0.690013 -0.004641 -0.004835
1731331976.742671251296997 13.269103 -34.773111 -4.269018 0.709804 -0.704340 -0.002744 -0.008712
1731331976.842670679092407 13.250383 -34.815730 -4.257060 0.693439 -0.720380 0.001553 -0.013889
1731331976.942670106887817 13.228137 -34.862716 -4.249958 0.673464 -0.738970 0.003274 -0.018934
1731331977.042669534683228 13.208737 -34.902727 -4.242240 0.653304 -0.757071 0.000387 -0.006153
1731331977.142669200897217 13.186457 -34.925215 -4.240880 0.637531 -0.770401 -0.002221 -0.005622
1731331977.242668390274048 13.160525 -34.939794 -4.242942 0.623594 -0.781719 -0.000020 -0.006831
1731331977.342668056488037 13.137057 -34.958557 -4.248207 0.613121 -0.789954 0.003970 -0.006307
1731331977.442667484283447 13.117042 -34.979331 -4.254394 0.611657 -0.791057 0.005924 -0.008373
1731331977.542666912078857 13.104360 -35.004931 -4.259582 0.612739 -0.790183 0.005399 -0.011474
1731331977.642666339874268 13.086135 -35.046371 -4.253623 0.613864 -0.789254 0.005194 -0.014895
1731331977.742665767669678 13.069447 -35.091719 -4.259240 0.613350 -0.789513 0.005504 -0.020995
1731331977.842665195465088 13.051332 -35.128542 -4.268491 0.603223 -0.797361 -0.000438 -0.018368
1731331977.942664623260498 13.032651 -35.160453 -4.267133 0.594144 -0.804186 -0.004529 -0.016026
1731331978.042664289474487 13.008476 -35.201096 -4.260436 0.585968 -0.810174 -0.003921 -0.015584
1731331978.142663717269897 12.987330 -35.242219 -4.267338 0.582611 -0.812544 -0.006274 -0.017215
1731331978.242663145065308 12.976297 -35.289582 -4.275232 0.583629 -0.811682 -0.004614 -0.022978
1731331978.342662572860718 12.970133 -35.338730 -4.265894 0.583099 -0.811921 -0.004791 -0.027508
1731331978.442662000656128 12.953033 -35.400336 -4.268984 0.582091 -0.812439 -0.004437 -0.033059
1731331978.542661428451538 12.931718 -35.453602 -4.264525 0.575939 -0.816822 -0.009040 -0.031839
1731331978.642660856246948 12.953629 -35.535863 -4.257614 0.567896 -0.822408 -0.010813 -0.031981
1731331978.742660284042358 12.950237 -35.567922 -4.251505 0.563156 -0.825599 -0.011040 -0.033470
1731331978.842659473419189 12.928070 -35.621478 -4.262878 0.559594 -0.827585 -0.025958 -0.035846
1731331978.942659378051758 12.917542 -35.654563 -4.289002 0.559799 -0.826856 -0.027270 -0.046813
1731331979.042658805847168 12.902966 -35.686717 -4.303460 0.560858 -0.825696 -0.032662 -0.050970
1731331979.142658233642578 12.897233 -35.727488 -4.314003 0.562593 -0.824234 -0.034400 -0.054255
1731331979.242657423019409 12.889855 -35.734470 -4.332644 0.559686 -0.826012 -0.032332 -0.058398
1731331979.342657089233398 12.880123 -35.730952 -4.342895 0.557114 -0.827661 -0.033899 -0.058750
1731331979.442656517028809 12.868511 -35.735615 -4.354269 0.555494 -0.828599 -0.033528 -0.061049
1731331979.542656183242798 12.859025 -35.765590 -4.356204 0.555217 -0.828644 -0.033727 -0.062810
1731331979.642655372619629 12.849075 -35.791334 -4.360762 0.557449 -0.827668 -0.027859 -0.058658
1731331979.742655038833618 12.842444 -35.820859 -4.367904 0.562026 -0.824319 -0.026632 -0.062581
1731331979.842654466629028 12.852076 -35.872062 -4.380124 0.564254 -0.822558 -0.024473 -0.066465
1731331979.942653894424438 12.834862 -35.907393 -4.388489 0.566529 -0.820626 -0.021311 -0.071859
1731331980.042653322219849 12.816186 -35.945880 -4.391099 0.565083 -0.821584 -0.023782 -0.071523
1731331980.142652988433838 12.801651 -35.974321 -4.389644 0.565421 -0.821112 -0.023564 -0.074291
1731331980.242652177810669 12.782023 -35.988323 -4.387957 0.565744 -0.820750 -0.021125 -0.076532
1731331980.342651844024658 12.764263 -36.011844 -4.386325 0.564875 -0.821628 -0.020740 -0.073576
1731331980.442651510238647 12.750804 -36.026014 -4.380150 0.566440 -0.820624 -0.018518 -0.073342
1731331980.542650699615479 12.739032 -36.075316 -4.379209 0.569420 -0.818334 -0.018951 -0.075709
1731331980.642650127410889 12.722325 -36.157905 -4.353741 0.572312 -0.816312 -0.020307 -0.075376
1731331980.742649555206299 12.730367 -36.269995 -4.311047 0.569133 -0.819054 -0.023169 -0.068570
1731331980.842648983001709 12.720297 -36.306824 -4.298950 0.568472 -0.819849 -0.022812 -0.064552
1731331980.942648410797119 12.711740 -36.350488 -4.298741 0.569259 -0.819727 -0.017494 -0.060709
1731331981.042648077011108 12.706107 -36.393119 -4.296740 0.573414 -0.817255 -0.016418 -0.054967
1731331981.142647504806519 12.731991 -36.436450 -4.268691 0.576685 -0.815084 -0.014835 -0.053400
1731331981.242646932601929 12.724939 -36.466183 -4.268508 0.580495 -0.812437 -0.012410 -0.053076
1731331981.342646360397339 12.719490 -36.504652 -4.267512 0.582250 -0.811869 -0.016115 -0.039928
1731331981.442645788192749 12.711394 -36.527183 -4.272105 0.589543 -0.806786 -0.015787 -0.035857
1731331981.542645215988159 12.700352 -36.584919 -4.276322 0.599800 -0.799302 -0.014113 -0.034015
1731331981.642644643783569 12.695359 -36.637747 -4.283222 0.611372 -0.790653 -0.009572 -0.031631
1731331981.742644071578979 12.690226 -36.685724 -4.286546 0.624280 -0.780570 -0.005712 -0.030865
1731331981.842643499374390 12.685637 -36.744953 -4.285382 0.639063 -0.768378 -0.001495 -0.034509
1731331981.942642927169800 12.680053 -36.806387 -4.290160 0.655960 -0.753984 0.001550 -0.034942
1731331982.042642593383789 12.675763 -36.861239 -4.293663 0.670594 -0.741316 0.002301 -0.027373
1731331982.142642021179199 12.673915 -36.877570 -4.297096 0.683563 -0.729484 0.001070 -0.024379
1731331982.242641448974609 12.668917 -36.928256 -4.297277 0.696852 -0.716844 0.001710 -0.022994
1731331982.342640876770020 12.662810 -36.961780 -4.295885 0.706307 -0.707515 0.005453 -0.022873
1731331982.442640304565430 12.660307 -37.001303 -4.296539 0.714971 -0.698725 0.008971 -0.022799
1731331982.542639732360840 12.659627 -37.044999 -4.296664 0.723493 -0.689866 0.008880 -0.023757
1731331982.642639398574829 12.659760 -37.091975 -4.303661 0.731234 -0.681616 0.009227 -0.024745
1731331982.742638587951660 12.663598 -37.146256 -4.308550 0.735998 -0.676433 0.008800 -0.025850
1731331982.842638254165649 12.665208 -37.195813 -4.304037 0.734994 -0.677638 0.007340 -0.023169
1731331982.942637681961060 12.669383 -37.252429 -4.296707 0.733941 -0.678779 0.008200 -0.022881
1731331983.042637109756470 12.680601 -37.313831 -4.295263 0.733735 -0.679089 0.006830 -0.020628
1731331983.142636537551880 12.692324 -37.379554 -4.303599 0.737504 -0.675086 0.002773 -0.018402
1731331983.242636203765869 12.696123 -37.401054 -4.307277 0.741331 -0.670879 0.002009 -0.018596
1731331983.342635631561279 12.691518 -37.361871 -4.329483 0.745535 -0.666142 0.001966 -0.020681
1731331983.442635059356689 12.690105 -37.392825 -4.327486 0.746207 -0.665507 0.002959 -0.016359
1731331983.542634487152100 12.679873 -37.425307 -4.321240 0.745453 -0.666430 0.003676 -0.012516
1731331983.642633914947510 12.669084 -37.484385 -4.317112 0.745025 -0.666884 0.006589 -0.012666
1731331983.742633104324341 12.656367 -37.534173 -4.307248 0.745346 -0.666475 0.010491 -0.012713
1731331983.842632770538330 12.652484 -37.584352 -4.307712 0.748314 -0.663071 0.014054 -0.012863
1731331983.942632198333740 12.652349 -37.654941 -4.311417 0.753892 -0.656513 0.009007 -0.023579
1731331984.042631864547729 12.632903 -37.733499 -4.301474 0.758873 -0.650848 0.009900 -0.020259
1731331984.142631053924561 12.619681 -37.793357 -4.314753 0.760879 -0.648706 0.008816 -0.012863
1731331984.242630720138550 12.620314 -37.799275 -4.309583 0.759632 -0.650285 0.006441 -0.006832
1731331984.342630147933960 12.615919 -37.826743 -4.317791 0.758482 -0.651654 0.006225 -0.003708
1731331984.442629575729370 12.616244 -37.867167 -4.323362 0.759317 -0.650589 0.012768 -0.002826
1731331984.542629003524780 12.625634 -37.902890 -4.320004 0.764415 -0.644546 0.014645 0.003802
1731331984.642628431320190 12.629496 -37.943400 -4.313544 0.770235 -0.637506 0.017781 0.002709
1731331984.742627859115601 12.640569 -38.023251 -4.292791 0.775051 -0.631620 0.018367 0.004005
1731331984.842627286911011 12.641331 -38.154888 -4.268726 0.772430 -0.634813 0.018663 0.003914
1731331984.942626714706421 12.640071 -38.185595 -4.261906 0.769805 -0.637930 0.019221 0.008702
1731331985.042626380920410 12.651089 -38.255451 -4.242655 0.766939 -0.641310 0.020968 0.009253
1731331985.142625808715820 12.658243 -38.309776 -4.237180 0.767185 -0.640753 0.027051 0.011399
1731331985.242625236511230 12.668886 -38.390037 -4.224805 0.770962 -0.636055 0.030449 0.011202
1731331985.342624664306641 12.684922 -38.414818 -4.213836 0.775566 -0.630399 0.031424 0.010362
1731331985.442624092102051 12.693182 -38.473814 -4.215010 0.779969 -0.625260 0.026288 0.002748
1731331985.542623519897461 12.692689 -38.526771 -4.208684 0.777579 -0.628298 0.024753 0.000237
1731331985.642623186111450 12.685610 -38.563048 -4.211204 0.775539 -0.630841 0.023885 -0.002884
1731331985.742622613906860 12.683267 -38.600544 -4.208816 0.774262 -0.632262 0.026668 -0.007159
1731331985.842622041702271 12.674870 -38.627699 -4.225968 0.776477 -0.629565 0.026571 -0.005057
1731331985.942621469497681 12.677082 -38.649335 -4.237462 0.780717 -0.624345 0.024498 -0.008547
1731331986.042620897293091 12.682369 -38.680468 -4.249410 0.786131 -0.617646 0.020326 -0.009898
1731331986.142620325088501 12.691688 -38.718025 -4.244544 0.786726 -0.617015 0.018786 -0.001532
1731331986.242619991302490 12.695152 -38.749011 -4.239045 0.783893 -0.620667 0.016578 0.002930
1731331986.342619180679321 12.701970 -38.783462 -4.232946 0.782429 -0.622472 0.017994 0.003070
1731331986.442618846893311 12.716667 -38.835124 -4.231536 0.782232 -0.622919 0.007631 0.005277
1731331986.542618274688721 12.733918 -38.873169 -4.243491 0.788550 -0.614930 0.007095 0.000602
1731331986.642617702484131 12.753804 -38.914542 -4.252024 0.795183 -0.606362 0.002169 -0.002011
1731331986.742617130279541 12.775105 -38.977426 -4.259364 0.801685 -0.597629 -0.002083 -0.011719
1731331986.842616558074951 12.784292 -38.994039 -4.274055 0.802831 -0.596101 -0.004439 -0.010288
1731331986.942615985870361 12.797727 -39.036167 -4.277669 0.804366 -0.593986 -0.006509 -0.011597
1731331987.042615652084351 12.812618 -39.095409 -4.281075 0.804478 -0.593751 -0.007778 -0.014658
1731331987.142615079879761 12.834243 -39.123930 -4.297299 0.807179 -0.590060 -0.011057 -0.013017
1731331987.242614507675171 12.847021 -39.116673 -4.306752 0.811404 -0.584123 -0.009197 -0.018433
1731331987.342613935470581 12.855954 -39.127351 -4.325378 0.814807 -0.579248 -0.010899 -0.021016
1731331987.442613363265991 12.871345 -39.179514 -4.332880 0.815437 -0.578403 -0.012618 -0.018794
1731331987.542612791061401 12.881366 -39.224329 -4.331393 0.815601 -0.578233 -0.012828 -0.016659
1731331987.642612218856812 12.892674 -39.278337 -4.330774 0.815902 -0.577791 -0.011160 -0.018345
1731331987.742611646652222 12.905213 -39.327919 -4.337631 0.816761 -0.576622 -0.005382 -0.019491
1731331987.842611312866211 12.919991 -39.356209 -4.352530 0.820398 -0.571423 -0.005882 -0.019718
1731331987.942610502243042 12.931044 -39.409455 -4.350412 0.822428 -0.568397 -0.006271 -0.022324
1731331988.042610168457031 12.941649 -39.431003 -4.364499 0.824839 -0.564658 -0.005287 -0.027822
1731331988.142609596252441 12.949886 -39.464605 -4.370703 0.823396 -0.567134 -0.008205 -0.017627
1731331988.242609262466431 12.967984 -39.514341 -4.363202 0.819092 -0.573508 -0.007805 -0.010775
1731331988.342606067657471 12.972914 -39.539749 -4.365048 0.813972 -0.580796 -0.005691 -0.009652
1731331988.442605495452881 12.976584 -39.567832 -4.369922 0.807225 -0.590150 -0.007261 -0.007610
1731331988.542604684829712 12.979333 -39.595208 -4.371666 0.799474 -0.600570 -0.008597 -0.009139
1731331988.642604351043701 12.974592 -39.633955 -4.372122 0.788849 -0.614405 -0.008940 -0.012041
1731331988.742604017257690 12.963984 -39.681876 -4.378131 0.776813 -0.629447 -0.007955 -0.017135
1731331988.842603206634521 12.946848 -39.733976 -4.378645 0.758889 -0.651048 -0.007009 -0.013230
1731331988.942602634429932 12.926305 -39.777683 -4.375155 0.738642 -0.673941 -0.010120 -0.010395
1731331989.042602300643921 12.903442 -39.815388 -4.375567 0.724000 -0.689670 -0.006723 -0.011562
1731331989.142601728439331 12.882475 -39.849660 -4.380539 0.711718 -0.702347 -0.002028 -0.012776
1731331989.242601156234741 12.872766 -39.881742 -4.390980 0.708970 -0.705127 -0.003075 -0.012199
1731331989.342600822448730 12.872832 -39.914424 -4.403011 0.711743 -0.702234 -0.004807 -0.016321
1731331989.442600011825562 12.870514 -39.963378 -4.409631 0.714422 -0.699366 -0.007672 -0.020729
1731331989.542599678039551 12.868309 -40.015211 -4.413244 0.714648 -0.699191 -0.010071 -0.017574
1731331989.642599105834961 12.877849 -40.111433 -4.393073 0.714062 -0.699863 -0.011611 -0.013171
1731331989.742598772048950 12.879167 -40.148059 -4.394693 0.713408 -0.700533 -0.010140 -0.014135
1731331989.842597961425781 12.884527 -40.212588 -4.400443 0.713257 -0.700775 -0.005224 -0.012324
1731331989.942597389221191 12.890681 -40.267923 -4.408213 0.716815 -0.697109 -0.004928 -0.013820
1731331990.042596817016602 12.892555 -40.322572 -4.410201 0.719344 -0.694447 -0.002387 -0.016813
1731331990.142596721649170 12.889098 -40.396249 -4.417005 0.720412 -0.693149 -0.002257 -0.023358
1731331990.242595911026001 12.879685 -40.466742 -4.425504 0.712896 -0.700935 -0.005633 -0.020924
1731331990.342595338821411 12.865936 -40.522414 -4.429123 0.703590 -0.710298 -0.007946 -0.019356
1731331990.442594766616821 12.851857 -40.587917 -4.428001 0.693825 -0.719841 -0.007237 -0.019577
1731331990.542594194412231 12.838099 -40.660281 -4.431111 0.687350 -0.725989 -0.010152 -0.019673
1731331990.642593622207642 12.833803 -40.708387 -4.442167 0.683594 -0.729400 -0.011468 -0.023298
1731331990.742593050003052 12.820639 -40.765173 -4.445623 0.678993 -0.733537 -0.011889 -0.027415
1731331990.842592477798462 12.807801 -40.835491 -4.458735 0.671219 -0.740826 -0.014049 -0.021098
1731331990.942591905593872 12.789696 -40.899556 -4.458921 0.661183 -0.749833 -0.016444 -0.017800
1731331991.042591571807861 12.777950 -40.986162 -4.442624 0.654772 -0.755474 -0.014265 -0.018128
1731331991.142590999603271 12.767170 -41.052022 -4.444387 0.651293 -0.758430 -0.014207 -0.019988
1731331991.242590427398682 12.754683 -41.134809 -4.452280 0.650871 -0.758665 -0.015290 -0.023665
1731331991.342589855194092 12.748220 -41.184928 -4.466962 0.653150 -0.756464 -0.015457 -0.030292
1731331991.442589282989502 12.735368 -41.252948 -4.475169 0.656237 -0.753568 -0.018943 -0.033601
1731331991.542588710784912 12.727554 -41.320958 -4.479167 0.656139 -0.753769 -0.020755 -0.029716
1731331991.642588138580322 12.716284 -41.323458 -4.486889 0.656021 -0.753983 -0.020975 -0.026581
1731331991.742587804794312 12.707154 -41.309075 -4.495441 0.657073 -0.753051 -0.020911 -0.027042
1731331991.842586994171143 12.709322 -41.396791 -4.509904 0.658156 -0.751737 -0.030339 -0.028326
1731331991.942586660385132 12.704053 -41.444702 -4.510086 0.662957 -0.747109 -0.030780 -0.036996
1731331992.042586088180542 12.696292 -41.535617 -4.524195 0.666341 -0.743681 -0.034852 -0.041395
1731331992.142585515975952 12.689608 -41.603796 -4.538084 0.668524 -0.740528 -0.035657 -0.058498
1731331992.242584943771362 12.684164 -41.659215 -4.548419 0.668031 -0.740978 -0.040477 -0.055201
1731331992.342581748962402 12.679181 -41.720221 -4.550193 0.668122 -0.740742 -0.040793 -0.057017
1731331992.442580938339233 12.672760 -41.780370 -4.553774 0.669639 -0.739911 -0.032907 -0.055058
1731331992.542580366134644 12.678060 -41.843050 -4.558755 0.672509 -0.737207 -0.033836 -0.055791
1731331992.642579793930054 12.676793 -41.891836 -4.565103 0.674599 -0.735235 -0.032294 -0.057479
1731331992.742579221725464 12.666154 -41.952797 -4.574833 0.676679 -0.733138 -0.030278 -0.060812
1731331992.842578649520874 12.653491 -42.015714 -4.576648 0.672976 -0.737278 -0.031313 -0.050438
1731331992.942577838897705 12.644073 -42.071956 -4.580133 0.669452 -0.740603 -0.034503 -0.046380
1731331993.042577266693115 12.636992 -42.133648 -4.583530 0.668185 -0.741778 -0.036414 -0.044357
1731331993.142576694488525 12.633189 -42.223943 -4.592446 0.667611 -0.741815 -0.046791 -0.042620
1731331993.242576122283936 12.631715 -42.258323 -4.584802 0.671801 -0.737976 -0.042964 -0.047220
1731331993.342575550079346 12.632745 -42.278512 -4.571677 0.675074 -0.734762 -0.043404 -0.050159
1731331993.442574739456177 12.622758 -42.333737 -4.577326 0.677572 -0.732673 -0.044022 -0.046357
1731331993.542574167251587 12.617621 -42.381990 -4.584413 0.674896 -0.735607 -0.042084 -0.040343
1731331993.642573595046997 12.616573 -42.431683 -4.591537 0.673089 -0.737478 -0.041408 -0.036922
1731331993.742573022842407 12.617575 -42.482667 -4.597314 0.672684 -0.737821 -0.042480 -0.036208
1731331993.842572450637817 12.621200 -42.555422 -4.612648 0.674384 -0.735950 -0.047131 -0.036915
1731331993.942571401596069 12.622821 -42.605343 -4.619138 0.678177 -0.732374 -0.046556 -0.039190
1731331994.042571067810059 12.614806 -42.655227 -4.625616 0.677197 -0.733143 -0.046670 -0.041559
1731331994.142570495605469 12.601798 -42.687465 -4.633903 0.673610 -0.736489 -0.045120 -0.042399
1731331994.242569923400879 12.593596 -42.704104 -4.636532 0.662168 -0.747106 -0.046504 -0.034677
1731331994.342569589614868 12.583582 -42.752796 -4.642087 0.652375 -0.755763 -0.047770 -0.030796
1731331994.442568540573120 12.571886 -42.800183 -4.644090 0.640431 -0.766064 -0.046642 -0.028596
1731331994.542567968368530 12.558535 -42.859547 -4.650395 0.628562 -0.775780 -0.048388 -0.027091
1731331994.642567396163940 12.543800 -42.900662 -4.654843 0.619545 -0.783081 -0.046173 -0.028562
1731331994.742566585540771 12.523481 -42.959253 -4.657709 0.608911 -0.791390 -0.043513 -0.032192
1731331994.842565774917603 12.499191 -43.026922 -4.654627 0.598051 -0.799995 -0.038977 -0.028686
1731331994.942565441131592 12.475944 -43.090494 -4.651519 0.582329 -0.811827 -0.039519 -0.016380
1731331995.042564868927002 12.450373 -43.146960 -4.645091 0.568121 -0.822020 -0.037743 -0.009837
1731331995.142564296722412 12.426077 -43.208301 -4.642352 0.556502 -0.830187 -0.032367 -0.006958
1731331995.242563724517822 12.413362 -43.281648 -4.626169 0.551837 -0.833625 -0.023027 -0.003856
1731331995.342562913894653 12.401535 -43.319021 -4.632050 0.553993 -0.832253 -0.020886 -0.003347
1731331995.442562341690063 12.371726 -43.453931 -4.621496 0.559968 -0.828292 -0.018383 -0.005448
1731331995.542561769485474 12.342764 -43.450955 -4.623405 0.566812 -0.823662 -0.016908 -0.004408
1731331995.642560958862305 12.320921 -43.502864 -4.625858 0.565902 -0.824247 -0.018378 0.005916
1731331995.742560625076294 12.303743 -43.560843 -4.627007 0.566282 -0.823952 -0.017890 0.010405
1731331995.842559814453125 12.277400 -43.629673 -4.623179 0.567889 -0.822862 -0.016921 0.010671
1731331995.942559242248535 12.242653 -43.712095 -4.626897 0.570704 -0.820922 -0.018714 0.005843
1731331996.042558670043945 12.224414 -43.771166 -4.632782 0.576200 -0.817130 -0.017108 0.000822
1731331996.142558097839355 12.196007 -43.834463 -4.634937 0.579759 -0.814608 -0.016467 -0.004708
1731331996.242557287216187 12.156521 -43.910919 -4.649826 0.580686 -0.813739 -0.020450 -0.014638
1731331996.342556715011597 12.131145 -43.969410 -4.655105 0.576872 -0.816455 -0.021773 -0.012024
1731331996.442556142807007 12.077400 -44.029670 -4.634331 0.575642 -0.817334 -0.021065 -0.012550
1731331996.542555332183838 12.081754 -44.016887 -4.642213 0.574114 -0.818551 -0.014747 -0.012239
1731331996.642554998397827 12.070107 -44.050788 -4.647150 0.577833 -0.815956 -0.012298 -0.013179
1731331996.742554187774658 12.052142 -44.097727 -4.654380 0.582363 -0.812710 -0.010559 -0.015634
1731331996.842553615570068 12.021698 -44.174579 -4.659960 0.584596 -0.811051 -0.009772 -0.018693
1731331996.942553043365479 11.994027 -44.238054 -4.658141 0.583096 -0.812163 -0.013195 -0.014724
1731331997.042552471160889 11.973227 -44.299663 -4.653107 0.583542 -0.811869 -0.014267 -0.012017
1731331997.142551660537720 11.944769 -44.372777 -4.660122 0.584288 -0.811259 -0.017862 -0.012144
1731331997.242551088333130 11.913539 -44.456678 -4.678955 0.588394 -0.808104 -0.019989 -0.018984
1731331997.342550516128540 11.885438 -44.596393 -4.707164 0.594683 -0.803279 -0.022537 -0.024216
1731331997.442549943923950 11.873653 -44.666211 -4.719160 0.600026 -0.799149 -0.022857 -0.028422
1731331997.542549133300781 11.855422 -44.741763 -4.728243 0.598844 -0.800105 -0.025759 -0.023560
1731331997.642548561096191 11.837517 -44.828437 -4.730678 0.598032 -0.800764 -0.028621 -0.017765
1731331997.742547988891602 11.815008 -44.914293 -4.736536 0.598466 -0.800428 -0.029183 -0.017380
1731331997.842547416687012 11.809695 -44.980464 -4.755964 0.602709 -0.797492 -0.022186 -0.016018
1731331997.942546606063843 11.803090 -45.030346 -4.766923 0.609088 -0.792703 -0.017205 -0.018410
1731331998.042546033859253 11.785054 -45.094073 -4.785781 0.613094 -0.789442 -0.017715 -0.024160
1731331998.142545461654663 11.743171 -45.171880 -4.779333 0.610998 -0.790791 -0.019926 -0.030553
1731331998.242544889450073 11.715077 -45.222853 -4.781687 0.608334 -0.792893 -0.018431 -0.030192
1731331998.342544317245483 11.687353 -45.273109 -4.780816 0.605070 -0.795340 -0.013569 -0.033768
1731331998.442543983459473 11.656377 -45.320707 -4.780521 0.604729 -0.795801 -0.002700 -0.031552
1731331998.542542934417725 11.631532 -45.373314 -4.784330 0.608891 -0.792613 -0.003112 -0.031733
1731331998.642542362213135 11.608108 -45.433229 -4.789071 0.613681 -0.788847 -0.002817 -0.033284
1731331998.742541790008545 11.577359 -45.510084 -4.802248 0.617028 -0.786008 -0.005307 -0.037929
1731331998.842540979385376 11.558337 -45.551672 -4.803107 0.614087 -0.788414 -0.007023 -0.035361
1731331998.942540407180786 11.547408 -45.579378 -4.806406 0.612629 -0.789649 -0.007948 -0.032816
1731331999.042539834976196 11.537309 -45.627189 -4.807236 0.612938 -0.789492 -0.004553 -0.031450
1731331999.142539262771606 11.526946 -45.668973 -4.821436 0.617722 -0.785504 -0.010428 -0.035987
1731331999.242538690567017 11.525671 -45.690099 -4.836834 0.622840 -0.781326 -0.008857 -0.039005
1731331999.342538356781006 11.515746 -45.735538 -4.844966 0.627390 -0.777694 -0.009531 -0.038511
1731331999.442537307739258 11.501533 -45.789784 -4.861391 0.629396 -0.775454 -0.009206 -0.049462
1731331999.542536735534668 11.487220 -45.844988 -4.875488 0.630131 -0.775008 -0.017615 -0.044574
1731331999.642536163330078 11.475441 -45.904255 -4.887511 0.631397 -0.773933 -0.018902 -0.044817
1731331999.742535352706909 11.474314 -45.955430 -4.902592 0.635076 -0.771219 -0.017558 -0.039893
1731331999.842534542083740 11.468320 -46.004825 -4.918752 0.646199 -0.760466 -0.016705 -0.061968
1731331999.942534208297729 11.461611 -46.053146 -4.931763 0.649453 -0.757532 -0.020201 -0.062834
1731332000.042533636093140 11.455637 -46.081710 -4.936162 0.650894 -0.756772 -0.023759 -0.055389
1731332000.142533063888550 11.448419 -46.126852 -4.933829 0.650835 -0.756781 -0.029907 -0.052922
1731332000.242532491683960 11.443317 -46.165499 -4.938921 0.652379 -0.755494 -0.031851 -0.051147
1731332000.342531681060791 11.441311 -46.217452 -4.948312 0.653344 -0.754725 -0.036109 -0.047194
1731332000.442531108856201 11.441195 -46.269164 -4.955553 0.657526 -0.750999 -0.037515 -0.047470
1731332000.542530536651611 11.439251 -46.311776 -4.960861 0.659850 -0.748704 -0.040235 -0.049210
1731332000.642529964447021 11.437481 -46.354830 -4.971645 0.662951 -0.745776 -0.040394 -0.051792
1731332000.742529392242432 11.430202 -46.415596 -4.985568 0.662713 -0.745072 -0.045889 -0.059781
1731332000.842528581619263 11.425521 -46.453387 -4.989589 0.661818 -0.745741 -0.049643 -0.058335
1731332000.942528009414673 11.420296 -46.500710 -4.995573 0.661729 -0.745915 -0.050007 -0.056776
1731332001.042527437210083 11.418852 -46.530607 -5.007662 0.661800 -0.745275 -0.058458 -0.056294
1731332001.142526865005493 11.420668 -46.553368 -5.016477 0.663917 -0.743258 -0.058558 -0.057891
1731332001.242526054382324 11.415171 -46.585320 -5.019190 0.665713 -0.741285 -0.063129 -0.057768
1731332001.342523336410522 11.418607 -46.610067 -5.019882 0.668717 -0.738939 -0.063734 -0.052203
1731332001.442522764205933 11.424851 -46.649666 -5.015419 0.668909 -0.739637 -0.064201 -0.037086
1731332001.542522192001343 11.431114 -46.682553 -5.015205 0.671605 -0.737681 -0.062605 -0.029211
1731332001.642521381378174 11.434589 -46.713715 -5.016819 0.675330 -0.734645 -0.059518 -0.026144
1731332001.742520809173584 11.429288 -46.754112 -5.019187 0.682600 -0.728825 -0.048586 -0.022606
1731332001.842520236968994 11.424409 -46.765902 -5.000391 0.689903 -0.722053 -0.044961 -0.025519
1731332001.942519664764404 11.423309 -46.798756 -5.010162 0.694939 -0.717225 -0.041276 -0.030727
1731332002.042519092559814 11.411841 -46.836143 -5.012870 0.700566 -0.711680 -0.036409 -0.037322
1731332002.142518281936646 11.408139 -46.882673 -5.021819 0.701698 -0.710227 -0.042605 -0.037174
1731332002.242517709732056 11.403527 -46.905467 -5.032055 0.700790 -0.710651 -0.046726 -0.041054
1731332002.342517137527466 11.399071 -46.938642 -5.031565 0.700320 -0.711437 -0.044331 -0.038001
1731332002.442516565322876 11.396854 -46.981756 -5.041874 0.701612 -0.710417 -0.044133 -0.033180
1731332002.542515993118286 11.396275 -47.010067 -5.053254 0.705237 -0.706807 -0.042308 -0.035702
1731332002.642515182495117 11.384715 -47.060363 -5.048277 0.707569 -0.704213 -0.040483 -0.042314
1731332002.742514610290527 11.374236 -47.113716 -5.052968 0.709702 -0.701788 -0.036769 -0.049638
1731332002.842514038085938 11.356731 -47.188144 -5.070984 0.706691 -0.703754 -0.039236 -0.061461
1731332002.942513227462769 11.336382 -47.248866 -5.093806 0.701927 -0.707793 -0.050897 -0.061131
1731332003.042512893676758 11.322090 -47.300808 -5.107555 0.699492 -0.710014 -0.056118 -0.058661
1731332003.142512083053589 11.306499 -47.357168 -5.122255 0.697409 -0.711878 -0.058120 -0.058923
1731332003.242511510848999 11.293870 -47.410850 -5.125076 0.693988 -0.715439 -0.050904 -0.062733
1731332003.342510938644409 11.267482 -47.539955 -5.122502 0.692248 -0.716300 -0.058417 -0.065532
1731332003.442510366439819 11.258153 -47.593133 -5.115703 0.689488 -0.719207 -0.062203 -0.058971
1731332003.542509555816650 11.255877 -47.627554 -5.125730 0.687824 -0.721282 -0.062648 -0.052216
1731332003.642508983612061 11.256324 -47.684906 -5.124102 0.687802 -0.721456 -0.060781 -0.052300
1731332003.742508172988892 11.257614 -47.748100 -5.140842 0.687741 -0.721225 -0.065140 -0.051032
1731332003.842507600784302 11.257038 -47.807824 -5.152493 0.690168 -0.718695 -0.063282 -0.056045
1731332003.942507028579712 11.253016 -47.870985 -5.156540 0.692102 -0.716496 -0.065282 -0.058020
1731332004.042506456375122 11.244002 -47.945348 -5.155567 0.694591 -0.714258 -0.065288 -0.055827
1731332004.142505884170532 11.231051 -48.015874 -5.156498 0.695817 -0.713170 -0.064887 -0.054923
1731332004.242505311965942 11.218150 -48.070297 -5.157658 0.696422 -0.712864 -0.060166 -0.056585
1731332004.342504501342773 11.207234 -48.110638 -5.168918 0.700925 -0.708997 -0.053627 -0.056133
1731332004.442503929138184 11.203905 -48.159398 -5.184218 0.707407 -0.702655 -0.052229 -0.055890
1731332004.542503356933594 11.220175 -48.215396 -5.193232 0.714209 -0.695769 -0.052528 -0.055241
1731332004.642503023147583 11.220774 -48.283621 -5.204882 0.721158 -0.688618 -0.050221 -0.056690
1731332004.742501974105835 11.216619 -48.356775 -5.226675 0.722587 -0.686740 -0.050615 -0.060786
1731332004.842501401901245 11.225709 -48.423307 -5.284316 0.722387 -0.683373 -0.081145 -0.067629
1731332004.942500829696655 11.249742 -48.466466 -5.315695 0.724337 -0.679416 -0.098549 -0.063391
1731332005.042500257492065 11.272712 -48.515736 -5.315215 0.726731 -0.678146 -0.090668 -0.061314
1731332005.142499685287476 11.284059 -48.553648 -5.340521 0.725884 -0.678286 -0.095253 -0.062825
1731332005.242498874664307 11.287498 -48.605936 -5.353098 0.728963 -0.675227 -0.092867 -0.063691
1731332005.342495441436768 11.279621 -48.668700 -5.344690 0.727268 -0.679041 -0.086844 -0.049419
1731332005.442494630813599 11.277136 -48.730815 -5.324355 0.727026 -0.680757 -0.077761 -0.044221
1731332005.542494058609009 11.289236 -48.749871 -5.321079 0.728664 -0.680181 -0.070944 -0.037013
1731332005.642493247985840 11.309627 -48.776521 -5.327567 0.729533 -0.680213 -0.060678 -0.037564
1731332005.742492437362671 11.329015 -48.812826 -5.332388 0.733205 -0.676472 -0.059580 -0.035295
1731332005.842491865158081 11.334902 -48.840057 -5.359265 0.735718 -0.673741 -0.058352 -0.037232
1731332005.942491292953491 11.341918 -48.877710 -5.367671 0.738063 -0.671582 -0.054098 -0.036251
1731332006.042490720748901 11.348412 -48.925824 -5.364197 0.736180 -0.674216 -0.051482 -0.028653
1731332006.142489910125732 11.352282 -48.972297 -5.363116 0.735975 -0.674854 -0.047104 -0.026370
1731332006.242489337921143 11.351597 -49.022100 -5.358968 0.736483 -0.674609 -0.042667 -0.025978
1731332006.342488527297974 11.355701 -49.074489 -5.359364 0.736140 -0.674981 -0.044479 -0.022797
1731332006.442487955093384 11.361010 -49.125875 -5.358985 0.737705 -0.673546 -0.039897 -0.023147
1731332006.542487144470215 11.363696 -49.181867 -5.359250 0.740190 -0.670635 -0.040914 -0.026333
1731332006.642486333847046 11.364520 -49.245022 -5.366999 0.740408 -0.670653 -0.037422 -0.024888
1731332006.742485761642456 11.354362 -49.284806 -5.370375 0.736309 -0.675424 -0.034604 -0.021331
1731332006.842484951019287 11.346528 -49.313350 -5.380197 0.732892 -0.679380 -0.029743 -0.020662
1731332006.942484378814697 11.338796 -49.344694 -5.386583 0.730139 -0.682504 -0.025445 -0.020929
1731332007.042483806610107 11.326901 -49.381516 -5.399029 0.726447 -0.686300 -0.027494 -0.022616
1731332007.142482995986938 11.314187 -49.412102 -5.412273 0.727953 -0.684713 -0.022543 -0.027296
1731332007.242482423782349 11.311929 -49.454985 -5.423947 0.730277 -0.682107 -0.021553 -0.031000
1731332007.342481613159180 11.309607 -49.503667 -5.429817 0.732410 -0.680096 -0.020982 -0.024600
1731332007.442481040954590 11.304540 -49.545900 -5.433587 0.730112 -0.682761 -0.018746 -0.020547
1731332007.542480230331421 11.303107 -49.582243 -5.432963 0.729434 -0.683637 -0.014777 -0.018673
1731332007.642479658126831 11.303612 -49.620662 -5.435540 0.729346 -0.683819 -0.011493 -0.017743
1731332007.742478847503662 11.303206 -49.664958 -5.437051 0.730870 -0.682328 -0.005777 -0.014966
1731332007.842478275299072 11.308940 -49.685618 -5.447439 0.736866 -0.675898 0.004323 -0.013130
1731332007.942477464675903 11.310279 -49.696430 -5.455349 0.743149 -0.668997 0.005502 -0.011901
1731332008.042476892471313 11.312993 -49.740284 -5.456220 0.748021 -0.663520 0.008627 -0.011490
1731332008.142476320266724 11.320557 -49.834577 -5.444744 0.746348 -0.665437 0.011673 -0.004571
1731332008.242475509643555 11.316306 -49.850720 -5.443081 0.745938 -0.665845 0.014143 -0.005250
1731332008.342472076416016 11.311212 -49.869918 -5.444883 0.745095 -0.666700 0.017564 -0.006059
1731332008.442471504211426 11.304754 -49.891977 -5.442142 0.743028 -0.668891 0.021745 -0.004603
1731332008.542470693588257 11.300586 -49.972979 -5.443911 0.744656 -0.667093 0.021330 -0.004339
1731332008.642470121383667 11.303709 -50.005770 -5.439294 0.749711 -0.661435 0.019762 -0.006836
1731332008.742469310760498 11.304584 -50.058685 -5.446385 0.756983 -0.653193 0.015935 -0.007889
1731332008.842468976974487 11.305548 -50.134634 -5.444501 0.759455 -0.650383 0.013076 -0.007707
1731332008.942467927932739 11.305865 -50.177069 -5.443125 0.758278 -0.651837 0.010552 -0.003395
1731332009.042467355728149 11.306415 -50.219130 -5.439255 0.757241 -0.653018 0.012088 -0.002720
1731332009.142466545104980 11.311147 -50.267144 -5.440172 0.757179 -0.653029 0.014839 -0.003591
1731332009.242465972900391 11.313791 -50.336833 -5.440369 0.760068 -0.649610 0.017375 0.001159
1731332009.342465162277222 11.324796 -50.389684 -5.448445 0.764702 -0.644177 0.016288 0.000568
1731332009.442464590072632 11.337230 -50.447092 -5.453894 0.769718 -0.638221 0.014393 -0.001201
1731332009.542463779449463 11.348051 -50.521063 -5.459233 0.773894 -0.633173 0.013364 0.000963
1731332009.642463207244873 11.356295 -50.575052 -5.455463 0.773807 -0.633269 0.012706 0.005710
1731332009.742462635040283 11.364468 -50.633144 -5.453539 0.774398 -0.632533 0.012513 0.007335
1731332009.842462062835693 11.373948 -50.696300 -5.450983 0.774477 -0.632396 0.014889 0.006308
1731332009.942461252212524 11.388620 -50.768849 -5.456996 0.775845 -0.630718 0.014133 0.007784
1731332010.042460441589355 11.404979 -50.838098 -5.459481 0.778842 -0.627048 0.014143 0.003913
1731332010.142459869384766 11.422857 -50.906394 -5.463164 0.782758 -0.622216 0.011706 0.000021
1731332010.242459058761597 11.430430 -50.923570 -5.483207 0.784454 -0.620069 0.010959 0.005106
1731332010.342458486557007 11.454848 -51.108326 -5.443757 0.784279 -0.620295 0.009288 0.007430
1731332010.442457675933838 11.463860 -51.133401 -5.441077 0.783955 -0.620682 0.010751 0.007252
1731332010.542457103729248 11.475793 -51.177777 -5.441371 0.784315 -0.620195 0.013049 0.006149
1731332010.642456293106079 11.490677 -51.229951 -5.445504 0.788213 -0.615082 0.017137 0.010047
1731332010.742455720901489 11.504318 -51.265129 -5.445150 0.792600 -0.609433 0.017580 0.008234
1731332010.842454671859741 11.516052 -51.304488 -5.446169 0.796654 -0.604162 0.017279 0.005704
1731332010.942454338073730 11.526746 -51.369913 -5.442801 0.797881 -0.602475 0.018888 0.007322
1731332011.042453527450562 11.538769 -51.541685 -5.416033 0.793318 -0.608475 0.017527 0.009893
1731332011.142452955245972 11.536493 -51.619735 -5.406149 0.789151 -0.613847 0.017613 0.011058
1731332011.242452144622803 11.535588 -51.689955 -5.399210 0.784116 -0.620217 0.019965 0.009655
1731332011.342451572418213 11.536000 -51.784899 -5.389423 0.782153 -0.622410 0.026936 0.010819
1731332011.442451000213623 11.543238 -51.841615 -5.398429 0.782941 -0.621502 0.025406 0.009673
1731332011.542450189590454 11.547418 -51.869804 -5.407301 0.784639 -0.619420 0.024545 0.007662
1731332011.642449617385864 11.559031 -51.937801 -5.409788 0.788456 -0.614661 0.022788 0.003038
1731332011.742448806762695 11.572287 -51.988757 -5.415081 0.788844 -0.614079 0.024030 0.007396
1731332011.842448234558105 11.583641 -52.055062 -5.412485 0.788541 -0.614476 0.023561 0.008158
1731332011.942447423934937 11.595013 -52.101745 -5.414943 0.788504 -0.614493 0.024372 0.008082
1731332012.042446851730347 11.612338 -52.144226 -5.422807 0.789165 -0.613650 0.024518 0.007191
1731332012.142446041107178 11.632216 -52.180622 -5.436725 0.790902 -0.611336 0.025809 0.008669
1731332012.242445468902588 11.643886 -52.186106 -5.459197 0.791713 -0.610387 0.023995 0.006530
1731332012.342441320419312 11.660681 -52.237830 -5.464678 0.791781 -0.610425 0.020983 0.004874
1731332012.442440509796143 11.678798 -52.300228 -5.461621 0.791573 -0.610752 0.019692 0.002355
1731332012.542439699172974 11.685731 -52.360825 -5.471190 0.783950 -0.620472 0.019003 0.008679
1731332012.642438888549805 11.688931 -52.406011 -5.472635 0.776567 -0.629732 0.017282 0.009072
1731332012.742438077926636 11.698679 -52.489233 -5.465269 0.766544 -0.641880 0.019395 0.005034
1731332012.842437744140625 11.731310 -52.775702 -5.434924 0.753803 -0.656828 0.018626 0.003396
1731332012.942436695098877 11.739978 -52.919819 -5.425918 0.744386 -0.667487 0.018622 -0.002186
1731332013.042436122894287 11.745283 -53.025772 -5.422933 0.734081 -0.678781 0.018162 -0.007228
1731332013.142435312271118 11.739401 -53.107776 -5.424830 0.729783 -0.683486 0.014322 -0.007632
1731332013.242434501647949 11.738783 -53.187201 -5.426177 0.726556 -0.686959 0.014069 0.002502
1731332013.342433691024780 11.730259 -53.251667 -5.425752 0.722765 -0.690972 0.012692 0.002628
1731332013.442433118820190 11.717788 -53.291782 -5.440275 0.719753 -0.694114 0.012662 0.000923
1731332013.542432308197021 11.695812 -53.303216 -5.445864 0.717209 -0.696664 0.016439 0.000820
1731332013.642431497573853 11.684305 -53.354776 -5.483789 0.720449 -0.693329 0.015761 0.000264
1731332013.742430686950684 11.677308 -53.367139 -5.504038 0.724701 -0.688889 0.015379 -0.002018
1731332013.842429876327515 11.680736 -53.448212 -5.507772 0.730455 -0.682842 0.012712 -0.001346
1731332013.942429065704346 11.681542 -53.532460 -5.506861 0.730719 -0.682553 0.012467 0.003990
1731332014.042428493499756 11.681704 -53.597868 -5.503179 0.730007 -0.683311 0.010843 0.007655
1731332014.142427921295166 11.687592 -53.663945 -5.500421 0.730020 -0.683297 0.011021 0.007409
1731332014.242427110671997 11.694788 -53.735901 -5.503839 0.732210 -0.680874 0.013228 0.010237
1731332014.342426300048828 11.713152 -53.803211 -5.517831 0.736850 -0.675909 0.010761 0.009134
1731332014.442425489425659 11.713611 -53.797073 -5.516991 0.741179 -0.671180 0.008637 0.009828
1731332014.542424917221069 11.720205 -53.843021 -5.519923 0.746559 -0.665226 0.007002 0.008625
1731332014.642424106597900 11.707965 -53.831836 -5.532034 0.746373 -0.665341 0.006315 0.014443
1731332014.742423295974731 11.701329 -53.837053 -5.533560 0.746198 -0.665480 0.004603 0.017409
1731332014.842422485351562 11.696998 -53.857095 -5.542435 0.746450 -0.665187 0.004611 0.017808
1731332014.942421674728394 11.715305 -53.912862 -5.526736 0.747542 -0.663914 0.008277 0.018199
1731332015.042421102523804 11.716614 -53.944622 -5.544115 0.751781 -0.659149 0.007849 0.016955
1731332015.142420291900635 11.726017 -53.998561 -5.544731 0.755637 -0.654742 0.006347 0.016907
1731332015.242419719696045 11.735753 -54.057241 -5.543811 0.759877 -0.649884 0.005393 0.014444
1731332015.342418909072876 11.738506 -54.115130 -5.544582 0.759469 -0.650225 0.004772 0.019759
1731332015.442418098449707 11.747649 -54.162852 -5.536986 0.758290 -0.651438 0.003505 0.024756
1731332015.542417526245117 11.758397 -54.215493 -5.530841 0.757082 -0.652762 0.004197 0.026661
1731332015.642416477203369 11.772264 -54.274876 -5.533612 0.758183 -0.651486 0.007446 0.025876
1731332015.742415904998779 11.790607 -54.320563 -5.533156 0.763038 -0.645797 0.008404 0.025452
1731332015.842415094375610 11.805737 -54.372071 -5.533812 0.767736 -0.640239 0.007312 0.024939
1731332015.942414283752441 11.821768 -54.431754 -5.528276 0.772358 -0.634704 0.006463 0.023940
1731332016.042413711547852 11.832590 -54.504097 -5.530321 0.772397 -0.634626 0.004584 0.025143
1731332016.142412900924683 11.838966 -54.544863 -5.525472 0.771222 -0.635949 0.003400 0.027799
1731332016.242412090301514 11.845942 -54.596963 -5.523628 0.769168 -0.638458 0.003547 0.027191
1731332016.342411518096924 11.871684 -54.773319 -5.513417 0.768332 -0.639480 0.006643 0.026218
1731332016.442410707473755 11.905712 -54.988638 -5.504693 0.769344 -0.638361 0.006123 0.023826
1731332016.542409896850586 11.918814 -55.062038 -5.499035 0.770513 -0.637041 0.006796 0.021052
1731332016.642408847808838 11.908563 -55.056588 -5.495508 0.766817 -0.641581 0.004945 0.018486
1731332016.742408275604248 11.895719 -55.075653 -5.489334 0.753079 -0.657658 0.002844 0.018712
1731332016.842407703399658 11.886772 -55.125294 -5.484078 0.737593 -0.674924 0.001205 0.020792
1731332016.942406892776489 11.887483 -55.211881 -5.481953 0.722433 -0.691198 0.005441 0.017490
1731332017.042406320571899 11.887647 -55.282731 -5.490187 0.716157 -0.697656 0.009573 0.017436
1731332017.142405748367310 11.889635 -55.336928 -5.496110 0.718816 -0.694973 0.011534 0.013567
1731332017.242404699325562 11.896818 -55.406069 -5.497814 0.722608 -0.691081 0.012079 0.009968
1731332017.342403888702393 11.904637 -55.496000 -5.497451 0.726013 -0.687537 0.011527 0.008056
1731332017.442403316497803 11.910675 -55.544381 -5.494827 0.724576 -0.689017 0.010128 0.011932
1731332017.542402505874634 11.914628 -55.606682 -5.499412 0.723490 -0.690176 0.009230 0.011579
1731332017.642401695251465 11.917027 -55.678354 -5.502109 0.723243 -0.690440 0.010969 0.009564
1731332017.742400884628296 11.914786 -55.733805 -5.508666 0.726977 -0.686463 0.011947 0.011420
1731332017.842400074005127 11.916536 -55.792156 -5.508772 0.731066 -0.682140 0.013005 0.007662
1731332017.942399501800537 11.917767 -55.860854 -5.507925 0.735319 -0.677603 0.012086 0.003715
1731332018.042398691177368 11.919863 -55.934625 -5.501620 0.736363 -0.676379 0.013542 0.009859
1731332018.142398118972778 11.921597 -56.001992 -5.497976 0.735992 -0.676714 0.011748 0.015356
1731332018.242397069931030 11.923941 -56.068545 -5.492239 0.735807 -0.676946 0.010910 0.014582
1731332018.342396497726440 11.920724 -56.135003 -5.492686 0.736405 -0.676277 0.013772 0.012986
1731332018.442395687103271 11.944251 -56.202320 -5.500325 0.739467 -0.672927 0.012954 0.013805
1731332018.542394876480103 11.951913 -56.252923 -5.495835 0.742768 -0.669334 0.013494 0.010275
1731332018.642394304275513 11.962295 -56.336655 -5.493607 0.746281 -0.665491 0.011796 0.006799
1731332018.742393493652344 11.961831 -56.351384 -5.497079 0.747751 -0.663733 0.014646 0.010617
1731332018.842392683029175 11.958692 -56.413181 -5.493303 0.747697 -0.663732 0.014285 0.014285
1731332018.942391872406006 11.959458 -56.453769 -5.489914 0.747658 -0.663775 0.013858 0.014760
1731332019.042391300201416 11.966574 -56.522971 -5.493102 0.748940 -0.662358 0.013713 0.013543
1731332019.142390489578247 11.970128 -56.626388 -5.499253 0.751682 -0.659245 0.012456 0.014692
1731332019.242389917373657 11.971902 -56.678671 -5.498084 0.754808 -0.655715 0.013431 0.011052
1731332019.342389106750488 11.978652 -56.766423 -5.476442 0.757691 -0.652464 0.012915 0.005341
1731332019.442388296127319 11.983163 -56.832791 -5.479093 0.757636 -0.652466 0.015768 0.005157
1731332019.542387485504150 11.982336 -56.890049 -5.485602 0.748101 -0.663421 0.013440 0.006110
1731332019.642386674880981 11.983266 -56.954601 -5.484563 0.737901 -0.674753 0.012303 0.007676
1731332019.742386102676392 11.988538 -57.030463 -5.477476 0.726435 -0.687128 0.011089 0.005013
1731332019.842385292053223 11.990938 -57.098073 -5.480393 0.717912 -0.696052 0.010565 0.001639
1731332019.942384481430054 11.991302 -57.152741 -5.477792 0.710246 -0.703875 0.010253 -0.002251
1731332020.042383909225464 11.989040 -57.200859 -5.480019 0.705859 -0.708250 0.010191 -0.006449
1731332020.142383098602295 11.992490 -57.260460 -5.480266 0.702606 -0.711379 0.011898 -0.011959
1731332020.242382287979126 11.999412 -57.304626 -5.483492 0.699489 -0.714584 0.008671 -0.002991
1731332020.342381715774536 12.000421 -57.358660 -5.494729 0.697493 -0.716570 0.005312 -0.001786
1731332020.442380905151367 11.996446 -57.398425 -5.500071 0.697425 -0.716654 0.001513 -0.001386
1731332020.542380094528198 11.975834 -57.413215 -5.508961 0.697767 -0.716208 -0.011930 -0.004936
1731332020.642379283905029 11.958584 -57.511529 -5.542159 0.702452 -0.710916 -0.026774 -0.021027
1731332020.742378473281860 11.955047 -57.577467 -5.555049 0.704734 -0.708369 -0.030734 -0.024899
1731332020.842377901077271 11.945270 -57.624718 -5.583520 0.708631 -0.704367 -0.028557 -0.029902
1731332020.942377328872681 11.940932 -57.701837 -5.594880 0.709408 -0.703654 -0.023740 -0.032378
1731332021.042376518249512 11.933782 -57.766353 -5.595560 0.709711 -0.703385 -0.028991 -0.026824
1731332021.142375707626343 11.945373 -57.833017 -5.583649 0.711766 -0.701353 -0.030191 -0.024123
1731332021.242374897003174 11.949255 -57.861509 -5.567674 0.713564 -0.699596 -0.030477 -0.021494
1731332021.342374086380005 11.954810 -57.896033 -5.568859 0.715743 -0.697275 -0.029614 -0.025348
1731332021.442373275756836 11.960298 -57.926324 -5.573774 0.717216 -0.695517 -0.032375 -0.028449
1731332021.542372703552246 11.960783 -57.968145 -5.574356 0.719914 -0.692471 -0.034012 -0.032416
1731332021.642371892929077 11.968476 -58.025440 -5.585712 0.721283 -0.690834 -0.030563 -0.039578
1731332021.742371082305908 11.967781 -58.068412 -5.590477 0.721695 -0.690949 -0.033172 -0.025420
1731332021.842370271682739 11.959846 -58.110850 -5.581924 0.721521 -0.691186 -0.034781 -0.021456
1731332021.942369699478149 11.956372 -58.143885 -5.575683 0.720750 -0.691944 -0.037084 -0.018915
1731332022.042368650436401 11.951397 -58.188739 -5.571339 0.714661 -0.698050 -0.040928 -0.017634
1731332022.142368316650391 11.948560 -58.269579 -5.587577 0.708476 -0.703395 -0.051619 -0.025137
1731332022.242367506027222 11.949315 -58.318534 -5.590947 0.699411 -0.712353 -0.050336 -0.029050
1731332022.342366695404053 11.941271 -58.351484 -5.594289 0.689981 -0.721526 -0.047946 -0.032046
1731332022.442365884780884 11.931080 -58.419803 -5.594172 0.678029 -0.733052 -0.043107 -0.032440
1731332022.542365074157715 11.916508 -58.455156 -5.590731 0.664736 -0.745159 -0.045178 -0.028699
1731332022.642364501953125 11.902132 -58.506823 -5.574763 0.650971 -0.757330 -0.044379 -0.026809
1731332022.742363691329956 11.897729 -58.534406 -5.578146 0.637029 -0.769276 -0.043008 -0.023626
1731332022.842362880706787 11.892722 -58.583279 -5.586201 0.623684 -0.780007 -0.043452 -0.026822
1731332022.942362070083618 11.876531 -58.616146 -5.587782 0.608014 -0.792424 -0.039273 -0.028994
1731332023.042361497879028 11.854755 -58.650545 -5.589426 0.590858 -0.805448 -0.034500 -0.030817
1731332023.142360687255859 11.835212 -58.687966 -5.579812 0.568457 -0.821910 -0.033783 -0.013381
1731332023.242360115051270 11.818964 -58.712172 -5.564427 0.543301 -0.838795 -0.035307 -0.000426
1731332023.342359304428101 11.779946 -58.742136 -5.550430 0.517422 -0.855176 -0.030468 0.004413
1731332023.442358493804932 11.733344 -58.791094 -5.540606 0.490446 -0.871078 -0.025040 0.007682
1731332023.542357683181763 11.700339 -58.805822 -5.525292 0.478783 -0.877844 -0.003489 0.012008
1731332023.642357110977173 11.672362 -58.835376 -5.528916 0.479163 -0.877643 -0.001134 0.012007
1731332023.742356300354004 11.647877 -58.854232 -5.526979 0.485543 -0.874156 0.005390 0.008402
1731332023.842355489730835 11.615226 -58.913191 -5.530259 0.492158 -0.870464 0.004721 0.007123
1731332023.942354679107666 11.583058 -58.967475 -5.530000 0.491338 -0.870889 0.003348 0.011330
1731332024.042354106903076 11.555205 -58.999829 -5.534858 0.491203 -0.870947 0.001053 0.013000
1731332024.142353296279907 11.535505 -59.017162 -5.543355 0.492246 -0.870351 0.001306 0.013504
1731332024.242352485656738 11.505425 -59.061360 -5.544779 0.493035 -0.869920 -0.001208 0.012420
1731332024.342351675033569 11.486303 -59.100765 -5.551613 0.496465 -0.868031 -0.000829 0.006656
1731332024.442351102828979 11.460703 -59.138876 -5.551428 0.499277 -0.866437 0.000699 0.003153
1731332024.542350292205811 11.435884 -59.182065 -5.547742 0.502241 -0.864706 -0.002729 0.005450
1731332024.642349481582642 11.418102 -59.219374 -5.541916 0.502706 -0.864379 -0.005525 0.010274
1731332024.742348432540894 11.397519 -59.270003 -5.535972 0.502994 -0.864189 -0.004514 0.012392
1731332024.842348098754883 11.375701 -59.321230 -5.530310 0.505499 -0.862733 -0.003673 0.012239
1731332024.942347288131714 11.368715 -59.377739 -5.538920 0.510021 -0.860022 0.001546 0.015428
1731332025.042346715927124 11.341683 -59.429667 -5.529705 0.514764 -0.857213 0.001758 0.014206
1731332025.142345905303955 11.330719 -59.470293 -5.534593 0.517063 -0.855866 0.002208 0.011569
1731332025.242345333099365 11.305483 -59.516589 -5.537526 0.516115 -0.856413 0.000031 0.013491
1731332025.342344284057617 11.289078 -59.548918 -5.536494 0.510748 -0.859544 -0.003032 0.017662
1731332025.442343473434448 11.269983 -59.577870 -5.533488 0.506287 -0.862126 -0.004007 0.019873
1731332025.542342901229858 11.252094 -59.609884 -5.531336 0.504379 -0.863200 -0.002411 0.021931
1731332025.642342090606689 11.224615 -59.658191 -5.522669 0.506265 -0.862003 -0.004440 0.025060
1731332025.742341279983521 11.180488 -59.751127 -5.486551 0.512765 -0.858268 -0.004896 0.020583
1731332025.842340469360352 11.154057 -59.802691 -5.493981 0.520159 -0.853822 -0.007375 0.019210
1731332025.942339897155762 11.140379 -59.857205 -5.546924 0.528415 -0.848690 -0.008682 0.020690
1731332026.042339086532593 11.132046 -59.891891 -5.554133 0.526618 -0.849526 -0.007833 0.030291
1731332026.142338514328003 11.122917 -59.926658 -5.549201 0.526375 -0.849472 -0.009104 0.035263
1731332026.242337703704834 11.115219 -59.966722 -5.543384 0.526435 -0.849395 -0.007070 0.036659
1731332026.342336654663086 11.108480 -60.019961 -5.536967 0.527376 -0.848880 -0.001127 0.035715
1731332026.442336082458496 11.098761 -60.060577 -5.532099 0.533583 -0.844980 0.000006 0.036039
1731332026.542335271835327 11.087257 -60.097608 -5.532346 0.540070 -0.840958 0.000153 0.033367
1731332026.642334699630737 11.075062 -60.126732 -5.533256 0.544809 -0.837986 0.000217 0.031030
1731332026.742333889007568 11.048557 -60.177501 -5.546034 0.543910 -0.838858 0.005694 0.021138
1731332026.842333078384399 11.023388 -60.206874 -5.558334 0.532198 -0.846473 0.004118 0.015238
1731332026.942332267761230 11.003320 -60.222428 -5.571685 0.513075 -0.858197 0.001113 0.015861
1731332027.042331695556641 10.973544 -60.251278 -5.571606 0.492361 -0.870214 0.003865 0.017140
1731332027.142330884933472 10.947640 -60.287884 -5.584110 0.478621 -0.877962 0.000637 0.010221
1731332027.242330074310303 10.927944 -60.311311 -5.587543 0.463382 -0.886132 -0.000671 0.006875
1731332027.342329502105713 10.905728 -60.332564 -5.593884 0.459538 -0.888142 -0.002614 0.004625
1731332027.442328691482544 10.888973 -60.367719 -5.595585 0.463259 -0.886221 0.000348 0.001667
1731332027.542327880859375 10.866770 -60.408133 -5.597263 0.462134 -0.886792 -0.004663 0.003281
1731332027.642327070236206 10.848765 -60.435903 -5.597116 0.461059 -0.887340 -0.006839 0.002321
1731332027.742326498031616 10.831394 -60.451413 -5.599823 0.461280 -0.887215 -0.008355 0.000965
1731332027.842325687408447 10.804773 -60.490270 -5.608130 0.461526 -0.886850 -0.021146 -0.006695
1731332027.942324876785278 10.780048 -60.529798 -5.610323 0.466942 -0.884219 -0.004002 -0.010277
1731332028.042324304580688 10.747243 -60.573288 -5.606864 0.474724 -0.879999 -0.007897 -0.013289
1731332028.142323493957520 10.698042 -60.638913 -5.612750 0.476998 -0.878675 -0.006988 -0.018828
1731332028.242322683334351 10.664408 -60.679848 -5.616965 0.474981 -0.879792 -0.009088 -0.016661
1731332028.342321872711182 10.631125 -60.724895 -5.621881 0.476232 -0.879111 -0.011365 -0.015380
1731332028.442321300506592 10.594528 -60.782622 -5.630909 0.477410 -0.878350 -0.017969 -0.016035
1731332028.542320489883423 10.567469 -60.829669 -5.645752 0.484529 -0.874380 -0.016671 -0.020319
1731332028.642319679260254 10.543793 -60.872533 -5.650121 0.488417 -0.872076 -0.019577 -0.023427
1731332028.742318868637085 10.524428 -60.888473 -5.661035 0.492987 -0.869415 -0.020817 -0.025464
1731332028.842318296432495 10.509514 -60.903623 -5.678868 0.492045 -0.869960 -0.023349 -0.022719
1731332028.942317485809326 10.508477 -60.918666 -5.645685 0.491901 -0.870106 -0.027036 -0.014741
1731332029.042316913604736 10.491813 -60.962861 -5.648381 0.491527 -0.870309 -0.029482 -0.009711
1731332029.142316102981567 10.472621 -61.013393 -5.691959 0.494241 -0.868629 -0.033897 -0.007800
1731332029.242315292358398 10.461014 -61.054292 -5.694726 0.501290 -0.864643 -0.031865 -0.009233
1731332029.342314481735229 10.438720 -61.100108 -5.693614 0.506535 -0.861588 -0.031109 -0.010976
1731332029.442313671112061 10.432583 -61.107234 -5.709746 0.512232 -0.858237 -0.031738 -0.006357
1731332029.542313098907471 10.414193 -61.133986 -5.705844 0.509734 -0.859711 -0.032661 -0.001087
1731332029.642312288284302 10.397860 -61.163491 -5.711344 0.507595 -0.860980 -0.032491 0.002417
1731332029.742311477661133 10.375803 -61.206020 -5.708058 0.505938 -0.861955 -0.032292 0.004180
1731332029.842310667037964 10.349384 -61.256509 -5.709703 0.507939 -0.860678 -0.035073 0.000745
1731332029.942310094833374 10.333983 -61.280529 -5.714244 0.514603 -0.857062 -0.024719 0.004200
1731332030.042309284210205 10.315109 -61.311128 -5.714604 0.521505 -0.852937 -0.022946 0.002269
1731332030.142308235168457 10.290779 -61.357158 -5.724651 0.527591 -0.849222 -0.021659 -0.000005
1731332030.242307901382446 10.281090 -61.377544 -5.735101 0.527595 -0.849150 -0.023465 0.006080
1731332030.342307090759277 10.260337 -61.414814 -5.723737 0.527142 -0.849382 -0.024049 0.009654
1731332030.442306280136108 10.231132 -61.478982 -5.718744 0.527153 -0.849413 -0.023273 0.008179
1731332030.542305469512939 10.194111 -61.541703 -5.710603 0.531401 -0.846819 -0.021721 0.006229
1731332030.642305135726929 10.161622 -61.595016 -5.696253 0.537845 -0.842800 -0.020129 0.002392
1731332030.742304086685181 10.172980 -61.585468 -5.703629 0.544287 -0.838659 -0.020043 -0.000782
1731332030.842303276062012 10.151640 -61.616063 -5.705326 0.544460 -0.838534 -0.020281 0.003400
1731332030.942302465438843 10.127442 -61.666706 -5.697849 0.542061 -0.840008 -0.021657 0.009401
1731332031.042301893234253 10.092425 -61.724797 -5.717838 0.539550 -0.841640 -0.020273 0.010792
1731332031.142301082611084 10.070016 -61.770497 -5.704647 0.538106 -0.842543 -0.021178 0.010734
1731332031.242300271987915 10.042458 -61.842630 -5.709968 0.542102 -0.839893 -0.025647 0.006800
1731332031.342299699783325 10.022005 -61.884293 -5.721261 0.547692 -0.836398 -0.021725 0.000032
1731332031.442298889160156 10.011482 -61.920859 -5.724077 0.554130 -0.832164 -0.020559 -0.004519
1731332031.542298078536987 9.993969 -61.932264 -5.753313 0.555025 -0.831560 -0.020882 -0.004345
1731332031.642297267913818 9.981655 -61.963187 -5.749559 0.555205 -0.831356 -0.022969 -0.008184
1731332031.742296457290649 9.967139 -61.998593 -5.750264 0.555687 -0.831066 -0.022326 -0.006470
1731332031.842295885086060 9.948721 -62.041954 -5.750154 0.558563 -0.828799 -0.031431 -0.010519
1731332031.942295074462891 9.936835 -62.079920 -5.762015 0.565709 -0.823938 -0.027948 -0.017849
1731332032.042294502258301 9.926152 -62.123753 -5.771463 0.570927 -0.820143 -0.028039 -0.024918
1731332032.142293691635132 9.912612 -62.164197 -5.779155 0.575609 -0.816385 -0.029871 -0.036013
1731332032.242292881011963 9.898230 -62.187288 -5.774614 0.568834 -0.821128 -0.033461 -0.032509
1731332032.342292070388794 9.881284 -62.221540 -5.770911 0.560472 -0.826727 -0.035931 -0.033208
1731332032.442291498184204 9.867979 -62.244480 -5.771685 0.553421 -0.831340 -0.036718 -0.035351
1731332032.542290687561035 9.853119 -62.266592 -5.775246 0.546683 -0.836008 -0.033188 -0.033565
1731332032.642289876937866 9.841054 -62.289005 -5.777503 0.538159 -0.841337 -0.033713 -0.037430
1731332032.742289066314697 9.818690 -62.316876 -5.781584 0.527462 -0.847927 -0.031930 -0.042250
1731332032.842288494110107 9.784498 -62.350916 -5.787476 0.516048 -0.854820 -0.027844 -0.046925
1731332032.942287683486938 9.754809 -62.368222 -5.798397 0.502353 -0.862816 -0.029106 -0.048408
1731332033.042286872863770 9.726357 -62.379985 -5.798940 0.488018 -0.870831 -0.034425 -0.048036
1731332033.142286300659180 9.694793 -62.393936 -5.800080 0.470658 -0.880253 -0.034018 -0.049791
1731332033.242285490036011 9.659782 -62.405319 -5.800988 0.456154 -0.888248 -0.024188 -0.048511
1731332033.342284917831421 9.644599 -62.411981 -5.806946 0.446543 -0.892987 -0.022030 -0.051851
1731332033.442283868789673 9.625910 -62.420092 -5.808933 0.438049 -0.896967 -0.021066 -0.055857
1731332033.542283296585083 9.598506 -62.433310 -5.810599 0.428082 -0.901630 -0.020983 -0.058045
1731332033.642282485961914 9.569710 -62.445082 -5.809925 0.410747 -0.910026 -0.023000 -0.051086
1731332033.742281675338745 9.550998 -62.446205 -5.802681 0.394466 -0.917390 -0.023983 -0.047083
1731332033.842280864715576 9.525281 -62.458035 -5.800313 0.378499 -0.924274 -0.024519 -0.043070
1731332033.942280292510986 9.514021 -62.470503 -5.799373 0.367058 -0.928667 -0.036013 -0.039359
1731332034.042279481887817 9.495692 -62.479514 -5.801547 0.371961 -0.927386 -0.025861 -0.030524
1731332034.142278671264648 9.488061 -62.496308 -5.807974 0.368302 -0.928953 -0.020119 -0.031536
1731332034.242278099060059 9.477373 -62.508127 -5.816727 0.372741 -0.927393 -0.017763 -0.026284
1731332034.342277288436890 9.466080 -62.527300 -5.820790 0.374275 -0.926761 -0.023210 -0.022219
1731332034.442276239395142 9.449946 -62.541233 -5.820250 0.375802 -0.926179 -0.023284 -0.020582
1731332034.542275667190552 9.434810 -62.558470 -5.821115 0.377214 -0.925636 -0.023178 -0.019225
1731332034.642275094985962 9.418424 -62.571425 -5.821179 0.378408 -0.925041 -0.025983 -0.020797
1731332034.742274284362793 9.399702 -62.577541 -5.825240 0.378163 -0.925255 -0.019905 -0.022347
1731332034.842273473739624 9.388304 -62.582678 -5.824371 0.381272 -0.924080 -0.012567 -0.023442
1731332034.942272663116455 9.379196 -62.578237 -5.813891 0.383600 -0.923013 -0.006960 -0.029152
1731332035.042272090911865 9.348446 -62.592157 -5.815216 0.374537 -0.926734 -0.005515 -0.029253
1731332035.142271280288696 9.312998 -62.597759 -5.811728 0.358361 -0.933143 -0.006477 -0.027942
1731332035.242270469665527 9.266781 -62.598716 -5.808632 0.334928 -0.941781 -0.002388 -0.029426
1731332035.342269897460938 9.220787 -62.587469 -5.813218 0.307538 -0.950933 -0.005613 -0.033392
1731332035.442269086837769 9.173182 -62.583681 -5.818225 0.279633 -0.959378 -0.010888 -0.035782
1731332035.542268276214600 9.121295 -62.580631 -5.818969 0.255321 -0.965950 -0.012151 -0.040040
1731332035.642267465591431 9.060391 -62.580983 -5.829306 0.245153 -0.968345 -0.009348 -0.046060
1731332035.742266893386841 9.028299 -62.577736 -5.836365 0.233950 -0.971161 -0.015922 -0.043130
1731332035.842266082763672 9.006506 -62.581037 -5.843276 0.227208 -0.972663 -0.018321 -0.044346
1731332035.942265272140503 8.981022 -62.590041 -5.850766 0.226478 -0.972773 -0.017104 -0.046138
1731332036.042264461517334 8.953425 -62.602530 -5.858478 0.228680 -0.972084 -0.019692 -0.048694
1731332036.142263889312744 8.916678 -62.626880 -5.866736 0.232289 -0.971030 -0.016903 -0.053448
1731332036.242263078689575 8.888734 -62.647095 -5.869679 0.235715 -0.970079 -0.014940 -0.056233
1731332036.342262268066406 8.868302 -62.667384 -5.873744 0.239452 -0.968996 -0.014549 -0.059148
1731332036.442261695861816 8.847502 -62.685291 -5.876799 0.244029 -0.967904 -0.013679 -0.058523
1731332036.542260885238647 8.827022 -62.701807 -5.875112 0.245512 -0.967809 -0.019522 -0.051840
1731332036.642260074615479 8.809851 -62.718434 -5.873728 0.247824 -0.967380 -0.019836 -0.048630
1731332036.742259263992310 8.787851 -62.739384 -5.872869 0.251411 -0.966553 -0.017982 -0.047374
1731332036.842258691787720 8.767651 -62.767227 -5.883341 0.256076 -0.965317 -0.020232 -0.046686
1731332036.942257881164551 8.747871 -62.791826 -5.886445 0.262681 -0.963498 -0.017787 -0.048522
1731332037.042257070541382 8.728878 -62.814858 -5.901102 0.268234 -0.961853 -0.016250 -0.051241
1731332037.142256498336792 8.695327 -62.847204 -5.906873 0.274656 -0.959967 -0.008162 -0.054417
1731332037.242255687713623 8.647876 -62.876669 -5.923670 0.273691 -0.960423 -0.009851 -0.050821
1731332037.342254877090454 8.602672 -62.902766 -5.925973 0.273731 -0.960381 -0.010831 -0.051199
1731332037.442254066467285 8.566517 -62.926837 -5.930266 0.274481 -0.960187 -0.010699 -0.050861
1731332037.542253494262695 8.524049 -62.951580 -5.930647 0.271347 -0.961241 -0.004502 -0.048657
1731332037.642252683639526 8.504478 -62.949872 -5.937113 0.258529 -0.964830 -0.005039 -0.047341
1731332037.742251873016357 8.474742 -62.946354 -5.944309 0.238637 -0.969869 -0.003182 -0.048954
1731332037.842251062393188 8.428664 -62.944461 -5.952123 0.217065 -0.974770 0.002598 -0.051946
1731332037.942250490188599 8.376562 -62.935764 -5.967516 0.187849 -0.980738 0.000549 -0.053522
1731332038.042249679565430 8.327777 -62.928411 -5.963584 0.157437 -0.986046 -0.005544 -0.053809
1731332038.142248868942261 8.292933 -62.919581 -5.962419 0.127346 -0.990487 -0.007154 -0.051638
1731332038.242248296737671 8.255428 -62.915259 -5.959983 0.095307 -0.993954 -0.014263 -0.052610
1731332038.342247486114502 8.226330 -62.893598 -5.953249 0.080296 -0.995374 -0.006787 -0.052315
1731332038.442246675491333 8.204922 -62.884570 -5.953720 0.069863 -0.996145 -0.003048 -0.052970
1731332038.542245864868164 8.205012 -62.858451 -5.980668 0.064551 -0.996502 -0.000269 -0.053079
1731332038.642245292663574 8.175633 -62.844903 -5.979433 0.056218 -0.997675 -0.015837 -0.035111
1731332038.742244720458984 8.155295 -62.841608 -5.978162 0.047600 -0.998137 -0.020553 -0.032156
1731332038.842243671417236 8.130985 -62.840700 -5.976510 0.038257 -0.998668 -0.019889 -0.028340
1731332038.942242860794067 8.109878 -62.834325 -5.975670 0.032492 -0.998922 -0.020056 -0.026391
1731332039.042242288589478 8.086493 -62.835457 -5.972920 0.032681 -0.998983 -0.019648 -0.024057
1731332039.142241477966309 8.069276 -62.836528 -5.974173 0.036634 -0.998850 -0.021080 -0.022615
1731332039.242240667343140 8.046995 -62.845389 -5.973056 0.041344 -0.998650 -0.022228 -0.022245
1731332039.342240095138550 8.021438 -62.850887 -5.971833 0.044889 -0.998502 -0.023076 -0.021127
1731332039.442239284515381 7.971906 -62.894134 -5.949889 0.045233 -0.998453 -0.024311 -0.021325
1731332039.542238473892212 7.966208 -62.879809 -5.953220 0.045663 -0.998421 -0.027775 -0.017316
1731332039.642237663269043 7.961281 -62.873954 -5.962048 0.038891 -0.998579 -0.033429 -0.014458
1731332039.742237091064453 7.931287 -62.872320 -5.956939 0.027779 -0.998797 -0.038298 -0.012907
1731332039.842236042022705 7.897601 -62.868178 -5.952475 0.010428 -0.999308 -0.034991 -0.007147
1731332039.942235469818115 7.863743 -62.871029 -5.940146 -0.005225 -0.999430 -0.033253 -0.002404
1731332040.042234897613525 7.832970 -62.869703 -5.933596 -0.020158 -0.999296 -0.031620 -0.001227
1731332040.142234086990356 7.802700 -62.865586 -5.931082 -0.039908 -0.998858 -0.026259 -0.000325
1731332040.242233276367188 7.767019 -62.851789 -5.926405 -0.066061 -0.997520 -0.024288 0.000746
1731332040.342232465744019 7.735122 -62.829012 -5.910746 -0.099917 -0.994530 -0.029852 0.005962
1731332040.442231893539429 7.725322 -62.810052 -5.890311 -0.134791 -0.989361 -0.051517 0.018522
1731332040.542231082916260 7.691501 -62.776970 -5.870039 -0.170576 -0.983690 -0.052761 0.021770
1731332040.642230272293091 7.655071 -62.736543 -5.846281 -0.208427 -0.976365 -0.051307 0.025233
1731332040.742229461669922 7.641367 -62.706732 -5.831568 -0.242189 -0.968752 -0.035981 0.039623
1731332040.842228889465332 7.635078 -62.685166 -5.820672 -0.266517 -0.962353 -0.035023 0.040244
1731332040.942228078842163 7.619782 -62.653519 -5.797898 -0.289444 -0.955557 -0.031926 0.045969
1731332041.042227268218994 7.607505 -62.623252 -5.778495 -0.316041 -0.947184 -0.025119 0.048271
1731332041.142226696014404 7.603882 -62.595042 -5.759940 -0.350657 -0.934111 -0.042565 0.051621
1731332041.242225885391235 7.611904 -62.563284 -5.742256 -0.386063 -0.919917 -0.048168 0.048865
1731332041.342225074768066 7.618166 -62.532752 -5.719082 -0.421484 -0.903842 -0.053856 0.050206
1731332041.442224502563477 7.624420 -62.495569 -5.699813 -0.455042 -0.887200 -0.047946 0.059282
1731332041.542223691940308 7.627469 -62.464958 -5.677584 -0.483763 -0.871736 -0.048734 0.060612
1731332041.642222881317139 7.631317 -62.421785 -5.657160 -0.511002 -0.855775 -0.047216 0.065549
1731332041.742222070693970 7.636505 -62.398930 -5.651203 -0.530803 -0.843307 -0.049406 0.068121
1731332041.842221260070801 7.635874 -62.385009 -5.644425 -0.544737 -0.833856 -0.056171 0.069221
1731332041.942220687866211 7.638184 -62.353355 -5.626436 -0.558865 -0.824382 -0.057640 0.068862
1731332042.042219877243042 7.634548 -62.317215 -5.613611 -0.568312 -0.817985 -0.057285 0.068119
1731332042.142219066619873 7.623651 -62.279728 -5.617362 -0.573705 -0.814937 -0.050304 0.064888
1731332042.242218494415283 7.611946 -62.235732 -5.607628 -0.574654 -0.813902 -0.050980 0.068827
1731332042.342217683792114 7.593826 -62.174633 -5.570887 -0.573186 -0.814129 -0.053971 0.075753
1731332042.442216873168945 7.569824 -62.141639 -5.565487 -0.574317 -0.813922 -0.058478 0.065352
1731332042.542215824127197 7.564926 -62.104885 -5.564790 -0.583638 -0.808670 -0.054512 0.049480
1731332042.642215490341187 7.567842 -62.067805 -5.557908 -0.590459 -0.803263 -0.059239 0.051164
1731332042.742214679718018 7.578752 -62.006551 -5.544415 -0.595672 -0.799413 -0.058685 0.051669
1731332042.842213869094849 7.579366 -61.979199 -5.540732 -0.599593 -0.796607 -0.056737 0.051826
1731332042.942213058471680 7.572003 -61.933614 -5.528234 -0.604326 -0.792977 -0.055946 0.053367
1731332043.042212724685669 7.568221 -61.871993 -5.515450 -0.607949 -0.789799 -0.055769 0.059210
1731332043.142211675643921 7.568539 -61.831788 -5.507241 -0.612304 -0.786507 -0.056229 0.057694
1731332043.242210865020752 7.587637 -61.776228 -5.502434 -0.617267 -0.783102 -0.056540 0.050362
1731332043.342210292816162 7.587593 -61.712185 -5.478482 -0.622469 -0.779233 -0.055696 0.047193
1731332043.442209482192993 7.573158 -61.710594 -5.502859 -0.628419 -0.774435 -0.056075 0.046854
1731332043.542208671569824 7.573011 -61.664115 -5.487043 -0.638972 -0.765983 -0.054337 0.045077
1731332043.642207860946655 7.571537 -61.631469 -5.479916 -0.649802 -0.757019 -0.051377 0.045166
1731332043.742207288742065 7.564452 -61.590871 -5.462055 -0.660972 -0.747241 -0.051012 0.046305
1731332043.842206478118896 7.560194 -61.540812 -5.455105 -0.665823 -0.743071 -0.049044 0.046044
1731332043.942205667495728 7.558103 -61.502886 -5.444594 -0.671006 -0.738657 -0.048675 0.042034
1731332044.042205095291138 7.553566 -61.479415 -5.446692 -0.674872 -0.735360 -0.047113 0.039670
1731332044.142204046249390 7.543635 -61.457524 -5.458334 -0.679218 -0.731418 -0.047914 0.037340
1731332044.242203474044800 7.538539 -61.335764 -5.389959 -0.680080 -0.730072 -0.055787 0.037071
1731332044.342202663421631 7.537144 -61.322194 -5.382962 -0.677586 -0.732059 -0.060681 0.035838
1731332044.442202091217041 7.538945 -61.303961 -5.386909 -0.676344 -0.733079 -0.063130 0.034198
1731332044.542201280593872 7.543880 -61.267321 -5.382866 -0.676772 -0.732582 -0.065001 0.032823
1731332044.642200469970703 7.551501 -61.214066 -5.380729 -0.675645 -0.733326 -0.064710 0.039371
1731332044.742199659347534 7.550240 -61.194574 -5.404488 -0.672265 -0.736563 -0.063765 0.038323
1731332044.842199087142944 7.545269 -61.147677 -5.402114 -0.667881 -0.740654 -0.062990 0.037393
1731332044.942198276519775 7.534413 -61.088511 -5.388334 -0.662618 -0.745584 -0.062533 0.033643
1731332045.042197465896606 7.525928 -61.028083 -5.404879 -0.661859 -0.746553 -0.061117 0.029442
1731332045.142196893692017 7.523870 -60.966106 -5.396173 -0.661557 -0.746987 -0.060874 0.025441
1731332045.242196083068848 7.522202 -60.894907 -5.385277 -0.661618 -0.747131 -0.059178 0.023564
1731332045.342195272445679 7.519012 -60.845254 -5.377873 -0.660845 -0.748048 -0.053425 0.029213
1731332045.442194461822510 7.511175 -60.788903 -5.373379 -0.658097 -0.750247 -0.056692 0.028708
1731332045.542193889617920 7.502646 -60.756645 -5.370358 -0.653959 -0.753859 -0.057033 0.027972
1731332045.642193078994751 7.495690 -60.725455 -5.368075 -0.646956 -0.760064 -0.055449 0.026017
1731332045.742192268371582 7.493694 -60.663934 -5.368332 -0.643144 -0.763909 -0.047146 0.024231
1731332045.842191457748413 7.489477 -60.623695 -5.374692 -0.644796 -0.762504 -0.049318 0.019848
1731332045.942190885543823 7.487581 -60.575368 -5.368493 -0.647914 -0.759933 -0.048443 0.019040
1731332046.042190074920654 7.481631 -60.536847 -5.365052 -0.650146 -0.758129 -0.046943 0.018603
1731332046.142189264297485 7.485280 -60.384145 -5.310294 -0.646210 -0.761027 -0.049200 0.028818
1731332046.242188692092896 7.493307 -60.276015 -5.247461 -0.642129 -0.764287 -0.051777 0.029254
1731332046.342187404632568 7.481556 -60.253429 -5.243938 -0.637013 -0.768442 -0.053721 0.028732
1731332046.442186832427979 7.484679 -60.168921 -5.207960 -0.631594 -0.772903 -0.055369 0.025378
1731332046.542186021804810 7.475820 -60.097830 -5.197477 -0.627632 -0.776238 -0.055344 0.021689
1731332046.642185211181641 7.464133 -60.044137 -5.187894 -0.626151 -0.777291 -0.058479 0.018272
1731332046.742184400558472 7.455352 -60.018871 -5.192790 -0.624938 -0.778097 -0.060888 0.017622
1731332046.842183828353882 7.425426 -60.013138 -5.208911 -0.622551 -0.780159 -0.058150 0.020010
1731332046.942183017730713 7.440195 -60.011145 -5.216096 -0.616329 -0.784096 -0.060932 0.040254
1731332047.042182207107544 7.428153 -59.988776 -5.226558 -0.611923 -0.787274 -0.064526 0.039836
1731332047.142181634902954 7.423797 -59.924600 -5.195466 -0.606394 -0.791561 -0.063314 0.041339
1731332047.242180824279785 7.415101 -59.861404 -5.182588 -0.602625 -0.794531 -0.063378 0.039327
1731332047.342180013656616 7.403130 -59.809402 -5.186801 -0.603682 -0.793680 -0.066232 0.035405
1731332047.442179441452026 7.401407 -59.777648 -5.181152 -0.606427 -0.791872 -0.064554 0.031886
1731332047.542178630828857 7.393230 -59.741500 -5.172987 -0.607256 -0.791501 -0.062749 0.028807
1731332047.642177820205688 7.377140 -59.711078 -5.181328 -0.605901 -0.792637 -0.062127 0.027401
1731332047.742177009582520 7.359144 -59.671822 -5.179706 -0.603793 -0.794474 -0.061602 0.021249
1731332047.842176198959351 7.336041 -59.646195 -5.178073 -0.600245 -0.797268 -0.062152 0.014394
1731332047.942175626754761 7.325270 -59.608724 -5.176350 -0.595767 -0.800862 -0.059486 0.011956
1731332048.042174816131592 7.324572 -59.504008 -5.144717 -0.594500 -0.801680 -0.060971 0.012729
1731332048.142174005508423 7.324186 -59.431210 -5.121159 -0.594579 -0.801175 -0.067040 0.009965
1731332048.242173433303833 7.319931 -59.351502 -5.092845 -0.594040 -0.801510 -0.067953 0.009042
1731332048.342172622680664 7.303054 -59.285595 -5.077983 -0.592780 -0.802522 -0.067061 0.008538
1731332048.442171812057495 7.290896 -59.242669 -5.081753 -0.589898 -0.804408 -0.067076 0.021189
1731332048.542170763015747 7.298236 -59.161306 -5.048778 -0.583898 -0.809170 -0.062256 0.020769
1731332048.642170429229736 7.272992 -59.129515 -5.062759 -0.577638 -0.813838 -0.059612 0.021197
1731332048.742169618606567 7.269322 -59.098637 -5.059014 -0.571283 -0.818903 -0.051278 0.020085
1731332048.842168807983398 7.273511 -59.066297 -5.063307 -0.570686 -0.819644 -0.047543 0.015548
1731332048.942167997360229 7.275739 -59.037943 -5.056717 -0.570807 -0.819705 -0.046061 0.011930
1731332049.042167663574219 7.264569 -58.988343 -5.043862 -0.571050 -0.819564 -0.046340 0.008335
1731332049.142166614532471 7.259343 -58.945408 -5.040230 -0.577359 -0.815172 -0.046066 0.005439
1731332049.242165803909302 7.268308 -58.907497 -5.035502 -0.580342 -0.813030 -0.039069 0.025680
1731332049.342158079147339 7.265621 -58.874264 -5.031619 -0.580986 -0.812757 -0.037017 0.022617
1731332049.442157268524170 7.261280 -58.847747 -5.025547 -0.581856 -0.812151 -0.037853 0.020529
1731332049.542156457901001 7.256529 -58.816120 -5.022729 -0.585883 -0.809269 -0.038835 0.017780
1731332049.642155885696411 7.257673 -58.791303 -5.020357 -0.593890 -0.803440 -0.039862 0.013773
1731332049.742155075073242 7.284003 -58.767094 -5.032910 -0.604456 -0.796220 -0.023493 0.010681
1731332049.842154264450073 7.285111 -58.734997 -5.046342 -0.616979 -0.786551 -0.025977 -0.000122
1731332049.942153453826904 7.287553 -58.692059 -5.041791 -0.628855 -0.776766 -0.033932 -0.004977
1731332050.042152881622314 7.287234 -58.649686 -5.036052 -0.640274 -0.767240 -0.036389 -0.008213
1731332050.142152309417725 7.282531 -58.610097 -5.042944 -0.650195 -0.758944 -0.033671 -0.010829
1731332050.242151260375977 7.282425 -58.581832 -5.042028 -0.658019 -0.752239 -0.030927 -0.013857
1731332050.342150688171387 7.284373 -58.530163 -5.029410 -0.665597 -0.745431 -0.031411 -0.018089
1731332050.442149877548218 7.286912 -58.488377 -5.017620 -0.672290 -0.739265 -0.033193 -0.020292
1731332050.542149066925049 7.285193 -58.422734 -4.978251 -0.681456 -0.730963 -0.031348 -0.018118
1731332050.642148256301880 7.265016 -58.384440 -5.004247 -0.692262 -0.720582 -0.032866 -0.021325
1731332050.742147684097290 7.250582 -58.353414 -5.017741 -0.698824 -0.714261 -0.033363 -0.019070
1731332050.842146873474121 7.240433 -58.290379 -5.009529 -0.698172 -0.715132 -0.032062 -0.010676
1731332050.942146062850952 7.235641 -58.220099 -5.014919 -0.694372 -0.719075 -0.026634 -0.008280
1731332051.042145490646362 7.219543 -58.158043 -5.007559 -0.685115 -0.727922 -0.023775 -0.013492
1731332051.142144680023193 7.219771 -58.069539 -5.009690 -0.678348 -0.734466 -0.010109 -0.017343
1731332051.242143630981445 7.184359 -58.032141 -5.053913 -0.679039 -0.733562 -0.012238 -0.025348
1731332051.342143058776855 7.161331 -57.988400 -5.074687 -0.680098 -0.732476 -0.012779 -0.027976
1731332051.442142486572266 7.152422 -57.915056 -5.075513 -0.680574 -0.732058 -0.011610 -0.027833
1731332051.542141675949097 7.140829 -57.823789 -5.076262 -0.677947 -0.734448 -0.010946 -0.029250
1731332051.642140865325928 7.151829 -57.734761 -5.053948 -0.675401 -0.736702 -0.006911 -0.032487
1731332051.742140054702759 7.145894 -57.714215 -5.054689 -0.670871 -0.740706 -0.008501 -0.034849
1731332051.842139244079590 7.137199 -57.664575 -5.056235 -0.666223 -0.744871 -0.007292 -0.035512
1731332051.942138671875000 7.124199 -57.605354 -5.052079 -0.665425 -0.745291 -0.013997 -0.039421
1731332052.042137861251831 7.113666 -57.549819 -5.052632 -0.664502 -0.745996 -0.017080 -0.040441
1731332052.142137289047241 7.106047 -57.480622 -5.058474 -0.664005 -0.746293 -0.020717 -0.041420
1731332052.242136478424072 7.093755 -57.429056 -5.072049 -0.660662 -0.749145 -0.024414 -0.041374
1731332052.342135667800903 7.077749 -57.418537 -5.065477 -0.657455 -0.751935 -0.024377 -0.041852
1731332052.442134857177734 7.058549 -57.389065 -5.068927 -0.653735 -0.755106 -0.024298 -0.043071
1731332052.542134284973145 7.034354 -57.337107 -5.073598 -0.649873 -0.758365 -0.029823 -0.040728
1731332052.642133474349976 7.016824 -57.302501 -5.070331 -0.649262 -0.758418 -0.040579 -0.040178
1731332052.742132663726807 6.999769 -57.270022 -5.055816 -0.647989 -0.759265 -0.045566 -0.039385
1731332052.842131853103638 6.978098 -57.217083 -5.047828 -0.647326 -0.759514 -0.050202 -0.039829
1731332052.942131042480469 6.964640 -57.175499 -5.056001 -0.645140 -0.762126 -0.046815 -0.027691
1731332053.042130470275879 6.946563 -57.162754 -5.056167 -0.641677 -0.765146 -0.049392 -0.019061
1731332053.142129659652710 6.927550 -57.112323 -5.060694 -0.636859 -0.769415 -0.047089 -0.013923
1731332053.242129087448120 6.912178 -57.070028 -5.063453 -0.632379 -0.773303 -0.044358 -0.011463
1731332053.342128276824951 6.897979 -57.001259 -5.069790 -0.628381 -0.776799 -0.039174 -0.013630
1731332053.442127466201782 6.888983 -56.963979 -5.076351 -0.627416 -0.777660 -0.037182 -0.014548
1731332053.542126655578613 6.848135 -56.915563 -5.064434 -0.625411 -0.779097 -0.039920 -0.016563
1731332053.642126083374023 6.824672 -56.871627 -5.066518 -0.627179 -0.777570 -0.041385 -0.017872
1731332053.742125272750854 6.814277 -56.814456 -5.053510 -0.633878 -0.772182 -0.042661 -0.010641
1731332053.842124462127686 6.839121 -56.815610 -5.059072 -0.641214 -0.766275 -0.040223 -0.007054
1731332053.942123889923096 6.864843 -56.800449 -5.047294 -0.649320 -0.759465 -0.039413 -0.006658
1731332054.042123079299927 6.891987 -56.789193 -5.037480 -0.659646 -0.750404 -0.041265 -0.007610
1731332054.142122268676758 6.914729 -56.809975 -5.038039 -0.665926 -0.744784 -0.042212 -0.007550
1731332054.242121458053589 6.924287 -56.810241 -5.041611 -0.670623 -0.740357 -0.045874 -0.005647
1731332054.342120885848999 6.936072 -56.807547 -5.035238 -0.675345 -0.736049 -0.045995 -0.004999
1731332054.442120075225830 6.942650 -56.808049 -5.031348 -0.679440 -0.732186 -0.047403 -0.004209
1731332054.542119264602661 6.947690 -56.810231 -5.029390 -0.684297 -0.727476 -0.049836 -0.005661
1731332054.642118453979492 6.949233 -56.812392 -5.029854 -0.688924 -0.723057 -0.050545 -0.004213
1731332054.742117643356323 6.950886 -56.822491 -5.038960 -0.690659 -0.721396 -0.050671 0.003219
1731332054.842117071151733 6.950414 -56.829361 -5.032831 -0.687608 -0.723952 -0.055563 0.001234
1731332054.942116260528564 6.949991 -56.836650 -5.038940 -0.686039 -0.725779 -0.050930 -0.001417
1731332055.042115688323975 6.953929 -56.834667 -5.033436 -0.683976 -0.727722 -0.050959 0.000714
1731332055.142114877700806 6.954783 -56.833719 -5.030072 -0.682202 -0.729415 -0.050529 0.000944
1731332055.242114067077637 6.953467 -56.833339 -5.028925 -0.680869 -0.730735 -0.049423 0.001184
1731332055.342113256454468 6.951543 -56.832655 -5.027045 -0.679800 -0.731809 -0.048218 0.001368
1731332055.442112684249878 6.950756 -56.831952 -5.027188 -0.678648 -0.732952 -0.047064 0.001655
1731332055.542112112045288 6.949967 -56.830075 -5.025569 -0.677613 -0.733991 -0.045760 0.001864
1731332055.642111063003540 6.948630 -56.829235 -5.024220 -0.676546 -0.735053 -0.044475 0.002120
1731332055.742110252380371 6.948196 -56.828022 -5.024259 -0.675707 -0.735890 -0.043392 0.002001
1731332055.842109441757202 6.946298 -56.827559 -5.025283 -0.674694 -0.736862 -0.042656 0.001692
1731332055.942108869552612 6.944083 -56.826958 -5.025918 -0.673856 -0.737660 -0.042118 0.001337
1731332056.042108058929443 6.941774 -56.825755 -5.025723 -0.672911 -0.738556 -0.041530 0.000975
1731332056.142107486724854 6.939291 -56.823893 -5.023838 -0.672114 -0.739311 -0.041011 0.000790
1731332056.242106676101685 6.938238 -56.822114 -5.023945 -0.671444 -0.739949 -0.040463 0.001106
1731332056.342105865478516 6.937682 -56.819531 -5.022473 -0.670885 -0.740492 -0.039787 0.001581
1731332056.442105054855347 6.937372 -56.817161 -5.021487 -0.670530 -0.740844 -0.039189 0.002029
1731332056.542104482650757 6.937567 -56.814757 -5.021670 -0.670166 -0.741203 -0.038604 0.002376
1731332056.642103433609009 6.938263 -56.811710 -5.020346 -0.669984 -0.741395 -0.038047 0.002574
1731332056.742102861404419 6.938782 -56.809331 -5.019897 -0.669957 -0.741448 -0.037490 0.002718
1731332056.842102050781250 6.940294 -56.806010 -5.018419 -0.669988 -0.741448 -0.036905 0.002931
1731332056.942101240158081 6.941519 -56.802914 -5.016757 -0.670130 -0.741345 -0.036390 0.003069
1731332057.042100667953491 6.942958 -56.799821 -5.016490 -0.670153 -0.741349 -0.035876 0.003194
1731332057.142099857330322 6.944049 -56.796961 -5.016625 -0.670289 -0.741249 -0.035382 0.003268
1731332057.242099285125732 6.945775 -56.793524 -5.015202 -0.670424 -0.741150 -0.034889 0.003379
1731332057.342098474502563 6.937039 -56.805116 -5.025705 -0.670503 -0.741089 -0.034652 0.003536
1731332057.442097663879395 6.933068 -56.810357 -5.030381 -0.670586 -0.741032 -0.034241 0.003652
1731332057.542096853256226 6.930239 -56.814373 -5.035345 -0.670799 -0.740854 -0.033921 0.003710
1731332057.642096042633057 6.928813 -56.816802 -5.039446 -0.671071 -0.740621 -0.033617 0.003779
1731332057.742095470428467 6.928068 -56.817879 -5.041415 -0.671294 -0.740430 -0.033376 0.003767
1731332057.842094659805298 6.927377 -56.818842 -5.043911 -0.671548 -0.740210 -0.033133 0.003822
1731332057.942093849182129 6.926855 -56.819010 -5.045926 -0.671892 -0.739905 -0.032984 0.003795
1731332058.042093276977539 6.926773 -56.818470 -5.047435 -0.672389 -0.739459 -0.032831 0.003854
1731332058.142092466354370 6.926585 -56.818596 -5.049273 -0.672789 -0.739101 -0.032692 0.004046
1731332058.242091894149780 6.927768 -56.816753 -5.048621 -0.673450 -0.738509 -0.032409 0.004283
1731332058.342091083526611 6.929844 -56.814085 -5.046727 -0.674031 -0.737995 -0.032016 0.004631
1731332058.442090272903442 6.932028 -56.811040 -5.044460 -0.674652 -0.737442 -0.031598 0.005036
1731332058.542089462280273 6.933434 -56.809501 -5.044087 -0.675182 -0.736970 -0.031201 0.005542
1731332058.642088651657104 6.934909 -56.808044 -5.044608 -0.675710 -0.736495 -0.030917 0.005933
1731332058.742087841033936 6.936411 -56.806220 -5.044767 -0.676175 -0.736074 -0.030707 0.006205
1731332058.842087268829346 6.938886 -56.802927 -5.043280 -0.676698 -0.735601 -0.030490 0.006481
1731332058.942086458206177 6.941283 -56.799506 -5.041742 -0.677267 -0.735083 -0.030280 0.006776
1731332059.042085886001587 6.944209 -56.795502 -5.038897 -0.677752 -0.734643 -0.030051 0.007043
1731332059.142085075378418 6.946652 -56.792288 -5.037179 -0.678167 -0.734265 -0.029861 0.007286
1731332059.242084264755249 6.949184 -56.789490 -5.036996 -0.678661 -0.733815 -0.029661 0.007428
1731332059.342083215713501 6.951211 -56.787198 -5.037712 -0.679074 -0.733436 -0.029526 0.007675
1731332059.442082881927490 6.953882 -56.783365 -5.036186 -0.679511 -0.733033 -0.029403 0.007863
1731332059.542082071304321 6.956587 -56.780222 -5.035482 -0.679922 -0.732659 -0.029204 0.008036
1731332059.642081260681152 6.959104 -56.776139 -5.033619 -0.680331 -0.732284 -0.029028 0.008242
1731332059.742080450057983 6.962006 -56.772211 -5.032008 -0.680718 -0.731927 -0.028901 0.008436
1731332059.842079639434814 6.964857 -56.768579 -5.030710 -0.680990 -0.731674 -0.028823 0.008689
1731332059.942079067230225 6.967508 -56.765124 -5.030024 -0.681310 -0.731373 -0.028815 0.008938
1731332060.042078256607056 6.970169 -56.761506 -5.029006 -0.681580 -0.731120 -0.028767 0.009210
1731332060.142077684402466 6.969133 -56.761509 -5.033675 -0.681939 -0.730779 -0.028832 0.009479
1731332060.242076873779297 6.968408 -56.761628 -5.037293 -0.682303 -0.730431 -0.028974 0.009658
1731332060.342076063156128 6.967652 -56.761599 -5.040155 -0.682723 -0.730033 -0.029143 0.009599
1731332060.442075252532959 6.967221 -56.761725 -5.042438 -0.683183 -0.729597 -0.029305 0.009524
1731332060.542074441909790 6.967292 -56.761028 -5.043347 -0.683844 -0.728972 -0.029480 0.009341
1731332060.642073869705200 6.967154 -56.760681 -5.043699 -0.684418 -0.728427 -0.029722 0.009101
1731332060.742073059082031 6.967001 -56.760358 -5.043604 -0.685061 -0.727812 -0.030086 0.008721
1731332060.842072248458862 6.966425 -56.760535 -5.044410 -0.685660 -0.727234 -0.030518 0.008314
1731332060.942071437835693 6.965617 -56.759955 -5.044330 -0.686309 -0.726610 -0.030871 0.008021
1731332061.042070865631104 6.964602 -56.759459 -5.045162 -0.686970 -0.725969 -0.031334 0.007635
1731332061.142070055007935 6.964172 -56.758679 -5.045173 -0.687594 -0.725362 -0.031801 0.007284
1731332061.242069482803345 6.963625 -56.757555 -5.044341 -0.688129 -0.724835 -0.032314 0.006942
1731332061.342090606689453 6.963276 -56.756253 -5.043416 -0.688759 -0.724223 -0.032695 0.006579
1731332061.442088842391968 6.963287 -56.755241 -5.042308 -0.689184 -0.723808 -0.033019 0.006168
1731332061.542087793350220 6.962485 -56.754489 -5.042604 -0.689532 -0.723456 -0.033524 0.005749
1731332061.642086505889893 6.961627 -56.753713 -5.043557 -0.689798 -0.723180 -0.034061 0.005360
1731332061.742084980010986 6.961115 -56.752792 -5.042916 -0.689990 -0.722977 -0.034547 0.005021
1731332061.842083692550659 6.961010 -56.751651 -5.041141 -0.690113 -0.722844 -0.034922 0.004649
1731332061.942082405090332 6.960250 -56.752212 -5.042739 -0.690117 -0.722822 -0.035323 0.004404
1731332062.042081117630005 6.959973 -56.752395 -5.043246 -0.690097 -0.722829 -0.035570 0.004294
1731332062.142079830169678 6.959924 -56.752686 -5.044102 -0.690162 -0.722763 -0.035680 0.004205
1731332062.242078304290771 6.960164 -56.753000 -5.044373 -0.690101 -0.722816 -0.035782 0.004175
1731332062.342077016830444 6.959978 -56.753374 -5.045059 -0.690069 -0.722839 -0.035928 0.004119
1731332062.442075729370117 6.959745 -56.753621 -5.045130 -0.689977 -0.722916 -0.036159 0.004079
1731332062.542074203491211 6.959512 -56.754033 -5.046329 -0.689983 -0.722895 -0.036491 0.003947
1731332062.642072916030884 6.959140 -56.754170 -5.047002 -0.689948 -0.722914 -0.036781 0.003831
1731332062.742071628570557 6.958610 -56.754387 -5.047524 -0.689860 -0.722978 -0.037176 0.003661
1731332062.842070102691650 6.958195 -56.754262 -5.047309 -0.689899 -0.722919 -0.037611 0.003409
1731332062.942068815231323 6.957804 -56.754612 -5.047398 -0.689828 -0.722967 -0.038027 0.003192
1731332063.042067527770996 6.957232 -56.754813 -5.047985 -0.689761 -0.723004 -0.038546 0.003031
1731332063.142066240310669 6.956473 -56.755273 -5.048580 -0.689819 -0.722921 -0.039085 0.002745
1731332063.242064952850342 6.956010 -56.755403 -5.048485 -0.689826 -0.722885 -0.039640 0.002436
1731332063.342063426971436 6.955349 -56.755583 -5.049131 -0.689819 -0.722864 -0.040156 0.002143
1731332063.442062139511108 6.955011 -56.755545 -5.049515 -0.689777 -0.722879 -0.040622 0.001956
1731332063.542060852050781 6.954783 -56.755383 -5.049216 -0.689796 -0.722843 -0.040934 0.001775
1731332063.642059326171875 6.954591 -56.755400 -5.049626 -0.689775 -0.722847 -0.041240 0.001649
1731332063.742058038711548 6.954169 -56.755270 -5.050096 -0.689804 -0.722798 -0.041616 0.001500
1731332063.842056751251221 6.953907 -56.755278 -5.051114 -0.689803 -0.722779 -0.041958 0.001416
1731332063.942055225372314 6.953772 -56.755141 -5.051219 -0.689820 -0.722744 -0.042284 0.001408
1731332064.042053937911987 6.953595 -56.754916 -5.051401 -0.689819 -0.722724 -0.042631 0.001311
1731332064.142052650451660 6.953493 -56.754768 -5.051617 -0.689870 -0.722664 -0.042845 0.001179
1731332064.242051362991333 6.953350 -56.754612 -5.051844 -0.689825 -0.722694 -0.043042 0.001146
1731332064.342049837112427 6.953326 -56.754349 -5.051904 -0.689883 -0.722637 -0.043082 0.001086
1731332064.442048549652100 6.953309 -56.754054 -5.052691 -0.689870 -0.722641 -0.043209 0.001236
1731332064.542047262191772 6.953417 -56.753996 -5.052433 -0.689870 -0.722642 -0.043209 0.001280
1731332064.642045974731445 6.953405 -56.753815 -5.052861 -0.689849 -0.722655 -0.043313 0.001369
1731332064.742044448852539 6.953420 -56.753925 -5.053392 -0.689803 -0.722690 -0.043458 0.001424
1731332064.842043161392212 6.953194 -56.753837 -5.052956 -0.689831 -0.722658 -0.043556 0.001274
1731332064.942041873931885 6.953019 -56.753696 -5.053405 -0.689818 -0.722664 -0.043661 0.001246
1731332065.042040348052979 6.953059 -56.753687 -5.053440 -0.689784 -0.722690 -0.043751 0.001318
1731332065.142039060592651 6.952939 -56.753791 -5.053487 -0.689748 -0.722719 -0.043846 0.001256
1731332065.242037773132324 6.952824 -56.753839 -5.053835 -0.689706 -0.722749 -0.044029 0.001214
1731332065.342041969299316 6.952500 -56.753647 -5.053847 -0.689755 -0.722693 -0.044186 0.001107
1731332065.442040205001831 6.952207 -56.753582 -5.053875 -0.689771 -0.722668 -0.044336 0.001065
1731332065.542039155960083 6.952100 -56.753537 -5.054212 -0.689791 -0.722642 -0.044455 0.001011
1731332065.642037868499756 6.951908 -56.753746 -5.053645 -0.689800 -0.722629 -0.044527 0.000986
1731332065.742036342620850 6.951633 -56.754003 -5.053392 -0.689817 -0.722603 -0.044684 0.000903
1731332065.842035055160522 6.951408 -56.753934 -5.053773 -0.689841 -0.722566 -0.044918 0.000782
1731332065.942033767700195 6.951214 -56.754007 -5.053971 -0.689846 -0.722554 -0.045027 0.000720
1731332066.042032480239868 6.951142 -56.753936 -5.054054 -0.689843 -0.722551 -0.045121 0.000677
1731332066.142031192779541 6.951236 -56.753803 -5.054763 -0.689822 -0.722564 -0.045231 0.000799
1731332066.242029666900635 6.950503 -56.744456 -5.054225 -0.690409 -0.721936 -0.046283 0.000780
1731332066.342028379440308 6.945194 -56.722331 -5.070006 -0.692168 -0.720117 -0.048183 -0.003549
1731332066.442027091979980 6.930775 -56.693567 -5.067868 -0.694058 -0.717680 -0.056260 -0.007373
1731332066.542025566101074 6.911061 -56.651864 -5.064807 -0.695314 -0.716046 -0.061206 -0.008369
1731332066.642024278640747 6.892172 -56.592471 -5.070141 -0.696585 -0.714933 -0.060096 -0.005326
1731332066.742022991180420 6.876548 -56.549824 -5.070163 -0.694351 -0.716954 -0.062068 -0.000952
1731332066.842021465301514 6.856087 -56.503849 -5.064981 -0.691336 -0.719473 -0.066285 -0.004447
1731332066.942020177841187 6.843617 -56.451723 -5.058805 -0.688233 -0.722017 -0.070790 -0.004029
1731332067.042018890380859 6.835669 -56.385759 -5.065341 -0.689687 -0.721212 -0.064680 0.001293
1731332067.142017602920532 6.827467 -56.338081 -5.055938 -0.692841 -0.717696 -0.069880 0.000756
1731332067.242016315460205 6.813022 -56.297544 -5.043390 -0.694846 -0.715648 -0.070970 0.000322
1731332067.342014789581299 6.800771 -56.250998 -5.032957 -0.696708 -0.714185 -0.066850 0.008334
1731332067.442013502120972 6.790518 -56.222850 -5.027067 -0.693062 -0.716584 -0.074932 0.023595
1731332067.542012214660645 6.778251 -56.191799 -5.013023 -0.690584 -0.718562 -0.079245 0.021976
1731332067.642010688781738 6.764462 -56.146496 -5.000721 -0.687726 -0.721287 -0.079266 0.022240
1731332067.742009401321411 6.751641 -56.106885 -4.984242 -0.684762 -0.723701 -0.082425 0.023756
1731332067.842008113861084 6.746512 -56.051831 -4.995642 -0.685985 -0.723404 -0.074876 0.022446
1731332067.942006587982178 6.745147 -56.009618 -4.984933 -0.688991 -0.720386 -0.076891 0.020541
1731332068.042005538940430 6.729035 -55.960941 -4.967952 -0.691685 -0.717858 -0.076304 0.020717
1731332068.142004013061523 6.719624 -55.927066 -4.950974 -0.691230 -0.718504 -0.070874 0.030508
1731332068.242002725601196 6.708635 -55.889366 -4.946886 -0.686530 -0.722107 -0.076769 0.036670
1731332068.342001438140869 6.700424 -55.853994 -4.939639 -0.682548 -0.725789 -0.077684 0.036395
1731332068.441999912261963 6.689720 -55.816809 -4.931822 -0.677752 -0.730427 -0.076000 0.036793
1731332068.541998624801636 6.668466 -55.785989 -4.908656 -0.673076 -0.734629 -0.077243 0.036360
1731332068.641997337341309 6.646242 -55.760835 -4.898009 -0.674433 -0.733984 -0.072401 0.034149
1731332068.741995811462402 6.649105 -55.735662 -4.889805 -0.676579 -0.732084 -0.071959 0.033396
1731332068.841994524002075 6.651932 -55.704682 -4.883528 -0.678644 -0.730413 -0.068608 0.035097
1731332068.941993236541748 6.651851 -55.663070 -4.874803 -0.680295 -0.728820 -0.067881 0.037570
1731332069.041991949081421 6.648122 -55.619747 -4.861591 -0.675739 -0.731601 -0.069942 0.056968
1731332069.141990423202515 6.643638 -55.577462 -4.843849 -0.671744 -0.734515 -0.077793 0.056525
1731332069.241989135742188 6.644237 -55.532135 -4.829504 -0.667968 -0.737727 -0.080332 0.055895
1731332069.342016696929932 6.643346 -55.491787 -4.813313 -0.665358 -0.740289 -0.078609 0.055596
1731332069.442015886306763 6.651385 -55.451199 -4.803255 -0.665532 -0.740224 -0.077043 0.056578
1731332069.542015075683594 6.657498 -55.409400 -4.789244 -0.666022 -0.739800 -0.076786 0.056702
1731332069.642014503479004 6.657678 -55.357899 -4.774993 -0.666529 -0.739642 -0.074779 0.055466
1731332069.742013692855835 6.659495 -55.316856 -4.770600 -0.667838 -0.738446 -0.075050 0.055293
1731332069.842012882232666 6.650755 -55.269250 -4.767609 -0.667476 -0.738670 -0.071497 0.061088
1731332069.942012071609497 6.638381 -55.234318 -4.757828 -0.663711 -0.740326 -0.079288 0.071544
1731332070.042011499404907 6.629744 -55.196989 -4.747336 -0.661407 -0.742568 -0.081104 0.067492
1731332070.142010688781738 6.624817 -55.157601 -4.741122 -0.657997 -0.746042 -0.078753 0.065255
1731332070.242009878158569 6.625681 -55.114591 -4.739442 -0.657333 -0.745320 -0.087906 0.068444
1731332070.342009067535400 6.627207 -55.079760 -4.725080 -0.658839 -0.743749 -0.090991 0.067005
1731332070.442008256912231 6.622770 -55.045917 -4.721180 -0.657044 -0.745548 -0.091543 0.063808
1731332070.542007446289062 6.619818 -55.004800 -4.710171 -0.658275 -0.744613 -0.090529 0.063485
1731332070.642006635665894 6.612483 -54.961369 -4.704757 -0.651867 -0.748956 -0.088568 0.079307
1731332070.742006063461304 6.606571 -54.938533 -4.700006 -0.647645 -0.752709 -0.091170 0.075319
1731332070.842005252838135 6.604318 -54.913053 -4.701563 -0.645099 -0.755748 -0.087807 0.070593
1731332070.942004442214966 6.597750 -54.869382 -4.690104 -0.641208 -0.760118 -0.083341 0.064254
1731332071.042003870010376 6.598345 -54.840959 -4.684414 -0.643841 -0.756043 -0.095875 0.068380
1731332071.142003059387207 6.600675 -54.810886 -4.671822 -0.647279 -0.752849 -0.097651 0.068646
1731332071.242002248764038 6.603413 -54.775783 -4.672348 -0.651899 -0.749100 -0.098967 0.063897
1731332071.342001438140869 6.605637 -54.735336 -4.661148 -0.658518 -0.743780 -0.095710 0.063122
1731332071.442000627517700 6.605065 -54.698741 -4.649410 -0.658967 -0.742702 -0.094375 0.072458
1731332071.541999816894531 6.599217 -54.669507 -4.638077 -0.656490 -0.744553 -0.095438 0.074528
1731332071.641999006271362 6.590640 -54.645732 -4.629583 -0.652477 -0.748340 -0.093549 0.074234
1731332071.741998434066772 6.585012 -54.619699 -4.623691 -0.648996 -0.751964 -0.090668 0.071649
1731332071.841997623443604 6.577032 -54.592297 -4.624493 -0.647842 -0.751921 -0.101032 0.068615
1731332071.941996812820435 6.575785 -54.569008 -4.620344 -0.648677 -0.751685 -0.100907 0.063296
1731332072.041996002197266 6.573523 -54.535987 -4.607708 -0.648200 -0.752863 -0.096104 0.061628
1731332072.141995429992676 6.568270 -54.475321 -4.592293 -0.648972 -0.752765 -0.092418 0.060324
1731332072.241994380950928 6.557165 -54.448064 -4.607710 -0.649294 -0.752199 -0.087619 0.070263
1731332072.341993808746338 6.553751 -54.406810 -4.594889 -0.651674 -0.750116 -0.089092 0.068624
1731332072.441992998123169 6.552078 -54.370311 -4.586552 -0.655063 -0.747410 -0.088846 0.066165
1731332072.541992187500000 6.550583 -54.328806 -4.576864 -0.658181 -0.745195 -0.086274 0.063557
1731332072.641991376876831 6.551554 -54.316419 -4.577903 -0.659983 -0.743351 -0.090063 0.061156
1731332072.741990804672241 6.552292 -54.286057 -4.572882 -0.662810 -0.740992 -0.090048 0.059196
1731332072.841989994049072 6.550895 -54.245366 -4.563114 -0.664405 -0.739992 -0.086847 0.058613
1731332072.941989183425903 6.545522 -54.212495 -4.544337 -0.666478 -0.738521 -0.083734 0.058161
1731332073.041988372802734 6.536625 -54.166965 -4.536805 -0.667486 -0.738128 -0.081787 0.054222
1731332073.141987800598145 6.535142 -54.144975 -4.536475 -0.663357 -0.740908 -0.080684 0.067103
1731332073.241986989974976 6.534781 -54.110740 -4.530970 -0.658223 -0.746036 -0.080123 0.061262
1731332073.341986417770386 6.537575 -54.072220 -4.532634 -0.653432 -0.751089 -0.076409 0.055258
1731332073.441985368728638 6.540171 -54.024523 -4.529515 -0.652364 -0.753099 -0.067953 0.051444
1731332073.541984796524048 6.543772 -53.981241 -4.520759 -0.652461 -0.753428 -0.063624 0.050919
1731332073.641983985900879 6.545288 -53.935995 -4.511416 -0.652759 -0.753607 -0.058410 0.050701
1731332073.741983175277710 6.546078 -53.894493 -4.501452 -0.653083 -0.753524 -0.054832 0.051744
1731332073.841982364654541 6.550254 -53.871490 -4.483677 -0.651478 -0.754458 -0.054745 0.058069
1731332073.941981554031372 6.538068 -53.809339 -4.480854 -0.646789 -0.758535 -0.057906 0.054189
1731332074.041980981826782 6.527300 -53.755959 -4.477107 -0.642490 -0.762425 -0.057231 0.051368
1731332074.141980171203613 6.517480 -53.700661 -4.465644 -0.636969 -0.767496 -0.053595 0.048453
1731332074.241979360580444 6.503925 -53.643927 -4.457654 -0.634378 -0.769336 -0.060160 0.045472
1731332074.341978549957275 6.495087 -53.596889 -4.447472 -0.635810 -0.767956 -0.062930 0.045045
1731332074.441977739334106 6.486169 -53.571023 -4.437742 -0.636336 -0.767622 -0.062017 0.044575
1731332074.541976928710938 6.475040 -53.543756 -4.430481 -0.637515 -0.766832 -0.059315 0.044996
1731332074.641976356506348 6.461153 -53.516654 -4.430652 -0.635144 -0.768323 -0.059588 0.052159
1731332074.741975545883179 6.445600 -53.470914 -4.425487 -0.630158 -0.772403 -0.059039 0.052992
1731332074.841974735260010 6.428491 -53.428040 -4.421469 -0.623940 -0.777650 -0.056167 0.052959
1731332074.941973924636841 6.408248 -53.376371 -4.413199 -0.618051 -0.782625 -0.053771 0.051176
1731332075.041973352432251 6.395118 -53.331086 -4.413747 -0.619515 -0.781643 -0.054207 0.047939
1731332075.141972541809082 6.386646 -53.277372 -4.405879 -0.621289 -0.780342 -0.054164 0.046173
1731332075.241971731185913 6.379151 -53.208613 -4.394752 -0.626939 -0.775871 -0.051638 0.048015
1731332075.341970920562744 6.368372 -53.134827 -4.378911 -0.632698 -0.771001 -0.049247 0.053153
1731332075.441970109939575 6.365852 -53.083748 -4.378162 -0.635715 -0.768026 -0.052238 0.057219
1731332075.541969299316406 6.366451 -53.002663 -4.368750 -0.641706 -0.763244 -0.049275 0.056955
1731332075.641968727111816 6.371134 -52.928932 -4.350030 -0.648344 -0.757930 -0.041822 0.058684
1731332075.741967916488647 6.377474 -52.850029 -4.319454 -0.659267 -0.747900 -0.047189 0.061528
1731332075.841967105865479 6.390007 -52.783008 -4.294804 -0.669728 -0.737602 -0.051789 0.068745
1731332075.941966295242310 6.406732 -52.733857 -4.282415 -0.678537 -0.730231 -0.040994 0.068337
1731332076.041965723037720 6.421441 -52.690975 -4.288565 -0.683738 -0.725466 -0.037801 0.069082
1731332076.141964912414551 6.429025 -52.641852 -4.278029 -0.680845 -0.727242 -0.039188 0.077678
1731332076.241964101791382 6.431102 -52.596355 -4.266663 -0.676703 -0.730376 -0.044713 0.081394
1731332076.341963291168213 6.435415 -52.543139 -4.257164 -0.672502 -0.734310 -0.041886 0.082316
1731332076.441962480545044 6.436976 -52.472197 -4.251800 -0.668355 -0.738461 -0.048041 0.075292
1731332076.541961669921875 6.440981 -52.425570 -4.245467 -0.668603 -0.738177 -0.049614 0.074850
1731332076.641961097717285 6.439583 -52.392701 -4.232734 -0.668745 -0.738072 -0.048908 0.075086
1731332076.741960287094116 6.437801 -52.348821 -4.220439 -0.669706 -0.737183 -0.047284 0.076279
1731332076.841959476470947 6.433041 -52.289353 -4.200569 -0.669398 -0.736708 -0.051608 0.080654
1731332076.941958665847778 6.424765 -52.243338 -4.187931 -0.664984 -0.739532 -0.058746 0.086239
1731332077.041958093643188 6.414529 -52.195895 -4.171430 -0.658813 -0.744626 -0.059694 0.089073
1731332077.141957283020020 6.409093 -52.127740 -4.154972 -0.651863 -0.750968 -0.057769 0.088226
1731332077.241956233978271 6.407491 -52.053772 -4.138386 -0.649054 -0.750551 -0.087590 0.087922
1731332077.341955661773682 6.413267 -52.010942 -4.118233 -0.651473 -0.746733 -0.094318 0.095270
1731332077.441955089569092 6.419643 -51.954616 -4.095395 -0.653022 -0.745920 -0.086877 0.098069
1731332077.541954278945923 6.419016 -51.889760 -4.072136 -0.654712 -0.744086 -0.090100 0.097824
1731332077.641953468322754 6.410667 -51.827434 -4.061196 -0.649939 -0.747821 -0.088972 0.102116
1731332077.741952657699585 6.407702 -51.765437 -4.041717 -0.644651 -0.752529 -0.085490 0.104004
1731332077.841951847076416 6.407288 -51.676391 -4.013773 -0.638448 -0.757375 -0.091557 0.101910
1731332077.941951036453247 6.405205 -51.608967 -3.986983 -0.635793 -0.758478 -0.096449 0.105716
1731332078.041950464248657 6.397648 -51.563281 -3.966842 -0.633552 -0.760401 -0.097089 0.104767
1731332078.141949653625488 6.391617 -51.530403 -3.956761 -0.632523 -0.761483 -0.097121 0.103083
1731332078.241948843002319 6.378493 -51.504708 -3.946273 -0.629165 -0.762963 -0.094054 0.114859
1731332078.341948270797729 6.377707 -51.487101 -3.938705 -0.621480 -0.765508 -0.097818 0.134875
1731332078.441947460174561 6.367691 -51.468085 -3.931844 -0.617630 -0.768774 -0.098687 0.133344
1731332078.541946649551392 6.363925 -51.438363 -3.929755 -0.615652 -0.771164 -0.100552 0.127149
1731332078.641945838928223 6.349384 -51.397791 -3.928515 -0.615625 -0.772223 -0.099929 0.121207
1731332078.741945028305054 6.343338 -51.370089 -3.918348 -0.615981 -0.772528 -0.097283 0.119599
1731332078.841944217681885 6.335826 -51.338054 -3.908122 -0.616600 -0.772655 -0.095007 0.117395
1731332078.941943407058716 6.321678 -51.304116 -3.895496 -0.617437 -0.772773 -0.093209 0.113606
1731332079.041942834854126 6.303488 -51.257744 -3.887486 -0.618061 -0.772992 -0.094386 0.107584
1731332079.141942024230957 6.288888 -51.223817 -3.880897 -0.615626 -0.774653 -0.098411 0.105984
1731332079.241941213607788 6.268566 -51.187197 -3.867425 -0.611902 -0.778212 -0.099525 0.100287
1731332079.341937303543091 6.254926 -51.154874 -3.856200 -0.607420 -0.782296 -0.098923 0.096274
1731332079.441936492919922 6.253426 -51.134582 -3.848158 -0.603623 -0.785215 -0.104273 0.090574
1731332079.541935920715332 6.245347 -51.080510 -3.843792 -0.602249 -0.787296 -0.098749 0.087800
1731332079.641935110092163 6.237279 -51.035800 -3.831542 -0.604981 -0.785704 -0.095881 0.086460
1731332079.741934299468994 6.231443 -50.984314 -3.821741 -0.610502 -0.782188 -0.091967 0.083730
1731332079.841933488845825 6.227278 -50.924991 -3.811927 -0.618368 -0.776120 -0.091722 0.082736
1731332079.941932916641235 6.231020 -50.901020 -3.816848 -0.627903 -0.769005 -0.088845 0.080473
1731332080.041932106018066 6.224261 -50.859121 -3.812136 -0.637530 -0.761779 -0.087535 0.074740
1731332080.141931295394897 6.225645 -50.812600 -3.798366 -0.646353 -0.754743 -0.085302 0.072902
1731332080.241930484771729 6.229581 -50.759146 -3.791404 -0.660210 -0.742885 -0.085218 0.070586
1731332080.341929674148560 6.233244 -50.713607 -3.781156 -0.672777 -0.731999 -0.082557 0.068798
1731332080.441928863525391 6.236055 -50.658200 -3.767481 -0.688585 -0.717670 -0.077524 0.069211
1731332080.541928291320801 6.239915 -50.599596 -3.751751 -0.705267 -0.701561 -0.072062 0.072234
1731332080.641927480697632 6.247589 -50.562798 -3.752763 -0.714556 -0.691269 -0.075276 0.076746
1731332080.741926670074463 6.247165 -50.519741 -3.741949 -0.722957 -0.683005 -0.073349 0.073873
1731332080.841925859451294 6.251236 -50.481468 -3.734722 -0.729163 -0.677104 -0.069259 0.071097
1731332080.941925048828125 6.262461 -50.438274 -3.730884 -0.733816 -0.672231 -0.074543 0.063740
1731332081.041924238204956 6.271366 -50.391759 -3.719034 -0.741689 -0.663015 -0.077704 0.065344
1731332081.141923666000366 6.279503 -50.350819 -3.707666 -0.748489 -0.655191 -0.080414 0.063425
1731332081.241922855377197 6.290983 -50.298871 -3.691426 -0.759391 -0.642787 -0.079948 0.061302
1731332081.341922044754028 6.302772 -50.242416 -3.683952 -0.768885 -0.630368 -0.077786 0.073489
1731332081.441921472549438 6.312068 -50.185488 -3.687359 -0.776473 -0.621296 -0.077717 0.070992
1731332081.541920661926270 6.323988 -50.140139 -3.683265 -0.784210 -0.611486 -0.077479 0.071389
1731332081.641919851303101 6.341764 -50.086745 -3.675147 -0.790951 -0.603525 -0.072800 0.069679
1731332081.741919040679932 6.365898 -50.016579 -3.667580 -0.798342 -0.594178 -0.072756 0.065646
1731332081.841918230056763 6.388963 -49.969147 -3.651010 -0.803644 -0.587245 -0.074921 0.060715
1731332081.941917657852173 6.389893 -49.967576 -3.660546 -0.807261 -0.582725 -0.072855 0.058773
1731332082.041916847229004 6.400066 -49.938806 -3.663764 -0.810402 -0.578905 -0.068073 0.059019
1731332082.141916275024414 6.413025 -49.883578 -3.664568 -0.810453 -0.579275 -0.067019 0.055812
1731332082.241915225982666 6.426445 -49.836663 -3.666270 -0.809994 -0.580663 -0.061393 0.054502
1731332082.341914653778076 6.450968 -49.784936 -3.660915 -0.809318 -0.582743 -0.054702 0.049229
1731332082.441913843154907 6.478933 -49.702248 -3.665456 -0.812291 -0.580542 -0.035704 0.043348
1731332082.541913032531738 6.513880 -49.652256 -3.662743 -0.819369 -0.571099 -0.032290 0.037904
1731332082.641912221908569 6.548906 -49.603421 -3.661397 -0.825232 -0.562998 -0.023838 0.038167
1731332082.741911411285400 6.586723 -49.550344 -3.655393 -0.830296 -0.556010 -0.017105 0.034179
1731332082.841910600662231 6.613955 -49.499894 -3.663190 -0.834919 -0.549463 -0.015359 0.027648
1731332082.941909790039062 6.643366 -49.448761 -3.665170 -0.836708 -0.546912 -0.009764 0.026667
1731332083.041909217834473 6.677349 -49.386556 -3.666766 -0.838481 -0.544439 -0.002916 0.022964
1731332083.141908407211304 6.714317 -49.331332 -3.670442 -0.843816 -0.536186 -0.010455 0.019207
1731332083.241907596588135 6.750437 -49.278650 -3.667164 -0.850352 -0.525913 -0.011633 0.013453
1731332083.341906070709229 6.787449 -49.231346 -3.666264 -0.855418 -0.517642 -0.009678 0.014578
1731332083.441905260086060 6.823587 -49.184611 -3.659093 -0.857630 -0.513765 -0.009842 0.020501
1731332083.541904449462891 6.821715 -49.194200 -3.669644 -0.856393 -0.515903 -0.010025 0.018273
1731332083.641903638839722 6.792691 -49.233530 -3.699196 -0.854844 -0.518432 -0.006799 0.020582
1731332083.741902828216553 6.805877 -49.225932 -3.706197 -0.852085 -0.522999 -0.002037 0.020465
1731332083.841902017593384 6.832281 -49.193221 -3.705259 -0.852021 -0.523155 -0.002367 0.019056
1731332083.941901206970215 6.856964 -49.164422 -3.697694 -0.852550 -0.522382 -0.003477 0.016249
1731332084.041900634765625 6.885688 -49.129159 -3.697099 -0.852783 -0.522009 -0.001949 0.016242
1731332084.141899824142456 6.922254 -49.083510 -3.690655 -0.851994 -0.523032 -0.004706 0.022851
1731332084.241899013519287 6.948563 -49.031356 -3.701575 -0.849806 -0.526539 -0.007074 0.023159
1731332084.341897964477539 6.983793 -48.989299 -3.680699 -0.847710 -0.529861 -0.005154 0.024677
1731332084.441897153854370 7.013294 -48.937734 -3.674978 -0.845016 -0.534096 -0.002386 0.026144
1731332084.541896343231201 7.040829 -48.886810 -3.658289 -0.844675 -0.534608 -0.012731 0.023590
1731332084.641895532608032 7.076422 -48.822034 -3.642867 -0.844490 -0.534888 -0.016040 0.021792
1731332084.741894960403442 7.103206 -48.761961 -3.627847 -0.843883 -0.535755 -0.017757 0.022640
1731332084.841894149780273 7.135340 -48.686597 -3.614388 -0.841975 -0.537940 -0.022024 0.034850
1731332084.941893339157104 7.166000 -48.630635 -3.600634 -0.837960 -0.543796 -0.027755 0.036572
1731332085.041892528533936 7.187670 -48.584725 -3.590309 -0.831448 -0.553322 -0.027993 0.041781
1731332085.141891956329346 7.203571 -48.546754 -3.582810 -0.820822 -0.568651 -0.024394 0.047882
1731332085.241890907287598 7.213878 -48.517036 -3.575999 -0.810054 -0.583797 -0.033918 0.042934
1731332085.341890096664429 7.226081 -48.490338 -3.568293 -0.799652 -0.597922 -0.034863 0.042780
1731332085.441889286041260 7.234791 -48.468666 -3.565798 -0.787577 -0.613723 -0.036343 0.041780
1731332085.541888475418091 7.244032 -48.448626 -3.560735 -0.772564 -0.632196 -0.038467 0.044652
1731332085.641887664794922 7.244940 -48.431211 -3.553819 -0.752243 -0.655353 -0.043626 0.052336
1731332085.741887092590332 7.235398 -48.409130 -3.547962 -0.730664 -0.678950 -0.046778 0.054486
1731332085.841886043548584 7.223218 -48.380489 -3.543332 -0.707353 -0.702901 -0.045135 0.059537
1731332085.941885232925415 7.208761 -48.350029 -3.538573 -0.684063 -0.725100 -0.050661 0.060997
1731332086.041884660720825 7.205822 -48.322970 -3.529267 -0.676078 -0.732384 -0.052898 0.061103
1731332086.141883850097656 7.202605 -48.292588 -3.520082 -0.670333 -0.737634 -0.054809 0.059544
1731332086.241883039474487 7.199664 -48.254797 -3.510122 -0.669228 -0.738657 -0.053024 0.060894
1731332086.341882228851318 7.196050 -48.200301 -3.493805 -0.667223 -0.739711 -0.055276 0.067726
1731332086.441881418228149 7.185415 -48.139376 -3.480981 -0.661587 -0.744384 -0.056856 0.070447
1731332086.541880607604980 7.175878 -48.067833 -3.465471 -0.654497 -0.750876 -0.055443 0.068880
1731332086.641879796981812 7.167480 -47.984842 -3.441877 -0.645539 -0.758509 -0.062210 0.063825
1731332086.741878986358643 7.147730 -47.922690 -3.421280 -0.635573 -0.765544 -0.072658 0.068630
1731332086.841878175735474 7.121514 -47.886269 -3.424268 -0.625025 -0.773910 -0.074913 0.069244
1731332086.941877365112305 7.091240 -47.862786 -3.426704 -0.614163 -0.782614 -0.074239 0.069333
1731332087.041876792907715 7.055906 -47.809556 -3.415671 -0.602610 -0.790877 -0.074745 0.076073
1731332087.141875982284546 7.023763 -47.766056 -3.415769 -0.587147 -0.801536 -0.075921 0.083875
1731332087.241875171661377 6.993226 -47.721423 -3.407422 -0.571215 -0.812895 -0.074798 0.085559
1731332087.341874361038208 6.963142 -47.658415 -3.391774 -0.554510 -0.824403 -0.076583 0.083749
1731332087.441873550415039 6.914352 -47.660706 -3.425946 -0.547317 -0.828187 -0.081278 0.089127
1731332087.541872739791870 6.927451 -47.616394 -3.391831 -0.545394 -0.829050 -0.078364 0.095288
1731332087.641871929168701 6.901736 -47.591363 -3.401232 -0.546635 -0.828140 -0.073692 0.099725
1731332087.741871118545532 6.869874 -47.540108 -3.388874 -0.544763 -0.827888 -0.076266 0.109626
1731332087.841870307922363 6.849310 -47.484407 -3.368197 -0.541960 -0.828854 -0.080898 0.112857
1731332087.941869497299194 6.825720 -47.437163 -3.354664 -0.541271 -0.829599 -0.077935 0.112769
1731332088.041868686676025 6.816218 -47.363254 -3.313287 -0.540329 -0.830599 -0.077397 0.110268
1731332088.141868114471436 6.796664 -47.315868 -3.317883 -0.542965 -0.829081 -0.077086 0.108962
1731332088.241867303848267 6.778559 -47.283945 -3.319210 -0.547587 -0.825976 -0.078818 0.108164
1731332088.341866493225098 6.761194 -47.267936 -3.317261 -0.553356 -0.822724 -0.077726 0.104309
1731332088.441865682601929 6.733318 -47.248555 -3.315249 -0.559869 -0.818629 -0.076878 0.102389
1731332088.541864871978760 6.700408 -47.201399 -3.318837 -0.563546 -0.815985 -0.071205 0.107303
1731332088.641863822937012 6.689772 -47.187532 -3.323627 -0.563169 -0.816412 -0.069678 0.107035
1731332088.741863250732422 6.684871 -47.168373 -3.320321 -0.565709 -0.815079 -0.062287 0.108354
1731332088.841862440109253 6.685263 -47.128527 -3.308213 -0.576420 -0.808615 -0.053644 0.104903
1731332088.941861629486084 6.689417 -47.080970 -3.312855 -0.594043 -0.796294 -0.054212 0.100448
1731332089.041861057281494 6.701927 -47.019564 -3.272283 -0.610230 -0.783135 -0.057348 0.105021
1731332089.141860246658325 6.710870 -46.971148 -3.253077 -0.626218 -0.771131 -0.053889 0.101508
1731332089.241859436035156 6.724395 -46.917806 -3.231977 -0.642589 -0.758045 -0.051968 0.098723
1731332089.341856241226196 6.734913 -46.883511 -3.224134 -0.647064 -0.753645 -0.047946 0.105016
1731332089.441855430603027 6.749819 -46.848068 -3.230218 -0.638576 -0.756927 -0.046266 0.130924
1731332089.541854619979858 6.751217 -46.820479 -3.235390 -0.635936 -0.759750 -0.046289 0.127367
1731332089.641853809356689 6.750199 -46.775241 -3.230593 -0.637369 -0.759388 -0.046222 0.122286
1731332089.741852998733521 6.747156 -46.700516 -3.222480 -0.639989 -0.758656 -0.050268 0.111035
1731332089.841852188110352 6.744818 -46.657458 -3.212264 -0.645292 -0.750548 -0.083679 0.115214
1731332089.941851377487183 6.746919 -46.617311 -3.205147 -0.649446 -0.747949 -0.080427 0.111009
1731332090.041850805282593 6.735669 -46.566866 -3.195811 -0.648422 -0.749944 -0.077735 0.105307
1731332090.141849994659424 6.712548 -46.549322 -3.218434 -0.646236 -0.752725 -0.081007 0.096033
1731332090.241849184036255 6.694149 -46.519683 -3.222915 -0.642914 -0.757551 -0.075668 0.083974
1731332090.341848373413086 6.688129 -46.487918 -3.218312 -0.640942 -0.759713 -0.070529 0.083996
1731332090.441847562789917 6.682705 -46.435717 -3.209836 -0.636866 -0.763979 -0.065142 0.080586
1731332090.541846752166748 6.679843 -46.384706 -3.207492 -0.637423 -0.762767 -0.069118 0.084272
1731332090.641845941543579 6.676344 -46.349759 -3.198539 -0.638270 -0.762154 -0.069565 0.083033
1731332090.741845130920410 6.669523 -46.311668 -3.192332 -0.638077 -0.762725 -0.068030 0.080505
1731332090.841844320297241 6.659883 -46.264682 -3.184131 -0.636857 -0.763822 -0.067321 0.080348
1731332090.941843509674072 6.650362 -46.235704 -3.186505 -0.626026 -0.770226 -0.065087 0.102988
1731332091.041842699050903 6.636253 -46.202177 -3.176264 -0.623475 -0.772321 -0.067554 0.101175
1731332091.141842126846313 6.620492 -46.164153 -3.171934 -0.621330 -0.774616 -0.065475 0.098139
1731332091.241841316223145 6.601200 -46.099337 -3.165971 -0.618831 -0.776678 -0.065082 0.097894
1731332091.341840267181396 6.594365 -46.057960 -3.164497 -0.618352 -0.777591 -0.062548 0.095296
1731332091.441839694976807 6.594324 -46.021774 -3.156506 -0.617543 -0.778850 -0.058089 0.093047
1731332091.541838884353638 6.568146 -45.968616 -3.177965 -0.618734 -0.778418 -0.054529 0.090883
1731332091.641838073730469 6.562514 -45.945429 -3.186296 -0.615543 -0.780952 -0.056806 0.089408
1731332091.741837263107300 6.558773 -45.937632 -3.192876 -0.611139 -0.784857 -0.055776 0.086008
1731332091.841836452484131 6.553149 -45.869275 -3.168000 -0.608346 -0.787654 -0.054568 0.080863
1731332091.941835403442383 6.534069 -45.810078 -3.170216 -0.605629 -0.790881 -0.052957 0.070111
1731332092.041834831237793 6.525212 -45.754915 -3.167425 -0.611158 -0.784825 -0.075638 0.069392
1731332092.141834020614624 6.515512 -45.692370 -3.149532 -0.620733 -0.777976 -0.070784 0.066586
1731332092.241833209991455 6.511712 -45.647387 -3.146312 -0.629947 -0.771510 -0.062765 0.063250
1731332092.341832399368286 6.499214 -45.612361 -3.156522 -0.641107 -0.763205 -0.059551 0.054342
1731332092.441831827163696 6.491316 -45.580968 -3.165587 -0.652329 -0.754735 -0.049243 0.049172
1731332092.541831016540527 6.488632 -45.538721 -3.167096 -0.662150 -0.746703 -0.045630 0.043704
1731332092.641830205917358 6.491747 -45.471502 -3.166907 -0.670139 -0.739879 -0.045367 0.037887
1731332092.741829395294189 6.500589 -45.407533 -3.157958 -0.680497 -0.730464 -0.046297 0.034694
1731332092.841828584671021 6.506957 -45.346204 -3.152071 -0.691283 -0.720598 -0.044018 0.030469
1731332092.941827774047852 6.518666 -45.282142 -3.132466 -0.699916 -0.712482 -0.039466 0.030479
1731332093.041826963424683 6.522162 -45.248685 -3.136950 -0.699399 -0.712897 -0.038191 0.034081
1731332093.141826152801514 6.513345 -45.217079 -3.146751 -0.695006 -0.717369 -0.034793 0.033724
1731332093.241825342178345 6.511091 -45.185020 -3.150814 -0.690276 -0.722100 -0.029619 0.034828
1731332093.341823577880859 6.522311 -45.102205 -3.126800 -0.684402 -0.727940 -0.029112 0.029166
1731332093.441823005676270 6.523890 -45.052672 -3.122348 -0.683507 -0.728546 -0.034795 0.028790
1731332093.541822195053101 6.525131 -45.011328 -3.117429 -0.684113 -0.727951 -0.034688 0.029569
1731332093.641821384429932 6.531081 -44.938779 -3.107305 -0.684633 -0.727491 -0.031830 0.031963
1731332093.741820573806763 6.524663 -44.905542 -3.113012 -0.680331 -0.730793 -0.038794 0.039828
1731332093.841819763183594 6.525839 -44.850940 -3.092236 -0.679155 -0.731873 -0.038949 0.039904
1731332093.941818952560425 6.519101 -44.798198 -3.090427 -0.678164 -0.732951 -0.035254 0.040420
1731332094.041818141937256 6.515010 -44.746381 -3.089563 -0.679571 -0.731822 -0.034143 0.038122
1731332094.141817331314087 6.515055 -44.694675 -3.078441 -0.686952 -0.724567 -0.041681 0.036912
1731332094.241816520690918 6.511142 -44.670336 -3.077952 -0.693671 -0.718222 -0.041150 0.035832
1731332094.341815710067749 6.504770 -44.633556 -3.077427 -0.699981 -0.712121 -0.036139 0.040048
1731332094.441814899444580 6.498320 -44.597181 -3.076887 -0.700262 -0.711276 -0.041569 0.044629
1731332094.541814088821411 6.495307 -44.552689 -3.068762 -0.697515 -0.713979 -0.040586 0.045384
1731332094.641813278198242 6.491374 -44.516458 -3.065442 -0.693149 -0.718346 -0.036368 0.046903
1731332094.741812705993652 6.482705 -44.472838 -3.065008 -0.689099 -0.722313 -0.037200 0.044986
1731332094.841811895370483 6.479871 -44.431758 -3.056265 -0.688759 -0.722186 -0.040903 0.048844
1731332094.941811084747314 6.484817 -44.377440 -3.035434 -0.689032 -0.721887 -0.041048 0.049283
1731332095.041810274124146 6.473898 -44.335330 -3.031701 -0.688568 -0.722272 -0.040565 0.050526
1731332095.141809463500977 6.464725 -44.260627 -3.021934 -0.685737 -0.724062 -0.044596 0.059240
1731332095.241808652877808 6.457921 -44.219828 -3.012423 -0.680633 -0.728582 -0.046331 0.061323
1731332095.341807842254639 6.451303 -44.179202 -3.004582 -0.675163 -0.733745 -0.044513 0.061588
1731332095.441807031631470 6.431891 -44.161066 -3.009672 -0.667811 -0.740782 -0.045243 0.056783
1731332095.541806221008301 6.416094 -44.139932 -3.012961 -0.665311 -0.742064 -0.057365 0.058408
1731332095.641805410385132 6.407343 -44.103271 -3.006205 -0.663893 -0.743222 -0.058668 0.058527
1731332095.741804599761963 6.398692 -44.072084 -3.003628 -0.666766 -0.740765 -0.057148 0.058524
1731332095.841803789138794 6.388919 -44.040262 -3.013068 -0.672355 -0.735204 -0.058395 0.063281
1731332095.941802978515625 6.395401 -43.970762 -2.992222 -0.681928 -0.726117 -0.058350 0.065761
1731332096.041802406311035 6.393632 -43.908977 -2.980799 -0.692373 -0.716084 -0.054493 0.069812
1731332096.141801357269287 6.395929 -43.866212 -2.971252 -0.702454 -0.706289 -0.050656 0.071756
1731332096.241800785064697 6.402756 -43.825185 -2.963511 -0.713171 -0.694590 -0.060188 0.072861
1731332096.341799974441528 6.409757 -43.794017 -2.956446 -0.715673 -0.692203 -0.057185 0.073466
1731332096.441799163818359 6.416834 -43.748817 -2.948703 -0.716354 -0.691811 -0.050390 0.075466
1731332096.541798353195190 6.424064 -43.712159 -2.942760 -0.716243 -0.691631 -0.047259 0.080055
1731332096.641797542572021 6.421537 -43.664439 -2.947758 -0.714632 -0.693749 -0.050974 0.073586
1731332096.741796493530273 6.423520 -43.632404 -2.948826 -0.710442 -0.698349 -0.048574 0.072254
1731332096.841795921325684 6.432537 -43.589972 -2.949788 -0.704964 -0.704530 -0.045797 0.067578
1731332096.941795110702515 6.451414 -43.519425 -2.924928 -0.702245 -0.706599 -0.057075 0.065664
1731332097.041794300079346 6.476860 -43.434700 -2.886856 -0.704276 -0.704541 -0.058953 0.064365
1731332097.141793489456177 6.496665 -43.358867 -2.854490 -0.705474 -0.703355 -0.058060 0.065016
1731332097.241792678833008 6.512901 -43.295762 -2.826299 -0.706499 -0.702155 -0.055957 0.068608
1731332097.341792106628418 6.522735 -43.238370 -2.813971 -0.705486 -0.702899 -0.059982 0.068011
1731332097.441791296005249 6.530454 -43.178823 -2.798006 -0.702986 -0.705690 -0.060306 0.064612
1731332097.541790485382080 6.534067 -43.120662 -2.784124 -0.698148 -0.710977 -0.056553 0.062473
1731332097.641789674758911 6.537344 -43.059763 -2.768449 -0.692769 -0.716594 -0.056323 0.058241
1731332097.741788864135742 6.538730 -43.009459 -2.748889 -0.691244 -0.716758 -0.067679 0.062123
1731332097.841788053512573 6.539629 -42.960845 -2.726241 -0.686459 -0.721070 -0.070695 0.061921
1731332097.941787242889404 6.539491 -42.906873 -2.710160 -0.681026 -0.726106 -0.070851 0.062879
1731332098.041786432266235 6.537244 -42.851266 -2.690813 -0.674256 -0.731987 -0.071819 0.066450
1731332098.141785621643066 6.526805 -42.782409 -2.681862 -0.661283 -0.743185 -0.076306 0.067522
1731332098.241784811019897 6.510662 -42.727562 -2.670672 -0.643657 -0.758565 -0.076120 0.067007
1731332098.341784000396729 6.490214 -42.655078 -2.659049 -0.622024 -0.776803 -0.075721 0.062681
1731332098.441783189773560 6.463976 -42.582736 -2.645740 -0.601806 -0.792531 -0.079895 0.057807
1731332098.541782379150391 6.449426 -42.532912 -2.612484 -0.580678 -0.807518 -0.085363 0.058659
1731332098.641781806945801 6.430588 -42.513990 -2.594152 -0.559975 -0.821953 -0.086796 0.057328
1731332098.741780996322632 6.391138 -42.470918 -2.576892 -0.545061 -0.831861 -0.086919 0.057978
1731332098.841780185699463 6.353212 -42.423184 -2.562167 -0.533061 -0.838743 -0.085167 0.071429
1731332098.941779375076294 6.317910 -42.385163 -2.554478 -0.526797 -0.842540 -0.084726 0.073709
1731332099.041778802871704 6.292917 -42.359502 -2.546111 -0.522842 -0.844992 -0.081679 0.077158
1731332099.141777753829956 6.259779 -42.310925 -2.530457 -0.520072 -0.847478 -0.076292 0.074066
1731332099.241776943206787 6.229043 -42.245610 -2.507655 -0.520133 -0.847005 -0.080479 0.074616
1731332099.341773509979248 6.207003 -42.205731 -2.492342 -0.522028 -0.846241 -0.077002 0.073708
1731332099.441772699356079 6.169092 -42.117784 -2.465448 -0.525014 -0.844920 -0.069043 0.075524
1731332099.541771888732910 6.130031 -42.040318 -2.446245 -0.518677 -0.847337 -0.067996 0.091495
1731332099.641771078109741 6.122436 -41.987874 -2.414013 -0.514377 -0.850051 -0.066639 0.091593
1731332099.741770267486572 6.121119 -41.983274 -2.424957 -0.510723 -0.852737 -0.063613 0.089187
1731332099.841769456863403 6.094886 -41.902753 -2.414332 -0.509350 -0.853409 -0.069283 0.086346
1731332099.941768646240234 6.085724 -41.822802 -2.390648 -0.514853 -0.850085 -0.071155 0.084963
1731332100.041768074035645 6.082757 -41.721467 -2.350199 -0.520039 -0.847324 -0.066934 0.084384
1731332100.141767263412476 6.063677 -41.627817 -2.328652 -0.525474 -0.844303 -0.061570 0.085082
1731332100.241766452789307 6.044674 -41.543882 -2.313430 -0.525607 -0.843040 -0.065756 0.093252
1731332100.341765642166138 6.032100 -41.510085 -2.317348 -0.528393 -0.841802 -0.062980 0.090573
1731332100.441764831542969 6.026744 -41.450460 -2.290433 -0.532200 -0.839937 -0.059481 0.087925
1731332100.541764020919800 6.010226 -41.367907 -2.256216 -0.536607 -0.837901 -0.056259 0.082519
1731332100.641763210296631 5.994053 -41.277828 -2.234719 -0.546702 -0.831570 -0.054760 0.081293
1731332100.741762399673462 5.977321 -41.194905 -2.222998 -0.556162 -0.825714 -0.052136 0.078497
1731332100.841761589050293 5.962892 -41.120270 -2.225195 -0.569641 -0.816966 -0.045094 0.077735
1731332100.941760778427124 5.967225 -41.041515 -2.208091 -0.583576 -0.807313 -0.039418 0.078301
1731332101.041759967803955 5.957169 -40.960304 -2.207794 -0.595880 -0.798718 -0.036984 0.074890
1731332101.141759395599365 5.950434 -40.884569 -2.197944 -0.608425 -0.789589 -0.032565 0.072857
1731332101.241758346557617 5.942327 -40.797600 -2.185152 -0.619155 -0.781921 -0.029140 0.066310
1731332101.341757774353027 5.936379 -40.699287 -2.181814 -0.632846 -0.771650 -0.027712 0.057395
1731332101.441756963729858 6.082969 -40.858746 -2.158177 -0.648435 -0.758754 -0.030093 0.054018
1731332101.541756153106689 6.143963 -40.867689 -2.141317 -0.664019 -0.745330 -0.026752 0.053352
1731332101.641755342483521 6.207455 -40.884885 -2.128772 -0.674442 -0.736072 -0.023559 0.052638
1731332101.741754531860352 6.237027 -40.843688 -2.117910 -0.679249 -0.732026 -0.022623 0.047399
1731332101.841753482818604 6.248174 -40.818441 -2.119123 -0.682715 -0.729087 -0.017735 0.044915
1731332101.941752910614014 6.249246 -40.779013 -2.121166 -0.684585 -0.727662 -0.016167 0.039869
1731332102.041752099990845 6.258399 -40.738657 -2.123137 -0.688887 -0.724001 -0.014058 0.032562
1731332102.141751289367676 6.274946 -40.711910 -2.121588 -0.698143 -0.715177 -0.016966 0.028818
1731332102.241750478744507 6.299330 -40.680155 -2.114553 -0.706801 -0.706646 -0.015818 0.028866
1731332102.341749668121338 6.318143 -40.640380 -2.110579 -0.714570 -0.698617 -0.015958 0.032697
1731332102.441749095916748 6.332279 -40.602097 -2.108436 -0.714890 -0.698101 -0.018205 0.035432
1731332102.541748285293579 6.337516 -40.581970 -2.114890 -0.712231 -0.700765 -0.017310 0.036819
1731332102.641747474670410 6.337723 -40.539433 -2.112178 -0.707984 -0.705188 -0.018659 0.033474
1731332102.741746664047241 6.357169 -40.495261 -2.106098 -0.709311 -0.703252 -0.034164 0.033866
1731332102.841745853424072 6.366716 -40.507171 -2.111855 -0.709791 -0.702556 -0.039829 0.032030
1731332102.941745042800903 6.367441 -40.499654 -2.111562 -0.709601 -0.702667 -0.041426 0.031758
1731332103.041744232177734 6.362039 -40.489083 -2.115967 -0.708419 -0.703508 -0.042678 0.037383
1731332103.141743421554565 6.366157 -40.500845 -2.118959 -0.703721 -0.707478 -0.049845 0.042037
1731332103.241742610931396 6.378914 -40.551533 -2.127767 -0.700282 -0.710728 -0.051739 0.042362
1731332103.341737270355225 6.378083 -40.551248 -2.125004 -0.694666 -0.716176 -0.051970 0.042777
1731332103.441736459732056 6.373661 -40.545732 -2.119503 -0.689933 -0.720666 -0.052784 0.042971
1731332103.541735410690308 6.372192 -40.499020 -2.114301 -0.690108 -0.720188 -0.057117 0.042624
1731332103.641734600067139 6.378952 -40.501114 -2.113649 -0.691360 -0.718709 -0.062390 0.039836
1731332103.741733789443970 6.384590 -40.473112 -2.109259 -0.692957 -0.717105 -0.063434 0.039345
1731332103.841732978820801 6.383563 -40.393760 -2.095644 -0.693746 -0.716531 -0.061466 0.039004
1731332103.941731929779053 6.387612 -40.385132 -2.097487 -0.692254 -0.717882 -0.063042 0.038158
1731332104.041731119155884 6.401510 -40.452219 -2.106233 -0.689903 -0.720390 -0.060678 0.037291
1731332104.141730308532715 6.405998 -40.455958 -2.107328 -0.686998 -0.723511 -0.055682 0.038284
1731332104.241729259490967 6.418338 -40.405732 -2.103539 -0.684212 -0.726914 -0.048141 0.033666
1731332104.341728448867798 6.423729 -40.369091 -2.097832 -0.684551 -0.726176 -0.054952 0.032236
1731332104.441727638244629 6.439308 -40.351660 -2.092901 -0.686278 -0.724662 -0.053739 0.031613
1731332104.541726350784302 6.447029 -40.317994 -2.088485 -0.687161 -0.723963 -0.050492 0.033724
1731332104.641725778579712 6.457500 -40.280280 -2.090180 -0.682209 -0.727880 -0.053372 0.043954
1731332104.741724967956543 6.458099 -40.255040 -2.090535 -0.679091 -0.731141 -0.050020 0.042025
1731332104.841724157333374 6.450125 -40.201292 -2.072625 -0.674756 -0.735523 -0.045749 0.040216
1731332104.941723108291626 6.451037 -40.133378 -2.068536 -0.670511 -0.740242 -0.034306 0.035769
1731332105.041722297668457 6.446878 -40.097904 -2.069643 -0.671135 -0.739743 -0.039378 0.028424
1731332105.141721487045288 6.454135 -40.073972 -2.067511 -0.672634 -0.738649 -0.037074 0.024198
1731332105.241720676422119 6.461048 -40.035627 -2.062778 -0.673895 -0.737744 -0.032494 0.023312
1731332105.341719627380371 6.464842 -40.001309 -2.065945 -0.668991 -0.742222 -0.029244 0.026506
1731332105.441718816757202 6.463580 -40.007292 -2.067517 -0.664318 -0.746709 -0.022463 0.024564
1731332105.541717767715454 6.464393 -40.003873 -2.074662 -0.660716 -0.750153 -0.017392 0.020549
1731332105.641716957092285 6.458702 -39.978651 -2.078109 -0.659689 -0.751167 -0.016309 0.017083
1731332105.741716146469116 6.463864 -39.968859 -2.075931 -0.663835 -0.747526 -0.018842 0.013163
1731332105.841715574264526 6.474063 -39.963150 -2.068381 -0.667049 -0.744743 -0.017903 0.009040
1731332105.941714286804199 6.456481 -39.953934 -2.072733 -0.668189 -0.743791 -0.015039 0.008513
1731332106.041713476181030 6.453564 -39.961826 -2.079678 -0.666686 -0.744869 -0.015046 0.021752
1731332106.141712665557861 6.461647 -39.961439 -2.082063 -0.670268 -0.741679 -0.012553 0.022272
1731332106.241711854934692 6.451744 -39.961728 -2.086109 -0.673840 -0.738504 -0.008675 0.021795
1731332106.341710805892944 6.453160 -39.931247 -2.091674 -0.680649 -0.732351 -0.007181 0.018072
1731332106.441709995269775 6.455034 -39.918429 -2.090754 -0.693501 -0.720239 -0.012234 0.012756
1731332106.541709423065186 6.465571 -39.900654 -2.085240 -0.707599 -0.706421 -0.011618 0.011763
1731332106.641708374023438 6.468157 -39.880135 -2.086607 -0.719878 -0.693844 -0.009463 0.016331
1731332106.741707324981689 6.474238 -39.878719 -2.089762 -0.725653 -0.687520 -0.012374 0.024304
1731332106.841706514358521 6.485589 -39.872716 -2.091239 -0.733100 -0.679550 -0.011799 0.025235
1731332106.941705465316772 6.494486 -39.858399 -2.092704 -0.740601 -0.671392 -0.006980 0.026324
1731332107.041704654693604 6.493383 -39.842080 -2.099735 -0.750697 -0.660086 -0.011001 0.024902
1731332107.141703844070435 6.509113 -39.826066 -2.098445 -0.762476 -0.646532 -0.014780 0.020210
1731332107.241702795028687 6.521158 -39.812396 -2.107703 -0.773915 -0.632902 -0.013930 0.017211
1731332107.341701984405518 6.524878 -39.804053 -2.116849 -0.783781 -0.620588 -0.013138 0.019594
1731332107.441701173782349 6.530865 -39.810493 -2.126913 -0.787703 -0.615350 -0.013866 0.025998
1731332107.541700363159180 6.539882 -39.806808 -2.127521 -0.791981 -0.609870 -0.010998 0.026522
1731332107.641699552536011 6.543854 -39.794444 -2.126510 -0.794986 -0.606042 -0.006611 0.025821
1731332107.741698503494263 6.545839 -39.774675 -2.121915 -0.798301 -0.601604 -0.009476 0.026434
1731332107.841697692871094 6.563203 -39.760268 -2.116885 -0.803234 -0.595082 -0.012671 0.023059
1731332107.941696882247925 6.580096 -39.748192 -2.124807 -0.807902 -0.588832 -0.011446 0.020978
1731332108.041696071624756 6.577736 -39.741354 -2.127057 -0.810866 -0.584668 -0.012797 0.022249
1731332108.141695022583008 6.578809 -39.732863 -2.130600 -0.810925 -0.584533 -0.013124 0.023451
1731332108.241694211959839 6.593641 -39.717955 -2.134289 -0.812161 -0.582776 -0.009859 0.025871
1731332108.341693401336670 6.603964 -39.696266 -2.132919 -0.813664 -0.580832 -0.006329 0.023340
1731332108.441692352294922 6.618966 -39.669286 -2.127127 -0.818947 -0.573272 -0.016962 0.019928
1731332108.541691541671753 6.655960 -39.629620 -2.126143 -0.827945 -0.560248 -0.018872 0.016525
1731332108.641690731048584 6.673285 -39.604849 -2.125523 -0.836810 -0.546926 -0.017366 0.017861
1731332108.741689682006836 6.686302 -39.582495 -2.115850 -0.842288 -0.538141 -0.019522 0.023980
1731332108.841688871383667 6.685595 -39.576124 -2.119515 -0.845059 -0.533801 -0.018272 0.024452
1731332108.941688060760498 6.696988 -39.560317 -2.116476 -0.847321 -0.530226 -0.015783 0.025639
1731332109.041687250137329 6.695598 -39.553970 -2.116708 -0.849570 -0.526689 -0.013904 0.025209
1731332109.141686201095581 6.703044 -39.539602 -2.115011 -0.855122 -0.517340 -0.024467 0.022943
1731332109.241685390472412 6.725402 -39.519730 -2.115106 -0.860980 -0.507659 -0.024582 0.019767
1731332109.341684579849243 6.739847 -39.502035 -2.118789 -0.866935 -0.497525 -0.022322 0.019840
1731332109.441683769226074 6.770388 -39.476520 -2.105580 -0.868424 -0.494483 -0.026335 0.025145
1731332109.541682720184326 6.775549 -39.459293 -2.099383 -0.866256 -0.498313 -0.023945 0.026682
1731332109.641681909561157 6.799690 -39.429488 -2.087685 -0.863746 -0.502717 -0.021207 0.027721
1731332109.741680860519409 6.791254 -39.426575 -2.090515 -0.861462 -0.506777 -0.020660 0.025159
1731332109.841680049896240 6.796948 -39.415107 -2.088062 -0.862627 -0.504649 -0.027208 0.021522
1731332109.941679477691650 6.809522 -39.397255 -2.079788 -0.863589 -0.503056 -0.029471 0.016726
1731332110.041678428649902 6.825187 -39.373546 -2.068401 -0.863830 -0.502633 -0.029909 0.016220
1731332110.141677618026733 6.819581 -39.357931 -2.051730 -0.859603 -0.509058 -0.036156 0.025190
1731332110.241676568984985 6.821697 -39.337876 -2.044923 -0.856620 -0.514006 -0.037841 0.023841
1731332110.341675758361816 6.823518 -39.315135 -2.044116 -0.854347 -0.517974 -0.037067 0.020519
1731332110.441674947738647 6.820942 -39.292269 -2.040071 -0.851802 -0.522332 -0.035232 0.018999
1731332110.541673898696899 6.824983 -39.265336 -2.055583 -0.850593 -0.524551 -0.029137 0.022084
1731332110.641673326492310 6.825748 -39.253200 -2.056324 -0.851817 -0.522650 -0.031633 0.015615
1731332110.741672277450562 6.826413 -39.237598 -2.058359 -0.852507 -0.521683 -0.029917 0.013545
1731332110.841671228408813 6.822298 -39.228061 -2.055659 -0.850804 -0.524625 -0.027001 0.013154
1731332110.941670417785645 6.824134 -39.217511 -2.046039 -0.846638 -0.530714 -0.032068 0.022764
1731332111.041669607162476 6.821477 -39.207984 -2.045698 -0.845940 -0.531877 -0.031970 0.021673
1731332111.141668796539307 6.824524 -39.196803 -2.045670 -0.844692 -0.534142 -0.027074 0.021333
1731332111.241667985916138 6.832984 -39.177407 -2.051034 -0.843325 -0.536588 -0.021522 0.020309
1731332111.341666698455811 6.840830 -39.166223 -2.052353 -0.845025 -0.534033 -0.020241 0.018236
1731332111.441666126251221 6.848256 -39.149915 -2.054689 -0.846767 -0.531425 -0.016724 0.017129
1731332111.541665077209473 6.854786 -39.129458 -2.056869 -0.847545 -0.530194 -0.013987 0.019132
1731332111.641664266586304 6.862873 -39.117325 -2.060944 -0.842780 -0.536869 -0.019307 0.033484
1731332111.741663455963135 6.868745 -39.102443 -2.060852 -0.840810 -0.539967 -0.019252 0.033231
1731332111.841662645339966 6.880470 -39.085925 -2.052807 -0.838466 -0.543646 -0.014827 0.034703
1731332111.941661596298218 6.885816 -39.079494 -2.058789 -0.835613 -0.548308 -0.016398 0.029011
1731332112.041660785675049 6.894258 -39.065119 -2.054857 -0.834682 -0.549824 -0.020321 0.024238
1731332112.141659975051880 6.905559 -39.043569 -2.051600 -0.834840 -0.549730 -0.020529 0.020449
1731332112.241659164428711 6.914027 -39.023635 -2.049490 -0.834201 -0.550746 -0.020554 0.019105
1731332112.341658115386963 6.918995 -39.015458 -2.049478 -0.828832 -0.558031 -0.026682 0.030438
1731332112.441657304763794 6.918646 -39.010519 -2.046040 -0.825028 -0.563604 -0.027031 0.030800
1731332112.541656255722046 6.921143 -38.999265 -2.044560 -0.822002 -0.567969 -0.024354 0.033637
1731332112.641655921936035 6.926269 -38.992193 -2.048365 -0.818338 -0.573484 -0.021732 0.031095
1731332112.741654634475708 6.930594 -38.986078 -2.051356 -0.817463 -0.574623 -0.027681 0.028235
1731332112.841653823852539 6.939076 -38.963343 -2.043777 -0.818872 -0.572742 -0.027074 0.026120
1731332112.941652774810791 6.946250 -38.947096 -2.040494 -0.819759 -0.571645 -0.025504 0.023814
1731332113.041651964187622 6.952729 -38.932609 -2.046029 -0.820997 -0.569705 -0.027984 0.024830
1731332113.141651153564453 6.959788 -38.910180 -2.051831 -0.824506 -0.564806 -0.026754 0.021621
1731332113.241650342941284 6.969578 -38.886773 -2.046131 -0.830214 -0.556312 -0.024673 0.025566
1731332113.341651678085327 6.982035 -38.862898 -2.040835 -0.836759 -0.546538 -0.023207 0.024309
1731332113.441650867462158 7.001238 -38.827786 -2.021391 -0.845298 -0.532968 -0.027606 0.025576
1731332113.541650056838989 7.018450 -38.799677 -2.001779 -0.852523 -0.521376 -0.027550 0.024768
1731332113.641649246215820 7.032390 -38.777067 -1.993896 -0.856091 -0.515471 -0.026053 0.026823
1731332113.741648197174072 7.044608 -38.754556 -1.993687 -0.856451 -0.514541 -0.026965 0.031795
1731332113.841647386550903 7.061499 -38.716519 -2.007006 -0.853754 -0.519256 -0.025383 0.028866
1731332113.941646575927734 7.073344 -38.694075 -2.004452 -0.851013 -0.523527 -0.024184 0.033327
1731332114.041645765304565 7.095332 -38.662947 -2.005151 -0.848400 -0.527693 -0.020011 0.036843
1731332114.141644716262817 7.120812 -38.618493 -2.002878 -0.847510 -0.528728 -0.030566 0.035206
1731332114.241644144058228 7.142380 -38.585152 -1.994377 -0.847082 -0.529523 -0.029859 0.034143
1731332114.341642856597900 7.170465 -38.545834 -1.990420 -0.846702 -0.530532 -0.025171 0.031574
1731332114.441642045974731 7.196531 -38.505817 -1.983218 -0.845196 -0.532819 -0.024503 0.033861
1731332114.541641235351562 7.219620 -38.453507 -1.989521 -0.841847 -0.538299 -0.022675 0.031820
1731332114.641640424728394 7.235049 -38.421858 -1.987690 -0.839625 -0.541612 -0.022131 0.034590
1731332114.741639375686646 7.259628 -38.380524 -1.986350 -0.837190 -0.545441 -0.018445 0.035590
1731332114.841638565063477 7.281949 -38.329889 -1.973938 -0.836935 -0.544886 -0.036202 0.036447
1731332114.941637516021729 7.301554 -38.286978 -1.958354 -0.836354 -0.545490 -0.041792 0.034740
1731332115.041636943817139 7.309149 -38.256331 -1.946256 -0.835242 -0.547304 -0.042136 0.032468
1731332115.141635894775391 7.331043 -38.204229 -1.935206 -0.834330 -0.548430 -0.045564 0.032297
1731332115.241635084152222 7.346934 -38.148927 -1.934666 -0.832915 -0.550446 -0.051090 0.025550
1731332115.341634273529053 7.352759 -38.090765 -1.938574 -0.831897 -0.552481 -0.047681 0.020916
1731332115.441633462905884 7.357541 -38.042353 -1.938162 -0.829071 -0.556860 -0.044222 0.024335
1731332115.541632413864136 7.370719 -37.983963 -1.935084 -0.826519 -0.560945 -0.039116 0.025997
1731332115.641631603240967 7.383489 -37.926570 -1.929823 -0.826870 -0.560030 -0.044669 0.025639
1731332115.741630554199219 7.399083 -37.884271 -1.920724 -0.827451 -0.559444 -0.041166 0.025543
1731332115.841629743576050 7.417382 -37.833436 -1.916376 -0.827850 -0.559156 -0.037248 0.024939
1731332115.941628932952881 7.439236 -37.774131 -1.911067 -0.827089 -0.560683 -0.032643 0.022194
1731332116.041628122329712 7.456434 -37.726826 -1.915868 -0.825143 -0.563754 -0.028877 0.022063
1731332116.141627311706543 7.480452 -37.678690 -1.912254 -0.821807 -0.568673 -0.024659 0.025230
1731332116.241626262664795 7.516120 -37.614253 -1.910981 -0.817225 -0.575481 -0.021589 0.022321
1731332116.341625452041626 7.549382 -37.543733 -1.903448 -0.815467 -0.577577 -0.028861 0.024195
1731332116.441624641418457 7.576344 -37.479364 -1.898307 -0.816370 -0.576295 -0.030456 0.022283
1731332116.541623592376709 7.591306 -37.416819 -1.902466 -0.816606 -0.576033 -0.027609 0.024032
1731332116.641622781753540 7.603741 -37.352298 -1.905422 -0.814198 -0.578969 -0.030824 0.030442
1731332116.741621971130371 7.593911 -37.294641 -1.934672 -0.811645 -0.582654 -0.029862 0.029253
1731332116.841620922088623 7.600382 -37.222860 -1.944380 -0.808627 -0.586914 -0.025420 0.031760
1731332116.941620111465454 7.611292 -37.148134 -1.957378 -0.806059 -0.590605 -0.021887 0.031241
1731332117.041619300842285 7.640060 -37.078721 -1.975671 -0.805333 -0.591429 -0.026985 0.030353
1731332117.141618490219116 7.649705 -37.017089 -1.986128 -0.805801 -0.590885 -0.026530 0.028921
1731332117.241617679595947 7.663146 -36.963084 -1.990929 -0.806129 -0.590485 -0.023644 0.030424
1731332117.341619491577148 7.687564 -36.881110 -1.999142 -0.803948 -0.593225 -0.026047 0.032751
1731332117.441618919372559 7.714507 -36.797455 -1.994510 -0.800277 -0.598337 -0.022768 0.032112
1731332117.541618108749390 7.740374 -36.715406 -1.991385 -0.797648 -0.602005 -0.019312 0.031217
1731332117.641617059707642 7.767163 -36.632265 -1.986216 -0.794285 -0.606637 -0.016715 0.028691
1731332117.741616010665894 7.795413 -36.547431 -1.980799 -0.796084 -0.604295 -0.017557 0.027748
1731332117.841615438461304 7.798659 -36.489398 -1.988386 -0.797836 -0.602027 -0.017579 0.026675
1731332117.941614627838135 7.806935 -36.454500 -1.988241 -0.798512 -0.601092 -0.017514 0.027552
1731332118.041613817214966 7.813778 -36.408400 -1.991127 -0.797395 -0.602456 -0.020033 0.028386
1731332118.141613006591797 7.809467 -36.365056 -1.994548 -0.794299 -0.606604 -0.020155 0.026718
1731332118.241612195968628 7.808331 -36.344133 -1.997050 -0.790753 -0.611342 -0.018720 0.024908
1731332118.341611146926880 7.802789 -36.312042 -2.000777 -0.786337 -0.617051 -0.016894 0.025241
1731332118.441610574722290 7.802696 -36.273581 -1.999968 -0.781727 -0.622931 -0.016179 0.024446
1731332118.541609764099121 7.786773 -36.267983 -1.999955 -0.782074 -0.622404 -0.020968 0.023113
1731332118.641608715057373 7.789601 -36.245564 -1.991832 -0.781516 -0.623109 -0.021732 0.022248
1731332118.741607904434204 7.797436 -36.190350 -1.981280 -0.781236 -0.623405 -0.022450 0.023080
1731332118.841607093811035 7.808623 -36.131803 -1.981966 -0.779570 -0.625522 -0.023030 0.021492
1731332118.941606283187866 7.812401 -36.080475 -1.984421 -0.774875 -0.631412 -0.020770 0.021359
1731332119.041605710983276 7.816286 -36.043106 -1.984047 -0.770295 -0.637032 -0.018635 0.022122
1731332119.141604900360107 7.826744 -36.000321 -1.983870 -0.765838 -0.642406 -0.015502 0.023818
1731332119.241603851318359 7.837851 -35.992754 -1.988213 -0.764122 -0.644456 -0.014823 0.023974
1731332119.341603040695190 7.837671 -36.010909 -1.989053 -0.765025 -0.643493 -0.012031 0.022545
1731332119.441602230072021 7.890495 -35.960172 -1.976132 -0.764898 -0.643641 -0.005671 0.025004
1731332119.541601419448853 7.884848 -36.002489 -1.978865 -0.763708 -0.645006 -0.010070 0.024808
1731332119.641600608825684 7.866286 -36.048226 -1.978405 -0.759602 -0.649800 -0.011665 0.025063
1731332119.741599798202515 7.836663 -36.092277 -1.985575 -0.756222 -0.653682 -0.011956 0.026176
1731332119.841598987579346 7.816118 -36.113920 -1.990510 -0.753262 -0.657041 -0.011864 0.027416
1731332119.941598176956177 7.809408 -36.125026 -1.991982 -0.750745 -0.659892 -0.011339 0.028200
1731332120.041597366333008 7.805697 -36.131555 -1.992806 -0.748433 -0.662498 -0.010470 0.028895
1731332120.141596555709839 7.808554 -36.136988 -1.990929 -0.746259 -0.664944 -0.009781 0.029184
1731332120.241595745086670 7.812701 -36.144008 -1.990008 -0.744445 -0.666965 -0.009031 0.029621
1731332120.341594696044922 7.814620 -36.153661 -1.989891 -0.742725 -0.668873 -0.008562 0.029937
1731332120.441594123840332 7.817214 -36.159376 -1.990455 -0.741062 -0.670713 -0.008181 0.030067
1731332120.541593074798584 7.819649 -36.164982 -1.989912 -0.739438 -0.672515 -0.008227 0.029790
1731332120.641592264175415 7.824333 -36.167423 -1.989802 -0.737940 -0.674182 -0.008235 0.029248
1731332120.741591453552246 7.828739 -36.169033 -1.987831 -0.736824 -0.675428 -0.007784 0.028747
1731332120.841590642929077 7.838416 -36.166504 -1.986158 -0.736072 -0.676268 -0.007349 0.028386
1731332120.941589832305908 7.845902 -36.161425 -1.984355 -0.735513 -0.676895 -0.007229 0.027947
1731332121.041589021682739 7.853085 -36.154966 -1.982888 -0.735117 -0.677354 -0.007095 0.027285
1731332121.141588211059570 7.859930 -36.152832 -1.981182 -0.734836 -0.677681 -0.006690 0.026827
1731332121.241587400436401 7.869766 -36.145169 -1.979773 -0.734632 -0.677921 -0.006475 0.026397
1731332121.341586589813232 7.880199 -36.137654 -1.977186 -0.734518 -0.678062 -0.006365 0.025975
1731332121.441585779190063 7.894517 -36.127209 -1.974150 -0.734384 -0.678229 -0.006336 0.025393
1731332121.541584968566895 7.904310 -36.117311 -1.972200 -0.734165 -0.678490 -0.006297 0.024773
1731332121.641583919525146 7.921420 -36.102602 -1.969251 -0.733893 -0.678810 -0.006294 0.024054
1731332121.741583108901978 7.931129 -36.091389 -1.967677 -0.733581 -0.679171 -0.006203 0.023391
1731332121.841582298278809 7.943989 -36.078453 -1.966062 -0.733201 -0.679598 -0.006051 0.022920
1731332121.941581487655640 7.959064 -36.063219 -1.963585 -0.732780 -0.680059 -0.005720 0.022835
1731332122.041580915451050 7.976298 -36.047803 -1.961414 -0.732293 -0.680579 -0.005300 0.023027
1731332122.141580104827881 7.993294 -36.030992 -1.958916 -0.731766 -0.681133 -0.004758 0.023515
1731332122.241579055786133 8.011437 -36.014169 -1.956624 -0.731201 -0.681720 -0.004173 0.024177
1731332122.341578245162964 8.031235 -35.996403 -1.954123 -0.730764 -0.682168 -0.003656 0.024827
1731332122.441577434539795 8.052377 -35.976897 -1.951718 -0.730267 -0.682682 -0.003080 0.025437
1731332122.541576623916626 8.073286 -35.955426 -1.948769 -0.729795 -0.683169 -0.002593 0.025929
1731332122.641576051712036 8.095337 -35.934353 -1.945989 -0.729387 -0.683594 -0.002300 0.026240
1731332122.741575002670288 8.116642 -35.911047 -1.942915 -0.728923 -0.684086 -0.001970 0.026344
1731332122.841574192047119 8.137620 -35.887148 -1.941822 -0.728192 -0.684868 -0.001914 0.026233
1731332122.941573381423950 8.087361 -35.920027 -1.966893 -0.727972 -0.685112 -0.002537 0.025922
1731332123.041572570800781 8.025633 -35.959947 -1.994886 -0.727852 -0.685258 -0.003232 0.025343
1731332123.141571760177612 7.965814 -36.002345 -2.019909 -0.727518 -0.685637 -0.004014 0.024564
1731332123.241570711135864 7.911476 -36.043192 -2.040805 -0.726959 -0.686253 -0.004789 0.023771
1731332123.341569900512695 7.882222 -36.063067 -2.053036 -0.726398 -0.686871 -0.005315 0.022950
1731332123.441569089889526 7.872159 -36.069808 -2.058203 -0.725988 -0.687323 -0.005651 0.022286
1731332123.541568279266357 7.872104 -36.070111 -2.059889 -0.725692 -0.687649 -0.005781 0.021834
1731332123.641567468643188 7.867228 -36.070630 -2.063395 -0.725372 -0.687995 -0.005897 0.021530
1731332123.741566658020020 7.866601 -36.068442 -2.065724 -0.725200 -0.688182 -0.005942 0.021337
1731332123.841565847396851 7.871996 -36.065200 -2.067312 -0.725063 -0.688332 -0.005969 0.021159
1731332123.941565036773682 7.877495 -36.060111 -2.068108 -0.724931 -0.688474 -0.005972 0.021056
1731332124.041564226150513 7.886153 -36.053726 -2.067523 -0.724838 -0.688578 -0.005961 0.020851
1731332124.141563415527344 7.896099 -36.045101 -2.067284 -0.724779 -0.688646 -0.005977 0.020651
1731332124.241562604904175 7.907698 -36.035262 -2.065922 -0.724717 -0.688721 -0.005968 0.020342
1731332124.341561794281006 7.920862 -36.024896 -2.064138 -0.724561 -0.688897 -0.006005 0.019912
1731332124.441560983657837 7.818190 -36.117485 -2.109440 -0.725413 -0.688002 -0.007023 0.019500
1731332124.541560173034668 7.776713 -36.155329 -2.126381 -0.725643 -0.687769 -0.007496 0.018970
1731332124.641559123992920 7.752649 -36.176455 -2.136114 -0.725649 -0.687775 -0.007791 0.018410
1731332124.741558313369751 7.739656 -36.188863 -2.141539 -0.725718 -0.687714 -0.008005 0.017873
1731332124.841557502746582 7.728921 -36.197444 -2.144201 -0.725584 -0.687865 -0.008111 0.017463
1731332124.941556692123413 7.722963 -36.202559 -2.146809 -0.725537 -0.687920 -0.008220 0.017162
1731332125.041556119918823 7.719644 -36.206062 -2.148109 -0.725570 -0.687892 -0.008263 0.016880
1731332125.141554832458496 7.716417 -36.208576 -2.150227 -0.725548 -0.687919 -0.008298 0.016676
1731332125.241554260253906 7.715586 -36.209830 -2.151675 -0.725623 -0.687844 -0.008298 0.016544
1731332125.341551303863525 7.713997 -36.211013 -2.153179 -0.725571 -0.687899 -0.008319 0.016517
1731332125.441550493240356 7.713309 -36.211332 -2.152863 -0.725494 -0.687982 -0.008251 0.016442
1731332125.541549682617188 7.713751 -36.211144 -2.153618 -0.725544 -0.687932 -0.008234 0.016392
1731332125.641548871994019 7.714974 -36.210575 -2.154441 -0.725647 -0.687823 -0.008227 0.016380
1731332125.741547822952271 7.715779 -36.210118 -2.156330 -0.725745 -0.687719 -0.008254 0.016406
1731332125.841547250747681 7.718032 -36.208502 -2.156339 -0.725901 -0.687554 -0.008201 0.016413
1731332125.941546201705933 7.719806 -36.207437 -2.157996 -0.726082 -0.687363 -0.008242 0.016438
1731332126.041545629501343 7.720989 -36.206572 -2.158790 -0.726141 -0.687300 -0.008251 0.016456
1731332126.141544818878174 7.722623 -36.205447 -2.159188 -0.726220 -0.687217 -0.008208 0.016455
1731332126.241543769836426 7.725002 -36.203745 -2.161003 -0.726489 -0.686933 -0.008206 0.016442
1731332126.341542959213257 7.725915 -36.203549 -2.161206 -0.726322 -0.687107 -0.008270 0.016472
1731332126.441542148590088 7.727364 -36.202678 -2.162284 -0.726429 -0.686993 -0.008309 0.016486
1731332126.541541337966919 7.728775 -36.201696 -2.162888 -0.726500 -0.686920 -0.008291 0.016447
1731332126.641540527343750 7.729405 -36.201362 -2.163519 -0.726497 -0.686923 -0.008347 0.016402
1731332126.741539955139160 7.730084 -36.201178 -2.163560 -0.726351 -0.687078 -0.008352 0.016371
1731332126.841538906097412 7.730789 -36.200828 -2.163895 -0.726316 -0.687117 -0.008392 0.016271
1731332126.941538095474243 7.731377 -36.200910 -2.164146 -0.726198 -0.687242 -0.008391 0.016272
1731332127.041537284851074 7.731850 -36.200982 -2.164882 -0.726194 -0.687249 -0.008408 0.016133
1731332127.141536474227905 7.732659 -36.200886 -2.165482 -0.726203 -0.687241 -0.008424 0.016083
1731332127.241535663604736 7.733057 -36.201111 -2.166001 -0.726232 -0.687213 -0.008421 0.015939
1731332127.341534614562988 7.733087 -36.201730 -2.166955 -0.726233 -0.687213 -0.008431 0.015879
1731332127.441534042358398 7.732378 -36.202988 -2.168145 -0.726168 -0.687281 -0.008448 0.015883
1731332127.541533231735229 7.732778 -36.203335 -2.168574 -0.726172 -0.687279 -0.008393 0.015841
1731332127.641532182693481 7.732623 -36.204206 -2.168587 -0.726105 -0.687351 -0.008311 0.015828
1731332127.741531372070312 7.733081 -36.204369 -2.168768 -0.726202 -0.687251 -0.008265 0.015744
1731332127.841530561447144 7.734078 -36.204213 -2.168604 -0.726345 -0.687103 -0.008161 0.015687
1731332127.941529750823975 7.734793 -36.204522 -2.169643 -0.726491 -0.686949 -0.008165 0.015665
1731332128.041528940200806 7.735445 -36.204887 -2.170238 -0.726624 -0.686810 -0.008120 0.015637
1731332128.141528129577637 7.735499 -36.205673 -2.170978 -0.726707 -0.686722 -0.008108 0.015619
1731332128.241527318954468 7.735319 -36.206750 -2.171005 -0.726682 -0.686750 -0.008042 0.015559
1731332128.341526508331299 7.734784 -36.208055 -2.171521 -0.726652 -0.686784 -0.008021 0.015515
1731332128.441525697708130 7.734136 -36.209441 -2.171935 -0.726611 -0.686830 -0.007987 0.015426
1731332128.541524887084961 7.734361 -36.210148 -2.172072 -0.726629 -0.686812 -0.007928 0.015376
1731332128.641523599624634 7.733498 -36.211837 -2.172784 -0.726543 -0.686903 -0.007898 0.015387
1731332128.741523027420044 7.732724 -36.213407 -2.173349 -0.726482 -0.686968 -0.007840 0.015409
1731332128.841522216796875 7.732513 -36.214487 -2.173576 -0.726497 -0.686953 -0.007752 0.015415
1731332128.941521406173706 7.731964 -36.215749 -2.173737 -0.726487 -0.686965 -0.007678 0.015398
1731332129.041520833969116 7.731364 -36.217074 -2.173763 -0.726468 -0.686987 -0.007574 0.015379
1731332129.141520023345947 7.730748 -36.218345 -2.173994 -0.726464 -0.686990 -0.007504 0.015426
1731332129.241518735885620 7.730099 -36.219645 -2.174395 -0.726455 -0.686999 -0.007430 0.015504
1731332129.341515779495239 7.730194 -36.220260 -2.173940 -0.726538 -0.686912 -0.007291 0.015543
1731332129.441514968872070 7.729401 -36.221649 -2.174343 -0.726516 -0.686935 -0.007204 0.015570
1731332129.541513919830322 7.728504 -36.222976 -2.174347 -0.726477 -0.686975 -0.007120 0.015671
1731332129.641513109207153 7.728715 -36.223341 -2.174484 -0.726593 -0.686853 -0.007026 0.015725
1731332129.741512298583984 7.727849 -36.224501 -2.174726 -0.726572 -0.686874 -0.006958 0.015807
1731332129.841511249542236 7.727560 -36.225187 -2.175141 -0.726613 -0.686829 -0.006886 0.015867
1731332129.941510438919067 7.727812 -36.225526 -2.174823 -0.726721 -0.686714 -0.006754 0.015935
1731332130.041509628295898 7.727681 -36.226086 -2.175167 -0.726774 -0.686657 -0.006667 0.016063
1731332130.141508817672729 7.727823 -36.226500 -2.175375 -0.726844 -0.686580 -0.006562 0.016197
1731332130.241507768630981 7.727348 -36.227410 -2.176055 -0.726821 -0.686601 -0.006494 0.016370
1731332130.341506958007812 7.727225 -36.227946 -2.176044 -0.726846 -0.686571 -0.006377 0.016571
1731332130.441506147384644 7.727047 -36.228714 -2.176815 -0.726857 -0.686556 -0.006325 0.016715
1731332130.541505098342896 7.726788 -36.229632 -2.176611 -0.726844 -0.686566 -0.006147 0.016938
1731332130.641504287719727 7.726674 -36.230284 -2.176681 -0.726868 -0.686536 -0.005990 0.017190
1731332130.741503477096558 7.726550 -36.230900 -2.177152 -0.726867 -0.686530 -0.005891 0.017491
1731332130.841502428054810 7.725682 -36.232109 -2.177532 -0.726777 -0.686619 -0.005760 0.017789
1731332130.941501617431641 7.725688 -36.232785 -2.177257 -0.726823 -0.686566 -0.005539 0.018012
1731332131.041501045227051 7.725873 -36.233076 -2.177455 -0.726875 -0.686505 -0.005393 0.018296
1731332131.141499996185303 7.725909 -36.233444 -2.177451 -0.726916 -0.686454 -0.005184 0.018597
1731332131.241498947143555 7.725915 -36.233889 -2.177297 -0.726944 -0.686420 -0.004996 0.018876
1731332131.341498136520386 7.725491 -36.234580 -2.177288 -0.726905 -0.686452 -0.004841 0.019223
1731332131.441497325897217 7.725747 -36.234696 -2.177546 -0.726934 -0.686414 -0.004650 0.019511
1731332131.541496276855469 7.726153 -36.234574 -2.178067 -0.726968 -0.686369 -0.004549 0.019852
1731332131.641495466232300 7.726542 -36.234543 -2.178087 -0.727021 -0.686304 -0.004382 0.020185
1731332131.741494417190552 7.726731 -36.234773 -2.178074 -0.727046 -0.686270 -0.004209 0.020488
1731332131.841493606567383 7.726639 -36.235139 -2.178466 -0.727009 -0.686302 -0.004044 0.020766
1731332131.941492795944214 7.726848 -36.235227 -2.178481 -0.727049 -0.686253 -0.003866 0.021013
1731332132.041491985321045 7.727238 -36.235036 -2.178803 -0.727078 -0.686216 -0.003742 0.021234
1731332132.141491174697876 7.727630 -36.234991 -2.178822 -0.727136 -0.686152 -0.003644 0.021361
1731332132.241490125656128 7.727781 -36.235045 -2.178615 -0.727176 -0.686107 -0.003536 0.021454
1731332132.341489315032959 7.727991 -36.235040 -2.178623 -0.727222 -0.686055 -0.003509 0.021544
1731332132.441488265991211 7.727869 -36.235439 -2.178599 -0.727206 -0.686072 -0.003466 0.021567
1731332132.541487693786621 7.727953 -36.235412 -2.179052 -0.727206 -0.686071 -0.003507 0.021597
1731332132.641486644744873 7.727950 -36.235784 -2.178891 -0.727215 -0.686062 -0.003477 0.021562
1731332132.741485834121704 7.727852 -36.236008 -2.178790 -0.727193 -0.686085 -0.003457 0.021553
1731332132.841484785079956 7.728078 -36.235991 -2.179141 -0.727200 -0.686080 -0.003515 0.021495
1731332132.941483974456787 7.727630 -36.236471 -2.178751 -0.727169 -0.686112 -0.003473 0.021515
1731332133.041483163833618 7.729760 -36.233581 -2.180394 -0.728534 -0.684643 -0.001905 0.022329
1731332133.141482353210449 7.737526 -36.224667 -2.181580 -0.732097 -0.680691 -0.000351 0.026323
1731332133.241481304168701 7.750560 -36.214988 -2.178760 -0.734911 -0.677495 -0.000076 0.030101
1731332133.341480493545532 7.767121 -36.200598 -2.180070 -0.735153 -0.676823 -0.000397 0.038214
1731332133.441479682922363 7.777431 -36.173303 -2.184945 -0.731793 -0.680358 0.001991 0.039852
1731332133.541478633880615 7.778610 -36.127223 -2.195429 -0.727574 -0.685378 0.010092 0.028127
1731332133.641477823257446 7.786726 -36.076753 -2.194064 -0.727664 -0.685344 -0.003161 0.028275
1731332133.741476774215698 7.795134 -36.031969 -2.194781 -0.731070 -0.681787 -0.007632 0.025407
1731332133.841476202011108 7.797749 -35.990457 -2.193681 -0.733330 -0.679371 -0.009803 0.024230
1731332133.941475152969360 7.792898 -35.947581 -2.187988 -0.735205 -0.677259 -0.011742 0.025614
1731332134.041474342346191 7.794365 -35.885620 -2.187698 -0.733233 -0.679113 -0.013771 0.031384
1731332134.141473531723022 7.794659 -35.823949 -2.187302 -0.729656 -0.683020 -0.014049 0.029801
1731332134.241472482681274 7.791057 -35.756924 -2.188685 -0.724923 -0.688205 -0.013836 0.025855
1731332134.341471672058105 7.790265 -35.676745 -2.178348 -0.722905 -0.690047 -0.026859 0.022853
1731332134.441470861434937 7.795226 -35.608816 -2.162979 -0.724387 -0.688174 -0.033847 0.023129
1731332134.541469812393188 7.787451 -35.546786 -2.156285 -0.725163 -0.687315 -0.035473 0.021894
1731332134.641469001770020 7.785424 -35.466931 -2.150669 -0.724259 -0.688336 -0.034862 0.020677
1731332134.741468191146851 7.788077 -35.385396 -2.150296 -0.720542 -0.692111 -0.034920 0.024120
1731332134.841467142105103 7.781424 -35.322360 -2.150079 -0.715015 -0.697905 -0.033876 0.023134
1731332134.941466331481934 7.770676 -35.279345 -2.146636 -0.709305 -0.703781 -0.033060 0.022059
1731332135.041465520858765 7.761692 -35.241453 -2.137393 -0.705700 -0.707242 -0.036098 0.022207
1731332135.141464948654175 7.757977 -35.250494 -2.144668 -0.705940 -0.706522 -0.044033 0.023159
1731332135.241463899612427 7.750326 -35.233025 -2.132885 -0.706447 -0.705875 -0.046469 0.022670
1731332135.341462850570679 7.748666 -35.201493 -2.124286 -0.706519 -0.705735 -0.047206 0.023251
1731332135.441462039947510 7.737633 -35.144586 -2.125014 -0.704173 -0.708201 -0.044711 0.024354
1731332135.541460990905762 7.733293 -35.122621 -2.125267 -0.695981 -0.716099 -0.040748 0.033935
1731332135.641460180282593 7.744207 -35.066493 -2.107513 -0.687247 -0.724619 -0.044725 0.024868
1731332135.741459369659424 7.744927 -34.997829 -2.104135 -0.686140 -0.725923 -0.042938 0.020086
1731332135.841458320617676 7.763819 -34.923721 -2.086681 -0.686886 -0.725091 -0.045066 0.019971
1731332135.941457509994507 7.814513 -34.855633 -2.047149 -0.689336 -0.722917 -0.042449 0.020126
1731332136.041456699371338 7.812262 -34.808710 -2.042452 -0.689556 -0.722734 -0.037716 0.027325
1731332136.141455888748169 7.804230 -34.769956 -2.043052 -0.684647 -0.727397 -0.038397 0.026023
1731332136.241455078125000 7.802108 -34.726039 -2.037709 -0.680508 -0.731439 -0.035926 0.024804
1731332136.341454029083252 7.800580 -34.673208 -2.033629 -0.676203 -0.735607 -0.033445 0.022651
1731332136.441453218460083 7.800633 -34.625792 -2.031109 -0.677807 -0.733706 -0.041766 0.022550
1731332136.541452169418335 7.806224 -34.577268 -2.025572 -0.679288 -0.732316 -0.042615 0.021551
1731332136.641451358795166 7.808392 -34.530108 -2.022618 -0.680776 -0.731010 -0.040771 0.022479
1731332136.741450548171997 7.813016 -34.478643 -2.018765 -0.682858 -0.728994 -0.038988 0.027414
1731332136.841449499130249 7.811120 -34.447888 -2.016424 -0.681162 -0.730325 -0.043610 0.027243
1731332136.941448688507080 7.823245 -34.412248 -2.016268 -0.680160 -0.731371 -0.040723 0.028634
1731332137.041447877883911 7.824503 -34.377182 -2.010654 -0.677393 -0.734120 -0.037471 0.028325
1731332137.141447067260742 7.830948 -34.330060 -2.006217 -0.676463 -0.734882 -0.040699 0.026255
1731332137.241446256637573 7.839725 -34.288952 -2.007979 -0.679330 -0.731902 -0.046440 0.025967
1731332137.341445207595825 7.844433 -34.243721 -1.998287 -0.681818 -0.729547 -0.046676 0.026589
1731332137.441444396972656 7.845389 -34.200513 -1.992229 -0.683431 -0.728118 -0.045025 0.027198
1731332137.541443586349487 7.843694 -34.145436 -1.992514 -0.679931 -0.731105 -0.047377 0.030571
1731332137.641442537307739 7.846166 -34.106364 -1.989770 -0.675258 -0.735658 -0.043551 0.030627
1731332137.741441726684570 7.844308 -34.067030 -1.985076 -0.669358 -0.741180 -0.042874 0.027813
1731332137.841440677642822 7.844116 -34.018797 -1.980095 -0.664212 -0.745897 -0.043173 0.024418
1731332137.941439628601074 7.846452 -33.981308 -1.975950 -0.665453 -0.744575 -0.046720 0.024440
1731332138.041439056396484 7.829991 -33.952790 -1.980473 -0.666563 -0.743626 -0.046541 0.023415
1731332138.141438245773315 7.817084 -33.968273 -1.989357 -0.667496 -0.742918 -0.043765 0.024629
1731332138.241437196731567 7.810636 -33.958570 -1.991437 -0.665731 -0.744310 -0.045392 0.027275
1731332138.341436386108398 7.825880 -33.909129 -1.976298 -0.663720 -0.746321 -0.042023 0.026721
1731332138.441435575485229 7.833520 -33.835044 -1.958601 -0.660400 -0.749466 -0.039475 0.024784
1731332138.541434526443481 7.827908 -33.790193 -1.955927 -0.659459 -0.750461 -0.037835 0.022140
1731332138.641433715820312 7.829997 -33.745634 -1.949272 -0.667043 -0.743509 -0.042656 0.020700
1731332138.741432905197144 7.830851 -33.708202 -1.943337 -0.673960 -0.737135 -0.045430 0.018612
1731332138.841432094573975 7.841650 -33.677378 -1.936078 -0.679323 -0.732241 -0.044129 0.019898
1731332138.941431045532227 7.865508 -33.596217 -1.911557 -0.680110 -0.731384 -0.043476 0.025257
1731332139.041430234909058 7.897395 -33.500029 -1.878120 -0.675345 -0.735970 -0.040809 0.024322
1731332139.141429424285889 7.929420 -33.374635 -1.834742 -0.669748 -0.741186 -0.039973 0.021959
1731332139.241428375244141 7.975082 -33.230834 -1.776178 -0.663840 -0.746640 -0.037908 0.020178
1731332139.341427564620972 7.965534 -33.190922 -1.773763 -0.663967 -0.746385 -0.040365 0.020687
1731332139.441426753997803 7.956146 -33.118647 -1.753264 -0.664655 -0.745639 -0.043515 0.019059
1731332139.541425704956055 7.963141 -33.076268 -1.743274 -0.666186 -0.744296 -0.042894 0.019503
1731332139.641424894332886 7.950910 -33.036419 -1.733603 -0.665504 -0.744777 -0.042835 0.024011
1731332139.741424083709717 7.937912 -32.997968 -1.741772 -0.660015 -0.749622 -0.042734 0.024920
1731332139.841423034667969 7.938376 -32.941522 -1.737103 -0.653613 -0.755373 -0.038265 0.027156
1731332139.941422224044800 7.921583 -32.926133 -1.743312 -0.646949 -0.761262 -0.036789 0.024170
1731332140.041421413421631 7.910609 -32.890755 -1.744411 -0.647555 -0.760353 -0.042406 0.027177
1731332140.141420602798462 7.912305 -32.848622 -1.736086 -0.648860 -0.759201 -0.042922 0.027427
1731332140.241419792175293 7.911719 -32.810358 -1.729926 -0.650621 -0.757665 -0.043086 0.027937
1731332140.341418743133545 7.892927 -32.725490 -1.725959 -0.650754 -0.757232 -0.043716 0.034753
1731332140.441417932510376 7.872711 -32.668657 -1.727472 -0.648766 -0.759072 -0.040694 0.035456
1731332140.541416883468628 7.857839 -32.614890 -1.726415 -0.646794 -0.761024 -0.036601 0.034066
1731332140.641416072845459 7.847382 -32.560459 -1.727023 -0.646026 -0.761957 -0.033061 0.031286
1731332140.741415262222290 7.841376 -32.499732 -1.720014 -0.651756 -0.756712 -0.039685 0.032026
1731332140.841414213180542 7.838524 -32.432018 -1.712972 -0.662153 -0.747604 -0.040970 0.031028
1731332140.941413402557373 7.833844 -32.366094 -1.710038 -0.673766 -0.737210 -0.039066 0.032171
1731332141.041412591934204 7.834663 -32.300218 -1.708497 -0.684213 -0.727164 -0.040803 0.037683
1731332141.141411781311035 7.824435 -32.206688 -1.700305 -0.691321 -0.720388 -0.041460 0.037381
1731332141.241410970687866 7.818144 -32.167521 -1.701904 -0.691812 -0.720025 -0.037977 0.038958
1731332141.341412305831909 7.810680 -32.171659 -1.707020 -0.687784 -0.724108 -0.035434 0.036939
1731332141.441411256790161 7.802628 -32.112546 -1.702319 -0.686115 -0.725526 -0.039503 0.036016
1731332141.541410446166992 7.802882 -32.062474 -1.695664 -0.688287 -0.723356 -0.043158 0.033976
1731332141.641409635543823 7.806928 -31.999762 -1.691558 -0.691594 -0.720361 -0.041117 0.032969
1731332141.741408586502075 7.806354 -31.950735 -1.689244 -0.693351 -0.718456 -0.042299 0.036003
1731332141.841407775878906 7.793624 -31.905355 -1.694246 -0.690155 -0.721304 -0.046208 0.035658
1731332141.941406726837158 7.786804 -31.877693 -1.698642 -0.686834 -0.724600 -0.042964 0.036973
1731332142.041405916213989 7.808574 -31.811160 -1.675678 -0.683661 -0.727847 -0.042922 0.031674
1731332142.141405105590820 7.811064 -31.725658 -1.679641 -0.685660 -0.726913 -0.026382 0.027787
1731332142.241404533386230 7.807715 -31.696258 -1.686552 -0.687485 -0.725245 -0.027829 0.024688
1731332142.341403245925903 7.803225 -31.638745 -1.674598 -0.686808 -0.725842 -0.025127 0.028587
1731332142.441402435302734 7.795189 -31.593977 -1.664715 -0.683177 -0.729116 -0.028022 0.029555
1731332142.541401624679565 7.793593 -31.535787 -1.657635 -0.677522 -0.734413 -0.026062 0.030362
1731332142.641400814056396 7.791393 -31.439510 -1.630083 -0.673642 -0.737845 -0.030590 0.029236
1731332142.741399765014648 7.801218 -31.366702 -1.610833 -0.675449 -0.736120 -0.032638 0.028826
1731332142.841398954391479 7.799686 -31.332839 -1.598541 -0.677453 -0.734197 -0.034377 0.028828
1731332142.941397905349731 7.793284 -31.308438 -1.592684 -0.678983 -0.732739 -0.035163 0.028964
1731332143.041397333145142 7.790298 -31.267487 -1.592644 -0.677454 -0.733651 -0.040438 0.034306
1731332143.141396284103394 7.781326 -31.247243 -1.594640 -0.670625 -0.740015 -0.038529 0.034004
1731332143.241395473480225 7.776375 -31.221684 -1.593122 -0.664281 -0.745917 -0.036525 0.031706
1731332143.341394424438477 7.768200 -31.190798 -1.590470 -0.659730 -0.750055 -0.034670 0.031175
1731332143.441393613815308 7.771654 -31.203589 -1.593260 -0.661690 -0.748004 -0.039628 0.032954
1731332143.541392803192139 7.769944 -31.175915 -1.585756 -0.662925 -0.746976 -0.039953 0.030994
1731332143.641391754150391 7.765310 -31.147610 -1.575098 -0.662305 -0.747360 -0.035813 0.039027
1731332143.741390943527222 7.766388 -31.100831 -1.557706 -0.661787 -0.747333 -0.037395 0.046192
1731332143.841390132904053 7.765208 -31.072334 -1.551020 -0.658832 -0.749543 -0.039039 0.051001
1731332143.941389322280884 7.772056 -31.036422 -1.538729 -0.655305 -0.752512 -0.037315 0.053934
1731332144.041388511657715 7.784090 -30.979170 -1.532373 -0.653956 -0.753672 -0.037029 0.054313
1731332144.141387462615967 7.790925 -30.950515 -1.526287 -0.656125 -0.752029 -0.035633 0.051794
1731332144.241386651992798 7.789814 -30.916271 -1.531468 -0.657466 -0.751142 -0.032800 0.049486
1731332144.341385841369629 7.791462 -30.886944 -1.532128 -0.656706 -0.751539 -0.033515 0.052942
1731332144.441384792327881 7.801102 -30.848303 -1.524860 -0.652359 -0.755090 -0.037314 0.053616
1731332144.541383981704712 7.801978 -30.805769 -1.521192 -0.648213 -0.758650 -0.035271 0.055020
1731332144.641382932662964 7.803893 -30.743020 -1.517868 -0.643368 -0.763138 -0.034382 0.050161
1731332144.741382122039795 7.810487 -30.677850 -1.491098 -0.642764 -0.763583 -0.037642 0.048769
1731332144.841381311416626 7.811347 -30.641608 -1.484127 -0.641450 -0.764866 -0.037050 0.046361
1731332144.941380500793457 7.807054 -30.606986 -1.481963 -0.637591 -0.768212 -0.034742 0.046046
1731332145.041379690170288 7.806501 -30.565893 -1.477202 -0.629015 -0.774537 -0.038594 0.054250
1731332145.141378641128540 7.798482 -30.534118 -1.476276 -0.618443 -0.782986 -0.043169 0.050971
1731332145.241377830505371 7.788174 -30.504162 -1.472013 -0.607782 -0.791420 -0.043589 0.048535
1731332145.341376543045044 7.771600 -30.467650 -1.467731 -0.592724 -0.803043 -0.040523 0.046459
1731332145.441375732421875 7.762576 -30.414797 -1.457240 -0.579416 -0.812239 -0.047758 0.047575
1731332145.541374683380127 7.748062 -30.386704 -1.444193 -0.566172 -0.821245 -0.051600 0.048406
1731332145.641373872756958 7.730299 -30.354485 -1.433580 -0.555438 -0.828437 -0.053532 0.048104
1731332145.741372823715210 7.710756 -30.317530 -1.421890 -0.548202 -0.833239 -0.052896 0.048882
1731332145.841372013092041 7.694325 -30.275883 -1.418160 -0.542868 -0.836038 -0.053052 0.059339
1731332145.941371202468872 7.678342 -30.240268 -1.406472 -0.538115 -0.838985 -0.050506 0.063135
1731332146.041370153427124 7.671920 -30.201681 -1.394540 -0.533797 -0.841923 -0.045562 0.064421
1731332146.141369342803955 7.672064 -30.184438 -1.386651 -0.531341 -0.843270 -0.050791 0.063180
1731332146.241368293762207 7.685281 -30.122353 -1.345579 -0.532259 -0.841976 -0.056578 0.067647
1731332146.341367483139038 7.665664 -30.100751 -1.344369 -0.534051 -0.840959 -0.055176 0.067328
1731332146.441366672515869 7.658944 -30.076623 -1.340766 -0.536451 -0.839468 -0.050469 0.070481
1731332146.541365385055542 7.644018 -30.051374 -1.341850 -0.535038 -0.839456 -0.050246 0.080760
1731332146.641364812850952 7.628481 -30.032090 -1.331388 -0.532066 -0.841046 -0.054745 0.080941
1731332146.741363763809204 7.620162 -30.003996 -1.326354 -0.528197 -0.843670 -0.052699 0.080325
1731332146.841362953186035 7.608782 -29.970867 -1.321500 -0.521828 -0.847898 -0.049640 0.079374
1731332146.941361904144287 7.583628 -29.954977 -1.325495 -0.516307 -0.851755 -0.046829 0.075813
1731332147.041361093521118 7.565881 -29.942426 -1.321119 -0.517563 -0.850136 -0.053679 0.080719
1731332147.141360282897949 7.548984 -29.918136 -1.312378 -0.518904 -0.848901 -0.054020 0.084779
1731332147.241359472274780 7.535506 -29.899259 -1.307547 -0.521086 -0.847092 -0.051742 0.090703
1731332147.341358423233032 7.521564 -29.866782 -1.296351 -0.517310 -0.848527 -0.055630 0.096426
1731332147.441357612609863 7.502240 -29.847978 -1.283586 -0.512957 -0.850194 -0.058099 0.103289
1731332147.541356563568115 7.483615 -29.818855 -1.273125 -0.507712 -0.853488 -0.057091 0.102601
1731332147.641355752944946 7.461305 -29.775097 -1.252159 -0.503343 -0.856239 -0.061015 0.098883
1731332147.741354703903198 7.444792 -29.750050 -1.233631 -0.502449 -0.853168 -0.084357 0.111947
1731332147.841353893280029 7.431144 -29.729608 -1.221890 -0.502300 -0.852501 -0.086909 0.115687
1731332147.941352844238281 7.409438 -29.702904 -1.205676 -0.501010 -0.852462 -0.091096 0.118321
1731332148.041352033615112 7.382795 -29.672646 -1.186921 -0.499867 -0.852416 -0.092690 0.122180
1731332148.141351222991943 7.376638 -29.662111 -1.193074 -0.499106 -0.850445 -0.085205 0.142747
1731332148.241350412368774 7.369639 -29.642359 -1.204685 -0.504093 -0.849574 -0.100187 0.118643
1731332148.341349363327026 7.348809 -29.620744 -1.200145 -0.500529 -0.852287 -0.097701 0.116326
1731332148.441348314285278 7.325788 -29.596225 -1.189791 -0.496718 -0.855249 -0.093368 0.114466
1731332148.541347503662109 7.317626 -29.560618 -1.189214 -0.511944 -0.846630 -0.081546 0.120338
1731332148.641346931457520 7.311979 -29.532264 -1.171350 -0.527587 -0.837530 -0.072694 0.122109
1731332148.741345643997192 7.304821 -29.488360 -1.146763 -0.543912 -0.827896 -0.061397 0.122388
1731332148.841344594955444 7.292185 -29.455436 -1.134519 -0.560431 -0.817054 -0.053119 0.124571
1731332148.941343784332275 7.290968 -29.420348 -1.119421 -0.571101 -0.806293 -0.048221 0.146323
1731332149.041342973709106 7.280649 -29.383365 -1.107506 -0.584035 -0.796296 -0.047156 0.150308
1731332149.141342163085938 7.280647 -29.360566 -1.103554 -0.595642 -0.787277 -0.041930 0.153780
1731332149.241341114044189 7.278655 -29.327207 -1.099495 -0.607530 -0.778708 -0.034692 0.152702
1731332149.341340303421021 7.277391 -29.297846 -1.088415 -0.608248 -0.778251 -0.032277 0.152706
1731332149.441339254379272 7.277821 -29.281417 -1.083531 -0.605313 -0.781235 -0.028849 0.149788
1731332149.541338443756104 7.275347 -29.251842 -1.074042 -0.603982 -0.783025 -0.022663 0.146848
1731332149.641337394714355 7.276336 -29.223020 -1.064511 -0.602516 -0.784382 -0.018640 0.146193
1731332149.741336584091187 7.271418 -29.196737 -1.063638 -0.598617 -0.787095 -0.017107 0.147809
1731332149.841335773468018 7.265032 -29.176660 -1.059827 -0.598707 -0.788445 -0.019886 0.139677
1731332149.941334724426270 7.261960 -29.156171 -1.055437 -0.597995 -0.789421 -0.020428 0.137112
1731332150.041333913803101 7.256302 -29.127409 -1.048149 -0.596310 -0.790972 -0.017745 0.135879
1731332150.141333103179932 7.253044 -29.083538 -1.040277 -0.597805 -0.790473 -0.015349 0.132462
1731332150.241332054138184 7.251582 -29.047640 -1.046256 -0.606917 -0.782421 -0.042451 0.132917
1731332150.341331243515015 7.263480 -29.017615 -1.032470 -0.617993 -0.774251 -0.036148 0.131583
1731332150.441330194473267 7.271327 -28.990919 -1.027876 -0.626334 -0.768100 -0.032414 0.129137
1731332150.541329383850098 7.277377 -28.964822 -1.018405 -0.633843 -0.762070 -0.034413 0.127703
1731332150.641328334808350 7.271550 -28.931802 -1.045599 -0.643086 -0.759518 -0.038358 0.090007
1731332150.741327524185181 7.277455 -28.893263 -1.052549 -0.641285 -0.761570 -0.026544 0.089778
1731332150.841326475143433 7.287681 -28.860349 -1.049427 -0.642154 -0.760888 -0.023037 0.090322
1731332150.941325664520264 7.296694 -28.814086 -1.050466 -0.641689 -0.762222 -0.019456 0.082905
1731332151.041324853897095 7.298081 -28.780375 -1.041228 -0.642601 -0.760033 -0.045600 0.085642
1731332151.141323804855347 7.304286 -28.757274 -1.029003 -0.643996 -0.758716 -0.050885 0.083842
1731332151.241322994232178 7.309312 -28.733942 -1.024660 -0.643382 -0.759553 -0.051160 0.080758
1731332151.341322183609009 7.312839 -28.701357 -1.013936 -0.643641 -0.759533 -0.049934 0.079647
1731332151.441321134567261 7.308548 -28.653747 -1.013798 -0.643074 -0.761392 -0.049674 0.065345
1731332151.541320562362671 7.307012 -28.626349 -1.012726 -0.641051 -0.763049 -0.047216 0.067679
1731332151.641319274902344 7.303851 -28.598249 -1.007456 -0.637827 -0.765556 -0.046055 0.070566
1731332151.741318464279175 7.299757 -28.550082 -0.990333 -0.635145 -0.767029 -0.056070 0.071507
1731332151.841317415237427 7.289677 -28.536327 -0.975797 -0.633089 -0.763512 -0.098464 0.080942
1731332151.941316604614258 7.285762 -28.524910 -0.969590 -0.630197 -0.764658 -0.106139 0.082976
1731332152.041315793991089 7.273800 -28.504514 -0.966168 -0.625172 -0.767541 -0.112874 0.085442
1731332152.141314744949341 7.263753 -28.468412 -0.962703 -0.619934 -0.770717 -0.115167 0.091722
1731332152.241313934326172 7.254604 -28.437177 -0.964175 -0.618415 -0.773006 -0.108218 0.091182
1731332152.341313123703003 7.253715 -28.399192 -0.955630 -0.621402 -0.770811 -0.102617 0.095810
1731332152.441312074661255 7.257929 -28.332671 -0.939497 -0.625932 -0.769797 -0.086940 0.089794
1731332152.541311264038086 7.255458 -28.286385 -0.931554 -0.630999 -0.766313 -0.083915 0.086964
1731332152.641310214996338 7.257284 -28.244306 -0.925935 -0.633172 -0.765422 -0.074510 0.087588
1731332152.741309404373169 7.255395 -28.192776 -0.919447 -0.635745 -0.764062 -0.069464 0.084922
1731332152.841308355331421 7.252227 -28.158380 -0.912088 -0.634781 -0.765477 -0.062960 0.084458
1731332152.941307544708252 7.242580 -28.116375 -0.904352 -0.631715 -0.768356 -0.059935 0.083509
1731332153.041306734085083 7.236032 -28.078893 -0.911446 -0.621652 -0.773495 -0.050430 0.112742
1731332153.141305923461914 7.253005 -28.057638 -0.912110 -0.615293 -0.775043 -0.050199 0.134916
1731332153.241304874420166 7.255211 -28.014011 -0.902980 -0.612371 -0.778557 -0.053252 0.126550
1731332153.341303825378418 7.249250 -27.991888 -0.899058 -0.605881 -0.782678 -0.079330 0.118446
1731332153.441303014755249 7.247885 -27.982405 -0.896309 -0.603234 -0.785098 -0.079104 0.116076
1731332153.541302204132080 7.244169 -27.971374 -0.890116 -0.597954 -0.789321 -0.079391 0.114543
1731332153.641301155090332 7.239367 -27.948436 -0.879739 -0.591745 -0.794437 -0.078534 0.111984
1731332153.741300106048584 7.224381 -27.916877 -0.868627 -0.582311 -0.801785 -0.075584 0.111094
1731332153.841299295425415 7.204460 -27.890714 -0.862082 -0.570246 -0.810349 -0.076502 0.110912
1731332153.941298484802246 7.186614 -27.868390 -0.854143 -0.557064 -0.819657 -0.075223 0.110378
1731332154.041297674179077 7.166581 -27.827831 -0.843282 -0.544300 -0.828986 -0.073128 0.105700
1731332154.141296625137329 7.146261 -27.781214 -0.838070 -0.534095 -0.835623 -0.078826 0.101307
1731332154.241295814514160 7.131472 -27.755040 -0.830727 -0.530221 -0.838469 -0.079054 0.097905
1731332154.341295003890991 7.112671 -27.726487 -0.823679 -0.524623 -0.842452 -0.074797 0.097216
1731332154.441294193267822 7.088464 -27.694241 -0.811609 -0.517170 -0.847393 -0.071753 0.096500
1731332154.541292905807495 7.056339 -27.654795 -0.795755 -0.504534 -0.854605 -0.071016 0.100263
1731332154.641292095184326 7.040574 -27.632232 -0.790173 -0.487784 -0.863819 -0.073175 0.102608
1731332154.741291284561157 7.036525 -27.617332 -0.783840 -0.466953 -0.875349 -0.072559 0.102247
1731332154.841290235519409 7.017872 -27.580229 -0.777487 -0.441658 -0.889149 -0.073706 0.094438
1731332154.941289424896240 7.000621 -27.560515 -0.767437 -0.420693 -0.898491 -0.080090 0.096521
1731332155.041288614273071 6.975087 -27.530695 -0.751754 -0.399004 -0.908847 -0.077355 0.093857
1731332155.141287565231323 6.948052 -27.507453 -0.739474 -0.375778 -0.918955 -0.074185 0.093854
1731332155.241286754608154 6.912412 -27.485694 -0.722469 -0.352103 -0.927948 -0.074517 0.096861
1731332155.341285705566406 6.885899 -27.475760 -0.711907 -0.323540 -0.936569 -0.070711 0.114718
1731332155.441284894943237 6.866415 -27.456894 -0.698470 -0.294702 -0.945695 -0.067771 0.119240
1731332155.541283845901489 6.842630 -27.408110 -0.697632 -0.268796 -0.952955 -0.068062 0.122443
1731332155.641283035278320 6.804267 -27.341574 -0.678638 -0.244226 -0.958591 -0.073626 0.126632
1731332155.741282224655151 6.755743 -27.308563 -0.693667 -0.227207 -0.963561 -0.066195 0.124679
1731332155.841281175613403 6.740823 -27.299718 -0.683098 -0.212565 -0.967034 -0.066739 0.123321
1731332155.941280364990234 6.714153 -27.289233 -0.675959 -0.204069 -0.968928 -0.063491 0.124508
1731332156.041279315948486 6.705991 -27.290580 -0.675506 -0.201369 -0.969511 -0.054114 0.128730
1731332156.141278505325317 6.709187 -27.286528 -0.674885 -0.195063 -0.970581 -0.051692 0.131345
1731332156.241277694702148 6.707680 -27.285981 -0.670392 -0.187226 -0.971899 -0.051092 0.133226
1731332156.341276645660400 6.675329 -27.283920 -0.676098 -0.179714 -0.973469 -0.051206 0.132054
1731332156.441275835037231 6.635140 -27.267253 -0.663361 -0.175594 -0.973761 -0.051058 0.135458
1731332156.541275024414062 6.598135 -27.260329 -0.659809 -0.174154 -0.973940 -0.049695 0.136533
1731332156.641273736953735 6.557430 -27.249421 -0.644881 -0.174384 -0.974050 -0.049115 0.135664
1731332156.741272926330566 6.499395 -27.233088 -0.630668 -0.174935 -0.974501 -0.044758 0.133202
1731332156.841272115707397 6.445192 -27.217998 -0.629156 -0.174666 -0.975458 -0.043585 0.126786
1731332156.941271305084229 6.384204 -27.195457 -0.614381 -0.172223 -0.976799 -0.047378 0.118142
1731332157.041270494461060 6.328128 -27.163436 -0.600597 -0.165579 -0.978206 -0.047232 0.116038
1731332157.141269445419312 6.275732 -27.135846 -0.589394 -0.159596 -0.978889 -0.046608 0.118884
1731332157.241268396377563 6.219707 -27.105034 -0.597212 -0.160937 -0.977901 -0.047469 0.124722
1731332157.341265201568604 6.133965 -27.066940 -0.568302 -0.159513 -0.977626 -0.051122 0.127235
1731332157.441264390945435 6.105374 -27.061928 -0.569070 -0.157568 -0.977510 -0.052446 0.129981
1731332157.541263580322266 6.091962 -27.070391 -0.584426 -0.156340 -0.978118 -0.056126 0.125270
1731332157.641262531280518 6.070825 -27.077876 -0.581831 -0.152289 -0.978649 -0.065614 0.121446
1731332157.741261482238770 6.034902 -27.075983 -0.570290 -0.146890 -0.979736 -0.065754 0.119236
1731332157.841260433197021 6.023578 -27.080687 -0.569677 -0.143592 -0.979726 -0.064627 0.123859
1731332157.941259860992432 6.078273 -27.110450 -0.604827 -0.142438 -0.979713 -0.062278 0.126469
1731332158.041259050369263 6.053547 -27.104120 -0.597898 -0.140291 -0.980292 -0.059555 0.125697
1731332158.141258001327515 6.035833 -27.104908 -0.596753 -0.143883 -0.979884 -0.059931 0.124632
1731332158.241257190704346 6.001291 -27.098591 -0.600446 -0.146019 -0.980508 -0.056469 0.118713
1731332158.341256141662598 5.982107 -27.095945 -0.601656 -0.145113 -0.980959 -0.057105 0.115762
1731332158.441255331039429 5.960131 -27.094419 -0.599597 -0.143240 -0.981775 -0.057546 0.110850
1731332158.541254281997681 5.929385 -27.087174 -0.598349 -0.146280 -0.981733 -0.058850 0.106483
1731332158.641253471374512 5.897017 -27.069062 -0.595086 -0.163200 -0.978962 -0.058620 0.107528
1731332158.741252660751343 5.863617 -27.044777 -0.584319 -0.184846 -0.974867 -0.059156 0.109392
1731332158.841251611709595 5.824508 -27.019629 -0.575520 -0.209584 -0.969997 -0.055653 0.109927
1731332158.941250562667847 5.777943 -26.982420 -0.558555 -0.236241 -0.963608 -0.043211 0.117396
1731332159.041249990463257 5.749351 -26.954260 -0.548985 -0.256750 -0.957553 -0.041337 0.124349
1731332159.141248941421509 5.706094 -26.917144 -0.532652 -0.274917 -0.952290 -0.037583 0.127089
1731332159.241248369216919 5.667814 -26.874550 -0.518349 -0.297311 -0.945724 -0.029693 0.127789
1731332159.341247081756592 5.648291 -26.834526 -0.509711 -0.318981 -0.939051 -0.031409 0.124290
1731332159.441246271133423 5.627882 -26.800873 -0.499573 -0.332233 -0.933258 -0.042812 0.129684
1731332159.541245222091675 5.600723 -26.758879 -0.484987 -0.341088 -0.930123 -0.038886 0.130451
1731332159.641244411468506 5.579748 -26.718719 -0.474001 -0.347750 -0.927815 -0.036514 0.129984
1731332159.741243362426758 5.548789 -26.673604 -0.460034 -0.354864 -0.925192 -0.039154 0.128677
1731332159.841242551803589 5.523339 -26.630288 -0.474767 -0.359377 -0.923543 -0.036469 0.128787
1731332159.941241502761841 5.514699 -26.593056 -0.485964 -0.358275 -0.924667 -0.036874 0.123575
1731332160.041240692138672 5.486404 -26.539103 -0.471166 -0.364411 -0.922809 -0.049156 0.114941
1731332160.141239881515503 5.472736 -26.491904 -0.464579 -0.373214 -0.918680 -0.050390 0.119157
1731332160.241239070892334 5.482440 -26.459383 -0.457643 -0.389149 -0.911352 -0.048938 0.124922
1731332160.341238021850586 5.466748 -26.411708 -0.449517 -0.407193 -0.903261 -0.048052 0.126511
1731332160.441237211227417 5.443365 -26.358981 -0.441276 -0.425513 -0.894681 -0.038580 0.130373
1731332160.541236162185669 5.437568 -26.319919 -0.432222 -0.440947 -0.885848 -0.042935 0.137827
1731332160.641235351562500 5.437145 -26.284880 -0.428488 -0.455169 -0.878518 -0.043199 0.138421
1731332160.741234064102173 5.430905 -26.235355 -0.421514 -0.469083 -0.871319 -0.037498 0.139134
1731332160.841233491897583 5.415397 -26.178927 -0.401876 -0.479587 -0.865914 -0.039746 0.136417
1731332160.941232681274414 5.416162 -26.138971 -0.386202 -0.482619 -0.863926 -0.039831 0.138290
1731332161.041231632232666 5.401668 -26.080614 -0.374846 -0.484228 -0.863104 -0.040398 0.137631
1731332161.141230821609497 5.381858 -26.009360 -0.356769 -0.486629 -0.861555 -0.038383 0.139434
1731332161.241229772567749 5.376025 -25.945608 -0.344927 -0.485877 -0.860922 -0.037677 0.146006
1731332161.341231107711792 5.400387 -25.991219 -0.352694 -0.484644 -0.861646 -0.041306 0.144850
1731332161.441230058670044 5.519631 -26.155415 -0.436271 -0.482095 -0.863519 -0.044653 0.141155
1731332161.541229248046875 5.568480 -26.219590 -0.492060 -0.479602 -0.865211 -0.058191 0.134184
1731332161.641228199005127 5.561676 -26.205438 -0.478871 -0.483592 -0.861972 -0.062284 0.138793
1731332161.741227149963379 5.543021 -26.169186 -0.445075 -0.488423 -0.859421 -0.062920 0.137404
1731332161.841226577758789 5.541344 -26.147097 -0.455502 -0.493311 -0.857044 -0.060381 0.135918
1731332161.941225528717041 5.511042 -26.103742 -0.447886 -0.495286 -0.856058 -0.063640 0.133438
1731332162.041224718093872 5.497471 -26.060078 -0.438071 -0.487376 -0.859306 -0.065832 0.140443
1731332162.141223907470703 5.477276 -26.016866 -0.426534 -0.482956 -0.862793 -0.066270 0.133975
1731332162.241222858428955 5.457045 -25.961009 -0.417391 -0.481422 -0.864147 -0.074922 0.125972
1731332162.341222047805786 5.439145 -25.920339 -0.416175 -0.484661 -0.862354 -0.078776 0.123460
1731332162.441221237182617 5.422390 -25.882219 -0.410061 -0.484871 -0.862395 -0.074499 0.124998
1731332162.541220188140869 5.369572 -25.821902 -0.385310 -0.486136 -0.862553 -0.070609 0.121198
1731332162.641219377517700 5.335044 -25.764658 -0.374449 -0.485344 -0.863195 -0.070365 0.119937
1731332162.741218328475952 5.315428 -25.734012 -0.371651 -0.480888 -0.866000 -0.070658 0.117466
1731332162.841217517852783 5.296632 -25.697386 -0.367816 -0.475860 -0.869340 -0.068446 0.114547
1731332162.941216707229614 5.276174 -25.652202 -0.361210 -0.479856 -0.868000 -0.067226 0.108605
1731332163.041215896606445 5.267793 -25.611875 -0.354088 -0.495473 -0.859306 -0.067116 0.107684
1731332163.141214609146118 5.258682 -25.564689 -0.346268 -0.515901 -0.847611 -0.064348 0.106118
1731332163.241214036941528 5.251311 -25.523482 -0.340643 -0.535009 -0.836136 -0.060767 0.104637
1731332163.341213226318359 5.239925 -25.482970 -0.337594 -0.550104 -0.827017 -0.059396 0.099500
1731332163.441212177276611 5.238989 -25.453769 -0.337115 -0.565342 -0.817294 -0.061118 0.093184
1731332163.541211366653442 5.235167 -25.423394 -0.334397 -0.574566 -0.811243 -0.058583 0.091245
1731332163.641210317611694 5.262903 -25.490399 -0.358462 -0.583104 -0.805507 -0.057452 0.088583
1731332163.741209506988525 5.276960 -25.493615 -0.367085 -0.588737 -0.800036 -0.067622 0.093583
1731332163.841208457946777 5.236852 -25.366099 -0.323672 -0.595861 -0.794517 -0.068824 0.094636
1731332163.941207647323608 5.252517 -25.374267 -0.331595 -0.603481 -0.789219 -0.063415 0.094458
1731332164.041206836700439 5.257303 -25.354161 -0.323688 -0.611113 -0.783673 -0.066506 0.089306
1731332164.141206026077271 5.257076 -25.318715 -0.323498 -0.618977 -0.777409 -0.067087 0.089449
1731332164.241204977035522 5.256214 -25.273557 -0.306059 -0.626738 -0.771568 -0.065719 0.086965
1731332164.341204166412354 5.265461 -25.223470 -0.294449 -0.637273 -0.763907 -0.060763 0.081469
1731332164.441203117370605 5.275441 -25.138085 -0.272922 -0.653148 -0.750477 -0.060791 0.080543
1731332164.541202545166016 5.286050 -25.078039 -0.249675 -0.673113 -0.733071 -0.058799 0.077903
1731332164.641201496124268 5.297653 -25.025098 -0.232963 -0.690836 -0.716744 -0.056290 0.076517
1731332164.741200447082520 5.313184 -24.988325 -0.221495 -0.702231 -0.705658 -0.054549 0.077092
1731332164.841199636459351 5.325811 -24.948683 -0.219249 -0.710764 -0.697499 -0.056429 0.071591
1731332164.941198825836182 5.335756 -24.926540 -0.226050 -0.714430 -0.693502 -0.058257 0.072462
1731332165.041198015213013 5.348073 -24.885369 -0.223174 -0.718622 -0.689183 -0.059568 0.071149
1731332165.141196966171265 5.344309 -24.882902 -0.211224 -0.720855 -0.686900 -0.056189 0.073337
1731332165.241195917129517 5.336055 -24.846008 -0.184176 -0.722604 -0.685284 -0.054979 0.072152
1731332165.341192960739136 5.351776 -24.840917 -0.198500 -0.729165 -0.678657 -0.053452 0.069905
1731332165.441192150115967 5.349291 -24.801766 -0.163403 -0.735569 -0.672031 -0.055117 0.065383
1731332165.541191339492798 5.351085 -24.775931 -0.145171 -0.741971 -0.665012 -0.055731 0.064280
1731332165.641190290451050 5.347751 -24.749802 -0.125889 -0.745770 -0.660706 -0.057537 0.063114
1731332165.741189002990723 5.354764 -24.706921 -0.127744 -0.744858 -0.661507 -0.054097 0.068330
1731332165.841188430786133 5.344434 -24.680142 -0.107080 -0.741918 -0.664200 -0.062224 0.067265
1731332165.941187620162964 5.335698 -24.659344 -0.090960 -0.739213 -0.666818 -0.066386 0.067155
1731332166.041186809539795 5.326402 -24.627892 -0.067585 -0.736801 -0.669423 -0.065599 0.068513
1731332166.141185760498047 5.331483 -24.576259 -0.054717 -0.735247 -0.671232 -0.064469 0.068576
1731332166.241184949874878 5.340587 -24.528852 -0.051359 -0.736741 -0.669770 -0.063484 0.067750
1731332166.341184139251709 5.357031 -24.493984 -0.052157 -0.735815 -0.671135 -0.063277 0.064423
1731332166.441183090209961 5.355525 -24.442160 -0.042454 -0.734868 -0.672611 -0.062528 0.060456
1731332166.541182279586792 5.343644 -24.390518 -0.048391 -0.734113 -0.674533 -0.059297 0.050674
1731332166.641181468963623 5.336887 -24.337903 -0.047443 -0.729506 -0.678541 -0.056111 0.065225
1731332166.741180419921875 5.351440 -24.287043 -0.033048 -0.728791 -0.679378 -0.054595 0.065797
1731332166.841179609298706 5.371323 -24.240836 -0.023547 -0.727452 -0.680906 -0.051634 0.067192
1731332166.941178560256958 5.384610 -24.182203 -0.020923 -0.727282 -0.680632 -0.057791 0.066796
1731332167.041177749633789 5.400359 -24.143213 -0.013130 -0.726643 -0.681265 -0.058527 0.066646
1731332167.141176939010620 5.415264 -24.103298 -0.006456 -0.724972 -0.683124 -0.058456 0.065878
1731332167.241176128387451 5.421423 -24.064763 0.000130 -0.724684 -0.683373 -0.060859 0.064271
1731332167.341175079345703 5.422623 -24.019482 -0.026822 -0.719040 -0.689590 -0.055753 0.065863
1731332167.441174268722534 5.439491 -23.964018 -0.019089 -0.712484 -0.695799 -0.047572 0.077245
1731332167.541173219680786 5.448125 -23.924936 -0.023559 -0.710623 -0.698125 -0.048464 0.072716
1731332167.641172409057617 5.463163 -23.863995 -0.021752 -0.708733 -0.700818 -0.046515 0.066249
1731332167.741171360015869 5.470169 -23.826280 -0.017574 -0.712320 -0.696240 -0.056417 0.068316
1731332167.841170549392700 5.483111 -23.798533 -0.013682 -0.713481 -0.695058 -0.061575 0.063626
1731332167.941169738769531 5.492667 -23.770477 -0.012285 -0.714291 -0.694375 -0.063262 0.060242
1731332168.041168928146362 5.496157 -23.739677 -0.004690 -0.715710 -0.693052 -0.062002 0.059942
1731332168.141167879104614 5.499256 -23.702946 -0.000771 -0.712715 -0.695498 -0.055912 0.072064
1731332168.241167068481445 5.497761 -23.658315 0.001561 -0.709197 -0.699584 -0.056646 0.066439
1731332168.341166257858276 5.503378 -23.616931 0.000553 -0.703669 -0.705573 -0.056179 0.062138
1731332168.441165208816528 5.499759 -23.568184 -0.002294 -0.691131 -0.718637 -0.051587 0.056896
1731332168.541164398193359 5.499481 -23.515459 -0.013081 -0.680618 -0.728819 -0.053983 0.051645
1731332168.641163349151611 5.494893 -23.488210 -0.011955 -0.670947 -0.737849 -0.054522 0.049364
1731332168.741162538528442 5.491913 -23.455040 -0.006862 -0.660799 -0.747142 -0.052345 0.048816
1731332168.841161727905273 5.486651 -23.425803 -0.004828 -0.651892 -0.754990 -0.049277 0.050984
1731332168.941160678863525 5.483177 -23.394853 -0.008814 -0.645582 -0.760081 -0.039236 0.062935
1731332169.041159868240356 5.480578 -23.363025 -0.007953 -0.634739 -0.767018 -0.039809 0.084882
1731332169.141159057617188 5.471088 -23.324979 -0.004304 -0.629520 -0.771769 -0.039237 0.080851
1731332169.241157770156860 5.463690 -23.263461 0.000080 -0.623631 -0.777191 -0.033413 0.077079
1731332169.341156721115112 5.457022 -23.198629 0.004942 -0.623789 -0.776973 -0.039164 0.075278
1731332169.441155433654785 5.452765 -23.149631 0.017003 -0.623704 -0.777240 -0.037411 0.074098
1731332169.541154623031616 5.442171 -23.097809 0.028686 -0.624230 -0.777137 -0.033509 0.072614
1731332169.641153573989868 5.434145 -23.037508 0.038336 -0.625250 -0.776183 -0.030743 0.075214
1731332169.741152763366699 5.402110 -23.011532 0.032312 -0.616685 -0.780873 -0.033521 0.093882
1731332169.841151714324951 5.376099 -22.977206 0.038611 -0.611869 -0.785057 -0.032204 0.090907
1731332169.941150903701782 5.355960 -22.931446 0.045302 -0.606631 -0.789608 -0.028098 0.087913
1731332170.041150093078613 5.331730 -22.869336 0.049493 -0.603774 -0.791469 -0.036606 0.087717
1731332170.141149282455444 5.312251 -22.816103 0.058768 -0.605160 -0.790619 -0.037214 0.085540
1731332170.241148233413696 5.293261 -22.759370 0.069310 -0.606532 -0.789878 -0.033407 0.084241
1731332170.341147184371948 5.255112 -22.706753 0.084714 -0.607442 -0.789378 -0.031512 0.083089
1731332170.441146373748779 5.217435 -22.623815 0.077704 -0.604872 -0.791504 -0.034628 0.080329
1731332170.541145563125610 5.184792 -22.561542 0.094143 -0.602578 -0.793219 -0.031737 0.081828
1731332170.641144514083862 5.160445 -22.467844 0.108317 -0.599308 -0.796000 -0.026256 0.080775
1731332170.741143703460693 5.125881 -22.373455 0.119731 -0.596377 -0.798632 -0.027244 0.076025
1731332170.841142416000366 5.107780 -22.311925 0.132217 -0.596106 -0.798871 -0.028324 0.075238
1731332170.941141843795776 5.089082 -22.251184 0.143564 -0.597496 -0.797926 -0.024705 0.075514
1731332171.041141033172607 5.069343 -22.188107 0.163106 -0.597319 -0.797776 -0.021478 0.079381
1731332171.141139984130859 5.043129 -22.125116 0.167479 -0.593690 -0.800388 -0.025916 0.078987
1731332171.241139173507690 5.023677 -22.087947 0.168068 -0.591022 -0.802428 -0.025285 0.078508
1731332171.341138362884521 5.009909 -22.061234 0.168293 -0.586249 -0.806040 -0.018668 0.079138
1731332171.441137313842773 4.996138 -22.013280 0.177679 -0.580681 -0.810002 -0.023970 0.078308
1731332171.541136264801025 4.984545 -21.973353 0.197650 -0.578323 -0.811034 -0.030041 0.082854
1731332171.641135454177856 4.972595 -21.932043 0.212327 -0.576565 -0.812215 -0.030626 0.083314
1731332171.741134643554688 4.955752 -21.887839 0.226872 -0.575342 -0.812652 -0.028720 0.088057
1731332171.841133594512939 4.935068 -21.832240 0.239184 -0.569449 -0.815766 -0.033820 0.095449
1731332171.941132783889771 4.909988 -21.779360 0.248048 -0.565494 -0.818486 -0.035109 0.095209
1731332172.041131973266602 4.882908 -21.722245 0.256393 -0.558967 -0.823242 -0.031473 0.094012
1731332172.141130924224854 4.850019 -21.649938 0.268507 -0.553979 -0.826656 -0.038307 0.090997
1731332172.241130352020264 4.824029 -21.593819 0.289392 -0.552370 -0.826594 -0.045460 0.097791
1731332172.341129302978516 4.803053 -21.548968 0.310941 -0.549909 -0.828110 -0.043353 0.099777
1731332172.441128253936768 4.775846 -21.497666 0.329040 -0.549333 -0.828619 -0.040465 0.099929
1731332172.541127204895020 4.740918 -21.448113 0.348051 -0.550827 -0.827349 -0.045127 0.100234
1731332172.641126394271851 4.702766 -21.374739 0.346556 -0.552283 -0.825632 -0.048606 0.104657
1731332172.741125583648682 4.677736 -21.327801 0.361428 -0.556858 -0.822500 -0.048889 0.104943
1731332172.841124534606934 4.660571 -21.286934 0.366694 -0.564086 -0.817764 -0.042784 0.106011
1731332172.941123723983765 4.648053 -21.235835 0.380791 -0.576642 -0.809326 -0.043150 0.103022
1731332173.041122913360596 4.641109 -21.195423 0.398331 -0.588976 -0.799089 -0.051245 0.109267
1731332173.141121864318848 4.638891 -21.154051 0.419354 -0.601779 -0.789505 -0.047817 0.110713
1731332173.241121053695679 4.638994 -21.123497 0.435177 -0.614704 -0.779629 -0.043584 0.111437
1731332173.341120004653931 4.640312 -21.100252 0.447302 -0.625621 -0.770804 -0.041249 0.112951
1731332173.441119194030762 4.637694 -21.092410 0.429744 -0.626748 -0.770955 -0.048651 0.102217
1731332173.541118383407593 4.624706 -21.061234 0.421961 -0.622562 -0.775064 -0.042587 0.099386
1731332173.641117334365845 4.617881 -21.030730 0.428353 -0.619268 -0.777986 -0.039534 0.098394
1731332173.741116046905518 4.611607 -20.982822 0.439764 -0.617385 -0.780112 -0.034284 0.095315
1731332173.841115474700928 4.611220 -20.914193 0.453063 -0.618529 -0.779871 -0.034358 0.089678
1731332173.941114664077759 4.607732 -20.874595 0.465270 -0.620324 -0.775290 -0.057434 0.104042
1731332174.041113853454590 4.602365 -20.830889 0.488012 -0.620938 -0.774914 -0.053041 0.105502
1731332174.141112804412842 4.595346 -20.797299 0.501284 -0.619152 -0.776934 -0.050590 0.102303
1731332174.241111993789673 4.585072 -20.766372 0.514815 -0.617169 -0.778561 -0.046385 0.103894
1731332174.341110944747925 4.570259 -20.732131 0.518493 -0.614945 -0.781444 -0.042085 0.097042
1731332174.441110134124756 4.561061 -20.702256 0.524926 -0.613182 -0.782634 -0.040217 0.099374
1731332174.541109085083008 4.546336 -20.667050 0.529658 -0.610459 -0.784988 -0.039775 0.097730
1731332174.641108274459839 4.534572 -20.625035 0.535758 -0.609566 -0.785946 -0.035187 0.097364
1731332174.741107463836670 4.525316 -20.562877 0.550266 -0.611927 -0.784711 -0.033540 0.093000
1731332174.841106414794922 4.519891 -20.518153 0.554880 -0.616680 -0.778638 -0.061054 0.098499
1731332174.941105604171753 4.519705 -20.484537 0.578378 -0.617527 -0.777798 -0.059713 0.100627
1731332175.041104793548584 4.519074 -20.465130 0.590205 -0.616084 -0.779228 -0.056073 0.100498
1731332175.141103982925415 4.517178 -20.459113 0.596482 -0.615465 -0.779663 -0.056649 0.100593
1731332175.241102933883667 4.527756 -20.448454 0.576843 -0.613453 -0.783969 -0.053107 0.079039
1731332175.341104030609131 4.526544 -20.428788 0.574118 -0.605921 -0.789831 -0.046846 0.082657
1731332175.441103219985962 4.518955 -20.401542 0.583397 -0.602945 -0.791998 -0.044406 0.084994
1731332175.541101932525635 4.505535 -20.350283 0.596506 -0.600851 -0.793766 -0.042934 0.084081
1731332175.641101121902466 4.498325 -20.314056 0.605203 -0.606030 -0.786780 -0.066040 0.096658
1731332175.741100311279297 4.490423 -20.268167 0.623714 -0.608217 -0.784987 -0.067450 0.096532
1731332175.841099262237549 4.486885 -20.226279 0.632402 -0.609016 -0.784805 -0.065944 0.093975
1731332175.941098451614380 4.481630 -20.183338 0.640121 -0.605956 -0.786376 -0.070166 0.097503
1731332176.041097640991211 4.468358 -20.148351 0.643937 -0.602173 -0.789644 -0.068090 0.095982
1731332176.141096591949463 4.457018 -20.110137 0.645129 -0.598886 -0.792614 -0.066673 0.093025
1731332176.241095781326294 4.439916 -20.061106 0.652834 -0.594300 -0.796932 -0.062724 0.088160
1731332176.341094732284546 4.418257 -19.996144 0.665917 -0.591309 -0.798116 -0.077274 0.085981
1731332176.441093921661377 4.399877 -19.956828 0.672569 -0.590098 -0.797250 -0.089581 0.090287
1731332176.541093111038208 4.378823 -19.908494 0.690884 -0.587005 -0.799327 -0.090141 0.091520
1731332176.641092061996460 4.349694 -19.856288 0.708820 -0.584147 -0.801639 -0.088770 0.090921
1731332176.741091012954712 4.327026 -19.807733 0.718106 -0.580938 -0.803063 -0.087248 0.099942
1731332176.841090202331543 4.303775 -19.768087 0.729351 -0.576442 -0.806629 -0.086118 0.098225
1731332176.941089391708374 4.284505 -19.728470 0.739504 -0.571553 -0.810200 -0.085035 0.098346
1731332177.041088581085205 4.265649 -19.668214 0.761445 -0.568130 -0.811953 -0.086260 0.102562
1731332177.141087532043457 4.251155 -19.600397 0.766952 -0.565595 -0.813436 -0.076631 0.112034
1731332177.241086721420288 4.243009 -19.554194 0.780042 -0.566915 -0.813104 -0.072382 0.110593
1731332177.341085672378540 4.226336 -19.498616 0.789800 -0.567672 -0.813146 -0.069413 0.108276
1731332177.441084861755371 4.202795 -19.432904 0.779183 -0.564565 -0.815260 -0.068542 0.109179
1731332177.541083812713623 4.183587 -19.393073 0.779238 -0.558919 -0.819744 -0.066456 0.105896
1731332177.641082763671875 4.165125 -19.342474 0.789244 -0.558195 -0.820943 -0.071284 0.096902
1731332177.741082191467285 4.133732 -19.270480 0.819986 -0.554693 -0.822724 -0.081659 0.093667
1731332177.841081142425537 4.109949 -19.206488 0.823679 -0.555311 -0.822365 -0.081996 0.092858
1731332177.941080093383789 4.089156 -19.153993 0.831163 -0.552965 -0.823968 -0.084797 0.090088
1731332178.041079521179199 4.082775 -19.129080 0.814111 -0.553388 -0.824516 -0.083700 0.083241
1731332178.141078472137451 4.093647 -19.152301 0.795800 -0.547892 -0.826534 -0.078580 0.102374
1731332178.241077661514282 4.088639 -19.135639 0.792679 -0.543862 -0.829880 -0.078304 0.096857
1731332178.341076850891113 4.082228 -19.114862 0.793052 -0.541142 -0.832231 -0.078653 0.091490
1731332178.441075801849365 4.074345 -19.092293 0.796499 -0.542285 -0.831618 -0.084413 0.084934
1731332178.541074752807617 4.057370 -19.034799 0.802044 -0.551903 -0.825652 -0.083181 0.082354
1731332178.641073942184448 4.034582 -18.974047 0.822155 -0.560308 -0.820337 -0.081305 0.080564
1731332178.741072893142700 4.012716 -18.919443 0.835095 -0.568936 -0.815003 -0.077650 0.077794
1731332178.841072082519531 3.988650 -18.854016 0.837439 -0.574908 -0.809786 -0.072832 0.091770
1731332178.941071271896362 3.977795 -18.817251 0.850291 -0.577983 -0.807650 -0.071973 0.091966
1731332179.041070222854614 3.964228 -18.771693 0.861191 -0.582303 -0.805018 -0.072687 0.087099
1731332179.141069412231445 3.950811 -18.721710 0.870694 -0.580810 -0.806321 -0.075324 0.082661
1731332179.241068601608276 3.942609 -18.666330 0.881821 -0.581043 -0.806071 -0.075257 0.083517
1731332179.341068506240845 3.940620 -18.648377 0.882922 -0.580403 -0.806622 -0.075218 0.082677
1731332179.441067457199097 3.947575 -18.646786 0.878635 -0.579795 -0.807734 -0.072569 0.078344
1731332179.541066646575928 3.939998 -18.632268 0.874877 -0.578427 -0.808684 -0.070776 0.080274
1731332179.641065359115601 3.928397 -18.606434 0.882552 -0.573567 -0.810891 -0.077294 0.086618
1731332179.741064786911011 3.896990 -18.572944 0.914104 -0.569604 -0.813775 -0.079532 0.083645
1731332179.841063737869263 3.877863 -18.525633 0.925342 -0.564374 -0.817566 -0.079466 0.082177
1731332179.941062927246094 3.866436 -18.485999 0.930003 -0.565473 -0.815899 -0.088992 0.081419
1731332180.041062116622925 3.845980 -18.443799 0.936434 -0.579361 -0.805020 -0.097360 0.082489
1731332180.141061067581177 3.828531 -18.378372 0.958484 -0.590089 -0.797012 -0.097439 0.084094
1731332180.241060018539429 3.819716 -18.343538 0.975184 -0.601550 -0.788070 -0.097671 0.086849
1731332180.341059446334839 3.813562 -18.310645 0.978252 -0.610399 -0.779403 -0.094479 0.104965
1731332180.441058158874512 3.794490 -18.229102 1.003718 -0.619566 -0.772289 -0.093356 0.104842
1731332180.541057348251343 3.786821 -18.173346 1.048208 -0.629182 -0.764561 -0.092701 0.104798
1731332180.641056537628174 3.794072 -18.127511 1.056983 -0.638353 -0.756196 -0.099242 0.104035
1731332180.741055488586426 3.799635 -18.090798 1.067494 -0.641889 -0.752794 -0.098247 0.107829
1731332180.841054439544678 3.798090 -18.044999 1.081241 -0.642752 -0.752835 -0.093383 0.106715
1731332180.941053628921509 3.794125 -18.001971 1.092745 -0.644643 -0.751744 -0.090023 0.105883
1731332181.041052818298340 3.791396 -17.952393 1.104287 -0.638765 -0.754042 -0.085677 0.126722
1731332181.141051530838013 3.788564 -17.923089 1.110703 -0.634091 -0.757364 -0.084434 0.131144
1731332181.241050958633423 3.788549 -17.896742 1.116587 -0.632141 -0.760205 -0.086610 0.122413
1731332181.341049909591675 3.780362 -17.842127 1.131537 -0.630645 -0.760701 -0.096185 0.119872
1731332181.441049098968506 3.781822 -17.805295 1.142288 -0.630279 -0.761106 -0.093097 0.121651
1731332181.541048049926758 3.778120 -17.760178 1.159516 -0.629181 -0.762485 -0.088860 0.121872
1731332181.641047239303589 3.774492 -17.721796 1.170510 -0.630198 -0.762227 -0.085110 0.120903
1731332181.741046190261841 3.769606 -17.677420 1.173548 -0.631286 -0.762601 -0.083980 0.113420
1731332181.841045618057251 3.766985 -17.660294 1.162686 -0.630646 -0.763875 -0.082224 0.109634
1731332181.941044330596924 3.765304 -17.626175 1.163833 -0.628362 -0.766745 -0.081281 0.103233
1731332182.041043519973755 3.770559 -17.603806 1.154966 -0.624737 -0.770913 -0.080041 0.094822
1731332182.141042709350586 3.783427 -17.588727 1.144695 -0.624723 -0.769107 -0.091918 0.098724
1731332182.241041660308838 3.789563 -17.566769 1.146854 -0.626604 -0.768268 -0.091184 0.093901
1731332182.341040849685669 3.803090 -17.545148 1.134567 -0.626261 -0.769357 -0.085863 0.092279
1731332182.441039800643921 3.810733 -17.517503 1.137187 -0.627614 -0.768711 -0.080950 0.092908
1731332182.541038990020752 3.811562 -17.485594 1.138042 -0.625312 -0.770367 -0.082103 0.093689
1731332182.641037940979004 3.806889 -17.456306 1.144119 -0.622726 -0.773053 -0.080102 0.090477
1731332182.741037130355835 3.803476 -17.426121 1.149295 -0.619283 -0.776604 -0.076662 0.086587
1731332182.841036081314087 3.803019 -17.377749 1.158973 -0.616218 -0.778691 -0.085603 0.081169
1731332182.941035270690918 3.795667 -17.343496 1.168749 -0.617260 -0.775320 -0.098472 0.090405
1731332183.041034221649170 3.795020 -17.310872 1.182940 -0.617480 -0.775385 -0.097351 0.089548
1731332183.141033411026001 3.792052 -17.273578 1.195610 -0.618487 -0.774846 -0.094097 0.090741
1731332183.241032600402832 3.784118 -17.230595 1.205054 -0.618453 -0.774345 -0.096388 0.092819
1731332183.341031312942505 3.770608 -17.188558 1.216099 -0.614110 -0.777602 -0.095975 0.094834
1731332183.441030740737915 3.759568 -17.144641 1.232669 -0.608615 -0.782136 -0.095865 0.093061
1731332183.541029691696167 3.734436 -17.096330 1.251307 -0.601433 -0.788243 -0.096417 0.087496
1731332183.641028881072998 3.719854 -17.040276 1.268083 -0.599664 -0.788028 -0.104726 0.091906
1731332183.741027832031250 3.715147 -17.021993 1.274628 -0.599521 -0.788142 -0.103643 0.093085
1731332183.841027021408081 3.715807 -17.004462 1.270928 -0.599497 -0.788315 -0.101912 0.093683
1731332183.941025972366333 3.708795 -16.983944 1.268826 -0.600660 -0.787927 -0.099333 0.092263
1731332184.041025161743164 3.680129 -16.915206 1.287205 -0.597374 -0.791182 -0.095697 0.089536
1731332184.141024112701416 3.664309 -16.871575 1.302558 -0.592958 -0.795017 -0.094867 0.085728
1731332184.241023302078247 3.647594 -16.826104 1.313368 -0.586526 -0.800432 -0.095926 0.078066
1731332184.341022491455078 3.630470 -16.757575 1.332089 -0.585465 -0.800990 -0.097407 0.078467
1731332184.441021442413330 3.621594 -16.693628 1.355878 -0.583868 -0.802360 -0.095644 0.078541
1731332184.541020631790161 3.618338 -16.703175 1.340097 -0.584631 -0.802230 -0.090586 0.080177
1731332184.641019582748413 3.611794 -16.670263 1.347202 -0.583286 -0.803189 -0.085734 0.085525
1731332184.741018533706665 3.605827 -16.632311 1.356178 -0.581553 -0.804135 -0.084596 0.089485
1731332184.841017484664917 3.596771 -16.591632 1.372398 -0.578824 -0.806278 -0.081301 0.090933
1731332184.941016912460327 3.582630 -16.530654 1.389561 -0.574758 -0.810052 -0.079297 0.084737
1731332185.041015863418579 3.576296 -16.470920 1.402442 -0.577331 -0.807658 -0.083052 0.086481
1731332185.141015052795410 3.572633 -16.432704 1.408392 -0.580877 -0.805599 -0.080073 0.084742
1731332185.241014242172241 3.562086 -16.382285 1.419120 -0.584689 -0.803323 -0.074631 0.085100
1731332185.341013193130493 3.555638 -16.346933 1.423138 -0.584692 -0.802252 -0.075150 0.094231
1731332185.441012144088745 3.546363 -16.308878 1.430091 -0.583132 -0.802868 -0.075290 0.098447
1731332185.541011571884155 3.542539 -16.274585 1.435104 -0.581325 -0.804413 -0.071528 0.099318
1731332185.641010522842407 3.534057 -16.228036 1.446998 -0.578977 -0.806739 -0.070160 0.095055
1731332185.741009473800659 3.524385 -16.182155 1.458644 -0.578622 -0.805662 -0.080516 0.098100
1731332185.841008424758911 3.519303 -16.140768 1.471838 -0.578619 -0.805781 -0.078991 0.098376
1731332185.941007614135742 3.513740 -16.087475 1.487842 -0.579915 -0.805238 -0.072852 0.099912
1731332186.041006803512573 3.509801 -16.051973 1.496780 -0.578659 -0.805415 -0.072131 0.106100
1731332186.141005754470825 3.491824 -15.995665 1.514801 -0.571982 -0.808335 -0.076738 0.116374
1731332186.241004943847656 3.476767 -15.952702 1.521153 -0.566137 -0.813287 -0.074290 0.111957
1731332186.341003894805908 3.448908 -15.862783 1.556647 -0.560027 -0.817825 -0.076805 0.107856
1731332186.441003084182739 3.432162 -15.825373 1.560984 -0.558892 -0.817576 -0.088828 0.106387
1731332186.541002035140991 3.422776 -15.792929 1.571532 -0.560450 -0.816709 -0.086514 0.106757
1731332186.641001224517822 3.406792 -15.759728 1.578896 -0.562159 -0.816053 -0.081435 0.106783
1731332186.741000175476074 3.372739 -15.694379 1.593897 -0.560021 -0.817551 -0.082467 0.105762
1731332186.840999364852905 3.353935 -15.661467 1.603684 -0.556402 -0.820032 -0.079592 0.107836
1731332186.940998315811157 3.339229 -15.627286 1.614326 -0.550542 -0.824201 -0.080016 0.105804
1731332187.040997743606567 3.326504 -15.602509 1.615341 -0.545617 -0.828111 -0.081336 0.099591
1731332187.140996694564819 3.310011 -15.551273 1.630403 -0.546676 -0.827029 -0.085465 0.099316
1731332187.240995645523071 3.298463 -15.509555 1.646015 -0.547742 -0.826728 -0.082120 0.098776
1731332187.340994834899902 3.281777 -15.459875 1.656636 -0.549773 -0.826112 -0.074973 0.098325
1731332187.440993785858154 3.258367 -15.403809 1.676159 -0.546534 -0.826629 -0.078768 0.108537
1731332187.540992975234985 3.242864 -15.366799 1.685068 -0.542181 -0.829605 -0.077708 0.108427
1731332187.640991926193237 3.228115 -15.324255 1.698317 -0.536995 -0.833616 -0.073531 0.106363
1731332187.740991115570068 3.207919 -15.262652 1.713040 -0.532981 -0.837025 -0.073396 0.099672
1731332187.840990066528320 3.195397 -15.222795 1.726672 -0.533324 -0.836586 -0.076195 0.099417
1731332187.940989255905151 3.181533 -15.179600 1.743343 -0.534574 -0.836107 -0.072344 0.099609
1731332188.040988445281982 3.165932 -15.139489 1.756682 -0.535989 -0.835531 -0.065557 0.101519
1731332188.140987396240234 3.147276 -15.100390 1.764138 -0.531939 -0.836572 -0.067625 0.112314
1731332188.240986585617065 3.113454 -15.041020 1.787564 -0.525808 -0.840810 -0.067373 0.109657
1731332188.340985536575317 3.095711 -15.005499 1.796389 -0.521149 -0.844264 -0.065708 0.106325
1731332188.440984725952148 3.059737 -14.958884 1.811288 -0.514621 -0.848395 -0.070406 0.102146
1731332188.540983438491821 3.030277 -14.906777 1.835125 -0.514383 -0.847796 -0.074514 0.105353
1731332188.640982627868652 3.008037 -14.865252 1.854624 -0.513832 -0.848341 -0.071583 0.105691
1731332188.740981817245483 2.977318 -14.814854 1.869136 -0.513906 -0.848664 -0.065202 0.106859
1731332188.840981006622314 2.945938 -14.770370 1.882874 -0.509980 -0.850331 -0.070413 0.109085
1731332188.940979957580566 2.917659 -14.726990 1.898109 -0.506124 -0.853221 -0.067615 0.106213
1731332189.040979146957397 2.891822 -14.679813 1.903612 -0.501493 -0.856789 -0.063751 0.101750
1731332189.140978336334229 2.866276 -14.628060 1.916949 -0.499124 -0.857335 -0.074096 0.101788
1731332189.240977525711060 2.845376 -14.579175 1.931888 -0.500082 -0.856177 -0.073253 0.107303
1731332189.340976238250732 2.818098 -14.522182 1.949873 -0.500098 -0.856645 -0.069220 0.106162
1731332189.440975427627563 2.795058 -14.476379 1.961197 -0.501203 -0.855775 -0.069473 0.107787
1731332189.540974617004395 2.755578 -14.412753 1.976422 -0.497286 -0.857556 -0.074264 0.108576
1731332189.640973567962646 2.722090 -14.364426 1.991256 -0.493431 -0.860190 -0.073872 0.105559
1731332189.740972518920898 2.647239 -14.255910 2.010796 -0.485073 -0.865502 -0.074224 0.100509
1731332189.840971708297729 2.568673 -14.132423 2.045474 -0.478321 -0.868582 -0.080049 0.101814
1731332189.940970659255981 2.535532 -14.074903 2.062391 -0.479179 -0.867667 -0.082658 0.103482
1731332190.040969610214233 2.510515 -14.031543 2.074946 -0.479908 -0.867690 -0.080114 0.101906
1731332190.140969038009644 2.491077 -13.999126 2.079281 -0.480498 -0.867192 -0.075723 0.106614
1731332190.240968227386475 2.461746 -13.953204 2.089307 -0.474847 -0.869198 -0.075537 0.115361
1731332190.340967178344727 2.436193 -13.920453 2.100757 -0.470250 -0.871976 -0.073320 0.114661
1731332190.440966129302979 2.405228 -13.881277 2.111539 -0.463183 -0.876030 -0.077364 0.109762
1731332190.540965318679810 2.362333 -13.816010 2.125824 -0.459653 -0.876926 -0.081149 0.114603
1731332190.640964269638062 2.330732 -13.763379 2.148005 -0.459157 -0.877323 -0.079629 0.114618
1731332190.740963697433472 2.301642 -13.707090 2.169011 -0.459462 -0.877751 -0.073968 0.113914
1731332190.840962409973145 2.277275 -13.663007 2.182386 -0.457001 -0.878124 -0.073705 0.120897
1731332190.940961599349976 2.236929 -13.604449 2.195462 -0.452973 -0.880170 -0.073951 0.121029
1731332191.040960788726807 2.212444 -13.565126 2.210337 -0.450638 -0.881867 -0.071994 0.118542
1731332191.140959739685059 2.177720 -13.506673 2.228170 -0.446317 -0.884635 -0.074318 0.112690
1731332191.240958929061890 2.139990 -13.444761 2.240256 -0.448858 -0.883003 -0.079099 0.112140
1731332191.340957880020142 2.121755 -13.392905 2.251486 -0.452386 -0.881795 -0.075308 0.110061
1731332191.440957069396973 2.095866 -13.338471 2.268044 -0.459039 -0.879156 -0.068162 0.108269
1731332191.540956020355225 2.065156 -13.281408 2.282176 -0.464513 -0.876051 -0.068374 0.109946
1731332191.640955209732056 2.027939 -13.217578 2.304930 -0.467638 -0.875012 -0.063928 0.107622
1731332191.740954160690308 1.998392 -13.166264 2.314742 -0.470475 -0.874256 -0.062403 0.102158
1731332191.840953350067139 1.974187 -13.113524 2.323582 -0.472460 -0.874039 -0.061772 0.094986
1731332191.940952301025391 1.948466 -13.054086 2.331392 -0.480095 -0.869939 -0.062312 0.093984
1731332192.040951490402222 1.928347 -13.002420 2.340241 -0.489218 -0.865382 -0.059413 0.090826
1731332192.140950679779053 1.909285 -12.960740 2.349777 -0.499247 -0.860012 -0.054053 0.090616
1731332192.240949392318726 1.878039 -12.904395 2.369161 -0.506880 -0.855735 -0.050808 0.090598
1731332192.340948820114136 1.857074 -12.868125 2.370590 -0.510794 -0.853748 -0.050916 0.087248
1731332192.440947771072388 1.831402 -12.829865 2.379328 -0.511707 -0.853775 -0.048284 0.083026
1731332192.540946960449219 1.811122 -12.796963 2.386272 -0.510597 -0.854784 -0.045787 0.080859
1731332192.640945911407471 1.800216 -12.771148 2.385480 -0.510095 -0.855453 -0.044670 0.077509
1731332192.740945100784302 1.792731 -12.746028 2.384920 -0.513207 -0.853664 -0.046509 0.075592
1731332192.840944051742554 1.787897 -12.719712 2.390680 -0.520774 -0.848895 -0.050440 0.075025
1731332192.940943241119385 1.780873 -12.691894 2.397406 -0.527121 -0.845031 -0.051779 0.073378
1731332193.040942430496216 1.774129 -12.676667 2.401303 -0.526714 -0.845610 -0.043461 0.075021
1731332193.140941381454468 1.770756 -12.672797 2.399891 -0.523637 -0.847626 -0.043786 0.073599
1731332193.240940332412720 1.762396 -12.667433 2.397945 -0.518486 -0.850825 -0.045260 0.072260
1731332193.340939521789551 1.764395 -12.672291 2.397834 -0.516091 -0.852450 -0.045084 0.070337
1731332193.440938711166382 1.767619 -12.675491 2.396875 -0.513810 -0.853951 -0.044619 0.069110
1731332193.540937662124634 1.770689 -12.675515 2.397880 -0.511534 -0.855397 -0.044121 0.068429
1731332193.640936613082886 1.772577 -12.676251 2.398144 -0.509432 -0.856697 -0.043496 0.068247
1731332193.740935564041138 1.775599 -12.674671 2.398072 -0.507912 -0.857634 -0.042825 0.068222
1731332193.840934991836548 1.777804 -12.673509 2.398750 -0.506798 -0.858313 -0.041986 0.068500
1731332193.940933942794800 1.778436 -12.672552 2.400382 -0.505903 -0.858863 -0.040884 0.068883
1731332194.040933132171631 1.779153 -12.671183 2.401963 -0.505156 -0.859313 -0.039908 0.069328
1731332194.140932321548462 1.779778 -12.669027 2.402820 -0.504535 -0.859678 -0.039056 0.069800
1731332194.240931272506714 1.781364 -12.665858 2.404218 -0.503881 -0.860062 -0.038309 0.070209
1731332194.340928077697754 1.781252 -12.662893 2.405371 -0.503370 -0.860347 -0.037742 0.070696
1731332194.440927267074585 1.780950 -12.659738 2.405853 -0.502828 -0.860647 -0.037332 0.071117
1731332194.540926218032837 1.780504 -12.656074 2.406116 -0.502216 -0.860990 -0.036991 0.071470
1731332194.640925168991089 1.778815 -12.652518 2.407945 -0.501707 -0.861263 -0.036776 0.071860
1731332194.740924358367920 1.777487 -12.648439 2.409087 -0.501290 -0.861487 -0.036608 0.072163
1731332194.840923547744751 1.775040 -12.644247 2.410993 -0.500848 -0.861713 -0.036577 0.072549
1731332194.940922737121582 1.774388 -12.639056 2.413344 -0.500507 -0.861887 -0.036491 0.072888
1731332195.040921688079834 1.773233 -12.633616 2.414586 -0.500199 -0.862034 -0.036483 0.073260
1731332195.140920639038086 1.778408 -12.635158 2.412032 -0.500279 -0.861936 -0.036615 0.073800
1731332195.240919828414917 1.781302 -12.635754 2.410460 -0.500245 -0.861918 -0.036715 0.074193
1731332195.340918779373169 1.783577 -12.635749 2.410081 -0.500236 -0.861888 -0.036759 0.074579
1731332195.440917968750000 1.784908 -12.635390 2.409327 -0.500197 -0.861882 -0.036728 0.074929
1731332195.540916919708252 1.784923 -12.634780 2.408988 -0.500084 -0.861922 -0.036709 0.075227
1731332195.640916109085083 1.785569 -12.633377 2.409049 -0.499942 -0.861990 -0.036587 0.075450
1731332195.740915060043335 1.785820 -12.631995 2.408681 -0.499797 -0.862054 -0.036563 0.075687
1731332195.840914249420166 1.785800 -12.630256 2.408434 -0.499599 -0.862152 -0.036584 0.075867
1731332195.940913200378418 1.785299 -12.628474 2.408125 -0.499349 -0.862276 -0.036759 0.076023
1731332196.040912389755249 1.784518 -12.626546 2.407209 -0.498998 -0.862461 -0.037000 0.076105
1731332196.140911579132080 1.783500 -12.624233 2.407428 -0.498681 -0.862635 -0.037411 0.076017
1731332196.240910530090332 1.781946 -12.622185 2.407177 -0.498222 -0.862883 -0.037907 0.075958
1731332196.340909719467163 1.780967 -12.619520 2.407731 -0.497778 -0.863139 -0.038263 0.075790
1731332196.440908432006836 1.779749 -12.617092 2.407260 -0.497342 -0.863386 -0.038621 0.075653
1731332196.540907859802246 1.777649 -12.614631 2.406683 -0.496840 -0.863674 -0.038936 0.075499
1731332196.640906810760498 1.776359 -12.612121 2.406115 -0.496497 -0.863872 -0.039087 0.075418
1731332196.740906000137329 1.774705 -12.609510 2.405078 -0.496224 -0.864031 -0.039103 0.075386
1731332196.840904951095581 1.773233 -12.606644 2.404460 -0.496096 -0.864110 -0.038943 0.075407
1731332196.940904140472412 1.772066 -12.603682 2.404486 -0.496075 -0.864132 -0.038615 0.075461
1731332197.040903329849243 1.770860 -12.600646 2.404544 -0.496103 -0.864125 -0.038172 0.075583
1731332197.140902280807495 1.769645 -12.597675 2.404162 -0.496154 -0.864103 -0.037528 0.075826
1731332197.240901470184326 1.769225 -12.595078 2.404019 -0.496312 -0.864013 -0.036823 0.076157
1731332197.340900421142578 1.768645 -12.592285 2.403705 -0.496445 -0.863944 -0.035980 0.076470
1731332197.440899610519409 1.767740 -12.589499 2.403634 -0.496528 -0.863907 -0.035110 0.076754
1731332197.540898561477661 1.767055 -12.586983 2.403503 -0.496676 -0.863833 -0.034177 0.077059
1731332197.640897750854492 1.766556 -12.584759 2.403270 -0.496897 -0.863714 -0.033365 0.077317
1731332197.740896701812744 1.765756 -12.582611 2.403787 -0.497127 -0.863594 -0.032731 0.077445
1731332197.840895652770996 1.764672 -12.580780 2.402512 -0.497518 -0.863375 -0.032253 0.077587
1731332197.940894603729248 1.762961 -12.578011 2.402601 -0.498076 -0.863071 -0.031937 0.077517
1731332198.040894031524658 1.760703 -12.575360 2.403338 -0.498701 -0.862731 -0.031696 0.077377
1731332198.140892982482910 1.758314 -12.572438 2.403836 -0.499411 -0.862342 -0.031549 0.077196
1731332198.240892171859741 1.755335 -12.569756 2.404384 -0.500104 -0.861964 -0.031470 0.076962
1731332198.340890407562256 1.752400 -12.566754 2.404442 -0.500845 -0.861562 -0.031341 0.076700
1731332198.440889358520508 1.749813 -12.563576 2.404011 -0.501662 -0.861113 -0.031113 0.076495
1731332198.540888309478760 1.747484 -12.560083 2.405226 -0.502304 -0.860774 -0.031020 0.076138
1731332198.640887498855591 1.744675 -12.556464 2.405103 -0.502764 -0.860537 -0.030932 0.075811
1731332198.740886688232422 1.741759 -12.552900 2.405614 -0.503081 -0.860386 -0.030891 0.075447
1731332198.840885877609253 1.738789 -12.549417 2.406197 -0.503268 -0.860308 -0.030878 0.075085
1731332198.940884590148926 1.736128 -12.545652 2.406389 -0.503442 -0.860243 -0.030754 0.074710
1731332199.040883779525757 1.733778 -12.541844 2.407079 -0.503528 -0.860229 -0.030589 0.074368
1731332199.140882968902588 1.731770 -12.537889 2.407369 -0.503552 -0.860245 -0.030380 0.074103
1731332199.240881919860840 1.729070 -12.533847 2.406728 -0.503580 -0.860249 -0.030262 0.073909
1731332199.340881109237671 1.726966 -12.529855 2.406992 -0.503562 -0.860283 -0.030041 0.073731
1731332199.440880060195923 1.724555 -12.526429 2.407458 -0.503531 -0.860321 -0.029853 0.073573
1731332199.540879249572754 1.722464 -12.522136 2.407637 -0.503443 -0.860385 -0.029756 0.073465
1731332199.640877962112427 1.728156 -12.527439 2.403903 -0.503221 -0.860512 -0.029682 0.073534
1731332199.740877389907837 1.732102 -12.531104 2.401738 -0.503036 -0.860624 -0.029587 0.073528
1731332199.840876340866089 1.734476 -12.533512 2.399206 -0.502874 -0.860717 -0.029497 0.073582
1731332199.940875530242920 1.736520 -12.534836 2.397416 -0.502715 -0.860810 -0.029419 0.073614
1731332200.040874719619751 1.738017 -12.535614 2.395612 -0.502543 -0.860907 -0.029398 0.073656
1731332200.140873670578003 1.739543 -12.536242 2.394911 -0.502345 -0.861022 -0.029359 0.073686
1731332200.240872859954834 1.740575 -12.537046 2.394264 -0.502062 -0.861188 -0.029403 0.073657
1731332200.340872049331665 1.741421 -12.537959 2.394498 -0.501834 -0.861322 -0.029404 0.073644
1731332200.440871000289917 1.741563 -12.538083 2.392529 -0.501580 -0.861465 -0.029440 0.073684
1731332200.540869951248169 1.741875 -12.537644 2.391228 -0.501421 -0.861552 -0.029538 0.073712
1731332200.640869140625000 1.742161 -12.537559 2.390797 -0.501280 -0.861634 -0.029567 0.073691
1731332200.740868091583252 1.742824 -12.537719 2.391054 -0.501179 -0.861699 -0.029571 0.073619
1731332200.840867280960083 1.743075 -12.537875 2.390434 -0.501056 -0.861772 -0.029574 0.073595
1731332200.940866231918335 1.743099 -12.537911 2.390105 -0.500905 -0.861861 -0.029706 0.073536
1731332201.040865421295166 1.743168 -12.537626 2.389307 -0.500768 -0.861939 -0.029777 0.073527
1731332201.140864610671997 1.743485 -12.537233 2.388941 -0.500648 -0.862009 -0.029849 0.073493
1731332201.240863561630249 1.744052 -12.536957 2.388575 -0.500432 -0.862136 -0.029985 0.073425
1731332201.340862751007080 1.744350 -12.536684 2.388790 -0.500129 -0.862313 -0.030058 0.073377
1731332201.440861701965332 1.744551 -12.536684 2.389020 -0.499666 -0.862585 -0.030114 0.073312
1731332201.540860891342163 1.744007 -12.536233 2.388514 -0.499128 -0.862898 -0.030219 0.073248
1731332201.640859842300415 1.743663 -12.536035 2.388655 -0.498424 -0.863311 -0.030128 0.073216
1731332201.740858793258667 1.743384 -12.535773 2.388752 -0.497689 -0.863740 -0.030112 0.073162
1731332201.840857744216919 1.742451 -12.535680 2.388215 -0.496743 -0.864289 -0.029994 0.073156
1731332201.940857172012329 1.742368 -12.535142 2.388602 -0.495766 -0.864857 -0.029909 0.073101
1731332202.040856361389160 1.741888 -12.534640 2.388928 -0.494699 -0.865474 -0.029877 0.073039
1731332202.140855312347412 1.740993 -12.534378 2.389156 -0.493561 -0.866129 -0.029731 0.073032
1731332202.240854501724243 1.740658 -12.533181 2.388961 -0.492375 -0.866806 -0.029681 0.073034
1731332202.340853452682495 1.740127 -12.532779 2.389124 -0.491136 -0.867513 -0.029537 0.073036
1731332202.440852403640747 1.739614 -12.531997 2.388926 -0.489893 -0.868218 -0.029317 0.073094
1731332202.540851593017578 1.738490 -12.531367 2.388777 -0.488605 -0.868945 -0.029261 0.073100
1731332202.640850782394409 1.737650 -12.531240 2.388655 -0.487371 -0.869641 -0.029108 0.073125
1731332202.740849733352661 1.736990 -12.530677 2.388861 -0.486184 -0.870307 -0.029000 0.073144
1731332202.840848684310913 1.736563 -12.530471 2.389012 -0.485038 -0.870951 -0.028848 0.073153
1731332202.940847873687744 1.735893 -12.529378 2.388691 -0.483905 -0.871584 -0.028804 0.073125
1731332203.040847063064575 1.735568 -12.528526 2.389253 -0.482939 -0.872122 -0.028715 0.073137
1731332203.140846014022827 1.735948 -12.527682 2.388351 -0.481906 -0.872694 -0.028658 0.073147
1731332203.240845203399658 1.735409 -12.526497 2.388867 -0.481035 -0.873180 -0.028625 0.073099
1731332203.340844392776489 1.735859 -12.526081 2.389183 -0.480236 -0.873626 -0.028529 0.073056
1731332203.440843343734741 1.735376 -12.525439 2.388005 -0.479434 -0.874065 -0.028458 0.073104
1731332203.540842294692993 1.735058 -12.524770 2.388229 -0.478795 -0.874420 -0.028338 0.073091
1731332203.640841484069824 1.735043 -12.524166 2.388262 -0.478233 -0.874731 -0.028205 0.073099
1731332203.740840435028076 1.734546 -12.523658 2.388822 -0.477662 -0.875047 -0.028037 0.073111
1731332203.840839624404907 1.734247 -12.522338 2.388018 -0.477146 -0.875335 -0.027846 0.073106
1731332203.940838813781738 1.733903 -12.521833 2.387561 -0.476690 -0.875584 -0.027811 0.073110
1731332204.040838003158569 1.733409 -12.520576 2.386815 -0.476301 -0.875796 -0.027712 0.073148
1731332204.140836954116821 1.734428 -12.519433 2.386715 -0.475917 -0.876013 -0.027529 0.073118
1731332204.240835905075073 1.736062 -12.518677 2.387551 -0.475603 -0.876195 -0.027354 0.073048
1731332204.340835094451904 1.735456 -12.517091 2.387266 -0.475425 -0.876298 -0.027235 0.073016
1731332204.440834045410156 1.736231 -12.516529 2.387088 -0.475308 -0.876367 -0.027123 0.072987
1731332204.540833234786987 1.735699 -12.515253 2.387175 -0.475275 -0.876395 -0.027012 0.072916
1731332204.640832185745239 1.735869 -12.514113 2.386824 -0.475273 -0.876401 -0.026944 0.072873
1731332204.740831375122070 1.735580 -12.513081 2.386469 -0.475365 -0.876363 -0.026808 0.072783
1731332204.840830326080322 1.735914 -12.512310 2.386782 -0.475572 -0.876270 -0.026674 0.072592
1731332204.940829515457153 1.735289 -12.512388 2.387176 -0.475837 -0.876156 -0.026451 0.072323
1731332205.040828704833984 1.734986 -12.511938 2.387026 -0.475973 -0.876106 -0.026260 0.072095
1731332205.140827655792236 1.734927 -12.511791 2.387555 -0.476099 -0.876063 -0.026037 0.071874
1731332205.240826845169067 1.734362 -12.510840 2.387088 -0.476254 -0.875996 -0.025799 0.071745
1731332205.340825796127319 1.734720 -12.510088 2.387545 -0.476432 -0.875917 -0.025579 0.071608
1731332205.440824985504150 1.734398 -12.509670 2.387480 -0.476557 -0.875862 -0.025299 0.071545
1731332205.540824174880981 1.734233 -12.509538 2.388015 -0.476646 -0.875828 -0.025118 0.071432
1731332205.640823125839233 1.734298 -12.509362 2.388317 -0.476747 -0.875784 -0.024891 0.071383
1731332205.740822076797485 1.734236 -12.509179 2.388444 -0.476831 -0.875746 -0.024720 0.071349
1731332205.840821266174316 1.734454 -12.508967 2.388791 -0.476975 -0.875675 -0.024579 0.071300
1731332205.940820217132568 1.734449 -12.508996 2.389051 -0.477036 -0.875650 -0.024390 0.071269
1731332206.040819406509399 1.734421 -12.508801 2.389123 -0.477123 -0.875604 -0.024297 0.071275
1731332206.140818595886230 1.734365 -12.508692 2.389469 -0.477173 -0.875583 -0.024182 0.071247
1731332206.240817546844482 1.734234 -12.508580 2.389313 -0.477209 -0.875564 -0.024074 0.071265
1731332206.340816497802734 1.734233 -12.508489 2.389502 -0.477279 -0.875529 -0.024003 0.071258
1731332206.440815687179565 1.734267 -12.508530 2.389690 -0.477309 -0.875516 -0.023932 0.071245
1731332206.540814876556396 1.734344 -12.508637 2.390051 -0.477365 -0.875489 -0.023825 0.071230
1731332206.640813827514648 1.734521 -12.508781 2.390679 -0.477454 -0.875445 -0.023769 0.071189
1731332206.740813016891479 1.734618 -12.508834 2.390834 -0.477500 -0.875422 -0.023761 0.071174
1731332206.840811967849731 1.734727 -12.508798 2.390880 -0.477580 -0.875377 -0.023739 0.071194
1731332206.940811157226562 1.734822 -12.508894 2.391136 -0.477612 -0.875362 -0.023697 0.071179
1731332207.040809869766235 1.734867 -12.508851 2.391002 -0.477633 -0.875350 -0.023677 0.071190
1731332207.140809297561646 1.734954 -12.509064 2.391282 -0.477645 -0.875349 -0.023578 0.071160
1731332207.240808486938477 1.735067 -12.509140 2.391392 -0.477695 -0.875322 -0.023594 0.071152
1731332207.340807437896729 1.735047 -12.509094 2.391217 -0.477754 -0.875290 -0.023552 0.071156
1731332207.440806388854980 1.735273 -12.509307 2.392007 -0.477869 -0.875231 -0.023553 0.071116
1731332207.540805578231812 1.735397 -12.509311 2.391857 -0.477876 -0.875227 -0.023544 0.071125
1731332207.640804529190063 1.735424 -12.509212 2.391187 -0.477931 -0.875192 -0.023547 0.071183
1731332207.740803956985474 1.735523 -12.509183 2.390907 -0.477945 -0.875183 -0.023514 0.071205
1731332207.840802907943726 1.735663 -12.509299 2.391043 -0.478016 -0.875146 -0.023439 0.071216
1731332207.940801858901978 1.735850 -12.509506 2.391135 -0.478090 -0.875105 -0.023399 0.071230
1731332208.040801048278809 1.736039 -12.509670 2.391298 -0.478188 -0.875052 -0.023367 0.071237
1731332208.140799999237061 1.736098 -12.509686 2.390984 -0.478287 -0.874996 -0.023312 0.071276
1731332208.240799188613892 1.736398 -12.509777 2.391238 -0.478369 -0.874951 -0.023302 0.071280
1731332208.340798139572144 1.736619 -12.509851 2.391235 -0.478455 -0.874904 -0.023255 0.071294
1731332208.440797328948975 1.736858 -12.509845 2.391512 -0.478512 -0.874874 -0.023268 0.071276
1731332208.540796041488647 1.737091 -12.509908 2.391776 -0.478605 -0.874824 -0.023237 0.071277
1731332208.640795469284058 1.737318 -12.509898 2.391813 -0.478664 -0.874791 -0.023193 0.071297
1731332208.740794420242310 1.737484 -12.509931 2.391843 -0.478742 -0.874749 -0.023116 0.071311
1731332208.840793609619141 1.737622 -12.509853 2.391584 -0.478797 -0.874717 -0.023125 0.071336
1731332208.940792798995972 1.737744 -12.509868 2.391505 -0.478880 -0.874674 -0.023065 0.071332
1731332209.040791749954224 1.737958 -12.509855 2.391704 -0.479018 -0.874603 -0.023125 0.071251
1731332209.140790939331055 1.738007 -12.509711 2.391493 -0.479170 -0.874523 -0.023361 0.071139
1731332209.240790128707886 1.737885 -12.509781 2.391005 -0.479420 -0.874394 -0.023539 0.070975
1731332209.340789079666138 1.737845 -12.509921 2.391215 -0.479739 -0.874234 -0.023809 0.070706
1731332209.440788030624390 1.737758 -12.509941 2.391228 -0.480129 -0.874032 -0.024131 0.070433
1731332209.540787220001221 1.737757 -12.510039 2.391765 -0.480573 -0.873803 -0.024421 0.070157
1731332209.640786170959473 1.737678 -12.510270 2.391683 -0.481106 -0.873523 -0.024696 0.069887
1731332209.740785360336304 1.737770 -12.510232 2.391913 -0.481642 -0.873240 -0.025036 0.069617
1731332209.840784311294556 1.737688 -12.510353 2.392807 -0.482113 -0.872992 -0.025284 0.069370
1731332209.940783500671387 1.737798 -12.510473 2.392830 -0.482539 -0.872774 -0.025501 0.069076
1731332210.040782690048218 1.737781 -12.510730 2.393125 -0.482924 -0.872577 -0.025715 0.068795
1731332210.140781641006470 1.737723 -12.510877 2.393345 -0.483314 -0.872374 -0.025982 0.068532
1731332210.240780830383301 1.737799 -12.511003 2.393674 -0.483621 -0.872215 -0.026218 0.068299
1731332210.340781450271606 1.737853 -12.510943 2.393438 -0.483761 -0.872142 -0.026357 0.068186
1731332210.440780878067017 1.738180 -12.511106 2.393895 -0.483840 -0.872107 -0.026349 0.068076
1731332210.540779829025269 1.738606 -12.511135 2.394382 -0.483870 -0.872091 -0.026322 0.068080
1731332210.640779018402100 1.738885 -12.510966 2.394331 -0.483839 -0.872105 -0.026163 0.068179
1731332210.740777969360352 1.739273 -12.510911 2.394597 -0.483801 -0.872123 -0.025988 0.068293
1731332210.840777158737183 1.739667 -12.510989 2.395129 -0.483751 -0.872149 -0.025788 0.068381
1731332210.940776109695435 1.739980 -12.511209 2.395558 -0.483732 -0.872157 -0.025536 0.068508
1731332211.040775537490845 1.740356 -12.511552 2.396320 -0.483732 -0.872159 -0.025318 0.068570
1731332211.140774488449097 1.740601 -12.511476 2.396522 -0.483755 -0.872142 -0.025107 0.068693
1731332211.240773439407349 1.740751 -12.511422 2.396548 -0.483746 -0.872143 -0.024912 0.068821
1731332211.340772628784180 1.740955 -12.511429 2.396754 -0.483748 -0.872138 -0.024716 0.068940
1731332211.440771579742432 1.741147 -12.511491 2.397056 -0.483757 -0.872127 -0.024520 0.069081
1731332211.540770769119263 1.741296 -12.511399 2.396894 -0.483731 -0.872134 -0.024359 0.069225
1731332211.640769720077515 1.741487 -12.511609 2.397482 -0.483757 -0.872121 -0.024175 0.069289
1731332211.740768909454346 1.741676 -12.511712 2.397525 -0.483808 -0.872087 -0.024034 0.069397
1731332211.840767860412598 1.741801 -12.511682 2.397582 -0.483809 -0.872079 -0.023906 0.069538
1731332211.940767049789429 1.741927 -12.511527 2.397503 -0.483811 -0.872070 -0.023805 0.069672
1731332212.040766239166260 1.742042 -12.511467 2.397392 -0.483833 -0.872050 -0.023672 0.069814
1731332212.140765190124512 1.742219 -12.511404 2.397573 -0.483855 -0.872033 -0.023571 0.069915
1731332212.240764141082764 1.742346 -12.511472 2.397858 -0.483871 -0.872020 -0.023426 0.070010
1731332212.340763330459595 1.742494 -12.511512 2.398197 -0.483874 -0.872016 -0.023236 0.070100
1731332212.440762519836426 1.742292 -12.511420 2.397749 -0.483877 -0.872004 -0.023099 0.070270
1731332212.540761232376099 1.742466 -12.511238 2.397839 -0.483875 -0.871995 -0.023023 0.070422
1731332212.640760421752930 1.742564 -12.511421 2.398125 -0.483845 -0.872008 -0.022831 0.070535
1731332212.740759611129761 1.742628 -12.511431 2.398374 -0.483846 -0.872001 -0.022771 0.070631
1731332212.840758800506592 1.742666 -12.511533 2.398528 -0.483812 -0.872013 -0.022656 0.070751
1731332212.940757751464844 1.742684 -12.511501 2.398560 -0.483723 -0.872055 -0.022604 0.070861
1731332213.040756940841675 1.742844 -12.511723 2.399204 -0.483660 -0.872090 -0.022459 0.070906
1731332213.140756130218506 1.742973 -12.511706 2.399247 -0.483656 -0.872082 -0.022406 0.071049
1731332213.240755081176758 1.742997 -12.511649 2.399023 -0.483604 -0.872103 -0.022339 0.071162
1731332213.340754032135010 1.743119 -12.511649 2.399521 -0.483579 -0.872114 -0.022281 0.071219
1731332213.440753221511841 1.743193 -12.511627 2.399511 -0.483563 -0.872117 -0.022271 0.071290
1731332213.540752410888672 1.742931 -12.511530 2.398982 -0.483506 -0.872140 -0.022223 0.071408
1731332213.640751361846924 1.742991 -12.511486 2.399091 -0.483464 -0.872160 -0.022216 0.071462
1731332213.740750312805176 1.743103 -12.511557 2.399389 -0.483422 -0.872180 -0.022167 0.071514
1731332213.840749502182007 1.743280 -12.511705 2.399764 -0.483364 -0.872211 -0.022099 0.071544
1731332213.940748453140259 1.743503 -12.511770 2.400254 -0.483265 -0.872266 -0.022071 0.071556
1731332214.040747404098511 1.743613 -12.511945 2.400649 -0.483228 -0.872283 -0.022009 0.071609
1731332214.140746831893921 1.743777 -12.511944 2.400897 -0.483193 -0.872299 -0.021987 0.071659
1731332214.240745782852173 1.743804 -12.511742 2.400869 -0.483121 -0.872332 -0.022009 0.071739
1731332214.340742588043213 1.743832 -12.511749 2.401101 -0.483076 -0.872353 -0.021982 0.071798
1731332214.440741777420044 1.743852 -12.511811 2.401296 -0.483007 -0.872385 -0.021909 0.071886
1731332214.540740489959717 1.743870 -12.511800 2.401505 -0.482955 -0.872411 -0.021868 0.071941
1731332214.640739679336548 1.743820 -12.511907 2.401668 -0.482877 -0.872452 -0.021760 0.071994
1731332214.740738630294800 1.743869 -12.511810 2.401748 -0.482786 -0.872499 -0.021753 0.072049
1731332214.840737819671631 1.743669 -12.511721 2.401533 -0.482740 -0.872515 -0.021737 0.072159
1731332214.940736770629883 1.743695 -12.511722 2.401809 -0.482667 -0.872550 -0.021684 0.072237
1731332215.040735721588135 1.743695 -12.511740 2.401761 -0.482602 -0.872581 -0.021617 0.072323
1731332215.140734910964966 1.743717 -12.511956 2.402240 -0.482490 -0.872642 -0.021489 0.072366
1731332215.240733861923218 1.743732 -12.512060 2.402472 -0.482426 -0.872675 -0.021472 0.072402
1731332215.340732812881470 1.743903 -12.512226 2.403052 -0.482340 -0.872723 -0.021405 0.072420
1731332215.440732002258301 1.743921 -12.512414 2.403366 -0.482287 -0.872752 -0.021323 0.072455
1731332215.540730953216553 1.743825 -12.512376 2.403272 -0.482260 -0.872759 -0.021327 0.072541
1731332215.640729904174805 1.743866 -12.512388 2.403459 -0.482184 -0.872796 -0.021326 0.072605
1731332215.740728855133057 1.743871 -12.512406 2.403638 -0.482117 -0.872830 -0.021283 0.072656
1731332215.840728044509888 1.743810 -12.512341 2.403486 -0.482099 -0.872833 -0.021297 0.072730
1731332215.940726995468140 1.743782 -12.512390 2.403580 -0.482059 -0.872851 -0.021299 0.072773
1731332216.040725946426392 1.743846 -12.512485 2.403777 -0.482054 -0.872852 -0.021291 0.072799
1731332216.140725135803223 1.744110 -12.512551 2.404171 -0.482059 -0.872848 -0.021379 0.072793
1731332216.240724086761475 1.744241 -12.512726 2.404481 -0.482074 -0.872839 -0.021567 0.072738
1731332216.340723037719727 1.744451 -12.512773 2.404967 -0.482070 -0.872846 -0.021978 0.072565
1731332216.440722227096558 1.744110 -12.512667 2.404534 -0.482040 -0.872863 -0.022522 0.072388
1731332216.540721178054810 1.743835 -12.512702 2.404453 -0.481948 -0.872923 -0.023198 0.072067
1731332216.640720129013062 1.743442 -12.512455 2.403929 -0.481811 -0.873004 -0.023959 0.071748
1731332216.740719079971313 1.743249 -12.512495 2.404101 -0.481652 -0.873100 -0.024602 0.071435
1731332216.840718030929565 1.743362 -12.512764 2.404838 -0.481529 -0.873183 -0.025240 0.071027
1731332216.940717220306396 1.743172 -12.512700 2.404606 -0.481365 -0.873281 -0.025862 0.070707
1731332217.040716171264648 1.742873 -12.512675 2.404289 -0.481254 -0.873346 -0.026440 0.070448
1731332217.140715360641479 1.742628 -12.512881 2.404660 -0.481079 -0.873452 -0.026811 0.070183
1731332217.240714311599731 1.742230 -12.512357 2.403926 -0.480947 -0.873528 -0.027241 0.069982
1731332217.340713262557983 1.742217 -12.512508 2.404337 -0.480817 -0.873612 -0.027409 0.069755
1731332217.440712451934814 1.742094 -12.512603 2.404657 -0.480725 -0.873675 -0.027615 0.069515
1731332217.540711402893066 1.741646 -12.512613 2.404489 -0.480678 -0.873709 -0.027775 0.069353
1731332217.640710353851318 1.741458 -12.512382 2.404004 -0.480635 -0.873732 -0.027873 0.069314
1731332217.740709304809570 1.741263 -12.512079 2.403907 -0.480603 -0.873748 -0.027792 0.069368
1731332217.840708255767822 1.741466 -12.511876 2.404034 -0.480589 -0.873751 -0.027610 0.069507
1731332217.940707445144653 1.741716 -12.511900 2.404261 -0.480579 -0.873757 -0.027260 0.069641
1731332218.040706634521484 1.741874 -12.511675 2.404411 -0.480559 -0.873763 -0.026972 0.069816
1731332218.140705585479736 1.741831 -12.511455 2.404024 -0.480567 -0.873753 -0.026631 0.070020
1731332218.240704536437988 1.742062 -12.511432 2.404270 -0.480568 -0.873746 -0.026325 0.070203
1731332218.340703487396240 1.742145 -12.511583 2.404432 -0.480584 -0.873734 -0.025985 0.070380
1731332218.440702438354492 1.742419 -12.511576 2.404471 -0.480575 -0.873737 -0.025606 0.070539
1731332218.540701627731323 1.742556 -12.511477 2.404430 -0.480617 -0.873711 -0.025269 0.070705
1731332218.640700578689575 1.742594 -12.511374 2.404190 -0.480632 -0.873697 -0.024877 0.070905
1731332218.740699529647827 1.742477 -12.511111 2.403533 -0.480666 -0.873670 -0.024574 0.071112
1731332218.840698480606079 1.742596 -12.511063 2.403667 -0.480729 -0.873633 -0.024242 0.071257
1731332218.940697669982910 1.742619 -12.510947 2.403427 -0.480811 -0.873579 -0.023941 0.071467
1731332219.040696620941162 1.742737 -12.510699 2.403268 -0.480905 -0.873522 -0.023610 0.071640
1731332219.140695810317993 1.743068 -12.510743 2.403839 -0.480866 -0.873536 -0.023251 0.071850
1731332219.240694761276245 1.743130 -12.510785 2.403925 -0.480800 -0.873554 -0.022842 0.072205
1731332219.340693712234497 1.743370 -12.510735 2.404137 -0.480730 -0.873587 -0.022508 0.072379
1731332219.440692663192749 1.743535 -12.510770 2.404238 -0.480623 -0.873642 -0.022164 0.072532
1731332219.540691852569580 1.743398 -12.510678 2.403919 -0.480446 -0.873730 -0.021807 0.072741
1731332219.640690803527832 1.743423 -12.510721 2.404046 -0.480277 -0.873819 -0.021433 0.072909
1731332219.740689754486084 1.743444 -12.510602 2.403901 -0.480091 -0.873916 -0.021166 0.073045
1731332219.840688943862915 1.743647 -12.510768 2.404194 -0.479952 -0.873993 -0.020844 0.073133
1731332219.940687894821167 1.743495 -12.510626 2.403878 -0.479758 -0.874097 -0.020615 0.073228
1731332220.040686845779419 1.743636 -12.510503 2.403918 -0.479595 -0.874184 -0.020486 0.073292
1731332220.140686035156250 1.743630 -12.510448 2.403967 -0.479409 -0.874284 -0.020248 0.073379
1731332220.240684986114502 1.743697 -12.510513 2.404273 -0.479233 -0.874380 -0.020018 0.073445
1731332220.340683937072754 1.743809 -12.510537 2.404332 -0.479059 -0.874475 -0.019839 0.073507
1731332220.440683126449585 1.743798 -12.510630 2.404478 -0.478904 -0.874562 -0.019638 0.073531
1731332220.540681838989258 1.743747 -12.510522 2.404537 -0.478787 -0.874622 -0.019480 0.073621
1731332220.640681028366089 1.743757 -12.510608 2.404648 -0.478689 -0.874674 -0.019318 0.073682
1731332220.740679979324341 1.743879 -12.510713 2.404865 -0.478560 -0.874747 -0.019135 0.073697
1731332220.840678930282593 1.743959 -12.510791 2.405097 -0.478468 -0.874800 -0.018969 0.073711
1731332220.940678119659424 1.743993 -12.510904 2.405260 -0.478417 -0.874831 -0.018840 0.073706
1731332221.040677070617676 1.743908 -12.510695 2.404867 -0.478346 -0.874869 -0.018796 0.073733
1731332221.140676021575928 1.743960 -12.510530 2.404759 -0.478336 -0.874877 -0.018992 0.073648
1731332221.240675210952759 1.744154 -12.510654 2.405419 -0.478382 -0.874862 -0.019278 0.073455
1731332221.340676307678223 1.744169 -12.510607 2.405594 -0.478426 -0.874850 -0.019773 0.073174
1731332221.440675258636475 1.743988 -12.510696 2.405496 -0.478422 -0.874867 -0.020446 0.072816
1731332221.540674209594727 1.743567 -12.510800 2.405385 -0.478332 -0.874928 -0.021313 0.072421
1731332221.640673398971558 1.743213 -12.510731 2.405033 -0.478185 -0.875021 -0.022224 0.071995
1731332221.740672349929810 1.742677 -12.510764 2.404783 -0.477984 -0.875148 -0.023007 0.071544
1731332221.840671300888062 1.742729 -12.510954 2.404789 -0.477660 -0.875333 -0.023706 0.071204
1731332221.940670251846313 1.742241 -12.511022 2.404812 -0.477404 -0.875481 -0.024226 0.070938
1731332222.040669441223145 1.741981 -12.511253 2.404883 -0.477209 -0.875592 -0.024630 0.070732
1731332222.140668392181396 1.741691 -12.511048 2.404492 -0.477046 -0.875683 -0.025051 0.070562
1731332222.240667343139648 1.741541 -12.511005 2.404478 -0.476936 -0.875750 -0.025336 0.070370
1731332222.340666532516479 1.741007 -12.510760 2.403804 -0.476843 -0.875801 -0.025610 0.070273
1731332222.440665483474731 1.741108 -12.510948 2.404541 -0.476827 -0.875823 -0.025822 0.070019
1731332222.540664434432983 1.740868 -12.510863 2.404561 -0.476813 -0.875839 -0.025940 0.069874
1731332222.640663623809814 1.740732 -12.510695 2.404508 -0.476872 -0.875816 -0.026054 0.069713
1731332222.740662574768066 1.740808 -12.510684 2.404980 -0.476966 -0.875777 -0.026226 0.069498
1731332222.840661525726318 1.740745 -12.510575 2.404990 -0.477078 -0.875727 -0.026377 0.069304
1731332222.940660476684570 1.740404 -12.510508 2.404627 -0.477207 -0.875660 -0.026471 0.069229
1731332223.040659666061401 1.740475 -12.510392 2.404974 -0.477279 -0.875626 -0.026392 0.069188
1731332223.140658617019653 1.740700 -12.510459 2.405631 -0.477298 -0.875617 -0.026175 0.069259
1731332223.240657567977905 1.740972 -12.510271 2.405971 -0.477353 -0.875584 -0.025938 0.069384
1731332223.340656757354736 1.740992 -12.510160 2.405966 -0.477375 -0.875567 -0.025595 0.069569
1731332223.440655708312988 1.741379 -12.510272 2.406361 -0.477410 -0.875545 -0.025181 0.069757
1731332223.540654659271240 1.741564 -12.510009 2.406562 -0.477461 -0.875516 -0.024759 0.069928
1731332223.640653610229492 1.741685 -12.509746 2.406262 -0.477518 -0.875475 -0.024355 0.070192
1731332223.740652799606323 1.741893 -12.509872 2.406443 -0.477617 -0.875415 -0.023991 0.070395
1731332223.840651750564575 1.742115 -12.509608 2.406181 -0.477737 -0.875336 -0.023631 0.070678
1731332223.940650701522827 1.742185 -12.509343 2.406019 -0.477887 -0.875247 -0.023232 0.070899
1731332224.040649890899658 1.742517 -12.509533 2.406745 -0.477951 -0.875207 -0.022722 0.071131
1731332224.140648841857910 1.742443 -12.509433 2.406398 -0.478012 -0.875154 -0.022256 0.071518
1731332224.240647792816162 1.742637 -12.508983 2.406297 -0.478043 -0.875121 -0.021842 0.071841
1731332224.340646743774414 1.742537 -12.508773 2.405657 -0.478117 -0.875069 -0.021448 0.072100
1731332224.440645933151245 1.742450 -12.508678 2.405293 -0.478208 -0.875013 -0.021057 0.072287
1731332224.540644884109497 1.742414 -12.508583 2.404832 -0.478248 -0.874981 -0.020692 0.072521
1731332224.640643835067749 1.742665 -12.508432 2.405005 -0.478260 -0.874968 -0.020310 0.072708
1731332224.740643024444580 1.742739 -12.508338 2.405224 -0.478260 -0.874962 -0.020001 0.072862
1731332224.840641975402832 1.742888 -12.508412 2.405383 -0.478266 -0.874954 -0.019688 0.073009
1731332224.940640926361084 1.743124 -12.508577 2.405684 -0.478278 -0.874943 -0.019441 0.073123
1731332225.040640115737915 1.743207 -12.508606 2.405875 -0.478293 -0.874930 -0.019216 0.073238
1731332225.140639066696167 1.742910 -12.508482 2.405329 -0.478256 -0.874941 -0.018997 0.073407
1731332225.240638017654419 1.742973 -12.508507 2.405369 -0.478210 -0.874963 -0.018778 0.073495
1731332225.340639114379883 1.742977 -12.508543 2.405291 -0.478113 -0.875014 -0.018538 0.073587
1731332225.440638065338135 1.743081 -12.508622 2.405507 -0.478080 -0.875030 -0.018397 0.073647
1731332225.540637254714966 1.742979 -12.508645 2.405348 -0.478012 -0.875070 -0.018141 0.073670
1731332225.640636205673218 1.743250 -12.508601 2.405601 -0.477936 -0.875109 -0.018006 0.073739
1731332225.740635395050049 1.743133 -12.508476 2.405278 -0.477840 -0.875157 -0.017803 0.073840
1731332225.840634346008301 1.743114 -12.508273 2.404978 -0.477789 -0.875183 -0.017616 0.073903
1731332225.940633535385132 1.743124 -12.508327 2.405029 -0.477766 -0.875197 -0.017494 0.073916
1731332226.040632724761963 1.743219 -12.508428 2.405404 -0.477751 -0.875208 -0.017546 0.073873
1731332226.140631437301636 1.743200 -12.508499 2.405287 -0.477760 -0.875209 -0.017851 0.073733
1731332226.240630865097046 1.743177 -12.508410 2.405096 -0.477732 -0.875234 -0.018258 0.073517
1731332226.340629816055298 1.743069 -12.508455 2.405517 -0.477747 -0.875241 -0.018743 0.073209
1731332226.440628767013550 1.742574 -12.508513 2.405588 -0.477812 -0.875221 -0.019262 0.072884
1731332226.540627956390381 1.742558 -12.509059 2.406488 -0.477874 -0.875207 -0.019916 0.072467
1731332226.640626907348633 1.742468 -12.508820 2.405837 -0.477846 -0.875230 -0.020602 0.072193
1731332226.740625858306885 1.742209 -12.508684 2.405746 -0.477834 -0.875248 -0.021235 0.071869
1731332226.840625047683716 1.741930 -12.508844 2.405364 -0.477764 -0.875298 -0.021827 0.071553
1731332226.940623760223389 1.741459 -12.508945 2.405098 -0.477691 -0.875349 -0.022348 0.071247
1731332227.040623188018799 1.741470 -12.508852 2.405334 -0.477615 -0.875400 -0.022852 0.070967
1731332227.140622377395630 1.741324 -12.508950 2.405529 -0.477529 -0.875457 -0.023315 0.070687
1731332227.240621328353882 1.741138 -12.508781 2.405110 -0.477493 -0.875487 -0.023837 0.070392
1731332227.340620279312134 1.740856 -12.508818 2.404936 -0.477473 -0.875508 -0.024214 0.070134
1731332227.440619468688965 1.740569 -12.508650 2.404368 -0.477523 -0.875483 -0.024567 0.069982
1731332227.540618419647217 1.740456 -12.508830 2.404599 -0.477652 -0.875423 -0.024836 0.069760
1731332227.640617609024048 1.740242 -12.508828 2.404710 -0.477786 -0.875361 -0.025088 0.069520
1731332227.740616559982300 1.740143 -12.508685 2.404461 -0.477927 -0.875292 -0.025322 0.069347
1731332227.840615749359131 1.739805 -12.508673 2.404284 -0.478122 -0.875196 -0.025575 0.069123
1731332227.940614700317383 1.739631 -12.508649 2.404475 -0.478304 -0.875110 -0.025785 0.068869
1731332228.040613889694214 1.739492 -12.508526 2.404459 -0.478464 -0.875035 -0.025893 0.068668
1731332228.140613079071045 1.739407 -12.508158 2.404286 -0.478570 -0.874980 -0.025930 0.068619
1731332228.240612030029297 1.739729 -12.508287 2.404936 -0.478631 -0.874950 -0.025700 0.068659
