# timestamp(s) tx ty tz qx qy qz qw
1733228219.162510156631470 -0.000000 -0.000000 0.000000 -0.882700 -0.468637 -0.000000 0.034943
1733228219.262509107589722 -0.001180 -0.000383 0.000723 -0.882636 -0.468615 0.000205 0.036798
1733228219.362508058547974 -0.001139 -0.000551 0.000786 -0.882538 -0.468799 -0.000113 0.036787
1733228219.462507009506226 -0.002293 -0.001193 0.000791 -0.882658 -0.468956 0.000480 0.031542
1733228219.562505722045898 -0.002272 -0.002262 0.000837 -0.882491 -0.469128 -0.001166 0.033573
1733228219.662504911422729 -0.003534 -0.002629 0.001243 -0.882474 -0.469135 -0.001789 0.033896
1733228219.762503862380981 -0.003996 -0.002938 0.001256 -0.882449 -0.469187 -0.002063 0.033817
1733228219.862502813339233 -0.004746 -0.003546 0.001893 -0.882411 -0.469269 -0.002180 0.033656
1733228219.962501764297485 -0.005335 -0.004050 0.001697 -0.882374 -0.469334 -0.002422 0.033701
1733228220.062500476837158 -0.005638 -0.004751 0.002289 -0.882294 -0.469492 -0.002372 0.033596
1733228220.162499427795410 -0.006425 -0.005364 0.002634 -0.882238 -0.469601 -0.002503 0.033528
1733228220.262498140335083 -0.007405 -0.005422 0.002334 -0.882236 -0.469609 -0.002855 0.033451
1733228220.362497091293335 -0.007791 -0.006162 0.002967 -0.882164 -0.469746 -0.003061 0.033408
1733228220.462496042251587 -0.008510 -0.006572 0.003297 -0.882140 -0.469801 -0.003080 0.033279
1733228220.562494993209839 -0.009126 -0.006687 0.002949 -0.882111 -0.469860 -0.003437 0.033161
1733228220.662493944168091 -0.009727 -0.006893 0.003161 -0.882120 -0.469848 -0.003518 0.033089
1733228220.762492895126343 -0.010301 -0.007295 0.003642 -0.882095 -0.469927 -0.003632 0.032617
1733228220.862492084503174 -0.010767 -0.007737 0.003666 -0.882065 -0.469976 -0.003840 0.032687
1733228220.962490797042847 -0.011582 -0.007856 0.003906 -0.882073 -0.469960 -0.004169 0.032667
1733228221.062489748001099 -0.011460 -0.008146 0.003909 -0.882021 -0.470052 -0.004249 0.032740
1733228221.162488698959351 -0.012416 -0.008069 0.004056 -0.882060 -0.470000 -0.004545 0.032402
1733228221.262487411499023 -0.012932 -0.008278 0.004266 -0.882034 -0.470041 -0.004822 0.032474
1733228221.362486362457275 -0.013164 -0.008956 0.004986 -0.882005 -0.470116 -0.004713 0.032177
1733228221.462485313415527 -0.013565 -0.008813 0.004732 -0.881988 -0.470146 -0.005008 0.032176
1733228221.562484025955200 -0.014097 -0.008721 0.004837 -0.881978 -0.470179 -0.005175 0.031939
1733228221.662482976913452 -0.013820 -0.009164 0.005032 -0.881901 -0.470313 -0.005086 0.032093
1733228221.762481927871704 -0.014380 -0.009145 0.005041 -0.881919 -0.470286 -0.005296 0.031964
1733228221.862481117248535 -0.014547 -0.009228 0.005056 -0.881904 -0.470311 -0.005544 0.031962
1733228221.962480068206787 -0.014825 -0.009281 0.005155 -0.881907 -0.470298 -0.005506 0.032089
1733228222.062479019165039 -0.014574 -0.009636 0.005121 -0.881864 -0.470363 -0.005463 0.032306
1733228222.162477970123291 -0.015110 -0.009509 0.005048 -0.881890 -0.470339 -0.005831 0.031899
1733228222.262476682662964 -0.015107 -0.009520 0.005144 -0.881885 -0.470342 -0.005704 0.032004
1733228222.362475633621216 -0.015003 -0.009879 0.005140 -0.881868 -0.470372 -0.005698 0.032034
1733228222.462474346160889 -0.015023 -0.010014 0.005374 -0.881856 -0.470393 -0.005791 0.032046
1733228222.562473297119141 -0.015365 -0.009768 0.005157 -0.881865 -0.470377 -0.005931 0.032009
1733228222.662472248077393 -0.015544 -0.010022 0.005425 -0.881858 -0.470393 -0.005734 0.031998
1733228222.762470960617065 -0.015303 -0.010124 0.005316 -0.881827 -0.470457 -0.005784 0.031906
1733228222.862469911575317 -0.015481 -0.010032 0.005289 -0.881835 -0.470440 -0.005892 0.031895
1733228222.962468862533569 -0.015655 -0.010209 0.005373 -0.881835 -0.470446 -0.005963 0.031820
1733228223.062468051910400 -0.015624 -0.010284 0.005350 -0.881827 -0.470453 -0.005963 0.031916
1733228223.162467002868652 -0.015476 -0.010289 0.005553 -0.881808 -0.470493 -0.005911 0.031875
1733228223.262465953826904 -0.015924 -0.010095 0.005193 -0.881823 -0.470467 -0.006030 0.031824
1733228223.362464904785156 -0.015717 -0.010723 0.005286 -0.881883 -0.470345 -0.005838 0.032000
1733228223.462463855743408 -0.005321 -0.005338 0.019219 -0.885957 -0.463150 -0.006366 0.023067
1733228223.562462329864502 0.003836 0.002952 0.023677 -0.887136 -0.461027 -0.007242 0.019794
1733228223.662461280822754 0.004747 0.008234 0.022552 -0.887540 -0.460366 -0.003027 0.018106
1733228223.762460231781006 0.000340 0.007888 0.029037 -0.886945 -0.461400 -0.007829 0.019431
1733228223.862459182739258 -0.001703 0.005993 0.033335 -0.886832 -0.461590 -0.011540 0.018168
1733228223.962458133697510 -0.002289 0.003293 0.042501 -0.887056 -0.461047 -0.015456 0.018122
1733228224.062457084655762 -0.005573 0.000178 0.053764 -0.887471 -0.460121 -0.018145 0.018815
1733228224.162456274032593 -0.005552 -0.002164 0.061428 -0.887869 -0.459230 -0.020412 0.019510
1733228224.262454986572266 -0.004960 -0.004654 0.065661 -0.888251 -0.458387 -0.021904 0.020304
1733228224.362453937530518 -0.003732 -0.005684 0.067961 -0.888541 -0.457751 -0.023022 0.020723
1733228224.462452888488770 -0.002305 -0.004766 0.068715 -0.888912 -0.456979 -0.023987 0.020751
1733228224.562451839447021 -0.001283 -0.004060 0.070277 -0.888903 -0.456954 -0.025217 0.020206
1733228224.662450551986694 -0.000589 -0.004030 0.071629 -0.888916 -0.456881 -0.026092 0.020166
1733228224.762449264526367 0.000437 -0.003395 0.072972 -0.888932 -0.456769 -0.027017 0.020785
1733228224.862448453903198 0.000828 -0.002560 0.073690 -0.888710 -0.457135 -0.028080 0.020838
1733228224.962447404861450 0.000709 -0.001658 0.075379 -0.888525 -0.457448 -0.028909 0.020692
1733228225.062446117401123 0.001027 -0.001241 0.075603 -0.888571 -0.457317 -0.029389 0.020929
1733228225.162445068359375 0.001593 -0.001680 0.076272 -0.888482 -0.457468 -0.029424 0.021392
1733228225.262444257736206 0.001911 -0.001785 0.076743 -0.888422 -0.457549 -0.029737 0.021698
1733228225.362443208694458 0.001841 -0.001737 0.076749 -0.888157 -0.458054 -0.029795 0.021822
1733228225.462442159652710 0.002365 -0.001428 0.077362 -0.888127 -0.458101 -0.029776 0.022081
1733228225.562440872192383 0.002936 -0.000596 0.077553 -0.888059 -0.458249 -0.029423 0.022188
1733228225.662439823150635 0.003439 -0.000444 0.077820 -0.888065 -0.458208 -0.029468 0.022738
1733228225.762438774108887 0.003498 -0.000241 0.078194 -0.888038 -0.458233 -0.029570 0.023164
1733228225.862437486648560 0.004419 -0.000619 0.078307 -0.888000 -0.458270 -0.029399 0.024100
1733228225.962436437606812 0.005420 -0.000648 0.078272 -0.887996 -0.458239 -0.029363 0.024877
1733228226.062435388565063 0.006367 -0.000091 0.078370 -0.887880 -0.458423 -0.029407 0.025549
1733228226.162434339523315 0.006897 -0.000189 0.078780 -0.887751 -0.458636 -0.029415 0.026211
1733228226.262433052062988 0.007769 -0.000374 0.079410 -0.887615 -0.458873 -0.029220 0.026859
1733228226.362432003021240 0.008601 0.000193 0.078991 -0.887366 -0.459332 -0.029293 0.027175
1733228226.462431192398071 0.009093 0.000391 0.079754 -0.886907 -0.460212 -0.029065 0.027517
1733228226.562430143356323 0.009920 0.000524 0.079850 -0.886462 -0.461047 -0.028918 0.028003
1733228226.662428855895996 0.010556 0.001180 0.079725 -0.886009 -0.461886 -0.029010 0.028412
1733228226.762428045272827 0.010747 0.001391 0.080744 -0.885513 -0.462832 -0.028969 0.028529
1733228226.862426996231079 0.010669 0.001563 0.080047 -0.885113 -0.463591 -0.028970 0.028617
1733228226.962425708770752 0.010700 0.001756 0.080233 -0.884763 -0.464257 -0.028931 0.028689
1733228227.062424421310425 0.010926 0.001521 0.080681 -0.884488 -0.464774 -0.028789 0.028932
1733228227.162423372268677 0.011073 0.002042 0.080738 -0.884155 -0.465401 -0.028831 0.029014
1733228227.262422323226929 0.011266 0.001558 0.080770 -0.883957 -0.465767 -0.028782 0.029180
1733228227.362421274185181 0.011455 0.001868 0.080490 -0.883727 -0.466184 -0.028827 0.029477
1733228227.462420225143433 0.011795 0.001901 0.080944 -0.883469 -0.466666 -0.028861 0.029533
1733228227.562418937683105 0.012021 0.001375 0.080910 -0.883256 -0.467062 -0.028833 0.029682
1733228227.662418127059937 0.011589 0.001806 0.081033 -0.883136 -0.467285 -0.028892 0.029667
1733228227.762417078018188 0.011849 0.002104 0.081137 -0.882876 -0.467779 -0.028835 0.029690
1733228227.862416028976440 0.011408 0.002275 0.080993 -0.882749 -0.468022 -0.028743 0.029728
1733228227.962414979934692 0.011663 0.001737 0.081146 -0.882646 -0.468210 -0.028637 0.029936
1733228228.062413692474365 0.011776 0.002357 0.081267 -0.882587 -0.468301 -0.028692 0.030170
1733228228.162412643432617 0.019790 0.007908 0.076653 -0.883566 -0.466633 -0.026658 0.029223
1733228228.262411355972290 0.034387 0.021118 0.079840 -0.884502 -0.464836 -0.029286 0.026927
1733228228.362410306930542 0.057876 0.040520 0.080047 -0.885446 -0.463104 -0.029569 0.025431
1733228228.462409257888794 0.086051 0.068022 0.080714 -0.886215 -0.461687 -0.029408 0.024542
1733228228.562408208847046 0.120047 0.104194 0.079383 -0.885864 -0.462034 -0.028296 0.031116
1733228228.662407159805298 0.151535 0.141652 0.066594 -0.885508 -0.462567 -0.029795 0.031929
1733228228.762406349182129 0.174038 0.179115 0.065839 -0.885000 -0.463921 -0.025426 0.030101
1733228228.862405300140381 0.204937 0.217160 0.062009 -0.884155 -0.465665 -0.022675 0.030203
1733228228.962404251098633 0.230249 0.260940 0.060523 -0.884354 -0.465418 -0.021066 0.029326
1733228229.062402963638306 0.260728 0.303354 0.063417 -0.885656 -0.462890 -0.027562 0.024232
1733228229.162401914596558 0.284495 0.343304 0.069307 -0.884100 -0.465923 -0.028311 0.021919
1733228229.262400627136230 0.309534 0.386631 0.075902 -0.879164 -0.475128 -0.029263 0.021625
1733228229.362399578094482 0.334003 0.438457 0.079780 -0.873162 -0.485961 -0.030908 0.021780
1733228229.462398529052734 0.355607 0.488167 0.072385 -0.863784 -0.502189 -0.034107 0.022795
1733228229.562397241592407 0.367275 0.534462 0.071555 -0.851926 -0.522175 -0.031863 0.023251
1733228229.662396192550659 0.380189 0.586011 0.069123 -0.839168 -0.542548 -0.030338 0.022763
1733228229.762395143508911 0.402998 0.645720 0.063571 -0.827460 -0.560431 -0.028199 0.020801
1733228229.862394332885742 0.428025 0.695143 0.064766 -0.827435 -0.560512 -0.029834 0.016960
1733228229.962393283843994 0.454109 0.741275 0.066985 -0.828373 -0.559074 -0.030277 0.017823
1733228230.062392234802246 0.479849 0.789819 0.076218 -0.828934 -0.558039 -0.031730 0.021288
1733228230.162391185760498 0.500432 0.843678 0.071885 -0.827467 -0.559946 -0.034067 0.024450
1733228230.262389898300171 0.517178 0.887581 0.067781 -0.824948 -0.563915 -0.029603 0.024158
1733228230.362388849258423 0.534337 0.933846 0.061172 -0.822541 -0.567659 -0.025234 0.023533
1733228230.462387561798096 0.556715 0.986580 0.053522 -0.820414 -0.570965 -0.020025 0.022800
1733228230.562386512756348 0.584293 1.037303 0.052167 -0.822292 -0.568301 -0.021420 0.020290
1733228230.662385463714600 0.602909 1.080060 0.054712 -0.824470 -0.565225 -0.023039 0.015470
1733228230.762384414672852 0.626591 1.120899 0.057475 -0.827048 -0.561425 -0.024110 0.014584
1733228230.862383365631104 0.650168 1.165136 0.054721 -0.829581 -0.557567 -0.022954 0.019705
1733228230.962382555007935 0.670390 1.217670 0.019412 -0.832733 -0.553336 -0.019360 0.000132
1733228231.062381267547607 0.687512 1.260547 0.006280 -0.833053 -0.553072 -0.011594 0.000253
1733228231.162380218505859 0.703984 1.302245 -0.016732 -0.834901 -0.550372 -0.005435 -0.001233
1733228231.262379169464111 0.719655 1.344203 -0.040028 -0.836953 -0.547269 0.002553 -0.000605
1733228231.362380504608154 0.738067 1.391178 -0.054861 -0.840550 -0.541690 0.000408 -0.006910
1733228231.462379455566406 0.769923 1.427492 -0.051738 -0.844735 -0.535117 0.003402 -0.007779
1733228231.562378168106079 0.801994 1.466047 -0.055352 -0.848457 -0.529207 0.005444 -0.005508
1733228231.662377119064331 0.840338 1.507653 -0.061028 -0.851170 -0.524819 0.006646 -0.005525
1733228231.762376070022583 0.874882 1.549289 -0.073113 -0.851382 -0.524409 0.011494 -0.003566
1733228231.862374782562256 0.908732 1.593913 -0.085311 -0.851181 -0.524559 0.017781 -0.003604
1733228231.962373733520508 0.948358 1.651241 -0.091197 -0.849829 -0.526592 0.021810 -0.003879
1733228232.062372684478760 0.988995 1.702754 -0.094702 -0.850665 -0.525229 0.021762 -0.005566
1733228232.162371635437012 1.018729 1.741607 -0.091117 -0.851240 -0.524220 0.023617 -0.005026
1733228232.262370347976685 1.048030 1.782146 -0.091581 -0.850936 -0.524700 0.024250 -0.003050
1733228232.362369298934937 1.074251 1.832042 -0.098445 -0.850745 -0.524975 0.021783 -0.012634
1733228232.462368249893188 1.095456 1.882752 -0.112174 -0.847537 -0.530009 0.024373 -0.013281
1733228232.562367439270020 1.108716 1.931983 -0.121740 -0.844863 -0.534041 0.026818 -0.016935
1733228232.662366390228271 1.121501 1.981274 -0.133738 -0.842057 -0.538278 0.030711 -0.015956
1733228232.762365341186523 1.133744 2.031942 -0.136698 -0.840951 -0.540517 0.020431 -0.014997
1733228232.862364292144775 1.148067 2.082320 -0.142741 -0.842350 -0.538493 0.012672 -0.017654
1733228232.962363004684448 1.164631 2.133144 -0.137519 -0.841565 -0.539810 0.007924 -0.017655
1733228233.062361717224121 1.180507 2.197447 -0.134394 -0.841208 -0.540386 0.003305 -0.018484
1733228233.162360668182373 1.201104 2.256806 -0.140484 -0.840405 -0.541858 -0.001298 -0.010376
1733228233.262359619140625 1.213644 2.309814 -0.148175 -0.837607 -0.546209 0.001212 -0.008289
1733228233.362358570098877 1.237928 2.363445 -0.156748 -0.834090 -0.551585 0.005735 -0.003851
1733228233.462357521057129 1.271247 2.428171 -0.162940 -0.832039 -0.554651 0.008426 0.001815
1733228233.562356233596802 1.300279 2.481701 -0.158106 -0.833702 -0.552213 0.000196 -0.001053
1733228233.662355422973633 1.325899 2.530013 -0.146811 -0.834018 -0.551724 -0.003670 0.000681
1733228233.762354373931885 1.351192 2.580371 -0.140937 -0.833930 -0.551806 -0.005958 0.005944
1733228233.862353324890137 1.371154 2.626537 -0.142920 -0.832461 -0.553937 -0.010555 0.007205
1733228233.962352275848389 1.394537 2.670355 -0.150443 -0.830539 -0.556833 -0.008667 0.008213
1733228234.062351226806641 1.424155 2.723903 -0.158912 -0.827894 -0.560734 -0.004182 0.012298
1733228234.162349939346313 1.460741 2.785296 -0.158275 -0.826774 -0.562321 -0.010987 0.010875
1733228234.262348651885986 1.489724 2.831851 -0.150503 -0.828374 -0.559890 -0.013083 0.012203
1733228234.362347841262817 1.518740 2.883366 -0.142227 -0.828633 -0.559401 -0.014772 0.014809
1733228234.462346553802490 1.546965 2.943393 -0.145207 -0.830216 -0.556923 -0.017919 0.016065
1733228234.562345504760742 1.573423 2.995268 -0.157613 -0.831532 -0.554949 -0.016624 0.017592
1733228234.662344455718994 1.598111 3.042109 -0.162904 -0.834594 -0.550424 -0.013928 0.017083
1733228234.762343645095825 1.630226 3.095723 -0.165670 -0.837879 -0.545403 -0.009995 0.019850
1733228234.862342596054077 1.672053 3.157891 -0.161760 -0.844619 -0.534816 -0.015524 0.018700
1733228234.962341547012329 1.711898 3.207080 -0.154312 -0.853027 -0.521271 -0.021793 0.012117
1733228235.062340259552002 1.753412 3.255222 -0.158834 -0.859586 -0.510379 -0.022176 0.011536
1733228235.162339210510254 1.796838 3.306339 -0.151796 -0.865989 -0.499216 -0.023936 0.016549
1733228235.262338161468506 1.831162 3.359260 -0.141577 -0.868302 -0.494823 -0.029550 0.018114
1733228235.362337350845337 1.860528 3.410324 -0.133437 -0.866431 -0.498011 -0.028813 0.021280
1733228235.462336301803589 1.891026 3.469107 -0.134904 -0.863024 -0.503948 -0.024190 0.025339
1733228235.562335252761841 1.929062 3.534217 -0.133626 -0.860407 -0.508364 -0.028336 0.021492
1733228235.662333965301514 1.966557 3.593373 -0.131451 -0.862003 -0.505385 -0.034225 0.019123
1733228235.762333154678345 2.003119 3.650714 -0.123227 -0.862001 -0.505332 -0.035213 0.018830
1733228235.862332105636597 2.045029 3.718976 -0.113679 -0.862412 -0.504616 -0.034434 0.020575
1733228235.962330818176270 2.083322 3.794347 -0.121927 -0.860501 -0.507548 -0.036962 0.023809
1733228236.062329769134521 2.116658 3.857175 -0.121927 -0.856916 -0.513695 -0.033756 0.025936
1733228236.162328720092773 2.147705 3.925533 -0.121364 -0.853247 -0.519920 -0.031231 0.026022
1733228236.262327432632446 2.182783 4.000440 -0.120447 -0.849371 -0.526465 -0.027370 0.025594
1733228236.362326383590698 2.222105 4.071773 -0.122523 -0.849672 -0.525934 -0.030453 0.022864
1733228236.462325096130371 2.255609 4.134718 -0.122413 -0.850265 -0.524893 -0.032643 0.021681
1733228236.562324047088623 2.295434 4.203190 -0.115261 -0.850964 -0.523723 -0.032796 0.022329
1733228236.662322759628296 2.331252 4.282211 -0.118794 -0.849646 -0.525660 -0.036749 0.020821
1733228236.762321710586548 2.362514 4.353746 -0.124710 -0.846219 -0.531495 -0.032095 0.019933
1733228236.862320661544800 2.398346 4.416761 -0.114349 -0.842953 -0.536796 -0.029077 0.020860
1733228236.962319374084473 2.430909 4.496508 -0.108963 -0.840232 -0.541275 -0.024833 0.020376
1733228237.062318325042725 2.466732 4.591864 -0.110985 -0.840913 -0.539932 -0.032586 0.016643
1733228237.162317514419556 2.496874 4.662387 -0.123885 -0.841675 -0.538843 -0.032105 0.014146
1733228237.262316226959229 2.526704 4.728648 -0.129127 -0.842481 -0.537745 -0.029125 0.014431
1733228237.362315177917480 2.556316 4.809196 -0.134106 -0.841377 -0.539307 -0.031337 0.015818
1733228237.462314128875732 2.582273 4.877625 -0.139333 -0.838676 -0.543761 -0.026406 0.015781
1733228237.562312841415405 2.610431 4.946723 -0.144204 -0.836646 -0.547074 -0.021987 0.015837
1733228237.662311792373657 2.649980 5.025730 -0.142648 -0.835257 -0.549288 -0.018987 0.016355
1733228237.762310504913330 2.692612 5.097527 -0.145855 -0.839661 -0.542483 -0.023539 0.011306
1733228237.862309455871582 2.733937 5.158699 -0.132408 -0.844941 -0.534218 -0.023467 0.011603
1733228237.962308168411255 2.785482 5.230011 -0.130146 -0.850170 -0.525919 -0.021142 0.013177
1733228238.062307119369507 2.826955 5.300954 -0.146101 -0.852144 -0.522521 -0.024133 0.015478
1733228238.162306070327759 2.869362 5.357444 -0.159398 -0.853138 -0.521038 -0.017164 0.019510
1733228238.262304782867432 2.916900 5.422270 -0.178284 -0.854001 -0.519670 -0.009715 0.023035
1733228238.362303733825684 2.972637 5.500701 -0.167697 -0.853336 -0.520513 -0.016416 0.024807
1733228238.462302923202515 3.012194 5.559333 -0.147162 -0.854162 -0.519134 -0.019804 0.022693
1733228238.562301635742188 3.062499 5.623654 -0.134784 -0.852508 -0.521932 -0.020353 0.020073
1733228238.662300586700439 3.108855 5.696659 -0.137519 -0.850118 -0.525536 -0.027743 0.018511
1733228238.762299537658691 3.153075 5.766410 -0.142347 -0.848812 -0.527751 -0.025256 0.018968
1733228238.862298488616943 3.189802 5.833667 -0.154358 -0.847456 -0.530100 -0.020788 0.019495
1733228238.962297201156616 3.237489 5.914960 -0.150269 -0.846092 -0.532192 -0.021972 0.020430
1733228239.062295913696289 3.280850 5.993461 -0.149318 -0.848785 -0.527922 -0.023211 0.018000
1733228239.162294864654541 3.313964 6.065771 -0.142972 -0.849474 -0.526804 -0.023969 0.017204
1733228239.262293577194214 3.342467 6.144480 -0.143618 -0.849247 -0.527209 -0.026351 0.011619
1733228239.362292528152466 3.364041 6.217733 -0.154090 -0.845744 -0.532763 -0.027835 0.010295
1733228239.462291479110718 3.390627 6.287705 -0.161566 -0.842709 -0.537756 -0.023108 0.011250
1733228239.562290191650391 3.424814 6.365389 -0.163834 -0.841298 -0.540069 -0.019419 0.012861
1733228239.662289142608643 3.463525 6.440439 -0.165721 -0.844874 -0.534389 -0.021056 0.013149
1733228239.762288093566895 3.502460 6.508388 -0.161376 -0.849341 -0.527373 -0.019762 0.010313
1733228239.862287282943726 3.544165 6.581486 -0.167102 -0.852574 -0.522065 -0.020249 0.012463
1733228239.962285995483398 3.579303 6.648276 -0.175453 -0.852636 -0.521852 -0.022917 0.012560
1733228240.062284946441650 3.611136 6.699904 -0.180248 -0.853743 -0.520195 -0.017407 0.014709
1733228240.162283897399902 3.661565 6.780336 -0.180021 -0.856950 -0.514815 -0.018026 0.016638
1733228240.262282609939575 3.718032 6.855650 -0.174852 -0.862793 -0.504770 -0.020459 0.019444
1733228240.362281322479248 3.760449 6.921016 -0.170838 -0.867526 -0.496653 -0.020386 0.017869
1733228240.462280273437500 3.801264 6.996507 -0.175362 -0.870991 -0.490627 -0.023134 0.011181
1733228240.562278985977173 3.836138 7.059803 -0.179035 -0.871554 -0.489696 -0.021933 0.010513
1733228240.662277936935425 3.872199 7.119844 -0.228246 -0.872066 -0.489051 -0.014271 0.011266
1733228240.762276887893677 3.910334 7.184768 -0.241479 -0.872672 -0.487799 -0.014622 0.016822
1733228240.862275838851929 3.950400 7.251771 -0.230538 -0.874481 -0.484495 -0.017707 0.015308
1733228240.962275028228760 3.986780 7.314852 -0.189328 -0.874612 -0.484205 -0.021781 0.011141
1733228241.062273740768433 4.031338 7.395403 -0.160383 -0.874440 -0.484470 -0.023029 0.010625
1733228241.162272691726685 4.069952 7.470866 -0.183438 -0.871100 -0.490505 -0.021056 0.012077
1733228241.262271404266357 4.105841 7.535347 -0.199557 -0.867210 -0.497491 -0.015545 0.014425
1733228241.362270355224609 4.149574 7.612720 -0.207916 -0.864449 -0.502295 -0.015264 0.013962
1733228241.462269306182861 4.198636 7.681235 -0.209122 -0.867643 -0.496791 -0.014357 0.013718
1733228241.562268018722534 4.237722 7.743939 -0.208770 -0.870110 -0.492465 -0.016383 0.010871
1733228241.662266731262207 4.279928 7.819644 -0.207516 -0.871336 -0.490248 -0.017346 0.011413
1733228241.762265682220459 4.319220 7.896291 -0.210794 -0.868218 -0.495617 -0.020197 0.012395
1733228241.862264633178711 4.354172 7.962859 -0.206452 -0.865537 -0.500382 -0.016210 0.014148
1733228241.962263584136963 4.394862 8.032479 -0.204973 -0.863610 -0.503744 -0.015068 0.013873
1733228242.062262296676636 4.441936 8.109775 -0.192378 -0.865188 -0.500542 -0.026576 0.014215
1733228242.162261247634888 4.485169 8.182819 -0.181165 -0.865405 -0.500021 -0.029103 0.014329
1733228242.262259960174561 4.526437 8.255668 -0.175287 -0.865081 -0.500556 -0.029540 0.014318
1733228242.362260818481445 4.566938 8.338744 -0.178570 -0.862107 -0.505026 -0.035817 0.020906
1733228242.462259769439697 4.593139 8.393752 -0.182876 -0.857722 -0.512489 -0.033155 0.023845
1733228242.562258481979370 4.625269 8.462025 -0.184113 -0.853385 -0.519825 -0.030314 0.024456
1733228242.662257432937622 4.667041 8.541277 -0.181091 -0.849382 -0.526317 -0.030981 0.024104
1733228242.762256383895874 4.705429 8.607521 -0.182102 -0.850112 -0.525167 -0.033763 0.019216
1733228242.862255573272705 4.740583 8.666550 -0.171922 -0.850579 -0.524296 -0.035917 0.018414
1733228242.962254285812378 4.785214 8.741796 -0.161589 -0.851537 -0.522797 -0.033758 0.020693
1733228243.062253236770630 4.826419 8.832011 -0.176839 -0.849567 -0.525833 -0.036837 0.019483
1733228243.162252187728882 4.859098 8.900259 -0.186198 -0.844109 -0.534877 -0.030145 0.021877
1733228243.262250900268555 4.897849 8.978436 -0.191083 -0.839279 -0.542723 -0.024307 0.021726
1733228243.362249851226807 4.949617 9.075932 -0.181128 -0.836911 -0.546344 -0.026973 0.018968
1733228243.462248563766479 4.989498 9.147188 -0.171709 -0.840130 -0.541027 -0.035089 0.015519
1733228243.562247276306152 5.038866 9.234621 -0.165807 -0.842212 -0.537853 -0.034152 0.015061
1733228243.662246227264404 5.090532 9.329446 -0.163607 -0.843329 -0.536087 -0.033552 0.016748
1733228243.762245178222656 5.124513 9.405054 -0.180494 -0.841558 -0.539078 -0.029540 0.017391
1733228243.862244129180908 5.153967 9.470982 -0.184746 -0.839400 -0.542682 -0.024767 0.017030
1733228243.962242841720581 5.193644 9.558429 -0.178520 -0.837883 -0.545146 -0.024609 0.012748
1733228244.062241792678833 5.234390 9.636186 -0.185188 -0.841840 -0.538795 -0.029995 0.010304
1733228244.162240982055664 5.270396 9.713408 -0.179969 -0.844830 -0.534128 -0.030110 0.007943
1733228244.262239694595337 5.307884 9.805091 -0.181412 -0.846544 -0.531232 -0.033551 0.005447
1733228244.362238645553589 5.332055 9.876662 -0.186967 -0.845000 -0.533625 -0.034477 0.005462
1733228244.462237596511841 5.363865 9.948751 -0.192237 -0.842970 -0.537129 -0.029296 0.005897
1733228244.562236309051514 5.403839 10.028735 -0.186965 -0.843141 -0.536921 -0.028059 0.006471
1733228244.662235260009766 5.454685 10.115605 -0.182257 -0.849561 -0.526387 -0.033496 0.006350
1733228244.762233972549438 5.493804 10.182062 -0.178150 -0.855380 -0.516733 -0.035752 0.005833
1733228244.862232685089111 5.531228 10.257119 -0.183114 -0.859868 -0.509424 -0.033114 0.004244
1733228244.962231636047363 5.571311 10.339619 -0.193066 -0.858419 -0.512036 -0.030070 0.005665
1733228245.062230587005615 5.601730 10.392455 -0.193309 -0.855856 -0.516474 -0.026529 0.007820
1733228245.162229299545288 5.650959 10.464710 -0.197496 -0.854795 -0.518449 -0.021614 0.008268
1733228245.262228250503540 5.692703 10.520790 -0.191579 -0.858603 -0.512116 -0.021909 0.007616
1733228245.362227201461792 5.735351 10.587831 -0.187794 -0.860491 -0.508978 -0.020276 0.009200
1733228245.462225914001465 5.775658 10.667822 -0.189626 -0.861285 -0.507570 -0.022413 0.007667
1733228245.562225103378296 5.822917 10.744529 -0.198737 -0.858687 -0.512092 -0.017986 0.009743
1733228245.662224054336548 5.873725 10.826079 -0.206971 -0.857129 -0.514770 -0.013984 0.012083
1733228245.762223005294800 5.929455 10.907874 -0.208059 -0.858521 -0.512406 -0.014509 0.013104
1733228245.862221717834473 5.980221 10.972476 -0.210115 -0.861655 -0.507185 -0.011712 0.013306
1733228245.962220668792725 6.032254 11.048065 -0.209652 -0.863412 -0.504192 -0.012103 0.012760
1733228246.062219381332397 6.076737 11.118637 -0.208869 -0.864113 -0.502623 -0.018376 0.018499
1733228246.162218093872070 6.110449 11.175519 -0.216184 -0.862526 -0.505235 -0.017379 0.022020
1733228246.262217044830322 6.153237 11.249076 -0.219375 -0.860511 -0.508738 -0.017243 0.020237
1733228246.362216472625732 6.209504 11.333239 -0.200358 -0.862064 -0.506061 -0.020553 0.018058
1733228246.462215423583984 6.248949 11.409892 -0.196274 -0.862657 -0.504916 -0.023543 0.018110
1733228246.562214612960815 6.281211 11.499519 -0.197976 -0.861896 -0.506222 -0.026032 0.013992
1733228246.662213325500488 6.307696 11.569536 -0.202018 -0.858465 -0.511649 -0.031229 0.016660
1733228246.762212276458740 6.334337 11.633873 -0.198026 -0.854376 -0.518587 -0.028208 0.017683
1733228246.862211227416992 6.374242 11.712185 -0.226051 -0.850302 -0.525465 -0.024298 0.016798
1733228246.962210178375244 6.413548 11.779122 -0.184076 -0.850991 -0.524007 -0.029374 0.019196
1733228247.062208890914917 6.449734 11.837538 -0.190737 -0.852735 -0.521179 -0.031348 0.015264
1733228247.162207603454590 6.488902 11.906927 -0.171717 -0.853087 -0.520685 -0.028762 0.017391
1733228247.262206554412842 6.534004 12.001652 -0.169623 -0.851976 -0.522581 -0.029444 0.013373
1733228247.362205266952515 6.570033 12.073285 -0.165726 -0.849169 -0.527318 -0.024938 0.014993
1733228247.462204217910767 6.610652 12.153598 -0.165790 -0.845172 -0.533815 -0.022315 0.015109
1733228247.562203168869019 6.658922 12.232326 -0.170770 -0.844637 -0.534624 -0.025126 0.011562
1733228247.662201881408691 6.694925 12.301902 -0.170417 -0.847825 -0.529305 -0.030723 0.009247
1733228247.762200832366943 6.724910 12.365607 -0.165952 -0.848788 -0.527671 -0.031980 0.009955
1733228247.862200021743774 6.748150 12.443234 -0.166562 -0.848593 -0.527818 -0.031765 0.016987
1733228247.962198972702026 6.775917 12.526352 -0.172259 -0.845556 -0.532557 -0.033867 0.016481
1733228248.062197685241699 6.798058 12.597694 -0.176842 -0.842484 -0.537497 -0.032520 0.016121
1733228248.162196636199951 6.826589 12.678402 -0.178821 -0.839313 -0.542631 -0.029558 0.015241
1733228248.262195587158203 6.857880 12.756718 -0.171084 -0.839667 -0.541340 -0.040209 0.017119
1733228248.362194299697876 6.898336 12.840475 -0.166875 -0.841039 -0.538949 -0.043810 0.016351
1733228248.462193012237549 6.935186 12.917481 -0.161704 -0.842110 -0.537218 -0.044717 0.015724
1733228248.562191963195801 6.979342 13.008939 -0.168496 -0.845141 -0.532276 -0.046842 0.014972
1733228248.662190675735474 7.018941 13.083675 -0.181012 -0.847521 -0.528851 -0.041648 0.017013
1733228248.762189626693726 7.065338 13.147345 -0.178405 -0.850639 -0.524178 -0.035450 0.019860
1733228248.862188577651978 7.117719 13.212237 -0.171540 -0.855846 -0.515740 -0.034039 0.019525
1733228248.962187528610229 7.168693 13.268965 -0.173902 -0.865541 -0.499250 -0.035646 0.017822
1733228249.062186241149902 7.230086 13.336421 -0.168572 -0.874262 -0.483934 -0.034029 0.017759
1733228249.162185430526733 7.275257 13.381804 -0.167147 -0.881738 -0.470201 -0.030308 0.023048
1733228249.262184381484985 7.326312 13.458277 -0.169784 -0.881292 -0.470425 -0.030216 0.033335
1733228249.362183094024658 7.376536 13.519618 -0.183121 -0.877497 -0.478010 -0.022537 0.031582
1733228249.462182044982910 7.435040 13.600251 -0.178386 -0.878274 -0.477055 -0.020879 0.024852
1733228249.562180995941162 7.478256 13.663844 -0.185594 -0.880119 -0.473710 -0.022662 0.021802
1733228249.662179708480835 7.529317 13.733094 -0.182251 -0.880575 -0.472793 -0.020806 0.024932
1733228249.762178421020508 7.567426 13.807644 -0.168989 -0.879263 -0.475077 -0.019253 0.028773
1733228249.862177371978760 7.598597 13.858329 -0.181049 -0.875245 -0.482577 -0.015575 0.028687
1733228249.962176322937012 7.641912 13.926585 -0.194613 -0.872820 -0.487178 -0.016528 0.023864
1733228250.062175035476685 7.692525 14.000113 -0.198437 -0.872864 -0.487360 -0.011835 0.021194
1733228250.162173986434937 7.730154 14.067373 -0.194970 -0.873820 -0.485552 -0.016290 0.020304
1733228250.262172937393188 7.771841 14.148741 -0.188808 -0.873698 -0.485723 -0.017141 0.020760
1733228250.362171649932861 7.815483 14.231663 -0.191851 -0.871878 -0.488583 -0.019456 0.027142
1733228250.462170839309692 7.849227 14.304484 -0.189254 -0.869317 -0.493022 -0.022297 0.026835
1733228250.562169790267944 7.887945 14.377013 -0.186822 -0.865998 -0.498926 -0.019437 0.027258
1733228250.662168502807617 7.940297 14.463785 -0.178532 -0.864677 -0.500929 -0.029377 0.023259
1733228250.762167453765869 7.983072 14.535266 -0.173474 -0.864955 -0.500231 -0.033350 0.022559
1733228250.862166404724121 8.026037 14.605596 -0.166248 -0.864522 -0.501036 -0.032274 0.022854
1733228250.962165117263794 8.068995 14.688120 -0.167034 -0.862994 -0.503322 -0.034696 0.026544
1733228251.062164068222046 8.107767 14.757082 -0.174685 -0.860515 -0.507772 -0.030423 0.027499
1733228251.162162780761719 8.146394 14.829219 -0.179021 -0.858199 -0.511884 -0.026659 0.027548
1733228251.262161731719971 8.193799 14.909964 -0.176153 -0.856037 -0.515660 -0.026821 0.024005
1733228251.362160444259644 8.237863 14.984698 -0.170030 -0.857762 -0.512472 -0.033080 0.022871
1733228251.462159395217896 8.283721 15.057542 -0.164803 -0.858456 -0.511189 -0.034687 0.023139
1733228251.562158346176147 8.327189 15.136892 -0.159425 -0.858642 -0.510785 -0.035126 0.024466
1733228251.662157058715820 8.371055 15.232328 -0.167412 -0.856612 -0.513714 -0.040589 0.025802
1733228251.762156248092651 8.403092 15.301830 -0.171563 -0.853891 -0.518560 -0.036007 0.025883
1733228251.862155199050903 8.425014 15.354749 -0.174813 -0.851173 -0.523314 -0.032302 0.024582
1733228251.962154150009155 8.458798 15.429144 -0.169090 -0.849262 -0.526137 -0.036819 0.024040
1733228252.062152862548828 8.495299 15.497532 -0.164147 -0.851195 -0.522792 -0.040856 0.022045
1733228252.162151813507080 8.526091 15.557507 -0.158707 -0.851790 -0.521971 -0.039714 0.020591
1733228252.262150526046753 8.575102 15.651610 -0.153159 -0.852153 -0.521459 -0.038019 0.021698
1733228252.362149238586426 8.605726 15.729432 -0.166354 -0.849484 -0.525730 -0.039455 0.020685
1733228252.462148189544678 8.640153 15.798656 -0.169283 -0.845811 -0.531909 -0.034150 0.022567
1733228252.562147140502930 8.655322 15.835141 -0.173719 -0.842230 -0.537928 -0.028866 0.021182
1733228252.662145853042603 8.694560 15.900580 -0.172008 -0.842433 -0.537568 -0.031826 0.017733
1733228252.762144804000854 8.733315 15.963434 -0.220764 -0.845443 -0.532860 -0.032086 0.016005
1733228252.862143754959106 8.784413 16.035533 -0.221174 -0.847456 -0.529771 -0.029173 0.017588
1733228252.962142944335938 8.834256 16.115825 -0.219967 -0.847844 -0.528816 -0.032319 0.021646
1733228253.062141656875610 8.878407 16.192680 -0.230036 -0.844973 -0.533383 -0.030182 0.024757
1733228253.162140607833862 8.923738 16.273713 -0.237087 -0.842267 -0.537782 -0.025657 0.026795
1733228253.262139558792114 8.967152 16.358145 -0.239114 -0.839089 -0.542969 -0.022479 0.024686
1733228253.362138271331787 9.013497 16.431324 -0.235754 -0.841953 -0.538407 -0.024218 0.025446
1733228253.462137222290039 9.056420 16.507633 -0.233591 -0.845346 -0.533074 -0.026034 0.023322
1733228253.562135934829712 9.105487 16.594500 -0.229202 -0.847479 -0.529666 -0.024333 0.025311
1733228253.662134647369385 9.144597 16.685541 -0.237519 -0.844708 -0.533621 -0.031337 0.027102
1733228253.762133598327637 9.171746 16.752373 -0.244126 -0.838897 -0.543027 -0.026768 0.025629
1733228253.862132549285889 9.206947 16.829253 -0.251133 -0.835158 -0.549063 -0.021395 0.024138
1733228253.962131261825562 9.255139 16.915847 -0.250097 -0.835036 -0.549367 -0.021922 0.020762
1733228254.062130212783813 9.300251 16.996484 -0.246601 -0.839142 -0.543016 -0.024236 0.019671
1733228254.162129163742065 9.356784 17.090329 -0.244149 -0.841877 -0.538712 -0.022864 0.022587
1733228254.262128353118896 9.400151 17.182403 -0.244522 -0.842573 -0.537395 -0.025974 0.024549
1733228254.362127065658569 9.435739 17.264083 -0.255903 -0.838418 -0.543749 -0.025562 0.027193
1733228254.462126016616821 9.469074 17.342158 -0.259486 -0.834686 -0.549519 -0.022536 0.028652
1733228254.562124967575073 9.504745 17.421764 -0.256778 -0.830748 -0.555514 -0.024826 0.025385
1733228254.662123680114746 9.536448 17.490155 -0.245044 -0.831765 -0.553666 -0.032656 0.023563
1733228254.762122631072998 9.553642 17.544953 -0.237317 -0.832441 -0.552688 -0.034562 0.019590
1733228254.862121343612671 9.575512 17.613696 -0.233095 -0.832528 -0.552694 -0.033807 0.016851
1733228254.962120056152344 9.599033 17.695413 -0.240095 -0.829342 -0.557007 -0.038858 0.020606
1733228255.062119007110596 9.607496 17.743132 -0.249625 -0.825249 -0.563136 -0.036987 0.021761
1733228255.162117958068848 9.627806 17.807013 -0.273768 -0.821031 -0.569493 -0.035848 0.017348
1733228255.262116670608521 9.659004 17.893905 -0.271074 -0.818219 -0.573646 -0.033609 0.017862
1733228255.362115621566772 9.689516 17.966049 -0.265807 -0.820367 -0.570441 -0.037308 0.014247
1733228255.462114572525024 9.722580 18.053099 -0.263561 -0.822099 -0.568167 -0.034547 0.012083
1733228255.562113285064697 9.757659 18.134418 -0.261647 -0.821930 -0.568472 -0.033478 0.012225
1733228255.662112474441528 9.784017 18.215650 -0.270379 -0.817484 -0.574561 -0.036297 0.016771
1733228255.762111425399780 9.806831 18.283556 -0.269095 -0.811778 -0.582783 -0.031731 0.019315
1733228255.862110376358032 9.826858 18.359346 -0.273377 -0.806328 -0.590617 -0.027515 0.015802
1733228255.962109088897705 9.864753 18.448175 -0.275184 -0.806599 -0.590267 -0.027267 0.015468
1733228256.062108039855957 9.889826 18.523921 -0.275348 -0.810665 -0.584615 -0.030270 0.011410
1733228256.162106990814209 9.918386 18.605418 -0.275963 -0.812371 -0.582262 -0.029763 0.011770
1733228256.262105464935303 9.936876 18.693433 -0.285240 -0.809778 -0.585677 -0.031882 0.015015
1733228256.362104415893555 9.963596 18.776206 -0.292516 -0.804978 -0.592420 -0.027502 0.017096
1733228256.462103366851807 9.990473 18.859438 -0.299547 -0.802728 -0.595654 -0.023318 0.016747
1733228256.562102079391479 10.034639 18.955776 -0.298186 -0.806139 -0.590950 -0.025393 0.016530
1733228256.662101030349731 10.062518 19.026359 -0.296151 -0.812056 -0.582789 -0.027453 0.012964
1733228256.762099981307983 10.094865 19.100188 -0.291893 -0.816555 -0.576606 -0.023868 0.013936
1733228256.862099170684814 10.115456 19.181767 -0.298947 -0.817102 -0.575774 -0.024519 0.015079
1733228256.962097883224487 10.139742 19.254634 -0.301908 -0.814413 -0.579775 -0.020188 0.013569
1733228257.062096834182739 10.164104 19.333826 -0.309148 -0.813555 -0.581142 -0.015632 0.012554
1733228257.162095785140991 10.200712 19.412601 -0.304147 -0.814641 -0.579312 -0.022992 0.015155
1733228257.262094497680664 10.224992 19.469897 -0.297811 -0.819431 -0.572427 -0.026457 0.012656
1733228257.362093448638916 10.259772 19.538112 -0.293265 -0.822991 -0.567346 -0.025468 0.012456
1733228257.462092399597168 10.292704 19.613058 -0.287998 -0.824899 -0.564220 -0.027709 0.020734
1733228257.562090873718262 10.327014 19.676101 -0.296473 -0.824517 -0.564609 -0.027925 0.024665
1733228257.662089824676514 10.367392 19.744787 -0.302286 -0.827442 -0.560397 -0.022597 0.027994
1733228257.762088537216187 10.438896 19.862326 -0.305396 -0.830737 -0.555492 -0.023272 0.027631
1733228257.862087726593018 10.488304 19.938919 -0.298351 -0.837180 -0.545584 -0.024900 0.029132
1733228257.962086439132690 10.539770 20.021910 -0.292001 -0.844266 -0.534648 -0.026345 0.025913
1733228258.062085390090942 10.597849 20.116438 -0.284745 -0.851327 -0.523365 -0.025230 0.026348
1733228258.162084341049194 10.642251 20.194788 -0.294627 -0.853466 -0.519521 -0.028484 0.029705
1733228258.262083292007446 10.689085 20.276305 -0.308055 -0.855262 -0.516609 -0.025210 0.031725
1733228258.362082242965698 10.723447 20.345888 -0.311639 -0.854963 -0.517229 -0.021616 0.032328
1733228258.462081193923950 10.765362 20.426578 -0.305529 -0.853465 -0.519506 -0.026150 0.032048
1733228258.562079906463623 10.803889 20.490814 -0.300577 -0.854854 -0.517118 -0.027361 0.032641
1733228258.662078857421875 10.839261 20.545377 -0.294797 -0.855771 -0.515729 -0.026348 0.031386
1733228258.762077808380127 10.883874 20.619968 -0.287885 -0.856013 -0.515391 -0.025985 0.030655
1733228258.862076520919800 10.925225 20.703844 -0.298040 -0.853912 -0.518944 -0.028483 0.026842
1733228258.962075471878052 10.971449 20.785375 -0.303002 -0.850795 -0.524296 -0.023251 0.026847
1733228259.062074184417725 11.014669 20.857582 -0.304898 -0.847494 -0.529934 -0.017794 0.024645
1733228259.162073135375977 11.060790 20.925423 -0.299033 -0.848166 -0.528528 -0.028172 0.021872
1733228259.262071847915649 11.094678 20.984403 -0.290535 -0.850958 -0.523915 -0.031077 0.020420
1733228259.362070798873901 11.125673 21.052288 -0.284737 -0.851743 -0.522773 -0.029822 0.018786
1733228259.462069749832153 11.161803 21.139153 -0.294876 -0.850085 -0.525172 -0.033025 0.021443
1733228259.562068700790405 11.190860 21.211788 -0.299623 -0.846520 -0.531121 -0.029002 0.021737
1733228259.662067651748657 11.238665 21.301057 -0.302437 -0.842681 -0.537535 -0.021365 0.022106
1733228259.762066602706909 11.276105 21.373158 -0.295584 -0.841154 -0.539503 -0.028936 0.023649
1733228259.862065553665161 11.310537 21.429283 -0.291062 -0.843030 -0.536477 -0.031954 0.021701
1733228259.962064504623413 11.354927 21.498327 -0.289227 -0.844387 -0.534489 -0.030087 0.020677
1733228260.062063217163086 11.408809 21.582699 -0.282544 -0.844666 -0.533869 -0.030115 0.024818
1733228260.162061929702759 11.446409 21.656481 -0.295072 -0.841424 -0.539028 -0.030852 0.022404
1733228260.262060642242432 11.492542 21.744606 -0.300329 -0.838261 -0.544161 -0.026655 0.022280
1733228260.362059593200684 11.536802 21.828783 -0.300622 -0.835543 -0.548240 -0.030164 0.019749
1733228260.462058544158936 11.584405 21.916047 -0.296501 -0.837222 -0.545406 -0.036165 0.016860
1733228260.562057256698608 11.621263 21.996771 -0.290277 -0.837826 -0.544537 -0.035233 0.016896
1733228260.662056207656860 11.659063 22.086602 -0.293820 -0.837263 -0.545598 -0.032159 0.016706
1733228260.762055158615112 11.689844 22.159122 -0.302089 -0.833672 -0.551174 -0.030191 0.016948
1733228260.862054347991943 11.710607 22.218357 -0.314041 -0.831097 -0.555279 -0.023424 0.019856
1733228260.962053060531616 11.780715 22.349026 -0.313843 -0.829235 -0.558062 -0.025073 0.017555
1733228261.062052011489868 11.836292 22.443281 -0.317100 -0.832483 -0.553126 -0.026603 0.017747
1733228261.162050962448120 11.888421 22.543546 -0.311954 -0.836056 -0.547764 -0.027100 0.015196
1733228261.262049674987793 11.936917 22.637844 -0.309400 -0.837289 -0.545806 -0.028055 0.016007
1733228261.362048625946045 11.971144 22.727787 -0.298445 -0.835058 -0.549161 -0.028496 0.016964
1733228261.462047338485718 11.998253 22.787851 -0.306331 -0.833306 -0.551954 -0.024747 0.018322
1733228261.562046051025391 12.036400 22.866326 -0.302043 -0.832021 -0.553667 -0.027112 0.021443
1733228261.662045001983643 12.079854 22.931058 -0.303175 -0.833700 -0.550950 -0.026627 0.026238
1733228261.762043952941895 12.113557 22.982425 -0.301130 -0.837931 -0.544565 -0.028747 0.022204
1733228261.862042903900146 12.162096 23.055628 -0.299301 -0.841335 -0.539402 -0.027803 0.020674
1733228261.962041616439819 12.205325 23.132349 -0.309842 -0.841148 -0.539267 -0.032429 0.024684
1733228262.062040567398071 12.232876 23.182748 -0.318566 -0.840757 -0.540221 -0.025772 0.024976
1733228262.162039756774902 12.289692 23.283385 -0.322866 -0.840602 -0.540358 -0.027407 0.025514
1733228262.262038469314575 12.344716 23.360131 -0.319549 -0.846672 -0.530878 -0.029455 0.021171
1733228262.362035036087036 12.387443 23.420817 -0.312484 -0.851842 -0.522641 -0.027690 0.021097
1733228262.462033748626709 12.432097 23.494826 -0.309298 -0.856082 -0.515872 -0.023799 0.020812
1733228262.562032699584961 12.463310 23.566430 -0.315978 -0.856004 -0.516115 -0.024429 0.016890
1733228262.662031412124634 12.503803 23.639584 -0.319198 -0.855933 -0.516346 -0.022137 0.016601
1733228262.762030363082886 12.539734 23.703185 -0.320451 -0.857439 -0.514070 -0.016059 0.016530
1733228262.862029314041138 12.581751 23.770007 -0.308762 -0.860521 -0.508251 -0.029605 0.017571
1733228262.962028503417969 12.621099 23.834097 -0.304120 -0.861511 -0.506260 -0.033622 0.019191
1733228263.062027454376221 12.659991 23.894564 -0.297420 -0.862042 -0.505434 -0.031749 0.020297
1733228263.162026166915894 12.710952 23.985637 -0.294477 -0.861915 -0.505505 -0.031027 0.024586
1733228263.262025117874146 12.763649 24.074716 -0.301690 -0.858177 -0.511432 -0.034127 0.028364
1733228263.362024068832397 12.809392 24.145489 -0.301940 -0.855146 -0.516703 -0.029076 0.029974
1733228263.462022781372070 12.877501 24.236851 -0.299275 -0.852760 -0.520915 -0.025613 0.028146
1733228263.562021493911743 12.920415 24.297418 -0.291501 -0.853518 -0.519616 -0.027467 0.027412
1733228263.662020206451416 12.951167 24.342928 -0.280976 -0.853133 -0.520302 -0.027582 0.026239
1733228263.762019157409668 12.997252 24.414201 -0.272780 -0.852493 -0.521231 -0.031669 0.023903
1733228263.862018108367920 13.032958 24.480577 -0.277229 -0.850549 -0.524520 -0.029788 0.023609
1733228263.962017059326172 13.068059 24.548909 -0.279136 -0.849028 -0.527113 -0.027907 0.022913
1733228264.062016010284424 13.110368 24.624313 -0.274344 -0.847090 -0.530400 -0.023731 0.023497
1733228264.162014722824097 13.147622 24.693826 -0.273412 -0.849488 -0.526072 -0.032579 0.023616
1733228264.262013912200928 13.175374 24.752674 -0.266776 -0.851981 -0.521991 -0.035303 0.020204
1733228264.362012863159180 13.217838 24.841368 -0.263561 -0.853551 -0.519555 -0.033253 0.020210
1733228264.462011575698853 13.251970 24.922615 -0.267965 -0.853087 -0.520049 -0.035972 0.022302
1733228264.562010526657104 13.288886 24.998036 -0.270039 -0.851097 -0.523411 -0.033787 0.023083
1733228264.662009477615356 13.337509 25.085819 -0.274110 -0.850987 -0.523841 -0.028509 0.024460
1733228264.762008190155029 13.389999 25.171935 -0.269042 -0.853333 -0.519710 -0.034863 0.022560
1733228264.862006902694702 13.436520 25.245907 -0.266771 -0.857421 -0.512643 -0.041141 0.018270
1733228264.962005853652954 13.478569 25.299174 -0.264324 -0.860721 -0.507180 -0.040398 0.017190
1733228265.062004804611206 13.529732 25.380339 -0.267393 -0.863744 -0.502373 -0.036802 0.014630
1733228265.162003517150879 13.560269 25.433359 -0.279580 -0.863974 -0.502239 -0.033300 0.014030
1733228265.262002468109131 13.596258 25.485353 -0.290635 -0.863020 -0.504238 -0.026196 0.015946
1733228265.362001419067383 13.639554 25.548118 -0.294806 -0.861969 -0.506263 -0.022321 0.014476
1733228265.462000131607056 13.681453 25.602802 -0.294074 -0.864773 -0.501142 -0.027852 0.015775
1733228265.561999320983887 13.728893 25.670949 -0.290487 -0.867831 -0.495880 -0.028526 0.012613
1733228265.661998271942139 13.788422 25.754941 -0.288635 -0.869434 -0.493135 -0.027139 0.012868
1733228265.761996984481812 13.837247 25.838262 -0.294189 -0.868643 -0.494494 -0.028116 0.011996
1733228265.861995935440063 13.871690 25.897933 -0.304059 -0.864875 -0.501334 -0.023526 0.010117
1733228265.961994886398315 13.905322 25.960029 -0.312977 -0.861697 -0.506971 -0.018726 0.010429
1733228266.061993598937988 13.950973 26.031640 -0.308285 -0.860348 -0.509161 -0.021502 0.009742
1733228266.161992311477661 13.988985 26.093252 -0.302914 -0.861472 -0.507176 -0.023994 0.007884
1733228266.261991262435913 14.026738 26.153023 -0.280356 -0.861599 -0.506938 -0.023693 0.010015
1733228266.361990451812744 14.070910 26.234512 -0.276324 -0.860461 -0.508738 -0.022660 0.016703
1733228266.461989164352417 14.112861 26.314922 -0.285011 -0.855237 -0.517402 -0.021410 0.020186
1733228266.561988115310669 14.154071 26.385763 -0.286492 -0.850482 -0.525239 -0.017905 0.021994
1733228266.661987066268921 14.213378 26.476749 -0.281360 -0.848136 -0.529125 -0.018352 0.018867
1733228266.761986255645752 14.266839 26.560612 -0.278221 -0.850657 -0.524960 -0.022861 0.016658
1733228266.861985206604004 14.308098 26.639661 -0.275001 -0.851857 -0.522986 -0.022712 0.017588
1733228266.961984157562256 14.338592 26.721633 -0.278198 -0.851579 -0.523158 -0.024423 0.022853
1733228267.061982870101929 14.370342 26.784878 -0.286086 -0.848522 -0.528103 -0.023353 0.023908
1733228267.161981821060181 14.394297 26.850912 -0.291796 -0.846288 -0.531764 -0.020078 0.024914
1733228267.261980533599854 14.431195 26.934653 -0.288677 -0.843853 -0.535637 -0.020565 0.024115
1733228267.361979484558105 14.473410 27.022241 -0.286696 -0.845436 -0.532914 -0.026030 0.023744
1733228267.461978435516357 14.484962 27.057943 -0.277516 -0.845787 -0.532397 -0.027438 0.021085
1733228267.561977148056030 14.516923 27.147426 -0.276245 -0.845366 -0.533170 -0.026362 0.019762
1733228267.661976099014282 14.547976 27.240804 -0.280160 -0.842973 -0.536797 -0.028588 0.020671
1733228267.761975049972534 14.562571 27.296914 -0.284568 -0.838877 -0.543278 -0.025721 0.021748
1733228267.861974239349365 14.583495 27.360679 -0.287065 -0.833840 -0.551182 -0.021628 0.021029
1733228267.961973190307617 14.620322 27.447855 -0.279365 -0.830331 -0.556108 -0.028402 0.022080
1733228268.061972141265869 14.658279 27.529157 -0.272636 -0.831520 -0.554071 -0.033355 0.021604
1733228268.161971092224121 14.692265 27.613213 -0.268193 -0.831140 -0.554645 -0.033837 0.020739
1733228268.261969804763794 14.740166 27.731585 -0.269578 -0.830070 -0.556496 -0.030897 0.018500
1733228268.361968755722046 14.782720 27.842422 -0.285600 -0.826259 -0.561835 -0.031883 0.024916
1733228268.461967468261719 14.827796 27.945572 -0.293320 -0.821832 -0.568456 -0.026438 0.027405
1733228268.561966419219971 14.870330 28.044505 -0.299057 -0.817435 -0.575020 -0.023114 0.024859
1733228268.661965370178223 14.914233 28.125708 -0.310962 -0.818552 -0.573494 -0.015549 0.028893
1733228268.761964321136475 14.942730 28.185604 -0.313088 -0.822247 -0.568363 -0.017217 0.024009
1733228268.861963272094727 14.975138 28.253891 -0.312792 -0.824526 -0.565081 -0.016962 0.023510
1733228268.961962461471558 15.002127 28.331508 -0.312352 -0.822810 -0.567407 -0.021141 0.024216
1733228269.061961174011230 15.020235 28.395743 -0.317916 -0.818260 -0.574178 -0.016718 0.022153
1733228269.161960124969482 15.044341 28.481953 -0.328240 -0.813290 -0.581417 -0.014049 0.017808
1733228269.261959075927734 15.079496 28.576900 -0.322912 -0.809789 -0.586202 -0.018368 0.016481
1733228269.361958026885986 15.110002 28.668279 -0.320622 -0.813103 -0.581725 -0.016083 0.014166
1733228269.461956977844238 15.143258 28.759754 -0.315402 -0.814274 -0.580031 -0.017829 0.014275
1733228269.561955451965332 15.172747 28.872052 -0.308737 -0.814342 -0.579756 -0.015661 0.022013
1733228269.661954402923584 15.205516 28.974699 -0.316790 -0.809428 -0.586224 -0.017856 0.029118
1733228269.761953353881836 15.230790 29.046933 -0.316335 -0.805690 -0.591180 -0.014839 0.033895
1733228269.861952304840088 15.262423 29.125925 -0.311022 -0.803037 -0.594706 -0.016584 0.034373
1733228269.961951255798340 15.306077 29.227951 -0.306529 -0.806059 -0.590262 -0.025042 0.035114
1733228270.061950206756592 15.334632 29.287565 -0.294060 -0.809014 -0.586290 -0.026025 0.032912
1733228270.161949396133423 15.364912 29.364834 -0.285975 -0.811099 -0.583427 -0.024392 0.033716
1733228270.261948108673096 15.388788 29.447191 -0.290130 -0.811578 -0.582605 -0.028800 0.032917
1733228270.361947059631348 15.412270 29.514236 -0.296356 -0.813135 -0.580672 -0.024818 0.031875
1733228270.461946010589600 15.436008 29.565082 -0.296115 -0.816775 -0.575687 -0.018989 0.033186
1733228270.561944961547852 15.459949 29.620174 -0.295524 -0.821365 -0.569246 -0.016053 0.032582
1733228270.661943674087524 15.515232 29.722347 -0.292710 -0.829883 -0.556710 -0.024420 0.027791
1733228270.761942386627197 15.555288 29.792002 -0.289549 -0.838077 -0.544326 -0.025484 0.026210
1733228270.861941337585449 15.598130 29.862840 -0.286140 -0.845885 -0.532133 -0.022506 0.028397
1733228270.961940288543701 15.611280 29.910159 -0.291916 -0.845576 -0.532284 -0.024279 0.032943
1733228271.061939239501953 15.642212 29.977313 -0.297686 -0.843357 -0.535769 -0.021375 0.035262
1733228271.161938190460205 15.676590 30.050548 -0.300394 -0.838916 -0.542784 -0.016078 0.036700
1733228271.261937141418457 15.725889 30.141380 -0.298645 -0.836852 -0.546166 -0.014596 0.034185
1733228271.361936092376709 15.756182 30.212920 -0.309970 -0.838592 -0.543628 -0.016294 0.031089
1733228271.461935281753540 15.801634 30.294472 -0.306082 -0.839352 -0.542505 -0.014611 0.031039
1733228271.561933994293213 15.835038 30.349153 -0.294274 -0.839288 -0.542339 -0.015404 0.035010
1733228271.661932945251465 15.877987 30.441095 -0.307840 -0.835984 -0.547133 -0.020539 0.036801
1733228271.761931896209717 15.905362 30.493995 -0.304647 -0.835331 -0.548064 -0.017739 0.039162
1733228271.861930608749390 15.950333 30.579510 -0.308481 -0.833966 -0.550131 -0.013587 0.040885
1733228271.961929559707642 16.011293 30.677466 -0.304865 -0.836224 -0.546837 -0.014777 0.038476
1733228272.061928510665894 16.056416 30.749668 -0.298905 -0.842493 -0.537342 -0.019013 0.033298
1733228272.161927461624146 16.101378 30.809547 -0.298267 -0.846939 -0.530453 -0.017609 0.031690
1733228272.261926174163818 16.146095 30.881451 -0.291363 -0.850590 -0.524409 -0.017682 0.034346
1733228272.361925125122070 16.191973 30.958366 -0.298588 -0.852400 -0.520975 -0.024027 0.037716
1733228272.461924314498901 16.235030 31.029195 -0.310283 -0.854871 -0.516929 -0.022940 0.038129
1733228272.561923265457153 16.271636 31.095915 -0.308422 -0.855245 -0.516408 -0.017793 0.039509
1733228272.661921977996826 16.316840 31.169517 -0.298920 -0.856774 -0.513853 -0.020071 0.038619
1733228272.761920928955078 16.369196 31.254693 -0.296117 -0.860583 -0.507629 -0.023169 0.034240
1733228272.861919879913330 16.413006 31.319753 -0.295263 -0.863091 -0.503496 -0.022224 0.032733
1733228272.961918830871582 16.441258 31.371474 -0.293212 -0.864106 -0.501768 -0.021380 0.033058
1733228273.061917543411255 16.467611 31.418095 -0.306115 -0.861691 -0.505800 -0.024190 0.032711
1733228273.161916494369507 16.504270 31.486101 -0.311481 -0.859174 -0.510218 -0.019175 0.033622
1733228273.261915445327759 16.542730 31.561183 -0.318019 -0.855504 -0.516543 -0.013415 0.033414
1733228273.361914157867432 16.611338 31.674731 -0.320982 -0.855378 -0.516712 -0.020036 0.030590
1733228273.461913108825684 16.688312 31.791528 -0.311794 -0.857247 -0.513720 -0.021006 0.027895
1733228273.561912059783936 16.735248 31.862262 -0.310326 -0.858417 -0.511822 -0.019777 0.027700
1733228273.661911249160767 16.782857 31.946531 -0.277959 -0.858587 -0.511333 -0.023248 0.028738
1733228273.761910200119019 16.819925 32.010881 -0.284640 -0.857156 -0.513829 -0.022388 0.027601
1733228273.861909151077271 16.857348 32.075903 -0.289403 -0.855739 -0.516258 -0.019258 0.028585
1733228273.961908102035522 16.901065 32.145441 -0.285446 -0.854019 -0.519181 -0.021814 0.025032
1733228274.061906814575195 16.942998 32.215428 -0.283088 -0.856231 -0.515417 -0.027667 0.021167
1733228274.161905527114868 16.981929 32.280512 -0.276327 -0.857067 -0.514058 -0.028991 0.018414
1733228274.261904478073120 17.037229 32.363519 -0.270716 -0.857328 -0.513667 -0.027537 0.019398
1733228274.361903429031372 17.080627 32.449733 -0.279048 -0.855213 -0.516973 -0.031053 0.019627
1733228274.461902379989624 17.100161 32.490603 -0.281892 -0.852681 -0.521341 -0.026462 0.020947
1733228274.561901330947876 17.141915 32.581358 -0.289570 -0.849840 -0.526175 -0.023008 0.019535
1733228274.661900043487549 17.199393 32.676171 -0.279750 -0.849959 -0.525799 -0.027725 0.018361
1733228274.761899232864380 17.233913 32.752207 -0.275239 -0.850534 -0.524717 -0.030706 0.017950
1733228274.861898183822632 17.275577 32.841821 -0.271138 -0.850206 -0.525346 -0.030013 0.016106
1733228274.961897134780884 17.296349 32.909229 -0.275884 -0.848263 -0.527947 -0.037132 0.018519
1733228275.061896085739136 17.328141 32.977863 -0.281371 -0.845993 -0.531595 -0.035212 0.021515
1733228275.161895036697388 17.368649 33.061994 -0.286940 -0.844479 -0.534228 -0.029892 0.023719
1733228275.261893749237061 17.403676 33.131913 -0.284404 -0.843894 -0.534881 -0.035136 0.022615
1733228275.361892461776733 17.430677 33.185103 -0.282205 -0.844444 -0.534193 -0.032796 0.021821
1733228275.461891412734985 17.475340 33.267784 -0.278810 -0.845250 -0.533158 -0.029176 0.021070
1733228275.561890363693237 17.521118 33.365140 -0.283902 -0.843737 -0.535640 -0.029272 0.018468
1733228275.661889314651489 17.559584 33.426028 -0.294703 -0.844199 -0.535176 -0.023275 0.019306
1733228275.761888265609741 17.602321 33.498312 -0.301811 -0.845434 -0.533478 -0.015273 0.020209
1733228275.861887454986572 17.656722 33.562215 -0.297361 -0.850128 -0.525955 -0.018396 0.017762
1733228275.961886167526245 17.707255 33.631923 -0.292803 -0.855881 -0.516590 -0.019547 0.014843
1733228276.061885118484497 17.761565 33.716575 -0.277797 -0.859800 -0.510032 -0.018055 0.016874
1733228276.161884069442749 17.813448 33.795601 -0.280192 -0.861421 -0.506787 -0.024474 0.022842
1733228276.261883020401001 17.854688 33.846503 -0.285341 -0.863327 -0.503580 -0.022844 0.023481
1733228276.361881971359253 17.897990 33.911711 -0.294477 -0.865885 -0.499254 -0.017931 0.025827
1733228276.461880445480347 17.943528 33.972862 -0.285431 -0.868872 -0.493694 -0.026423 0.025082
1733228276.561879396438599 17.998584 34.055920 -0.278991 -0.871217 -0.489451 -0.029186 0.023806
1733228276.661878347396851 18.051720 34.140555 -0.290093 -0.872034 -0.488085 -0.027413 0.024050
1733228276.761877298355103 18.079208 34.194688 -0.291322 -0.870495 -0.490352 -0.032016 0.027726
1733228276.861876249313354 18.100611 34.221733 -0.297438 -0.866122 -0.498449 -0.028723 0.023601
1733228276.961875200271606 18.139500 34.291704 -0.305424 -0.863053 -0.503911 -0.024957 0.024294
1733228277.061874389648438 18.188190 34.357326 -0.305587 -0.863672 -0.502943 -0.024333 0.022928
1733228277.161873340606689 18.221759 34.416581 -0.298473 -0.864537 -0.501378 -0.024940 0.023969
1733228277.261872291564941 18.255099 34.490140 -0.300213 -0.863130 -0.503800 -0.026048 0.022674
1733228277.361873865127563 18.296519 34.589418 -0.311716 -0.857319 -0.513408 -0.026825 0.026390
1733228277.461872816085815 18.327091 34.648502 -0.314225 -0.852643 -0.521251 -0.021797 0.028661
1733228277.561871767044067 18.368505 34.724070 -0.307854 -0.852665 -0.521041 -0.027756 0.026610
1733228277.661870479583740 18.405267 34.795627 -0.301923 -0.855358 -0.516641 -0.030448 0.022739
1733228277.761869430541992 18.446296 34.866760 -0.298341 -0.855075 -0.517233 -0.028629 0.022311
1733228277.861868143081665 18.487327 34.962657 -0.307097 -0.853404 -0.519941 -0.030410 0.020947
1733228277.961867094039917 18.522219 35.036668 -0.310865 -0.848138 -0.528721 -0.024986 0.022177
1733228278.061866044998169 18.552297 35.110091 -0.321802 -0.844069 -0.535422 -0.019907 0.021782
1733228278.161864995956421 18.601171 35.200403 -0.315100 -0.843385 -0.536556 -0.020715 0.019493
1733228278.261863946914673 18.641158 35.277917 -0.303069 -0.844815 -0.534288 -0.022685 0.017587
1733228278.361862659454346 18.692186 35.375285 -0.301031 -0.844502 -0.534738 -0.022294 0.019328
1733228278.461861848831177 18.725853 35.460366 -0.301795 -0.843333 -0.536428 -0.022373 0.023082
1733228278.561860799789429 18.755371 35.524071 -0.308433 -0.838482 -0.543888 -0.019876 0.027174
1733228278.661859750747681 18.801032 35.618698 -0.316241 -0.833858 -0.550992 -0.014596 0.029588
1733228278.761858701705933 18.842129 35.689478 -0.309997 -0.830956 -0.555298 -0.020622 0.027016
1733228278.861857652664185 18.871831 35.741875 -0.302731 -0.832346 -0.553206 -0.022211 0.025875
1733228278.961856365203857 18.909876 35.810182 -0.298185 -0.833708 -0.551112 -0.023070 0.025963
1733228279.061855077743530 18.934869 35.870485 -0.292037 -0.835554 -0.548218 -0.023741 0.027256
1733228279.161854028701782 18.981448 35.974210 -0.300124 -0.838128 -0.544343 -0.024898 0.024753
1733228279.261852979660034 19.009494 36.030980 -0.302397 -0.840742 -0.540452 -0.021165 0.024843
1733228279.361851930618286 19.046319 36.093948 -0.301426 -0.845385 -0.533233 -0.018043 0.025701
1733228279.461850643157959 19.112704 36.222411 -0.299137 -0.854214 -0.518882 -0.024568 0.021812
1733228279.561849594116211 19.165754 36.299645 -0.294551 -0.862410 -0.505158 -0.026013 0.019698
1733228279.661848783493042 19.218904 36.373992 -0.293964 -0.868887 -0.493914 -0.024771 0.021692
1733228279.761847734451294 19.263838 36.455011 -0.311420 -0.870447 -0.491091 -0.026893 0.020696
1733228279.861846685409546 19.311105 36.502271 -0.303409 -0.871888 -0.488699 -0.021821 0.022555
1733228279.961845636367798 19.370517 36.579267 -0.304178 -0.875664 -0.481951 -0.019901 0.023221
1733228280.061844348907471 19.428635 36.642476 -0.305356 -0.883740 -0.466765 -0.025440 0.022081
1733228280.161843299865723 19.487256 36.701279 -0.299260 -0.890359 -0.454079 -0.025727 0.020277
1733228280.261842250823975 19.524512 36.722720 -0.293625 -0.895885 -0.443045 -0.024046 0.022882
1733228280.361840963363647 19.583250 36.791827 -0.301856 -0.899696 -0.434751 -0.029753 0.025556
1733228280.461839914321899 19.632941 36.841909 -0.302407 -0.902168 -0.429667 -0.028643 0.025664
1733228280.561838865280151 19.688245 36.898120 -0.303440 -0.903674 -0.426592 -0.023940 0.028615
1733228280.661837816238403 19.731680 36.912214 -0.298976 -0.907368 -0.418293 -0.028482 0.030061
1733228280.761837005615234 19.811761 36.998122 -0.303085 -0.914098 -0.403255 -0.033114 0.026721
1733228280.861835956573486 19.871964 37.037004 -0.295481 -0.919216 -0.391441 -0.033362 0.026503
1733228280.961834907531738 19.941197 37.092723 -0.288450 -0.923451 -0.381050 -0.033136 0.030689
1733228281.061833620071411 20.010148 37.166560 -0.305850 -0.924971 -0.377201 -0.035624 0.029632
1733228281.161832571029663 20.067088 37.208409 -0.302515 -0.925741 -0.375574 -0.031664 0.030736
1733228281.261831283569336 20.151372 37.299618 -0.306207 -0.925620 -0.376308 -0.024093 0.032230
1733228281.361834049224854 20.202117 37.375293 -0.206381 -0.927332 -0.372266 -0.026244 0.028011
1733228281.461833000183105 20.323727 37.459343 -0.351786 -0.928989 -0.367977 -0.030242 0.025631
1733228281.561832189559937 20.356840 37.526937 -0.278947 -0.929970 -0.365733 -0.026012 0.026802
1733228281.661830902099609 20.419911 37.596509 -0.292717 -0.928583 -0.368622 -0.033945 0.026433
1733228281.761830329895020 20.493325 37.652771 -0.308402 -0.926051 -0.375224 -0.028669 0.028546
1733228281.861829280853271 20.517998 37.662863 -0.314792 -0.923805 -0.380872 -0.024791 0.030087
1733228281.961828231811523 20.575365 37.706675 -0.302500 -0.922390 -0.384165 -0.028614 0.028211
1733228282.061827182769775 20.648465 37.778922 -0.304823 -0.923435 -0.381627 -0.032270 0.024238
1733228282.161825895309448 20.707521 37.820283 -0.299247 -0.923685 -0.381263 -0.031256 0.021623
1733228282.261825084686279 20.757448 37.907883 -0.287504 -0.923490 -0.381575 -0.032113 0.023113
1733228282.361823797225952 20.846475 37.961548 -0.311521 -0.919767 -0.390259 -0.033640 0.024395
1733228282.461822986602783 20.904014 38.074634 -0.312131 -0.916670 -0.397646 -0.029883 0.026455
1733228282.561822175979614 20.981023 38.151407 -0.313434 -0.912921 -0.406453 -0.026548 0.025825
1733228282.661821126937866 21.075097 38.238429 -0.313351 -0.913500 -0.404868 -0.031812 0.024231
1733228282.761820077896118 21.142538 38.323433 -0.311299 -0.915239 -0.401030 -0.032566 0.021273
1733228282.861819028854370 21.221695 38.375649 -0.304730 -0.916586 -0.398040 -0.029567 0.023660
1733228282.961817979812622 21.302197 38.466662 -0.318538 -0.914951 -0.401342 -0.035111 0.023570
1733228283.061816692352295 21.364508 38.516108 -0.323159 -0.912536 -0.406977 -0.030457 0.026838
1733228283.161815881729126 21.435881 38.598414 -0.334069 -0.910538 -0.411720 -0.023888 0.028910
1733228283.261814832687378 21.507053 38.653376 -0.314281 -0.910680 -0.411358 -0.025981 0.027759
1733228283.361813783645630 21.584496 38.747152 -0.321431 -0.911980 -0.408515 -0.027126 0.025936
1733228283.461812734603882 21.658218 38.806692 -0.316280 -0.912247 -0.408058 -0.023980 0.026812
1733228283.561811923980713 21.722671 38.904677 -0.327607 -0.910480 -0.411112 -0.032099 0.031358
1733228283.661810874938965 21.784272 38.936676 -0.325363 -0.907728 -0.417214 -0.030800 0.031852
1733228283.761809825897217 21.832432 39.019698 -0.335775 -0.905747 -0.421729 -0.027159 0.032075
1733228283.861809015274048 21.903648 39.092192 -0.326504 -0.903812 -0.426037 -0.027869 0.028956
1733228283.961807727813721 21.978586 39.175154 -0.334228 -0.904815 -0.423727 -0.033223 0.025724
1733228284.061806678771973 22.026739 39.233576 -0.323019 -0.905652 -0.422123 -0.033277 0.022358
1733228284.161805629730225 22.096018 39.307774 -0.314846 -0.906098 -0.421378 -0.030996 0.021588
1733228284.261804580688477 22.159498 39.396767 -0.337615 -0.903406 -0.426850 -0.035154 0.020524
1733228284.361805438995361 22.204796 39.430984 -0.326551 -0.899615 -0.435037 -0.030667 0.022250
1733228284.461804389953613 22.248739 39.512887 -0.338126 -0.895828 -0.443127 -0.025675 0.021728
1733228284.561803340911865 22.299624 39.555832 -0.319854 -0.892567 -0.449212 -0.033003 0.021070
1733228284.661802291870117 22.334344 39.608978 -0.316096 -0.890121 -0.453629 -0.039305 0.018984
1733228284.761801481246948 22.386371 39.667479 -0.304782 -0.887399 -0.458966 -0.038947 0.018892
1733228284.861800670623779 22.435893 39.757713 -0.299564 -0.881573 -0.469251 -0.042283 0.029052
1733228284.961799621582031 22.488306 39.839776 -0.314690 -0.873838 -0.483455 -0.041481 0.030938
1733228285.061798572540283 22.511345 39.908359 -0.313558 -0.866875 -0.496175 -0.038023 0.029881
1733228285.161797523498535 22.549575 39.991634 -0.329673 -0.858775 -0.510468 -0.034622 0.027025
1733228285.261796474456787 22.591966 40.071146 -0.326027 -0.854032 -0.518138 -0.038556 0.026010
1733228285.361795186996460 22.619478 40.155204 -0.327562 -0.850867 -0.523118 -0.042154 0.024430
1733228285.461794376373291 22.654735 40.211450 -0.322288 -0.847659 -0.528387 -0.041535 0.023596
1733228285.561793088912964 22.656520 40.252754 -0.320950 -0.843014 -0.535553 -0.043169 0.025431
1733228285.661792278289795 22.676941 40.315452 -0.328462 -0.838739 -0.542372 -0.040762 0.026247
1733228285.761791229248047 22.699009 40.386662 -0.329122 -0.836158 -0.546572 -0.036662 0.027480
1733228285.861790657043457 22.723876 40.459700 -0.328132 -0.833604 -0.550834 -0.031285 0.026594
1733228285.961789369583130 22.766137 40.549049 -0.323354 -0.833567 -0.550576 -0.037640 0.024814
1733228286.061788558959961 22.804371 40.633228 -0.319539 -0.835064 -0.548380 -0.038458 0.021631
1733228286.161787509918213 22.848521 40.715477 -0.317037 -0.836157 -0.546895 -0.035899 0.021418
1733228286.261786222457886 22.882941 40.804821 -0.313162 -0.835198 -0.547825 -0.038305 0.029415
1733228286.361785173416138 22.922439 40.890560 -0.323849 -0.832204 -0.552407 -0.038621 0.028133
1733228286.461784124374390 22.948219 40.957238 -0.323313 -0.830056 -0.555835 -0.035523 0.028158
1733228286.561783075332642 22.987269 41.045757 -0.323513 -0.827371 -0.560140 -0.030071 0.028220
1733228286.661782026290894 23.024896 41.118222 -0.318273 -0.828702 -0.558001 -0.035063 0.025652
1733228286.761781215667725 23.067906 41.208424 -0.318962 -0.830958 -0.554643 -0.036553 0.023343
1733228286.861780405044556 23.115044 41.287964 -0.313752 -0.832762 -0.552061 -0.034030 0.024057
1733228286.961779356002808 23.142362 41.367973 -0.319758 -0.831106 -0.554132 -0.039460 0.025375
1733228287.061778306961060 23.177731 41.443510 -0.326044 -0.827741 -0.559345 -0.035457 0.026861
1733228287.161777019500732 23.183867 41.492809 -0.330934 -0.824200 -0.564832 -0.030740 0.026708
1733228287.261775970458984 23.228177 41.595169 -0.331072 -0.820652 -0.570166 -0.028705 0.024834
1733228287.361774921417236 23.263097 41.678045 -0.326683 -0.821867 -0.568378 -0.030581 0.023352
1733228287.461773872375488 23.310857 41.774637 -0.326449 -0.822395 -0.567673 -0.029990 0.022666
1733228287.561772823333740 23.350416 41.871708 -0.318524 -0.822162 -0.568163 -0.027305 0.022237
1733228287.661772251129150 23.382888 41.971512 -0.331995 -0.819713 -0.571438 -0.030476 0.024511
1733228287.761770963668823 23.426897 42.068718 -0.331999 -0.817147 -0.575259 -0.026427 0.025495
1733228287.861770153045654 23.444967 42.140495 -0.341077 -0.814310 -0.579477 -0.020449 0.026212
1733228287.961769104003906 23.475257 42.220848 -0.333990 -0.813670 -0.580187 -0.026976 0.024427
1733228288.061768054962158 23.483730 42.272626 -0.328033 -0.814755 -0.578599 -0.030452 0.021692
1733228288.161766767501831 23.503194 42.335426 -0.323784 -0.814838 -0.578569 -0.029420 0.020764
1733228288.261765718460083 23.539978 42.442187 -0.321867 -0.813066 -0.580747 -0.032308 0.024769
1733228288.361762523651123 23.566441 42.524595 -0.334365 -0.809233 -0.586293 -0.029108 0.023562
1733228288.461761474609375 23.584287 42.590520 -0.339201 -0.805988 -0.590965 -0.024135 0.023696
1733228288.561760425567627 23.609725 42.670463 -0.342138 -0.803140 -0.594969 -0.022995 0.021202
1733228288.661759376525879 23.634611 42.740160 -0.338751 -0.804789 -0.592700 -0.025151 0.019730
1733228288.761758089065552 23.657133 42.805918 -0.339031 -0.805934 -0.591172 -0.025103 0.018887
1733228288.861757040023804 23.690266 42.892800 -0.335848 -0.806200 -0.590821 -0.022279 0.021808
1733228288.961755990982056 23.702427 42.962130 -0.341157 -0.803249 -0.594605 -0.026174 0.023465
1733228289.061754941940308 23.723113 43.027662 -0.341709 -0.801035 -0.597695 -0.023237 0.023749
1733228289.161753654479980 23.746341 43.103262 -0.345361 -0.798283 -0.601506 -0.017240 0.025245
1733228289.261752605438232 23.813946 43.248988 -0.339711 -0.797195 -0.602728 -0.022618 0.026232
1733228289.361751556396484 23.838928 43.328363 -0.334638 -0.797699 -0.602028 -0.025101 0.024691
1733228289.461750745773315 23.866692 43.409009 -0.330349 -0.797517 -0.602355 -0.022913 0.024707
1733228289.561749696731567 23.883672 43.494110 -0.332560 -0.796495 -0.603081 -0.027311 0.033796
1733228289.661748409271240 23.908648 43.569907 -0.341525 -0.795925 -0.603905 -0.025964 0.033584
1733228289.761747598648071 23.928071 43.644414 -0.342322 -0.797207 -0.602386 -0.021170 0.033829
1733228289.861746549606323 23.960768 43.733621 -0.336815 -0.799577 -0.599291 -0.020123 0.033491
1733228289.961745262145996 24.004580 43.830335 -0.338020 -0.806151 -0.590109 -0.028756 0.032630
1733228290.061743974685669 24.043088 43.909150 -0.331247 -0.812101 -0.581935 -0.029813 0.030892
1733228290.161742925643921 24.088509 44.002553 -0.330396 -0.817883 -0.573795 -0.026937 0.033188
1733228290.261741876602173 24.124204 44.091302 -0.338733 -0.821074 -0.568659 -0.032638 0.037417
1733228290.361740827560425 24.152438 44.156717 -0.343180 -0.822836 -0.566293 -0.028690 0.037811
1733228290.461739540100098 24.180190 44.220815 -0.349462 -0.824890 -0.563581 -0.022386 0.037848
1733228290.561738967895508 24.226157 44.304759 -0.351716 -0.829447 -0.556949 -0.019550 0.037985
1733228290.661737680435181 24.255949 44.355692 -0.345441 -0.838606 -0.543289 -0.021065 0.033657
1733228290.761736631393433 24.353237 44.510657 -0.365297 -0.846249 -0.531424 -0.020259 0.032272
1733228290.861735582351685 24.391605 44.573244 -0.363826 -0.851850 -0.521871 -0.022145 0.038879
1733228290.961734533309937 24.420315 44.627251 -0.371442 -0.851410 -0.522507 -0.024822 0.038349
1733228291.061733245849609 24.432240 44.643595 -0.371824 -0.849694 -0.525442 -0.020175 0.039029
1733228291.161732196807861 24.470108 44.704446 -0.378971 -0.848240 -0.527940 -0.016928 0.038479
1733228291.261731147766113 24.503500 44.748277 -0.375065 -0.850403 -0.524429 -0.019602 0.037475
1733228291.361729860305786 24.564050 44.849726 -0.390322 -0.850794 -0.523825 -0.017825 0.037931
1733228291.461729049682617 24.598430 44.904987 -0.383931 -0.850462 -0.524334 -0.016460 0.038959
1733228291.561727762222290 24.619609 44.953684 -0.390986 -0.847393 -0.528833 -0.024687 0.040640
1733228291.661726713180542 24.635361 44.994829 -0.394751 -0.844441 -0.533617 -0.021996 0.041092
1733228291.761725902557373 24.666903 45.060844 -0.402111 -0.841339 -0.538556 -0.016768 0.042716
1733228291.861724853515625 24.697437 45.127052 -0.394744 -0.839812 -0.540771 -0.023213 0.041753
1733228291.961723804473877 24.729504 45.192863 -0.390509 -0.841726 -0.537754 -0.027918 0.039227
1733228292.061722755432129 24.762036 45.252373 -0.378201 -0.842940 -0.536057 -0.027894 0.036290
1733228292.161721467971802 24.804064 45.335719 -0.373549 -0.843260 -0.535606 -0.027339 0.035928
1733228292.261720418930054 24.840717 45.423356 -0.386158 -0.838802 -0.541896 -0.032720 0.041094
1733228292.361719369888306 24.871640 45.490802 -0.389899 -0.834499 -0.548771 -0.028153 0.040856
1733228292.461718082427979 24.905324 45.571840 -0.397615 -0.830357 -0.555475 -0.022443 0.038099
1733228292.561717033386230 24.958961 45.661595 -0.392904 -0.830469 -0.555229 -0.027245 0.036051
1733228292.661715984344482 24.987941 45.725042 -0.389762 -0.832514 -0.552164 -0.030356 0.033392
1733228292.761714935302734 25.020586 45.784657 -0.384782 -0.833599 -0.550612 -0.028519 0.033549
1733228292.861714124679565 25.038661 45.844180 -0.382272 -0.832518 -0.551900 -0.030195 0.037524
1733228292.961713075637817 25.077215 45.929172 -0.389669 -0.828268 -0.558156 -0.028502 0.040267
1733228293.061712026596069 25.113643 46.018733 -0.394241 -0.824652 -0.563531 -0.025148 0.041827
1733228293.161710977554321 25.163506 46.131571 -0.390517 -0.821791 -0.567742 -0.027908 0.039369
1733228293.261709690093994 25.215481 46.244495 -0.382106 -0.823242 -0.565514 -0.032235 0.037777
1733228293.361708402633667 25.258594 46.341444 -0.376417 -0.823737 -0.564952 -0.032159 0.035374
1733228293.461707353591919 25.307968 46.452886 -0.371690 -0.824325 -0.564298 -0.031263 0.032847
1733228293.561706304550171 25.322553 46.511485 -0.377887 -0.824037 -0.564291 -0.036102 0.035138
1733228293.661705255508423 25.348572 46.578441 -0.382731 -0.824584 -0.563794 -0.031534 0.034683
1733228293.761703968048096 25.374826 46.645815 -0.387363 -0.825145 -0.563292 -0.027180 0.033147
1733228293.861703157424927 25.417507 46.731506 -0.381762 -0.828888 -0.557595 -0.028575 0.034871
1733228293.961702346801758 25.451974 46.807711 -0.379363 -0.836962 -0.545489 -0.030139 0.032071
1733228294.061701297760010 25.432539 46.775298 -0.377929 -0.844397 -0.534014 -0.029282 0.031061
1733228294.161700010299683 25.472896 46.857359 -0.372115 -0.850692 -0.523861 -0.027476 0.033728
1733228294.261698961257935 25.520907 46.961787 -0.385650 -0.851145 -0.522974 -0.030305 0.033630
1733228294.361697912216187 25.565167 47.048442 -0.387066 -0.850498 -0.524261 -0.025584 0.033881
1733228294.461696624755859 25.614159 47.146472 -0.394124 -0.848741 -0.527327 -0.021737 0.033042
1733228294.561695337295532 25.636871 47.190442 -0.389900 -0.851392 -0.522956 -0.025968 0.031225
1733228294.661694288253784 25.688075 47.276772 -0.385941 -0.853523 -0.519590 -0.026452 0.028728
1733228294.761693239212036 25.765361 47.402068 -0.381011 -0.854962 -0.517292 -0.024070 0.029510
1733228294.861692428588867 25.803141 47.461429 -0.381907 -0.857259 -0.513062 -0.033579 0.027315
1733228294.961691141128540 25.835732 47.519308 -0.392406 -0.856452 -0.514820 -0.028527 0.025249
1733228295.061690330505371 25.871958 47.589459 -0.397515 -0.855430 -0.516681 -0.023259 0.027210
1733228295.161689281463623 25.914566 47.669785 -0.399011 -0.854480 -0.518352 -0.018928 0.028568
1733228295.261688232421875 25.966216 47.740950 -0.396564 -0.857734 -0.512841 -0.022877 0.027640
1733228295.361687183380127 26.028916 47.835189 -0.391782 -0.860973 -0.507356 -0.024177 0.027050
1733228295.461685895919800 26.091797 47.917954 -0.386382 -0.863174 -0.503514 -0.022272 0.030149
1733228295.561684846878052 26.150474 48.019381 -0.384832 -0.861408 -0.505769 -0.028186 0.037150
1733228295.661683559417725 26.205951 48.098199 -0.393739 -0.858401 -0.510907 -0.027712 0.036799
1733228295.761682510375977 26.266310 48.202399 -0.398690 -0.856186 -0.514752 -0.023157 0.037936
1733228295.861681461334229 26.310142 48.263483 -0.397857 -0.853724 -0.518955 -0.021110 0.037347
1733228295.961680412292480 26.301217 48.262128 -0.377060 -0.855890 -0.515340 -0.023096 0.036655
1733228296.061679363250732 26.337500 48.314092 -0.368233 -0.856405 -0.514637 -0.021214 0.035625
1733228296.161678552627563 26.393800 48.412026 -0.358979 -0.856522 -0.514427 -0.020134 0.036453
1733228296.261677503585815 26.474348 48.557480 -0.365454 -0.853801 -0.518449 -0.026901 0.038881
1733228296.361676216125488 26.498819 48.610210 -0.369705 -0.852175 -0.521218 -0.024577 0.039055
1733228296.461675405502319 26.568331 48.727380 -0.377075 -0.850102 -0.524695 -0.019069 0.040722
1733228296.561674118041992 26.655930 48.876246 -0.371413 -0.850053 -0.524615 -0.023990 0.040164
1733228296.661672830581665 26.684768 48.927200 -0.365933 -0.851574 -0.522311 -0.026896 0.035922
1733228296.761671781539917 26.738369 49.008510 -0.362412 -0.851991 -0.521822 -0.024185 0.035038
1733228296.861670732498169 26.774769 49.088895 -0.362870 -0.851226 -0.522775 -0.025109 0.038609
1733228296.961669683456421 26.831248 49.186606 -0.375841 -0.847517 -0.528578 -0.026909 0.039954
1733228297.061668634414673 26.843145 49.209537 -0.375462 -0.844681 -0.533313 -0.022841 0.039612
1733228297.161667346954346 26.852724 49.235501 -0.379481 -0.841634 -0.538472 -0.017034 0.037560
1733228297.261666774749756 26.870768 49.273307 -0.380114 -0.842212 -0.537679 -0.022389 0.032848
1733228297.361665487289429 26.840301 49.254359 -0.380528 -0.844091 -0.534948 -0.024208 0.027483
1733228297.461664438247681 26.888532 49.343925 -0.453826 -0.844862 -0.533957 -0.020445 0.026081
1733228297.561663389205933 26.943331 49.447618 -0.455875 -0.843753 -0.535224 -0.021788 0.033779
1733228297.661662340164185 26.982750 49.529409 -0.466966 -0.840094 -0.540867 -0.023328 0.034071
1733228297.761661052703857 27.013517 49.598206 -0.467456 -0.837012 -0.545799 -0.019875 0.033440
1733228297.861660003662109 27.052787 49.678591 -0.476344 -0.833590 -0.551239 -0.014019 0.032674
1733228297.961658954620361 27.086732 49.743523 -0.472116 -0.834482 -0.549870 -0.020523 0.029366
1733228298.061657905578613 27.083362 49.749875 -0.468723 -0.836286 -0.547225 -0.022129 0.026094
1733228298.161656856536865 27.109892 49.793453 -0.465120 -0.837472 -0.545465 -0.019000 0.027346
1733228298.261655569076538 27.139394 49.863170 -0.469541 -0.835181 -0.548532 -0.025457 0.030612
1733228298.361654520034790 27.182636 49.957321 -0.478267 -0.832022 -0.553488 -0.022907 0.029443
1733228298.461653709411621 27.218002 50.036845 -0.485752 -0.829136 -0.557901 -0.017405 0.031255
1733228298.561652660369873 27.259368 50.120957 -0.483814 -0.827825 -0.559768 -0.021355 0.030174
1733228298.661651611328125 27.286986 50.184069 -0.479650 -0.829846 -0.556775 -0.025170 0.026898
1733228298.761650323867798 27.328925 50.273017 -0.476204 -0.830826 -0.555386 -0.024072 0.026376
1733228298.861649274826050 27.360398 50.360792 -0.467498 -0.830071 -0.556114 -0.025484 0.032697
1733228298.961648225784302 27.389435 50.436504 -0.482739 -0.826548 -0.561204 -0.026386 0.034229
1733228299.061646938323975 27.407145 50.491406 -0.483967 -0.824356 -0.564556 -0.021817 0.035188
1733228299.161645889282227 27.431961 50.557080 -0.486634 -0.822983 -0.566701 -0.017634 0.035195
1733228299.261644840240479 27.472320 50.637295 -0.480804 -0.825771 -0.562448 -0.024143 0.034237
1733228299.361643791198730 27.501895 50.703161 -0.477567 -0.829283 -0.557346 -0.025522 0.031694
1733228299.461642742156982 27.551557 50.799147 -0.473819 -0.831841 -0.553570 -0.023645 0.032283
1733228299.561641693115234 27.589394 50.891555 -0.476984 -0.831687 -0.553315 -0.031638 0.033732
1733228299.661640644073486 27.623434 50.967650 -0.479811 -0.831605 -0.553692 -0.029300 0.031628
1733228299.761639595031738 27.684888 51.088716 -0.485335 -0.831438 -0.554139 -0.023806 0.032779
1733228299.861638784408569 27.736921 51.193246 -0.484424 -0.831817 -0.553529 -0.023559 0.033643
1733228299.961637496948242 27.786328 51.288699 -0.478922 -0.836650 -0.546234 -0.026562 0.030650
1733228300.061636209487915 27.810622 51.329529 -0.472619 -0.838989 -0.542718 -0.024938 0.030544
1733228300.161635160446167 27.824748 51.377476 -0.470944 -0.840839 -0.539736 -0.026599 0.031112
1733228300.261634111404419 27.836457 51.423517 -0.485004 -0.839561 -0.541697 -0.029928 0.028396
1733228300.361633062362671 27.858140 51.475848 -0.485513 -0.838460 -0.543703 -0.024605 0.027699
1733228300.461631774902344 27.893882 51.556876 -0.496231 -0.837909 -0.544734 -0.019357 0.028261
1733228300.561631202697754 27.968574 51.701513 -0.464093 -0.842518 -0.537345 -0.026146 0.027213
1733228300.661629915237427 27.989189 51.737841 -0.457801 -0.846678 -0.530906 -0.024759 0.025732
1733228300.761628866195679 28.032479 51.804220 -0.455549 -0.849731 -0.526051 -0.021575 0.027615
1733228300.861627817153931 28.070072 51.878953 -0.460616 -0.849478 -0.526351 -0.024149 0.027557
1733228300.961626768112183 28.100419 51.929497 -0.467628 -0.847531 -0.529707 -0.018098 0.027816
1733228301.061625719070435 28.151404 52.021316 -0.477939 -0.846133 -0.532063 -0.012052 0.028685
1733228301.161624431610107 28.209785 52.118289 -0.473049 -0.847892 -0.529200 -0.017645 0.026760
1733228301.261623144149780 28.255482 52.196708 -0.469854 -0.849581 -0.526492 -0.017767 0.026511
1733228301.361622095108032 28.297573 52.275665 -0.466945 -0.849865 -0.525998 -0.017802 0.027157
1733228301.461621046066284 28.329765 52.351156 -0.476722 -0.846316 -0.531275 -0.024357 0.030041
1733228301.561619997024536 28.355602 52.411705 -0.484747 -0.842384 -0.537556 -0.019713 0.032139
1733228301.661618947982788 28.386422 52.487487 -0.493385 -0.839115 -0.542729 -0.015231 0.033148
1733228301.761618137359619 28.406572 52.535116 -0.484826 -0.839427 -0.542017 -0.023944 0.031713
1733228301.861617088317871 28.444583 52.612617 -0.481365 -0.840374 -0.540655 -0.024847 0.029101
1733228301.961616039276123 28.499911 52.722208 -0.476072 -0.840379 -0.540806 -0.022108 0.028347
1733228302.061614990234375 28.516387 52.783715 -0.481924 -0.837126 -0.545435 -0.029127 0.029529
1733228302.161613702774048 28.518460 52.804883 -0.490698 -0.832548 -0.552499 -0.027270 0.029430
1733228302.261612653732300 28.534499 52.847615 -0.495698 -0.829259 -0.557623 -0.020358 0.031188
1733228302.361611366271973 28.558045 52.887741 -0.492329 -0.828579 -0.558497 -0.022439 0.032164
1733228302.461610317230225 28.600476 52.966811 -0.485005 -0.830630 -0.555584 -0.023873 0.028460
1733228302.561609268188477 28.666708 53.082373 -0.483839 -0.831058 -0.555013 -0.021755 0.028814
1733228302.661608219146729 28.711917 53.167812 -0.478217 -0.829570 -0.556534 -0.026470 0.037178
1733228302.761607170104980 28.743988 53.248113 -0.487894 -0.827384 -0.559882 -0.029486 0.033150
1733228302.861606359481812 28.713333 53.278048 -0.473498 -0.825397 -0.563063 -0.024484 0.032856
1733228302.961605310440063 28.801772 53.401948 -0.492633 -0.822214 -0.567893 -0.018888 0.033230
1733228303.061604261398315 28.833844 53.473121 -0.487506 -0.823382 -0.565923 -0.025550 0.033478
1733228303.161602973937988 28.859343 53.541477 -0.478522 -0.824728 -0.564018 -0.026895 0.031383
1733228303.261601924896240 28.909943 53.646570 -0.478578 -0.825441 -0.562984 -0.024960 0.032773
1733228303.361600637435913 28.949004 53.745803 -0.478137 -0.824026 -0.564639 -0.030784 0.034883
1733228303.461599588394165 28.980115 53.817093 -0.475075 -0.822231 -0.567441 -0.028666 0.033542
1733228303.561598539352417 28.957483 53.790004 -0.481509 -0.820861 -0.569736 -0.021310 0.033667
1733228303.661597251892090 29.010245 53.864825 -0.587533 -0.822018 -0.568288 -0.022603 0.028704
1733228303.761596202850342 29.034586 53.937050 -0.580986 -0.825315 -0.563471 -0.026412 0.025647
1733228303.861595153808594 29.054477 53.980931 -0.577844 -0.828355 -0.559107 -0.025026 0.024502
1733228303.961594581604004 29.180605 54.247071 -0.584485 -0.831637 -0.553729 -0.029857 0.029558
1733228304.061593294143677 29.208376 54.314956 -0.590821 -0.833222 -0.551413 -0.029982 0.028041
1733228304.161592245101929 29.233928 54.377952 -0.593001 -0.835349 -0.548393 -0.026383 0.027574
1733228304.261591196060181 29.263355 54.444765 -0.589925 -0.838066 -0.544322 -0.024301 0.027718
1733228304.361590147018433 29.285073 54.486282 -0.578817 -0.844061 -0.534877 -0.029123 0.024892
1733228304.461588859558105 29.314494 54.533931 -0.569175 -0.849580 -0.526204 -0.028783 0.022262
1733228304.561587572097778 29.369687 54.637660 -0.565235 -0.854714 -0.517952 -0.026932 0.021532
1733228304.661586523056030 29.441987 54.787930 -0.578784 -0.855539 -0.516173 -0.032821 0.023273
1733228304.761585474014282 29.500322 54.886619 -0.581644 -0.853780 -0.519189 -0.028906 0.025829
1733228304.861584663391113 29.553188 54.984844 -0.589971 -0.851857 -0.522497 -0.023896 0.027661
1733228304.961583375930786 29.613997 55.077793 -0.589827 -0.848880 -0.527555 -0.024375 0.022222
1733228305.061582326889038 29.649779 55.122916 -0.589310 -0.850810 -0.524483 -0.026915 0.017775
1733228305.161581516265869 29.667554 55.127397 -0.582221 -0.851650 -0.523297 -0.023794 0.016937
1733228305.261580467224121 29.695204 55.172985 -0.579079 -0.851652 -0.523298 -0.022783 0.018122
1733228305.361579179763794 29.717785 55.221351 -0.589147 -0.848695 -0.528017 -0.026072 0.015343
1733228305.461578130722046 29.728822 55.236899 -0.588011 -0.846276 -0.531980 -0.024138 0.015213
1733228305.561577081680298 29.767751 55.309953 -0.597811 -0.843408 -0.536669 -0.018275 0.017760
1733228305.661575794219971 29.813960 55.380864 -0.596234 -0.842446 -0.538237 -0.020918 0.012194
1733228305.761574745178223 29.864288 55.471194 -0.592683 -0.844582 -0.534821 -0.024822 0.005658
1733228305.861573696136475 29.908240 55.561286 -0.589123 -0.845522 -0.533397 -0.023820 0.003471
1733228305.961572647094727 29.964337 55.671114 -0.592558 -0.844273 -0.535442 -0.021599 0.006141
1733228306.061571598052979 30.014325 55.782214 -0.604734 -0.839630 -0.542530 -0.025454 0.005832
1733228306.161570549011230 30.020931 55.798237 -0.546564 -0.838080 -0.544966 -0.023666 0.008543
1733228306.261569499969482 30.046525 55.875265 -0.562956 -0.836175 -0.548061 -0.018355 0.010205
1733228306.361568450927734 30.080659 55.947222 -0.552138 -0.836897 -0.546752 -0.022980 0.011693
1733228306.461567401885986 30.105741 56.015283 -0.547024 -0.837923 -0.545187 -0.024815 0.006328
1733228306.561566352844238 30.138014 56.082467 -0.545111 -0.838005 -0.545156 -0.022965 0.004914
1733228306.661565303802490 30.168432 56.155292 -0.541092 -0.837383 -0.546172 -0.021520 0.004738
1733228306.761564016342163 30.212839 56.256457 -0.561942 -0.830772 -0.555216 -0.025646 0.029928
1733228306.861562967300415 30.241855 56.316622 -0.565164 -0.826126 -0.562225 -0.020260 0.031757
1733228306.961561918258667 30.305889 56.440267 -0.572817 -0.823038 -0.566803 -0.014764 0.033519
1733228307.061560869216919 30.351805 56.520970 -0.572010 -0.824652 -0.564543 -0.017085 0.030787
1733228307.161559581756592 30.391530 56.583416 -0.570850 -0.826584 -0.561887 -0.015003 0.028562
1733228307.261559009552002 30.440383 56.669383 -0.570609 -0.828033 -0.559889 -0.012308 0.027089
1733228307.361557722091675 30.485787 56.755796 -0.577269 -0.825760 -0.562502 -0.014928 0.038596
1733228307.461556673049927 30.528180 56.838382 -0.584803 -0.824858 -0.564016 -0.014484 0.035855
1733228307.561555624008179 30.563679 56.910392 -0.590230 -0.825584 -0.562910 -0.009257 0.038173
1733228307.661554574966431 30.621933 57.020894 -0.589259 -0.826927 -0.560934 -0.011972 0.037441
1733228307.761553287506104 30.676482 57.132841 -0.587033 -0.831318 -0.554464 -0.016767 0.034626
1733228307.861552238464355 30.724980 57.227153 -0.582100 -0.834485 -0.549775 -0.018376 0.032321
1733228307.961550951004028 30.766551 57.322423 -0.577930 -0.837130 -0.545668 -0.019030 0.033131
1733228308.061550140380859 30.805483 57.419621 -0.590080 -0.835229 -0.548190 -0.023200 0.036625
1733228308.161548852920532 30.829653 57.483876 -0.589407 -0.833996 -0.550120 -0.019930 0.037699
1733228308.261547803878784 30.862088 57.573246 -0.596500 -0.832107 -0.553012 -0.016562 0.038757
1733228308.361546754837036 30.908501 57.682319 -0.593856 -0.831912 -0.553264 -0.019401 0.038018
1733228308.461545944213867 30.945279 57.762064 -0.588018 -0.836116 -0.546918 -0.023315 0.035315
1733228308.561544895172119 30.987612 57.836853 -0.582883 -0.839537 -0.541756 -0.022383 0.034306
1733228308.661543607711792 31.035499 57.932432 -0.579121 -0.842711 -0.536544 -0.023701 0.037381
1733228308.761542558670044 31.079347 58.016507 -0.588954 -0.842915 -0.536107 -0.025847 0.037634
1733228308.861541509628296 31.109848 58.065678 -0.588535 -0.844258 -0.533911 -0.020863 0.041629
1733228308.961540460586548 31.145173 58.127475 -0.593697 -0.844761 -0.533218 -0.016255 0.042343
1733228309.061539173126221 31.182265 58.172610 -0.588378 -0.849359 -0.525984 -0.016418 0.040760
1733228309.161538124084473 31.191032 58.177735 -0.587391 -0.854338 -0.518032 -0.018761 0.037381
1733228309.261537075042725 31.255362 58.258379 -0.614256 -0.858448 -0.511297 -0.016472 0.037018
1733228309.361536026000977 31.279169 58.299652 -0.626395 -0.859673 -0.508966 -0.024005 0.036601
1733228309.461534738540649 31.294720 58.318739 -0.633064 -0.859196 -0.509857 -0.019808 0.037889
1733228309.561533689498901 31.330807 58.386251 -0.643163 -0.858750 -0.510749 -0.014968 0.038204
1733228309.661532878875732 31.395783 58.491592 -0.643643 -0.859435 -0.509680 -0.016526 0.036386
1733228309.761531829833984 31.431028 58.548679 -0.640058 -0.864399 -0.501352 -0.020202 0.032431
1733228309.861530780792236 31.458971 58.581153 -0.633643 -0.867765 -0.495593 -0.021067 0.030455
1733228309.961529731750488 31.482784 58.619041 -0.629849 -0.870883 -0.490028 -0.020424 0.031915
1733228310.061528444290161 31.519350 58.698323 -0.639726 -0.871634 -0.488469 -0.025071 0.032000
1733228310.161527395248413 31.568153 58.769810 -0.640816 -0.870325 -0.490873 -0.021492 0.033410
1733228310.261526346206665 31.617273 58.860543 -0.651155 -0.868865 -0.493474 -0.016813 0.035706
1733228310.361525058746338 31.676100 58.946841 -0.649715 -0.869481 -0.492353 -0.020211 0.034386
1733228310.461524009704590 31.721224 59.011497 -0.647178 -0.873130 -0.485923 -0.023870 0.030875
1733228310.561522960662842 31.766340 59.069657 -0.643758 -0.875421 -0.481791 -0.023886 0.030730
1733228310.661521911621094 31.811173 59.143254 -0.640380 -0.876810 -0.479082 -0.025213 0.032400
1733228310.761521100997925 31.850490 59.212855 -0.650832 -0.876035 -0.480478 -0.025752 0.032269
1733228310.861520051956177 31.904420 59.303502 -0.654363 -0.875768 -0.481038 -0.022499 0.033558
1733228310.961519002914429 31.944333 59.361323 -0.657096 -0.875404 -0.481946 -0.018341 0.032563
1733228311.061517953872681 32.002031 59.435465 -0.649541 -0.878033 -0.477229 -0.023155 0.027837
1733228311.161516666412354 32.046767 59.505371 -0.648952 -0.880743 -0.472271 -0.025204 0.024841
1733228311.261515378952026 32.101544 59.574534 -0.643485 -0.883118 -0.467926 -0.022773 0.025075
1733228311.361514329910278 32.135771 59.621412 -0.649753 -0.881955 -0.469778 -0.028531 0.025510
1733228311.461513280868530 32.172121 59.670997 -0.657081 -0.880338 -0.472953 -0.024804 0.026550
1733228311.561512231826782 32.217947 59.739460 -0.664163 -0.879404 -0.474790 -0.020194 0.028565
1733228311.661511182785034 32.270154 59.810693 -0.661098 -0.879056 -0.475362 -0.023473 0.027208
1733228311.761510133743286 32.340477 59.922738 -0.657498 -0.881604 -0.470503 -0.027645 0.025253
1733228311.861509323120117 32.376604 59.964890 -0.650006 -0.883353 -0.467184 -0.029490 0.023589
1733228311.961508274078369 32.405467 60.002751 -0.646243 -0.884211 -0.465506 -0.030298 0.023602
1733228312.061506986618042 32.429705 60.039534 -0.657670 -0.882643 -0.468145 -0.034128 0.024855
1733228312.161505937576294 32.455197 60.072600 -0.659869 -0.880816 -0.471781 -0.029985 0.026214
1733228312.261504888534546 32.490124 60.129931 -0.666031 -0.879105 -0.475132 -0.025118 0.028153
1733228312.361503601074219 32.557305 60.235603 -0.619865 -0.879876 -0.473286 -0.033492 0.026383
1733228312.461502552032471 32.610000 60.316884 -0.614008 -0.881705 -0.469737 -0.036461 0.024766
1733228312.561501502990723 32.649024 60.364020 -0.608120 -0.883182 -0.466953 -0.035817 0.025734
1733228312.661500453948975 32.690906 60.422760 -0.604163 -0.881548 -0.469470 -0.041105 0.027969
1733228312.761499166488647 32.741057 60.497014 -0.611705 -0.878423 -0.475519 -0.038927 0.027200
1733228312.861498594284058 32.771512 60.543175 -0.616704 -0.876152 -0.480058 -0.033461 0.027959
1733228312.961497306823730 32.808150 60.585175 -0.615805 -0.874867 -0.482369 -0.035178 0.026275
1733228313.061496496200562 32.856475 60.657209 -0.609018 -0.877821 -0.476758 -0.038405 0.025648
1733228313.161495208740234 32.906450 60.721952 -0.604607 -0.879809 -0.473065 -0.039375 0.024398
1733228313.261494159698486 32.944183 60.771367 -0.595222 -0.881007 -0.470909 -0.037743 0.025448
1733228313.361493110656738 32.971352 60.814004 -0.600194 -0.879402 -0.473273 -0.044003 0.026976
1733228313.461491823196411 33.037392 60.918381 -0.601740 -0.877833 -0.476416 -0.040616 0.028066
1733228313.561490535736084 33.067546 60.960364 -0.607954 -0.875976 -0.480102 -0.035891 0.029648
1733228313.661489486694336 33.111084 61.013934 -0.600432 -0.875334 -0.481398 -0.034704 0.029038
1733228313.761488437652588 33.148296 61.057212 -0.601777 -0.878382 -0.475733 -0.038919 0.024657
1733228313.861487388610840 33.211055 61.153145 -0.593419 -0.880196 -0.472485 -0.039078 0.022025
1733228313.961486339569092 33.250743 61.192252 -0.590999 -0.881502 -0.469949 -0.038323 0.025175
1733228314.061485528945923 33.288337 61.239292 -0.599732 -0.880181 -0.471962 -0.043702 0.024966
1733228314.161484479904175 33.332418 61.304688 -0.604793 -0.878805 -0.474929 -0.039491 0.024181
1733228314.261483430862427 33.365520 61.355397 -0.613449 -0.876732 -0.479096 -0.034014 0.025526
1733228314.361482381820679 33.491475 61.579473 -0.613946 -0.875648 -0.481102 -0.034642 0.024102
1733228314.461481094360352 33.538380 61.648159 -0.609897 -0.877312 -0.477861 -0.038224 0.022630
1733228314.561479806900024 33.578212 61.706813 -0.600053 -0.877917 -0.476776 -0.038331 0.021834
1733228314.661478757858276 33.629902 61.789345 -0.595815 -0.877753 -0.476949 -0.039310 0.022889
1733228314.761477708816528 33.684033 61.886227 -0.606531 -0.875152 -0.481381 -0.043285 0.022537
1733228314.861476659774780 33.707947 61.921923 -0.607796 -0.872319 -0.486916 -0.038447 0.022244
1733228314.961475610733032 33.734929 61.965964 -0.615205 -0.869660 -0.491969 -0.032566 0.024433
1733228315.061474561691284 33.767929 62.007911 -0.610961 -0.868924 -0.493246 -0.033116 0.024143
1733228315.161473751068115 33.794691 62.046789 -0.606436 -0.869910 -0.491468 -0.036051 0.020392
1733228315.261472702026367 33.811731 62.077420 -0.600524 -0.869945 -0.491340 -0.037126 0.020073
1733228315.361471414566040 33.825191 62.101074 -0.603566 -0.868324 -0.493828 -0.041753 0.020103
1733228315.461470365524292 33.835119 62.113641 -0.583131 -0.865469 -0.498914 -0.040941 0.019299
1733228315.561469316482544 33.852703 62.152252 -0.590513 -0.862653 -0.504167 -0.035679 0.019293
1733228315.661468029022217 33.871546 62.182762 -0.591647 -0.860364 -0.508381 -0.029855 0.020772
1733228315.761466979980469 33.896896 62.223916 -0.587321 -0.860717 -0.507410 -0.037241 0.017701
1733228315.861465930938721 33.919517 62.264786 -0.582524 -0.861741 -0.505722 -0.037636 0.015198
1733228315.961464881896973 33.972004 62.346937 -0.580181 -0.862206 -0.504921 -0.037469 0.015895
1733228316.061463832855225 33.988008 62.387785 -0.583628 -0.860478 -0.507496 -0.042154 0.015769
1733228316.161462545394897 33.997950 62.408365 -0.591111 -0.857745 -0.512465 -0.037736 0.015101
1733228316.261461496353149 34.009443 62.431212 -0.596160 -0.855007 -0.517391 -0.031484 0.016668
1733228316.361460685729980 34.030007 62.462850 -0.599178 -0.853338 -0.520165 -0.030193 0.018192
1733228316.461459636688232 34.050439 62.498006 -0.592341 -0.854651 -0.517892 -0.032641 0.017166
1733228316.561458587646484 34.084482 62.555216 -0.592909 -0.855041 -0.517280 -0.032081 0.017246
1733228316.661457538604736 34.104931 62.585814 -0.591002 -0.855204 -0.516941 -0.032432 0.018618
1733228316.761456251144409 34.118087 62.611614 -0.600849 -0.852438 -0.521288 -0.034414 0.020579
1733228316.861455202102661 34.120876 62.628312 -0.602688 -0.849730 -0.526012 -0.029402 0.020124
1733228316.961454153060913 34.132243 62.657790 -0.608545 -0.847188 -0.530245 -0.025880 0.021037
1733228317.061452865600586 34.135791 62.670856 -0.615132 -0.844759 -0.534207 -0.025151 0.019287
1733228317.161451816558838 34.145210 62.694376 -0.608099 -0.845694 -0.532670 -0.029059 0.014818
1733228317.261450767517090 34.179646 62.757922 -0.610054 -0.845947 -0.532264 -0.028621 0.015805
1733228317.361449718475342 34.190194 62.777451 -0.604620 -0.846382 -0.531574 -0.029039 0.014951
1733228317.461448907852173 34.227912 62.862205 -0.610125 -0.843486 -0.535961 -0.031173 0.017471
1733228317.561447858810425 34.236263 62.883104 -0.613039 -0.839895 -0.541785 -0.026350 0.018743
1733228317.661446809768677 34.255704 62.920114 -0.614969 -0.836991 -0.546344 -0.022358 0.021304
1733228317.761445522308350 34.280949 62.962754 -0.617562 -0.837342 -0.545769 -0.024118 0.020312
1733228317.861444473266602 34.301835 62.993654 -0.618087 -0.846826 -0.531038 -0.025783 0.014855
1733228317.961443185806274 34.335658 63.025849 -0.612951 -0.854654 -0.518325 -0.027290 0.012694
1733228318.061442136764526 34.367862 63.063932 -0.612910 -0.862192 -0.505618 -0.028107 0.013630
1733228318.161441087722778 34.406383 63.121863 -0.622382 -0.866220 -0.498711 -0.027921 0.013054
1733228318.261440038681030 34.443137 63.177379 -0.623066 -0.871564 -0.489497 -0.024319 0.013305
1733228318.361438989639282 34.479729 63.215093 -0.625538 -0.877878 -0.478208 -0.019421 0.016434
1733228318.461438179016113 34.500846 63.219054 -0.627940 -0.885571 -0.463745 -0.019383 0.018153
1733228318.561436891555786 34.492476 63.153711 -0.586333 -0.897088 -0.440899 -0.023787 0.016574
1733228318.661435842514038 34.533812 63.173416 -0.583447 -0.910166 -0.413339 -0.023815 0.013465
1733228318.761434793472290 34.568756 63.179094 -0.584608 -0.922035 -0.386147 -0.024427 0.012080
1733228318.861433744430542 34.584618 63.173684 -0.593168 -0.931088 -0.363614 -0.025745 0.014020
1733228318.961432695388794 34.624259 63.187786 -0.594961 -0.939287 -0.342062 -0.022255 0.015439
1733228319.061431407928467 34.658237 63.202440 -0.598851 -0.947817 -0.317624 -0.020083 0.018824
1733228319.161430358886719 34.711030 63.240725 -0.602238 -0.956012 -0.292021 -0.019259 0.019864
1733228319.261429309844971 34.754089 63.257946 -0.603794 -0.963789 -0.265120 -0.022974 0.017129
1733228319.361430168151855 34.796236 63.283524 -0.598102 -0.971412 -0.235302 -0.029889 0.009933
1733228319.461429119110107 34.840149 63.299766 -0.590178 -0.977320 -0.209460 -0.029359 0.010462
1733228319.561428308486938 34.863757 63.287638 -0.586070 -0.982228 -0.184801 -0.030667 0.011698
1733228319.661427497863770 34.896147 63.298746 -0.585433 -0.985849 -0.163167 -0.035041 0.015800
1733228319.761426687240601 34.905993 63.265022 -0.586685 -0.988680 -0.145526 -0.031734 0.018084
1733228319.861426353454590 34.910006 63.222126 -0.590483 -0.991289 -0.126331 -0.030385 0.021545
1733228319.961425542831421 34.929927 63.198595 -0.591601 -0.993717 -0.105339 -0.028611 0.024728
1733228320.061424493789673 34.929515 63.143699 -0.595763 -0.995968 -0.082146 -0.027384 0.023455
1733228320.161423683166504 34.939225 63.113233 -0.593664 -0.997894 -0.054031 -0.034505 0.009893
1733228320.261422872543335 34.965507 63.099134 -0.590178 -0.999048 -0.025898 -0.034306 0.007513
1733228320.361422300338745 35.025184 63.145693 -0.578998 -0.999305 0.003184 -0.036833 0.004822
1733228320.461421489715576 35.063133 63.129356 -0.582175 -0.998823 0.029021 -0.038717 0.003331
1733228320.561420679092407 35.093834 63.142695 -0.583517 -0.997928 0.051698 -0.038026 0.004506
1733228320.661419630050659 35.123449 63.136471 -0.586825 -0.996398 0.075753 -0.037252 0.008091
1733228320.761418819427490 35.143128 63.121109 -0.586159 -0.994193 0.100520 -0.036469 0.012053
1733228320.861418247222900 35.168677 63.113692 -0.584331 -0.990896 0.128923 -0.035850 0.014758
1733228320.961417675018311 35.194114 63.100105 -0.586707 -0.986295 0.160821 -0.035953 0.008166
1733228321.061416864395142 35.192989 63.028600 -0.585996 -0.979964 0.196776 -0.030477 0.004516
1733228321.161416053771973 35.216485 62.998770 -0.586127 -0.973455 0.226766 -0.030907 0.002717
1733228321.261415004730225 35.245749 62.974648 -0.585468 -0.968608 0.246268 -0.033902 0.001126
1733228321.361414432525635 35.264217 62.944506 -0.578029 -0.965425 0.258766 -0.031238 0.004341
1733228321.461413621902466 35.299425 62.912309 -0.587446 -0.965741 0.257312 -0.032291 0.009644
1733228321.561413049697876 35.341171 62.880223 -0.581788 -0.966815 0.253124 -0.034473 0.003024
1733228321.661412239074707 35.374393 62.845638 -0.585067 -0.966603 0.254193 -0.032595 0.001444
1733228321.761411190032959 35.403303 62.816000 -0.582330 -0.965839 0.256907 -0.033864 -0.002517
1733228321.861410617828369 35.428978 62.780817 -0.572227 -0.965355 0.258027 -0.038761 -0.002988
1733228321.961409807205200 35.464176 62.759539 -0.544617 -0.965568 0.256285 -0.044320 -0.005721
1733228322.061409235000610 35.512015 62.738227 -0.546756 -0.966042 0.254280 -0.045330 -0.007043
1733228322.161408424377441 35.554865 62.714783 -0.544984 -0.967176 0.250243 -0.043959 -0.004206
1733228322.261407613754272 35.597916 62.686266 -0.540959 -0.968128 0.246762 -0.042750 -0.002892
1733228322.361402034759521 35.645621 62.661217 -0.530183 -0.967912 0.247609 -0.042085 -0.008008
1733228322.461401224136353 35.694504 62.637647 -0.520724 -0.968090 0.246523 -0.043167 -0.012845
1733228322.561400175094604 35.745362 62.604961 -0.509619 -0.968178 0.245823 -0.044903 -0.013657
1733228322.661399364471436 35.812681 62.574246 -0.503721 -0.968390 0.244686 -0.046276 -0.014410
1733228322.761398553848267 35.875511 62.552029 -0.507672 -0.969373 0.240904 -0.045726 -0.013799
1733228322.861397981643677 35.931255 62.528125 -0.510961 -0.970391 0.237106 -0.044669 -0.011254
1733228322.961397409439087 35.990242 62.500011 -0.512784 -0.971360 0.233512 -0.043339 -0.007318
1733228323.061396598815918 36.048653 62.470737 -0.505395 -0.971110 0.233658 -0.047163 -0.011160
1733228323.161395549774170 36.098211 62.445663 -0.493705 -0.970245 0.236484 -0.049951 -0.014352
1733228323.261394739151001 36.136536 62.426419 -0.481644 -0.970045 0.237181 -0.050659 -0.013825
1733228323.361393928527832 36.190512 62.400904 -0.471905 -0.969594 0.237802 -0.056510 -0.012030
1733228323.461393356323242 36.246949 62.370031 -0.476425 -0.969034 0.239243 -0.059373 -0.014552
1733228323.561392545700073 36.312186 62.331345 -0.512172 -0.968651 0.245792 -0.034554 -0.010375
1733228323.661391735076904 36.342799 62.301743 -0.533699 -0.968815 0.246488 -0.024992 -0.004122
1733228323.761390686035156 36.375566 62.267078 -0.571582 -0.969044 0.246412 -0.013128 0.007949
1733228323.861390113830566 36.395385 62.224449 -0.606704 -0.966530 0.254838 0.006200 0.028966
1733228323.961389303207397 36.408864 62.172956 -0.630130 -0.964128 0.258073 0.025680 0.056530
1733228324.061388731002808 36.406805 62.097508 -0.618825 -0.960001 0.263904 0.040019 0.084570
1733228324.161387920379639 36.392478 62.034692 -0.611393 -0.955190 0.273863 0.045367 0.102731
1733228324.261386871337891 36.394362 61.943937 -0.618354 -0.952953 0.282076 0.040862 0.103168
1733228324.361386060714722 36.395590 61.840015 -0.692603 -0.939849 0.317915 0.085325 0.091286
1733228324.461385250091553 36.387634 61.778489 -0.696641 -0.930670 0.353767 0.052167 0.077341
1733228324.561384439468384 36.724402 61.585173 -0.739377 -0.933961 0.350346 0.022984 0.066675
1733228324.661383867263794 36.449692 61.679692 -0.782862 -0.935080 0.349646 0.015687 0.055914
1733228324.761383056640625 36.566064 61.623860 -0.690852 -0.932916 0.355028 0.029675 0.052363
1733228324.861382246017456 36.640468 61.690364 -0.434278 -0.929909 0.364716 0.033968 0.033130
1733228324.961381435394287 36.672878 61.631313 -0.344950 -0.934556 0.351603 0.037350 0.039812
1733228325.061380624771118 36.813014 61.607885 -0.326440 -0.939124 0.338830 0.017147 0.054275
1733228325.161380052566528 36.912275 61.561111 -0.288752 -0.939223 0.340556 0.015453 0.040532
1733228325.261379241943359 37.005796 61.434837 -0.240306 -0.935708 0.350887 0.022365 0.028797
1733228325.361378431320190 37.030899 61.392701 -0.229864 -0.934811 0.353815 0.018686 0.024371
1733228325.461377620697021 37.065574 61.379616 -0.241164 -0.941791 0.336181 -0.001917 -0.002856
1733228325.561376810073853 37.066865 61.376773 -0.232208 -0.951398 0.307961 -0.001233 -0.000312
1733228325.661375999450684 37.121610 61.417044 -0.231502 -0.966136 0.257941 -0.000592 0.006938
1733228325.761375427246094 37.136839 61.465293 -0.228959 -0.980807 0.194568 -0.004548 0.011852
1733228325.861374616622925 36.974255 61.236105 -0.276017 -0.991360 0.126656 -0.025308 0.022866
1733228325.961373567581177 37.079736 61.503881 -0.325381 -0.997882 0.056228 -0.015885 0.028581
1733228326.061372995376587 37.066895 61.629205 -0.315121 -0.999146 -0.014999 -0.019868 0.032969
1733228326.161372184753418 37.105614 61.711160 -0.330822 -0.995968 -0.078995 -0.035693 0.023111
1733228326.261371612548828 37.104434 61.738229 -0.369779 -0.989771 -0.134583 -0.039824 0.025603
1733228326.361355066299438 37.101769 61.863632 -0.404134 -0.981895 -0.183118 -0.045558 0.016555
1733228326.461354017257690 37.002410 61.779260 -0.510768 -0.969278 -0.241263 -0.046672 0.010649
1733228326.561352968215942 37.014922 61.825035 -0.482140 -0.958197 -0.280905 -0.050772 0.019291
1733228326.661352157592773 36.988921 61.829791 -0.442720 -0.946690 -0.318126 -0.044831 0.023735
1733228326.761351108551025 37.023268 61.890775 -0.460169 -0.935299 -0.349994 -0.045263 0.025892
1733228326.861350059509277 37.068200 61.915324 -0.459847 -0.924947 -0.376269 -0.048387 0.023538
1733228326.961349010467529 37.102388 61.953125 -0.457814 -0.919605 -0.390075 -0.042389 0.019295
1733228327.061347961425781 37.107818 61.977142 -0.445234 -0.913738 -0.403909 -0.041467 0.014898
1733228327.161346673965454 37.111043 62.001960 -0.424227 -0.908203 -0.416337 -0.041175 0.011593
1733228327.261345624923706 37.148446 62.057073 -0.419974 -0.901326 -0.430964 -0.041887 0.011284
1733228327.361344575881958 37.204892 62.111335 -0.423649 -0.892603 -0.448411 -0.045450 0.011063
1733228327.461343526840210 37.215628 62.163653 -0.420673 -0.881026 -0.470687 -0.046620 0.008629
1733228327.561342239379883 37.222292 62.215291 -0.408340 -0.867334 -0.495831 -0.042256 0.009865
1733228327.661341190338135 37.239655 62.276471 -0.416906 -0.851715 -0.523300 -0.024586 0.011606
1733228327.761340379714966 37.253988 62.335882 -0.420949 -0.839646 -0.542556 -0.023746 0.007942
1733228327.861339569091797 37.266329 62.397697 -0.419278 -0.828157 -0.560017 -0.021842 0.007703
1733228327.961338281631470 37.282256 62.474355 -0.421986 -0.816783 -0.576403 -0.020784 0.013927
1733228328.061337232589722 37.388288 62.540373 -0.447380 -0.805722 -0.591589 -0.022041 0.018697
1733228328.161336183547974 37.432611 62.624878 -0.466265 -0.798293 -0.601538 -0.024717 0.016406
1733228328.261334896087646 37.458779 62.697832 -0.464949 -0.792217 -0.609637 -0.019835 0.018476
1733228328.361333847045898 37.477141 62.775055 -0.463795 -0.788268 -0.614441 -0.026587 0.019721
1733228328.461332798004150 37.488296 62.846379 -0.458917 -0.790040 -0.612189 -0.028654 0.015483
1733228328.561331748962402 37.496242 62.906469 -0.452174 -0.789565 -0.612777 -0.029388 0.015103
1733228328.661330699920654 37.496165 62.973618 -0.448399 -0.788417 -0.614285 -0.026514 0.018686
1733228328.761329889297485 37.498469 63.034311 -0.458806 -0.785204 -0.617880 -0.028717 0.029232
1733228328.861328840255737 37.490653 63.044679 -0.442409 -0.781377 -0.622873 -0.027223 0.027170
1733228328.961327552795410 37.498926 63.092144 -0.439585 -0.778545 -0.626413 -0.023554 0.030331
1733228329.061326742172241 37.513249 63.145200 -0.436362 -0.779283 -0.625463 -0.019856 0.033469
1733228329.161325454711914 37.527654 63.183020 -0.423324 -0.784684 -0.618540 -0.024428 0.032908
1733228329.261324405670166 37.537659 63.206638 -0.407884 -0.789930 -0.611808 -0.025753 0.032222
1733228329.361323118209839 37.557695 63.247698 -0.401398 -0.800022 -0.598637 -0.024530 0.031556
1733228329.461322069168091 37.592514 63.297826 -0.403375 -0.812804 -0.579977 -0.027389 0.047174
1733228329.561321020126343 37.624807 63.340219 -0.414172 -0.824679 -0.563036 -0.027551 0.046221
1733228329.661319971084595 37.654093 63.371297 -0.416327 -0.836647 -0.544862 -0.024330 0.050550
1733228329.761318922042847 37.682221 63.404463 -0.417390 -0.845159 -0.531231 -0.021508 0.055105
1733228329.861318111419678 37.715126 63.444610 -0.416667 -0.854797 -0.515481 -0.028741 0.052685
1733228329.961317062377930 37.753523 63.487769 -0.420012 -0.863666 -0.500733 -0.028831 0.050164
1733228330.061316013336182 37.789190 63.528515 -0.419922 -0.869572 -0.490470 -0.026868 0.050603
1733228330.161314964294434 37.822499 63.572824 -0.421063 -0.871267 -0.487493 -0.025504 0.050924
1733228330.261313676834106 37.849810 63.621971 -0.427372 -0.871236 -0.488551 -0.022851 0.041760
1733228330.361312627792358 37.875667 63.669477 -0.434290 -0.868898 -0.493121 -0.018861 0.038634
1733228330.461311340332031 37.905135 63.718956 -0.437056 -0.866229 -0.498156 -0.015573 0.035292
1733228330.561310291290283 37.942273 63.775138 -0.438136 -0.863392 -0.503283 -0.014266 0.032499
1733228330.661309242248535 37.978526 63.831219 -0.440480 -0.864034 -0.502483 -0.017229 0.025663
1733228330.761308193206787 38.012765 63.890040 -0.437649 -0.864406 -0.501887 -0.018665 0.023710
1733228330.861307144165039 38.049153 63.955338 -0.432303 -0.865213 -0.500414 -0.016805 0.026642
1733228330.961306333541870 38.086446 64.021698 -0.427104 -0.863575 -0.502916 -0.020456 0.029937
1733228331.061305284500122 38.114409 64.082921 -0.425408 -0.862571 -0.504646 -0.022804 0.027983
1733228331.161304235458374 38.150563 64.146192 -0.423330 -0.860442 -0.508261 -0.018732 0.030970
1733228331.261303186416626 38.198585 64.224914 -0.420764 -0.858237 -0.511904 -0.017443 0.032853
1733228331.361302137374878 38.245999 64.299156 -0.418507 -0.859849 -0.509065 -0.022494 0.031727
1733228331.461300849914551 38.289214 64.367773 -0.415517 -0.861659 -0.506088 -0.021432 0.030982
1733228331.561299562454224 38.334155 64.448310 -0.416533 -0.862744 -0.503877 -0.024781 0.034167
1733228331.661298751831055 38.378514 64.527247 -0.420286 -0.859748 -0.508154 -0.029638 0.041646
1733228331.761297464370728 38.410937 64.596256 -0.422518 -0.858805 -0.509831 -0.030813 0.039707
1733228331.861296415328979 38.446845 64.669571 -0.427505 -0.857033 -0.512948 -0.026180 0.041154
1733228331.961295366287231 38.421783 64.661150 -0.325713 -0.851621 -0.522333 -0.016879 0.040296
1733228332.061294555664062 38.430904 64.723929 -0.306939 -0.850951 -0.523579 -0.020470 0.036443
1733228332.161293506622314 38.473892 64.789612 -0.306783 -0.851980 -0.521994 -0.019028 0.035922
1733228332.261292457580566 38.521931 64.862712 -0.309878 -0.853672 -0.519371 -0.016599 0.034965
1733228332.361289024353027 38.560668 64.942934 -0.325362 -0.849904 -0.524695 -0.021145 0.043714
1733228332.461287975311279 38.585583 65.001540 -0.328502 -0.847044 -0.529458 -0.020472 0.042079
1733228332.561286926269531 38.604365 65.070986 -0.334939 -0.845102 -0.532732 -0.019085 0.040438
1733228332.661285877227783 38.627996 65.143103 -0.334869 -0.842247 -0.537336 -0.019410 0.038900
1733228332.761285066604614 38.652015 65.216701 -0.331174 -0.843608 -0.535069 -0.030397 0.033220
1733228332.861284017562866 38.676510 65.290319 -0.321785 -0.844641 -0.533647 -0.031607 0.028340
1733228332.961282968521118 38.704746 65.382216 -0.318766 -0.845172 -0.533082 -0.027736 0.027182
1733228333.061281919479370 38.735162 65.474178 -0.329228 -0.842644 -0.536828 -0.027100 0.032138
1733228333.161280632019043 38.764822 65.547980 -0.335536 -0.839461 -0.541780 -0.026425 0.032887
1733228333.261279344558716 38.794117 65.610759 -0.340202 -0.836948 -0.545714 -0.023383 0.034178
1733228333.361278533935547 38.832723 65.685783 -0.336117 -0.835244 -0.548262 -0.025913 0.033240
1733228333.461277246475220 38.867456 65.745520 -0.333049 -0.836679 -0.545929 -0.030786 0.031333
1733228333.561276197433472 38.896213 65.803636 -0.330782 -0.837359 -0.544854 -0.030598 0.032070
1733228333.661275148391724 38.931525 65.871755 -0.327924 -0.836940 -0.545321 -0.029229 0.036085
1733228333.761274337768555 38.959811 65.939877 -0.339500 -0.835882 -0.547156 -0.028466 0.033329
1733228333.861273288726807 38.981146 65.993324 -0.340761 -0.835022 -0.548763 -0.025271 0.030963
1733228333.961272239685059 39.001005 66.046518 -0.347157 -0.835047 -0.548870 -0.022813 0.030304
1733228334.061271190643311 39.035711 66.104035 -0.353089 -0.834769 -0.549365 -0.018439 0.031907
1733228334.161270141601562 39.063363 66.151061 -0.353392 -0.837107 -0.545750 -0.021679 0.030640
1733228334.261268854141235 39.088021 66.194564 -0.351903 -0.839068 -0.542813 -0.020100 0.030244
1733228334.361267805099487 39.116361 66.243607 -0.350811 -0.840879 -0.540015 -0.018649 0.030951
1733228334.461266517639160 39.143521 66.293786 -0.343398 -0.842131 -0.537465 -0.018460 0.040074
1733228334.561265468597412 39.170781 66.347447 -0.355267 -0.841175 -0.538375 -0.022961 0.045266
1733228334.661264419555664 39.187123 66.375550 -0.345018 -0.840690 -0.538964 -0.024176 0.046622
1733228334.761263370513916 39.210094 66.417317 -0.342135 -0.838911 -0.541559 -0.021791 0.049679
1733228334.861262559890747 39.241602 66.473780 -0.347720 -0.838859 -0.541608 -0.018261 0.051418
1733228334.961261510848999 39.272273 66.522176 -0.361053 -0.843659 -0.534635 -0.017428 0.045839
1733228335.061260461807251 39.293186 66.573614 -0.383114 -0.846821 -0.530177 -0.013768 0.040211
1733228335.161259412765503 39.316232 66.620843 -0.383010 -0.849711 -0.525509 -0.016184 0.039624
1733228335.261258363723755 39.340517 66.674555 -0.390842 -0.852173 -0.521530 -0.018652 0.038195
1733228335.361257076263428 39.361937 66.715470 -0.393932 -0.853043 -0.520323 -0.018090 0.035421
1733228335.461256027221680 39.382486 66.759653 -0.397751 -0.853454 -0.519668 -0.015946 0.036167
1733228335.561254978179932 39.406521 66.803085 -0.395780 -0.852566 -0.521156 -0.013810 0.036571
1733228335.661253929138184 39.432931 66.851158 -0.390558 -0.853935 -0.518773 -0.021146 0.034963
1733228335.761252641677856 39.449276 66.883376 -0.374801 -0.855491 -0.516291 -0.023398 0.032110
1733228335.861251831054688 39.479511 66.930709 -0.369828 -0.856642 -0.514371 -0.023790 0.031946
1733228335.961251020431519 39.509303 66.993251 -0.368278 -0.857967 -0.512208 -0.023397 0.031441
1733228336.061249971389771 39.528334 67.034808 -0.366975 -0.856937 -0.513874 -0.024096 0.031804
1733228336.161248683929443 39.551752 67.080609 -0.365024 -0.855738 -0.515874 -0.023538 0.032134
1733228336.261247873306274 39.576593 67.126780 -0.363417 -0.854193 -0.518497 -0.020151 0.033316
1733228336.361244440078735 39.611887 67.178649 -0.367631 -0.853538 -0.519588 -0.014598 0.035893
1733228336.461243152618408 39.647461 67.234974 -0.372023 -0.856096 -0.515483 -0.015436 0.033755
1733228336.561242103576660 39.681938 67.281637 -0.369497 -0.858234 -0.511899 -0.012433 0.035206
1733228336.661241292953491 39.718110 67.337266 -0.366256 -0.860039 -0.508836 -0.011880 0.035749
1733228336.761240005493164 39.754108 67.391146 -0.374653 -0.860311 -0.507828 -0.014817 0.041901
1733228336.861238956451416 39.783870 67.436008 -0.377420 -0.862158 -0.504633 -0.016063 0.042076
1733228336.961237907409668 39.809301 67.485682 -0.386653 -0.864077 -0.501414 -0.014535 0.041751
1733228337.061236858367920 39.836083 67.530526 -0.382457 -0.863856 -0.501840 -0.012140 0.041971
1733228337.161235570907593 39.862687 67.588107 -0.377316 -0.865511 -0.499033 -0.022491 0.036761
1733228337.261234283447266 39.899262 67.645047 -0.375264 -0.866780 -0.496758 -0.026325 0.035090
1733228337.361233234405518 39.932288 67.705907 -0.369199 -0.867234 -0.495866 -0.025794 0.036827
1733228337.461232185363770 39.970529 67.783039 -0.375884 -0.867914 -0.495244 -0.022362 0.030960
1733228337.561231136322021 39.998769 67.851513 -0.382694 -0.865574 -0.499334 -0.020697 0.031919
1733228337.661229848861694 40.036918 67.902549 -0.382649 -0.862640 -0.504498 -0.018986 0.031205
1733228337.761228799819946 40.070061 67.972234 -0.386026 -0.859725 -0.509580 -0.015927 0.030779
1733228337.861227989196777 40.109612 68.038171 -0.383281 -0.859876 -0.509061 -0.023563 0.030245
1733228337.961226940155029 40.140851 68.093037 -0.383501 -0.860110 -0.508563 -0.027001 0.029063
1733228338.061225891113281 40.174880 68.142065 -0.381517 -0.860403 -0.508217 -0.023010 0.029894
1733228338.161224603652954 40.277865 68.239697 -0.333146 -0.861404 -0.506046 -0.027059 0.034184
1733228338.261223554611206 40.305121 68.310603 -0.331605 -0.859395 -0.509408 -0.026743 0.035040
1733228338.361222267150879 40.344123 68.361937 -0.336718 -0.857196 -0.513116 -0.023537 0.037062
1733228338.461220979690552 40.389124 68.415561 -0.339692 -0.854694 -0.517356 -0.018983 0.038473
1733228338.561219930648804 40.435246 68.466897 -0.338509 -0.855961 -0.515267 -0.019574 0.038044
1733228338.661218643188477 40.472220 68.507088 -0.339320 -0.857958 -0.512046 -0.019016 0.036816
1733228338.761217594146729 40.506058 68.546081 -0.339377 -0.858985 -0.510404 -0.016785 0.036756
1733228338.861216545104980 40.545946 68.593667 -0.339071 -0.858186 -0.510937 -0.018054 0.046195
1733228338.961215496063232 40.573727 68.642646 -0.348734 -0.855732 -0.514729 -0.022631 0.047595
1733228339.061214685440063 40.597453 68.678136 -0.344023 -0.855051 -0.515998 -0.025827 0.044357
1733228339.161213397979736 40.614839 68.727801 -0.342740 -0.853723 -0.518211 -0.023267 0.045526
1733228339.261212348937988 40.638225 68.786074 -0.339558 -0.851917 -0.521090 -0.025491 0.045297
1733228339.361211299896240 40.657889 68.837140 -0.334939 -0.853954 -0.517423 -0.035944 0.041753
1733228339.461210250854492 40.684402 68.883306 -0.327856 -0.854585 -0.516527 -0.035551 0.040258
1733228339.561208963394165 40.711434 68.935319 -0.324875 -0.854949 -0.515960 -0.034050 0.041073
1733228339.661207675933838 40.740020 69.002276 -0.336564 -0.853878 -0.517912 -0.034235 0.038569
1733228339.761206626892090 40.764837 69.057978 -0.343191 -0.850203 -0.524144 -0.031059 0.038266
1733228339.861205577850342 40.787188 69.109791 -0.352816 -0.847460 -0.528694 -0.029394 0.037823
1733228339.961204528808594 40.815585 69.163244 -0.356874 -0.845013 -0.532835 -0.024124 0.038188
1733228340.061203241348267 40.839152 69.213860 -0.352359 -0.844433 -0.533572 -0.030781 0.035866
1733228340.161202192306519 40.859535 69.254238 -0.345229 -0.844040 -0.534174 -0.035796 0.031188
1733228340.261201143264771 40.882144 69.297857 -0.341267 -0.842962 -0.535851 -0.036802 0.030416
1733228340.361200094223022 40.909712 69.352430 -0.337030 -0.842071 -0.537255 -0.035382 0.031958
1733228340.461199045181274 40.931969 69.396264 -0.340318 -0.838900 -0.541174 -0.039096 0.043007
1733228340.561197996139526 40.953148 69.434281 -0.347777 -0.834267 -0.547608 -0.041644 0.048888
1733228340.661196708679199 40.982185 69.488189 -0.340009 -0.831644 -0.552102 -0.039184 0.044904
1733228340.761195659637451 41.015333 69.541253 -0.349911 -0.831489 -0.553011 -0.034394 0.040270
1733228340.861194610595703 41.043485 69.585740 -0.350000 -0.832340 -0.551725 -0.033679 0.040937
1733228340.961193323135376 41.070251 69.632418 -0.344690 -0.833378 -0.550295 -0.029532 0.042252
1733228341.061192274093628 41.093915 69.685884 -0.344566 -0.833996 -0.549379 -0.027729 0.043176
1733228341.161190986633301 41.116293 69.739952 -0.355052 -0.830613 -0.554614 -0.026233 0.042394
1733228341.261189937591553 41.135069 69.788991 -0.342437 -0.829328 -0.556704 -0.026584 0.039861
1733228341.361188888549805 41.154476 69.834768 -0.345489 -0.828590 -0.557899 -0.026044 0.038847
1733228341.461187839508057 41.176097 69.879381 -0.345069 -0.829645 -0.556567 -0.024102 0.036629
1733228341.561186552047729 41.197927 69.923292 -0.340512 -0.833559 -0.550501 -0.031576 0.033630
1733228341.661185741424561 41.222349 69.971021 -0.341995 -0.838642 -0.542643 -0.036973 0.029194
1733228341.761184692382812 41.241972 70.023190 -0.335489 -0.843601 -0.534804 -0.037947 0.029698
1733228341.861183643341064 41.261190 70.083063 -0.333196 -0.848623 -0.526864 -0.035747 0.031218
1733228341.961182355880737 41.281231 70.131502 -0.335112 -0.851203 -0.522849 -0.035325 0.028877
1733228342.061181306838989 41.296847 70.169703 -0.329144 -0.854130 -0.518367 -0.029880 0.029409
1733228342.161180019378662 41.322118 70.218108 -0.332456 -0.856428 -0.514649 -0.026144 0.031350
1733228342.261178731918335 41.348512 70.260867 -0.333898 -0.859182 -0.510181 -0.022049 0.032195
1733228342.361177682876587 41.378250 70.304778 -0.335321 -0.864064 -0.501973 -0.023504 0.029404
1733228342.461176633834839 41.406591 70.336921 -0.327597 -0.868556 -0.494385 -0.021587 0.026971
1733228342.561175584793091 41.447519 70.391021 -0.328619 -0.871175 -0.489803 -0.018968 0.028065
1733228342.661174297332764 41.487214 70.438344 -0.330389 -0.871440 -0.489015 -0.017723 0.033817
1733228342.761173248291016 41.521128 70.485641 -0.341991 -0.868681 -0.493428 -0.022436 0.037651
1733228342.861172437667847 41.549181 70.533180 -0.335171 -0.867593 -0.495374 -0.022630 0.037074
1733228342.961171388626099 41.582805 70.578697 -0.333345 -0.865554 -0.498763 -0.019637 0.040819
1733228343.061170339584351 41.627625 70.644420 -0.335012 -0.864278 -0.500919 -0.016207 0.042911
1733228343.161169052124023 41.671344 70.694988 -0.345091 -0.866099 -0.498072 -0.011979 0.040654
1733228343.261168003082275 41.712516 70.742352 -0.346621 -0.868949 -0.493266 -0.011808 0.038438
1733228343.361166715621948 41.754681 70.788040 -0.345060 -0.870783 -0.489746 -0.010683 0.042087
1733228343.461165428161621 41.792439 70.839431 -0.354531 -0.870496 -0.490319 -0.014678 0.040113
1733228343.561164379119873 41.827150 70.889954 -0.362659 -0.868183 -0.494569 -0.013460 0.038458
1733228343.661163330078125 41.861062 70.939758 -0.366468 -0.866122 -0.498328 -0.012308 0.036742
1733228343.761162042617798 41.905444 71.004250 -0.368100 -0.864287 -0.501714 -0.009093 0.034768
1733228343.861161231994629 41.949440 71.067393 -0.363823 -0.865184 -0.500301 -0.017223 0.029295
1733228343.961159944534302 41.984109 71.123356 -0.359762 -0.866760 -0.497628 -0.021404 0.025202
1733228344.061159133911133 42.018177 71.185523 -0.356730 -0.867628 -0.496151 -0.021364 0.024482
1733228344.161158084869385 42.053308 71.260864 -0.363153 -0.867277 -0.497038 -0.019009 0.020540
1733228344.261156797409058 42.080191 71.322605 -0.366781 -0.864581 -0.501846 -0.018448 0.017633
1733228344.361155748367310 42.115700 71.388888 -0.401066 -0.862044 -0.506345 -0.018581 0.012219
1733228344.461154699325562 42.150245 71.456389 -0.400188 -0.859435 -0.510855 -0.016261 0.011611
1733228344.561153650283813 42.201520 71.542663 -0.401368 -0.859514 -0.510593 -0.020974 0.009548
1733228344.661152124404907 42.238424 71.615425 -0.404644 -0.861136 -0.507751 -0.024073 0.007279
1733228344.761151075363159 42.278638 71.681291 -0.402418 -0.862471 -0.505537 -0.022682 0.007790
1733228344.861150026321411 42.321655 71.759553 -0.402475 -0.860927 -0.507859 -0.026136 0.014173
1733228344.961148977279663 42.351190 71.818700 -0.403599 -0.858428 -0.512052 -0.025610 0.015753
1733228345.061147928237915 42.381791 71.877582 -0.402684 -0.856203 -0.515802 -0.023848 0.017227
1733228345.161146640777588 42.420957 71.945005 -0.394870 -0.853958 -0.519553 -0.023044 0.016990
1733228345.261145591735840 42.469790 72.031362 -0.408165 -0.854544 -0.518569 -0.023841 0.016503
1733228345.361144781112671 42.507222 72.104715 -0.401474 -0.855562 -0.516802 -0.027620 0.012872
1733228345.461143493652344 42.538644 72.193039 -0.397621 -0.855272 -0.517402 -0.026601 0.009883
1733228345.561142444610596 42.575542 72.274001 -0.401059 -0.852173 -0.521834 -0.031933 0.021707
1733228345.661141157150269 42.608126 72.358689 -0.407338 -0.849001 -0.527059 -0.030954 0.021181
1733228345.761140108108521 42.643376 72.421233 -0.406210 -0.846295 -0.531380 -0.028036 0.025187
1733228345.861139059066772 42.683578 72.486307 -0.407357 -0.844791 -0.534038 -0.026302 0.020987
1733228345.961137771606445 42.724504 72.549377 -0.397941 -0.846156 -0.531805 -0.028296 0.020050
1733228346.061136722564697 42.768161 72.639230 -0.409804 -0.847875 -0.529132 -0.026548 0.020550
1733228346.161135435104370 42.810835 72.726385 -0.404090 -0.848765 -0.527728 -0.024379 0.022522
1733228346.261134386062622 42.850423 72.796991 -0.399180 -0.846054 -0.531869 -0.024778 0.026352
1733228346.361135482788086 42.886547 72.863306 -0.399066 -0.843079 -0.536157 -0.027756 0.031357
1733228346.461134433746338 42.924128 72.939544 -0.407734 -0.840599 -0.540138 -0.024647 0.032203
1733228346.561133384704590 42.953346 73.013373 -0.403518 -0.839013 -0.542661 -0.026530 0.029550
1733228346.661132335662842 42.979179 73.096588 -0.411159 -0.840847 -0.539850 -0.029893 0.025400
1733228346.761131048202515 43.004827 73.157778 -0.396922 -0.842163 -0.537703 -0.031911 0.024870
1733228346.861129999160767 43.028483 73.236588 -0.391125 -0.842711 -0.536924 -0.029018 0.026619
1733228346.961128950119019 43.066604 73.321050 -0.409915 -0.839474 -0.541732 -0.030859 0.029284
1733228347.061128139495850 43.084708 73.378941 -0.412038 -0.837010 -0.545499 -0.031515 0.029196
1733228347.161127090454102 43.105862 73.423570 -0.406762 -0.834359 -0.549621 -0.027675 0.031543
1733228347.261125802993774 43.136828 73.489887 -0.405012 -0.832581 -0.552373 -0.028841 0.029346
1733228347.361124753952026 43.170251 73.552048 -0.393614 -0.833826 -0.550480 -0.031132 0.027128
1733228347.461123704910278 43.220980 73.637634 -0.454722 -0.835522 -0.547936 -0.032807 0.024335
1733228347.561122417449951 43.244165 73.688883 -0.439293 -0.838504 -0.543342 -0.030797 0.027231
1733228347.661121129989624 43.274566 73.733290 -0.439423 -0.839675 -0.541248 -0.034173 0.028786
1733228347.761120080947876 43.291164 73.781345 -0.440577 -0.841175 -0.538944 -0.032877 0.029725
1733228347.861119031906128 43.323193 73.817421 -0.435066 -0.841912 -0.537911 -0.030170 0.030432
1733228347.961117982864380 43.357668 73.885703 -0.432312 -0.843283 -0.535799 -0.028514 0.031314
1733228348.061116695404053 43.393585 73.948423 -0.439295 -0.848847 -0.526639 -0.036997 0.027237
1733228348.161115646362305 43.432567 74.007641 -0.436031 -0.854445 -0.517502 -0.038703 0.024854
1733228348.261114358901978 43.468667 74.069850 -0.425399 -0.860596 -0.507271 -0.036887 0.026268
1733228348.361113548278809 43.538166 74.173834 -0.432699 -0.863101 -0.502490 -0.038370 0.032977
1733228348.461112499237061 43.593853 74.250135 -0.414915 -0.863952 -0.501334 -0.035415 0.031559
1733228348.561111450195312 43.596554 74.270257 -0.396558 -0.865594 -0.498622 -0.032227 0.032942
1733228348.661110401153564 43.629512 74.338966 -0.409256 -0.867517 -0.495333 -0.028596 0.035238
1733228348.761109113693237 43.672269 74.396253 -0.424497 -0.869521 -0.491768 -0.028778 0.035633
1733228348.861107826232910 43.711480 74.428779 -0.429969 -0.873238 -0.485424 -0.029365 0.030924
1733228348.961106777191162 43.748548 74.466243 -0.443770 -0.875744 -0.481018 -0.027184 0.030896
1733228349.061105728149414 43.800110 74.521520 -0.440960 -0.877821 -0.476941 -0.025400 0.036217
1733228349.161104679107666 43.852976 74.574943 -0.454233 -0.877221 -0.477982 -0.028570 0.034643
1733228349.261103391647339 43.882751 74.609646 -0.449658 -0.874919 -0.482659 -0.025028 0.030526
1733228349.361102342605591 43.911915 74.664199 -0.452576 -0.871960 -0.488306 -0.022449 0.027185
1733228349.461101055145264 43.942108 74.728866 -0.448759 -0.869745 -0.492194 -0.027341 0.023282
1733228349.561100244522095 43.975925 74.801526 -0.455293 -0.870127 -0.490955 -0.038805 0.018339
1733228349.661099195480347 44.005253 74.864401 -0.443834 -0.870258 -0.490542 -0.042052 0.015838
1733228349.761097908020020 44.046672 74.965352 -0.442923 -0.870374 -0.490578 -0.038675 0.016929
1733228349.861097097396851 44.088041 75.064866 -0.447848 -0.868290 -0.493956 -0.042076 0.017595
1733228349.961095809936523 44.116918 75.120284 -0.460015 -0.865320 -0.499070 -0.041433 0.020833
1733228350.061094522476196 44.139137 75.151556 -0.459304 -0.863417 -0.502546 -0.037500 0.023479
1733228350.161093473434448 44.175138 75.208258 -0.455940 -0.861882 -0.505150 -0.038882 0.021692
1733228350.261092185974121 44.209643 75.272013 -0.437077 -0.863173 -0.502805 -0.042699 0.017214
1733228350.361089706420898 44.250988 75.307466 -0.430493 -0.864234 -0.501183 -0.039264 0.019335
1733228350.461088657379150 44.300066 75.374904 -0.435628 -0.864963 -0.499759 -0.036994 0.026665
1733228350.561087369918823 44.343664 75.423553 -0.431470 -0.862704 -0.503689 -0.035742 0.027592
1733228350.661086082458496 44.385841 75.491267 -0.436880 -0.859987 -0.508435 -0.033998 0.027557
1733228350.761084794998169 44.427265 75.560907 -0.435960 -0.857213 -0.513500 -0.029796 0.024798
1733228350.861083745956421 44.471629 75.634754 -0.439054 -0.856255 -0.515076 -0.032258 0.021988
1733228350.961082458496094 44.506612 75.699505 -0.430167 -0.856981 -0.513735 -0.036257 0.018587
1733228351.061081171035767 44.534131 75.761828 -0.425330 -0.857567 -0.512836 -0.036178 0.016382
1733228351.161080121994019 44.570468 75.820774 -0.424827 -0.855325 -0.516145 -0.037957 0.023921
1733228351.261078834533691 44.599688 75.918067 -0.426763 -0.852418 -0.520845 -0.039204 0.023803
1733228351.361077785491943 44.644792 76.036484 -0.423601 -0.849800 -0.525292 -0.037493 0.022440
1733228351.461076498031616 44.662820 76.077978 -0.423889 -0.847198 -0.529680 -0.034151 0.023012
1733228351.561075448989868 44.694110 76.149265 -0.444197 -0.846311 -0.531280 -0.032111 0.021632
1733228351.661074399948120 44.731753 76.231624 -0.455713 -0.848631 -0.527739 -0.032683 0.015765
1733228351.761073112487793 44.778487 76.290398 -0.462534 -0.850092 -0.525592 -0.029488 0.015094
1733228351.861072063446045 44.812995 76.351501 -0.456829 -0.851528 -0.523365 -0.025923 0.017805
1733228351.961071014404297 44.827303 76.393982 -0.452400 -0.848353 -0.528381 -0.029268 0.015926
1733228352.061069726943970 44.864443 76.444274 -0.469809 -0.843954 -0.535359 -0.028356 0.018121
1733228352.161068677902222 44.865550 76.462159 -0.452533 -0.839810 -0.542053 -0.025946 0.014984
1733228352.261067390441895 44.893931 76.530487 -0.449474 -0.836310 -0.547398 -0.026607 0.015274
1733228352.361066102981567 44.926609 76.601225 -0.449358 -0.838096 -0.544438 -0.031710 0.013327
1733228352.461064815521240 44.957678 76.673979 -0.446101 -0.839452 -0.542273 -0.033115 0.012810
1733228352.561063528060913 44.995826 76.765668 -0.447163 -0.840566 -0.540580 -0.031859 0.014378
1733228352.661062479019165 45.026657 76.865434 -0.513756 -0.837070 -0.546035 -0.030366 0.015418
1733228352.761061191558838 45.050146 76.936550 -0.513878 -0.830904 -0.555483 -0.027421 0.016918
1733228352.861060142517090 45.072151 77.007917 -0.517161 -0.824814 -0.564705 -0.024397 0.013966
1733228352.961058855056763 45.097000 77.084703 -0.518067 -0.822067 -0.568320 -0.032571 0.012518
1733228353.061057806015015 45.137865 77.142742 -0.507061 -0.822462 -0.567663 -0.034526 0.011117
1733228353.161056518554688 45.158167 77.207796 -0.504387 -0.822398 -0.567803 -0.033756 0.011016
1733228353.261055231094360 45.182086 77.285991 -0.508663 -0.822165 -0.568152 -0.032970 0.012676
1733228353.361054420471191 45.203756 77.357801 -0.513772 -0.819425 -0.572138 -0.031415 0.014643
1733228353.461053371429443 45.234772 77.443901 -0.517773 -0.816987 -0.575666 -0.030329 0.014846
1733228353.561052083969116 45.269012 77.528403 -0.516322 -0.815263 -0.578266 -0.026572 0.015776
1733228353.661050796508789 45.310266 77.618090 -0.513819 -0.818333 -0.573817 -0.029248 0.014492
1733228353.761049747467041 45.340176 77.686620 -0.510159 -0.821421 -0.569393 -0.029914 0.012816
1733228353.861048698425293 45.365975 77.747441 -0.499782 -0.824421 -0.565198 -0.026820 0.012744
1733228353.961047410964966 45.387471 77.825857 -0.494170 -0.826134 -0.562506 -0.030175 0.013368
1733228354.061045885086060 45.419609 77.885472 -0.511240 -0.827346 -0.560666 -0.029838 0.016175
1733228354.161044836044312 45.440821 77.944469 -0.507085 -0.829650 -0.557446 -0.025549 0.016801
1733228354.261043548583984 45.461191 77.984689 -0.500537 -0.832155 -0.553686 -0.024717 0.018402
1733228354.361044645309448 45.504690 78.066171 -0.502373 -0.837018 -0.546164 -0.028204 0.017599
1733228354.461043596267700 45.543415 78.142167 -0.495796 -0.842402 -0.538014 -0.024938 0.016658
1733228354.561042308807373 45.583747 78.212079 -0.501035 -0.846950 -0.530879 -0.022223 0.018691
1733228354.661041021347046 45.615182 78.270063 -0.515512 -0.847727 -0.529167 -0.026891 0.024848
1733228354.761039733886719 45.644226 78.337062 -0.521407 -0.848932 -0.527357 -0.024969 0.024178
1733228354.861038446426392 45.676053 78.392030 -0.524666 -0.849054 -0.527262 -0.021049 0.025663
1733228354.961037397384644 45.707685 78.455467 -0.521878 -0.850693 -0.524078 -0.031315 0.026152
1733228355.061036348342896 45.750068 78.524652 -0.501412 -0.853996 -0.518708 -0.031723 0.025017
1733228355.161035060882568 45.767833 78.549714 -0.499665 -0.856664 -0.514346 -0.030898 0.024916
1733228355.261033773422241 45.804582 78.619527 -0.502106 -0.858794 -0.510668 -0.030665 0.027395
1733228355.361032724380493 45.830285 78.668155 -0.515883 -0.856635 -0.514068 -0.033207 0.028412
1733228355.461031436920166 45.854336 78.716022 -0.524596 -0.853129 -0.520044 -0.032489 0.025855
1733228355.561030149459839 45.877991 78.764457 -0.523605 -0.849499 -0.526141 -0.029550 0.025569
1733228355.661029338836670 45.911613 78.826859 -0.514992 -0.847402 -0.529346 -0.032131 0.025881
1733228355.761028289794922 45.953166 78.900908 -0.557082 -0.850565 -0.524250 -0.035657 0.020737
1733228355.861027002334595 45.985831 78.965821 -0.550136 -0.852642 -0.520769 -0.038514 0.017845
1733228355.961025953292847 46.019832 79.031436 -0.550665 -0.854090 -0.518304 -0.037797 0.021506
1733228356.061024665832520 46.049242 79.092781 -0.557254 -0.852859 -0.519883 -0.041658 0.024869
1733228356.161023616790771 46.059367 79.128151 -0.558451 -0.850836 -0.523335 -0.039910 0.024631
1733228356.261022329330444 46.078923 79.175651 -0.560954 -0.849509 -0.525710 -0.037776 0.023185
1733228356.361021041870117 46.106092 79.238424 -0.566133 -0.849656 -0.525721 -0.034349 0.022849
1733228356.461019754409790 46.142435 79.304080 -0.565910 -0.851715 -0.522387 -0.035020 0.021604
1733228356.561018466949463 46.177089 79.352819 -0.563481 -0.856615 -0.514440 -0.034451 0.019359
1733228356.661017417907715 46.214062 79.420460 -0.569259 -0.863768 -0.502416 -0.032572 0.020525
1733228356.761016130447388 46.257913 79.473326 -0.570757 -0.869283 -0.492563 -0.032775 0.025587
1733228356.861015081405640 46.300275 79.524154 -0.579101 -0.871713 -0.488436 -0.029878 0.025575
1733228356.961013793945312 46.339606 79.579449 -0.581909 -0.873799 -0.484807 -0.026743 0.026882
1733228357.061012744903564 46.362564 79.594760 -0.584218 -0.873877 -0.484770 -0.021995 0.029189
1733228357.161011457443237 46.411252 79.660048 -0.577113 -0.874553 -0.483439 -0.025749 0.027963
1733228357.261010646820068 46.453646 79.715072 -0.590611 -0.875933 -0.480961 -0.026110 0.027130
1733228357.361009359359741 46.469089 79.718305 -0.581647 -0.876623 -0.479835 -0.024523 0.026266
1733228357.461008310317993 46.505753 79.755266 -0.581292 -0.875824 -0.481093 -0.025962 0.028423
1733228357.561007022857666 46.545344 79.839337 -0.586869 -0.873215 -0.485946 -0.022880 0.028778
1733228357.661005735397339 46.594441 79.931257 -0.590418 -0.871437 -0.489421 -0.021700 0.024352
1733228357.761004686355591 46.611844 79.975827 -0.593907 -0.869851 -0.492486 -0.018584 0.021701
1733228357.861003398895264 46.637626 80.032739 -0.595170 -0.869326 -0.493220 -0.025253 0.019212
1733228357.961002111434937 46.669563 80.086276 -0.594414 -0.869786 -0.492368 -0.027716 0.016698
1733228358.061001062393188 46.702186 80.141749 -0.593464 -0.870197 -0.491655 -0.027753 0.016216
1733228358.160999774932861 46.739591 80.207977 -0.597734 -0.869528 -0.492742 -0.029184 0.016595
1733228358.260998487472534 46.760514 80.252232 -0.603285 -0.867142 -0.497028 -0.027992 0.015621
1733228358.361000776290894 46.798603 80.326762 -0.609698 -0.864753 -0.501321 -0.024705 0.016379
1733228358.460999727249146 46.839304 80.385556 -0.603363 -0.862239 -0.505711 -0.023923 0.015120
1733228358.560998439788818 46.895058 80.479590 -0.613964 -0.863313 -0.503904 -0.024404 0.013220
1733228358.660997390747070 46.930168 80.525147 -0.599814 -0.864449 -0.502058 -0.021844 0.013715
1733228358.760996341705322 46.974955 80.589129 -0.605601 -0.865332 -0.500491 -0.020865 0.016542
1733228358.860995531082153 47.064592 80.741342 -0.627551 -0.862836 -0.504159 -0.030412 0.020345
1733228358.960994243621826 47.090119 80.817630 -0.629486 -0.861080 -0.507142 -0.032601 0.016890
1733228359.060993194580078 47.126231 80.879779 -0.635051 -0.859640 -0.509680 -0.030589 0.017573
1733228359.160992145538330 47.164208 80.943953 -0.632458 -0.857919 -0.512659 -0.027322 0.020242
1733228359.260991096496582 47.190952 80.987003 -0.619368 -0.858457 -0.511217 -0.036289 0.019790
1733228359.360989809036255 47.226850 81.045863 -0.613785 -0.859167 -0.510085 -0.036635 0.017450
1733228359.460988521575928 47.287554 81.152923 -0.614944 -0.859420 -0.509743 -0.034935 0.018424
1733228359.560987472534180 47.332184 81.230883 -0.616558 -0.859008 -0.510267 -0.036982 0.019122
1733228359.660986423492432 47.359423 81.294397 -0.625833 -0.858152 -0.511695 -0.037366 0.018633
1733228359.760985374450684 47.390818 81.345825 -0.628276 -0.858041 -0.512007 -0.035145 0.019478
1733228359.860984325408936 47.420858 81.382734 -0.624673 -0.858563 -0.511425 -0.030613 0.019417
1733228359.960983037948608 47.460135 81.440321 -0.625769 -0.863044 -0.503494 -0.036982 0.016758
1733228360.060982227325439 47.497410 81.482215 -0.625059 -0.867792 -0.495214 -0.038848 0.013831
1733228360.160981178283691 47.530428 81.528974 -0.623062 -0.872385 -0.487271 -0.035913 0.014886
1733228360.260980129241943 47.564858 81.595675 -0.629927 -0.874600 -0.483238 -0.037795 0.011307
1733228360.360978841781616 47.590474 81.640141 -0.635627 -0.874451 -0.483753 -0.035024 0.009600
1733228360.460977792739868 47.635947 81.706231 -0.628344 -0.874838 -0.483302 -0.031541 0.009138
1733228360.560976505279541 47.670879 81.754774 -0.626741 -0.875480 -0.482285 -0.028887 0.010087
1733228360.660975456237793 47.716844 81.810343 -0.635675 -0.877408 -0.478676 -0.030153 0.010778
1733228360.760974407196045 47.751761 81.855313 -0.633231 -0.878638 -0.476460 -0.029820 0.009533
1733228360.860973358154297 47.794811 81.909517 -0.637607 -0.879205 -0.475526 -0.027171 0.011653
1733228360.960972070693970 47.840388 81.972867 -0.639328 -0.876654 -0.479783 -0.030628 0.018673
1733228361.060971021652222 47.885127 82.053263 -0.644130 -0.875026 -0.482887 -0.029550 0.016616
1733228361.160970211029053 47.927760 82.115688 -0.645536 -0.872791 -0.487161 -0.024478 0.017607
1733228361.260969161987305 47.979483 82.190515 -0.640462 -0.871833 -0.488791 -0.026343 0.017228
1733228361.360967874526978 48.014134 82.205403 -0.654576 -0.872735 -0.487182 -0.027854 0.014564
1733228361.460966825485229 48.066046 82.314225 -0.656218 -0.873534 -0.485843 -0.027073 0.012711
1733228361.560965776443481 48.102604 82.363360 -0.655184 -0.871960 -0.488326 -0.028797 0.019861
1733228361.660964727401733 48.152935 82.456187 -0.665380 -0.866557 -0.497687 -0.031310 0.020172
1733228361.760963439941406 48.167858 82.493628 -0.667026 -0.862905 -0.504198 -0.029720 0.017188
1733228361.860962390899658 48.193926 82.542371 -0.668281 -0.859673 -0.509930 -0.026481 0.015236
1733228361.960961103439331 48.235411 82.615151 -0.710311 -0.858896 -0.510833 -0.034931 0.011264
1733228362.060960054397583 48.284884 82.702372 -0.705703 -0.858786 -0.510939 -0.036644 0.009230
1733228362.160959005355835 48.311438 82.762524 -0.704355 -0.858356 -0.511805 -0.034735 0.008664
1733228362.260957717895508 48.343758 82.836697 -0.715923 -0.855742 -0.516125 -0.035620 0.007175
1733228362.360956668853760 48.368597 82.911286 -0.725111 -0.851411 -0.523558 -0.030811 0.006162
1733228362.460955858230591 48.384668 82.954524 -0.728869 -0.847641 -0.529848 -0.027463 0.003443
1733228362.560954809188843 48.406439 83.022509 -0.728868 -0.845944 -0.532224 -0.033169 0.003988
1733228362.660953760147095 48.417645 83.057552 -0.726441 -0.846359 -0.531232 -0.038317 0.000606
1733228362.760952472686768 48.446847 83.120498 -0.721585 -0.846639 -0.530787 -0.038299 -0.000585
1733228362.860951423645020 48.484660 83.233938 -0.719172 -0.847263 -0.530132 -0.033233 0.001090
1733228362.960950136184692 48.501501 83.290552 -0.728027 -0.844159 -0.535104 -0.032247 0.004320
1733228363.060949087142944 48.520948 83.335276 -0.729176 -0.841526 -0.539408 -0.029012 0.005622
1733228363.160947799682617 48.580766 83.451631 -0.734451 -0.840776 -0.540810 -0.024195 0.005919
1733228363.260946750640869 48.643036 83.556983 -0.736213 -0.844160 -0.535207 -0.029881 0.007360
1733228363.360945701599121 48.701785 83.653096 -0.735038 -0.850002 -0.525792 -0.031894 0.004586
1733228363.460944652557373 48.737196 83.696611 -0.735387 -0.854646 -0.518216 -0.031722 0.005083
1733228363.560943841934204 48.782158 83.760765 -0.732169 -0.859199 -0.510251 -0.034817 0.014447
1733228363.660942554473877 48.823657 83.828031 -0.743202 -0.862341 -0.504927 -0.035837 0.011549
1733228363.760941505432129 48.864438 83.889769 -0.740091 -0.866638 -0.497627 -0.034589 0.010476
1733228363.860940456390381 48.913670 83.952853 -0.736220 -0.870950 -0.490316 -0.029499 0.012881
1733228363.960939407348633 48.968355 84.016065 -0.738340 -0.876804 -0.479790 -0.027510 0.016146
1733228364.060938358306885 49.027121 84.079275 -0.741079 -0.883983 -0.466538 -0.026927 0.013821
1733228364.160937070846558 49.073196 84.122747 -0.739752 -0.891347 -0.452421 -0.023732 0.015865
1733228364.260935783386230 49.115006 84.153661 -0.740963 -0.895563 -0.443375 -0.029119 0.023202
1733228364.360934734344482 49.155752 84.210635 -0.753737 -0.894929 -0.444672 -0.030728 0.020588
1733228364.460933685302734 49.181865 84.245696 -0.757250 -0.892879 -0.449013 -0.027469 0.019979
1733228364.560932397842407 49.223561 84.315012 -0.759766 -0.890525 -0.453864 -0.024180 0.019699
1733228364.660931348800659 49.249111 84.348916 -0.749731 -0.891049 -0.452271 -0.035342 0.015288
1733228364.760930299758911 49.293530 84.407309 -0.744141 -0.892170 -0.449987 -0.037266 0.012450
1733228364.860929489135742 49.330880 84.465433 -0.742336 -0.893048 -0.448375 -0.035791 0.011980
1733228364.960928440093994 49.363284 84.508042 -0.744036 -0.891401 -0.451310 -0.039341 0.013238
1733228365.060927152633667 49.406971 84.569040 -0.743171 -0.887483 -0.459036 -0.038364 0.013721
1733228365.160926103591919 49.465358 84.658290 -0.743233 -0.883681 -0.466490 -0.036632 0.012369
1733228365.260925054550171 49.528498 84.741167 -0.734386 -0.880935 -0.471620 -0.038124 0.008689
1733228365.360923767089844 49.569207 84.790527 -0.729098 -0.881834 -0.469498 -0.043577 0.006438
1733228365.460922718048096 49.616967 84.854976 -0.724312 -0.882657 -0.468045 -0.042576 0.006081
1733228365.560921430587769 49.680264 84.958114 -0.719634 -0.882437 -0.468454 -0.041788 0.010447
1733228365.660920381546021 49.741010 85.044937 -0.719797 -0.879112 -0.474021 -0.047402 0.014788
1733228365.760919332504272 49.787706 85.126333 -0.722901 -0.876889 -0.478013 -0.047644 0.017270
1733228365.860918283462524 49.842074 85.207831 -0.715932 -0.875161 -0.481645 -0.042458 0.017593
1733228365.960916996002197 49.900964 85.289405 -0.723239 -0.875636 -0.481236 -0.038797 0.012987
1733228366.060916185379028 49.940582 85.339913 -0.728176 -0.878727 -0.475653 -0.039448 0.006079
1733228366.160915136337280 49.970146 85.400115 -0.727589 -0.880715 -0.472266 -0.036012 0.003109
1733228366.260914087295532 50.018981 85.486914 -0.728433 -0.880049 -0.473485 -0.036256 0.003278
1733228366.360913038253784 50.065925 85.570194 -0.733377 -0.877286 -0.478450 -0.038152 0.000356
1733228366.460911750793457 50.099036 85.643502 -0.737058 -0.875351 -0.482204 -0.035186 -0.001289
1733228366.560910463333130 50.144779 85.713348 -0.737525 -0.873621 -0.485630 -0.030776 -0.001726
1733228366.660909414291382 50.188935 85.771545 -0.742000 -0.873111 -0.486572 -0.030401 0.000604
1733228366.760908365249634 50.244134 85.856653 -0.740728 -0.875627 -0.481887 -0.032223 -0.004823
1733228366.860907316207886 50.282176 85.919749 -0.738845 -0.877669 -0.478164 -0.031397 -0.008413
1733228366.960906028747559 50.304259 85.959975 -0.736327 -0.878306 -0.476980 -0.032605 -0.002278
1733228367.060904979705811 50.339998 86.020767 -0.737936 -0.875767 -0.481152 -0.038860 0.003958
1733228367.160903930664062 50.376673 86.089022 -0.735288 -0.874620 -0.483229 -0.038963 0.003270
1733228367.260903120040894 50.405819 86.141192 -0.734238 -0.873001 -0.486374 -0.035433 0.007288
1733228367.360901832580566 50.435340 86.188862 -0.737199 -0.871498 -0.489229 -0.032202 0.010421
1733228367.460900783538818 50.474942 86.246564 -0.735992 -0.872788 -0.486754 -0.035805 0.005436
1733228367.560899734497070 50.514324 86.304461 -0.734453 -0.874218 -0.484368 -0.033380 0.004111
1733228367.660898685455322 50.519505 86.297783 -0.731172 -0.875437 -0.482266 -0.031664 0.005273
1733228367.760897397994995 50.549134 86.337992 -0.735602 -0.873060 -0.485764 -0.039768 0.014775
1733228367.860896110534668 50.561209 86.363262 -0.735269 -0.869073 -0.492582 -0.043873 0.012294
1733228367.960895061492920 50.591912 86.407024 -0.731286 -0.867111 -0.496162 -0.042534 0.011543
1733228368.060894012451172 50.622381 86.457642 -0.710712 -0.864822 -0.500478 -0.037842 0.013134
1733228368.160892963409424 50.654195 86.492878 -0.721349 -0.863786 -0.502317 -0.036662 0.014385
1733228368.260891914367676 50.690960 86.549917 -0.724004 -0.863514 -0.503129 -0.033191 0.010166
1733228368.360890626907349 50.732896 86.629968 -0.727120 -0.862925 -0.504272 -0.031895 0.007215
1733228368.460889816284180 50.805817 86.699745 -0.726115 -0.860372 -0.508416 -0.033370 0.012644
1733228368.560888767242432 50.830282 86.735081 -0.741905 -0.855367 -0.515387 -0.045258 0.025995
1733228368.660887718200684 50.828745 86.735000 -0.723810 -0.850208 -0.523958 -0.045315 0.023680
1733228368.760886430740356 50.850356 86.776121 -0.728835 -0.841685 -0.538016 -0.040022 0.022418
1733228368.860885381698608 50.895063 86.852384 -0.728660 -0.834655 -0.549239 -0.036945 0.017955
1733228368.960884094238281 50.919319 86.897943 -0.726202 -0.828633 -0.558308 -0.036484 0.018131
1733228369.060883045196533 50.947015 86.972749 -0.719630 -0.824125 -0.565137 -0.034556 0.015624
1733228369.160881996154785 50.984861 87.073593 -0.721953 -0.824073 -0.565576 -0.031347 0.006641
1733228369.260880708694458 51.047628 87.202741 -0.723744 -0.820117 -0.571646 -0.024609 0.004847
1733228369.360879659652710 51.075631 87.301366 -0.732545 -0.817965 -0.574854 -0.021803 -0.000665
1733228369.460878610610962 51.104598 87.388201 -0.718405 -0.814899 -0.579352 -0.016217 -0.005255
1733228369.560877561569214 51.166299 87.536592 -0.720306 -0.812275 -0.582812 -0.023139 -0.002137
1733228369.660876750946045 51.178840 87.590035 -0.738575 -0.813957 -0.580201 -0.028432 -0.005644
1733228369.760875463485718 51.201744 87.642417 -0.737096 -0.814014 -0.580264 -0.025729 -0.003578
1733228369.860874414443970 51.228699 87.720544 -0.734519 -0.816008 -0.577560 -0.023229 -0.004027
1733228369.960873365402222 51.279042 87.817193 -0.745954 -0.814088 -0.580160 -0.024722 0.008007
1733228370.060872316360474 51.294081 87.863217 -0.751558 -0.810217 -0.585528 -0.025956 0.005572
1733228370.160871028900146 51.246090 87.837228 -0.735584 -0.807781 -0.589018 -0.022714 0.005694
1733228370.260869741439819 51.237967 87.864554 -0.833172 -0.804059 -0.594302 -0.013355 0.010721
1733228370.360868692398071 51.286569 87.982537 -0.854223 -0.804250 -0.594189 -0.008148 0.007455
1733228370.460867643356323 51.308663 88.019358 -0.863798 -0.806370 -0.591314 -0.006191 0.008742
1733228370.560866594314575 51.296912 88.031012 -0.862977 -0.807728 -0.589475 -0.004686 0.008483
1733228370.660865306854248 51.315275 88.089144 -0.870094 -0.804055 -0.594210 -0.010623 0.017244
1733228370.760864257812500 51.310746 88.129732 -0.874846 -0.797688 -0.602670 -0.013468 0.017371
1733228370.860863447189331 51.295148 88.138953 -0.874228 -0.792580 -0.609348 -0.012679 0.018762
1733228370.960862398147583 51.326792 88.249132 -0.872719 -0.786917 -0.616754 -0.010072 0.016558
1733228371.060861349105835 51.360717 88.352276 -0.884036 -0.787645 -0.615873 -0.013440 0.011625
1733228371.160860061645508 51.339583 88.378424 -0.885257 -0.788924 -0.614292 -0.012582 0.009264
1733228371.260859012603760 51.314109 88.392802 -0.879420 -0.787482 -0.616131 -0.015348 0.004359
1733228371.360857725143433 51.316026 88.473082 -0.894208 -0.783197 -0.621258 -0.024036 0.008027
1733228371.460856676101685 51.369374 88.623375 -0.906138 -0.777481 -0.628428 -0.022496 0.009744
1733228371.560855627059937 51.398218 88.741360 -0.911250 -0.773090 -0.633884 -0.019520 0.011935
1733228371.660854339599609 51.408252 88.820249 -0.906855 -0.770567 -0.636784 -0.024435 0.011658
1733228371.760853290557861 51.425866 88.912404 -0.902568 -0.773127 -0.633537 -0.029267 0.007041
1733228371.860852241516113 51.431595 88.967027 -0.893616 -0.776909 -0.628915 -0.029379 0.003833
1733228371.960851192474365 51.469057 89.083984 -0.899693 -0.784050 -0.620164 -0.025651 0.002316
1733228372.060850143432617 51.500234 89.179377 -0.901074 -0.788466 -0.614546 -0.025284 0.003925
1733228372.160849094390869 51.517670 89.236416 -0.902979 -0.793447 -0.608220 -0.021741 0.006128
1733228372.260848045349121 51.544396 89.303276 -0.897389 -0.799815 -0.599925 -0.018022 0.007833
1733228372.360846996307373 51.574410 89.369477 -0.900357 -0.808131 -0.588610 -0.019281 0.009539
1733228372.460845947265625 51.617648 89.423537 -0.852614 -0.817581 -0.575354 -0.022851 0.002647
1733228372.560844659805298 51.645626 89.462147 -0.851565 -0.826682 -0.562280 -0.020867 0.001878
1733228372.660843372344971 51.684996 89.512251 -0.852372 -0.834279 -0.550793 -0.020107 0.014185
1733228372.760842323303223 51.706043 89.548192 -0.863896 -0.835055 -0.549478 -0.023032 0.015062
1733228372.860841274261475 51.729197 89.588435 -0.859559 -0.832763 -0.552850 -0.022551 0.018820
1733228372.960840225219727 51.763641 89.653494 -0.861701 -0.830601 -0.556121 -0.017244 0.023111
1733228373.060838937759399 51.802125 89.722366 -0.857100 -0.832734 -0.552980 -0.015568 0.022914
1733228373.160837888717651 51.838809 89.774773 -0.863617 -0.837118 -0.546423 -0.015108 0.020672
1733228373.260837078094482 51.877894 89.837657 -0.859559 -0.845044 -0.534182 -0.013677 0.019073
1733228373.360836029052734 51.917598 89.909433 -0.873087 -0.849036 -0.527484 -0.017713 0.024192
1733228373.460834741592407 51.953438 89.971667 -0.879564 -0.852079 -0.522530 -0.017474 0.024861
1733228373.560833692550659 51.978093 90.026798 -0.884173 -0.854051 -0.519337 -0.015708 0.025260
1733228373.660832643508911 52.024925 90.135563 -0.879255 -0.852583 -0.521564 -0.020679 0.025427
1733228373.760831356048584 52.058210 90.197612 -0.880341 -0.853644 -0.519610 -0.026457 0.024447
1733228373.860830307006836 52.091642 90.269217 -0.865412 -0.854442 -0.518275 -0.028087 0.023049
1733228373.960829019546509 52.153466 90.387425 -0.864894 -0.855161 -0.517258 -0.026660 0.020835
1733228374.060827970504761 52.170101 90.435159 -0.875662 -0.852768 -0.520903 -0.031297 0.021637
1733228374.160826921463013 52.201235 90.514019 -0.883538 -0.849243 -0.526823 -0.027876 0.021617
1733228374.260825872421265 52.243248 90.597026 -0.886463 -0.846973 -0.530656 -0.024537 0.020949
1733228374.360824823379517 52.294411 90.705372 -0.886986 -0.845768 -0.532632 -0.024650 0.019278
1733228374.460823774337769 52.330743 90.790004 -0.888374 -0.848843 -0.527718 -0.028967 0.011856
1733228374.560822725296021 52.367131 90.845860 -0.885617 -0.850184 -0.525713 -0.027511 0.007560
1733228374.660821676254272 52.394895 90.919318 -0.887150 -0.850865 -0.524657 -0.027221 0.004830
1733228374.760820627212524 52.422794 90.973001 -0.903326 -0.849807 -0.526585 -0.023039 -0.002319
1733228374.860819339752197 52.419375 91.005828 -0.895896 -0.848838 -0.528378 -0.017061 0.000068
1733228374.960818290710449 52.462954 91.075473 -0.897728 -0.846238 -0.532571 -0.015668 0.001783
1733228375.060817003250122 52.523814 91.194785 -0.911888 -0.848860 -0.528055 -0.024363 0.000535
1733228375.160815954208374 52.582951 91.309136 -0.911108 -0.852275 -0.522499 -0.024925 -0.001336
1733228375.260814905166626 52.646410 91.445722 -0.903287 -0.855551 -0.517160 -0.022147 0.009342
1733228375.360813617706299 52.676593 91.513488 -0.904033 -0.855236 -0.517211 -0.028117 0.016566
1733228375.460812568664551 52.737283 91.610707 -0.911151 -0.855465 -0.516681 -0.029135 0.019266
1733228375.560811519622803 52.776219 91.664710 -0.765568 -0.858253 -0.511975 -0.028977 0.021050
1733228375.660810708999634 52.837519 91.740585 -0.760864 -0.864839 -0.500948 -0.025535 0.021284
1733228375.760809659957886 52.877218 91.766010 -0.762081 -0.873445 -0.485954 -0.024392 0.018638
1733228375.860808372497559 52.917897 91.787370 -0.762681 -0.880339 -0.473416 -0.021230 0.020756
1733228375.960807323455811 52.963576 91.825013 -0.765745 -0.886300 -0.461844 -0.021904 0.026327
1733228376.060806274414062 53.023295 91.919329 -0.782961 -0.887381 -0.459497 -0.024375 0.028695
1733228376.160804986953735 53.051213 91.945239 -0.783574 -0.888480 -0.457483 -0.023011 0.027989
1733228376.260803699493408 53.131572 92.072449 -0.784768 -0.889476 -0.455676 -0.020010 0.028117
1733228376.360802650451660 53.185053 92.148393 -0.785127 -0.891079 -0.452093 -0.027116 0.029221
1733228376.460801601409912 53.228892 92.223983 -0.766010 -0.892306 -0.449750 -0.031064 0.023438
1733228376.560800552368164 53.268661 92.276583 -0.765774 -0.892795 -0.448812 -0.031334 0.022433
1733228376.660799503326416 53.320723 92.349842 -0.767982 -0.892769 -0.449074 -0.031475 0.017496
1733228376.760798215866089 53.395389 92.484640 -0.777382 -0.890981 -0.452861 -0.029494 0.014161
1733228376.860797405242920 53.423104 92.523519 -0.777804 -0.888429 -0.457993 -0.027944 0.012452
1733228376.960796356201172 53.468455 92.595984 -0.781034 -0.886212 -0.462539 -0.024197 0.009993
1733228377.060795307159424 53.528522 92.686788 -0.780065 -0.885881 -0.462557 -0.034410 0.008437
1733228377.160794258117676 53.583752 92.774069 -0.776912 -0.887751 -0.458515 -0.040672 0.002857
1733228377.260792970657349 53.652521 92.875001 -0.781682 -0.888990 -0.456170 -0.040063 0.001203
1733228377.360791921615601 53.705767 92.953134 -0.780632 -0.888831 -0.456388 -0.041094 -0.001309
1733228377.460790634155273 53.737830 93.001907 -0.787337 -0.885964 -0.462126 -0.038826 0.001013
1733228377.560789585113525 53.774613 93.058873 -0.784640 -0.883641 -0.466771 -0.036104 0.000273
1733228377.660788297653198 53.809226 93.109105 -0.789662 -0.881608 -0.470826 -0.033017 0.000268
1733228377.760787248611450 53.864092 93.192226 -0.785396 -0.881680 -0.470282 -0.038396 0.001179
1733228377.860786199569702 53.917082 93.270346 -0.790047 -0.882481 -0.468355 -0.043201 -0.002321
1733228377.960785150527954 54.019464 93.451154 -0.785842 -0.883008 -0.467551 -0.041107 -0.001561
1733228378.060784339904785 54.064511 93.502740 -0.783408 -0.881091 -0.470889 -0.043503 0.007082
1733228378.160783052444458 54.077549 93.508622 -0.789478 -0.878852 -0.475026 -0.043819 0.007008
1733228378.260782003402710 54.115453 93.563406 -0.782077 -0.877490 -0.477739 -0.041123 0.009271
1733228378.360780954360962 54.166748 93.613812 -0.779462 -0.876004 -0.480910 -0.034767 0.011582
1733228378.460779905319214 54.213934 93.667659 -0.778314 -0.877837 -0.477657 -0.034294 0.008429
1733228378.560778617858887 54.270477 93.735269 -0.781636 -0.879228 -0.475302 -0.030946 0.009377
1733228378.660777330398560 54.320799 93.831695 -0.749638 -0.880396 -0.473233 -0.027998 0.013015
1733228378.760776281356812 54.351114 93.868066 -0.757064 -0.877218 -0.478513 -0.033115 0.020432
1733228378.860775232315063 54.368403 93.910947 -0.744654 -0.875308 -0.481844 -0.036008 0.019119
1733228378.960774183273315 54.406117 93.954744 -0.750195 -0.872581 -0.486852 -0.033898 0.020686
1733228379.060772895812988 54.450819 94.006431 -0.741938 -0.870949 -0.489453 -0.039997 0.016834
1733228379.160771846771240 54.486187 94.049009 -0.747041 -0.872963 -0.486014 -0.039358 0.013313
1733228379.260771036148071 54.553687 94.158008 -0.771792 -0.874588 -0.483203 -0.038743 0.010481
1733228379.360769987106323 54.608889 94.255775 -0.765973 -0.874633 -0.482894 -0.041635 0.009885
1733228379.460768938064575 54.666178 94.377335 -0.780249 -0.871292 -0.488988 -0.040706 0.009173
1733228379.560767650604248 54.698260 94.455721 -0.775315 -0.868309 -0.494483 -0.038707 0.005190
1733228379.660766601562500 54.697255 94.477541 -0.786414 -0.865692 -0.499312 -0.035456 0.002614
1733228379.760765552520752 54.740506 94.561226 -0.777518 -0.864466 -0.501058 -0.040371 0.003245
1733228379.860764265060425 54.782223 94.654058 -0.767305 -0.866146 -0.497771 -0.044786 -0.002913
1733228379.960763216018677 54.839326 94.760826 -0.775223 -0.866874 -0.496374 -0.046018 -0.004953
1733228380.060761928558350 54.869674 94.832639 -0.772243 -0.867191 -0.496104 -0.042837 -0.005041
1733228380.160760879516602 54.912965 94.922292 -0.775462 -0.864246 -0.501037 -0.045122 -0.002075
1733228380.260759830474854 54.935378 94.964684 -0.780821 -0.861035 -0.506824 -0.041806 0.000726
1733228380.360758781433105 54.969708 95.025017 -0.777941 -0.858698 -0.511211 -0.036040 0.001450
1733228380.460757493972778 55.003189 95.075382 -0.770765 -0.859058 -0.510565 -0.036600 -0.001868
1733228380.560756683349609 55.052971 95.150358 -0.769298 -0.862152 -0.505131 -0.038851 -0.005187
1733228380.660755634307861 55.086149 95.184691 -0.768844 -0.864031 -0.502054 -0.037155 -0.003388
1733228380.760754346847534 55.132042 95.260763 -0.766721 -0.865133 -0.500179 -0.036877 0.002317
1733228380.860753536224365 55.167654 95.324624 -0.770458 -0.862736 -0.504060 -0.039964 0.003501
1733228380.960752248764038 55.204259 95.388458 -0.769192 -0.860335 -0.508251 -0.038549 0.004217
1733228381.060750961303711 55.256152 95.471216 -0.762363 -0.857523 -0.513310 -0.033803 0.004955
1733228381.160749912261963 55.296026 95.523127 -0.761843 -0.856873 -0.514123 -0.037680 0.005131
1733228381.260748863220215 55.313168 95.554210 -0.758033 -0.859043 -0.510418 -0.038945 0.001500
1733228381.360747814178467 55.334721 95.603886 -0.755238 -0.859862 -0.509022 -0.039143 -0.001603
1733228381.460746526718140 55.343328 95.631007 -0.758200 -0.858070 -0.511483 -0.044930 0.009061
1733228381.560745477676392 55.360178 95.669341 -0.764084 -0.854541 -0.517145 -0.047198 0.009625
1733228381.660744667053223 55.427708 95.829609 -0.767847 -0.852469 -0.520611 -0.046970 0.007417
1733228381.760743379592896 55.480259 95.906886 -0.893388 -0.850303 -0.524775 -0.039042 0.008473
1733228381.860742330551147 55.520983 95.985350 -0.889595 -0.851565 -0.522643 -0.040812 0.003956
1733228381.960741281509399 55.576731 96.093735 -0.887011 -0.852423 -0.521473 -0.037934 0.001133
1733228382.060740232467651 55.571203 96.105626 -0.892871 -0.852219 -0.522061 -0.034290 0.000020
1733228382.160739183425903 55.569164 96.118774 -0.908807 -0.849307 -0.526343 -0.040139 0.005406
1733228382.260737895965576 55.590254 96.178778 -0.909567 -0.847133 -0.530034 -0.037255 0.006417
1733228382.360736608505249 55.636066 96.257587 -0.904288 -0.845212 -0.533439 -0.031516 0.008152
1733228382.460735559463501 55.697644 96.383486 -0.902343 -0.845782 -0.531904 -0.040821 0.008024
1733228382.560734510421753 55.768485 96.482178 -0.907751 -0.847788 -0.528586 -0.042501 0.006776
1733228382.660733461380005 55.819605 96.588892 -0.899581 -0.848715 -0.527208 -0.041531 0.003163
1733228382.760732173919678 55.856596 96.645390 -0.903706 -0.848263 -0.527900 -0.042043 0.001703
1733228382.860731124877930 55.867739 96.690412 -0.913945 -0.845600 -0.532275 -0.040482 0.002274
1733228382.960730314254761 55.934411 96.817473 -0.923694 -0.842495 -0.537387 -0.037626 0.001180
1733228383.060729265213013 55.954778 96.867006 -0.922802 -0.840698 -0.540560 -0.031944 0.000480
1733228383.160728216171265 55.990055 96.918313 -0.917190 -0.842008 -0.538361 -0.034394 -0.002639
1733228383.260727167129517 55.858069 96.687323 -0.903548 -0.844716 -0.533981 -0.035969 -0.005127
1733228383.360725879669189 55.870280 96.712199 -0.894249 -0.846550 -0.531205 -0.033658 -0.006474
1733228383.460724592208862 55.908959 96.798115 -0.897278 -0.845691 -0.532490 -0.035345 -0.003282
1733228383.560723543167114 55.944523 96.870306 -0.899067 -0.843198 -0.536369 -0.036346 -0.002363
1733228383.660722494125366 56.010937 96.998147 -0.898827 -0.840739 -0.540425 -0.033137 0.000381
1733228383.760721206665039 56.060322 97.098756 -0.900007 -0.838378 -0.544105 -0.032602 0.003118
1733228383.860720157623291 56.121326 97.217622 -0.910960 -0.838101 -0.544118 -0.038994 0.001473
1733228383.960719108581543 56.162001 97.297594 -0.914305 -0.839042 -0.542601 -0.039772 -0.003315
1733228384.060718297958374 56.167302 97.315988 -0.904048 -0.839268 -0.542420 -0.037382 -0.003517
1733228384.160717248916626 56.206048 97.393721 -0.909309 -0.835529 -0.547811 -0.041942 0.005932
1733228384.260715961456299 56.245049 97.466573 -0.898476 -0.833236 -0.551503 -0.039316 0.004071
1733228384.360716581344604 56.251910 97.496702 -0.904460 -0.832010 -0.553580 -0.035866 0.004780
1733228384.460715532302856 56.285645 97.557875 -0.912057 -0.831154 -0.555254 -0.029377 0.003524
1733228384.560714721679688 56.283534 97.566844 -0.913576 -0.832102 -0.553739 -0.031308 0.000542
1733228384.660713672637939 56.307363 97.631134 -0.912979 -0.832592 -0.553135 -0.028850 0.000882
1733228384.760712385177612 56.358945 97.755113 -0.893089 -0.831223 -0.555195 -0.028199 0.005558
1733228384.860711336135864 56.371095 97.802214 -0.899655 -0.826802 -0.561814 -0.026898 0.006351
1733228384.960710287094116 56.404558 97.889474 -0.897595 -0.824121 -0.565877 -0.023802 0.006489
1733228385.060709238052368 56.438626 97.976989 -0.900929 -0.821915 -0.568960 -0.026610 0.005608
1733228385.160707950592041 56.466408 98.046218 -0.905120 -0.823576 -0.566342 -0.031205 0.002234
1733228385.260706663131714 56.477545 98.083946 -0.898191 -0.824806 -0.564528 -0.031648 0.001060
1733228385.360705614089966 56.511176 98.177281 -0.900324 -0.825125 -0.564182 -0.029415 -0.000986
1733228385.460704565048218 56.541962 98.263297 -0.914657 -0.822667 -0.567608 -0.032204 -0.001892
1733228385.560703516006470 56.564557 98.334217 -0.918793 -0.817971 -0.574539 -0.028650 -0.002858
1733228385.660702228546143 56.595647 98.421313 -0.929047 -0.814394 -0.579746 -0.025614 -0.000766
1733228385.760701179504395 56.625439 98.496249 -0.935571 -0.813009 -0.581824 -0.022316 0.000006
1733228385.860700368881226 56.657692 98.587721 -0.934528 -0.815613 -0.578067 -0.024072 -0.005852
1733228385.960699319839478 56.680900 98.644305 -0.935920 -0.816736 -0.576551 -0.022444 -0.005265
1733228386.060698270797729 56.697783 98.695204 -0.934703 -0.816293 -0.577202 -0.022409 0.001269
1733228386.160696983337402 56.692443 98.706850 -0.937832 -0.813600 -0.580852 -0.025779 0.001433
1733228386.260695934295654 56.692258 98.728719 -0.931236 -0.811605 -0.583717 -0.023739 0.002877
1733228386.360694646835327 56.705699 98.763835 -0.934051 -0.810807 -0.584858 -0.022217 0.006260
1733228386.460693597793579 56.740605 98.829361 -0.933115 -0.813254 -0.581471 -0.022276 0.003592
1733228386.560692310333252 56.764912 98.893039 -0.931843 -0.814754 -0.579453 -0.019749 0.004461
1733228386.660691261291504 56.792641 98.991060 -0.943072 -0.813045 -0.581514 -0.026354 0.010240
1733228386.760690212249756 56.798637 99.034897 -0.954750 -0.807261 -0.589546 -0.026259 0.008707
1733228386.860689163208008 56.833976 99.104183 -0.954533 -0.804084 -0.594043 -0.021493 0.009977
1733228386.960688352584839 56.850031 99.153684 -0.948831 -0.803029 -0.595246 -0.024759 0.014583
1733228387.060687065124512 56.844899 99.167603 -0.942837 -0.804903 -0.592610 -0.027927 0.012831
1733228387.160686016082764 56.874813 99.251709 -0.944069 -0.805064 -0.592348 -0.028962 0.012537
1733228387.260684967041016 56.843847 99.226591 -0.940624 -0.804249 -0.593326 -0.031115 0.013372
1733228387.360683917999268 56.874970 99.308679 -0.942782 -0.801386 -0.597059 -0.032988 0.014590
1733228387.460682868957520 56.895371 99.369638 -0.942316 -0.799308 -0.600064 -0.028299 0.015123
1733228387.560681343078613 56.898162 99.387730 -0.950698 -0.797103 -0.603140 -0.023355 0.017432
1733228387.660680294036865 56.901694 99.399402 -0.959510 -0.793888 -0.607509 -0.019610 0.017015
1733228387.760679006576538 56.903906 99.399823 -0.965561 -0.790322 -0.612164 -0.016862 0.019040
1733228387.860678195953369 56.901727 99.381386 -1.001841 -0.782797 -0.621808 -0.015782 0.018327
1733228387.960676908493042 56.901551 99.390245 -0.989504 -0.771710 -0.635195 -0.019500 0.024730
1733228388.060675859451294 56.930792 99.467796 -1.006936 -0.758127 -0.651278 -0.020619 0.025599
1733228388.160674810409546 56.923626 99.472175 -1.000471 -0.743269 -0.668252 -0.022295 0.022211
1733228388.260673999786377 56.882331 99.426275 -1.004204 -0.730073 -0.682778 -0.020793 0.019353
1733228388.360672950744629 56.886281 99.448775 -1.013049 -0.718883 -0.694723 -0.015950 0.017678
1733228388.460671663284302 56.860706 99.410100 -1.005928 -0.705522 -0.708347 -0.011479 0.018745
1733228388.560670614242554 56.841845 99.403714 -1.005940 -0.690006 -0.723338 -0.015338 0.020963
1733228388.660669565200806 56.827736 99.395103 -1.004367 -0.671429 -0.740501 -0.016106 0.024115
1733228388.760668277740479 56.812223 99.398200 -1.002418 -0.651939 -0.757734 -0.017387 0.022627
1733228388.860667228698730 56.798876 99.421618 -1.006476 -0.629837 -0.776193 -0.019350 0.021358
1733228388.960665941238403 56.783885 99.426088 -1.002919 -0.608820 -0.792994 -0.015646 0.015960
1733228389.060664892196655 56.761412 99.451464 -1.039735 -0.592455 -0.805577 -0.004256 0.004987
1733228389.160663843154907 56.776638 99.533843 -1.035937 -0.573337 -0.819198 -0.002451 0.013881
1733228389.260662794113159 56.749540 99.508593 -1.028143 -0.547242 -0.836651 0.000054 0.023264
1733228389.360661506652832 56.733457 99.507734 -1.023154 -0.519945 -0.853832 -0.002575 0.024936
1733228389.460660696029663 56.685075 99.461006 -1.013790 -0.494278 -0.868795 -0.006702 0.028961
1733228389.560659646987915 56.657493 99.422512 -1.007115 -0.475026 -0.879763 0.000643 0.019149
1733228389.660658359527588 56.674672 99.546815 -1.021034 -0.458000 -0.888813 -0.000140 0.015739
1733228389.760657310485840 56.671394 99.604403 -1.018779 -0.438797 -0.898388 -0.001834 0.018815
1733228389.860656261444092 56.653959 99.597339 -1.012195 -0.418084 -0.907802 0.002868 0.033053
1733228389.960654973983765 56.629615 99.604418 -1.013481 -0.400444 -0.915747 0.000151 0.032427
1733228390.060653924942017 56.601918 99.585226 -1.003921 -0.385050 -0.922357 0.002666 0.031425
1733228390.160652875900269 56.570386 99.584382 -0.979662 -0.368209 -0.928793 -0.005356 0.041685
1733228390.260651826858521 56.545741 99.596881 -0.984224 -0.354919 -0.933856 -0.010365 0.042871
1733228390.360650539398193 56.532514 99.629102 -0.959862 -0.347560 -0.936764 -0.009081 0.039913
1733228390.460649490356445 56.497861 99.661168 -0.950533 -0.344984 -0.937419 -0.004235 0.047054
1733228390.560648441314697 56.467286 99.684746 -0.930840 -0.342187 -0.937271 0.008737 0.065994
1733228390.660647392272949 56.422906 99.707536 -0.943750 -0.335298 -0.940477 0.005796 0.055184
1733228390.760646343231201 56.381407 99.713215 -0.998076 -0.336923 -0.941203 0.005118 0.024346
1733228390.860645294189453 56.394048 99.825275 -1.001696 -0.350921 -0.935922 -0.000672 0.030053
1733228390.960644245147705 56.403043 99.883763 -0.988308 -0.350758 -0.935692 -0.003467 0.037916
1733228391.060643196105957 56.359691 99.858993 -0.939325 -0.350941 -0.935452 -0.004973 0.041770
1733228391.160641908645630 56.327986 99.898887 -0.936311 -0.350396 -0.935703 -0.002528 0.040948
1733228391.260640621185303 56.288634 99.955945 -0.952658 -0.345200 -0.937888 -0.005549 0.034244
1733228391.360639572143555 56.288647 99.894369 -0.845674 -0.346046 -0.937568 0.016058 0.030984
1733228391.460638523101807 56.220823 100.030565 -1.032469 -0.343873 -0.937281 0.026484 0.050552
1733228391.560637474060059 56.279389 100.113670 -1.064764 -0.354213 -0.933969 0.030972 0.035722
1733228391.660636186599731 56.224123 100.170056 -0.894963 -0.359999 -0.932036 0.037321 0.017805
1733228391.760635137557983 56.181384 100.245721 -0.934876 -0.362802 -0.931119 0.030033 0.022133
1733228391.860634326934814 56.166716 100.371065 -0.938730 -0.365833 -0.929916 0.025443 0.027838
1733228391.960633277893066 56.098751 100.462756 -0.902779 -0.367323 -0.928983 0.024685 0.038141
1733228392.060632228851318 56.022766 100.513339 -0.951451 -0.359821 -0.931220 0.030258 0.049423
1733228392.160630941390991 55.942290 100.521842 -0.888509 -0.353372 -0.933772 0.030170 0.047838
1733228392.260629892349243 55.931898 100.624399 -0.850139 -0.350238 -0.935252 0.026009 0.044275
1733228392.360628604888916 55.860194 100.681023 -0.844522 -0.348244 -0.936201 0.021762 0.042183
1733228392.460627555847168 55.786733 100.668175 -0.858556 -0.342184 -0.938908 0.011825 0.034955
1733228392.560626506805420 55.748304 100.678806 -0.863716 -0.325674 -0.945123 -0.016771 0.019957
1733228392.660625219345093 55.680629 100.691200 -0.892892 -0.315626 -0.948718 -0.009617 0.014865
1733228392.760624170303345 55.684040 100.634222 -0.894014 -0.305610 -0.952091 0.001919 0.010999
1733228392.860623121261597 55.696606 100.614295 -0.965908 -0.301554 -0.953431 -0.005313 0.002575
1733228392.960622072219849 55.731323 100.581280 -0.989604 -0.294205 -0.955549 0.012082 0.014919
1733228393.060621261596680 55.742714 100.591545 -0.950527 -0.303155 -0.952778 0.010067 0.014512
1733228393.160619974136353 55.736694 100.600947 -0.929575 -0.313564 -0.949459 0.000439 0.014308
1733228393.260618925094604 55.778602 100.647900 -0.990767 -0.311863 -0.949594 0.004096 0.031546
1733228393.360617876052856 55.755637 100.657532 -0.978280 -0.307559 -0.951260 0.007236 0.021449
1733228393.460616827011108 55.731146 100.697101 -0.927182 -0.303782 -0.952322 0.011937 0.025638
1733228393.560615539550781 55.699255 100.723384 -0.986177 -0.301410 -0.953078 0.023135 0.016099
1733228393.660614252090454 55.692083 100.736680 -0.976009 -0.308050 -0.951340 0.000896 0.007568
1733228393.760613203048706 55.658009 100.753759 -0.965666 -0.318829 -0.947260 -0.032080 0.004113
1733228393.860612154006958 55.639499 100.767028 -0.977225 -0.317838 -0.947843 -0.023751 -0.002891
1733228393.960611104965210 55.672627 100.797283 -0.936556 -0.315511 -0.948854 0.003263 0.010860
1733228394.060609817504883 55.652466 100.822030 -0.941980 -0.322049 -0.946443 -0.000172 0.023016
1733228394.160608768463135 55.605518 100.765740 -0.993289 -0.335158 -0.941787 -0.013809 0.022727
1733228394.260607957839966 55.574942 100.817719 -0.907367 -0.342958 -0.939129 -0.013620 0.015229
1733228394.360606908798218 55.516149 100.900327 -0.967229 -0.344697 -0.938318 -0.009621 0.025503
1733228394.460605859756470 55.434945 100.967033 -0.913950 -0.346082 -0.937920 -0.000145 0.023092
1733228394.560604572296143 55.344448 101.064880 -0.911494 -0.343661 -0.938677 0.002535 0.027857
1733228394.660603523254395 55.268813 101.164242 -0.899358 -0.347535 -0.937272 -0.004951 0.026749
1733228394.760602235794067 55.206769 101.239028 -0.917616 -0.350594 -0.936010 -0.008669 0.029894
1733228394.860601186752319 55.169513 101.307977 -0.899640 -0.354010 -0.934754 -0.004328 0.029874
1733228394.960600137710571 55.103469 101.356754 -0.895822 -0.362759 -0.931392 0.001199 0.030218
1733228395.060598850250244 55.077751 101.406374 -0.920913 -0.376843 -0.925580 0.002560 0.035852
1733228395.160597801208496 55.076976 101.419012 -0.914630 -0.396445 -0.917422 0.004079 0.033933
1733228395.260596752166748 55.106774 101.442893 -0.917058 -0.419749 -0.906881 0.009020 0.036010
1733228395.360595703125000 55.118279 101.440584 -0.930857 -0.448449 -0.892989 0.010719 0.036736
1733228395.460594654083252 55.151119 101.451446 -0.924754 -0.478825 -0.877209 0.003731 0.034870
1733228395.560593605041504 55.187053 101.466696 -0.924968 -0.511715 -0.858403 0.003982 0.035716
1733228395.660592555999756 55.209226 101.486120 -0.921640 -0.543997 -0.838159 0.005724 0.039044
1733228395.760591268539429 55.237056 101.513067 -0.946014 -0.570702 -0.820021 0.005139 0.042881
1733228395.860590457916260 55.283895 101.515366 -0.896559 -0.590111 -0.806273 0.005970 0.040703
1733228395.960589170455933 55.294704 101.551912 -0.890607 -0.606411 -0.794181 0.003125 0.039144
1733228396.060587882995605 55.297945 101.598309 -0.913407 -0.621598 -0.782373 0.003666 0.038662
1733228396.160586833953857 55.323088 101.653570 -0.911946 -0.636701 -0.770235 -0.002190 0.036689
1733228396.260585784912109 55.326902 101.679346 -0.900476 -0.653559 -0.756127 -0.003208 0.033517
1733228396.360584735870361 55.343603 101.733466 -0.907008 -0.670909 -0.740803 -0.003937 0.032820
1733228396.460583448410034 55.356007 101.787210 -0.915855 -0.686803 -0.726024 -0.005751 0.034020
1733228396.560582399368286 55.380745 101.813248 -0.911767 -0.698089 -0.715222 -0.007020 0.032877
1733228396.660581111907959 55.377070 101.864655 -0.909917 -0.709825 -0.703579 -0.006877 0.032834
1733228396.760580301284790 55.398679 101.921588 -0.902782 -0.720506 -0.692592 -0.003970 0.034230
1733228396.860579252243042 55.416265 101.994444 -0.907057 -0.732238 -0.680106 -0.008157 0.034882
1733228396.960578203201294 55.442017 102.057426 -0.910796 -0.745643 -0.665495 -0.013731 0.030740
1733228397.060577154159546 55.464734 102.115698 -0.895306 -0.756794 -0.652922 -0.012959 0.028067
1733228397.160575866699219 55.488694 102.175547 -0.895851 -0.767911 -0.639787 -0.010508 0.029575
1733228397.260574817657471 55.506493 102.228235 -0.897511 -0.776189 -0.629492 -0.013680 0.032912
1733228397.360573530197144 55.538842 102.289638 -0.901015 -0.782795 -0.621260 -0.014274 0.032621
1733228397.460572481155396 55.562541 102.349278 -0.899786 -0.789319 -0.612966 -0.012916 0.032876
1733228397.560571432113647 55.590115 102.433315 -0.908768 -0.794503 -0.606250 -0.009942 0.033579
1733228397.660570144653320 55.613396 102.489076 -0.900448 -0.802886 -0.595055 -0.015754 0.032183
1733228397.760569095611572 55.641465 102.571032 -0.900893 -0.812460 -0.582020 -0.018482 0.028626
1733228397.860568284988403 55.668407 102.511924 -0.890051 -0.820351 -0.570822 -0.018568 0.029028
1733228397.960567235946655 55.704131 102.569572 -0.889234 -0.827342 -0.560103 -0.019707 0.037439
1733228398.060566186904907 55.736053 102.637083 -0.895170 -0.831900 -0.553294 -0.022180 0.036290
1733228398.160565137863159 55.767154 102.685749 -0.893887 -0.835629 -0.547739 -0.022194 0.034848
1733228398.260563850402832 55.793853 102.732658 -0.893278 -0.836603 -0.546215 -0.020694 0.036269
1733228398.360562801361084 55.818868 102.779211 -0.892766 -0.837857 -0.544192 -0.023624 0.035938
1733228398.460561513900757 55.833758 102.822863 -0.894690 -0.841997 -0.537813 -0.028143 0.031719
1733228398.560560226440430 55.861932 102.863509 -0.891397 -0.844734 -0.533526 -0.029718 0.029843
1733228398.660559177398682 55.880498 102.895025 -0.887873 -0.846629 -0.530516 -0.029693 0.029839
1733228398.760558128356934 55.907004 102.947039 -0.889640 -0.845439 -0.532050 -0.034034 0.031582
1733228398.860557079315186 55.959068 103.072474 -0.904849 -0.843891 -0.534563 -0.034126 0.030417
1733228398.960556030273438 55.986480 103.128630 -0.910110 -0.842121 -0.537460 -0.032720 0.029956
1733228399.060555219650269 56.009694 103.162082 -0.914575 -0.839519 -0.541577 -0.032443 0.029140
1733228399.160554170608521 56.026895 103.206444 -0.908182 -0.838137 -0.543488 -0.037322 0.027449
1733228399.260552883148193 56.037464 103.239003 -0.895236 -0.838894 -0.542305 -0.040533 0.022804
1733228399.360551834106445 56.063493 103.303910 -0.890148 -0.839845 -0.540823 -0.040167 0.023587
1733228399.460550785064697 56.092636 103.355285 -0.884308 -0.840688 -0.539477 -0.039020 0.026183
1733228399.560549497604370 56.119519 103.411019 -0.893605 -0.840059 -0.540526 -0.039254 0.024326
1733228399.660548210144043 56.145542 103.454624 -0.889850 -0.840210 -0.540370 -0.038316 0.024082
1733228399.760547161102295 56.179859 103.516351 -0.886760 -0.840520 -0.540077 -0.035301 0.024426
1733228399.860546112060547 56.222154 103.580722 -0.884299 -0.845571 -0.532069 -0.037065 0.023205
1733228399.960545063018799 56.267260 103.636288 -0.884237 -0.854601 -0.517471 -0.039411 0.018092
1733228400.060544013977051 56.318718 103.707746 -0.881160 -0.863774 -0.502192 -0.036407 0.019315
1733228400.160542726516724 56.374143 103.786613 -0.880580 -0.872150 -0.487513 -0.033527 0.023676
1733228400.260541915893555 56.440715 103.936399 -0.888244 -0.876414 -0.479823 -0.032891 0.024237
1733228400.360547780990601 56.489235 104.010119 -0.886171 -0.880867 -0.471660 -0.031227 0.025194
1733228400.460546255111694 56.542161 104.103304 -0.888681 -0.885028 -0.463937 -0.028386 0.026128
1733228400.560544729232788 56.602547 104.193802 -0.886016 -0.888847 -0.456432 -0.030066 0.026773
1733228400.660542964935303 56.662058 104.277851 -0.886383 -0.890644 -0.452886 -0.032793 0.023926
1733228400.760541439056396 56.715322 104.370422 -0.886964 -0.891863 -0.450640 -0.030502 0.023957
1733228400.860539913177490 56.781286 104.463986 -0.881945 -0.892285 -0.449681 -0.029246 0.027562
1733228400.960538387298584 56.849047 104.559739 -0.898076 -0.889417 -0.455216 -0.030851 0.027649
1733228401.060536861419678 56.895818 104.610711 -0.898738 -0.886797 -0.460468 -0.028340 0.027523
1733228401.160535335540771 56.952208 104.695679 -0.901182 -0.883904 -0.466313 -0.025049 0.025272
1733228401.260533809661865 57.016721 104.784633 -0.898586 -0.883064 -0.467887 -0.027858 0.022455
1733228401.360532522201538 57.071584 104.857693 -0.898279 -0.884153 -0.465736 -0.031597 0.019117
1733228401.460530757904053 57.120906 104.915432 -0.896147 -0.885131 -0.464003 -0.030242 0.018189
1733228401.560529232025146 57.174110 104.992443 -0.896271 -0.883932 -0.465994 -0.031544 0.022799
1733228401.660527706146240 57.213575 105.039443 -0.906436 -0.880166 -0.473067 -0.030944 0.023632
1733228401.760526418685913 57.233123 105.054333 -0.904274 -0.877214 -0.478609 -0.030122 0.022829
1733228401.860524892807007 57.256031 105.074655 -0.903330 -0.873966 -0.484738 -0.027903 0.020805
1733228401.960523366928101 57.305685 105.139677 -0.903640 -0.873663 -0.485209 -0.030909 0.018168
1733228402.060521841049194 57.343381 105.177984 -0.898354 -0.874564 -0.483513 -0.033619 0.014950
1733228402.160520315170288 57.384949 105.239850 -0.899298 -0.875853 -0.481362 -0.030636 0.015262
1733228402.260519027709961 57.431222 105.314037 -0.904776 -0.874323 -0.483874 -0.032282 0.019576
1733228402.360517501831055 57.466587 105.375730 -0.912502 -0.871266 -0.489433 -0.030605 0.020333
1733228402.460515975952148 57.504613 105.440291 -0.911482 -0.869087 -0.493406 -0.028798 0.020223
1733228402.560514450073242 57.544591 105.498335 -0.909690 -0.866871 -0.497443 -0.026491 0.019597
1733228402.660512924194336 57.592130 105.567512 -0.908528 -0.868351 -0.494689 -0.031417 0.016210
1733228402.760511398315430 57.637942 105.633310 -0.909975 -0.869892 -0.492124 -0.030074 0.014053
1733228402.860510110855103 57.681726 105.717331 -0.905423 -0.871217 -0.489945 -0.027534 0.013279
1733228402.960508346557617 57.728322 105.790950 -0.919780 -0.867433 -0.496259 -0.030928 0.018205
1733228403.060507059097290 57.761960 105.857618 -0.917865 -0.864360 -0.501641 -0.029755 0.018795
1733228403.160505533218384 57.806573 105.938148 -0.917717 -0.861700 -0.506384 -0.026921 0.017989
1733228403.260504007339478 57.858186 106.034216 -0.913362 -0.861574 -0.506368 -0.032281 0.015496
1733228403.360510349273682 57.905725 106.113434 -0.911816 -0.863239 -0.503493 -0.034641 0.010656
1733228403.460508823394775 57.956434 106.191304 -0.915514 -0.864323 -0.501868 -0.031450 0.009202
1733228403.560507297515869 58.002111 106.280331 -0.917783 -0.862115 -0.505210 -0.035311 0.016554
1733228403.660505771636963 58.045102 106.344748 -0.929823 -0.857931 -0.512394 -0.032997 0.017818
1733228403.760504245758057 58.073494 106.402690 -0.926640 -0.854713 -0.517889 -0.030032 0.018844
1733228403.860502958297729 58.124082 106.488440 -0.917537 -0.851824 -0.522633 -0.030251 0.018317
1733228403.960501194000244 58.177079 106.575463 -0.918343 -0.853141 -0.520302 -0.034537 0.015621
1733228404.060499906539917 58.219163 106.672997 -0.918067 -0.854849 -0.517761 -0.031783 0.012144
1733228404.160498380661011 58.269182 106.764796 -0.922281 -0.855193 -0.517133 -0.031509 0.015039
1733228404.260496854782104 58.321673 106.877223 -0.935177 -0.850969 -0.523861 -0.033246 0.017759
1733228404.360495328903198 58.343426 106.934200 -0.934231 -0.848167 -0.528514 -0.031189 0.017690
1733228404.460493564605713 58.375077 107.013631 -0.930550 -0.845787 -0.532334 -0.032667 0.014084
1733228404.560492038726807 58.428895 107.120240 -0.927451 -0.847156 -0.529749 -0.038972 0.013213
1733228404.660490512847900 58.457498 107.173320 -0.915411 -0.847579 -0.528824 -0.042683 0.011558
1733228404.760488986968994 58.506907 107.300369 -0.910782 -0.848228 -0.527967 -0.040189 0.012031
1733228404.860487461090088 58.546465 107.403767 -0.920152 -0.845760 -0.531452 -0.042378 0.021261
1733228404.960485935211182 58.591375 107.505091 -0.923719 -0.841544 -0.538341 -0.038873 0.021949
1733228405.060484409332275 58.621820 107.611403 -0.910726 -0.838962 -0.542591 -0.035447 0.021914
1733228405.160482883453369 58.663554 107.713455 -0.915802 -0.837156 -0.545675 -0.032130 0.019405
1733228405.260481357574463 58.706653 107.779021 -0.916415 -0.838763 -0.543190 -0.033706 0.016908
1733228405.360480070114136 58.748040 107.848501 -0.923848 -0.840345 -0.540917 -0.031290 0.015820
1733228405.460478305816650 58.791030 107.936887 -0.926769 -0.840776 -0.540460 -0.028723 0.013170
1733228405.560476779937744 58.831825 108.047603 -0.940453 -0.837689 -0.545331 -0.026420 0.013899
1733228405.660475254058838 58.886360 108.162541 -0.941545 -0.834372 -0.550525 -0.023200 0.014406
1733228405.760473966598511 58.929071 108.273089 -0.938099 -0.831218 -0.555377 -0.022908 0.010376
1733228405.860472440719604 58.980132 108.385772 -0.948009 -0.833034 -0.552408 -0.029523 0.005255
1733228405.960471153259277 59.019544 108.483421 -0.947086 -0.834658 -0.549942 -0.030064 0.002510
1733228406.060469627380371 59.047466 108.566150 -0.944958 -0.835774 -0.548434 -0.026467 -0.000791
1733228406.160468101501465 59.076694 108.638948 -0.962353 -0.831898 -0.554152 -0.028723 0.005974
1733228406.260466575622559 59.104106 108.709902 -0.965938 -0.828329 -0.559602 -0.025403 0.008418
1733228406.360465049743652 59.128144 108.769732 -0.972086 -0.825709 -0.563585 -0.021975 0.009693
1733228406.460463523864746 59.163304 108.845231 -0.971286 -0.824558 -0.565307 -0.020890 0.009770
1733228406.560461997985840 59.188909 108.901245 -0.967395 -0.826117 -0.562868 -0.025860 0.006486
1733228406.660460472106934 59.223757 108.968542 -0.975129 -0.827338 -0.561125 -0.025052 0.004769
1733228406.760458946228027 59.252332 109.041209 -0.977367 -0.826583 -0.562130 -0.025329 0.011357
1733228406.860457658767700 59.277095 109.113098 -0.986967 -0.822057 -0.568729 -0.025333 0.011327
1733228406.960455894470215 59.297254 109.178697 -0.986629 -0.819659 -0.572238 -0.023875 0.011517
1733228407.060454607009888 59.333287 109.279658 -0.981889 -0.817362 -0.575586 -0.022566 0.010497
1733228407.160453081130981 59.377222 109.390045 -0.978418 -0.818422 -0.573631 -0.032275 0.009520
1733228407.260451316833496 59.404413 109.474634 -0.975748 -0.819506 -0.571891 -0.035929 0.007689
1733228407.360471963882446 59.431001 109.560017 -0.972130 -0.821112 -0.569664 -0.034965 0.005917
1733228407.460470676422119 59.465423 109.671172 -0.978022 -0.821789 -0.568385 -0.036906 0.015458
1733228407.560469627380371 59.519574 109.839303 -0.982367 -0.821742 -0.568475 -0.035752 0.017279
1733228407.660468339920044 59.552271 109.918954 -0.979691 -0.822523 -0.567390 -0.033933 0.019293
1733228407.760467290878296 59.581124 109.988206 -0.968191 -0.823336 -0.566121 -0.035642 0.018818
1733228407.860466241836548 59.625347 110.086753 -0.968036 -0.827925 -0.558910 -0.042972 0.017701
1733228407.960465192794800 59.686752 110.220786 -0.963533 -0.833939 -0.549996 -0.042450 0.015758
1733228408.060463905334473 59.736309 110.306000 -0.962127 -0.840741 -0.539823 -0.037931 0.017527
1733228408.160462856292725 59.772754 110.424296 -0.958460 -0.845551 -0.531944 -0.039667 0.022476
1733228408.260462045669556 59.807192 110.500322 -0.955391 -0.848902 -0.526755 -0.037002 0.022933
1733228408.360460996627808 59.853694 110.580757 -0.957010 -0.852192 -0.521564 -0.033888 0.024316
1733228408.460459947586060 59.906614 110.660123 -0.953839 -0.855341 -0.516452 -0.033054 0.024000
1733228408.560458660125732 59.950350 110.706888 -0.962085 -0.857557 -0.512468 -0.038270 0.022552
1733228408.660457611083984 59.986360 110.765402 -0.954058 -0.859770 -0.508945 -0.036773 0.020451
1733228408.760456562042236 60.045512 110.880145 -0.956719 -0.861475 -0.506265 -0.033873 0.020238
1733228408.860455274581909 60.087707 110.945147 -0.959138 -0.859174 -0.509863 -0.035428 0.024577
1733228408.960454225540161 60.116364 110.995585 -0.971305 -0.856185 -0.515056 -0.032468 0.024715
1733228409.060452938079834 60.132670 111.040614 -0.967833 -0.853527 -0.519681 -0.029543 0.023461
1733228409.160451889038086 60.189170 111.146339 -0.970907 -0.850855 -0.524155 -0.029307 0.021194
1733228409.260450839996338 60.255995 111.291322 -0.984808 -0.852700 -0.521028 -0.033175 0.018208
1733228409.360449790954590 60.308286 111.333245 -0.978261 -0.853792 -0.519281 -0.032437 0.018280
1733228409.460448503494263 60.295495 111.378752 -0.954145 -0.855672 -0.516408 -0.029800 0.016159
1733228409.560447692871094 60.301103 111.425863 -0.946356 -0.854208 -0.518459 -0.034654 0.018121
1733228409.660446643829346 60.383650 111.488317 -0.986758 -0.851354 -0.523049 -0.033574 0.022103
1733228409.760445594787598 60.383723 111.504489 -0.980441 -0.850257 -0.524981 -0.030603 0.022825
1733228409.860444545745850 60.420945 111.605119 -0.976987 -0.849058 -0.526801 -0.033950 0.020697
1733228409.960443258285522 60.463898 111.667909 -0.979527 -0.851043 -0.523421 -0.038351 0.016905
1733228410.060442209243774 60.466187 111.657256 -0.970713 -0.852781 -0.520691 -0.037325 0.015857
1733228410.160440921783447 60.519906 111.756774 -0.973702 -0.853941 -0.518928 -0.035157 0.016233
1733228410.260439872741699 60.580595 111.881253 -0.982350 -0.850467 -0.524233 -0.038262 0.020527
1733228410.360436916351318 60.621985 111.991117 -0.988397 -0.847045 -0.529822 -0.036683 0.021409
1733228410.460435628890991 60.667617 112.085306 -0.976138 -0.843515 -0.535740 -0.032307 0.020516
1733228410.560434579849243 60.712952 112.170222 -0.982018 -0.842352 -0.537355 -0.036034 0.019861
1733228410.660433530807495 60.742226 112.250271 -0.956800 -0.843255 -0.535866 -0.038857 0.016093
1733228410.760432243347168 60.790342 112.352807 -0.960084 -0.843715 -0.535241 -0.038185 0.014282
1733228410.860431194305420 60.827910 112.421167 -0.970022 -0.842217 -0.537381 -0.038906 0.019462
1733228410.960430145263672 60.872565 112.529772 -0.988082 -0.838380 -0.543347 -0.038410 0.020410
1733228411.060429096221924 60.894976 112.584300 -0.982670 -0.836795 -0.546015 -0.035802 0.018946
1733228411.160427808761597 60.911075 112.598087 -0.986412 -0.838309 -0.543924 -0.032801 0.017551
1733228411.260426759719849 60.925930 112.658708 -0.942205 -0.844005 -0.534554 -0.040225 0.016987
1733228411.360425949096680 60.951839 112.702449 -0.930007 -0.850194 -0.524649 -0.041298 0.014407
1733228411.460424900054932 60.999417 112.805945 -0.920646 -0.856510 -0.514552 -0.037149 0.015741
1733228411.560423612594604 61.050508 112.907889 -0.930036 -0.860462 -0.507794 -0.038138 0.017204
1733228411.660422563552856 61.069027 112.949651 -0.926291 -0.862534 -0.504481 -0.034755 0.018029
1733228411.760421514511108 61.115491 113.043515 -0.926296 -0.865174 -0.500181 -0.030012 0.019827
1733228411.860420465469360 61.155890 113.093693 -0.922978 -0.868354 -0.494627 -0.030481 0.019415
1733228411.960419178009033 61.217350 113.162802 -0.930833 -0.874251 -0.484173 -0.030699 0.017890
1733228412.060418128967285 61.271715 113.229064 -0.929070 -0.880144 -0.473578 -0.028625 0.015851
1733228412.160416841506958 61.332202 113.304712 -0.928395 -0.885055 -0.464332 -0.026680 0.019011
1733228412.260415792465210 61.386734 113.392885 -0.951882 -0.885401 -0.463547 -0.028618 0.019247
1733228412.360414743423462 61.453070 113.475041 -0.942908 -0.884765 -0.464948 -0.025539 0.019020
1733228412.460413694381714 61.498659 113.553152 -0.947012 -0.885500 -0.463793 -0.021283 0.018222
1733228412.560412406921387 61.541772 113.597186 -0.935861 -0.889133 -0.456623 -0.026414 0.015513
1733228412.660411596298218 61.609649 113.645204 -0.956431 -0.893640 -0.447706 -0.029190 0.010718
1733228412.760410547256470 61.641118 113.686871 -0.951852 -0.898458 -0.438165 -0.026192 0.009913
1733228412.860409498214722 61.690966 113.731701 -0.952145 -0.900471 -0.433767 -0.028930 0.012667
1733228412.960408449172974 61.730717 113.775122 -0.954257 -0.902172 -0.430357 -0.027110 0.012022
1733228413.060407161712646 61.762539 113.837764 -0.951414 -0.904688 -0.425185 -0.023624 0.014108
1733228413.160405874252319 61.805897 113.884255 -0.942440 -0.908064 -0.417409 -0.030503 0.016116
1733228413.260404825210571 61.862837 113.933903 -0.940602 -0.909724 -0.413722 -0.032702 0.012954
1733228413.360403776168823 61.919726 113.994067 -0.940262 -0.910827 -0.411400 -0.031410 0.012548
1733228413.460402727127075 61.981924 114.075011 -0.936384 -0.909702 -0.413225 -0.035756 0.020245
1733228413.560401678085327 62.045690 114.161847 -0.946728 -0.907286 -0.418190 -0.038919 0.020859
1733228413.660400390625000 62.104767 114.232313 -0.939281 -0.905054 -0.423027 -0.037454 0.022844
1733228413.760399580001831 62.165139 114.299218 -0.931098 -0.903232 -0.427011 -0.036356 0.022628
1733228413.860398530960083 62.250761 114.409754 -0.935754 -0.904349 -0.424152 -0.043652 0.018499
1733228413.960397481918335 62.314862 114.492641 -0.925701 -0.905859 -0.421107 -0.043121 0.015126
1733228414.060396432876587 62.367157 114.536052 -0.916704 -0.907175 -0.418424 -0.041464 0.015380
1733228414.160395145416260 62.430711 114.607248 -0.928385 -0.905011 -0.422282 -0.047413 0.019638
1733228414.260394096374512 62.477548 114.676259 -0.920989 -0.903238 -0.426271 -0.045433 0.019730
1733228414.360392570495605 62.535184 114.701755 -0.871682 -0.901664 -0.429790 -0.042628 0.021565
1733228414.460391283035278 62.589632 114.756038 -0.868753 -0.900665 -0.431706 -0.044929 0.020330
1733228414.560390233993530 62.645363 114.825689 -0.870082 -0.902157 -0.428442 -0.048008 0.015692
1733228414.660389184951782 62.689854 114.869403 -0.863934 -0.903608 -0.425743 -0.045221 0.013796
1733228414.760388135910034 62.739670 114.928832 -0.864141 -0.903297 -0.426265 -0.044943 0.018228
1733228414.860387086868286 62.787767 114.996473 -0.875628 -0.899348 -0.434727 -0.043264 0.017732
1733228414.960386037826538 62.817166 115.026788 -0.875958 -0.896264 -0.441345 -0.040115 0.017776
1733228415.060385227203369 62.880934 115.130067 -0.873026 -0.893496 -0.447063 -0.039845 0.014591
1733228415.160383939743042 62.928059 115.169068 -0.872665 -0.895782 -0.442202 -0.043112 0.013178
1733228415.260383129119873 62.969554 115.211188 -0.863441 -0.897646 -0.438496 -0.042774 0.011095
1733228415.360381841659546 63.012411 115.262479 -0.860608 -0.898736 -0.436607 -0.039259 0.010326
1733228415.460380792617798 63.051310 115.314391 -0.874124 -0.895248 -0.443743 -0.038599 0.011559
1733228415.560379505157471 63.087900 115.377811 -0.881935 -0.890297 -0.453899 -0.034487 0.012527
1733228415.660378456115723 63.132669 115.446516 -0.877055 -0.885146 -0.464090 -0.030961 0.013349
1733228415.760377168655396 63.168308 115.508208 -0.867568 -0.882292 -0.468841 -0.040801 0.009130
1733228415.860376358032227 63.209491 115.580185 -0.864254 -0.880481 -0.471976 -0.044258 0.005819
1733228415.960375070571899 63.245961 115.641791 -0.867780 -0.877740 -0.477134 -0.043509 0.004613
1733228416.060374498367310 63.276244 115.723186 -0.866233 -0.872374 -0.486682 -0.045434 0.006363
1733228416.160373210906982 63.292812 115.786197 -0.868370 -0.862359 -0.504195 -0.045419 0.007801
1733228416.260372161865234 63.309102 115.842925 -0.869528 -0.852861 -0.520309 -0.043255 0.005915
1733228416.360371112823486 63.352808 115.974928 -0.871558 -0.845915 -0.531217 -0.046973 0.005343
1733228416.460370063781738 63.377673 116.042701 -0.873614 -0.845735 -0.531693 -0.045085 0.001368
1733228416.560369014739990 63.402124 116.126065 -0.878083 -0.842554 -0.536743 -0.044822 -0.000321
1733228416.660367727279663 63.422970 116.222097 -0.888560 -0.839046 -0.542360 -0.042905 0.002571
1733228416.760366439819336 63.437424 116.275186 -0.897788 -0.834150 -0.550332 -0.036436 -0.000021
1733228416.860365629196167 63.472487 116.351132 -0.894975 -0.830715 -0.555468 -0.036435 0.006413
1733228416.960364580154419 63.512508 116.424976 -0.887977 -0.828039 -0.559549 -0.034550 0.007932
1733228417.060363292694092 63.537445 116.458138 -0.888572 -0.829557 -0.557054 -0.038285 0.007783
1733228417.160362243652344 63.557313 116.483251 -0.882215 -0.830674 -0.555561 -0.035481 0.008565
1733228417.260361433029175 63.587527 116.539162 -0.877204 -0.831954 -0.553747 -0.033135 0.010922
1733228417.360360383987427 63.616342 116.604468 -0.884324 -0.830153 -0.556495 -0.031004 0.014063
1733228417.460359334945679 63.647731 116.663258 -0.879786 -0.827850 -0.560025 -0.028586 0.014800
1733228417.560358047485352 63.673213 116.727089 -0.881278 -0.824483 -0.565134 -0.026313 0.012614
1733228417.660356998443604 63.704265 116.810390 -0.879504 -0.824705 -0.564591 -0.031567 0.010097
1733228417.760355710983276 63.757118 116.931378 -0.876954 -0.826240 -0.562216 -0.034110 0.008786
1733228417.860354900360107 63.789129 117.026835 -0.873361 -0.826860 -0.561429 -0.032258 0.007693
1733228417.960353612899780 63.826173 117.142199 -0.881485 -0.823714 -0.565802 -0.034153 0.014023
1733228418.060352563858032 63.870459 117.256828 -0.886126 -0.818634 -0.573220 -0.031511 0.016270
1733228418.160351514816284 63.899285 117.342524 -0.887939 -0.815405 -0.578022 -0.027963 0.014928
1733228418.260350465774536 63.945021 117.448576 -0.887027 -0.814466 -0.579524 -0.024447 0.014117
1733228418.360349178314209 63.968668 117.503373 -0.887519 -0.817083 -0.575758 -0.027565 0.010890
1733228418.460348367691040 63.998556 117.573706 -0.882337 -0.818885 -0.573349 -0.023587 0.011883
1733228418.560347318649292 64.035450 117.667532 -0.883722 -0.818306 -0.573969 -0.023185 0.019908
1733228418.660346269607544 64.060382 117.742629 -0.896876 -0.813183 -0.581142 -0.022241 0.022632
1733228418.760345220565796 64.089882 117.818036 -0.901703 -0.809074 -0.586872 -0.020523 0.023623
1733228418.860343933105469 64.114463 117.885412 -0.903262 -0.805035 -0.592493 -0.021693 0.020010
1733228418.960342884063721 64.154429 117.971234 -0.904752 -0.807200 -0.589508 -0.023399 0.018989
1733228419.060341835021973 64.191949 118.047707 -0.904347 -0.808692 -0.587566 -0.020983 0.018506
1733228419.160340785980225 64.222103 118.140927 -0.899305 -0.809297 -0.586652 -0.020274 0.021590
1733228419.260339498519897 64.262624 118.248241 -0.910784 -0.805622 -0.591311 -0.024123 0.027238
1733228419.360338449478149 64.271317 118.318400 -0.905921 -0.802958 -0.594981 -0.023359 0.026676
1733228419.460337400436401 64.293369 118.394619 -0.909149 -0.799972 -0.599098 -0.021353 0.025909
1733228419.560336589813232 64.304006 118.458025 -0.898874 -0.799213 -0.599844 -0.028940 0.024662
1733228419.660335540771484 64.316570 118.512214 -0.891683 -0.800301 -0.598130 -0.035602 0.022166
1733228419.760334491729736 64.339250 118.587234 -0.890118 -0.801431 -0.596717 -0.034763 0.020702
1733228419.860333442687988 64.355647 118.661790 -0.888947 -0.800141 -0.598071 -0.034943 0.029397
1733228419.960332155227661 64.376670 118.726838 -0.901045 -0.795815 -0.603654 -0.036324 0.031013
1733228420.060330867767334 64.401755 118.848920 -0.883043 -0.792934 -0.607587 -0.033287 0.031399
1733228420.160329818725586 64.456937 118.995324 -0.882040 -0.790026 -0.611605 -0.030075 0.029897
1733228420.260328769683838 64.526521 119.189581 -0.874913 -0.790808 -0.610409 -0.035572 0.027550
1733228420.360327720642090 64.576345 119.320797 -0.872855 -0.792533 -0.608144 -0.036815 0.026390
1733228420.460326671600342 64.614142 119.444603 -0.868834 -0.793972 -0.606427 -0.033876 0.026613
1733228420.560325622558594 64.656797 119.604342 -0.843049 -0.790893 -0.610058 -0.036349 0.031544
1733228420.660324811935425 64.703801 119.750550 -0.834698 -0.786296 -0.616102 -0.033433 0.032243
1733228420.760323524475098 64.707414 119.818112 -0.835056 -0.782947 -0.620507 -0.031383 0.031305
1733228420.860322713851929 64.727111 119.902154 -0.830821 -0.779524 -0.624933 -0.031784 0.028103
1733228420.960321426391602 64.762824 120.003285 -0.833205 -0.780879 -0.623106 -0.035492 0.026589
1733228421.060320377349854 64.802065 120.106327 -0.821984 -0.782703 -0.620894 -0.034767 0.025631
1733228421.160319089889526 64.840942 120.219522 -0.821106 -0.784157 -0.619162 -0.032355 0.026260
1733228421.260318040847778 64.880260 120.330388 -0.826346 -0.781169 -0.622405 -0.036909 0.032019
1733228421.360316991806030 64.892410 120.402715 -0.832143 -0.779264 -0.624870 -0.035557 0.031964
1733228421.460315942764282 64.920964 120.530728 -0.826918 -0.778893 -0.625567 -0.033462 0.029533
1733228421.560314893722534 64.950646 120.648195 -0.825659 -0.779954 -0.624152 -0.036204 0.028207
1733228421.660313606262207 64.970100 120.728956 -0.824624 -0.785880 -0.616434 -0.041279 0.026412
1733228421.760312795639038 64.979549 120.779418 -0.820066 -0.791507 -0.609203 -0.042338 0.024398
1733228421.860311746597290 65.012522 120.880761 -0.816455 -0.798488 -0.600317 -0.036591 0.026407
1733228421.960310935974121 65.031106 120.961384 -0.819022 -0.800852 -0.596844 -0.038998 0.029865
1733228422.060309648513794 65.052598 121.026979 -0.820038 -0.802374 -0.594937 -0.036741 0.029933
1733228422.160308599472046 65.078415 121.094334 -0.818746 -0.805004 -0.591581 -0.031958 0.031286
1733228422.260307312011719 65.119522 121.193706 -0.810021 -0.808912 -0.586264 -0.031243 0.031290
1733228422.360306262969971 65.168331 121.276429 -0.812989 -0.815809 -0.576500 -0.034090 0.030668
1733228422.460304975509644 65.210926 121.347478 -0.807696 -0.822830 -0.566633 -0.032272 0.028912
1733228422.560303926467896 65.257392 121.440142 -0.806586 -0.828687 -0.557865 -0.030545 0.033638
1733228422.660302877426147 65.309630 121.535469 -0.814831 -0.830669 -0.554698 -0.032125 0.035584
1733228422.760301828384399 65.347726 121.614302 -0.810052 -0.833115 -0.551169 -0.029887 0.035191
1733228422.860301017761230 65.359652 121.639920 -0.810495 -0.835306 -0.548071 -0.025743 0.034917
1733228422.960299968719482 65.396400 121.710654 -0.809541 -0.839006 -0.542321 -0.029104 0.033328
1733228423.060298919677734 65.432944 121.773938 -0.809899 -0.845831 -0.531637 -0.033049 0.028994
1733228423.160297870635986 65.471433 121.834371 -0.810539 -0.853285 -0.519607 -0.032868 0.028853
1733228423.260296821594238 65.505508 121.882688 -0.809213 -0.860221 -0.507939 -0.031497 0.032014
1733228423.360293149948120 65.547720 121.949894 -0.817686 -0.863467 -0.502257 -0.033514 0.032249
1733228423.460292100906372 65.585149 122.019178 -0.814614 -0.866111 -0.497770 -0.033461 0.030920
1733228423.560291290283203 65.636274 122.101667 -0.815105 -0.866706 -0.496895 -0.030586 0.031312
1733228423.660290241241455 65.691900 122.191161 -0.765275 -0.867173 -0.496032 -0.033031 0.029525
1733228423.760289192199707 65.734596 122.248682 -0.764717 -0.869565 -0.491827 -0.035944 0.025894
1733228423.860288143157959 65.781556 122.302351 -0.765322 -0.872000 -0.487700 -0.034511 0.023942
1733228423.960287094116211 65.830798 122.370572 -0.763048 -0.873827 -0.484396 -0.032991 0.026429
1733228424.060285806655884 65.878976 122.441171 -0.775805 -0.872447 -0.486901 -0.033532 0.025302
1733228424.160284519195557 65.901948 122.470188 -0.775722 -0.871449 -0.488821 -0.031171 0.025672
1733228424.260283470153809 65.944281 122.517469 -0.772958 -0.872241 -0.487782 -0.026866 0.023303
1733228424.360282421112061 66.011676 122.605358 -0.770724 -0.877469 -0.478186 -0.030362 0.021530
1733228424.460281372070312 66.074194 122.666918 -0.773731 -0.884749 -0.464464 -0.034355 0.017680
1733228424.560280323028564 66.127978 122.732271 -0.770058 -0.891355 -0.451716 -0.032535 0.019507
1733228424.660279512405396 66.191892 122.811729 -0.775097 -0.895938 -0.442237 -0.033838 0.024012
1733228424.760278224945068 66.260233 122.914642 -0.791245 -0.896561 -0.440974 -0.033853 0.023984
1733228424.860277414321899 66.303601 122.975344 -0.783933 -0.895832 -0.442551 -0.031633 0.025155
1733228424.960276126861572 66.358020 123.052895 -0.781547 -0.894678 -0.445037 -0.030894 0.023208
1733228425.060275077819824 66.378091 123.062894 -0.782636 -0.895213 -0.443716 -0.036340 0.019718
1733228425.160273790359497 66.412835 123.087994 -0.772645 -0.896439 -0.441400 -0.034757 0.018849
1733228425.260272741317749 66.462096 123.147747 -0.768036 -0.897519 -0.439313 -0.032625 0.019980
1733228425.360271692276001 66.510440 123.204067 -0.772641 -0.894815 -0.444152 -0.037599 0.024927
1733228425.460270643234253 66.560480 123.271495 -0.777164 -0.892304 -0.449383 -0.034843 0.025194
1733228425.560269594192505 66.599078 123.322096 -0.777114 -0.890088 -0.454108 -0.030485 0.024490
1733228425.660268306732178 66.659903 123.393343 -0.772989 -0.889159 -0.455846 -0.032576 0.023229
1733228425.760267257690430 66.718562 123.472991 -0.770606 -0.890944 -0.452362 -0.035346 0.018389
1733228425.860266447067261 66.758173 123.498126 -0.774945 -0.892007 -0.450507 -0.033088 0.016494
1733228425.960265398025513 66.821259 123.584675 -0.776660 -0.891747 -0.450810 -0.033974 0.020092
1733228426.060264348983765 66.866216 123.649635 -0.787379 -0.888490 -0.457214 -0.033764 0.020030
1733228426.160263299942017 66.870667 123.643818 -0.788689 -0.886143 -0.461991 -0.030987 0.018816
1733228426.260262012481689 66.906730 123.695106 -0.785072 -0.883706 -0.466942 -0.027038 0.017273
1733228426.360260963439941 67.068978 123.966568 -0.781139 -0.884246 -0.465572 -0.033537 0.015069
1733228426.460259675979614 67.137761 124.061042 -0.777532 -0.885620 -0.462948 -0.033804 0.014582
1733228426.560258626937866 67.199461 124.147871 -0.776303 -0.886667 -0.461075 -0.031316 0.015824
1733228426.660257577896118 67.257934 124.231170 -0.784027 -0.884481 -0.464887 -0.034205 0.020096
1733228426.760256528854370 67.290104 124.242994 -0.792941 -0.881650 -0.470382 -0.030934 0.021824
1733228426.860255479812622 67.327409 124.301814 -0.796602 -0.879336 -0.474840 -0.029275 0.020915
1733228426.960254669189453 67.371807 124.362811 -0.792508 -0.876897 -0.479350 -0.031085 0.017577
1733228427.060253620147705 67.463257 124.509934 -0.800190 -0.877952 -0.477205 -0.035261 0.015211
1733228427.160252571105957 67.504958 124.560369 -0.789950 -0.879067 -0.475266 -0.034480 0.013212
1733228427.260251522064209 67.549005 124.625808 -0.790209 -0.880122 -0.473488 -0.032308 0.012271
1733228427.360250234603882 67.597673 124.698070 -0.802432 -0.877570 -0.477845 -0.035325 0.016939
1733228427.460248947143555 67.627518 124.761046 -0.797690 -0.874234 -0.484042 -0.034026 0.016152
1733228427.560247898101807 67.652808 124.796378 -0.801311 -0.870618 -0.490613 -0.032856 0.015603
1733228427.660246849060059 67.698973 124.858412 -0.806260 -0.867008 -0.497034 -0.030359 0.018230
1733228427.760245561599731 67.733859 124.892597 -0.797996 -0.868413 -0.494580 -0.031774 0.015515
1733228427.860244750976562 67.781885 124.954324 -0.804111 -0.870291 -0.491279 -0.033313 0.011365
1733228427.960243463516235 67.854604 125.058501 -0.801050 -0.871538 -0.489141 -0.030909 0.014416
1733228428.060242652893066 67.915664 125.152058 -0.812028 -0.868337 -0.494226 -0.036596 0.019792
1733228428.160241603851318 67.951686 125.214045 -0.813787 -0.865700 -0.498953 -0.034577 0.020338
1733228428.260240554809570 67.981102 125.269635 -0.815037 -0.863037 -0.503719 -0.032092 0.020105
1733228428.360239267349243 68.021602 125.335926 -0.810198 -0.861330 -0.506592 -0.032684 0.020172
1733228428.460238218307495 68.062484 125.405837 -0.807773 -0.863117 -0.503463 -0.035705 0.016706
1733228428.560237169265747 68.104650 125.473027 -0.805215 -0.864503 -0.501151 -0.034847 0.016342
1733228428.660235881805420 68.139751 125.539647 -0.800087 -0.865309 -0.499860 -0.032688 0.017691
1733228428.760234594345093 68.168698 125.602350 -0.807960 -0.862272 -0.504763 -0.035352 0.021240
1733228428.860233783721924 68.187830 125.647717 -0.810998 -0.859599 -0.509293 -0.033792 0.023849
1733228428.960232496261597 68.225794 125.731833 -0.812889 -0.857376 -0.513217 -0.030842 0.023729
1733228429.060231447219849 68.258477 125.803263 -0.805089 -0.855954 -0.515359 -0.035739 0.021685
1733228429.160230398178101 68.301786 125.885514 -0.803053 -0.857472 -0.512624 -0.040933 0.016782
1733228429.260229587554932 68.347631 125.966645 -0.801565 -0.858806 -0.510526 -0.039855 0.015067
1733228429.360228300094604 68.376326 126.026490 -0.797282 -0.859200 -0.509929 -0.038260 0.016845
1733228429.460227251052856 68.380223 126.043736 -0.806864 -0.855392 -0.516308 -0.037830 0.017320
1733228429.560226202011108 68.392934 126.071735 -0.800740 -0.852103 -0.521957 -0.033817 0.018371
1733228429.660224914550781 68.408715 126.113862 -0.811901 -0.849746 -0.526032 -0.030476 0.017125
1733228429.760223865509033 68.428192 126.146394 -0.798030 -0.850407 -0.524632 -0.036404 0.015623
1733228429.860222578048706 68.442316 126.155021 -0.789994 -0.851865 -0.522202 -0.037740 0.014362
1733228429.960221529006958 68.472315 126.218486 -0.780703 -0.853322 -0.520046 -0.034293 0.014770
1733228430.060220479965210 68.588600 126.453713 -0.793080 -0.851393 -0.522858 -0.037326 0.018866
1733228430.160219430923462 68.675077 126.625565 -0.801207 -0.848075 -0.528328 -0.034993 0.020368
1733228430.260218381881714 68.750480 126.782859 -0.793240 -0.845433 -0.532756 -0.031522 0.020523
1733228430.360217094421387 68.717370 126.726332 -0.787014 -0.843031 -0.536144 -0.036844 0.022141
1733228430.460216283798218 68.704869 126.704116 -0.782779 -0.843657 -0.534906 -0.041937 0.018967
1733228430.560214996337891 68.762729 126.821113 -0.777030 -0.844718 -0.533324 -0.041755 0.016532
1733228430.660213947296143 68.843407 126.984334 -0.771904 -0.845564 -0.532196 -0.038996 0.016385
1733228430.760212898254395 68.874899 127.058362 -0.783053 -0.841323 -0.538459 -0.042023 0.021700
1733228430.860211849212646 68.884881 127.094449 -0.787787 -0.837251 -0.544998 -0.038530 0.022423
1733228430.960210800170898 68.901562 127.140109 -0.789337 -0.833136 -0.551605 -0.034272 0.021002
1733228431.060209512710571 68.956289 127.255769 -0.784060 -0.831533 -0.553978 -0.035717 0.019636
1733228431.160208463668823 68.975953 127.299017 -0.778748 -0.834234 -0.549782 -0.038715 0.017178
1733228431.260207176208496 69.058129 127.453681 -0.781705 -0.836023 -0.547219 -0.036619 0.016583
1733228431.360206127166748 69.084263 127.526447 -0.782343 -0.835260 -0.548234 -0.036970 0.020320
1733228431.460205078125000 69.105065 127.587986 -0.787907 -0.830793 -0.554971 -0.035084 0.023627
1733228431.560203790664673 69.150643 127.688468 -0.786030 -0.827052 -0.560669 -0.031798 0.024973
1733228431.660202741622925 69.208676 127.811439 -0.784997 -0.824580 -0.564279 -0.033686 0.022840
1733228431.760201930999756 69.266834 127.935286 -0.775478 -0.826495 -0.561352 -0.037122 0.020299
1733228431.860200881958008 69.341660 128.071361 -0.772131 -0.828049 -0.559117 -0.036791 0.019204
1733228431.960199832916260 69.397329 128.224290 -0.764019 -0.828739 -0.558012 -0.035064 0.024187
1733228432.060198783874512 69.454038 128.357275 -0.774671 -0.823703 -0.565059 -0.038112 0.027747
1733228432.160197496414185 69.476376 128.443137 -0.765017 -0.819648 -0.571047 -0.035833 0.028263
1733228432.260196208953857 69.472649 128.474103 -0.763501 -0.815540 -0.577158 -0.032721 0.026673
1733228432.360195159912109 69.494780 128.554460 -0.758906 -0.815098 -0.577442 -0.037692 0.027479
1733228432.460194110870361 69.618872 128.765447 -0.783787 -0.817015 -0.574617 -0.041004 0.024931
1733228432.560192823410034 69.682229 128.922913 -0.766423 -0.819845 -0.570888 -0.037035 0.023870
1733228432.660191774368286 69.669677 128.931839 -0.758773 -0.819761 -0.570619 -0.038094 0.030571
1733228432.760190725326538 69.602519 128.826555 -0.768822 -0.816892 -0.574864 -0.036722 0.029494
1733228432.860189914703369 69.559831 128.759408 -0.769807 -0.815778 -0.576651 -0.032752 0.030113
1733228432.960188865661621 69.590034 128.840704 -0.840454 -0.814776 -0.578382 -0.026268 0.030392
1733228433.060187816619873 69.625197 128.916289 -0.837446 -0.816064 -0.576418 -0.031202 0.028429
1733228433.160186529159546 69.658576 128.980007 -0.836263 -0.818358 -0.573249 -0.031602 0.026031
1733228433.260185480117798 69.687496 129.037958 -0.836673 -0.819780 -0.571285 -0.029323 0.027110
1733228433.360184431076050 69.718173 129.102713 -0.836788 -0.819141 -0.571877 -0.029691 0.032909
1733228433.460183143615723 69.743787 129.164725 -0.851060 -0.815625 -0.576996 -0.030275 0.030243
1733228433.560181856155396 69.757498 129.210705 -0.849348 -0.812487 -0.581607 -0.028271 0.028262
1733228433.660180807113647 69.762720 129.244358 -0.852139 -0.809201 -0.586290 -0.025901 0.028051
1733228433.760179758071899 69.784658 129.300744 -0.853853 -0.807969 -0.587948 -0.028031 0.026803
1733228433.860178709030151 69.777347 129.304709 -0.850568 -0.809749 -0.585558 -0.030246 0.022661
1733228433.960177659988403 69.776982 129.309090 -0.850496 -0.810703 -0.584199 -0.031063 0.022520
1733228434.060176610946655 69.776020 129.334253 -0.846803 -0.811137 -0.583543 -0.029481 0.025799
1733228434.160175561904907 69.772053 129.347766 -0.859186 -0.807769 -0.587844 -0.033278 0.029001
1733228434.260174512863159 69.776943 129.383413 -0.857892 -0.804314 -0.592767 -0.030290 0.028072
1733228434.360173463821411 69.787046 129.427550 -0.862388 -0.801220 -0.596999 -0.027341 0.029859
1733228434.460172414779663 69.836747 129.548242 -0.865253 -0.798694 -0.600304 -0.028118 0.030531
1733228434.560171127319336 69.855316 129.619125 -0.861482 -0.799823 -0.598792 -0.031227 0.027515
1733228434.660169839859009 69.889384 129.672749 -0.857934 -0.799612 -0.599061 -0.032105 0.026761
1733228434.760168790817261 69.906722 129.740528 -0.856911 -0.799827 -0.598737 -0.030377 0.029456
1733228434.860167741775513 69.966620 129.910050 -0.858890 -0.796887 -0.602238 -0.034056 0.033473
1733228434.960166692733765 70.014993 130.033831 -0.863129 -0.793514 -0.606758 -0.031260 0.034679
1733228435.060165405273438 70.014080 130.069162 -0.861462 -0.790359 -0.610970 -0.028773 0.034937
1733228435.160164356231689 70.025313 130.117284 -0.862607 -0.787112 -0.615257 -0.027910 0.033671
1733228435.260163545608521 70.035574 130.157766 -0.863631 -0.787669 -0.614366 -0.032624 0.032676
1733228435.360162496566772 70.071354 130.241862 -0.854325 -0.788077 -0.613856 -0.033049 0.031989
1733228435.460161209106445 70.121502 130.380130 -0.858881 -0.788465 -0.613290 -0.031683 0.034566
1733228435.560160160064697 70.135764 130.431710 -0.853670 -0.786796 -0.615095 -0.033847 0.038257
1733228435.660159111022949 70.194425 130.586083 -0.866791 -0.782970 -0.620022 -0.033268 0.037736
1733228435.760157823562622 70.215393 130.657365 -0.862645 -0.779696 -0.624232 -0.031616 0.037540
1733228435.860156774520874 70.222351 130.696091 -0.864897 -0.776059 -0.628844 -0.028964 0.038067
1733228435.960155487060547 70.286461 130.853987 -0.864648 -0.774298 -0.631024 -0.030438 0.036666
1733228436.060154438018799 70.304207 130.900367 -0.845296 -0.775511 -0.629626 -0.032135 0.033489
1733228436.160153388977051 70.381443 131.080108 -0.846343 -0.776001 -0.629012 -0.032392 0.033418
1733228436.260152339935303 70.397871 131.148156 -0.840709 -0.776726 -0.628102 -0.030369 0.035538
1733228436.360151290893555 70.405667 131.190062 -0.840657 -0.773483 -0.631766 -0.034095 0.037867
1733228436.460150241851807 70.416766 131.244711 -0.848318 -0.770229 -0.635903 -0.031476 0.037214
1733228436.560149192810059 70.503972 131.468317 -0.849755 -0.766541 -0.640449 -0.028277 0.037945
1733228436.660148143768311 70.556800 131.583050 -0.849550 -0.759995 -0.648168 -0.027097 0.039400
1733228436.760146856307983 70.586789 131.649151 -0.851161 -0.755720 -0.653116 -0.031335 0.036667
1733228436.860145807266235 70.571265 131.674621 -0.846221 -0.751072 -0.658515 -0.031088 0.035825
1733228436.960144758224487 70.516445 131.578039 -0.849769 -0.743957 -0.666583 -0.030385 0.035675
1733228437.060143470764160 70.503569 131.605822 -0.847979 -0.733372 -0.678125 -0.029663 0.037841
1733228437.160142421722412 70.497158 131.633555 -0.852164 -0.717565 -0.694582 -0.031540 0.040767
1733228437.260141372680664 70.428558 131.571607 -0.852456 -0.700790 -0.711672 -0.028875 0.039782
1733228437.360140085220337 70.401300 131.566468 -0.855893 -0.681579 -0.730210 -0.027846 0.038316
1733228437.460139036178589 70.337296 131.476716 -0.855167 -0.661987 -0.747997 -0.029990 0.037081
1733228437.560137987136841 70.254926 131.376871 -0.832317 -0.645373 -0.762473 -0.030104 0.034954
1733228437.660137176513672 70.213960 131.365041 -0.840040 -0.625858 -0.778562 -0.030088 0.035192
1733228437.760135889053345 70.180835 131.359742 -0.831579 -0.605574 -0.794448 -0.030739 0.034462
1733228437.860134840011597 70.152070 131.345088 -0.833048 -0.579779 -0.813194 -0.024326 0.044487
1733228437.960133790969849 70.111412 131.284294 -0.817966 -0.549158 -0.834240 -0.023135 0.043970
1733228438.060132741928101 70.057464 131.225051 -0.814445 -0.517213 -0.854361 -0.025037 0.043956
1733228438.160131454467773 70.011991 131.137934 -0.801542 -0.485581 -0.872491 -0.029395 0.045897
1733228438.260130167007446 69.944034 131.076386 -0.803152 -0.459049 -0.886841 -0.029151 0.044014
1733228438.360126495361328 69.897910 131.029648 -0.796045 -0.431392 -0.900663 -0.029407 0.042921
1733228438.460125446319580 69.881956 131.037802 -0.791022 -0.402860 -0.913802 -0.027220 0.043920
1733228438.560124635696411 69.848671 130.990327 -0.783518 -0.371542 -0.926742 -0.022733 0.050880
1733228438.660123348236084 69.820241 130.957510 -0.788500 -0.339816 -0.938921 -0.020388 0.050373
1733228438.760122299194336 69.798569 130.920424 -0.792100 -0.307696 -0.949904 -0.019913 0.051079
1733228438.860121250152588 69.818445 130.946706 -0.794023 -0.272645 -0.960370 -0.023642 0.052873
1733228438.960120201110840 69.829452 130.951344 -0.780915 -0.242849 -0.968286 -0.025112 0.053063
1733228439.060119152069092 69.841089 130.950622 -0.765326 -0.211948 -0.975613 -0.022949 0.052258
1733228439.160117626190186 69.835023 130.963160 -0.761516 -0.179178 -0.982156 -0.022709 0.052431
1733228439.260116577148438 69.826371 130.951053 -0.752510 -0.146320 -0.987597 -0.022204 0.052440
1733228439.360115528106689 69.817564 130.940739 -0.751198 -0.113098 -0.991964 -0.021482 0.052477
1733228439.460114479064941 69.822870 130.919650 -0.756734 -0.076049 -0.995283 -0.016052 0.058056
1733228439.560113430023193 69.815128 130.888580 -0.762183 -0.041358 -0.997466 -0.014635 0.056017
1733228439.660112142562866 69.837007 130.864865 -0.769156 -0.004198 -0.998348 -0.016117 0.054999
1733228439.760111093521118 69.850109 130.851540 -0.722455 0.028447 -0.997881 -0.019300 0.055241
1733228439.860110282897949 69.868536 130.822875 -0.719735 0.056546 -0.996864 -0.015402 0.053165
1733228439.960109233856201 69.853444 130.798991 -0.718290 0.086970 -0.994716 -0.013988 0.052728
1733228440.060107946395874 69.856292 130.753556 -0.715607 0.118909 -0.991526 -0.011489 0.051035
1733228440.160106897354126 69.860859 130.722079 -0.717390 0.154167 -0.986586 -0.002829 0.053595
1733228440.260105848312378 69.864368 130.680081 -0.709146 0.189464 -0.980570 -0.000588 0.050852
1733228440.360104560852051 69.833409 130.610779 -0.711248 0.224408 -0.973164 -0.000418 0.050915
1733228440.460103511810303 69.875245 130.651280 -0.724252 0.258469 -0.964625 -0.000382 0.051886
1733228440.560102224349976 69.896292 130.638314 -0.726037 0.282778 -0.957725 -0.005158 0.052657
1733228440.660101175308228 69.897634 130.603488 -0.721638 0.299052 -0.952885 -0.003973 0.050617
1733228440.760100126266479 69.877998 130.567508 -0.718042 0.310697 -0.949180 -0.003052 0.050150
1733228440.860099077224731 69.841236 130.527059 -0.719558 0.322196 -0.945215 0.001287 0.052511
1733228440.960098266601562 69.798890 130.474696 -0.715362 0.331787 -0.942007 0.004428 0.050203
1733228441.060096979141235 69.693145 130.351474 -0.716509 0.344150 -0.937800 0.005748 0.045366
1733228441.160095930099487 69.635362 130.302442 -0.713569 0.356709 -0.933178 0.006413 0.043549
1733228441.260094881057739 69.588008 130.241771 -0.701970 0.364350 -0.930179 0.006249 0.044456
1733228441.360093832015991 69.529427 130.192613 -0.692490 0.377311 -0.925071 0.006139 0.042932
1733228441.460092544555664 69.480549 130.127548 -0.687495 0.392394 -0.918845 0.010167 0.040591
1733228441.560091257095337 69.433013 130.058279 -0.694446 0.414678 -0.908774 0.017177 0.043326
1733228441.660090208053589 69.415899 129.992056 -0.690323 0.437763 -0.898025 0.015361 0.040979
1733228441.760089159011841 69.383921 129.924218 -0.697973 0.459396 -0.887278 0.013542 0.038857
1733228441.860088109970093 69.339242 129.857113 -0.701794 0.477373 -0.877788 0.011630 0.038326
1733228441.960086822509766 69.289907 129.780649 -0.693061 0.479309 -0.876599 0.010687 0.041504
1733228442.060085773468018 69.248927 129.686397 -0.692106 0.479601 -0.876403 0.009029 0.042640
1733228442.160084962844849 69.195749 129.599887 -0.695695 0.479765 -0.876393 0.011418 0.040381
1733228442.260083913803101 69.158701 129.531542 -0.700395 0.484033 -0.873902 0.015003 0.042222
1733228442.360080003738403 69.131367 129.475164 -0.697909 0.488576 -0.871385 0.015133 0.041862
1733228442.460078716278076 69.122133 129.411496 -0.689638 0.492471 -0.869332 0.016556 0.038195
1733228442.560077428817749 69.082972 129.347393 -0.689089 0.495810 -0.867483 0.017141 0.036783
1733228442.660076379776001 69.041758 129.289749 -0.687908 0.492420 -0.869299 0.013921 0.040591
1733228442.760075092315674 68.999509 129.231362 -0.689067 0.489584 -0.870895 0.013540 0.040823
1733228442.860074043273926 68.951895 129.165885 -0.687853 0.486903 -0.872455 0.017033 0.038193
1733228442.960072994232178 68.902728 129.093705 -0.690513 0.489954 -0.870488 0.022006 0.041377
1733228443.060071706771851 68.877270 129.065540 -0.700199 0.495090 -0.867618 0.023086 0.039902
1733228443.160070657730103 68.834213 129.000856 -0.696979 0.500985 -0.864324 0.022648 0.038012
1733228443.260069370269775 68.791918 128.930192 -0.693335 0.506745 -0.861069 0.021171 0.036358
1733228443.360068559646606 68.750367 128.861956 -0.690235 0.504684 -0.862139 0.020304 0.039978
1733228443.460067510604858 68.708688 128.795887 -0.690015 0.502608 -0.863351 0.020088 0.040086
1733228443.560066223144531 68.657936 128.711575 -0.691825 0.501462 -0.864097 0.020636 0.038040
1733228443.660065174102783 68.618217 128.633390 -0.689126 0.507320 -0.860292 0.028334 0.041487
1733228443.760063886642456 68.588577 128.554417 -0.687271 0.512568 -0.857245 0.028387 0.039982
1733228443.860062837600708 68.554424 128.481296 -0.689565 0.517504 -0.854438 0.026726 0.037576
1733228443.960061550140381 68.508323 128.397337 -0.687607 0.521487 -0.852133 0.025048 0.035966
1733228444.060060262680054 68.467610 128.321579 -0.686871 0.518086 -0.854175 0.020577 0.039346
1733228444.160059213638306 68.423543 128.246357 -0.686374 0.514838 -0.856248 0.018461 0.037944
1733228444.260057926177979 68.377224 128.161044 -0.685703 0.512743 -0.857626 0.018646 0.034998
1733228444.360056877136230 68.336257 128.089837 -0.691018 0.518989 -0.853800 0.019882 0.035799
1733228444.460055589675903 68.310743 128.017344 -0.697369 0.524748 -0.850331 0.020509 0.033993
1733228444.560054540634155 68.264118 127.936311 -0.694622 0.530470 -0.846946 0.019091 0.030320
1733228444.660053730010986 68.214504 127.849406 -0.690761 0.531259 -0.846339 0.015938 0.034932
1733228444.760052442550659 68.166083 127.770709 -0.687016 0.528823 -0.847784 0.012342 0.038160
1733228444.860051393508911 68.121468 127.689170 -0.686002 0.527647 -0.848610 0.011308 0.036363
1733228444.960050106048584 68.077255 127.599189 -0.682713 0.529435 -0.847236 0.021633 0.037711
1733228445.060049057006836 68.041803 127.517743 -0.694707 0.536624 -0.842454 0.025028 0.040988
1733228445.160048007965088 68.013550 127.450812 -0.691988 0.541796 -0.839215 0.024893 0.039429
1733228445.260046720504761 67.965701 127.350051 -0.684551 0.546091 -0.836651 0.023416 0.035376
1733228445.360045433044434 67.966903 127.287526 -0.679198 0.546183 -0.836366 0.021663 0.041309
1733228445.460044145584106 67.924239 127.201627 -0.664319 0.544800 -0.837253 0.018750 0.043006
1733228445.560043096542358 67.927245 127.205889 -0.660605 0.543212 -0.838420 0.017924 0.040638
1733228445.660041809082031 67.889932 127.134104 -0.670235 0.545110 -0.837199 0.018380 0.040194
1733228445.760040760040283 67.822122 127.040954 -0.689258 0.552327 -0.832610 0.019107 0.036469
1733228445.860039472579956 67.765700 126.949561 -0.695769 0.557269 -0.829485 0.016883 0.033472
1733228445.960038423538208 67.724294 126.855985 -0.688811 0.561256 -0.826872 0.013879 0.032888
1733228446.060037374496460 67.687819 126.772071 -0.697284 0.559452 -0.827948 0.011800 0.037103
1733228446.160036087036133 67.660972 126.695355 -0.690810 0.558064 -0.828958 0.011054 0.035656
1733228446.260035276412964 67.617157 126.597976 -0.689123 0.557499 -0.829490 0.009712 0.032343
1733228446.360034227371216 67.588972 126.500779 -0.687762 0.561587 -0.826627 0.014635 0.033083
1733228446.460032939910889 67.546249 126.410315 -0.701760 0.565403 -0.824124 0.016304 0.029563
1733228446.560031652450562 67.524348 126.330815 -0.698049 0.568140 -0.822384 0.015397 0.025779
1733228446.660030603408813 67.542189 126.265665 -0.682908 0.568912 -0.821738 0.013154 0.030224
1733228446.760029315948486 67.466696 126.158379 -0.685161 0.565579 -0.823882 0.009307 0.035380
1733228446.860028266906738 67.413070 126.055471 -0.693157 0.562724 -0.825938 0.008134 0.033185
1733228446.960026979446411 67.422877 125.975588 -0.690662 0.562906 -0.825723 0.015327 0.032910
1733228447.060025691986084 67.339787 125.867314 -0.707701 0.568732 -0.821698 0.016919 0.032707
1733228447.160024642944336 67.315535 125.791806 -0.697374 0.572922 -0.818822 0.018646 0.030706
1733228447.260023593902588 67.286376 125.689446 -0.707126 0.576602 -0.816368 0.017964 0.027406
1733228447.360019922256470 67.256265 125.602328 -0.706791 0.576652 -0.816148 0.015832 0.033541
1733228447.460018873214722 67.210438 125.515646 -0.704488 0.575065 -0.817196 0.014592 0.035752
1733228447.560017585754395 67.169761 125.382332 -0.704538 0.573416 -0.818448 0.015035 0.033329
1733228447.660016536712646 67.106866 125.274494 -0.697367 0.576561 -0.815969 0.022521 0.035568
1733228447.760015249252319 67.101306 125.167682 -0.706744 0.581370 -0.812538 0.024843 0.034273
1733228447.860014200210571 67.077213 125.122426 -0.702427 0.585219 -0.809830 0.025717 0.032153
1733228447.960012912750244 67.011355 124.955698 -0.694737 0.588465 -0.807542 0.024264 0.031561
1733228448.060011625289917 66.992790 124.865688 -0.696664 0.585266 -0.809739 0.021256 0.036534
1733228448.160010576248169 66.944469 124.724207 -0.687351 0.581120 -0.812780 0.019778 0.036000
1733228448.260009288787842 66.903407 124.633888 -0.684803 0.575260 -0.817078 0.018603 0.033368
1733228448.360008239746094 66.867635 124.526203 -0.712429 0.572719 -0.818543 0.025859 0.036215
1733228448.460007190704346 66.857848 124.470087 -0.692913 0.570385 -0.820281 0.025390 0.033978
1733228448.560005903244019 66.859672 124.405858 -0.692901 0.566783 -0.822905 0.024811 0.031127
1733228448.660004854202271 66.852895 124.324836 -0.666534 0.562926 -0.825557 0.024769 0.030942
1733228448.760003805160522 66.851092 124.242693 -0.675851 0.552164 -0.832611 0.020992 0.037860
1733228448.860002756118774 66.795883 124.202364 -0.677768 0.542461 -0.839013 0.020104 0.037282
1733228448.960001707077026 66.748893 124.124123 -0.678765 0.530670 -0.846624 0.023343 0.032753
1733228449.060000419616699 66.683372 124.027117 -0.687248 0.525596 -0.849466 0.029237 0.036071
1733228449.159999370574951 66.633838 123.974642 -0.689386 0.523076 -0.851041 0.030364 0.034631
1733228449.259998083114624 66.601596 123.902345 -0.695648 0.520025 -0.852956 0.031916 0.031958
1733228449.359996795654297 66.575355 123.814715 -0.700016 0.517048 -0.854782 0.030461 0.032891
1733228449.459995508193970 66.504797 123.742180 -0.705129 0.511620 -0.857933 0.030440 0.035629
1733228449.559994459152222 66.465392 123.671254 -0.698798 0.508044 -0.860167 0.030515 0.032761
1733228449.659993410110474 66.428652 123.599555 -0.701194 0.505282 -0.861782 0.033831 0.029600
1733228449.759992122650146 66.382297 123.514631 -0.726448 0.507991 -0.859614 0.042706 0.034426
1733228449.859991073608398 66.344176 123.477234 -0.696264 0.511045 -0.857899 0.041230 0.033804
1733228449.959989786148071 66.291433 123.407498 -0.706050 0.514530 -0.855951 0.041185 0.030177
1733228450.059988737106323 66.253546 123.300090 -0.708311 0.517276 -0.854350 0.038730 0.031791
1733228450.159987926483154 66.201941 123.220954 -0.705431 0.515369 -0.855501 0.035091 0.035795
1733228450.259986639022827 66.149248 123.172559 -0.682291 0.514083 -0.856439 0.032806 0.033976
1733228450.359985589981079 66.112616 123.071884 -0.682180 0.514906 -0.855735 0.035683 0.036270
1733228450.459984302520752 66.062996 123.005212 -0.695454 0.520920 -0.852131 0.033732 0.037116
1733228450.559983253479004 66.034214 122.960978 -0.685101 0.525473 -0.849491 0.032129 0.034803
1733228450.659981966018677 66.016106 122.893771 -0.692670 0.530003 -0.846891 0.028639 0.032453
1733228450.759980916976929 65.969648 122.805596 -0.691204 0.529931 -0.846823 0.024321 0.038372
1733228450.859979629516602 65.927138 122.699202 -0.687350 0.529473 -0.847026 0.021881 0.041554
1733228450.959978342056274 65.873895 122.562317 -0.686041 0.528649 -0.847710 0.021146 0.038359
1733228451.059977293014526 65.801182 122.384276 -0.695557 0.531640 -0.845599 0.026766 0.040061
1733228451.159976005554199 65.732366 122.238805 -0.693016 0.536549 -0.842467 0.030056 0.038232
1733228451.259974956512451 65.642705 121.923869 -0.723167 0.540407 -0.840119 0.029850 0.035628
1733228451.359972953796387 65.569517 121.794126 -0.724908 0.543128 -0.838463 0.026554 0.035881
1733228451.459971666336060 65.528715 121.688937 -0.714158 0.540056 -0.840381 0.023626 0.039255
1733228451.559970617294312 65.472667 121.615869 -0.724305 0.537481 -0.842139 0.021818 0.037936
1733228451.659969568252563 65.410204 121.544345 -0.672983 0.536843 -0.842499 0.026084 0.036259
1733228451.759968280792236 65.360414 121.399764 -0.705119 0.542242 -0.838837 0.028624 0.038827
1733228451.859967231750488 65.299055 121.346837 -0.695704 0.547013 -0.835787 0.030637 0.036016
1733228451.959966421127319 65.277638 121.249544 -0.681985 0.551546 -0.833036 0.028960 0.031771
1733228452.059965133666992 65.213403 121.118209 -0.692605 0.551486 -0.832933 0.025931 0.037608
1733228452.159964084625244 65.180125 121.050671 -0.686931 0.549158 -0.834480 0.023276 0.039063
1733228452.259962797164917 65.150897 120.952146 -0.681109 0.547623 -0.835653 0.022025 0.036162
1733228452.359961509704590 65.107535 120.858061 -0.687818 0.551070 -0.833015 0.028642 0.039848
1733228452.459960460662842 65.062161 120.776137 -0.698820 0.556719 -0.829303 0.029169 0.038337
1733228452.559959411621094 65.036136 120.664567 -0.697029 0.560804 -0.826674 0.028190 0.036264
1733228452.659957885742188 65.004740 120.564733 -0.678304 0.564819 -0.824037 0.025727 0.035778
1733228452.759956836700439 64.919404 120.528952 -0.712012 0.562709 -0.825309 0.022091 0.041652
1733228452.859955787658691 64.952908 120.340118 -0.683594 0.559749 -0.827412 0.022902 0.039314
1733228452.959954500198364 64.912619 120.269538 -0.669486 0.557996 -0.828753 0.023233 0.035639
1733228453.059953451156616 64.838000 120.173772 -0.698859 0.563584 -0.824691 0.028741 0.037837
1733228453.159952163696289 64.812262 120.087435 -0.681248 0.569434 -0.820732 0.031042 0.034358
1733228453.259951114654541 64.767232 120.010306 -0.683689 0.574080 -0.817704 0.029631 0.030225
1733228453.359949827194214 64.743695 119.889406 -0.673746 0.574674 -0.817321 0.026281 0.032334
1733228453.459949016571045 64.690175 119.814320 -0.694323 0.572590 -0.818815 0.022780 0.034117
1733228453.559947729110718 64.646045 119.728630 -0.685920 0.571024 -0.820090 0.021053 0.030673
1733228453.659946680068970 64.626885 119.618287 -0.692746 0.572953 -0.818546 0.024629 0.033163
1733228453.759945631027222 64.590045 119.542084 -0.708303 0.578215 -0.814894 0.025672 0.030922
1733228453.859944343566895 64.556353 119.470514 -0.696711 0.581910 -0.812379 0.024784 0.028409
1733228453.959943294525146 64.538459 119.363741 -0.691421 0.585408 -0.809960 0.022581 0.027417
1733228454.059942007064819 64.501145 119.231573 -0.701215 0.582071 -0.812274 0.018560 0.032553
1733228454.159940719604492 64.431723 119.167814 -0.705490 0.578733 -0.814718 0.016592 0.032056
1733228454.259939670562744 64.432408 119.017881 -0.689467 0.574940 -0.817550 0.016132 0.028207
1733228454.359938383102417 64.390339 118.887043 -0.714533 0.576930 -0.815911 0.023233 0.030020
1733228454.459937334060669 64.338466 118.779151 -0.696230 0.579019 -0.814478 0.024204 0.027859
1733228454.559936046600342 64.301063 118.694626 -0.709140 0.578944 -0.814635 0.023944 0.024920
1733228454.659934997558594 64.282133 118.594631 -0.703049 0.577020 -0.816005 0.022434 0.026096
1733228454.759933710098267 64.228106 118.482836 -0.720437 0.568668 -0.821786 0.019813 0.029864
1733228454.859933137893677 64.171971 118.362653 -0.736222 0.560462 -0.827470 0.017753 0.029353
1733228454.959931850433350 64.211783 118.260984 -0.695085 0.551749 -0.833292 0.021703 0.026957
1733228455.059930562973022 64.082457 118.176577 -0.801704 0.550422 -0.834003 0.024474 0.029592
1733228455.159929513931274 64.063298 118.063439 -0.761621 0.547132 -0.836215 0.025128 0.027548
1733228455.259928226470947 63.985489 118.005597 -0.745725 0.543620 -0.838590 0.026651 0.023101
1733228455.359927177429199 63.908307 117.854121 -0.752173 0.536898 -0.842795 0.026316 0.027297
1733228455.459926128387451 63.918378 117.773157 -0.786876 0.525435 -0.849952 0.023243 0.030976
1733228455.559924602508545 63.809745 117.690544 -0.788019 0.514270 -0.856788 0.023667 0.029677
1733228455.659923553466797 63.799049 117.664609 -0.765840 0.503586 -0.863067 0.027556 0.027522
1733228455.759922266006470 63.776309 117.563738 -0.793196 0.500927 -0.864464 0.029612 0.029938
1733228455.859921216964722 63.693900 117.499802 -0.780702 0.498125 -0.866096 0.030651 0.028446
1733228455.959920167922974 63.661620 117.454707 -0.786355 0.496369 -0.867192 0.031749 0.024259
1733228456.059918880462646 63.607093 117.375665 -0.796659 0.496446 -0.867084 0.029112 0.029301
1733228456.159917831420898 63.580151 117.325832 -0.798797 0.493193 -0.868898 0.027151 0.032247
1733228456.259916543960571 63.513678 117.280088 -0.793154 0.491251 -0.870074 0.027571 0.029712
1733228456.359915733337402 63.479588 117.208241 -0.789508 0.491505 -0.869683 0.033745 0.030589
1733228456.459914445877075 63.345408 117.128077 -0.788584 0.496987 -0.866511 0.033450 0.032291
1733228456.559913396835327 63.426178 117.088896 -0.795224 0.501437 -0.863948 0.034222 0.031357
1733228456.659912109375000 63.339917 116.985761 -0.778759 0.507700 -0.860486 0.031886 0.028068
1733228456.759911060333252 63.332277 116.907373 -0.801736 0.507887 -0.860162 0.028761 0.036658
1733228456.859910011291504 63.260806 116.852041 -0.742588 0.505775 -0.861383 0.025008 0.039815
1733228456.959908723831177 63.234550 116.756843 -0.747392 0.503469 -0.862818 0.024604 0.038193
1733228457.059907436370850 63.153768 116.688209 -0.760562 0.504915 -0.861727 0.029115 0.040485
1733228457.159906387329102 63.105514 116.596739 -0.779178 0.510393 -0.858450 0.030620 0.040312
1733228457.259905099868774 63.072672 116.546244 -0.743453 0.514447 -0.856166 0.028899 0.038581
1733228457.359904050827026 63.040663 116.463351 -0.745749 0.518897 -0.853665 0.026766 0.035838
1733228457.459902763366699 62.982993 116.391564 -0.798070 0.518160 -0.853983 0.024162 0.040484
1733228457.559901475906372 62.926028 116.326101 -0.778499 0.516446 -0.855034 0.023517 0.040592
1733228457.659900426864624 62.926422 116.192389 -0.730285 0.514445 -0.856403 0.023655 0.036882
1733228457.759899616241455 62.870423 116.066532 -0.719262 0.518000 -0.854132 0.026307 0.037979
1733228457.859898567199707 62.731601 115.968265 -0.737139 0.522780 -0.851325 0.027903 0.034180
1733228457.959897279739380 62.732754 115.880975 -0.722174 0.526208 -0.849423 0.026257 0.029934
1733228458.059896230697632 62.713428 115.827869 -0.733439 0.529180 -0.847626 0.023655 0.030645
1733228458.159894943237305 62.658014 115.659704 -0.742797 0.527242 -0.848784 0.019338 0.034735
1733228458.259893894195557 62.589848 115.559102 -0.728468 0.525975 -0.849732 0.017199 0.031785
1733228458.359892606735229 62.555552 115.462198 -0.720035 0.526374 -0.849521 0.019622 0.029329
1733228458.459891319274902 62.495709 115.344403 -0.756165 0.533957 -0.844705 0.023129 0.028774
1733228458.559890270233154 62.453576 115.244056 -0.745202 0.539828 -0.841028 0.023856 0.026258
1733228458.659888982772827 62.409304 115.165526 -0.748401 0.545500 -0.837507 0.022253 0.022710
1733228458.759887695312500 62.367849 115.022934 -0.773190 0.545756 -0.837290 0.019069 0.027040
1733228458.859886884689331 62.271119 114.893429 -0.759972 0.544831 -0.837834 0.017515 0.029771
1733228458.959885597229004 62.261641 114.786910 -0.749368 0.543509 -0.838808 0.017018 0.026639
1733228459.059884548187256 62.166322 114.665040 -0.763375 0.546531 -0.836566 0.023727 0.029968
1733228459.159883260726929 62.148535 114.565982 -0.817631 0.552160 -0.832859 0.026035 0.028066
1733228459.259881973266602 62.127145 114.498457 -0.747110 0.556333 -0.830163 0.026907 0.024482
1733228459.359881162643433 62.032115 114.369916 -0.735598 0.558654 -0.828549 0.025533 0.027571
1733228459.459880113601685 62.088975 114.281806 -0.779746 0.555661 -0.830473 0.023344 0.031785
1733228459.559878826141357 62.002207 114.213832 -0.770912 0.554119 -0.831598 0.022030 0.030194
1733228459.659877777099609 62.008108 114.099476 -0.752693 0.553086 -0.832292 0.022182 0.029889
1733228459.759876489639282 61.979566 114.019190 -0.719249 0.558951 -0.828159 0.024931 0.033245
1733228459.859875440597534 61.760783 113.896032 -0.811091 0.564160 -0.824544 0.029301 0.031495
1733228459.959874153137207 61.832234 113.900007 -0.742120 0.567866 -0.822195 0.028001 0.027208
1733228460.059872865676880 61.834338 113.815370 -0.763145 0.568199 -0.822019 0.024279 0.029083
1733228460.159871816635132 61.808175 113.766139 -0.756037 0.564953 -0.824268 0.020371 0.031565
1733228460.259870529174805 61.794397 113.676262 -0.732003 0.562190 -0.826284 0.019697 0.028447
1733228460.359869480133057 61.705583 113.553365 -0.763990 0.562873 -0.825781 0.021360 0.028349
1733228460.459868192672729 61.622246 113.449619 -0.772133 0.567864 -0.822433 0.022039 0.025478
1733228460.559867143630981 61.546360 113.334071 -0.721664 0.571637 -0.819918 0.022574 0.021373
1733228460.659866333007812 61.563104 113.220928 -0.796751 0.573296 -0.818723 0.019771 0.025156
1733228460.759865045547485 61.522018 113.106181 -0.852916 0.568980 -0.821695 0.018923 0.026854
1733228460.859863996505737 61.482648 113.012487 -0.726089 0.565821 -0.823982 0.018164 0.023886
1733228460.959862709045410 61.463776 112.924154 -0.796692 0.563489 -0.825576 0.018722 0.023539
1733228461.059861660003662 61.372266 112.818579 -0.811466 0.568775 -0.821650 0.025685 0.026944
1733228461.159860610961914 61.314299 112.708334 -0.798835 0.573225 -0.818597 0.026620 0.024560
1733228461.259859323501587 61.259665 112.581029 -0.810135 0.576685 -0.816230 0.027306 0.021385
1733228461.359858036041260 61.238795 112.467292 -0.820209 0.576932 -0.815847 0.027740 0.027819
1733228461.459856748580933 61.159660 112.344395 -0.785682 0.575893 -0.816445 0.026780 0.032356
1733228461.559855699539185 61.172825 112.255299 -0.757701 0.574634 -0.817396 0.026471 0.030965
1733228461.659854412078857 61.126012 112.186389 -0.770354 0.576173 -0.816141 0.030178 0.032055
1733228461.759853363037109 61.102183 112.087529 -0.790234 0.581828 -0.812039 0.033042 0.031266
1733228461.859852313995361 61.077588 111.995861 -0.766379 0.585877 -0.809179 0.033474 0.029280
1733228461.959851026535034 61.075774 111.959211 -0.734538 0.588507 -0.807446 0.030678 0.027372
1733228462.059849977493286 61.022048 111.885622 -0.776006 0.584194 -0.810271 0.030045 0.035721
1733228462.159848928451538 61.072210 111.867030 -0.729877 0.577239 -0.815149 0.028770 0.038720
1733228462.259847879409790 60.988085 111.759788 -0.771310 0.569558 -0.820558 0.030312 0.037008
1733228462.359846830368042 60.961788 111.667870 -0.758931 0.565854 -0.822794 0.035682 0.039326
1733228462.459845542907715 60.935527 111.620861 -0.757505 0.565860 -0.822813 0.034430 0.039945
1733228462.559844493865967 60.939902 111.564897 -0.756950 0.565724 -0.822994 0.033633 0.038821
1733228462.659843206405640 60.919717 111.512199 -0.701812 0.566543 -0.822641 0.032373 0.035251
1733228462.759841918945312 60.875094 111.431428 -0.684488 0.561313 -0.825957 0.030068 0.042645
1733228462.859840869903564 60.816039 111.320230 -0.851236 0.555374 -0.829842 0.028134 0.046168
1733228462.959839582443237 60.852843 111.275481 -0.748571 0.548970 -0.834333 0.028174 0.041552
1733228463.059838533401489 60.798902 111.205138 -0.761711 0.545236 -0.836634 0.031204 0.042273
1733228463.159837245941162 60.745790 111.135312 -0.787158 0.544249 -0.837364 0.034370 0.037862
1733228463.259836196899414 60.714324 111.106794 -0.728977 0.542805 -0.838440 0.035597 0.033369
1733228463.359834909439087 60.680013 110.992996 -0.733649 0.541774 -0.839328 0.033640 0.029612
1733228463.459833860397339 60.595274 110.877497 -0.811849 0.537179 -0.842249 0.031072 0.033018
1733228463.559832572937012 60.493483 110.794645 -0.762434 0.534241 -0.844241 0.029384 0.031307
1733228463.659831762313843 60.510030 110.696601 -0.762218 0.531728 -0.845899 0.030947 0.027606
1733228463.759830713272095 60.488663 110.582489 -0.792910 0.534743 -0.843613 0.037017 0.031589
1733228463.859829425811768 60.349271 110.545051 -0.754539 0.538221 -0.841497 0.035521 0.030641
1733228463.959828376770020 60.361306 110.515427 -0.742694 0.541442 -0.839549 0.035311 0.027400
1733228464.059827327728271 60.327912 110.402365 -0.749961 0.544187 -0.837890 0.031875 0.028024
1733228464.159826040267944 60.265877 110.278765 -0.755476 0.541283 -0.839789 0.027475 0.031813
1733228464.259824752807617 60.215533 110.179666 -0.783893 0.538695 -0.841594 0.023683 0.031078
1733228464.359823465347290 60.198799 110.071330 -0.780237 0.537926 -0.842152 0.021989 0.030535
1733228464.459822416305542 60.137145 109.960172 -0.824060 0.544010 -0.838158 0.022108 0.032495
1733228464.559821128845215 60.089268 109.866344 -0.808402 0.548996 -0.835001 0.020797 0.030724
1733228464.659820079803467 60.076466 109.764282 -0.838792 0.552512 -0.832813 0.018914 0.028194
1733228464.759818792343140 60.020552 109.646355 -0.821175 0.552452 -0.832596 0.015473 0.036613
1733228464.859817743301392 60.025284 109.516771 -0.829939 0.551813 -0.832868 0.011899 0.041126
1733228464.959816694259644 59.936854 109.401699 -0.814159 0.551495 -0.833222 0.010140 0.038617
1733228465.059815645217896 59.913886 109.369673 -0.811207 0.553966 -0.831422 0.019120 0.038647
1733228465.159814596176147 59.875155 109.262593 -0.841392 0.558903 -0.828135 0.022632 0.036170
1733228465.259813308715820 59.844250 109.192132 -0.807864 0.562355 -0.825877 0.025339 0.032279
1733228465.359812259674072 59.828068 109.111289 -0.773131 0.564290 -0.824603 0.023444 0.032520
1733228465.459811210632324 59.776502 109.020740 -0.808101 0.560235 -0.827267 0.020717 0.036577
1733228465.559809923171997 59.794516 109.023202 -0.791050 0.556774 -0.829777 0.018153 0.033817
1733228465.659808635711670 59.721906 108.916575 -0.799683 0.556374 -0.829830 0.023150 0.035970
1733228465.759807348251343 59.719847 108.852181 -0.912630 0.561747 -0.826177 0.021392 0.037612
1733228465.859806299209595 59.708357 108.848799 -0.770932 0.566043 -0.823425 0.021104 0.033474
1733228465.959805250167847 59.697522 108.753331 -0.782395 0.570258 -0.820645 0.019609 0.031044
1733228466.059803962707520 59.666548 108.663173 -0.786117 0.569114 -0.821265 0.020164 0.035019
1733228466.159802675247192 59.630433 108.555692 -0.788122 0.563921 -0.824752 0.015975 0.039021
1733228466.259801626205444 59.596900 108.477864 -0.772396 0.557538 -0.829244 0.015408 0.035612
1733228466.359800577163696 59.546348 108.373422 -0.774238 0.555689 -0.830209 0.022432 0.038204
1733228466.459799289703369 59.499128 108.282452 -0.777058 0.559636 -0.827590 0.025886 0.035091
1733228466.559798479080200 59.450413 108.200996 -0.768881 0.562234 -0.825904 0.029500 0.030082
1733228466.659797191619873 59.398198 108.117829 -0.772303 0.563500 -0.825124 0.030935 0.026101
1733228466.759796142578125 59.319129 107.990755 -0.759988 0.558702 -0.828499 0.027524 0.026155
1733228466.859795093536377 59.285408 107.900118 -0.759789 0.555474 -0.830769 0.025781 0.024643
1733228466.959793806076050 59.232040 107.801732 -0.753109 0.553426 -0.831680 0.034691 0.028715
1733228467.059792757034302 59.215594 107.660046 -0.800180 0.554186 -0.831128 0.033206 0.031653
1733228467.159791231155396 59.180477 107.609602 -0.784734 0.552020 -0.832791 0.029915 0.028964
1733228467.259790182113647 59.061976 107.363677 -0.781778 0.549280 -0.834785 0.025708 0.027662
1733228467.359788894653320 58.977752 107.196688 -0.773142 0.542071 -0.839413 0.024936 0.030367
1733228467.459787845611572 58.919671 106.990316 -0.797326 0.526291 -0.849280 0.022433 0.035189
1733228467.559786796569824 58.834786 106.887165 -0.781366 0.511944 -0.858058 0.022794 0.033611
1733228467.659785509109497 58.758988 106.771562 -0.772562 0.498092 -0.866164 0.026668 0.030858
1733228467.759784460067749 58.697573 106.679192 -0.767073 0.491914 -0.869409 0.032082 0.033455
1733228467.859783172607422 58.653097 106.580823 -0.786640 0.486529 -0.872376 0.036033 0.030826
1733228467.959782361984253 58.621610 106.551076 -0.782486 0.484742 -0.873386 0.038848 0.026703
1733228468.059781312942505 58.583215 106.492965 -0.783462 0.483893 -0.874047 0.036080 0.024252
1733228468.159780025482178 58.547372 106.470873 -0.782475 0.478903 -0.876857 0.034382 0.024310
1733228468.259778976440430 58.519070 106.457400 -0.774542 0.475309 -0.878885 0.035124 0.020223
1733228468.359774589538574 58.476560 106.429398 -0.781429 0.476947 -0.877896 0.036079 0.022757
1733228468.459773302078247 58.443252 106.366323 -0.800449 0.482913 -0.874403 0.039450 0.025644
1733228468.559772014617920 58.389368 106.296826 -0.803256 0.487890 -0.871726 0.039653 0.022035
1733228468.659770965576172 58.327312 106.225989 -0.796939 0.493292 -0.868701 0.037465 0.024868
1733228468.759769678115845 58.274364 106.086351 -0.820405 0.487579 -0.871918 0.033358 0.030211
1733228468.859768629074097 58.212051 106.000345 -0.796938 0.482271 -0.874882 0.033055 0.030055
1733228468.959767580032349 58.161199 105.957482 -0.794252 0.476578 -0.877975 0.034813 0.028650
1733228469.059766292572021 58.118869 105.910399 -0.807833 0.475918 -0.878064 0.037850 0.032769
1733228469.159765243530273 58.151317 106.002840 -0.818873 0.482710 -0.874422 0.038321 0.030141
1733228469.259764194488525 58.137253 106.050167 -0.810609 0.487926 -0.871796 0.033216 0.028218
1733228469.359762907028198 58.117487 106.053547 -0.794498 0.488745 -0.871586 0.026995 0.027157
1733228469.459761857986450 58.105355 106.014041 -0.793767 0.486862 -0.872588 0.025074 0.030433
1733228469.559760808944702 58.066885 105.918698 -0.793949 0.485076 -0.873707 0.023051 0.028389
1733228469.659759521484375 57.968373 105.682235 -0.806281 0.488011 -0.871834 0.025120 0.033460
1733228469.759758472442627 57.913888 105.579565 -0.811611 0.495091 -0.867904 0.022886 0.033217
1733228469.859757423400879 57.866420 105.417281 -0.837999 0.501287 -0.864457 0.020198 0.031903
1733228469.959755897521973 57.812965 105.321770 -0.821338 0.508901 -0.860136 0.017906 0.029429
1733228470.059754848480225 57.741461 105.160315 -0.818779 0.508174 -0.860493 0.012013 0.034148
1733228470.159753561019897 57.707159 105.077874 -0.813414 0.506413 -0.861454 0.010007 0.036636
1733228470.259752511978149 57.679015 104.991054 -0.812848 0.503585 -0.863220 0.011655 0.033431
1733228470.359751224517822 57.587868 104.834513 -0.802283 0.504506 -0.862569 0.015108 0.034936
1733228470.459750175476074 57.506041 104.700479 -0.806276 0.505290 -0.862287 0.015506 0.030037
1733228470.559748888015747 57.473349 104.617919 -0.825297 0.501244 -0.864730 0.016884 0.026689
1733228470.659747838973999 57.420584 104.591036 -0.805320 0.496701 -0.867350 0.017298 0.026330
1733228470.759747028350830 57.359222 104.480823 -0.819898 0.487040 -0.872745 0.017130 0.028543
1733228470.859745740890503 57.312075 104.457130 -0.806087 0.478131 -0.877751 0.013891 0.027397
1733228470.959744691848755 57.244309 104.361439 -0.812137 0.468382 -0.882984 0.016498 0.026197
1733228471.059743404388428 57.177646 104.296451 -0.807445 0.465619 -0.884046 0.025617 0.031719
1733228471.159742355346680 57.128195 104.217735 -0.809565 0.461671 -0.886093 0.026188 0.031827
1733228471.259741306304932 57.083904 104.173722 -0.791075 0.461223 -0.886344 0.026836 0.030764
1733228471.359740018844604 57.058346 104.136407 -0.793988 0.460899 -0.886446 0.028358 0.031330
1733228471.459738731384277 57.034766 104.127700 -0.786496 0.453927 -0.889780 0.023764 0.040949
1733228471.559737443923950 56.993445 104.087659 -0.775087 0.447982 -0.892783 0.021657 0.042209
1733228471.659736394882202 56.939247 104.018505 -0.770862 0.444832 -0.894445 0.022294 0.039939
1733228471.759735107421875 56.885725 103.930997 -0.779158 0.449227 -0.892040 0.025059 0.042807
1733228471.859734058380127 56.833546 103.891671 -0.775048 0.454947 -0.889290 0.026985 0.038177
1733228471.959733009338379 56.761192 103.778933 -0.779955 0.458692 -0.887497 0.028600 0.033666
1733228472.059731721878052 56.695649 103.660904 -0.794020 0.459069 -0.887393 0.024116 0.034756
1733228472.159730911254883 56.633159 103.610612 -0.779774 0.456230 -0.888881 0.021356 0.035896
1733228472.259729623794556 56.566915 103.513127 -0.780901 0.454623 -0.889792 0.021145 0.033786
1733228472.359725236892700 56.524496 103.479057 -0.779900 0.457187 -0.888150 0.027473 0.037611
1733228472.459723949432373 56.499210 103.421233 -0.776952 0.461607 -0.885798 0.029014 0.037931
1733228472.559722900390625 56.458795 103.352763 -0.769855 0.465058 -0.884108 0.028143 0.035802
1733228472.659721612930298 56.450029 103.333683 -0.748892 0.468382 -0.882318 0.024629 0.039062
1733228472.759720325469971 56.377639 103.237355 -0.771508 0.465615 -0.883517 0.021313 0.046321
1733228472.859719038009644 56.313423 103.132753 -0.745734 0.463695 -0.884612 0.018541 0.045884
1733228472.959717750549316 56.241038 103.019376 -0.742899 0.462532 -0.885406 0.016459 0.043003
1733228473.059716463088989 56.178254 102.923482 -0.750800 0.467825 -0.882476 0.020639 0.044146
1733228473.159715414047241 56.192030 102.963578 -0.758482 0.474072 -0.879254 0.023263 0.040341
1733228473.259714126586914 56.172653 102.972571 -0.745632 0.479422 -0.876590 0.022746 0.035019
1733228473.359713077545166 56.143653 102.943431 -0.747396 0.480946 -0.875655 0.019875 0.039039
1733228473.459711790084839 56.145534 102.848999 -0.734277 0.479313 -0.876494 0.018121 0.041106
1733228473.559710502624512 56.085256 102.891684 -0.714045 0.479522 -0.876491 0.018320 0.038547
1733228473.659709453582764 56.007384 102.780698 -0.723734 0.482792 -0.874454 0.025580 0.039847
1733228473.759708166122437 55.972175 102.743427 -0.731257 0.491978 -0.869332 0.025296 0.039741
1733228473.859706878662109 55.969464 102.722048 -0.737442 0.499658 -0.864992 0.026074 0.038081
1733228473.959706068038940 55.945549 102.674125 -0.730844 0.508389 -0.860084 0.022883 0.035675
1733228474.059704780578613 55.856854 102.501157 -0.733603 0.508421 -0.859950 0.019211 0.040314
1733228474.159703731536865 55.807009 102.422702 -0.735933 0.506054 -0.861376 0.017745 0.040319
1733228474.259702444076538 55.784582 102.376345 -0.782743 0.504240 -0.862567 0.017187 0.037743
1733228474.359701156616211 55.745430 102.310443 -0.786584 0.507260 -0.860635 0.020509 0.039670
1733228474.459700107574463 55.681755 102.152046 -0.789211 0.512321 -0.857724 0.020997 0.037363
1733228474.559698820114136 55.651949 102.039299 -0.798163 0.516107 -0.855542 0.020733 0.035379
1733228474.659697532653809 55.543276 101.885075 -0.797279 0.519733 -0.853346 0.018385 0.036604
1733228474.759696245193481 55.467696 101.753385 -0.804587 0.516556 -0.855161 0.015008 0.040544
1733228474.859694957733154 55.441470 101.665020 -0.797336 0.513473 -0.857174 0.012283 0.038038
1733228474.959693670272827 55.342092 101.511686 -0.804965 0.511915 -0.858252 0.011737 0.034764
1733228475.059692621231079 55.260952 101.354775 -0.814938 0.516780 -0.855169 0.016354 0.036844
1733228475.159691333770752 55.037183 100.894399 -0.822251 0.521493 -0.852380 0.018040 0.034182
1733228475.259690284729004 54.925931 100.679303 -0.813707 0.525186 -0.850260 0.018856 0.029701
1733228475.359688997268677 54.823360 100.493033 -0.789998 0.526388 -0.849504 0.018294 0.030408
1733228475.459687709808350 54.719175 100.236883 -0.841960 0.523992 -0.850859 0.015941 0.034900
1733228475.559686422348022 54.665489 100.141096 -0.822125 0.522540 -0.851845 0.015362 0.032816
1733228475.659685373306274 54.560824 99.963463 -0.795716 0.524012 -0.850817 0.021289 0.032694
1733228475.759684085845947 54.485125 99.787836 -0.835628 0.530348 -0.846842 0.023552 0.032170
1733228475.859683275222778 54.472304 99.705636 -0.813094 0.534423 -0.844339 0.024047 0.030088
1733228475.959681987762451 54.403768 99.583397 -0.804188 0.539110 -0.841470 0.022711 0.027783
1733228476.059680700302124 54.361304 99.514745 -0.831453 0.537514 -0.842354 0.019474 0.033751
1733228476.159679651260376 54.345866 99.468362 -0.814962 0.536018 -0.843281 0.017668 0.035346
1733228476.259678363800049 54.327912 99.411458 -0.805153 0.535101 -0.843976 0.017635 0.032558
1733228476.359677076339722 54.315522 99.383385 -0.803358 0.538730 -0.841400 0.023317 0.035674
1733228476.459676027297974 54.296532 99.339965 -0.804942 0.543548 -0.838315 0.025473 0.033679
1733228476.559674739837646 54.291692 99.304508 -0.826253 0.547448 -0.835820 0.027490 0.030832
1733228476.659673213958740 54.250647 99.197254 -0.802106 0.550679 -0.833616 0.026691 0.033529
1733228476.759672164916992 54.191085 99.104207 -0.784535 0.548297 -0.835128 0.024446 0.036518
1733228476.859670877456665 54.184374 99.080598 -0.825102 0.546220 -0.836539 0.022117 0.036841
1733228476.959669828414917 54.160200 99.023638 -0.814434 0.544508 -0.837723 0.022713 0.034848
1733228477.059668540954590 54.137585 98.938636 -0.816482 0.549649 -0.834060 0.028500 0.037660
1733228477.159667491912842 54.092998 98.862602 -0.808912 0.554833 -0.830733 0.028020 0.035468
1733228477.259665966033936 54.075571 98.826158 -0.820224 0.559759 -0.827529 0.026771 0.033886
1733228477.359664916992188 53.977536 98.737590 -0.804791 0.564456 -0.824359 0.025010 0.034582
1733228477.459663629531860 54.020222 98.610891 -0.815618 0.562581 -0.825448 0.025148 0.038794
1733228477.559662818908691 53.979289 98.555838 -0.812340 0.563958 -0.824530 0.024117 0.038992
1733228477.659661531448364 53.935759 98.433390 -0.793197 0.565025 -0.823906 0.026375 0.035066
1733228477.759660243988037 53.910605 98.311374 -0.789836 0.572450 -0.818589 0.029819 0.036392
1733228477.859659194946289 53.819262 98.220354 -0.787303 0.582187 -0.811817 0.029690 0.033618
1733228477.959657907485962 53.793676 98.097054 -0.782533 0.591618 -0.805132 0.028220 0.030901
1733228478.059656620025635 53.731305 97.923183 -0.760623 0.600041 -0.798928 0.027200 0.030414
1733228478.159655570983887 53.709221 97.773622 -0.782172 0.601792 -0.797596 0.023864 0.033424
1733228478.259654283523560 53.625283 97.621558 -0.782607 0.605152 -0.795171 0.021740 0.031960
1733228478.359653234481812 53.628360 97.475348 -0.776564 0.610605 -0.790925 0.024324 0.031742
1733228478.459651708602905 53.529452 97.362316 -0.786736 0.621768 -0.782167 0.022587 0.033294
1733228478.559650421142578 53.551558 97.274613 -0.777432 0.631363 -0.774578 0.021207 0.030978
1733228478.659649372100830 53.554228 97.185407 -0.789053 0.643197 -0.764947 0.019259 0.027972
1733228478.759648084640503 53.569518 97.163019 -0.786886 0.650858 -0.758338 0.017836 0.031469
1733228478.859647035598755 53.573210 97.078428 -0.798995 0.655640 -0.754196 0.016330 0.032530
1733228478.959645748138428 53.596911 97.037065 -0.801229 0.660114 -0.750400 0.016344 0.029692
1733228479.059644460678101 53.543852 96.934051 -0.778060 0.665134 -0.745664 0.024300 0.031489
1733228479.159643173217773 53.558028 96.834125 -0.805460 0.669493 -0.741745 0.022913 0.032686
1733228479.259642124176025 53.535721 96.741047 -0.805859 0.673817 -0.737930 0.024285 0.028979
1733228479.359640836715698 53.534980 96.646847 -0.793581 0.678512 -0.733698 0.025221 0.025934
1733228479.459640026092529 53.478895 96.465283 -0.810359 0.677852 -0.733940 0.025781 0.034411
1733228479.559638738632202 53.492882 96.388838 -0.805964 0.677080 -0.734597 0.025224 0.035957
1733228479.659637451171875 53.527687 96.410800 -0.823515 0.677079 -0.734754 0.025028 0.032760
1733228479.759636163711548 53.557172 96.357696 -0.820641 0.680094 -0.731701 0.031985 0.032593
1733228479.859635114669800 53.529416 96.227703 -0.820179 0.686358 -0.725904 0.033495 0.029227
1733228479.959633827209473 53.546719 96.154270 -0.825192 0.691137 -0.721509 0.033095 0.025649
1733228480.059632778167725 53.530914 96.019834 -0.812773 0.694554 -0.718305 0.031903 0.024809
1733228480.159631490707397 53.534341 95.901242 -0.826224 0.690483 -0.722113 0.029570 0.030207
1733228480.259630203247070 53.493962 95.795142 -0.797558 0.687030 -0.725524 0.027351 0.029262
1733228480.359628915786743 53.498616 95.674370 -0.797017 0.682808 -0.729587 0.026903 0.027431
1733228480.459627628326416 53.463535 95.551274 -0.813923 0.679999 -0.732326 0.024370 0.026563
1733228480.559626579284668 53.471821 95.510603 -0.812828 0.675415 -0.736723 0.023069 0.022851
1733228480.659625291824341 53.465469 95.455226 -0.809906 0.668920 -0.742801 0.021841 0.017776
1733228480.759624004364014 53.471572 95.413259 -0.810719 0.656964 -0.753162 0.023864 0.024007
1733228480.859622955322266 53.437934 95.393811 -0.789437 0.640560 -0.767144 0.020807 0.027183
1733228480.959621667861938 53.437803 95.341465 -0.800129 0.618748 -0.784852 0.023908 0.024223
1733228481.059620380401611 53.414555 95.315043 -0.804284 0.598135 -0.800551 0.027648 0.024247
1733228481.159619331359863 53.359092 95.281566 -0.824648 0.581043 -0.813087 0.027872 0.022391
1733228481.259618043899536 53.434198 95.280744 -0.848396 0.561518 -0.826632 0.033039 0.016924
1733228481.359617233276367 53.355885 95.245211 -0.849147 0.544794 -0.837699 0.035721 0.013599
1733228481.459615707397461 53.335585 95.213355 -0.860817 0.522643 -0.851459 0.038553 0.019393
1733228481.559614658355713 53.330325 95.189494 -0.857919 0.501379 -0.864203 0.037417 0.019296
1733228481.659613370895386 53.255795 95.141077 -0.877335 0.487479 -0.872138 0.037156 0.018936
1733228481.759612321853638 53.198469 95.039501 -0.875440 0.483353 -0.874249 0.040905 0.019605
1733228481.859611034393311 53.084761 94.849119 -0.891512 0.488090 -0.871488 0.042865 0.020970
1733228481.959609985351562 52.997450 94.694973 -0.885876 0.493762 -0.868295 0.044514 0.016766
1733228482.059608697891235 52.914410 94.560935 -0.900155 0.495823 -0.867391 0.037308 0.020007
1733228482.159607410430908 52.871337 94.474988 -0.893268 0.493573 -0.868769 0.035466 0.019206
1733228482.259606122970581 52.804095 94.358719 -0.923888 0.492048 -0.869613 0.035899 0.019347
1733228482.359604835510254 52.732424 94.318017 -0.896699 0.493437 -0.868721 0.035771 0.023750
1733228482.459603548049927 52.691859 94.204641 -0.905762 0.497566 -0.866444 0.034590 0.022508
1733228482.559602499008179 52.643787 94.092150 -0.906353 0.500735 -0.864671 0.034910 0.019753
1733228482.659601211547852 52.593900 94.018633 -0.895302 0.499440 -0.865427 0.031216 0.024924
1733228482.759599924087524 52.584978 93.961725 -0.917433 0.493821 -0.868711 0.024400 0.029768
1733228482.859598875045776 52.560264 93.949442 -0.909092 0.490483 -0.870664 0.021678 0.030018
1733228482.959597587585449 52.530632 93.898957 -0.904211 0.491089 -0.870316 0.022272 0.029748
1733228483.059596538543701 52.519975 93.893947 -0.913283 0.499811 -0.865321 0.022358 0.030124
1733228483.159595489501953 52.490285 93.854397 -0.900703 0.506852 -0.861307 0.022473 0.027325
1733228483.259594202041626 52.530292 93.927959 -0.900414 0.512805 -0.857729 0.024058 0.027439
1733228483.359592914581299 52.491556 93.910583 -0.879771 0.510428 -0.859145 0.020570 0.030187
1733228483.459591865539551 52.499390 93.852033 -0.916522 0.509326 -0.859866 0.017381 0.030247
1733228483.559590578079224 52.436976 93.834503 -0.881050 0.509387 -0.859795 0.020204 0.029475
1733228483.659589529037476 52.410344 93.779863 -0.909808 0.514106 -0.856791 0.022587 0.033066
1733228483.759588241577148 52.372248 93.767758 -0.889208 0.519261 -0.853776 0.021238 0.031344
1733228483.859587192535400 52.369926 93.728040 -0.900257 0.524103 -0.850918 0.020848 0.028620
1733228483.959585905075073 52.364971 93.728933 -0.885362 0.525679 -0.849769 0.022470 0.032391
1733228484.059584379196167 52.355017 93.670877 -0.904824 0.522226 -0.851661 0.017756 0.040481
1733228484.159583091735840 52.347306 93.624024 -0.894954 0.523017 -0.851193 0.014180 0.041510
1733228484.259582042694092 52.353574 93.632018 -0.896925 0.527650 -0.848171 0.011503 0.045383
1733228484.359580755233765 52.327452 93.621134 -0.896027 0.534787 -0.843850 0.013444 0.041706
1733228484.459579467773438 52.341918 93.620306 -0.884921 0.538183 -0.841667 0.014102 0.041915
1733228484.559578418731689 52.322149 93.548296 -0.927383 0.535706 -0.843211 0.013632 0.042757
1733228484.659577131271362 52.338246 93.589523 -0.855373 0.535355 -0.843611 0.011089 0.039908
1733228484.759576082229614 52.316826 93.535277 -0.877367 0.536838 -0.842712 0.012746 0.038456
1733228484.859574794769287 52.302052 93.483300 -0.900465 0.543421 -0.838541 0.013658 0.036819
1733228484.959573507308960 52.296021 93.422445 -0.898114 0.546927 -0.836351 0.016020 0.033635
1733228485.059572696685791 52.248993 93.350875 -0.898957 0.545189 -0.837407 0.017717 0.034706
1733228485.159571409225464 52.217392 93.280535 -0.903628 0.539038 -0.841454 0.016841 0.033307
1733228485.259570121765137 52.182360 93.232946 -0.899929 0.536653 -0.843053 0.017704 0.030854
1733228485.359569072723389 52.143322 93.132163 -0.891911 0.539447 -0.841238 0.018188 0.031369
1733228485.459567785263062 52.101125 93.033454 -0.904274 0.543101 -0.838891 0.018900 0.030765
1733228485.559566736221313 52.058795 92.925824 -0.902788 0.544561 -0.837871 0.019435 0.032382
1733228485.659565448760986 51.991441 92.773539 -0.914702 0.540880 -0.840266 0.019595 0.031914
1733228485.759564161300659 51.944389 92.656313 -0.908270 0.539950 -0.840917 0.018435 0.031182
1733228485.859562873840332 51.843169 92.523740 -0.918982 0.542055 -0.839350 0.024125 0.032954
1733228485.959561586380005 51.782243 92.358891 -0.950505 0.550115 -0.834031 0.025584 0.033337
1733228486.059560298919678 51.702956 92.151565 -0.942747 0.555428 -0.830644 0.026324 0.028925
1733228486.159559249877930 51.604141 91.955096 -0.932490 0.554478 -0.831201 0.027942 0.029616
1733228486.259557962417603 51.574441 91.829337 -0.938402 0.545650 -0.836967 0.026463 0.032442
1733228486.359556674957275 51.555700 91.729201 -0.941476 0.538901 -0.841317 0.027332 0.032003
1733228486.459555625915527 51.502262 91.670145 -0.926172 0.537418 -0.842087 0.030388 0.033868
1733228486.559554338455200 51.440405 91.529346 -0.940100 0.542674 -0.838738 0.030426 0.033142
1733228486.659553050994873 51.416740 91.436582 -0.926672 0.546643 -0.836315 0.030641 0.028646
1733228486.759551763534546 51.388509 91.398039 -0.932267 0.547750 -0.835509 0.029452 0.032052
1733228486.859550714492798 51.358289 91.328204 -0.931848 0.539901 -0.840594 0.029154 0.032551
1733228486.959549903869629 51.350402 91.325572 -0.930864 0.532691 -0.845351 0.026420 0.030390
1733228487.059548616409302 51.305111 91.271520 -0.925876 0.525005 -0.850016 0.030402 0.030311
1733228487.159547328948975 51.301137 91.213800 -0.954741 0.518608 -0.854257 0.023046 0.027580
1733228487.259546279907227 51.247354 91.216159 -0.926037 0.513196 -0.857606 0.023808 0.023986
1733228487.359544992446899 51.239761 91.160677 -0.931468 0.506203 -0.861798 0.026089 0.019562
1733228487.459543704986572 51.200770 91.091188 -0.941185 0.497078 -0.866890 0.028564 0.024473
1733228487.559542417526245 51.164660 91.061034 -0.938012 0.490771 -0.870585 0.025618 0.023859
1733228487.659541368484497 51.121395 91.030039 -0.929486 0.484952 -0.873952 0.024751 0.020398
1733228487.759540081024170 51.063561 90.953445 -0.926983 0.485998 -0.873170 0.029063 0.023145
1733228487.859538793563843 51.033976 90.863993 -0.952067 0.490059 -0.871105 0.023228 0.021876
1733228487.959537506103516 50.972045 90.832070 -0.936128 0.492594 -0.869676 0.025657 0.018882
1733228488.059536457061768 50.958659 90.747552 -0.947569 0.490854 -0.870612 0.026294 0.020119
1733228488.159535169601440 50.875207 90.661170 -0.934034 0.487557 -0.872514 0.024550 0.020113
1733228488.259533882141113 50.830843 90.504887 -0.941465 0.485813 -0.873488 0.025907 0.018268
1733228488.359532594680786 50.786657 90.457362 -0.948303 0.491813 -0.869786 0.033153 0.022198
1733228488.459531545639038 50.774094 90.454907 -0.944385 0.498285 -0.866083 0.034380 0.020757
1733228488.559530258178711 50.821128 90.628090 -0.923548 0.501791 -0.864017 0.034585 0.021993
1733228488.659528970718384 50.804063 90.577152 -0.938237 0.496893 -0.866746 0.035164 0.024762
1733228488.759528160095215 50.738272 90.468952 -0.937195 0.493378 -0.868875 0.031740 0.025042
1733228488.859527111053467 50.705693 90.438280 -0.922167 0.491308 -0.870071 0.032278 0.023470
1733228488.959525823593140 50.651192 90.334281 -0.933190 0.495548 -0.867379 0.033762 0.030752
1733228489.059524536132812 50.605609 90.272464 -0.927502 0.497972 -0.866190 0.031014 0.027880
1733228489.159523248672485 50.575250 90.234517 -0.927649 0.496612 -0.867049 0.029965 0.026531
1733228489.259522199630737 50.547230 90.172753 -0.935938 0.489583 -0.871061 0.030667 0.024928
1733228489.359520912170410 50.521338 90.195112 -0.917978 0.481883 -0.875440 0.028748 0.023796
1733228489.459519624710083 50.494602 90.151912 -0.915728 0.475446 -0.878950 0.030092 0.022188
1733228489.559518575668335 50.468723 90.103802 -0.936095 0.476197 -0.878318 0.033215 0.026276
1733228489.659517049789429 50.389011 90.078454 -0.906052 0.477577 -0.877601 0.033572 0.024689
1733228489.759515762329102 50.352040 89.994039 -0.914284 0.476861 -0.878015 0.034052 0.023093
1733228489.859514713287354 50.303221 89.918487 -0.913183 0.472448 -0.880627 0.029464 0.020492
1733228489.959513664245605 50.263028 89.850821 -0.917196 0.470646 -0.881715 0.026278 0.019497
1733228490.059512376785278 50.216803 89.792981 -0.912558 0.473764 -0.879832 0.029632 0.023777
1733228490.159511089324951 50.192745 89.747484 -0.916483 0.479760 -0.876331 0.033263 0.027719
1733228490.259509801864624 50.133568 89.656210 -0.915240 0.485305 -0.873339 0.033217 0.025586
1733228490.359508752822876 50.078546 89.603403 -0.897870 0.484759 -0.873563 0.032442 0.029039
1733228490.459507465362549 50.028940 89.480677 -0.914230 0.482223 -0.874990 0.029309 0.031539
1733228490.559506177902222 49.971769 89.386480 -0.903680 0.482093 -0.875265 0.026273 0.028398
1733228490.659505367279053 49.984557 89.217707 -0.880120 0.485572 -0.872930 0.031895 0.034579
1733228490.759504079818726 49.844508 88.797454 -0.893388 0.488602 -0.871221 0.031891 0.035005
1733228490.859503030776978 49.742436 88.661237 -0.874632 0.490712 -0.870138 0.031297 0.032892
1733228490.959501743316650 49.704605 88.583431 -0.871658 0.492087 -0.869156 0.034746 0.034810
1733228491.059500455856323 49.661743 88.527503 -0.887515 0.486992 -0.872339 0.032318 0.028618
1733228491.159499406814575 49.605814 88.447215 -0.889545 0.480510 -0.876177 0.028822 0.024348
1733228491.259498119354248 49.534659 88.388842 -0.876384 0.477360 -0.877560 0.036905 0.025573
1733228491.359496831893921 49.511910 88.339613 -0.899999 0.480216 -0.875834 0.036980 0.030654
1733228491.459495544433594 49.478588 88.311870 -0.888051 0.482959 -0.874408 0.035983 0.029432
1733228491.559494256973267 49.426333 88.208878 -0.883504 0.486361 -0.872555 0.034771 0.029855
1733228491.659492969512939 49.442767 88.249596 -0.881825 0.485046 -0.873359 0.033042 0.029701
1733228491.759491682052612 49.469241 88.304388 -0.874721 0.484217 -0.873824 0.030384 0.032275
1733228491.859490633010864 49.499598 88.365055 -0.866001 0.484412 -0.873628 0.032177 0.032921
1733228491.959489583969116 49.562254 88.465999 -0.875416 0.490501 -0.869928 0.034673 0.037834
1733228492.059488296508789 49.587814 88.698697 -0.853383 0.496043 -0.866736 0.036738 0.036874
1733228492.159487009048462 49.622334 88.744765 -0.855314 0.499778 -0.864661 0.037362 0.034458
1733228492.259485960006714 49.609663 88.755519 -0.848588 0.501036 -0.863915 0.034568 0.037670
1733228492.359484672546387 49.596440 88.767936 -0.841364 0.501344 -0.863896 0.032797 0.035525
1733228492.459483385086060 49.529356 88.633731 -0.839147 0.503396 -0.862855 0.029753 0.034481
1733228492.559482574462891 49.454979 88.447386 -0.855534 0.509433 -0.859228 0.027376 0.038147
1733228492.659481287002563 49.424612 88.382115 -0.856599 0.513485 -0.856982 0.027451 0.034065
1733228492.759479999542236 49.377177 88.301778 -0.855727 0.516667 -0.855233 0.027726 0.029379
1733228492.859478950500488 49.325523 88.182194 -0.852471 0.516816 -0.854849 0.027528 0.037103
1733228492.959477663040161 49.280458 88.120972 -0.843064 0.516050 -0.855316 0.024586 0.039011
1733228493.059476613998413 49.265889 88.054975 -0.851425 0.514279 -0.856491 0.023094 0.037516
1733228493.159475326538086 49.222398 88.000755 -0.847866 0.517734 -0.854013 0.029226 0.041946
1733228493.259474039077759 49.203432 87.950537 -0.853678 0.524385 -0.850110 0.026705 0.040247
1733228493.359472751617432 49.196734 87.922276 -0.859607 0.530546 -0.846429 0.024658 0.038347
1733228493.459471464157104 49.169527 87.873450 -0.854163 0.532706 -0.844946 0.023397 0.041756
1733228493.559470176696777 49.145375 87.820944 -0.858722 0.528271 -0.847709 0.021632 0.043015
1733228493.659468889236450 49.107175 87.774032 -0.852556 0.526281 -0.849102 0.021781 0.039750
1733228493.759467840194702 49.075009 87.711417 -0.850651 0.526586 -0.848624 0.027002 0.042615
1733228493.859466791152954 49.048867 87.648718 -0.854889 0.531229 -0.845823 0.027137 0.040527
1733228493.959465503692627 49.021074 87.575842 -0.861683 0.534375 -0.843938 0.029186 0.036870
1733228494.059464216232300 48.958816 87.464250 -0.845336 0.534225 -0.843818 0.026624 0.043190
1733228494.159463167190552 48.875290 87.253390 -0.848736 0.530364 -0.846274 0.022450 0.045053
1733228494.259461879730225 48.806983 87.108999 -0.839640 0.528971 -0.847346 0.020485 0.042132
1733228494.359460830688477 48.737401 86.976360 -0.841534 0.528525 -0.847413 0.024265 0.044309
1733228494.459459543228149 48.720085 86.916486 -0.847383 0.529960 -0.846697 0.022113 0.041919
1733228494.559458494186401 48.709417 86.944078 -0.839100 0.529130 -0.847397 0.022193 0.038048
1733228494.659457206726074 48.698807 86.910813 -0.842059 0.527200 -0.848608 0.022697 0.037547
1733228494.759455919265747 48.653292 86.833716 -0.842826 0.515004 -0.855920 0.022240 0.040961
1733228494.859454870223999 48.619301 86.820814 -0.848510 0.500249 -0.864740 0.020930 0.039219
1733228494.959453821182251 48.574877 86.801526 -0.845928 0.484906 -0.873508 0.027246 0.033292
1733228495.059452533721924 48.537623 86.795998 -0.844007 0.478478 -0.876681 0.033504 0.036971
1733228495.159451007843018 48.495387 86.764693 -0.856578 0.473818 -0.879537 0.032297 0.029450
1733228495.259449720382690 48.458686 86.729503 -0.849266 0.467633 -0.882866 0.036158 0.023647
1733228495.359448671340942 48.296796 86.444888 -0.859420 0.461444 -0.886186 0.034667 0.023287
1733228495.459447383880615 48.120051 86.143507 -0.828372 0.454196 -0.889973 0.032122 0.024939
1733228495.559446096420288 47.897733 85.700905 -0.829944 0.453274 -0.890472 0.032553 0.023295
1733228495.659445047378540 47.645953 85.255683 -0.825855 0.455856 -0.888827 0.038432 0.026561
1733228495.759443759918213 47.561778 85.080645 -0.849829 0.462626 -0.885174 0.039248 0.030071
1733228495.859442710876465 47.523843 85.066253 -0.834137 0.469287 -0.881724 0.038682 0.028906
1733228495.959441423416138 47.439538 84.976799 -0.828237 0.472689 -0.880050 0.036683 0.027056
1733228496.059440135955811 47.420323 84.947818 -0.822491 0.468086 -0.882591 0.032627 0.029399
1733228496.159439325332642 47.420291 84.915137 -0.833508 0.465415 -0.884182 0.029052 0.027701
1733228496.259438037872314 47.330178 84.841710 -0.831468 0.465898 -0.883650 0.031709 0.033106
1733228496.359436750411987 47.317024 84.825604 -0.841371 0.464351 -0.884486 0.029401 0.034623
1733228496.459435701370239 47.263986 84.714173 -0.835534 0.458346 -0.887737 0.028541 0.032066
1733228496.559434413909912 47.175903 84.577772 -0.836838 0.452341 -0.890883 0.027877 0.030627
1733228496.659433126449585 47.100735 84.472341 -0.843484 0.439405 -0.897190 0.023409 0.037757
1733228496.759432077407837 47.047307 84.408117 -0.838866 0.426636 -0.903409 0.017923 0.038887
1733228496.859430789947510 47.006152 84.382333 -0.836922 0.414157 -0.909249 0.021550 0.035717
1733228496.959429502487183 46.965849 84.403238 -0.824367 0.407653 -0.911984 0.026229 0.037624
1733228497.059428215026855 46.928815 84.390531 -0.819214 0.407483 -0.912183 0.027777 0.033296
1733228497.159426927566528 46.879172 84.394763 -0.814517 0.406507 -0.912720 0.030304 0.027853
1733228497.259425878524780 46.829513 84.351129 -0.823375 0.401004 -0.915300 0.027049 0.026265
1733228497.359424591064453 46.780722 84.322884 -0.827542 0.394626 -0.918102 0.025499 0.026628
1733228497.459423303604126 46.763715 84.380384 -0.815543 0.390161 -0.920079 0.025389 0.024162
1733228497.559422254562378 46.741435 84.395822 -0.831502 0.393028 -0.918767 0.025576 0.027235
1733228497.659420967102051 46.743906 84.449772 -0.819250 0.400268 -0.915734 0.023554 0.025749
1733228497.759419679641724 46.703451 84.438188 -0.833443 0.406676 -0.912985 0.023287 0.023029
1733228497.859418630599976 46.649937 84.393661 -0.829379 0.406288 -0.913092 0.021279 0.027210
1733228497.959417343139648 46.561147 84.266389 -0.828677 0.403463 -0.914342 0.017516 0.029834
1733228498.059416532516479 46.503342 84.221534 -0.822926 0.403314 -0.914473 0.016856 0.028150
1733228498.159415245056152 46.436909 84.159425 -0.826793 0.406939 -0.912598 0.021048 0.033497
1733228498.259413957595825 46.393288 84.103598 -0.823635 0.411586 -0.910516 0.020881 0.033488
1733228498.359412908554077 46.338849 84.039929 -0.822846 0.415602 -0.908780 0.021401 0.030604
1733228498.459411621093750 46.254867 83.972229 -0.809361 0.417758 -0.907751 0.019943 0.032688
1733228498.559410333633423 46.213071 83.904956 -0.813368 0.415935 -0.908535 0.016611 0.035861
1733228498.659409046173096 46.186646 83.929896 -0.797616 0.415389 -0.908913 0.014773 0.033329
1733228498.759407997131348 46.152721 83.867303 -0.803385 0.416842 -0.908044 0.020175 0.035930
1733228498.859406709671021 46.085748 83.813714 -0.813360 0.423945 -0.904818 0.018575 0.035073
1733228498.959405422210693 46.082917 83.843621 -0.805785 0.428959 -0.902527 0.020274 0.032059
1733228499.059404134750366 46.020512 83.791932 -0.796416 0.431817 -0.901084 0.018958 0.034978
1733228499.159403085708618 45.981648 83.717832 -0.809443 0.428123 -0.902618 0.018604 0.040564
1733228499.259401798248291 45.967302 83.735407 -0.796805 0.425607 -0.903918 0.016854 0.038828
1733228499.359400510787964 45.923248 83.681277 -0.794950 0.424043 -0.904753 0.017210 0.036238
1733228499.459399223327637 45.873751 83.611899 -0.807735 0.429550 -0.901924 0.020652 0.039915
1733228499.559398174285889 45.879199 83.651343 -0.809228 0.435159 -0.899339 0.021336 0.037017
1733228499.659396886825562 45.868522 83.692397 -0.795626 0.440224 -0.897044 0.022566 0.031705
1733228499.759395599365234 45.825755 83.630931 -0.798329 0.442166 -0.895899 0.020985 0.037593
1733228499.859394550323486 45.791428 83.584706 -0.801580 0.441065 -0.896495 0.016216 0.038664
1733228499.959393501281738 45.753558 83.566213 -0.796434 0.440378 -0.897001 0.014255 0.035390
1733228500.059392452239990 45.754344 83.582050 -0.839073 0.443522 -0.895293 0.017854 0.037685
1733228500.159391164779663 45.706834 83.541700 -0.845908 0.449560 -0.892396 0.018215 0.034543
1733228500.259390115737915 45.681964 83.535431 -0.843186 0.453630 -0.890468 0.019059 0.030400
1733228500.359388828277588 45.643563 83.505585 -0.842523 0.455272 -0.889543 0.017978 0.033414
1733228500.459387540817261 45.589968 83.422624 -0.848222 0.451870 -0.891299 0.014018 0.034693
1733228500.559386253356934 45.529637 83.353158 -0.846936 0.451683 -0.891504 0.012257 0.032465
1733228500.659385204315186 45.478931 83.293042 -0.847600 0.455299 -0.889364 0.015403 0.038699
1733228500.759383678436279 45.454189 83.261496 -0.848772 0.462928 -0.885490 0.013585 0.037694
1733228500.859382629394531 45.377044 83.124259 -0.856237 0.468122 -0.882858 0.015840 0.034233
1733228500.959381341934204 45.284397 82.979755 -0.847455 0.469161 -0.882076 0.017267 0.039131
1733228501.059380292892456 45.218373 82.892224 -0.843507 0.468001 -0.882716 0.014280 0.039793
1733228501.159378767013550 45.191251 82.837386 -0.849091 0.469298 -0.882184 0.012521 0.036802
1733228501.259377717971802 45.158095 82.807633 -0.859692 0.475712 -0.878497 0.014917 0.041446
1733228501.359376430511475 45.112381 82.719352 -0.866742 0.484498 -0.873813 0.015976 0.038162
1733228501.459375381469727 45.098502 82.680144 -0.852442 0.491711 -0.869916 0.017926 0.033854
1733228501.559374094009399 44.985242 82.378710 -0.768665 0.493519 -0.868764 0.018838 0.036499
1733228501.659372806549072 44.837860 82.246937 -0.889857 0.497045 -0.866781 0.017915 0.036285
1733228501.759371995925903 44.797276 82.132578 -0.853667 0.500888 -0.864661 0.018174 0.033801
1733228501.859370708465576 44.646226 81.887259 -0.859547 0.507754 -0.860602 0.019910 0.033968
1733228501.959369659423828 44.578007 81.751592 -0.862205 0.512320 -0.858001 0.021428 0.030068
1733228502.059368371963501 44.533483 81.647169 -0.854349 0.515684 -0.856154 0.020128 0.025793
1733228502.159367084503174 44.534692 81.584372 -0.771240 0.514295 -0.856757 0.019832 0.032798
1733228502.259366035461426 44.478606 81.532901 -0.929356 0.512867 -0.857531 0.017677 0.035989
1733228502.359364748001099 44.457313 81.426654 -0.880127 0.512111 -0.858130 0.016728 0.032809
1733228502.459363460540771 44.374262 81.367157 -0.856462 0.516388 -0.855352 0.020937 0.035753
1733228502.559362173080444 44.375668 81.320185 -0.860212 0.521529 -0.852252 0.023592 0.033419
1733228502.659360885620117 44.299859 81.235983 -0.853370 0.527069 -0.848959 0.023865 0.029947
1733228502.759359598159790 44.213552 81.056067 -0.834798 0.529615 -0.847271 0.022307 0.033794
1733228502.859358549118042 44.176530 80.950466 -0.853041 0.526594 -0.849100 0.019029 0.036952
1733228502.959357261657715 44.131179 80.890076 -0.842827 0.525015 -0.850264 0.015156 0.034366
1733228503.059355974197388 44.024332 80.674929 -0.824139 0.526129 -0.849455 0.020523 0.034550
1733228503.159354925155640 43.972496 80.560720 -0.861113 0.532300 -0.845633 0.020067 0.034050
1733228503.259353637695312 43.939219 80.508023 -0.844088 0.537193 -0.842620 0.020445 0.031595
1733228503.359352588653564 43.918740 80.445098 -0.817394 0.540085 -0.840718 0.018830 0.033870
1733228503.459351301193237 43.890648 80.334892 -0.857050 0.536768 -0.842637 0.018446 0.038766
1733228503.559350013732910 43.832161 80.235955 -0.840887 0.535271 -0.843693 0.016741 0.037253
1733228503.659349203109741 43.811337 80.138503 -0.826874 0.535272 -0.843658 0.022774 0.034743
1733228503.759347915649414 43.810718 80.026656 -0.891737 0.540598 -0.840048 0.025926 0.037443
1733228503.859346628189087 43.634101 79.879963 -0.825978 0.546401 -0.836391 0.026041 0.034902
1733228503.959345579147339 43.580660 79.673930 -0.813071 0.549417 -0.834517 0.024561 0.033452
1733228504.059344291687012 43.540740 79.521075 -0.845476 0.546924 -0.835927 0.023826 0.039156
1733228504.159343004226685 43.449275 79.402984 -0.818652 0.545321 -0.837086 0.021728 0.037940
1733228504.259341955184937 43.406725 79.276363 -0.829376 0.544121 -0.837947 0.021798 0.036082
1733228504.359340667724609 43.359794 79.201322 -0.839144 0.548607 -0.834765 0.024429 0.040003
1733228504.459339380264282 43.384586 79.187856 -0.837749 0.553009 -0.831926 0.025474 0.037828
1733228504.559338092803955 43.382580 79.195318 -0.848316 0.555785 -0.830202 0.026334 0.034270
1733228504.659336805343628 43.400499 79.171311 -0.846424 0.553440 -0.831586 0.025181 0.039179
1733228504.759335517883301 43.383039 79.170351 -0.843124 0.550623 -0.833584 0.021676 0.038501
1733228504.859334468841553 43.371521 79.130334 -0.857863 0.546704 -0.836346 0.019302 0.035603
1733228504.959333181381226 43.367311 79.090029 -0.869845 0.548536 -0.835015 0.020812 0.037740
1733228505.059332132339478 43.313423 78.978891 -0.875171 0.549281 -0.834653 0.020331 0.035101
1733228505.159330844879150 43.271741 78.872768 -0.877688 0.547444 -0.836014 0.020724 0.030923
1733228505.259329795837402 43.220114 78.810555 -0.880113 0.539768 -0.840913 0.021219 0.032651
1733228505.359328508377075 43.057327 78.504615 -0.882931 0.531082 -0.846480 0.018028 0.033136
1733228505.459327220916748 43.024113 78.398809 -0.870325 0.521546 -0.852464 0.018864 0.030648
1733228505.559326171875000 42.946402 78.288507 -0.889820 0.516304 -0.855161 0.028079 0.036630
1733228505.659325122833252 42.932963 78.303299 -0.873705 0.513730 -0.856712 0.029267 0.035636
1733228505.759323835372925 42.910499 78.270916 -0.874956 0.509884 -0.859024 0.031540 0.033175
1733228505.859322786331177 42.878302 78.235208 -0.878534 0.505105 -0.861621 0.033229 0.037060
1733228505.959321498870850 42.878128 78.244325 -0.842797 0.500741 -0.864195 0.030369 0.038767
1733228506.059320211410522 42.861029 78.224781 -0.865598 0.496345 -0.866793 0.028110 0.039009
1733228506.159319162368774 42.839416 78.197605 -0.847802 0.494088 -0.868080 0.029998 0.037597
1733228506.259317874908447 42.812470 78.165702 -0.858772 0.498596 -0.864997 0.036856 0.042706
1733228506.359316349029541 42.802537 78.119396 -0.869533 0.501323 -0.863386 0.038675 0.041757
1733228506.459315299987793 42.735232 78.085664 -0.836870 0.506419 -0.860574 0.038824 0.038012
1733228506.559314012527466 42.720738 78.016299 -0.842555 0.508648 -0.859299 0.036094 0.039755
1733228506.659312725067139 42.684919 77.969712 -0.846377 0.507320 -0.859993 0.032735 0.044355
1733228506.759311676025391 42.678800 77.933364 -0.839152 0.506440 -0.860617 0.032296 0.042602
1733228506.859310388565063 42.639257 77.870742 -0.829513 0.507308 -0.859820 0.037424 0.044126
1733228506.959309339523315 42.604028 77.812706 -0.842760 0.512785 -0.856560 0.036354 0.045100
1733228507.059308052062988 42.570855 77.768887 -0.834497 0.516919 -0.854133 0.036847 0.043505
1733228507.159306764602661 42.526801 77.682820 -0.833629 0.521702 -0.851488 0.034622 0.039962
1733228507.259305477142334 42.506698 77.610038 -0.833780 0.520955 -0.851838 0.030658 0.045149
1733228507.359304666519165 42.442279 77.552984 -0.838393 0.517976 -0.853678 0.027238 0.046826
1733228507.459303379058838 42.430834 77.443180 -0.829767 0.514955 -0.855709 0.026104 0.043622
1733228507.559302330017090 42.355167 77.346229 -0.828068 0.516687 -0.854413 0.030619 0.045562
1733228507.659301042556763 42.307384 77.271431 -0.847162 0.521879 -0.851311 0.031029 0.044140
1733228507.759299755096436 42.254051 77.202413 -0.840571 0.525530 -0.849203 0.030609 0.041670
1733228507.859298706054688 42.253490 77.134968 -0.831897 0.529252 -0.847119 0.029325 0.037706
1733228507.959297418594360 42.157559 77.004927 -0.835427 0.527645 -0.848096 0.026563 0.040233
1733228508.059296131134033 42.106586 76.916129 -0.840707 0.525212 -0.849658 0.024647 0.040333
1733228508.159294843673706 42.088245 76.855263 -0.837712 0.523074 -0.851141 0.024859 0.036539
1733228508.259293556213379 42.041117 76.772806 -0.839508 0.527613 -0.848078 0.028685 0.039563
1733228508.359289884567261 41.977120 76.704465 -0.847494 0.533947 -0.844181 0.029863 0.036977
1733228508.459288597106934 42.000913 76.630309 -0.857000 0.538111 -0.841684 0.029545 0.033647
1733228508.559287309646606 41.942946 76.539281 -0.848385 0.540359 -0.840148 0.027756 0.037320
1733228508.659286499023438 41.914677 76.461827 -0.851903 0.536033 -0.842905 0.023495 0.040344
1733228508.759285211563110 41.884459 76.411402 -0.844945 0.533890 -0.844420 0.019676 0.039111
1733228508.859283924102783 41.844843 76.320176 -0.836836 0.535046 -0.843458 0.026422 0.040071
1733228508.959282875061035 41.811978 76.236306 -0.856552 0.541238 -0.839526 0.024669 0.040608
1733228509.059281587600708 41.814092 76.211096 -0.850233 0.545835 -0.836638 0.024845 0.038516
1733228509.159280300140381 41.817523 76.156145 -0.842553 0.549470 -0.834289 0.025440 0.037395
1733228509.259279251098633 41.725345 76.030297 -0.861733 0.547272 -0.835608 0.022141 0.041986
1733228509.359277963638306 41.700062 75.973596 -0.846407 0.543875 -0.837962 0.018979 0.040747
1733228509.459276914596558 41.687723 75.901725 -0.842740 0.540894 -0.840060 0.018672 0.037204
1733228509.559275388717651 41.664875 75.827448 -0.847573 0.541471 -0.839326 0.024260 0.041852
1733228509.659274101257324 41.580479 75.728230 -0.843739 0.538864 -0.841073 0.025503 0.039645
1733228509.759272813796997 41.534268 75.625429 -0.843088 0.534766 -0.843802 0.028033 0.035192
1733228509.859271764755249 41.470674 75.502261 -0.826943 0.527752 -0.848023 0.031027 0.037032
1733228509.959270477294922 41.429016 75.433973 -0.827101 0.516620 -0.854829 0.030273 0.038157
1733228510.059269428253174 41.348240 75.359092 -0.833235 0.506300 -0.861105 0.029099 0.036229
1733228510.159268140792847 41.319113 75.306396 -0.821218 0.497975 -0.865735 0.035699 0.035341
1733228510.259267091751099 41.288001 75.272973 -0.835836 0.495568 -0.867117 0.034376 0.036580
1733228510.359265804290771 41.229065 75.236596 -0.818711 0.494256 -0.867990 0.034347 0.033533
1733228510.459264516830444 41.250112 75.236902 -0.805157 0.494759 -0.867811 0.032962 0.032092
1733228510.559263229370117 41.246514 75.251247 -0.819406 0.492339 -0.868884 0.030823 0.041135
1733228510.659262418746948 41.256727 75.269227 -0.808275 0.490624 -0.869963 0.027188 0.041384
1733228510.759261131286621 41.212463 75.182094 -0.810091 0.490168 -0.870381 0.024939 0.039370
1733228510.859260082244873 41.170537 75.114990 -0.820311 0.495467 -0.867111 0.025051 0.044754
1733228510.959258794784546 41.156023 75.083331 -0.824043 0.501416 -0.863734 0.028095 0.041899
1733228511.059257507324219 41.054660 74.887184 -0.814176 0.506511 -0.860902 0.027414 0.039290
1733228511.159256458282471 41.009653 74.830710 -0.805972 0.508520 -0.859635 0.029074 0.039876
1733228511.259255170822144 41.002111 74.784390 -0.813773 0.506296 -0.860921 0.025811 0.042586
1733228511.359253883361816 40.990780 74.741647 -0.808729 0.504990 -0.861816 0.024879 0.040485
1733228511.459252595901489 40.915143 74.634546 -0.815232 0.507630 -0.860109 0.026720 0.042552
1733228511.559251308441162 40.910064 74.605690 -0.823948 0.513649 -0.856573 0.027167 0.041352
1733228511.659250020980835 40.908401 74.575916 -0.828991 0.518544 -0.853770 0.026470 0.038594
1733228511.759248971939087 40.901894 74.550753 -0.823565 0.521903 -0.851779 0.025260 0.038095
1733228511.859247684478760 40.883876 74.522041 -0.820685 0.514382 -0.856345 0.022946 0.039483
1733228511.959246635437012 40.847467 74.464791 -0.825988 0.507554 -0.860486 0.019762 0.039531
1733228512.059245347976685 40.821346 74.422937 -0.822674 0.502081 -0.863780 0.020763 0.036974
1733228512.159244060516357 40.781743 74.337432 -0.835425 0.503321 -0.862972 0.021322 0.038630
1733228512.259242773056030 40.703369 74.239252 -0.822554 0.503102 -0.863203 0.021824 0.035946
1733228512.359239339828491 40.677103 74.172992 -0.828310 0.501761 -0.864099 0.024073 0.031454
1733228512.459237813949585 40.633925 74.101271 -0.820759 0.496262 -0.867137 0.024210 0.034796
1733228512.559236526489258 40.526444 74.002495 -0.849428 0.489038 -0.871241 0.021303 0.036430
1733228512.659235477447510 40.502806 73.952134 -0.839573 0.483223 -0.874517 0.023469 0.034130
1733228512.759234189987183 40.468805 73.915653 -0.828561 0.481950 -0.874869 0.027027 0.039975
1733228512.859232902526855 40.453165 73.880262 -0.840153 0.483545 -0.874107 0.026020 0.038015
1733228512.959231615066528 40.422995 73.826095 -0.837455 0.487960 -0.871780 0.025356 0.035384
1733228513.059230327606201 40.429491 73.815277 -0.824184 0.492603 -0.869151 0.025141 0.035856
1733228513.159229040145874 40.380042 73.752421 -0.839926 0.490142 -0.870360 0.023267 0.041146
1733228513.259227514266968 40.361307 73.708597 -0.825210 0.488983 -0.871060 0.021716 0.040976
1733228513.359226226806641 40.337343 73.650254 -0.814942 0.488649 -0.871202 0.025039 0.040026
1733228513.459224939346313 40.290524 73.555455 -0.828007 0.493868 -0.868107 0.025490 0.042839
1733228513.559223651885986 40.238700 73.455182 -0.826728 0.499004 -0.865258 0.025814 0.040707
1733228513.659222602844238 40.205226 73.381773 -0.816679 0.503380 -0.862874 0.024564 0.038134
1733228513.759221076965332 40.134534 73.266326 -0.813415 0.501576 -0.863636 0.023210 0.044883
1733228513.859220027923584 40.108213 73.201882 -0.822483 0.499580 -0.864805 0.020956 0.045739
1733228513.959218740463257 40.042064 73.083584 -0.810178 0.498181 -0.865764 0.022017 0.042228
1733228514.059217453002930 39.994496 73.003279 -0.808234 0.502864 -0.862649 0.029068 0.046045
1733228514.159216165542603 39.976892 72.949464 -0.800313 0.508722 -0.859276 0.031874 0.042792
1733228514.259214878082275 39.953132 72.909602 -0.798540 0.513094 -0.856942 0.031145 0.037605
1733228514.359213590621948 39.934243 72.866603 -0.792743 0.513335 -0.856787 0.028688 0.039746
1733228514.459212303161621 39.912139 72.830346 -0.788708 0.509584 -0.859129 0.024600 0.040200
1733228514.559211015701294 39.871674 72.769147 -0.788230 0.507242 -0.860712 0.024070 0.036078
1733228514.659209728240967 39.840952 72.709871 -0.787290 0.509390 -0.859147 0.028914 0.039394
1733228514.759208440780640 39.789065 72.624501 -0.803206 0.516209 -0.855168 0.028047 0.037809
1733228514.859207630157471 39.768499 72.560292 -0.799798 0.521874 -0.851915 0.026339 0.034546
1733228514.959206342697144 39.729111 72.497497 -0.800673 0.526975 -0.848712 0.024523 0.037206
1733228515.059204816818237 39.646466 72.382865 -0.809323 0.524907 -0.849858 0.023483 0.040768
1733228515.159203767776489 39.596285 72.285752 -0.807339 0.525749 -0.849512 0.020748 0.038565
1733228515.259202480316162 39.579894 72.242627 -0.808645 0.528024 -0.848135 0.021909 0.037123
1733228515.359201192855835 39.584012 72.212581 -0.818626 0.536543 -0.842465 0.026034 0.041190
1733228515.459199905395508 39.514228 72.088788 -0.813874 0.547021 -0.835816 0.026539 0.038403
1733228515.559198617935181 39.505919 72.019913 -0.750151 0.555410 -0.830419 0.023694 0.036906
1733228515.659197330474854 39.490416 71.967384 -0.745424 0.557872 -0.828456 0.021517 0.044458
1733228515.759196043014526 39.465928 71.895178 -0.745389 0.558349 -0.828061 0.018060 0.047272
1733228515.859194755554199 39.433041 71.806367 -0.741661 0.559168 -0.827740 0.016713 0.043568
1733228515.959193468093872 39.388336 71.684871 -0.745539 0.562537 -0.825275 0.022423 0.044387
1733228516.059192180633545 39.353285 71.590102 -0.748936 0.568628 -0.821231 0.024133 0.040748
1733228516.159190654754639 39.317492 71.487118 -0.753731 0.572543 -0.818689 0.023217 0.037453
1733228516.259189605712891 39.268179 71.353758 -0.750431 0.575941 -0.816311 0.021694 0.038175
1733228516.359188079833984 39.249412 71.316901 -0.749100 0.574353 -0.817292 0.019475 0.042109
1733228516.459186792373657 39.148676 71.109974 -0.751081 0.572766 -0.818580 0.017468 0.039499
1733228516.559185504913330 39.111747 70.996649 -0.751899 0.573292 -0.818241 0.020534 0.037376
1733228516.659184217453003 39.081088 70.896544 -0.760273 0.580190 -0.813351 0.023041 0.036169
1733228516.759183168411255 39.037218 70.781564 -0.751768 0.584503 -0.810434 0.023697 0.031489
1733228516.859181880950928 38.956244 70.595778 -0.752419 0.587905 -0.808181 0.022168 0.026839
1733228516.959180593490601 38.889716 70.443380 -0.752431 0.585917 -0.809421 0.021283 0.032950
1733228517.059179306030273 38.906814 70.436246 -0.752213 0.583294 -0.811368 0.018895 0.033056
1733228517.159178018569946 38.893037 70.368329 -0.744816 0.581953 -0.812481 0.017204 0.030155
1733228517.259176731109619 38.845037 70.249323 -0.755775 0.586380 -0.809102 0.020329 0.033156
1733228517.359177827835083 38.803467 70.152019 -0.751584 0.592743 -0.804558 0.020960 0.030046
1733228517.459176540374756 38.791470 70.086955 -0.753247 0.597247 -0.801358 0.020880 0.026167
1733228517.559175252914429 38.791688 70.058326 -0.745774 0.599420 -0.799626 0.021117 0.029137
1733228517.659173965454102 38.790115 70.009680 -0.745647 0.596444 -0.801714 0.018476 0.034173
1733228517.759172677993774 38.804647 69.984665 -0.773205 0.594897 -0.802980 0.016219 0.032521
1733228517.859171390533447 38.823370 69.959352 -0.776721 0.594853 -0.803018 0.019307 0.030627
1733228517.959170103073120 38.841107 69.931267 -0.791129 0.601781 -0.797739 0.021724 0.031639
1733228518.059168815612793 38.849732 69.895489 -0.790414 0.607407 -0.793581 0.021730 0.028525
1733228518.159167528152466 38.831878 69.817247 -0.787666 0.612281 -0.789942 0.020639 0.026014
1733228518.259166479110718 38.807546 69.724682 -0.789094 0.609989 -0.791444 0.021209 0.032847
1733228518.359165191650391 38.788862 69.660491 -0.781973 0.607459 -0.793361 0.020289 0.034068
1733228518.459163904190063 38.777369 69.597668 -0.774776 0.604486 -0.795759 0.021078 0.030312
1733228518.559162616729736 38.780300 69.544575 -0.780405 0.607288 -0.793285 0.027375 0.033912
1733228518.659161090850830 38.789193 69.512649 -0.781404 0.610187 -0.791120 0.027111 0.032648
1733228518.759160280227661 38.782749 69.452952 -0.781152 0.611426 -0.790281 0.027298 0.029472
1733228518.859158992767334 38.748193 69.345771 -0.774216 0.610236 -0.790979 0.028922 0.033587
1733228518.959157705307007 38.724861 69.265271 -0.779855 0.601564 -0.797292 0.028735 0.040247
1733228519.059156417846680 38.731935 69.255535 -0.766645 0.593583 -0.803302 0.027694 0.039979
1733228519.159155130386353 38.697364 69.155006 -0.764538 0.585545 -0.809148 0.032134 0.037214
1733228519.259153842926025 38.688384 69.040543 -0.792690 0.580298 -0.812789 0.032587 0.039565
1733228519.359152555465698 38.673903 68.993853 -0.784671 0.576817 -0.815426 0.032614 0.036038
1733228519.459151268005371 38.655610 68.960062 -0.784137 0.570620 -0.819951 0.034517 0.029693
1733228519.559149980545044 38.625656 68.914509 -0.780828 0.555833 -0.830088 0.035284 0.027559
1733228519.659148693084717 38.588980 68.862108 -0.759245 0.537472 -0.842262 0.032202 0.026092
1733228519.759147644042969 38.454067 68.633668 -0.769384 0.519763 -0.853316 0.034411 0.022680
1733228519.859146356582642 38.397861 68.570570 -0.779415 0.505492 -0.861598 0.037435 0.026938
1733228519.959144830703735 38.339811 68.502516 -0.782440 0.493309 -0.868686 0.037300 0.025273
1733228520.059143543243408 38.278875 68.454814 -0.780938 0.479218 -0.876661 0.036426 0.022095
1733228520.159142255783081 38.223272 68.421499 -0.779736 0.460977 -0.886350 0.038046 0.020897
1733228520.259140968322754 38.171790 68.401896 -0.783888 0.440052 -0.896999 0.037837 0.017730
1733228520.359139680862427 38.156380 68.385385 -0.810743 0.420127 -0.906547 0.037920 0.015128
1733228520.459138393402100 38.116441 68.374229 -0.815077 0.403635 -0.913573 0.044597 0.021758
1733228520.559137105941772 38.064966 68.326988 -0.823938 0.389634 -0.919651 0.043760 0.022625
1733228520.659135818481445 37.996158 68.272602 -0.825172 0.375860 -0.925416 0.044556 0.018696
1733228520.759134531021118 37.931727 68.240752 -0.825928 0.364163 -0.930015 0.044930 0.020926
1733228520.859133481979370 37.877177 68.226541 -0.823063 0.354383 -0.933798 0.044278 0.021739
1733228520.959132194519043 37.804587 68.175517 -0.813377 0.346569 -0.936941 0.040629 0.019515
1733228521.059130907058716 37.722029 68.114367 -0.809318 0.339766 -0.939450 0.039732 0.020335
1733228521.159129619598389 37.640378 68.053647 -0.819522 0.336221 -0.940515 0.040429 0.027434
1733228521.259128332138062 37.580132 68.018695 -0.814550 0.332214 -0.942069 0.039647 0.023840
1733228521.359130620956421 37.485883 67.924980 -0.817771 0.326848 -0.943982 0.040683 0.020315
1733228521.459129810333252 37.405606 67.857065 -0.814736 0.315702 -0.947787 0.037823 0.024521
1733228521.559128522872925 37.321374 67.859017 -0.809690 0.304527 -0.951588 0.033239 0.025285
1733228521.659127235412598 37.246005 67.788966 -0.806171 0.293408 -0.955132 0.031255 0.025658
1733228521.759126186370850 37.177425 67.725304 -0.799595 0.286939 -0.956742 0.034521 0.033466
1733228521.859124898910522 37.098121 67.620966 -0.801529 0.283403 -0.957900 0.030850 0.034028
1733228521.959123849868774 37.026768 67.535941 -0.795228 0.277843 -0.959619 0.029542 0.032590
1733228522.059122562408447 36.899332 67.360403 -0.797849 0.269905 -0.961903 0.030554 0.030984
1733228522.159121274948120 36.850044 67.329853 -0.795144 0.255715 -0.965792 0.025113 0.034994
1733228522.259119987487793 36.837259 67.361700 -0.794964 0.240379 -0.969807 0.022298 0.034569
1733228522.359118700027466 36.835517 67.418353 -0.796759 0.225077 -0.973438 0.022918 0.035131
1733228522.459117650985718 36.747168 67.391195 -0.795846 0.215352 -0.975401 0.023729 0.040663
1733228522.559116363525391 36.731726 67.401774 -0.792314 0.211064 -0.976443 0.022585 0.038753
1733228522.659115076065063 36.763512 67.427443 -0.788327 0.205924 -0.977543 0.025318 0.036946
1733228522.759113788604736 36.748844 67.472015 -0.789527 0.199751 -0.978836 0.027457 0.035004
1733228522.859112739562988 36.725387 67.498641 -0.781222 0.188965 -0.980929 0.019964 0.040898
1733228522.959111452102661 36.703201 67.522014 -0.780994 0.176507 -0.983388 0.017226 0.038687
1733228523.059110403060913 36.677063 67.547769 -0.776478 0.165851 -0.985260 0.017384 0.038135
1733228523.159109115600586 36.641243 67.553277 -0.778207 0.157486 -0.986430 0.016959 0.043210
1733228523.259108304977417 36.612739 67.513334 -0.779090 0.153392 -0.987146 0.016907 0.041563
1733228523.359107017517090 36.487554 67.313372 -0.783337 0.147216 -0.988164 0.017153 0.039572
1733228523.459105730056763 36.478814 67.329938 -0.787313 0.140347 -0.989207 0.019193 0.037466
1733228523.559104681015015 36.396961 67.249761 -0.784721 0.130852 -0.990512 0.017735 0.038056
1733228523.659103393554688 36.367609 67.260301 -0.784078 0.115503 -0.992530 0.013224 0.036990
1733228523.759102106094360 36.347096 67.273846 -0.781007 0.103609 -0.993878 0.012266 0.036353
1733228523.859101057052612 36.356428 67.266777 -0.801181 0.092047 -0.994877 0.015826 0.038678
1733228523.959099769592285 36.369846 67.328689 -0.815944 0.085784 -0.995393 0.014415 0.040313
1733228524.059098482131958 36.340980 67.367132 -0.808655 0.081258 -0.995851 0.014292 0.038398
1733228524.159097194671631 36.278352 67.314382 -0.811448 0.078213 -0.996088 0.016013 0.037884
1733228524.259095907211304 36.204697 67.263763 -0.819528 0.074961 -0.996360 0.017056 0.036832
1733228524.359094858169556 36.166620 67.237603 -0.817761 0.067788 -0.996871 0.010678 0.039228
1733228524.459093570709229 36.145065 67.258394 -0.817175 0.058867 -0.997471 0.011017 0.038271
1733228524.559092283248901 36.084460 67.227460 -0.814539 0.049265 -0.997989 0.012342 0.037923
1733228524.659091234207153 36.027092 67.229555 -0.813132 0.038273 -0.998329 0.010895 0.041895
1733228524.759089946746826 36.013028 67.255117 -0.809853 0.032171 -0.998602 0.010510 0.040596
1733228524.859088897705078 35.949092 67.231021 -0.811656 0.025222 -0.998909 0.011686 0.037521
1733228524.959087610244751 35.859929 67.186003 -0.813790 0.014376 -0.999179 0.013099 0.035538
1733228525.059086799621582 35.801872 67.181209 -0.813380 -0.008596 -0.999184 0.010745 0.037985
1733228525.159085512161255 35.748503 67.183208 -0.807054 -0.031703 -0.998798 0.010140 0.035983
1733228525.259084224700928 35.694254 67.189146 -0.799954 -0.053180 -0.997777 0.011721 0.038402
1733228525.359083175659180 35.636749 67.183076 -0.812290 -0.070458 -0.996688 0.008049 0.039803
1733228525.459081888198853 35.549923 67.112684 -0.806920 -0.081945 -0.995909 0.008307 0.037152
1733228525.559080600738525 35.509932 67.074489 -0.810742 -0.094598 -0.994770 0.011612 0.036718
1733228525.659079313278198 35.479359 67.078913 -0.813716 -0.108013 -0.993407 0.014796 0.035458
1733228525.759078264236450 35.454386 67.093574 -0.803427 -0.121688 -0.991724 0.008497 0.040046
1733228525.859076976776123 35.408794 67.118617 -0.798916 -0.137209 -0.989699 0.001622 0.040840
1733228525.959075689315796 35.363429 67.149316 -0.792446 -0.150477 -0.987731 0.001418 0.041733
1733228526.059074401855469 35.336574 67.234106 -0.781423 -0.158644 -0.986353 0.002988 0.043944
1733228526.159073352813721 35.306791 67.329808 -0.775496 -0.158861 -0.985917 0.005354 0.051981
1733228526.259072065353394 35.254828 67.376971 -0.770023 -0.153269 -0.986762 0.006667 0.052581
1733228526.359073162078857 35.187608 67.416348 -0.764978 -0.146664 -0.987939 0.007555 0.049082
1733228526.459072113037109 35.113536 67.448966 -0.759474 -0.147675 -0.987715 0.002999 0.051005
1733228526.559070587158203 35.061794 67.479134 -0.753161 -0.152813 -0.986856 0.000052 0.052568
1733228526.659069299697876 35.013498 67.513631 -0.747020 -0.155926 -0.986357 0.002157 0.052740
1733228526.759068250656128 34.969342 67.546382 -0.735213 -0.159041 -0.985633 0.005584 0.056583
1733228526.859067201614380 34.913576 67.579991 -0.733239 -0.156317 -0.985523 0.007566 0.065213
1733228526.959065914154053 34.867691 67.598610 -0.731351 -0.151943 -0.986115 0.007915 0.066546
1733228527.059064626693726 34.810039 67.626414 -0.728838 -0.146817 -0.986942 0.008119 0.065754
1733228527.159063339233398 34.739208 67.661383 -0.722388 -0.141896 -0.987674 0.003471 0.065987
1733228527.259062290191650 34.674673 67.696034 -0.726450 -0.144019 -0.988052 -0.000825 0.054882
1733228527.359061002731323 34.590336 67.703989 -0.777208 -0.144744 -0.989009 -0.011201 0.027997
1733228527.459059715270996 34.540730 67.733070 -0.722771 -0.141596 -0.989540 -0.001985 0.027507
1733228527.559058904647827 34.461574 67.747378 -0.748862 -0.128939 -0.991019 0.003068 0.035306
1733228527.659057617187500 34.413697 67.742216 -0.740618 -0.106624 -0.993593 0.008864 0.036410
1733228527.759056568145752 34.380088 67.729801 -0.739548 -0.093139 -0.995176 0.008480 0.029624
1733228527.859055280685425 34.328549 67.730201 -0.756611 -0.098194 -0.995100 -0.001288 0.011491
1733228527.959054231643677 34.259375 67.736808 -0.741194 -0.109235 -0.993920 -0.007504 0.011569
1733228528.059052944183350 34.178272 67.750740 -0.725680 -0.110655 -0.993717 -0.009203 0.014057
1733228528.159051656723022 34.098204 67.758419 -0.721745 -0.114505 -0.993232 -0.012633 0.014790
1733228528.259050607681274 34.029240 67.765564 -0.730577 -0.109146 -0.993864 -0.011239 0.013998
1733228528.359049081802368 33.961668 67.770845 -0.735553 -0.103554 -0.994492 -0.007128 0.014553
1733228528.459047794342041 33.881800 67.780975 -0.740068 -0.099072 -0.995019 -0.002045 0.010846
1733228528.559046506881714 33.790209 67.802410 -0.737408 -0.099840 -0.994997 0.000712 0.003452
1733228528.659045457839966 33.712923 67.819369 -0.748463 -0.099441 -0.995035 0.003267 0.002378
1733228528.759044170379639 33.637129 67.843042 -0.739136 -0.099265 -0.995012 0.009703 0.001699
1733228528.859043121337891 33.575173 67.862905 -0.737938 -0.093309 -0.995019 0.016660 0.030859
1733228528.959041833877563 33.522650 67.868176 -0.732965 -0.091448 -0.995120 0.012459 0.034902
1733228529.059040784835815 33.459021 67.865727 -0.728201 -0.090926 -0.995053 0.011490 0.038350
1733228529.159039497375488 33.388724 67.865888 -0.717289 -0.085968 -0.995312 0.013061 0.042332
1733228529.259038209915161 33.310292 67.856197 -0.719813 -0.082443 -0.995263 0.007733 0.050942
1733228529.359037399291992 33.263374 67.847997 -0.705908 -0.065816 -0.996448 0.005657 0.052235
1733228529.459036111831665 33.236349 67.838378 -0.700912 -0.045982 -0.997570 0.005228 0.052089
1733228529.559035062789917 33.224294 67.826564 -0.698392 -0.023159 -0.998215 0.001897 0.055014
1733228529.659033775329590 33.217828 67.810282 -0.706106 0.003313 -0.998564 -0.003533 0.053343
1733228529.759032487869263 33.204256 67.789305 -0.717271 0.035849 -0.997945 -0.001216 0.053088
1733228529.859031438827515 33.215333 67.766498 -0.714090 0.073925 -0.995868 -0.001016 0.052740
1733228529.959030151367188 33.245980 67.734768 -0.714833 0.114127 -0.991986 -0.001454 0.054195
1733228530.059028863906860 33.297466 67.697584 -0.706644 0.145582 -0.987828 -0.006744 0.054376
1733228530.159027576446533 33.326444 67.689648 -0.701494 0.177735 -0.982610 -0.006162 0.053386
1733228530.259026288986206 33.320714 67.663253 -0.704675 0.209871 -0.976219 -0.005598 0.054023
1733228530.359028816223145 33.338754 67.630469 -0.706226 0.243764 -0.968253 -0.003419 0.055258
1733228530.459028005599976 33.348747 67.602336 -0.707805 0.281570 -0.957831 0.002340 0.057198
1733228530.559026718139648 33.388537 67.597874 -0.674362 0.319284 -0.945922 0.002363 0.057306
1733228530.659026145935059 33.423537 67.562602 -0.678174 0.355759 -0.932732 0.001328 0.058698
1733228530.759024858474731 33.426092 67.533449 -0.686149 0.389228 -0.919275 -0.001942 0.058572
1733228530.859024047851562 33.468475 67.539616 -0.681498 0.419592 -0.905915 -0.000266 0.057110
1733228530.959022998809814 33.485326 67.513827 -0.675117 0.451139 -0.890732 0.000458 0.055408
1733228531.059021949768066 33.504276 67.483006 -0.669254 0.480006 -0.875572 0.000310 0.054475
1733228531.159020662307739 33.441315 67.440395 -0.681218 0.501423 -0.863495 0.007754 0.053767
1733228531.259019613265991 33.433779 67.379772 -0.671417 0.519080 -0.853117 0.009221 0.051590
1733228531.359018564224243 33.452696 67.325698 -0.676866 0.536603 -0.842452 0.011341 0.046929
1733228531.459017515182495 33.408072 67.251734 -0.683199 0.552269 -0.832484 0.014560 0.041919
1733228531.559016466140747 33.394118 67.172211 -0.725289 0.561442 -0.826420 0.009705 0.041461
1733228531.659015417098999 33.357518 67.114447 -0.666655 0.569121 -0.821395 0.007355 0.036853
1733228531.759014606475830 33.319773 67.014258 -0.664184 0.576662 -0.816262 0.010821 0.032549
1733228531.859013557434082 33.254458 66.932324 -0.677029 0.585410 -0.809849 0.013937 0.035284
1733228531.959012508392334 33.266466 66.852674 -0.656755 0.590764 -0.806055 0.012943 0.033241
1733228532.059011459350586 33.228573 66.796836 -0.645634 0.594593 -0.803474 0.013110 0.026788
1733228532.159010171890259 33.195771 66.671136 -0.646371 0.593655 -0.804247 0.010478 0.025527
1733228532.259009122848511 33.115077 66.586705 -0.657853 0.590136 -0.806760 0.008205 0.028472
1733228532.359008073806763 33.112563 66.527417 -0.652587 0.587991 -0.808371 0.009618 0.026644
1733228532.459007024765015 33.091581 66.505047 -0.643754 0.588631 -0.807827 0.015382 0.026301
1733228532.559005975723267 33.141797 66.421415 -0.670324 0.594123 -0.803812 0.017960 0.024103
1733228532.659004926681519 33.046402 66.374332 -0.631832 0.599019 -0.800164 0.020431 0.022283
1733228532.759004116058350 33.053364 66.274522 -0.619830 0.601669 -0.798084 0.017821 0.027191
1733228532.859003067016602 33.054329 66.198772 -0.664116 0.599491 -0.799383 0.019510 0.034881
1733228532.959002017974854 33.008315 66.099440 -0.604582 0.598249 -0.800257 0.018867 0.036466
1733228533.059000968933105 32.912646 65.985368 -0.594138 0.597802 -0.800600 0.020391 0.035445
1733228533.158999919891357 32.878044 65.901531 -0.609676 0.601894 -0.797066 0.029996 0.038855
1733228533.258998632431030 32.861562 65.809064 -0.615254 0.605477 -0.794315 0.031111 0.038654
1733228533.358993530273438 32.840811 65.726854 -0.601327 0.606180 -0.793853 0.031113 0.037081
1733228533.458992719650269 32.820221 65.636745 -0.580862 0.605708 -0.794179 0.031098 0.037816
1733228533.558991432189941 32.767197 65.524766 -0.608124 0.596527 -0.800845 0.029774 0.043761
1733228533.658990383148193 32.770808 65.453273 -0.583508 0.583097 -0.810594 0.027966 0.046413
1733228533.758989334106445 32.734825 65.369839 -0.579302 0.567238 -0.821841 0.032064 0.042311
1733228533.858988761901855 32.731888 65.274465 -0.586276 0.557447 -0.828230 0.036700 0.044054
1733228533.958987712860107 32.691328 65.204934 -0.593290 0.549013 -0.833922 0.038920 0.040559
1733228534.058986663818359 32.650401 65.141476 -0.599409 0.542390 -0.838285 0.042543 0.035796
1733228534.158985614776611 32.586715 65.047603 -0.586552 0.536564 -0.842214 0.041530 0.032414
1733228534.258984565734863 32.548444 64.958772 -0.598784 0.521774 -0.851579 0.039284 0.031981
1733228534.358983278274536 32.499263 64.891357 -0.587484 0.508263 -0.859860 0.038614 0.028612
1733228534.458982229232788 32.432082 64.813466 -0.600600 0.495764 -0.867014 0.042823 0.025906
1733228534.558981180191040 32.376382 64.739272 -0.600655 0.489498 -0.870291 0.046416 0.028822
1733228534.658980131149292 32.362022 64.691710 -0.604213 0.483764 -0.873522 0.046882 0.027086
1733228534.758979082107544 32.312657 64.610841 -0.592676 0.482166 -0.874418 0.048573 0.023444
1733228534.858978271484375 32.234909 64.519356 -0.603001 0.483180 -0.874128 0.038155 0.031344
1733228534.958977222442627 32.158787 64.445835 -0.632782 0.480775 -0.875386 0.035300 0.036166
1733228535.058976173400879 32.148859 64.363150 -0.594485 0.478019 -0.877014 0.034325 0.034142
1733228535.158975124359131 32.050078 64.278528 -0.605522 0.480108 -0.875283 0.044503 0.037360
1733228535.258974075317383 32.001986 64.181229 -0.606788 0.486021 -0.872032 0.043838 0.037717
1733228535.358972787857056 31.926369 64.099901 -0.590063 0.490200 -0.869848 0.042921 0.035022
1733228535.458971738815308 31.876946 64.008846 -0.603195 0.494463 -0.867840 0.038888 0.029101
1733228535.558970689773560 31.830920 63.954041 -0.601804 0.490711 -0.870228 0.031365 0.030366
1733228535.658969640731812 31.754521 63.853329 -0.606664 0.487506 -0.872188 0.027465 0.029518
1733228535.758968591690063 31.690620 63.749431 -0.614493 0.484754 -0.873736 0.028787 0.027753
1733228535.858967542648315 31.625201 63.662900 -0.625938 0.490202 -0.870472 0.030497 0.032405
1733228535.958966732025146 31.592058 63.603842 -0.625072 0.496375 -0.867015 0.030390 0.031212
1733228536.058965682983398 31.542080 63.517125 -0.629358 0.502199 -0.863838 0.027684 0.028517
1733228536.158964633941650 31.510901 63.441689 -0.618057 0.504533 -0.862342 0.025205 0.034315
1733228536.258963584899902 31.473572 63.388704 -0.637536 0.498544 -0.865669 0.019628 0.041067
1733228536.358962297439575 31.443297 63.322507 -0.619438 0.495926 -0.867332 0.018237 0.038219
1733228536.458961248397827 31.409481 63.257658 -0.614398 0.496683 -0.866759 0.020044 0.040416
1733228536.558960199356079 31.346447 63.162782 -0.634599 0.504627 -0.862217 0.018759 0.039765
1733228536.658959150314331 31.329801 63.119503 -0.610428 0.512971 -0.857372 0.018316 0.037922
1733228536.758958101272583 31.278989 63.021689 -0.604333 0.521701 -0.852118 0.017284 0.037739
1733228536.858957052230835 31.226530 62.932056 -0.610028 0.519787 -0.853108 0.015819 0.042165
1733228536.958956241607666 31.192244 62.855468 -0.598789 0.518110 -0.854184 0.012638 0.042100
1733228537.058955192565918 31.152224 62.778283 -0.590734 0.517344 -0.854819 0.011021 0.038968
1733228537.158954143524170 31.129441 62.692735 -0.606065 0.522153 -0.851642 0.018903 0.041295
1733228537.258953094482422 31.106097 62.651062 -0.604102 0.527782 -0.848406 0.018414 0.036258
1733228537.358942270278931 31.063178 62.579641 -0.614289 0.530629 -0.846796 0.018205 0.032225
1733228537.458941221237183 31.051318 62.520148 -0.587927 0.526981 -0.849057 0.014064 0.034573
1733228537.558939933776855 30.953698 62.407286 -0.622364 0.522854 -0.851614 0.010339 0.035634
1733228537.658938646316528 30.918024 62.298201 -0.610035 0.520658 -0.853092 0.012353 0.031568
1733228537.758937358856201 30.855701 62.200452 -0.607775 0.525241 -0.850133 0.013667 0.034757
1733228537.858936309814453 30.826154 62.136489 -0.594366 0.529615 -0.847472 0.015982 0.032294
1733228537.958935260772705 30.797758 62.071507 -0.597283 0.532748 -0.845593 0.018332 0.028574
1733228538.058934211730957 30.763375 61.987140 -0.604644 0.529557 -0.847513 0.015191 0.032569
1733228538.158932924270630 30.749617 61.955536 -0.604836 0.526085 -0.849756 0.013560 0.031059
1733228538.258931636810303 30.699051 61.856432 -0.583677 0.524495 -0.850828 0.015192 0.027674
1733228538.358930349349976 30.532462 61.656796 -0.623877 0.533155 -0.845176 0.015732 0.034287
1733228538.458929300308228 30.500489 61.594505 -0.610632 0.541785 -0.839784 0.015034 0.031703
1733228538.558928012847900 30.497633 61.524123 -0.613744 0.545207 -0.837369 0.013014 0.037321
1733228538.658926725387573 30.436209 61.423343 -0.620304 0.541122 -0.839844 0.013032 0.040970
1733228538.758925437927246 30.417041 61.362766 -0.586198 0.539915 -0.840637 0.010967 0.041238
1733228538.858924150466919 30.372248 61.270474 -0.581448 0.539388 -0.841020 0.014125 0.039314
1733228538.958922863006592 30.381058 61.208645 -0.602058 0.544549 -0.837373 0.018692 0.043867
1733228539.058921813964844 30.336957 61.148178 -0.586629 0.542987 -0.838561 0.019448 0.040030
1733228539.158920526504517 30.309013 61.063748 -0.587889 0.539262 -0.841003 0.022545 0.037447
1733228539.258919239044189 30.268046 60.997330 -0.587596 0.532019 -0.845594 0.024137 0.036652
1733228539.358917951583862 30.266903 60.951977 -0.590738 0.519992 -0.853039 0.021330 0.038446
1733228539.458916902542114 30.204125 60.901276 -0.583841 0.507769 -0.860493 0.021815 0.035315
1733228539.558915615081787 30.189919 60.856730 -0.579912 0.497448 -0.866432 0.025732 0.034342
1733228539.658914327621460 30.081184 60.726603 -0.598279 0.493701 -0.868650 0.026239 0.031914
1733228539.758913040161133 30.037770 60.683646 -0.597896 0.491040 -0.870163 0.030240 0.027965
1733228539.858911991119385 30.012900 60.652205 -0.585124 0.491849 -0.869755 0.029306 0.027419
1733228539.958910942077637 29.938582 60.556997 -0.597391 0.489230 -0.871288 0.027635 0.027352
1733228540.058909893035889 29.925243 60.526397 -0.577616 0.485569 -0.873447 0.024360 0.026816
1733228540.158908605575562 29.880249 60.471353 -0.576302 0.482125 -0.875338 0.025524 0.026220
1733228540.258907318115234 29.867496 60.435213 -0.579690 0.486112 -0.872681 0.032668 0.032500
1733228540.358906269073486 29.843047 60.392231 -0.585396 0.490141 -0.870470 0.031979 0.031959
1733228540.458904981613159 29.794912 60.312818 -0.585077 0.495083 -0.867747 0.032116 0.029613
1733228540.558903694152832 29.739633 60.226114 -0.591413 0.499506 -0.865277 0.034108 0.025019
1733228540.658902406692505 29.683343 60.158226 -0.587379 0.496334 -0.867286 0.028190 0.025953
1733228540.758901119232178 29.638275 60.060870 -0.603362 0.493376 -0.869094 0.024758 0.025350
1733228540.858899831771851 29.582702 59.982240 -0.588342 0.492129 -0.869802 0.026635 0.023349
1733228540.958898544311523 29.526984 59.871350 -0.608073 0.499537 -0.865457 0.027833 0.025927
1733228541.058897495269775 29.477658 59.806870 -0.584987 0.506850 -0.861194 0.028111 0.025659
1733228541.158896207809448 29.425619 59.710466 -0.576636 0.513453 -0.857346 0.025508 0.025963
1733228541.258894920349121 29.393491 59.618789 -0.580959 0.512134 -0.857833 0.016539 0.039589
1733228541.358893632888794 29.410539 59.607713 -0.572376 0.510056 -0.858996 0.014005 0.042112
1733228541.458892583847046 29.367487 59.484085 -0.568699 0.510119 -0.859151 0.011362 0.038855
1733228541.558891296386719 29.379310 59.423906 -0.581517 0.512437 -0.857521 0.016271 0.042438
1733228541.658890008926392 29.402074 59.367771 -0.603221 0.517747 -0.854313 0.015444 0.043000
1733228541.758888721466064 29.416461 59.365076 -0.578428 0.522546 -0.851565 0.015810 0.039150
1733228541.858887672424316 29.381107 59.354894 -0.557547 0.525847 -0.849421 0.016748 0.041086
1733228541.958886861801147 29.348371 59.305036 -0.547412 0.523414 -0.850511 0.014003 0.049728
1733228542.058885574340820 29.346594 59.282234 -0.527180 0.522701 -0.851016 0.012308 0.049033
1733228542.158884286880493 29.294546 59.191325 -0.517002 0.522671 -0.851227 0.013923 0.045096
1733228542.258882999420166 29.254797 59.102295 -0.526778 0.526173 -0.849124 0.013515 0.044133
1733228542.358881950378418 29.235401 59.057149 -0.530886 0.532950 -0.845145 0.016345 0.037768
1733228542.458880662918091 29.207388 58.988158 -0.535447 0.538197 -0.841997 0.016708 0.033261
1733228542.558879375457764 29.178640 58.927586 -0.527090 0.538426 -0.841748 0.016214 0.035980
1733228542.658878087997437 29.141460 58.885987 -0.513720 0.533869 -0.844575 0.014207 0.038421
1733228542.758877038955688 29.096008 58.801087 -0.508730 0.529756 -0.847223 0.013993 0.037093
1733228542.858875513076782 28.985801 58.646857 -0.502607 0.527954 -0.848103 0.024344 0.037314
1733228542.958874225616455 28.929217 58.567557 -0.522494 0.532642 -0.844933 0.028218 0.039800
1733228543.058873176574707 28.929978 58.506263 -0.513744 0.535194 -0.843468 0.026250 0.037935
1733228543.158871889114380 28.776499 58.252562 -0.497285 0.538311 -0.841708 0.026741 0.032146
1733228543.258870601654053 28.546961 57.885983 -0.485184 0.537496 -0.842166 0.025466 0.034729
1733228543.358869314193726 28.454954 57.779720 -0.486027 0.535671 -0.843335 0.024171 0.035491
1733228543.458868265151978 28.408201 57.677467 -0.484157 0.533841 -0.844619 0.024584 0.032065
1733228543.558866977691650 28.400393 57.615457 -0.495908 0.538285 -0.841342 0.032214 0.036819
1733228543.658865928649902 28.372897 57.571511 -0.497161 0.544159 -0.837610 0.032638 0.035150
1733228543.758864402770996 28.389744 57.548261 -0.505004 0.547798 -0.835346 0.032549 0.032497
1733228543.858863353729248 28.384417 57.502895 -0.494975 0.547444 -0.835417 0.031920 0.036951
1733228543.958862543106079 28.359525 57.418605 -0.538688 0.540884 -0.839555 0.029121 0.041766
1733228544.058861255645752 28.351306 57.419545 -0.518612 0.536439 -0.842529 0.026179 0.041148
1733228544.158859968185425 28.330071 57.344837 -0.519950 0.531559 -0.845783 0.024865 0.038437
1733228544.258858680725098 28.303331 57.259796 -0.539158 0.534448 -0.843629 0.030511 0.041523
1733228544.358859777450562 28.259058 57.178814 -0.540447 0.537525 -0.841747 0.028848 0.041186
1733228544.458858489990234 28.233221 57.089096 -0.547823 0.537585 -0.841955 0.026463 0.037599
1733228544.558857440948486 28.197548 57.035067 -0.552025 0.535290 -0.843067 0.023978 0.046120
1733228544.658856153488159 28.207013 57.036664 -0.556915 0.528571 -0.847304 0.021219 0.047301
1733228544.758855104446411 28.207911 57.029718 -0.547064 0.519600 -0.852991 0.017489 0.045999
1733228544.858853816986084 28.196997 57.014533 -0.551458 0.508849 -0.859440 0.017454 0.046168
1733228544.958852529525757 28.180759 57.035315 -0.547933 0.500983 -0.864146 0.018324 0.043946
1733228545.058851480484009 28.203739 57.065322 -0.538502 0.490019 -0.870536 0.019704 0.040745
1733228545.158850193023682 28.183416 57.054720 -0.538341 0.477463 -0.877630 0.022258 0.036035
1733228545.258848905563354 28.122821 56.995693 -0.552347 0.462949 -0.885441 0.026608 0.031059
1733228545.358847618103027 28.077409 56.967454 -0.554602 0.444842 -0.894741 0.024922 0.030542
1733228545.458846330642700 27.966116 56.826576 -0.559344 0.426709 -0.903592 0.025457 0.028158
1733228545.558845043182373 27.918125 56.802429 -0.561480 0.416646 -0.907505 0.041597 0.033328
1733228545.658843755722046 27.835363 56.719532 -0.568179 0.415110 -0.908067 0.042425 0.036019
1733228545.758842468261719 27.779048 56.666903 -0.569334 0.413685 -0.908639 0.046663 0.032600
1733228545.858841419219971 27.748272 56.661100 -0.568041 0.418155 -0.906794 0.044153 0.030357
1733228545.958840370178223 27.700815 56.638005 -0.574786 0.416387 -0.907726 0.040982 0.031230
1733228546.058839082717896 27.683301 56.624253 -0.560810 0.413561 -0.909233 0.037543 0.029196
1733228546.158837795257568 27.632588 56.582762 -0.560740 0.412411 -0.909840 0.036017 0.028497
1733228546.258836507797241 27.573792 56.511790 -0.581855 0.416369 -0.908077 0.032476 0.031270
1733228546.358835458755493 27.533687 56.443580 -0.586712 0.421268 -0.906026 0.029527 0.027885
1733228546.458834171295166 27.469574 56.367473 -0.587372 0.426589 -0.903713 0.026353 0.025106
1733228546.558833122253418 27.344852 56.176894 -0.586339 0.428036 -0.902849 0.023259 0.033279
1733228546.658831834793091 27.204792 55.965509 -0.586372 0.425191 -0.904181 0.017180 0.037075
1733228546.758830785751343 27.161416 55.902744 -0.574656 0.426325 -0.903693 0.012942 0.037652
1733228546.858829498291016 27.191442 55.940065 -0.566048 0.430900 -0.901511 0.015178 0.037049
1733228546.958828210830688 27.053651 55.707875 -0.587914 0.444007 -0.895020 0.013478 0.040186
1733228547.058827161788940 27.017845 55.639534 -0.586415 0.456992 -0.888545 0.011540 0.038903
1733228547.158825874328613 26.977249 55.544674 -0.583193 0.469852 -0.881872 0.010349 0.037867
1733228547.258824586868286 26.905307 55.471844 -0.601781 0.478815 -0.876719 0.008632 0.045018
1733228547.358823299407959 26.864850 55.386586 -0.595529 0.482490 -0.874662 0.006333 0.046152
1733228547.458822011947632 26.768015 55.235496 -0.577246 0.488055 -0.871619 0.003203 0.045526
1733228547.558820724487305 26.691942 55.134648 -0.565028 0.494232 -0.867974 0.011921 0.047042
1733228547.658819437026978 26.626647 54.968569 -0.599543 0.499080 -0.864995 0.014878 0.049823
1733228547.758818149566650 26.581475 54.914750 -0.562324 0.501550 -0.863634 0.014908 0.048594
1733228547.858817100524902 26.582344 54.889293 -0.567197 0.504629 -0.861972 0.017910 0.045084
1733228547.958816051483154 26.563387 54.836120 -0.550828 0.506961 -0.860741 0.018082 0.042284
1733228548.058814764022827 26.528472 54.764211 -0.578246 0.508816 -0.859647 0.016644 0.042854
1733228548.158813476562500 26.525330 54.728275 -0.582557 0.510841 -0.858623 0.016590 0.039145
1733228548.258812189102173 26.524090 54.702232 -0.568376 0.513760 -0.856999 0.017862 0.035846
1733228548.358813047409058 26.483711 54.633653 -0.595082 0.523714 -0.850966 0.017962 0.035467
1733228548.458811759948730 26.462503 54.557971 -0.586472 0.532773 -0.845463 0.017788 0.032086
1733228548.558810472488403 26.408458 54.481789 -0.596132 0.541410 -0.840121 0.017099 0.027940
1733228548.658809423446655 26.395762 54.432844 -0.588521 0.543679 -0.838398 0.012997 0.036511
1733228548.758808135986328 26.396826 54.416123 -0.596971 0.541559 -0.839660 0.008159 0.040229
1733228548.858807086944580 26.427217 54.413133 -0.570742 0.541155 -0.839959 0.005567 0.039859
1733228548.958806037902832 26.396635 54.294885 -0.628944 0.542298 -0.839119 0.010522 0.041006
1733228549.058804750442505 26.418710 54.333735 -0.582342 0.549275 -0.834687 0.003731 0.039762
1733228549.158803701400757 26.426157 54.348412 -0.568290 0.554725 -0.831219 0.003817 0.036631
1733228549.258802652359009 26.412252 54.265413 -0.588329 0.558406 -0.828847 0.005644 0.034116
1733228549.358801364898682 26.399683 54.227570 -0.578016 0.558850 -0.828370 0.005506 0.038208
1733228549.458800315856934 26.387683 54.173019 -0.580847 0.555562 -0.830407 0.002651 0.042053
1733228549.558799266815186 26.387530 54.156154 -0.570940 0.552804 -0.832319 0.003957 0.040461
1733228549.658797979354858 26.389383 54.140193 -0.570732 0.553776 -0.831502 0.012258 0.042258
1733228549.758796691894531 26.387487 54.083805 -0.572026 0.557812 -0.828756 0.013319 0.042798
1733228549.858795642852783 26.360238 54.040879 -0.562042 0.561230 -0.826531 0.018066 0.039245
1733228549.958794355392456 26.356448 53.996293 -0.561595 0.562969 -0.825425 0.022268 0.035279
1733228550.058793067932129 26.330307 53.982788 -0.582376 0.562020 -0.826309 0.020936 0.030127
1733228550.158792018890381 26.337008 54.009152 -0.584162 0.554621 -0.831538 0.015659 0.026348
1733228550.258790731430054 26.323341 53.994963 -0.597994 0.543701 -0.838720 0.010293 0.028852
1733228550.358789443969727 26.289366 53.970925 -0.614348 0.534650 -0.844458 0.009782 0.030725
1733228550.458788394927979 26.276977 53.972193 -0.628863 0.517934 -0.854934 0.001608 0.028807
1733228550.558787345886230 26.252073 53.940160 -0.623723 0.496589 -0.867567 0.000290 0.026951
1733228550.658786058425903 26.238171 53.961340 -0.624510 0.471344 -0.881542 0.002422 0.026684
1733228550.758784770965576 26.227021 53.984510 -0.624701 0.443120 -0.895996 0.003113 0.028757
1733228550.858783960342407 26.234023 54.036976 -0.608389 0.411948 -0.910704 0.001414 0.030247
1733228550.958782911300659 26.237513 54.083169 -0.597844 0.377886 -0.925306 0.004969 0.031402
1733228551.058781623840332 26.231073 54.108494 -0.595178 0.342410 -0.938680 0.016781 0.036802
1733228551.158780574798584 26.216370 54.117360 -0.599428 0.315953 -0.947990 0.012125 0.036641
1733228551.258779287338257 26.181193 54.111544 -0.588138 0.287536 -0.956980 0.012095 0.036963
1733228551.358778238296509 26.142856 54.112177 -0.585528 0.256175 -0.965806 0.013885 0.037421
1733228551.458776950836182 26.090010 54.098359 -0.577044 0.223046 -0.974000 0.014577 0.036918
1733228551.558775663375854 26.072194 54.109815 -0.568102 0.190281 -0.980875 0.012069 0.039148
1733228551.658774375915527 25.997426 54.045958 -0.576834 0.155868 -0.986810 0.013433 0.041602
1733228551.758773088455200 26.013174 54.023782 -0.526247 0.121158 -0.991583 0.013355 0.043664
1733228551.858772039413452 25.928539 53.982688 -0.554956 0.097526 -0.993707 0.021923 0.050545
1733228551.958770990371704 25.812090 53.909829 -0.537684 0.075398 -0.995558 0.021194 0.052260
1733228552.058769702911377 25.774476 53.856748 -0.524497 0.057281 -0.996644 0.023526 0.053543
1733228552.158768653869629 25.621781 53.703453 -0.513165 0.043094 -0.997386 0.022095 0.053622
1733228552.258767366409302 25.488592 53.610908 -0.505655 0.025402 -0.998168 0.017255 0.052135
1733228552.358766555786133 25.358477 53.560168 -0.518839 0.007338 -0.998658 0.010710 0.050131
1733228552.458765268325806 25.270169 53.582410 -0.479669 -0.009385 -0.998270 0.021312 0.053988
1733228552.558763980865479 25.155298 53.591754 -0.512217 -0.031749 -0.997734 0.021244 0.055390
1733228552.658762931823730 25.034601 53.523374 -0.520216 -0.042004 -0.997413 0.023643 0.053336
1733228552.758761882781982 24.863665 53.512644 -0.494094 -0.052269 -0.997109 0.024048 0.049639
1733228552.858760595321655 24.730254 53.435367 -0.563821 -0.070861 -0.996154 0.010486 0.050456
1733228552.958759546279907 24.610435 53.461944 -0.582356 -0.100506 -0.994441 -0.010224 0.029681
1733228553.058758258819580 24.540334 53.474391 -0.565271 -0.114811 -0.992693 -0.016652 0.033178
1733228553.158756732940674 24.462442 53.637477 -0.588101 -0.118610 -0.992294 -0.019606 0.029982
1733228553.258755683898926 24.468259 53.770880 -0.641525 -0.115482 -0.993157 -0.007002 0.015929
1733228553.358752250671387 24.371736 53.740248 -0.642244 -0.120453 -0.992616 0.003088 0.013953
1733228553.458751201629639 24.276033 53.721536 -0.669201 -0.121840 -0.992471 0.012029 0.003543
1733228553.558750152587891 24.268548 53.683305 -0.656974 -0.124555 -0.992192 0.001744 -0.006084
1733228553.658749103546143 24.238254 53.622271 -0.709182 -0.129571 -0.991560 0.001693 -0.004046
1733228553.758747816085815 24.220997 53.686336 -0.704253 -0.124575 -0.992059 0.016109 -0.006367
1733228553.858746767044067 24.210409 53.765173 -0.703588 -0.117713 -0.992814 0.020758 0.005702
1733228553.958745479583740 24.161395 53.736493 -0.687660 -0.112027 -0.993511 0.018213 0.007365
1733228554.058744192123413 24.049290 53.658848 -0.705415 -0.105088 -0.994315 0.015732 0.006805
1733228554.158742904663086 23.957751 53.605118 -0.687817 -0.097762 -0.995029 0.015171 0.011346
1733228554.258741855621338 23.851873 53.603438 -0.685190 -0.097810 -0.994971 0.011607 0.018196
1733228554.358740568161011 23.833627 53.665519 -0.674919 -0.101116 -0.994649 0.010453 0.018445
1733228554.458739280700684 23.798649 53.736799 -0.675949 -0.099865 -0.994769 0.008931 0.019547
1733228554.558738231658936 23.734948 53.782471 -0.672590 -0.090220 -0.995755 0.006545 0.017039
1733228554.658737182617188 23.693182 53.820478 -0.675710 -0.068626 -0.997426 0.010249 0.018088
1733228554.758735895156860 23.656889 53.873901 -0.684136 -0.049099 -0.998595 0.012390 0.015619
1733228554.858734846115112 23.598680 53.926680 -0.680060 -0.035865 -0.999141 0.018090 0.010145
1733228554.958733558654785 23.586514 53.977649 -0.684042 -0.025806 -0.999499 0.016474 0.008059
1733228555.058732748031616 23.548430 54.026499 -0.676889 -0.010893 -0.999743 0.018642 0.006921
1733228555.158731460571289 23.523495 54.085846 -0.679676 0.009792 -0.999681 0.017909 0.014865
1733228555.258730411529541 23.494386 54.118580 -0.683757 0.031683 -0.999215 0.016368 0.017279
1733228555.358729124069214 23.488241 54.123442 -0.678045 0.053430 -0.998335 0.015393 0.015362
1733228555.458728075027466 23.481855 54.160160 -0.680440 0.077234 -0.996769 0.015286 0.015894
1733228555.558726787567139 23.460156 54.186190 -0.680456 0.097629 -0.995005 0.012129 0.016938
1733228555.658725500106812 23.489385 54.240537 -0.678988 0.118460 -0.992755 0.011566 0.016452
1733228555.758724212646484 23.482791 54.256605 -0.682286 0.140518 -0.989879 0.010393 0.016905
1733228555.858723163604736 23.448609 54.295951 -0.678136 0.165011 -0.985871 0.013153 0.025633
1733228555.958721876144409 23.433465 54.285438 -0.693543 0.191954 -0.980967 0.014390 0.025509
1733228556.058720827102661 23.409267 54.278207 -0.697105 0.219902 -0.975108 0.015219 0.023976
1733228556.158719539642334 23.371071 54.253296 -0.706782 0.245410 -0.968852 0.014587 0.029777
1733228556.258718252182007 23.365410 54.258738 -0.704101 0.263119 -0.964128 0.013474 0.032303
1733228556.358717203140259 23.275550 54.172472 -0.702937 0.281924 -0.958806 0.012032 0.032646
1733228556.458716154098511 23.206594 54.113172 -0.688393 0.302754 -0.952356 0.015758 0.033297
1733228556.558715105056763 23.166962 54.050604 -0.717209 0.327182 -0.944155 0.015977 0.035604
1733228556.658713817596436 23.072519 54.010265 -0.718322 0.353477 -0.934699 0.017104 0.033144
1733228556.758712768554688 23.014244 53.892991 -0.671829 0.378776 -0.924872 0.016581 0.029427
1733228556.858711719512939 22.922540 53.818846 -0.716294 0.394431 -0.918262 0.015952 0.031073
1733228556.958710432052612 22.698358 53.517929 -0.710183 0.408060 -0.912258 0.014703 0.032501
1733228557.058709383010864 22.449261 53.206481 -0.706324 0.415657 -0.908841 0.016305 0.031165
1733228557.158708095550537 22.355195 53.019857 -0.712483 0.423828 -0.904701 0.022641 0.037051
1733228557.258706808090210 22.271566 52.905075 -0.713700 0.429823 -0.901865 0.023048 0.036876
1733228557.358701467514038 22.190504 52.786563 -0.707905 0.435718 -0.899132 0.022821 0.034498
1733228557.458700180053711 22.090391 52.645803 -0.711558 0.440104 -0.896985 0.022790 0.034745
1733228557.558698892593384 22.015543 52.561154 -0.704814 0.437556 -0.898199 0.019972 0.037205
1733228557.658697605133057 21.963547 52.433485 -0.701054 0.434637 -0.899604 0.017972 0.038473
1733228557.758696317672729 21.893517 52.345753 -0.694073 0.432996 -0.900501 0.018185 0.035805
1733228557.858695030212402 21.822118 52.252810 -0.702028 0.438182 -0.897749 0.022356 0.039283
1733228557.958693742752075 21.761680 52.167026 -0.709297 0.444309 -0.894764 0.024272 0.037381
1733228558.058692216873169 21.710179 52.107913 -0.711778 0.449560 -0.892237 0.024090 0.035037
1733228558.158690929412842 21.683965 52.053941 -0.708073 0.453667 -0.890205 0.023495 0.034203
1733228558.258689641952515 21.537014 51.925751 -0.726717 0.451549 -0.891232 0.017822 0.038627
1733228558.358688354492188 21.441742 51.813863 -0.723112 0.449942 -0.892104 0.015855 0.038085
1733228558.458687067031860 21.334149 51.669059 -0.723789 0.449675 -0.892326 0.015995 0.035930
1733228558.558685779571533 21.267676 51.545622 -0.740515 0.456729 -0.888405 0.024051 0.039453
1733228558.658684492111206 21.200084 51.450798 -0.745477 0.462600 -0.885403 0.025494 0.037593
1733228558.758683204650879 21.133612 51.366852 -0.751606 0.468117 -0.882636 0.025232 0.034387
1733228558.858682155609131 21.074126 51.274688 -0.747466 0.469054 -0.882154 0.020267 0.037186
1733228558.958680868148804 21.023539 51.191181 -0.751125 0.466580 -0.883399 0.014666 0.041164
1733228559.058679580688477 20.961261 51.108650 -0.747687 0.464628 -0.884547 0.013027 0.039087
1733228559.158678293228149 20.925873 51.071619 -0.735215 0.467209 -0.882932 0.019921 0.041821
1733228559.258677005767822 20.926056 50.991339 -0.755653 0.473358 -0.879616 0.022215 0.041407
1733228559.358675718307495 20.890016 50.947200 -0.752130 0.478389 -0.876964 0.022802 0.039480
1733228559.458674430847168 20.847893 50.856803 -0.737963 0.482722 -0.874629 0.021659 0.039170
1733228559.558673143386841 20.779987 50.767939 -0.764045 0.482076 -0.874785 0.018523 0.044844
1733228559.658672094345093 20.728720 50.670508 -0.753707 0.481465 -0.875216 0.015675 0.044081
1733228559.758670806884766 20.690070 50.595701 -0.726891 0.481919 -0.875012 0.019343 0.041636
1733228559.858669519424438 20.657134 50.546385 -0.756954 0.487770 -0.871331 0.024736 0.047451
1733228559.958668231964111 20.653969 50.473015 -0.741764 0.492176 -0.868730 0.025775 0.049067
1733228560.058666944503784 20.602180 50.411856 -0.706421 0.497622 -0.865843 0.025337 0.045240
1733228560.158665657043457 20.593806 50.369508 -0.711310 0.498258 -0.865519 0.024309 0.044998
1733228560.258664369583130 20.519858 50.256286 -0.735465 0.494560 -0.867685 0.022904 0.044824
1733228560.358663082122803 20.455417 50.176745 -0.729648 0.491640 -0.869568 0.023126 0.040091
1733228560.458661794662476 20.441350 50.111847 -0.724982 0.494431 -0.867457 0.033986 0.043592
1733228560.558660507202148 20.401738 50.080607 -0.749738 0.500140 -0.864246 0.033748 0.042427
1733228560.658659219741821 20.370744 49.990674 -0.733559 0.503307 -0.862566 0.033754 0.039025
1733228560.758657932281494 20.355970 49.932499 -0.728972 0.504707 -0.861990 0.031340 0.035516
1733228560.858656883239746 20.303623 49.872765 -0.735770 0.501878 -0.863593 0.027771 0.039434
1733228560.958655357360840 20.292186 49.811897 -0.722237 0.499283 -0.865181 0.027734 0.037530
1733228561.058654069900513 20.246056 49.732063 -0.710182 0.500149 -0.864435 0.034310 0.037764
1733228561.158652782440186 20.226248 49.670633 -0.743972 0.507329 -0.860097 0.034714 0.040562
1733228561.258651494979858 20.199982 49.613754 -0.722104 0.516858 -0.854476 0.034680 0.039055
1733228561.358650207519531 20.187130 49.546160 -0.704586 0.528191 -0.847669 0.033046 0.037137
1733228561.458648920059204 20.199387 49.510940 -0.724382 0.533095 -0.844467 0.030546 0.041863
1733228561.558647632598877 20.165962 49.440484 -0.718446 0.537028 -0.841969 0.029177 0.042878
1733228561.658646345138550 20.172328 49.403158 -0.701167 0.537719 -0.841658 0.029812 0.039775
1733228561.758645057678223 20.168553 49.346723 -0.700364 0.541528 -0.838874 0.035515 0.042140
1733228561.858643770217896 20.128010 49.300834 -0.705017 0.547801 -0.834773 0.037682 0.040591
1733228561.958642482757568 20.099514 49.235361 -0.698429 0.552558 -0.831858 0.036104 0.037257
1733228562.058641195297241 20.071705 49.136829 -0.710615 0.555542 -0.830018 0.033790 0.036065
1733228562.158639907836914 20.044280 49.076528 -0.693233 0.552903 -0.831809 0.030224 0.038456
1733228562.258638858795166 20.005427 49.000134 -0.698390 0.551052 -0.833163 0.028617 0.036897
1733228562.358637332916260 19.992425 48.907485 -0.694351 0.550460 -0.833557 0.031362 0.034543
1733228562.458636045455933 19.943407 48.845190 -0.716168 0.556991 -0.828987 0.033652 0.037525
1733228562.558634757995605 19.961777 48.778486 -0.691616 0.561635 -0.825971 0.033476 0.034910
1733228562.658633470535278 19.958013 48.723973 -0.703285 0.566944 -0.822525 0.031352 0.032327
1733228562.758632183074951 19.966594 48.664238 -0.710536 0.568702 -0.821267 0.029575 0.034996
1733228562.858631372451782 19.988105 48.643838 -0.704962 0.567061 -0.822331 0.024402 0.040228
1733228562.958630084991455 19.999309 48.591408 -0.693440 0.565979 -0.823228 0.022081 0.038409
1733228563.058628797531128 19.975988 48.490563 -0.691016 0.568048 -0.821632 0.027428 0.038595
1733228563.158627510070801 19.991891 48.432169 -0.713583 0.573562 -0.817771 0.029672 0.037366
1733228563.258626222610474 20.017852 48.435717 -0.701908 0.577728 -0.814961 0.029967 0.034217
1733228563.358627080917358 20.039908 48.370765 -0.703044 0.581155 -0.812647 0.026533 0.034066
1733228563.458625793457031 20.072864 48.366590 -0.707835 0.579106 -0.814017 0.026245 0.036371
1733228563.558624505996704 20.104378 48.350984 -0.699116 0.577019 -0.815561 0.025707 0.035330
1733228563.658623456954956 20.121878 48.316956 -0.688912 0.576392 -0.816086 0.025512 0.033552
1733228563.758622169494629 20.127552 48.240750 -0.696984 0.581815 -0.812029 0.030018 0.034629
1733228563.858620882034302 20.128749 48.199454 -0.703196 0.587296 -0.808119 0.032009 0.031661
1733228563.958619594573975 20.141665 48.154754 -0.700293 0.591850 -0.804998 0.030276 0.027852
1733228564.058618307113647 20.152515 48.099838 -0.707599 0.593521 -0.803671 0.028122 0.032489
1733228564.158617019653320 20.152509 48.063507 -0.706429 0.591672 -0.805043 0.024492 0.035087
1733228564.258615970611572 20.127184 47.983736 -0.699863 0.590706 -0.805894 0.022791 0.032905
1733228564.358614683151245 20.090335 47.879175 -0.700459 0.592353 -0.804489 0.028651 0.033078
1733228564.458613395690918 20.069201 47.787240 -0.717295 0.597786 -0.800476 0.029425 0.032000
1733228564.558612108230591 20.022855 47.689159 -0.711430 0.601789 -0.797591 0.029810 0.028462
1733228564.658610582351685 19.994895 47.589270 -0.715763 0.604913 -0.795324 0.028371 0.027109
1733228564.758609294891357 19.945342 47.478348 -0.756270 0.602981 -0.796642 0.026960 0.032393
1733228564.858608245849609 19.953504 47.387178 -0.703091 0.599368 -0.799520 0.023233 0.031416
1733228564.958606719970703 19.915987 47.294700 -0.706064 0.596259 -0.801966 0.022481 0.028652
1733228565.058605432510376 19.859162 47.163240 -0.718907 0.598461 -0.800067 0.026496 0.032185
1733228565.158604145050049 19.853415 47.115434 -0.727588 0.601102 -0.798174 0.027786 0.028662
1733228565.258602857589722 19.823630 47.011768 -0.719413 0.600384 -0.798858 0.027100 0.025104
1733228565.358601570129395 19.797683 46.938964 -0.710373 0.596940 -0.801322 0.027376 0.028213
1733228565.458600282669067 19.763592 46.836770 -0.723067 0.587835 -0.807954 0.024845 0.032304
1733228565.558598995208740 19.740040 46.803521 -0.718962 0.579722 -0.813854 0.023384 0.031889
1733228565.658597707748413 19.676714 46.655078 -0.710116 0.570865 -0.820080 0.026322 0.029828
1733228565.758596420288086 19.655562 46.526110 -0.736323 0.564983 -0.823971 0.029426 0.031639
1733228565.858595371246338 19.589222 46.514982 -0.733211 0.559409 -0.827821 0.030660 0.028887
1733228565.958593845367432 19.542588 46.400716 -0.725563 0.551286 -0.833382 0.032109 0.022942
1733228566.058592557907104 19.466255 46.270001 -0.733301 0.539142 -0.841190 0.031882 0.026637
1733228566.158591270446777 19.341415 46.078504 -0.727398 0.522677 -0.851552 0.028493 0.029258
1733228566.258590221405029 19.237354 45.958181 -0.724573 0.506940 -0.861081 0.028087 0.027614
1733228566.358588933944702 19.180176 45.858523 -0.719492 0.493821 -0.868270 0.037282 0.029308
1733228566.458587646484375 19.140391 45.820583 -0.741997 0.491645 -0.869489 0.036042 0.031240
1733228566.558586359024048 19.023334 45.673067 -0.737194 0.495219 -0.867507 0.036685 0.029050
1733228566.658585309982300 18.973420 45.599599 -0.739675 0.499254 -0.865296 0.037976 0.023796
1733228566.758583545684814 18.867671 45.430202 -0.718088 0.498275 -0.865779 0.035565 0.029732
1733228566.858582735061646 18.866814 45.409508 -0.719082 0.496530 -0.866793 0.033765 0.031435
1733228566.958581447601318 18.822752 45.338142 -0.705400 0.495450 -0.867455 0.034110 0.029791
1733228567.058580160140991 18.784011 45.279613 -0.697983 0.498611 -0.865365 0.038127 0.032820
1733228567.158578872680664 18.751458 45.217152 -0.703996 0.503526 -0.862497 0.039160 0.032041
1733228567.258577585220337 18.724470 45.170700 -0.704389 0.508360 -0.859737 0.038954 0.030078
1733228567.358581542968750 18.685692 45.126643 -0.704619 0.512321 -0.857376 0.036013 0.033700
1733228567.458580255508423 18.633433 45.038754 -0.714892 0.509824 -0.858758 0.034055 0.038123
1733228567.558579206466675 18.589928 44.960577 -0.703936 0.507768 -0.860075 0.032041 0.037637
1733228567.658577919006348 18.513088 44.850155 -0.692799 0.506665 -0.860743 0.032115 0.037167
1733228567.758577108383179 18.475080 44.755567 -0.693183 0.511717 -0.857351 0.037104 0.041457
1733228567.858576059341431 18.427509 44.677922 -0.704362 0.516491 -0.854499 0.037589 0.040688
1733228567.958574771881104 18.408741 44.626920 -0.702192 0.521331 -0.851745 0.036083 0.037975
1733228568.058573722839355 18.382618 44.571503 -0.697995 0.524154 -0.849917 0.032924 0.042648
1733228568.158572435379028 18.380462 44.561801 -0.683127 0.522102 -0.851128 0.028380 0.046737
1733228568.258571386337280 18.351453 44.488045 -0.685843 0.520327 -0.852331 0.026689 0.045602
1733228568.358570098876953 18.302324 44.411073 -0.672680 0.520301 -0.852344 0.028952 0.044263
1733228568.458568811416626 18.273825 44.329181 -0.689061 0.525745 -0.848824 0.029611 0.047035
1733228568.558567523956299 18.263451 44.282664 -0.674835 0.530253 -0.846124 0.030008 0.044793
1733228568.658566474914551 18.241033 44.219316 -0.675593 0.535097 -0.843272 0.028977 0.041524
1733228568.758565425872803 18.205473 44.141559 -0.672781 0.536748 -0.842046 0.025939 0.046760
1733228568.858564138412476 18.166941 44.048750 -0.673861 0.534992 -0.843008 0.022062 0.051327
1733228568.958563089370728 18.113210 43.963393 -0.670491 0.534345 -0.843548 0.020800 0.049696
1733228569.058562040328979 18.095014 43.910171 -0.660748 0.535774 -0.842554 0.027151 0.048084
1733228569.158560991287231 18.105874 43.847870 -0.684074 0.541712 -0.838767 0.028326 0.047076
1733228569.258559703826904 18.154889 43.933200 -0.644365 0.546897 -0.835664 0.028662 0.041807
1733228569.358558654785156 18.171855 43.902390 -0.663636 0.550851 -0.833286 0.027881 0.037683
1733228569.458557367324829 18.172202 43.866619 -0.663182 0.551362 -0.832747 0.026630 0.042704
1733228569.558556318283081 18.182061 43.728326 -0.654336 0.549622 -0.833836 0.024912 0.044857
1733228569.658555269241333 18.192831 43.650797 -0.649998 0.547835 -0.835185 0.024827 0.041563
1733228569.758553981781006 18.183411 43.594334 -0.657225 0.550369 -0.833323 0.029210 0.042587
1733228569.858552694320679 18.157477 43.514487 -0.662745 0.555670 -0.829942 0.030829 0.038431
1733228569.958551406860352 18.140990 43.454743 -0.664618 0.559327 -0.827573 0.032063 0.035338
1733228570.058550357818604 18.104427 43.354415 -0.665676 0.563186 -0.825133 0.028038 0.034516
1733228570.158549308776855 18.091928 43.299442 -0.668345 0.560993 -0.826527 0.025334 0.038706
1733228570.258548021316528 18.002288 43.141937 -0.662307 0.558788 -0.828125 0.024058 0.037230
1733228570.358546972274780 17.964308 43.053815 -0.655897 0.557140 -0.829382 0.024304 0.033616
1733228570.458545684814453 17.948921 42.983628 -0.665863 0.561772 -0.826019 0.028005 0.036333
1733228570.558544635772705 17.907591 42.902843 -0.663308 0.567133 -0.822429 0.030022 0.032704
1733228570.658543586730957 17.850921 42.784160 -0.666573 0.570629 -0.820159 0.028950 0.029729
1733228570.758542537689209 17.769996 42.635883 -0.664423 0.572775 -0.818670 0.025304 0.032684
1733228570.858541488647461 17.671546 42.468379 -0.664391 0.568216 -0.821763 0.022113 0.036719
1733228570.958540201187134 17.561918 42.298352 -0.658612 0.563845 -0.824828 0.019688 0.036740
1733228571.058539152145386 17.502067 42.175238 -0.654691 0.557234 -0.829433 0.021025 0.032989
1733228571.158537864685059 17.434842 42.037267 -0.670850 0.557572 -0.829031 0.024750 0.034752
1733228571.258536815643311 17.395757 41.946541 -0.675791 0.556166 -0.830022 0.025509 0.033040
1733228571.358535528182983 17.411989 41.937546 -0.678951 0.552936 -0.832316 0.024606 0.030119
1733228571.458534240722656 17.361144 41.849695 -0.675317 0.541976 -0.839406 0.025121 0.032076
1733228571.558533191680908 17.332854 41.800492 -0.675735 0.523940 -0.850802 0.021609 0.033989
1733228571.658531904220581 17.304748 41.766145 -0.672940 0.506932 -0.861079 0.023109 0.032066
1733228571.758530616760254 17.237779 41.667160 -0.661646 0.490911 -0.870265 0.027347 0.029960
1733228571.858529806137085 17.169560 41.568489 -0.687211 0.484820 -0.873657 0.027402 0.030358
1733228571.958528518676758 17.117457 41.510094 -0.682814 0.478721 -0.877035 0.029732 0.027430
1733228572.058527231216431 17.054460 41.439222 -0.682330 0.472160 -0.880595 0.032096 0.024215
1733228572.158526420593262 17.010788 41.415421 -0.672795 0.461610 -0.886170 0.029566 0.027295
1733228572.258525371551514 16.996707 41.463681 -0.669148 0.447043 -0.893639 0.025947 0.029794
1733228572.358527183532715 16.953930 41.444003 -0.663691 0.432780 -0.900664 0.026551 0.028293
1733228572.458525896072388 16.851472 41.347232 -0.660688 0.421238 -0.905919 0.032197 0.028850
1733228572.558524608612061 16.786432 41.288090 -0.680128 0.418529 -0.906987 0.035057 0.031285
1733228572.658523559570312 16.715057 41.263488 -0.666320 0.414579 -0.908907 0.034747 0.028369
1733228572.758522510528564 16.654384 41.199932 -0.680792 0.411616 -0.910255 0.036702 0.025704
1733228572.858521461486816 16.583639 41.059647 -0.679253 0.405211 -0.913064 0.035308 0.029522
1733228572.958519935607910 16.549919 41.034639 -0.678407 0.392157 -0.918816 0.030510 0.032555
1733228573.058518886566162 16.483319 40.989979 -0.673787 0.381966 -0.923151 0.027706 0.033568
1733228573.158517599105835 16.421189 40.940622 -0.671335 0.374195 -0.926197 0.030906 0.034394
1733228573.258516550064087 16.359850 40.889795 -0.674511 0.379168 -0.923969 0.031868 0.038708
1733228573.358515262603760 16.309172 40.839144 -0.672042 0.383314 -0.922246 0.031818 0.038991
1733228573.458514213562012 16.254291 40.780214 -0.668291 0.389217 -0.919826 0.031071 0.038264
1733228573.558512926101685 16.200762 40.735529 -0.656971 0.393151 -0.918132 0.026582 0.041937
1733228573.658511877059937 16.151411 40.683655 -0.653406 0.391030 -0.918926 0.021646 0.046916
1733228573.758510589599609 16.092772 40.642602 -0.645876 0.390336 -0.919329 0.020398 0.045332
1733228573.858510017395020 16.093424 40.570517 -0.631637 0.390369 -0.919176 0.024893 0.045908
1733228573.958508729934692 16.126545 40.589885 -0.653160 0.397189 -0.916134 0.026354 0.047371
1733228574.058507442474365 16.095903 40.555665 -0.649055 0.401644 -0.914240 0.027162 0.045922
1733228574.158506393432617 16.066211 40.525838 -0.651391 0.406067 -0.912447 0.027241 0.042514
1733228574.258505105972290 16.024514 40.488409 -0.647447 0.408266 -0.911430 0.023302 0.045508
1733228574.358504056930542 15.971277 40.423746 -0.644911 0.408181 -0.911411 0.019771 0.048231
1733228574.458502769470215 15.930417 40.403547 -0.641169 0.411857 -0.909832 0.019604 0.046860
1733228574.558501482009888 15.871243 40.334930 -0.642887 0.417338 -0.907268 0.023870 0.046091
1733228574.658500432968140 15.758336 40.163726 -0.651822 0.428728 -0.901739 0.024868 0.049411
1733228574.758499145507812 15.710097 40.077247 -0.645598 0.441975 -0.895411 0.023757 0.048299
1733228574.858498096466064 15.654206 39.984638 -0.647432 0.457144 -0.887893 0.020795 0.047260
1733228574.958497047424316 15.617908 39.926036 -0.653852 0.470732 -0.880766 0.019859 0.047626
1733228575.058495759963989 15.558494 39.830978 -0.651978 0.476976 -0.877359 0.017181 0.049396
1733228575.158494710922241 15.515289 39.754037 -0.645281 0.485659 -0.872617 0.014699 0.049586
1733228575.258493661880493 15.475615 39.679396 -0.649194 0.495230 -0.867314 0.016116 0.047478
1733228575.358492612838745 15.447683 39.611086 -0.655251 0.508642 -0.859390 0.017640 0.049202
1733228575.458491325378418 15.409155 39.529655 -0.648064 0.523784 -0.850476 0.019610 0.044219
1733228575.558490276336670 15.415281 39.495699 -0.651198 0.537604 -0.841973 0.017829 0.041784
1733228575.658489227294922 15.404954 39.449287 -0.649461 0.545404 -0.837012 0.017523 0.040479
1733228575.758487939834595 15.358054 39.421860 -0.620063 0.546423 -0.836161 0.016701 0.044473
1733228575.858486652374268 15.323275 39.357155 -0.618509 0.547688 -0.835381 0.016308 0.043720
1733228575.958485364913940 15.317199 39.305615 -0.612282 0.551216 -0.832823 0.024178 0.044524
1733228576.058484315872192 15.305146 39.240640 -0.614236 0.558111 -0.828210 0.025703 0.043802
1733228576.158483266830444 15.282139 39.172560 -0.607305 0.564880 -0.823698 0.027664 0.040819
1733228576.258481979370117 15.277032 39.113829 -0.609940 0.570975 -0.819582 0.025139 0.040509
1733228576.358482360839844 15.260298 39.047965 -0.599644 0.571078 -0.819178 0.024823 0.046914
1733228576.458481311798096 15.204381 38.943144 -0.586606 0.570993 -0.819169 0.024542 0.048235
1733228576.558480024337769 15.179878 38.857099 -0.579958 0.570812 -0.819414 0.025833 0.045451
1733228576.658478975296021 15.174842 38.796735 -0.578862 0.576133 -0.815172 0.034746 0.048556
1733228576.758477687835693 15.162736 38.729206 -0.576802 0.583689 -0.809816 0.036858 0.046319
1733228576.858476400375366 15.119088 38.619481 -0.573961 0.591384 -0.804414 0.036459 0.043055
1733228576.958475351333618 15.090736 38.526075 -0.571396 0.597959 -0.799807 0.032579 0.041142
1733228577.058474063873291 15.093496 38.492622 -0.567463 0.597548 -0.800021 0.031920 0.043402
1733228577.158473014831543 15.098628 38.478032 -0.573822 0.597959 -0.799858 0.031116 0.041271
1733228577.258471727371216 15.084387 38.412379 -0.571998 0.599325 -0.798878 0.033568 0.038424
1733228577.358470678329468 15.038741 38.307020 -0.581236 0.606679 -0.793145 0.036066 0.039510
1733228577.458469390869141 15.004229 38.184245 -0.580645 0.611999 -0.789153 0.035210 0.038137
1733228577.558468341827393 14.920699 38.023999 -0.578023 0.619003 -0.783940 0.031841 0.035482
1733228577.658467292785645 14.840941 37.847728 -0.576219 0.622668 -0.781054 0.030203 0.036433
1733228577.758466243743896 14.810124 37.759721 -0.576752 0.621756 -0.781644 0.027718 0.041036
1733228577.858465194702148 14.817847 37.711463 -0.574329 0.621021 -0.782377 0.025360 0.039706
1733228577.958463907241821 14.810819 37.632918 -0.574783 0.622407 -0.781223 0.028335 0.038687
1733228578.058462858200073 14.785425 37.476475 -0.585727 0.628052 -0.776736 0.031176 0.035506
1733228578.158461570739746 14.656281 37.448322 -0.593501 0.632199 -0.773621 0.029157 0.031382
1733228578.258460283279419 14.677041 37.422513 -0.595687 0.635732 -0.770981 0.025986 0.027538
1733228578.358459234237671 14.639197 37.293802 -0.595610 0.634679 -0.771814 0.024803 0.029505
1733228578.458457946777344 14.554528 37.092689 -0.610687 0.632644 -0.773507 0.022896 0.030420
1733228578.558456897735596 14.475833 36.905083 -0.606631 0.631303 -0.774791 0.020909 0.026801
1733228578.658455610275269 14.497640 36.873781 -0.611315 0.634559 -0.771971 0.024024 0.028609
1733228578.758454561233521 14.509907 36.835301 -0.612657 0.638609 -0.768736 0.024281 0.025175
1733228578.858453512191772 14.493572 36.768068 -0.609677 0.640179 -0.767591 0.023367 0.020693
1733228578.958452224731445 14.502230 36.729476 -0.610606 0.637314 -0.769838 0.024104 0.024492
1733228579.058451414108276 14.501904 36.685053 -0.608576 0.628546 -0.776983 0.019270 0.029268
1733228579.158450126647949 14.503039 36.643341 -0.608757 0.617915 -0.785473 0.018072 0.029784
1733228579.258449077606201 14.501289 36.584589 -0.608612 0.608562 -0.792506 0.028033 0.028305
1733228579.358447790145874 14.479924 36.510373 -0.619294 0.603118 -0.796521 0.028345 0.031605
1733228579.458446741104126 14.453624 36.452111 -0.607550 0.596388 -0.801584 0.030487 0.029249
1733228579.558445453643799 14.426827 36.377976 -0.613550 0.594237 -0.803179 0.032413 0.027112
1733228579.658444404602051 14.412912 36.326623 -0.612801 0.589861 -0.806245 0.031477 0.032288
1733228579.758442878723145 14.373622 36.238987 -0.613539 0.586085 -0.808923 0.031414 0.034080
1733228579.858441829681396 14.370324 36.209139 -0.601472 0.584812 -0.809946 0.031212 0.031754
1733228579.958440780639648 14.315342 36.085806 -0.593129 0.586543 -0.808171 0.039844 0.035207
1733228580.058439731597900 14.292178 36.001059 -0.609201 0.592125 -0.804378 0.034263 0.034508
1733228580.158438444137573 14.229939 35.872233 -0.609331 0.598839 -0.799600 0.035756 0.027463
1733228580.258437156677246 14.237045 35.845995 -0.609780 0.603828 -0.796023 0.032541 0.026090
1733228580.358436107635498 14.250447 35.818170 -0.611702 0.603443 -0.796448 0.029660 0.025463
1733228580.458434820175171 14.254961 35.780454 -0.607143 0.602381 -0.797168 0.029745 0.027852
1733228580.558434009552002 14.233853 35.679124 -0.608095 0.602166 -0.797377 0.030130 0.026038
1733228580.658432960510254 14.191997 35.541063 -0.609608 0.604332 -0.795402 0.034571 0.030374
1733228580.758431673049927 14.154466 35.430881 -0.610362 0.604277 -0.795366 0.035450 0.031383
1733228580.858430624008179 14.166005 35.416508 -0.608024 0.603000 -0.796386 0.036556 0.028702
1733228580.958429574966431 14.172439 35.398384 -0.600068 0.601458 -0.797586 0.035099 0.029540
1733228581.058428287506104 14.141569 35.301458 -0.581010 0.594117 -0.803030 0.031000 0.034739
1733228581.158427000045776 14.099714 35.227975 -0.578100 0.588116 -0.807486 0.030059 0.034382
1733228581.258425712585449 14.056380 35.150978 -0.575067 0.580847 -0.812844 0.030922 0.030745
1733228581.358424663543701 14.034878 35.115659 -0.574723 0.576224 -0.815604 0.039279 0.034837
1733228581.458423376083374 14.002412 35.048979 -0.580469 0.572932 -0.818028 0.040023 0.031267
1733228581.558422327041626 13.971885 34.987018 -0.580303 0.570493 -0.819789 0.041046 0.028269
1733228581.658421039581299 13.922058 34.881005 -0.577875 0.567881 -0.821739 0.040156 0.025357
1733228581.758419990539551 13.864735 34.775676 -0.575937 0.560395 -0.826652 0.039534 0.032274
1733228581.858418941497803 13.795245 34.649914 -0.571011 0.550550 -0.833366 0.034002 0.035206
1733228581.958417654037476 13.759628 34.590673 -0.567819 0.542046 -0.839064 0.034052 0.031580
1733228582.058416843414307 13.712610 34.499605 -0.574688 0.536573 -0.842347 0.039056 0.031883
1733228582.158415555953979 13.683747 34.448909 -0.582628 0.534466 -0.843719 0.039828 0.029963
1733228582.258414506912231 13.651317 34.393317 -0.588559 0.530769 -0.846234 0.038422 0.026374
1733228582.358413457870483 13.627234 34.359145 -0.592810 0.526501 -0.849062 0.037863 0.021385
1733228582.458412170410156 13.578354 34.287274 -0.596025 0.517162 -0.854967 0.033673 0.021016
1733228582.558410882949829 13.538662 34.239583 -0.589167 0.507439 -0.860904 0.030863 0.019938
1733228582.658409595489502 13.515808 34.192919 -0.594686 0.500372 -0.865006 0.032736 0.017901
1733228582.758408546447754 13.446405 34.043408 -0.598169 0.497116 -0.866691 0.035372 0.021729
1733228582.858407497406006 13.353104 33.884091 -0.602661 0.495283 -0.867908 0.033670 0.017213
1733228582.958406209945679 13.329670 33.879881 -0.602782 0.492534 -0.869530 0.033373 0.014640
1733228583.058404922485352 13.232981 33.690760 -0.602700 0.489989 -0.870993 0.032966 0.013975
1733228583.158403873443604 13.179378 33.606527 -0.604653 0.484998 -0.873794 0.029098 0.020347
1733228583.258402824401855 13.117670 33.496600 -0.590844 0.481904 -0.875561 0.027032 0.020756
1733228583.358401536941528 13.073853 33.439975 -0.590760 0.480496 -0.876304 0.027779 0.021063
1733228583.458400726318359 13.051411 33.406321 -0.595879 0.484671 -0.873829 0.030301 0.024485
1733228583.558399438858032 13.032631 33.406622 -0.593669 0.484922 -0.873750 0.029180 0.023645
1733228583.658398389816284 13.005857 33.341309 -0.604691 0.483318 -0.874701 0.029820 0.020306
1733228583.758397102355957 12.981748 33.328637 -0.595125 0.475244 -0.878890 0.030675 0.027472
1733228583.858396053314209 12.942280 33.281989 -0.587248 0.460806 -0.886545 0.026881 0.031214
1733228583.958395004272461 12.843231 33.164165 -0.578619 0.450588 -0.891851 0.026847 0.029163
1733228584.058393716812134 12.763124 33.066817 -0.571555 0.442892 -0.895067 0.039789 0.033457
1733228584.158392429351807 12.707369 32.995847 -0.586202 0.441168 -0.895778 0.038439 0.038411
1733228584.258391141891479 12.660997 32.951978 -0.571857 0.443041 -0.894812 0.040411 0.037319
1733228584.358390092849731 12.629873 32.917651 -0.571488 0.443992 -0.894328 0.044039 0.033312
1733228584.458389043807983 12.548036 32.790668 -0.575641 0.442646 -0.894902 0.041304 0.038833
1733228584.558387756347656 12.486462 32.701821 -0.568443 0.440753 -0.896027 0.038396 0.037383
1733228584.658386707305908 12.421715 32.614790 -0.565293 0.439191 -0.896972 0.036964 0.034425
1733228584.758385419845581 12.348540 32.495004 -0.577895 0.442440 -0.895303 0.039060 0.033979
1733228584.858384609222412 12.330923 32.483017 -0.584476 0.448263 -0.892499 0.039322 0.030973
1733228584.958383560180664 12.290352 32.423536 -0.585033 0.452408 -0.890629 0.036639 0.027644
1733228585.058382272720337 12.244953 32.334380 -0.592473 0.456029 -0.888964 0.034739 0.023934
1733228585.158381223678589 12.195761 32.272356 -0.584581 0.453759 -0.890360 0.027962 0.024099
1733228585.258379936218262 12.132537 32.155576 -0.583383 0.451857 -0.891414 0.026467 0.022487
1733228585.358378887176514 11.996557 31.927894 -0.573681 0.452780 -0.890943 0.028387 0.020105
1733228585.458377599716187 11.948293 31.824547 -0.598721 0.460956 -0.886671 0.030673 0.019829
1733228585.558376312255859 11.901885 31.766318 -0.597018 0.468715 -0.882664 0.030714 0.016359
1733228585.658375024795532 11.853993 31.689477 -0.604061 0.476914 -0.878339 0.029974 0.013212
1733228585.758373975753784 11.807475 31.608153 -0.606692 0.479817 -0.876726 0.024584 0.022865
1733228585.858372926712036 11.783825 31.569419 -0.602852 0.482127 -0.875521 0.021697 0.023351
1733228585.958371639251709 11.751676 31.517575 -0.601902 0.486221 -0.873297 0.020988 0.022378
1733228586.058370590209961 11.731066 31.481243 -0.610975 0.495340 -0.867958 0.024262 0.026436
1733228586.158369541168213 11.716164 31.450152 -0.618438 0.507983 -0.860679 0.024052 0.024647
1733228586.258368253707886 11.699668 31.438836 -0.623857 0.520235 -0.853445 0.022470 0.021962
1733228586.358366966247559 11.668376 31.394864 -0.614953 0.531259 -0.846590 0.020937 0.024727
1733228586.458366155624390 11.615132 31.293107 -0.625588 0.535927 -0.843588 0.022265 0.025397
1733228586.558364868164062 11.566848 31.188863 -0.625215 0.540343 -0.840856 0.020854 0.023564
1733228586.658363819122314 11.528222 31.174912 -0.618649 0.545641 -0.837381 0.022925 0.023305
1733228586.758362770080566 11.518081 31.080175 -0.644827 0.550941 -0.833634 0.028533 0.026518
1733228586.858361482620239 11.501217 31.049947 -0.638185 0.554533 -0.831301 0.028739 0.024611
1733228586.958360433578491 11.464548 30.978130 -0.642707 0.558395 -0.828828 0.028208 0.021041
1733228587.058359146118164 11.424974 30.898442 -0.641321 0.559883 -0.827884 0.023421 0.024315
1733228587.158357858657837 11.384822 30.800898 -0.647702 0.556393 -0.830263 0.017399 0.028071
1733228587.258356809616089 11.351777 30.754823 -0.581449 0.555497 -0.830937 0.017459 0.025726
1733228587.358355522155762 11.330706 30.694661 -0.581280 0.554816 -0.831338 0.020401 0.025292
1733228587.458354473114014 11.338677 30.661823 -0.602552 0.560940 -0.827128 0.023011 0.026023
1733228587.558353185653687 11.330838 30.639201 -0.595362 0.565954 -0.823795 0.022596 0.023379
1733228587.658352136611938 11.313462 30.579218 -0.599969 0.570595 -0.820700 0.022206 0.019485
1733228587.758350849151611 11.274657 30.480875 -0.599439 0.571328 -0.820120 0.020983 0.023372
1733228587.858350038528442 11.255451 30.402510 -0.598683 0.569359 -0.821434 0.017880 0.027521
1733228587.958348989486694 11.223746 30.344114 -0.602226 0.569035 -0.821689 0.018057 0.026477
1733228588.058347702026367 11.201928 30.281466 -0.590613 0.570413 -0.820445 0.027510 0.027239
1733228588.158346652984619 11.182258 30.176217 -0.615507 0.575079 -0.816935 0.030714 0.030948
1733228588.258345365524292 11.161087 30.161268 -0.583548 0.578797 -0.814389 0.029564 0.029837
1733228588.358344316482544 11.132152 30.075554 -0.591389 0.582534 -0.811788 0.031579 0.025632
1733228588.458343029022217 11.105228 29.996912 -0.585939 0.582144 -0.811746 0.029319 0.036277
1733228588.558341741561890 11.081858 29.930949 -0.582170 0.580548 -0.812808 0.027596 0.039301
1733228588.658340454101562 11.044509 29.854723 -0.576166 0.579033 -0.813978 0.027579 0.037418
1733228588.758339405059814 11.017155 29.766935 -0.573665 0.579322 -0.813640 0.031929 0.036823
1733228588.858338356018066 10.989135 29.667902 -0.593140 0.585242 -0.809192 0.035979 0.037485
1733228588.958337306976318 10.955532 29.592410 -0.584579 0.589973 -0.805839 0.036353 0.035126
1733228589.058336019515991 10.928132 29.469898 -0.599498 0.594393 -0.802747 0.035734 0.031896
1733228589.158334732055664 10.881653 29.379126 -0.595850 0.595770 -0.801910 0.032848 0.030305
1733228589.258333921432495 10.854897 29.302412 -0.593039 0.593451 -0.803685 0.029960 0.031759
1733228589.358332872390747 10.825523 29.253287 -0.591797 0.591635 -0.805152 0.030038 0.028235
1733228589.458331584930420 10.789289 29.176720 -0.585673 0.592236 -0.804380 0.037594 0.028557
1733228589.558330535888672 10.767543 29.125751 -0.593689 0.597731 -0.800155 0.040893 0.028246
1733228589.658329248428345 10.742620 29.056364 -0.593458 0.601976 -0.796924 0.043492 0.025422
1733228589.758328199386597 10.713398 28.977751 -0.588329 0.606550 -0.793609 0.038102 0.028813
1733228589.858326911926270 10.656623 28.933171 -0.573687 0.603775 -0.795797 0.031016 0.034646
1733228589.958325624465942 10.575713 28.664426 -0.606069 0.600954 -0.798029 0.033158 0.030076
1733228590.058324575424194 10.498122 28.483879 -0.602193 0.599558 -0.799110 0.033009 0.029381
1733228590.158323287963867 10.462912 28.387354 -0.602973 0.603529 -0.795546 0.040997 0.034341
1733228590.258322238922119 10.470519 28.375208 -0.600431 0.606610 -0.793182 0.040656 0.035130
1733228590.358320951461792 10.480206 28.340061 -0.575500 0.609714 -0.790964 0.039590 0.032503
1733228590.458319902420044 10.496919 28.318670 -0.580567 0.613758 -0.787816 0.040043 0.032306
1733228590.558318614959717 10.479405 28.230134 -0.571434 0.612522 -0.788763 0.036073 0.036982
1733228590.658317565917969 10.471370 28.170535 -0.566139 0.612395 -0.788907 0.033025 0.038840
1733228590.758316755294800 10.449080 28.083580 -0.557953 0.612929 -0.788659 0.032483 0.035769
1733228590.858315467834473 10.444900 27.986078 -0.573381 0.618778 -0.784047 0.029674 0.038777
1733228590.958314418792725 10.427441 27.932895 -0.569737 0.626289 -0.778342 0.029650 0.032658
1733228591.058313369750977 10.422795 27.863324 -0.570992 0.629265 -0.775945 0.029650 0.032497
1733228591.158312082290649 10.419319 27.828868 -0.568087 0.626587 -0.778224 0.030620 0.028611
1733228591.258311033248901 10.439952 27.825405 -0.553540 0.624303 -0.780098 0.029459 0.028714
1733228591.358309745788574 10.434131 27.764684 -0.546802 0.624334 -0.780035 0.031206 0.027909
1733228591.458308219909668 10.424426 27.678652 -0.564392 0.626991 -0.777615 0.032940 0.033341
1733228591.558307170867920 10.421594 27.639488 -0.560087 0.630908 -0.774556 0.033157 0.030318
1733228591.658306121826172 10.409960 27.577642 -0.561559 0.635354 -0.770962 0.034440 0.027505
1733228591.758304834365845 10.397713 27.450966 -0.579971 0.636629 -0.769699 0.040074 0.025727
1733228591.858303785324097 10.331869 27.332450 -0.546752 0.632926 -0.772865 0.033010 0.031560
1733228591.958302736282349 10.296752 27.221167 -0.549936 0.628592 -0.776537 0.031039 0.029993
1733228592.058301448822021 10.266997 27.131863 -0.547885 0.627030 -0.777350 0.039763 0.031287
1733228592.158300638198853 10.288793 27.111539 -0.557797 0.632358 -0.772804 0.043019 0.032339
1733228592.258299350738525 10.325100 27.131862 -0.552286 0.635191 -0.770571 0.042861 0.030265
1733228592.358298301696777 10.328881 27.084927 -0.545712 0.638366 -0.768167 0.040399 0.027865
1733228592.458297014236450 10.306743 27.005335 -0.541263 0.633562 -0.772067 0.040068 0.030096
1733228592.558295965194702 10.292299 26.945326 -0.524602 0.622879 -0.780783 0.036589 0.032574
1733228592.658294677734375 10.269542 26.863998 -0.525372 0.613121 -0.788611 0.036110 0.029511
1733228592.758293628692627 10.270112 26.811031 -0.530527 0.612103 -0.789126 0.037439 0.034764
1733228592.858292341232300 10.256217 26.757059 -0.538052 0.611806 -0.789428 0.037805 0.032671
1733228592.958291053771973 10.231649 26.683753 -0.541374 0.607536 -0.792963 0.036526 0.027848
1733228593.058290004730225 10.186397 26.587827 -0.538784 0.596826 -0.800977 0.036846 0.029627
1733228593.158288717269897 10.167211 26.546867 -0.534316 0.583677 -0.810706 0.034285 0.030015
1733228593.258287668228149 10.140479 26.503350 -0.531785 0.570146 -0.820388 0.034698 0.026342
1733228593.358286619186401 10.109536 26.449113 -0.533185 0.559024 -0.827807 0.038650 0.027106
1733228593.458285331726074 10.094131 26.424707 -0.552345 0.552128 -0.832483 0.038370 0.025573
1733228593.558284282684326 10.084343 26.419116 -0.548515 0.545157 -0.837205 0.037769 0.021588
1733228593.658283233642578 10.041392 26.350583 -0.549459 0.539276 -0.841067 0.037704 0.019136
1733228593.758282184600830 10.006808 26.300060 -0.548473 0.534950 -0.843868 0.034919 0.022249
1733228593.858281135559082 9.983582 26.251920 -0.543208 0.533669 -0.844806 0.031787 0.022132
1733228593.958279848098755 9.948000 26.185238 -0.537257 0.532739 -0.845402 0.031770 0.021808
1733228594.058278799057007 9.906124 26.083357 -0.550439 0.537907 -0.841925 0.034205 0.025487
1733228594.158277511596680 9.858357 25.974499 -0.552802 0.543533 -0.838428 0.032769 0.023140
1733228594.258276462554932 9.824972 25.879469 -0.559580 0.549593 -0.834651 0.029290 0.021133
1733228594.358274936676025 9.793654 25.801089 -0.555176 0.553348 -0.832068 0.027436 0.026769
1733228594.458273887634277 9.778701 25.758717 -0.552600 0.552026 -0.832873 0.025037 0.031042
1733228594.558272600173950 9.746407 25.679681 -0.545682 0.553079 -0.832267 0.023131 0.029993
1733228594.658271551132202 9.710686 25.589674 -0.551729 0.555474 -0.830287 0.028949 0.035138
1733228594.758270263671875 9.738159 25.611223 -0.555624 0.560784 -0.826782 0.026998 0.034970
1733228594.858269214630127 9.701106 25.511947 -0.558719 0.566317 -0.823134 0.027600 0.031200
1733228594.958268165588379 9.668370 25.421193 -0.557708 0.569480 -0.820928 0.029379 0.030109
1733228595.058266878128052 9.631316 25.324583 -0.554203 0.565462 -0.823708 0.027206 0.031909
1733228595.158266067504883 9.610104 25.257965 -0.547585 0.563097 -0.825484 0.022232 0.031691
1733228595.258264780044556 9.583659 25.178329 -0.544283 0.563402 -0.825142 0.025021 0.033045
1733228595.358263731002808 9.528063 25.011947 -0.557440 0.568576 -0.821809 0.014451 0.033795
1733228595.458262681961060 9.519450 24.963492 -0.560800 0.572149 -0.819457 0.014535 0.030406
1733228595.558261394500732 9.494825 24.886602 -0.559952 0.571345 -0.819894 0.012721 0.034291
1733228595.658260345458984 9.473313 24.831826 -0.562416 0.562217 -0.825992 0.013041 0.038468
1733228595.758259057998657 9.448296 24.758735 -0.559099 0.553122 -0.832182 0.012563 0.037026
1733228595.858257770538330 9.428952 24.691208 -0.564871 0.548623 -0.835143 0.014067 0.036763
1733228595.958256721496582 9.407417 24.619648 -0.568430 0.549687 -0.834486 0.012599 0.036307
1733228596.058255434036255 9.374773 24.551178 -0.569380 0.546867 -0.836482 0.014350 0.032072
1733228596.158254384994507 9.341933 24.489558 -0.559670 0.538771 -0.841428 0.014234 0.039017
1733228596.258253097534180 9.313288 24.451609 -0.556312 0.529621 -0.847165 0.012647 0.040658
1733228596.358252048492432 9.281921 24.376904 -0.544588 0.519454 -0.853534 0.012514 0.038617
1733228596.458250761032104 9.238861 24.307714 -0.550552 0.510946 -0.858501 0.020394 0.038659
1733228596.558249950408936 9.223362 24.294485 -0.552105 0.508540 -0.860055 0.020446 0.035694
1733228596.658248662948608 9.193740 24.262636 -0.551049 0.505751 -0.861739 0.025737 0.030954
1733228596.758247613906860 9.157269 24.225019 -0.545012 0.501943 -0.864064 0.021006 0.031716
1733228596.858246564865112 9.126650 24.193193 -0.535446 0.493315 -0.868924 0.018932 0.035410
1733228596.958245277404785 9.086926 24.133024 -0.529193 0.485593 -0.873243 0.021851 0.034187
1733228597.058244228363037 9.059578 24.090749 -0.534631 0.481940 -0.875239 0.022937 0.034113
1733228597.158242940902710 9.044649 24.069726 -0.539145 0.483249 -0.874532 0.022831 0.033794
1733228597.258241653442383 9.017790 24.053902 -0.540709 0.484756 -0.873774 0.025847 0.029385
1733228597.358240365982056 8.978368 23.990936 -0.536761 0.483644 -0.874305 0.024150 0.033121
1733228597.458239316940308 8.924520 23.896325 -0.530282 0.479897 -0.876331 0.023985 0.034175
1733228597.558238029479980 8.869208 23.797998 -0.521008 0.478688 -0.876997 0.024150 0.033922
1733228597.658236980438232 8.829177 23.723272 -0.522298 0.479200 -0.876761 0.022311 0.034050
1733228597.758235931396484 8.799032 23.665220 -0.525538 0.485547 -0.873383 0.019878 0.032417
1733228597.858234643936157 8.767028 23.612430 -0.526331 0.491503 -0.870123 0.020532 0.029811
1733228597.958233594894409 8.638630 23.373565 -0.525035 0.493986 -0.868744 0.020312 0.029141
1733228598.058232784271240 8.579268 23.283311 -0.521391 0.488803 -0.871745 0.016676 0.029215
1733228598.158231496810913 8.523211 23.203856 -0.517123 0.486669 -0.873030 0.015766 0.026882
1733228598.258230447769165 8.464749 23.125439 -0.519330 0.486469 -0.873012 0.018467 0.029253
1733228598.358229160308838 8.415980 23.035545 -0.524238 0.490183 -0.870955 0.015733 0.030167
1733228598.458228111267090 8.358407 22.957911 -0.535464 0.494154 -0.868781 0.016618 0.027472
1733228598.558226823806763 8.319593 22.888441 -0.531901 0.496051 -0.867716 0.016751 0.026870
1733228598.658225774765015 8.276458 22.824435 -0.521868 0.492587 -0.869650 0.014907 0.029064
1733228598.758224248886108 8.239389 22.773769 -0.511232 0.491000 -0.870606 0.012374 0.028488
1733228598.858223199844360 8.203384 22.718831 -0.514965 0.491703 -0.870249 0.010832 0.027884
1733228598.958222150802612 8.156153 22.614331 -0.539933 0.500186 -0.865383 0.010266 0.028633
1733228599.058220863342285 8.131216 22.570675 -0.547297 0.508784 -0.860550 0.009439 0.022443
1733228599.158219814300537 8.090040 22.490314 -0.549851 0.512980 -0.857980 0.010003 0.024933
1733228599.258218526840210 8.054794 22.444753 -0.552356 0.508607 -0.860575 0.008914 0.025479
1733228599.358217477798462 8.037282 22.415457 -0.542991 0.505306 -0.862613 0.009518 0.021760
1733228599.458216667175293 8.002154 22.342406 -0.546896 0.509945 -0.859743 0.012282 0.025459
1733228599.558215379714966 7.978089 22.305945 -0.560235 0.515825 -0.856123 0.015235 0.027334
1733228599.658214092254639 7.937391 22.254259 -0.560352 0.518802 -0.854429 0.015759 0.023388
1733228599.758213043212891 7.882423 22.185847 -0.562190 0.514862 -0.856696 0.020085 0.024195
1733228599.858211994171143 7.833296 22.112850 -0.557356 0.509283 -0.860033 0.018852 0.024871
1733228599.958210945129395 7.789798 22.063410 -0.553798 0.506255 -0.861812 0.021950 0.022469
1733228600.058209657669067 7.752340 21.998646 -0.568615 0.513059 -0.857503 0.026365 0.027625
1733228600.158208370208740 7.734639 21.980023 -0.581759 0.522388 -0.852123 0.023587 0.020994
1733228600.258207082748413 7.685289 21.878266 -0.585210 0.528891 -0.848179 0.021181 0.020466
1733228600.358206033706665 7.646228 21.819628 -0.587658 0.527963 -0.848697 0.021870 0.022136
1733228600.458204746246338 7.634632 21.784705 -0.580106 0.525017 -0.850490 0.022574 0.022650
1733228600.558203697204590 7.612420 21.732309 -0.572790 0.524813 -0.850368 0.030366 0.022891
1733228600.658202409744263 7.578664 21.643822 -0.577208 0.531702 -0.845859 0.030404 0.029851
1733228600.758201360702515 7.554607 21.577942 -0.574847 0.538651 -0.841493 0.030401 0.028647
1733228600.858200311660767 7.528155 21.514707 -0.567614 0.545052 -0.837282 0.030420 0.030857
1733228600.958199262619019 7.480227 21.410311 -0.560819 0.543121 -0.838530 0.026430 0.034475
1733228601.058198213577271 7.444571 21.327487 -0.548952 0.542305 -0.839109 0.024115 0.034921
1733228601.158196926116943 7.303259 21.022082 -0.543594 0.541275 -0.839861 0.024219 0.032673
1733228601.258195877075195 7.272291 20.974111 -0.542816 0.543165 -0.837813 0.038634 0.039355
1733228601.358194589614868 7.223786 20.885892 -0.548174 0.544046 -0.837493 0.036735 0.035632
1733228601.458193540573120 7.199684 20.863432 -0.549765 0.540950 -0.839642 0.036362 0.032423
1733228601.558192253112793 7.147518 20.785424 -0.548132 0.527051 -0.848456 0.031173 0.036981
1733228601.658190965652466 7.104482 20.727079 -0.544945 0.509757 -0.859003 0.028855 0.037818
1733228601.758189916610718 7.045463 20.651849 -0.548932 0.494507 -0.867736 0.034604 0.036060
1733228601.858188629150391 6.981434 20.529880 -0.572184 0.486416 -0.872903 0.017239 0.033816
1733228601.958187580108643 6.874935 20.316368 -0.578328 0.480474 -0.876557 0.011272 0.025817
1733228602.058186531066895 6.845624 20.274135 -0.587987 0.472423 -0.881015 0.014111 0.020734
1733228602.158185243606567 6.797029 20.217241 -0.587865 0.457956 -0.888520 0.012553 0.025532
1733228602.258184194564819 6.746497 20.155577 -0.572987 0.438341 -0.898438 0.009996 0.023795
1733228602.358177423477173 6.705041 20.137196 -0.573288 0.420502 -0.906896 0.012822 0.023525
1733228602.458175659179688 6.680068 20.140474 -0.570967 0.408262 -0.912370 0.016424 0.025165
1733228602.558174133300781 6.653689 20.127868 -0.572655 0.402543 -0.914782 0.017685 0.028649
1733228602.658172369003296 6.591624 20.172282 -0.561681 0.396950 -0.917188 0.019707 0.028437
1733228602.758170843124390 6.510897 20.067485 -0.606418 0.391664 -0.919545 0.018920 0.026066
1733228602.858168840408325 6.464276 20.044398 -0.595106 0.380633 -0.924127 0.021079 0.025747
1733228602.958167314529419 6.431044 20.042588 -0.585257 0.367372 -0.929478 0.018842 0.027431
1733228603.058165550231934 6.402221 20.048997 -0.582566 0.354111 -0.934580 0.020741 0.027102
1733228603.158164024353027 6.362613 20.025387 -0.583072 0.343194 -0.938448 0.022359 0.032155
1733228603.258162260055542 6.318312 19.991564 -0.592332 0.336287 -0.941046 0.020504 0.030374
1733228603.358160495758057 6.283090 19.967754 -0.589712 0.327796 -0.944163 0.020470 0.026220
1733228603.458158969879150 6.229548 19.919253 -0.599374 0.318934 -0.947201 0.022269 0.024392
1733228603.558157444000244 6.190968 19.893052 -0.594611 0.307352 -0.950900 0.022163 0.028855
1733228603.658155679702759 6.142464 19.886803 -0.600714 0.288279 -0.956895 0.018253 0.030231
1733228603.758154153823853 6.096971 19.870151 -0.593436 0.271449 -0.961859 0.017234 0.029093
1733228603.858152627944946 6.037776 19.850859 -0.599067 0.256276 -0.965801 0.019597 0.034158
1733228603.958150863647461 5.994464 19.832141 -0.610996 0.246590 -0.968475 0.016676 0.031156
1733228604.058148860931396 5.940301 19.807156 -0.612224 0.238886 -0.970499 0.018674 0.026786
1733228604.158147335052490 5.889564 19.796800 -0.619808 0.231719 -0.972254 0.022083 0.023271
1733228604.258145570755005 5.828611 19.761162 -0.611252 0.226016 -0.973473 0.017907 0.030774
1733228604.358144044876099 5.749300 19.682394 -0.613735 0.221906 -0.974378 0.015729 0.033126
1733228604.458142280578613 5.688464 19.642000 -0.604020 0.222604 -0.974187 0.015683 0.034072
1733228604.558140516281128 5.617737 19.601226 -0.602694 0.226574 -0.973063 0.017136 0.038980
1733228604.658138990402222 5.546223 19.575376 -0.607757 0.234361 -0.971304 0.018794 0.035907
1733228604.758137464523315 5.461087 19.509954 -0.604918 0.239253 -0.970311 0.017509 0.030774
1733228604.858135938644409 5.326469 19.367970 -0.617520 0.237302 -0.970996 0.012518 0.026412
1733228604.958134174346924 5.274402 19.358081 -0.615275 0.235934 -0.971402 0.010556 0.024550
1733228605.058132648468018 5.186558 19.293005 -0.611707 0.236802 -0.971249 0.010604 0.022094
1733228605.158130884170532 5.123193 19.268190 -0.637008 0.247239 -0.968453 0.012645 0.028500
1733228605.258129358291626 5.090991 19.262756 -0.631716 0.260108 -0.965164 0.012935 0.025198
1733228605.358136415481567 5.055301 19.252446 -0.632961 0.273534 -0.961526 0.014193 0.021099
1733228605.458134651184082 5.010406 19.234438 -0.637292 0.281989 -0.959039 0.011795 0.024213
1733228605.558133363723755 4.966267 19.183428 -0.634712 0.289991 -0.956688 0.008704 0.024049
1733228605.658131599426270 4.918554 19.147466 -0.636271 0.299828 -0.953680 0.008026 0.023099
1733228605.758129835128784 4.872781 19.083686 -0.635254 0.314384 -0.948769 0.012249 0.029146
1733228605.858128309249878 4.809282 19.016004 -0.579740 0.333477 -0.942232 0.013751 0.028318
1733228605.958126783370972 4.770290 18.960401 -0.579670 0.353472 -0.934983 0.013066 0.026342
1733228606.058125019073486 4.711287 18.875349 -0.585611 0.370506 -0.928248 0.013885 0.029785
1733228606.158123016357422 4.681496 18.829780 -0.583843 0.381837 -0.923677 0.012629 0.029356
1733228606.258121490478516 4.663428 18.790613 -0.570460 0.394332 -0.918453 0.011454 0.028555
1733228606.358119726181030 4.615088 18.726705 -0.569664 0.408647 -0.911836 0.015057 0.036541
1733228606.458117961883545 4.592684 18.671592 -0.585663 0.427309 -0.903319 0.014829 0.034679
1733228606.558116436004639 4.559790 18.644634 -0.583646 0.446104 -0.894341 0.014933 0.030379
1733228606.658114671707153 4.559764 18.601290 -0.594744 0.460791 -0.886785 0.012571 0.033544
1733228606.758113145828247 4.507686 18.547234 -0.594796 0.468645 -0.882702 0.014401 0.031641
1733228606.858111619949341 4.477355 18.484620 -0.582943 0.477457 -0.877979 0.011843 0.032354
1733228606.958110094070435 4.438759 18.432179 -0.579071 0.485113 -0.873807 0.012117 0.031297
1733228607.058108329772949 4.405692 18.345728 -0.588962 0.496594 -0.866965 0.020746 0.036540
1733228607.158106803894043 4.368050 18.283707 -0.585711 0.508491 -0.860096 0.022764 0.033972
1733228607.258105039596558 4.349904 18.216255 -0.584807 0.520783 -0.852837 0.020400 0.032220
1733228607.358103036880493 4.320093 18.159936 -0.575377 0.531070 -0.846425 0.018705 0.034359
1733228607.458101511001587 4.279108 18.060680 -0.583135 0.531809 -0.845743 0.015563 0.040701
1733228607.558099746704102 4.355535 18.008495 -0.555581 0.533544 -0.844787 0.011640 0.039108
1733228607.658097982406616 4.243709 17.909997 -0.564606 0.537746 -0.842205 0.014361 0.036249
1733228607.758096456527710 4.218965 17.798810 -0.612856 0.545602 -0.837027 0.019044 0.036621
1733228607.858094930648804 4.190838 17.753139 -0.567402 0.551971 -0.833015 0.017424 0.033318
1733228607.958093166351318 4.170470 17.666572 -0.574529 0.556841 -0.829960 0.015992 0.028962
1733228608.058091640472412 4.129082 17.579463 -0.576322 0.555887 -0.830455 0.014550 0.033515
1733228608.158090114593506 4.113896 17.511557 -0.574671 0.553256 -0.832208 0.012884 0.034230
1733228608.258088350296021 4.032023 17.387282 -0.572420 0.550974 -0.833858 0.013387 0.030477
1733228608.358086585998535 3.974357 17.263960 -0.577088 0.552237 -0.832806 0.020418 0.032427
1733228608.458085060119629 3.920890 17.162369 -0.586895 0.556596 -0.829929 0.022659 0.030072
1733228608.558083295822144 3.901206 17.109326 -0.586820 0.559885 -0.827791 0.024602 0.026181
1733228608.658081531524658 3.876849 17.059709 -0.582606 0.561625 -0.826653 0.023732 0.025661
1733228608.758079767227173 3.852173 17.020373 -0.584849 0.554824 -0.831230 0.021575 0.027583
1733228608.858078241348267 3.823749 16.970352 -0.584774 0.549192 -0.835057 0.020674 0.025299
1733228608.958076477050781 3.792687 16.910460 -0.546689 0.546428 -0.836621 0.028089 0.026307
1733228609.058074951171875 3.768498 16.840533 -0.574340 0.552006 -0.832742 0.028748 0.031691
1733228609.158073186874390 3.761008 16.821271 -0.559143 0.556178 -0.830048 0.029203 0.028873
1733228609.258071660995483 3.749303 16.747207 -0.574090 0.559122 -0.828109 0.030780 0.025918
1733228609.358093738555908 3.701937 16.660294 -0.562916 0.556994 -0.829247 0.028366 0.036104
1733228609.458092689514160 3.674970 16.592828 -0.552620 0.555175 -0.830561 0.026556 0.035279
1733228609.558091640472412 3.621607 16.499797 -0.560599 0.553929 -0.831492 0.027339 0.032198
1733228609.658090353012085 3.573969 16.387388 -0.570472 0.557143 -0.828750 0.036409 0.037929
1733228609.758088827133179 3.499206 16.224296 -0.546632 0.560864 -0.826255 0.036022 0.037908
1733228609.858087778091431 3.398741 16.040669 -0.549978 0.564417 -0.823877 0.038793 0.033987
1733228609.958086490631104 3.360556 15.969907 -0.546072 0.566719 -0.822447 0.038310 0.030709
1733228610.058085441589355 3.314243 15.878505 -0.537246 0.564257 -0.824178 0.035530 0.032889
1733228610.158084392547607 3.287626 15.829540 -0.526302 0.561605 -0.826163 0.034085 0.029874
1733228610.258083105087280 3.251199 15.768059 -0.528685 0.561648 -0.825871 0.038864 0.031267
1733228610.358081817626953 3.244020 15.703602 -0.551989 0.570489 -0.819792 0.038197 0.032008
1733228610.458080768585205 3.187136 15.585901 -0.543804 0.578328 -0.814506 0.035085 0.029762
1733228610.558079481124878 3.150109 15.449319 -0.541674 0.586417 -0.808966 0.030499 0.027556
1733228610.658078670501709 3.129676 15.371940 -0.541509 0.584506 -0.809936 0.028046 0.039612
1733228610.758077383041382 3.131063 15.313906 -0.538841 0.581695 -0.812064 0.024367 0.039862
1733228610.858076333999634 3.128358 15.277529 -0.538214 0.581762 -0.812180 0.024685 0.036148
1733228610.958075046539307 3.103747 15.169051 -0.551818 0.587449 -0.807893 0.026427 0.038922
1733228611.058073997497559 3.061496 15.065203 -0.551667 0.593698 -0.803462 0.026719 0.035450
1733228611.158072948455811 3.039749 14.983543 -0.551116 0.597181 -0.800959 0.026658 0.033589
1733228611.258071422576904 2.996499 14.897900 -0.548599 0.594470 -0.802911 0.026797 0.034941
1733228611.358070135116577 2.981801 14.832515 -0.533462 0.592601 -0.804379 0.025201 0.034115
1733228611.458069086074829 2.961179 14.764034 -0.528681 0.592615 -0.804302 0.027644 0.033789
1733228611.558067798614502 2.921946 14.643639 -0.545059 0.597191 -0.800657 0.027683 0.039311
1733228611.658066749572754 2.881516 14.549006 -0.545030 0.603532 -0.796056 0.027274 0.036057
1733228611.758065462112427 2.868464 14.466780 -0.546618 0.607718 -0.793014 0.027039 0.032804
1733228611.858064413070679 2.796361 14.363091 -0.536652 0.605718 -0.794453 0.022904 0.037759
1733228611.958063125610352 2.768292 14.236485 -0.536216 0.601874 -0.797451 0.024319 0.035036
1733228612.058062076568604 2.681008 14.044844 -0.478029 0.600630 -0.798291 0.032039 0.030791
1733228612.158060789108276 2.653299 13.954030 -0.482614 0.605928 -0.793951 0.035315 0.035296
1733228612.258059978485107 2.636244 13.904276 -0.486855 0.611616 -0.789589 0.037850 0.032293
1733228612.358058691024780 2.619802 13.843419 -0.482747 0.616306 -0.786035 0.037358 0.030340
1733228612.458057641983032 2.579378 13.796990 -0.487877 0.613875 -0.788048 0.037025 0.027693
1733228612.558056354522705 2.582072 13.746480 -0.478360 0.610528 -0.790666 0.034129 0.030623
1733228612.658055067062378 2.550666 13.629324 -0.479939 0.608507 -0.792223 0.036193 0.028136
1733228612.758054018020630 2.521386 13.592625 -0.472971 0.612061 -0.789275 0.036634 0.032933
1733228612.858052730560303 2.490861 13.449026 -0.496703 0.615351 -0.786758 0.036591 0.031868
1733228612.958051443099976 2.474181 13.375833 -0.497564 0.619008 -0.784126 0.034924 0.027481
1733228613.058050394058228 2.457751 13.300813 -0.495504 0.621302 -0.782282 0.034433 0.028854
1733228613.158049106597900 2.454443 13.258873 -0.496698 0.616202 -0.786297 0.029869 0.033762
1733228613.258048057556152 2.526760 13.318333 -0.492440 0.613624 -0.788485 0.026713 0.032296
1733228613.358046770095825 2.542025 13.289118 -0.499498 0.616075 -0.786497 0.028026 0.032983
1733228613.458045482635498 2.563037 13.288281 -0.498758 0.622984 -0.781176 0.027418 0.030053
1733228613.558044433593750 2.524842 13.175775 -0.504997 0.628571 -0.776772 0.028921 0.026227
1733228613.658043146133423 2.507094 13.099435 -0.497378 0.628265 -0.776969 0.025195 0.031098
1733228613.758042335510254 2.507225 13.067360 -0.489062 0.623238 -0.781015 0.023309 0.032358
1733228613.858041286468506 2.488213 13.017024 -0.483728 0.620694 -0.783067 0.024372 0.030838
1733228613.958039999008179 2.469302 12.930151 -0.482815 0.624200 -0.779866 0.033054 0.033035
1733228614.058038949966431 2.462333 12.882100 -0.497146 0.631576 -0.774055 0.030992 0.031470
1733228614.158037662506104 2.469377 12.841440 -0.499106 0.636936 -0.769883 0.030097 0.026204
1733228614.258036375045776 2.463776 12.771152 -0.503642 0.640528 -0.766944 0.029350 0.025679
1733228614.358035326004028 2.461106 12.711558 -0.496295 0.637290 -0.769686 0.026395 0.027348
1733228614.458034038543701 2.444270 12.637082 -0.497036 0.633401 -0.773021 0.024670 0.025168
1733228614.558032751083374 2.423556 12.552943 -0.486361 0.629609 -0.775967 0.029159 0.024856
1733228614.658031463623047 2.383601 12.408977 -0.494257 0.629754 -0.775487 0.034278 0.029240
1733228614.758030414581299 2.361646 12.337226 -0.490226 0.628822 -0.776254 0.036981 0.025420
1733228614.858029365539551 2.324278 12.230416 -0.484612 0.625543 -0.778857 0.038264 0.024786
1733228614.958028078079224 2.284229 12.165430 -0.473100 0.616634 -0.786012 0.035315 0.026447
1733228615.058026790618896 2.239149 12.080261 -0.472237 0.608747 -0.792212 0.032822 0.027367
1733228615.158025741577148 2.228030 12.041616 -0.461712 0.601668 -0.797607 0.033187 0.026807
1733228615.258024454116821 2.219778 11.992858 -0.471709 0.599454 -0.798837 0.039603 0.030750
1733228615.358023643493652 2.213721 11.948565 -0.473784 0.597000 -0.800646 0.040184 0.030688
1733228615.458022356033325 2.200105 11.875680 -0.470126 0.596448 -0.801121 0.040000 0.029248
1733228615.558021306991577 2.171256 11.784480 -0.465392 0.593331 -0.803276 0.041181 0.031773
1733228615.658020019531250 2.141711 11.706679 -0.457800 0.585364 -0.809003 0.039242 0.036375
1733228615.758018732070923 2.129137 11.664481 -0.448805 0.580003 -0.812906 0.038084 0.036465
1733228615.858017683029175 2.106188 11.599393 -0.447431 0.574962 -0.816504 0.038788 0.035143
1733228615.958016633987427 2.088654 11.526242 -0.455389 0.578256 -0.813798 0.043305 0.038440
1733228616.058015346527100 2.075805 11.491707 -0.452805 0.580161 -0.812562 0.044300 0.034551
1733228616.158014059066772 2.044956 11.425395 -0.455956 0.577904 -0.814432 0.044072 0.028018
1733228616.258012771606445 2.001275 11.356122 -0.458416 0.573339 -0.817803 0.042257 0.026341
1733228616.358011484146118 1.949895 11.268658 -0.456572 0.564704 -0.823887 0.039619 0.027380
1733228616.458010435104370 1.920785 11.222380 -0.451287 0.557424 -0.828877 0.040073 0.025211
1733228616.558009386062622 1.851775 11.114902 -0.449079 0.553604 -0.831059 0.046904 0.025776
1733228616.658008098602295 1.840035 11.068320 -0.453654 0.552979 -0.831590 0.045258 0.024992
1733228616.758006811141968 1.739148 10.984015 -0.472348 0.553430 -0.831372 0.045965 0.020588
1733228616.858005762100220 1.708031 10.901773 -0.485384 0.549111 -0.834434 0.041965 0.020896
1733228616.958004951477051 1.685280 10.881332 -0.461384 0.544196 -0.837860 0.036442 0.022676
1733228617.058003664016724 1.670005 10.847434 -0.465142 0.541664 -0.839561 0.035424 0.021970
1733228617.158002614974976 1.628109 10.740306 -0.464143 0.542872 -0.838401 0.041061 0.026249
1733228617.258001327514648 1.582063 10.625199 -0.469409 0.550086 -0.833688 0.039177 0.028878
1733228617.358000040054321 1.562323 10.544351 -0.466788 0.556917 -0.829335 0.036730 0.026409
1733228617.457998991012573 1.536815 10.451940 -0.465778 0.565263 -0.823820 0.032236 0.027550
1733228617.557997941970825 1.500390 10.360576 -0.463072 0.564144 -0.824343 0.027812 0.037781
1733228617.657996654510498 1.484738 10.285731 -0.450029 0.561008 -0.826421 0.023128 0.041995
1733228617.757995128631592 1.456019 10.195725 -0.441230 0.555695 -0.830167 0.022337 0.039066
1733228617.857994079589844 1.406892 10.069549 -0.453878 0.552221 -0.832185 0.025696 0.043123
1733228617.957992792129517 1.394424 10.024115 -0.441588 0.548957 -0.834405 0.026716 0.041233
1733228618.057991743087769 1.363810 9.945052 -0.441339 0.544254 -0.837605 0.028198 0.037567
1733228618.157990694046021 1.308004 9.841636 -0.435741 0.536383 -0.842668 0.030278 0.035879
1733228618.257989406585693 1.263255 9.777777 -0.399397 0.524078 -0.850230 0.029635 0.039650
1733228618.357988119125366 1.228645 9.739020 -0.396096 0.512434 -0.857309 0.030450 0.038806
1733228618.457987070083618 1.203851 9.706668 -0.395616 0.500926 -0.863951 0.035561 0.037373
1733228618.557985782623291 1.158181 9.661276 -0.395770 0.498341 -0.865295 0.036312 0.040029
1733228618.657984972000122 1.135210 9.625278 -0.393145 0.497167 -0.865968 0.038492 0.037979
1733228618.757983684539795 1.092571 9.562711 -0.398576 0.498814 -0.865201 0.039631 0.032260
1733228618.857982635498047 1.053010 9.512836 -0.394417 0.496932 -0.866323 0.035889 0.035411
1733228618.957981348037720 1.018840 9.466324 -0.390755 0.494880 -0.867545 0.033643 0.036451
1733228619.057980298995972 0.985957 9.425078 -0.387473 0.493794 -0.868286 0.033611 0.033435
1733228619.157979249954224 0.945900 9.364703 -0.386012 0.495291 -0.867083 0.039214 0.036274
1733228619.257977724075317 0.925349 9.324590 -0.396609 0.498602 -0.865241 0.037728 0.036483
1733228619.357976436614990 0.909925 9.293810 -0.396436 0.500800 -0.864156 0.034284 0.035480
1733228619.457975387573242 0.899802 9.273370 -0.396347 0.503094 -0.862949 0.034020 0.032545
1733228619.557974100112915 0.871630 9.229453 -0.405809 0.501887 -0.863665 0.032059 0.034121
1733228619.657972812652588 0.846827 9.178073 -0.396110 0.498778 -0.865518 0.027806 0.036406
1733228619.757971763610840 0.786296 9.074497 -0.397963 0.495679 -0.867386 0.026999 0.034843
1733228619.857970714569092 0.749948 8.997318 -0.399905 0.497058 -0.866394 0.029910 0.037416
1733228619.957969427108765 0.726169 8.955968 -0.409189 0.504162 -0.862320 0.029535 0.036783
1733228620.057968378067017 0.690688 8.876259 -0.407537 0.509914 -0.859086 0.028587 0.033783
1733228620.157967329025269 0.650605 8.811101 -0.402292 0.514477 -0.856405 0.027030 0.033967
1733228620.257966279983521 0.630443 8.788105 -0.393822 0.513267 -0.857143 0.025475 0.034843
1733228620.357964992523193 0.612861 8.756138 -0.389809 0.513081 -0.857299 0.025133 0.033975
1733228620.457963943481445 0.574120 8.676999 -0.384392 0.513911 -0.856652 0.028732 0.034898
1733228620.557962656021118 0.515893 8.551762 -0.398077 0.520476 -0.852447 0.030361 0.038951
1733228620.657961368560791 0.475601 8.455914 -0.394534 0.526471 -0.848865 0.029160 0.037491
1733228620.757960319519043 0.446828 8.382571 -0.401580 0.532796 -0.845103 0.025598 0.035699
1733228620.857959032058716 0.426511 8.331622 -0.406547 0.538177 -0.841708 0.024829 0.035719
1733228620.957957744598389 0.407348 8.291453 -0.411750 0.534832 -0.844001 0.018480 0.035708
1733228621.057956695556641 0.389856 8.253832 -0.404148 0.532506 -0.845508 0.015623 0.036175
1733228621.157955408096313 0.366625 8.195853 -0.403266 0.530786 -0.846665 0.017789 0.033291
1733228621.257954120635986 0.329201 8.102386 -0.413125 0.533903 -0.844742 0.016372 0.033026
1733228621.357955455780029 0.282229 7.980744 -0.434710 0.537557 -0.842453 0.016979 0.031906
1733228621.457954168319702 0.255711 7.930473 -0.432334 0.539504 -0.841384 0.017464 0.026531
1733228621.557953119277954 0.216847 7.872048 -0.428230 0.537515 -0.842703 0.013777 0.027185
1733228621.657951831817627 0.181394 7.809729 -0.427389 0.535454 -0.844046 0.013713 0.026210
1733228621.757950544357300 0.143770 7.746868 -0.424209 0.533857 -0.845039 0.015003 0.026113
1733228621.857949733734131 0.103846 7.675150 -0.438450 0.537392 -0.842693 0.020435 0.025732
1733228621.957948446273804 0.093634 7.654730 -0.437148 0.539677 -0.841272 0.020247 0.024485
1733228622.057947158813477 0.065200 7.604909 -0.439928 0.542086 -0.839791 0.021232 0.021072
1733228622.157946109771729 0.016086 7.525717 -0.436040 0.539243 -0.841478 0.021596 0.025804
1733228622.257944822311401 -0.025487 7.464284 -0.433163 0.531624 -0.846300 0.019734 0.027625
1733228622.357943773269653 -0.058810 7.413912 -0.427064 0.525947 -0.849861 0.019303 0.027259
1733228622.457942724227905 -0.093270 7.364434 -0.433052 0.521978 -0.852188 0.022250 0.028621
1733228622.557941675186157 -0.112268 7.316270 -0.448473 0.523197 -0.851543 0.017970 0.028557
1733228622.657940387725830 -0.141972 7.262333 -0.452743 0.524420 -0.850956 0.016699 0.024074
1733228622.757939100265503 -0.170472 7.196605 -0.460027 0.524631 -0.850904 0.015959 0.021674
1733228622.857938051223755 -0.233982 7.066992 -0.462565 0.522513 -0.852140 0.016017 0.024081
1733228622.957936763763428 -0.265511 7.014949 -0.464105 0.514711 -0.856887 0.013085 0.025425
1733228623.057935476303101 -0.316658 6.919536 -0.460441 0.509493 -0.860021 0.012981 0.024752
1733228623.157934427261353 -0.360734 6.834652 -0.459299 0.507482 -0.861041 0.017492 0.027651
1733228623.257933139801025 -0.383620 6.772789 -0.467452 0.513014 -0.857800 0.016556 0.026861
1733228623.357931852340698 -0.426896 6.710366 -0.466075 0.518525 -0.854532 0.019093 0.023289
1733228623.457930803298950 -0.471138 6.643040 -0.464855 0.521241 -0.852860 0.018924 0.024069
1733228623.557929515838623 -0.503742 6.619224 -0.455788 0.515675 -0.856203 0.017944 0.025969
1733228623.657928466796875 -0.536935 6.580058 -0.450225 0.513850 -0.857296 0.018492 0.025678
1733228623.757927179336548 -0.565393 6.546826 -0.440237 0.513182 -0.857536 0.023954 0.026483
1733228623.857926368713379 -0.594063 6.505999 -0.450888 0.517502 -0.854220 0.034697 0.036011
1733228623.957925081253052 -0.578309 6.554980 -0.450884 0.522283 -0.851242 0.036477 0.035742
1733228624.057924032211304 -0.616423 6.477803 -0.453182 0.527828 -0.847923 0.037060 0.032403
1733228624.157922744750977 -0.651133 6.417613 -0.446023 0.529584 -0.846696 0.035946 0.036811
1733228624.257921695709229 -0.665939 6.384524 -0.439069 0.525786 -0.849004 0.032365 0.041157
1733228624.357920408248901 -0.705876 6.293619 -0.432166 0.524000 -0.850163 0.030832 0.041195
1733228624.457919359207153 -0.749860 6.228159 -0.429141 0.522948 -0.850453 0.037206 0.043264
1733228624.557918071746826 -0.760742 6.182138 -0.432477 0.528392 -0.847067 0.035288 0.045107
1733228624.657916784286499 -0.768836 6.149842 -0.429300 0.533191 -0.844152 0.035620 0.042969
1733228624.757915496826172 -0.790416 6.094076 -0.428031 0.536794 -0.842031 0.035564 0.039635
1733228624.857914447784424 -0.821796 6.033839 -0.420018 0.532334 -0.844664 0.032948 0.045581
1733228624.957913160324097 -0.850300 5.976042 -0.420197 0.527732 -0.847801 0.029157 0.043381
1733228625.057912111282349 -0.882003 5.905498 -0.420131 0.524364 -0.850050 0.027726 0.041107
1733228625.157910823822021 -0.920234 5.806458 -0.423115 0.526978 -0.848311 0.028011 0.043341
1733228625.257909774780273 -0.946713 5.739316 -0.427352 0.535681 -0.842978 0.027527 0.040946
1733228625.357910156250000 -0.985202 5.655908 -0.427285 0.542910 -0.838573 0.025666 0.037231
1733228625.457908868789673 -1.022194 5.579861 -0.421694 0.544870 -0.837300 0.023673 0.038545
1733228625.557907581329346 -1.035087 5.549091 -0.412199 0.542360 -0.838998 0.021391 0.038340
1733228625.657906293869019 -1.052453 5.504163 -0.401364 0.541340 -0.839772 0.021056 0.035919
1733228625.757905244827271 -1.097091 5.417830 -0.403659 0.543021 -0.838502 0.025985 0.036982
1733228625.857904195785522 -1.106175 5.355436 -0.405549 0.548638 -0.834854 0.025475 0.036952
1733228625.957903146743774 -1.118220 5.328688 -0.407438 0.554341 -0.831146 0.026083 0.034954
1733228626.057902097702026 -1.173286 5.207278 -0.408959 0.559642 -0.827704 0.025778 0.032294
1733228626.157900810241699 -1.215840 5.126752 -0.411878 0.558962 -0.828187 0.027677 0.030032
1733228626.257899999618530 -1.244547 5.075011 -0.408198 0.555047 -0.830882 0.025474 0.030134
1733228626.357898712158203 -1.276897 5.026413 -0.408485 0.552765 -0.832485 0.026911 0.026391
1733228626.457897663116455 -1.291322 4.993146 -0.407108 0.555267 -0.830540 0.031857 0.029458
1733228626.557896375656128 -1.292091 4.978940 -0.412381 0.560240 -0.827102 0.033240 0.030472
1733228626.657895326614380 -1.318982 4.891867 -0.409283 0.564207 -0.824590 0.030563 0.028081
1733228626.757894277572632 -1.346732 4.830593 -0.415568 0.568114 -0.821877 0.032683 0.026408
1733228626.857892990112305 -1.381205 4.760089 -0.414761 0.567060 -0.822399 0.031953 0.032894
1733228626.957891702651978 -1.395831 4.717763 -0.406672 0.566004 -0.823177 0.029523 0.033877
1733228627.057890653610229 -1.438769 4.632419 -0.404192 0.565500 -0.823551 0.030744 0.032058
1733228627.157889604568481 -1.458278 4.572530 -0.406486 0.567572 -0.821783 0.035379 0.035816
1733228627.257888317108154 -1.481176 4.513594 -0.410789 0.571989 -0.818815 0.034875 0.033962
1733228627.357887268066406 -1.503711 4.442687 -0.413327 0.575279 -0.816645 0.033612 0.031844
1733228627.457885980606079 -1.553640 4.328404 -0.415860 0.577228 -0.815214 0.031512 0.035215
1733228627.557884931564331 -1.630968 4.173613 -0.431721 0.574860 -0.816809 0.029677 0.038446
1733228627.657884120941162 -1.654352 4.110785 -0.428022 0.572013 -0.818756 0.028182 0.040557
1733228627.757882833480835 -1.689867 4.051806 -0.425430 0.570998 -0.819429 0.031016 0.039193
1733228627.857881784439087 -1.729150 3.953014 -0.425007 0.572433 -0.818097 0.034946 0.042619
1733228627.957880735397339 -1.760597 3.876618 -0.428232 0.572970 -0.817833 0.034301 0.040973
1733228628.057879447937012 -1.763396 3.860416 -0.427108 0.570925 -0.819293 0.035433 0.039351
1733228628.157878398895264 -1.782984 3.823249 -0.426918 0.568279 -0.821191 0.036953 0.036594
1733228628.257877111434937 -1.807123 3.789207 -0.420312 0.561415 -0.825611 0.036907 0.042638
1733228628.357875823974609 -1.837561 3.745995 -0.409903 0.551822 -0.831978 0.034896 0.045687
1733228628.457874774932861 -1.873294 3.701087 -0.406916 0.542895 -0.837741 0.036499 0.046082
1733228628.557873487472534 -1.907120 3.645356 -0.403187 0.533502 -0.843597 0.040959 0.045186
1733228628.657872438430786 -1.943501 3.575548 -0.409780 0.532157 -0.844278 0.042811 0.046592
1733228628.757871389389038 -1.970675 3.544699 -0.402878 0.533399 -0.843528 0.045174 0.043653
1733228628.857870101928711 -2.008984 3.470650 -0.399233 0.540647 -0.839021 0.045765 0.040629
1733228628.957869052886963 -2.055434 3.379175 -0.392204 0.545015 -0.836193 0.043353 0.043137
1733228629.057868242263794 -2.103022 3.292007 -0.370149 0.541713 -0.838185 0.040052 0.048877
1733228629.157866954803467 -2.148506 3.229632 -0.371484 0.539598 -0.839362 0.040961 0.051272
1733228629.257865905761719 -2.182076 3.159273 -0.371464 0.538508 -0.839837 0.043241 0.053039
1733228629.357864618301392 -2.179985 3.139338 -0.373786 0.544168 -0.835502 0.047860 0.059396
1733228629.457863569259644 -2.175904 3.134542 -0.369681 0.552123 -0.830217 0.046419 0.061201
1733228629.557862520217896 -2.179921 3.099507 -0.365275 0.559728 -0.825209 0.045225 0.060741
1733228629.657861232757568 -2.185547 3.071266 -0.352479 0.565914 -0.820858 0.041898 0.064632
1733228629.757859945297241 -2.194561 3.033680 -0.343708 0.564158 -0.821476 0.039782 0.072947
1733228629.857858896255493 -2.196962 2.981057 -0.328567 0.564642 -0.820664 0.038778 0.078652
1733228629.957857847213745 -2.204303 2.920451 -0.317941 0.564788 -0.820422 0.040954 0.079026
1733228630.057856559753418 -2.209482 2.855803 -0.311864 0.564951 -0.820029 0.046311 0.078984
1733228630.157855510711670 -2.247637 2.701834 -0.298193 0.568737 -0.817323 0.047441 0.079191
1733228630.257854223251343 -2.280674 2.670414 -0.295785 0.574697 -0.813366 0.050090 0.075167
1733228630.357853174209595 -2.270524 2.671745 -0.287604 0.579160 -0.810446 0.051132 0.071666
1733228630.457852363586426 -2.289409 2.643244 -0.277122 0.578736 -0.810913 0.049661 0.070842
1733228630.557851076126099 -2.384920 2.512987 -0.290736 0.570186 -0.816809 0.048866 0.072959
1733228630.657850027084351 -2.433746 2.448388 -0.276438 0.561734 -0.822973 0.047884 0.069844
1733228630.757848739624023 -2.484388 2.389778 -0.268438 0.552056 -0.829705 0.049614 0.066057
1733228630.857847929000854 -2.521936 2.336698 -0.266204 0.542503 -0.835570 0.052559 0.068920
1733228630.957846641540527 -2.558533 2.307985 -0.264124 0.530854 -0.843252 0.050800 0.067377
1733228631.057845354080200 -2.611126 2.225313 -0.259836 0.518362 -0.851286 0.049224 0.064727
1733228631.157844305038452 -2.659024 2.177592 -0.254846 0.506172 -0.858961 0.051064 0.058044
1733228631.257843017578125 -2.707991 2.136862 -0.246769 0.492087 -0.866918 0.047552 0.063573
1733228631.357841968536377 -2.745109 2.086056 -0.253739 0.481766 -0.873072 0.046852 0.058751
1733228631.457840681076050 -2.793446 2.053097 -0.241219 0.482315 -0.873087 0.046725 0.053922
1733228631.557839632034302 -2.841555 1.991535 -0.236295 0.482800 -0.873000 0.047922 0.049792
1733228631.657838344573975 -2.882430 1.939353 -0.241975 0.482198 -0.873680 0.042027 0.049015
1733228631.757837533950806 -2.915590 1.888466 -0.241681 0.484563 -0.872627 0.042279 0.043957
1733228631.857836484909058 -2.950259 1.839853 -0.240984 0.488589 -0.870553 0.041961 0.040710
1733228631.957835435867310 -2.975405 1.818499 -0.232914 0.491900 -0.868831 0.039256 0.040326
1733228632.057834148406982 -2.994833 1.806175 -0.241684 0.490020 -0.869897 0.037385 0.041984
1733228632.157833099365234 -3.017652 1.767676 -0.226152 0.493643 -0.867963 0.036681 0.040132
1733228632.257832050323486 -3.041376 1.727329 -0.229830 0.506383 -0.860525 0.039877 0.038507
1733228632.357830524444580 -3.031239 1.700513 -0.227654 0.524680 -0.849607 0.036810 0.039038
1733228632.457829475402832 -3.011399 1.706849 -0.234874 0.545752 -0.836082 0.039551 0.039470
1733228632.557828187942505 -2.984104 1.691627 -0.242380 0.566678 -0.822221 0.039216 0.035924
1733228632.657827138900757 -2.964610 1.683073 -0.242295 0.590228 -0.805594 0.035211 0.037545
1733228632.757826089859009 -2.937974 1.665185 -0.248303 0.611964 -0.789096 0.030551 0.043518
1733228632.857824802398682 -2.906327 1.656692 -0.247606 0.630829 -0.774184 0.029656 0.042592
1733228632.957823753356934 -2.855977 1.672521 -0.253117 0.651019 -0.757261 0.029941 0.042828
1733228633.057822942733765 -2.809172 1.648108 -0.265194 0.672030 -0.738719 0.029455 0.042459
1733228633.157821655273438 -2.780313 1.645724 -0.266198 0.696716 -0.715291 0.036947 0.039754
1733228633.257820606231689 -2.731104 1.672693 -0.273649 0.721362 -0.690496 0.035570 0.039825
1733228633.357819318771362 -2.687037 1.689607 -0.272976 0.746436 -0.663241 0.033333 0.042831
1733228633.457818269729614 -2.671300 1.662122 -0.267491 0.768290 -0.637737 0.030326 0.045863
1733228633.557817220687866 -2.659308 1.604402 -0.267587 0.788054 -0.613326 0.030247 0.043438
1733228633.657815933227539 -2.678032 1.540783 -0.275256 0.807934 -0.586965 0.030534 0.042215
1733228633.757814645767212 -2.667002 1.502910 -0.274911 0.828025 -0.558413 0.031555 0.039411
1733228633.857813596725464 -2.655220 1.467224 -0.276385 0.848203 -0.527284 0.036566 0.034435
1733228633.957812547683716 -2.596659 1.529824 -0.242591 0.866804 -0.496347 0.035318 0.032288
1733228634.057811260223389 -2.566230 1.590450 -0.252772 0.884904 -0.463248 0.034492 0.034010
1733228634.157810211181641 -2.520123 1.650324 -0.252776 0.900410 -0.432265 0.033279 0.036086
1733228634.257808923721313 -2.487601 1.681732 -0.248376 0.913521 -0.404205 0.033314 0.031435
1733228634.357807874679565 -2.453610 1.671566 -0.241621 0.926828 -0.372770 0.033672 0.029970
1733228634.457806587219238 -2.418884 1.710175 -0.230699 0.939086 -0.340856 0.034675 0.027048
1733228634.557805776596069 -2.410359 1.667645 -0.265920 0.951286 -0.305051 0.039335 0.021238
1733228634.657804727554321 -2.380078 1.718543 -0.277657 0.962506 -0.267184 0.043663 0.017013
1733228634.757803440093994 -2.341173 1.886644 -0.266980 0.972708 -0.227662 0.041920 0.015893
1733228634.857802629470825 -2.317801 1.984937 -0.273332 0.981035 -0.188263 0.042808 0.017195
1733228634.957801342010498 -2.297693 2.068537 -0.277554 0.986904 -0.154527 0.042528 0.018273
1733228635.057800054550171 -2.274550 2.128618 -0.271396 0.991835 -0.119849 0.040357 0.016457
1733228635.157798767089844 -2.276622 2.180569 -0.263103 0.995702 -0.082960 0.038964 0.013330
1733228635.257797718048096 -2.264461 2.229587 -0.261397 0.998168 -0.044496 0.040096 0.008521
1733228635.357796430587769 -2.234158 2.303838 -0.266120 0.999174 -0.003915 0.040378 0.002550
1733228635.457795381546021 -2.244059 2.298697 -0.291803 0.998315 0.041051 0.040970 -0.001599
1733228635.557794332504272 -2.267496 2.360070 -0.302832 0.995275 0.086686 0.043743 -0.000068
1733228635.657793045043945 -2.295779 2.445291 -0.297014 0.991210 0.124498 0.044714 0.001948
1733228635.757791996002197 -2.308723 2.463035 -0.283764 0.985876 0.161649 0.043767 0.001693
1733228635.857791185379028 -2.322112 2.504210 -0.273402 0.979038 0.199016 0.043285 0.002085
1733228635.957790136337280 -2.336848 2.546724 -0.255156 0.971195 0.234451 0.042567 0.000189
1733228636.057788848876953 -2.378694 2.620250 -0.262795 0.960624 0.273966 0.045026 -0.010817
1733228636.157787799835205 -2.423090 2.640249 -0.271918 0.949469 0.310609 0.043447 -0.011922
1733228636.257786750793457 -2.487357 2.656696 -0.252292 0.935846 0.349489 0.044502 -0.008378
1733228636.357785463333130 -2.533657 2.672362 -0.247439 0.922404 0.383354 0.046533 -0.006799
1733228636.457784175872803 -2.529322 2.767802 -0.236872 0.911820 0.407823 0.047515 -0.002753
1733228636.557782888412476 -2.552513 2.794953 -0.230779 0.900404 0.432641 0.045647 -0.003317
1733228636.657781839370728 -2.547162 2.881514 -0.235409 0.887593 0.458555 0.043371 -0.004928
1733228636.757780551910400 -2.556437 2.901999 -0.239992 0.872865 0.485704 0.043523 -0.017437
1733228636.857779502868652 -2.583471 2.917499 -0.258379 0.858066 0.511472 0.043469 -0.015151
1733228636.957778453826904 -2.601611 2.917871 -0.264567 0.841164 0.538901 0.042479 -0.014983
1733228637.057777404785156 -2.622785 2.907105 -0.263429 0.828270 0.558284 0.045994 -0.013138
1733228637.157776117324829 -2.621085 2.911602 -0.262224 0.829644 0.556678 0.041646 -0.008159
1733228637.257775306701660 -2.614975 2.915623 -0.258049 0.829115 0.557818 0.035061 -0.013336
1733228637.357774019241333 -2.627837 2.912348 -0.249980 0.826141 0.562120 0.034791 -0.017388
1733228637.457772970199585 -2.656011 2.828581 -0.237998 0.823537 0.565799 0.034881 -0.021007
1733228637.557771921157837 -2.660106 2.802941 -0.232470 0.821579 0.568435 0.036717 -0.023286
1733228637.657770633697510 -2.663532 2.794368 -0.227234 0.820208 0.570312 0.037399 -0.024584
1733228637.757769584655762 -2.662367 2.794972 -0.224824 0.819157 0.571732 0.037054 -0.027049
1733228637.857768297195435 -2.659538 2.800331 -0.224121 0.818022 0.573268 0.036382 -0.029662
1733228637.957767009735107 -2.656401 2.804647 -0.223539 0.817064 0.574581 0.035104 -0.032101
1733228638.057765960693359 -2.651830 2.803412 -0.223837 0.816483 0.575377 0.032933 -0.034830
1733228638.157764911651611 -2.648060 2.801997 -0.223578 0.816123 0.575854 0.030810 -0.037213
1733228638.257763624191284 -2.645111 2.800913 -0.222723 0.815922 0.576098 0.029179 -0.039131
1733228638.357762575149536 -2.644476 2.802199 -0.222112 0.815941 0.576068 0.028062 -0.039967
1733228638.457761287689209 -2.645185 2.803101 -0.221669 0.815907 0.576152 0.027327 -0.039972
1733228638.557760477066040 -2.647183 2.805097 -0.221423 0.815719 0.576484 0.026964 -0.039278
1733228638.657759428024292 -2.650616 2.807701 -0.221265 0.815303 0.577140 0.026614 -0.038504
1733228638.757758140563965 -2.655090 2.810898 -0.221177 0.814654 0.578122 0.026131 -0.037812
1733228638.857757091522217 -2.659891 2.813966 -0.221070 0.813835 0.579361 0.025572 -0.036878
1733228638.957756042480469 -2.664601 2.816479 -0.220855 0.812854 0.580811 0.024891 -0.036144
1733228639.057754993438721 -2.670044 2.818306 -0.219520 0.811943 0.582144 0.024091 -0.035725
1733228639.157753467559814 -2.673949 2.821167 -0.219836 0.811053 0.583424 0.023356 -0.035565
1733228639.257752418518066 -2.676684 2.823143 -0.220125 0.810130 0.584718 0.022806 -0.035699
1733228639.357751131057739 -2.678062 2.824687 -0.219644 0.809368 0.585774 0.022114 -0.036093
1733228639.457750082015991 -2.678359 2.826361 -0.219394 0.808705 0.586692 0.021517 -0.036414
1733228639.557748794555664 -2.678905 2.827506 -0.218234 0.808239 0.587320 0.020850 -0.037022
1733228639.657747745513916 -2.678810 2.828514 -0.218518 0.807803 0.587887 0.020444 -0.037746
1733228639.757746696472168 -2.678357 2.829177 -0.218513 0.807424 0.588356 0.019946 -0.038793
1733228639.857745885848999 -2.677936 2.829796 -0.217932 0.807013 0.588886 0.019599 -0.039476
1733228639.957744836807251 -2.678061 2.830519 -0.218219 0.806727 0.589265 0.019357 -0.039793
1733228640.057743549346924 -2.678721 2.829877 -0.217080 0.806504 0.589546 0.019370 -0.040136
1733228640.157742500305176 -2.679682 2.828410 -0.216381 0.806221 0.589962 0.019330 -0.039732
1733228640.257741212844849 -2.682293 2.829096 -0.216037 0.805920 0.590446 0.019497 -0.038544
1733228640.357740163803101 -2.685494 2.829465 -0.216149 0.805436 0.591157 0.019739 -0.037635
1733228640.457738876342773 -2.686257 2.831863 -0.218229 0.804780 0.592104 0.020022 -0.036623
1733228640.557737588882446 -2.692523 2.826785 -0.215219 0.804468 0.592579 0.020447 -0.035550
1733228640.657736539840698 -2.694276 2.828613 -0.215411 0.804083 0.593134 0.020520 -0.034940
1733228640.757735252380371 -2.694291 2.829495 -0.215214 0.803708 0.593656 0.020295 -0.034839
1733228640.857734203338623 -2.694239 2.830005 -0.215240 0.803306 0.594195 0.020139 -0.035017
1733228640.957733154296875 -2.694265 2.829997 -0.215259 0.802972 0.594626 0.019987 -0.035433
1733228641.057732105255127 -2.695078 2.830185 -0.215455 0.802750 0.594929 0.020038 -0.035364
1733228641.157730817794800 -2.695476 2.831654 -0.215137 0.802448 0.595338 0.019986 -0.035354
1733228641.257730007171631 -2.695680 2.832069 -0.215632 0.802135 0.595748 0.020014 -0.035551
1733228641.357728719711304 -2.696719 2.833226 -0.215471 0.801896 0.596080 0.020083 -0.035319
1733228641.457727670669556 -2.697749 2.834079 -0.215836 0.801672 0.596389 0.020200 -0.035124
1733228641.557726621627808 -2.698016 2.833865 -0.215065 0.801416 0.596734 0.020110 -0.035176
1733228641.657725334167480 -2.698721 2.834933 -0.216215 0.801191 0.597034 0.020244 -0.035137
1733228641.757724285125732 -2.699405 2.834981 -0.215935 0.800955 0.597356 0.020249 -0.035008
1733228641.857722997665405 -2.699267 2.835979 -0.216199 0.800721 0.597668 0.020241 -0.035043
1733228641.957721710205078 -2.700417 2.835108 -0.215787 0.800467 0.598012 0.020190 -0.035026
1733228642.057720661163330 -2.701527 2.835469 -0.216315 0.800329 0.598200 0.020323 -0.034886
1733228642.157719612121582 -2.701921 2.835954 -0.215958 0.800129 0.598470 0.020304 -0.034851
1733228642.257718324661255 -2.702552 2.835929 -0.216348 0.799995 0.598648 0.020336 -0.034850
1733228642.357717275619507 -2.703125 2.835928 -0.216132 0.799817 0.598891 0.020394 -0.034740
1733228642.457715988159180 -2.703469 2.836341 -0.215915 0.799665 0.599088 0.020315 -0.034891
1733228642.557714939117432 -2.704060 2.836428 -0.215223 0.799525 0.599281 0.020214 -0.034851
1733228642.657714128494263 -2.704096 2.836373 -0.215341 0.799373 0.599476 0.020220 -0.034963
1733228642.757712841033936 -2.704581 2.836722 -0.215630 0.799289 0.599587 0.020253 -0.034974
1733228642.857711791992188 -2.704489 2.836674 -0.215645 0.799121 0.599809 0.020245 -0.034999
1733228642.957710742950439 -2.705022 2.836617 -0.215370 0.799011 0.599963 0.020209 -0.034887
1733228643.057709455490112 -2.705247 2.836542 -0.215581 0.798857 0.600168 0.020216 -0.034885
1733228643.157708406448364 -2.705875 2.836971 -0.215300 0.798885 0.600126 0.020228 -0.034972
1733228643.257707118988037 -2.706443 2.837360 -0.215080 0.798726 0.600343 0.020374 -0.034783
1733228643.357705831527710 -2.706632 2.837400 -0.214776 0.798570 0.600550 0.020243 -0.034876
1733228643.457704782485962 -2.706639 2.837549 -0.215316 0.798308 0.600889 0.020129 -0.035096
1733228643.557703495025635 -2.707116 2.837756 -0.215015 0.798121 0.601146 0.019982 -0.035021
1733228643.657702445983887 -2.716673 2.839789 -0.213379 0.797960 0.601376 0.020256 -0.034602
1733228643.757701396942139 -2.717700 2.850227 -0.241463 0.800253 0.598510 0.009118 -0.036016
1733228643.857700347900391 -2.714240 2.844893 -0.289148 0.790880 0.609732 -0.007671 -0.051736
1733228643.957699298858643 -2.690094 2.836447 -0.350093 0.785318 0.615260 -0.004269 -0.068646
1733228644.057698249816895 -2.662779 2.821630 -0.390041 0.785722 0.612708 0.003747 -0.084943
1733228644.157697200775146 -2.631128 2.806786 -0.429426 0.800246 0.594666 0.008016 -0.076904
1733228644.257695913314819 -2.591185 2.778136 -0.472308 0.828098 0.556798 0.016887 -0.062803
1733228644.357694864273071 -2.554190 2.752690 -0.517321 0.844265 0.532483 0.013053 -0.059231
1733228644.457693576812744 -2.533029 2.729651 -0.553990 0.851454 0.521532 0.005240 -0.054807
1733228644.557692527770996 -2.531472 2.717323 -0.590581 0.853977 0.518391 0.004309 -0.044452
1733228644.657691001892090 -2.539502 2.703612 -0.620757 0.848669 0.527847 0.005336 -0.033325
1733228644.757689952850342 -2.557265 2.704539 -0.651991 0.839485 0.542899 0.006328 -0.022052
1733228644.857688903808594 -2.570569 2.709715 -0.671895 0.836812 0.547263 0.008451 -0.013317
1733228644.957687854766846 -2.580745 2.708968 -0.668622 0.836874 0.546834 0.018210 -0.016816
1733228645.057686805725098 -2.586471 2.709111 -0.667940 0.835394 0.548746 0.026826 -0.016584
1733228645.157685518264771 -2.589583 2.709336 -0.666709 0.835048 0.549173 0.029189 -0.015884
1733228645.257684469223022 -2.591909 2.709101 -0.665758 0.834974 0.549291 0.029402 -0.015258
1733228645.357685327529907 -2.592330 2.709798 -0.666067 0.834913 0.549380 0.029609 -0.014989
1733228645.457684278488159 -2.592869 2.709814 -0.666921 0.834945 0.549326 0.029756 -0.014901
1733228645.557683229446411 -2.593102 2.710502 -0.667499 0.834834 0.549490 0.029420 -0.015753
1733228645.657681941986084 -2.592352 2.711365 -0.668920 0.834743 0.549625 0.029208 -0.016227
1733228645.757680892944336 -2.592719 2.711819 -0.668831 0.834577 0.549875 0.028955 -0.016734
1733228645.857680082321167 -2.593447 2.711609 -0.668579 0.834572 0.549885 0.028657 -0.017202
1733228645.957678794860840 -2.592713 2.710363 -0.668121 0.834655 0.549759 0.028276 -0.017802
1733228646.057677745819092 -2.592664 2.710269 -0.668260 0.834684 0.549713 0.028211 -0.017918
1733228646.157676458358765 -2.592069 2.709862 -0.668040 0.834658 0.549749 0.028055 -0.018304
1733228646.257675409317017 -2.592073 2.710923 -0.668554 0.834689 0.549686 0.028116 -0.018672
1733228646.357674360275269 -2.592334 2.711224 -0.668180 0.834627 0.549794 0.028229 -0.018102
1733228646.457673072814941 -2.592220 2.710990 -0.668633 0.834884 0.549399 0.028621 -0.017640
1733228646.557671785354614 -2.591409 2.709795 -0.669144 0.835785 0.548028 0.028261 -0.018197
1733228646.657670736312866 -2.589817 2.708831 -0.669151 0.836318 0.547207 0.027754 -0.019138
1733228646.757669448852539 -2.589710 2.708779 -0.670041 0.836299 0.547219 0.027317 -0.020217
1733228646.857668399810791 -2.579399 2.703693 -0.673364 0.836405 0.546992 0.022376 -0.026953
1733228646.957667350769043 -2.579805 2.705199 -0.675400 0.836357 0.547046 0.023238 -0.026601
1733228647.057666063308716 -2.579302 2.704248 -0.679385 0.836332 0.547030 0.023780 -0.027242
1733228647.157665014266968 -2.580894 2.702847 -0.675225 0.836292 0.547105 0.023053 -0.027560
1733228647.257663965225220 -2.581456 2.705771 -0.672860 0.836368 0.547025 0.022755 -0.027080
1733228647.357662916183472 -2.580774 2.705172 -0.671236 0.836206 0.547297 0.022575 -0.026751
1733228647.457661867141724 -2.580030 2.706777 -0.672739 0.836248 0.547231 0.022680 -0.026702
1733228647.557660579681396 -2.580206 2.706176 -0.673108 0.836274 0.547170 0.022762 -0.027059
1733228647.657659530639648 -2.580326 2.705981 -0.672378 0.836238 0.547232 0.022595 -0.027057
1733228647.757658481597900 -2.580618 2.706204 -0.672742 0.836288 0.547154 0.022721 -0.027001
1733228647.857657194137573 -2.581027 2.706247 -0.673012 0.836323 0.547103 0.023017 -0.026689
1733228647.957655906677246 -2.580996 2.706423 -0.673161 0.836324 0.547095 0.022979 -0.026845
1733228648.057654857635498 -2.580813 2.705984 -0.672865 0.836309 0.547115 0.022853 -0.027019
1733228648.157653570175171 -2.581486 2.706067 -0.672896 0.836351 0.547054 0.023078 -0.026773
1733228648.257652521133423 -2.581414 2.705657 -0.673493 0.836349 0.547050 0.023256 -0.026756
1733228648.357651233673096 -2.581502 2.705454 -0.673059 0.836352 0.547047 0.023133 -0.026823
1733228648.457650184631348 -2.581584 2.705478 -0.673301 0.836375 0.547005 0.023155 -0.026952
1733228648.557649374008179 -2.581526 2.705306 -0.673307 0.836337 0.547066 0.023246 -0.026825
1733228648.657648086547852 -2.581970 2.704915 -0.672395 0.836386 0.546996 0.023071 -0.026859
1733228648.757647037506104 -2.582239 2.704886 -0.672126 0.836400 0.546982 0.023081 -0.026719
1733228648.857645988464355 -2.582219 2.704988 -0.672647 0.836387 0.546996 0.023262 -0.026652
1733228648.957644939422607 -2.582284 2.704979 -0.672532 0.836408 0.546963 0.023198 -0.026759
1733228649.057643651962280 -2.582152 2.704989 -0.672756 0.836413 0.546952 0.023177 -0.026832
1733228649.157642364501953 -2.582330 2.704989 -0.672541 0.836436 0.546919 0.023159 -0.026803
1733228649.257641315460205 -2.582363 2.704983 -0.672679 0.836450 0.546895 0.023191 -0.026804
1733228649.357641696929932 -2.582202 2.704783 -0.672821 0.836470 0.546862 0.023094 -0.026959
1733228649.457640647888184 -2.582207 2.704699 -0.673179 0.836461 0.546875 0.023256 -0.026855
1733228649.557639360427856 -2.582355 2.704659 -0.673351 0.836510 0.546796 0.023282 -0.026885
1733228649.657638311386108 -2.582295 2.704393 -0.672838 0.836497 0.546821 0.023169 -0.026868
1733228649.757637262344360 -2.582058 2.704025 -0.672149 0.836444 0.546912 0.023007 -0.026835
1733228649.857635974884033 -2.582236 2.704238 -0.671957 0.836464 0.546882 0.023029 -0.026778
1733228649.957634687423706 -2.582320 2.704370 -0.671727 0.836469 0.546875 0.023045 -0.026784
1733228650.057633638381958 -2.582342 2.704592 -0.671283 0.836453 0.546898 0.023018 -0.026822
1733228650.157632589340210 -2.584592 2.707095 -0.666336 0.836467 0.546876 0.022999 -0.026866
1733228650.257631301879883 -2.587596 2.710606 -0.659713 0.836472 0.546867 0.022980 -0.026890
1733228650.357630252838135 -2.590053 2.713133 -0.654574 0.836500 0.546825 0.022929 -0.026922
1733228650.457629203796387 -2.594216 2.716166 -0.645644 0.836466 0.546871 0.022822 -0.027117
1733228650.557627916336060 -2.596321 2.716578 -0.642880 0.836463 0.546873 0.022825 -0.027182
1733228650.657627105712891 -2.597311 2.716814 -0.642407 0.836498 0.546812 0.022942 -0.027240
1733228650.757626056671143 -2.597586 2.716774 -0.642045 0.836488 0.546826 0.022963 -0.027249
1733228650.857625007629395 -2.597632 2.716782 -0.641970 0.836488 0.546827 0.022943 -0.027219
1733228650.957623720169067 -2.597707 2.716819 -0.642150 0.836501 0.546804 0.023014 -0.027225
1733228651.057622671127319 -2.597780 2.716813 -0.641664 0.836505 0.546806 0.022900 -0.027174
1733228651.157621622085571 -2.597840 2.716904 -0.642060 0.836527 0.546767 0.022986 -0.027206
1733228651.257620334625244 -2.597729 2.716830 -0.642107 0.836511 0.546791 0.022981 -0.027226
1733228651.357619047164917 -2.597701 2.716733 -0.641864 0.836494 0.546820 0.022920 -0.027220
1733228651.457617998123169 -2.597704 2.716751 -0.642023 0.836501 0.546807 0.022959 -0.027242
1733228651.557616710662842 -2.597741 2.716826 -0.641969 0.836501 0.546807 0.022963 -0.027213
1733228651.657615661621094 -2.597908 2.716932 -0.642098 0.836526 0.546770 0.023016 -0.027162
1733228651.757614612579346 -2.597691 2.716970 -0.642391 0.836508 0.546794 0.023060 -0.027182
1733228651.857613563537598 -2.597803 2.717029 -0.642464 0.836528 0.546760 0.023058 -0.027243
1733228651.957612514495850 -2.597710 2.716936 -0.642333 0.836526 0.546766 0.023025 -0.027222
1733228652.057611465454102 -2.597714 2.716909 -0.642442 0.836518 0.546777 0.023036 -0.027235
1733228652.157610416412354 -2.597743 2.716812 -0.642055 0.836539 0.546750 0.022952 -0.027204
1733228652.257609367370605 -2.597747 2.716914 -0.642426 0.836565 0.546704 0.023022 -0.027281
1733228652.357608079910278 -2.597719 2.716992 -0.642367 0.836569 0.546698 0.023042 -0.027241
1733228652.457607030868530 -2.597808 2.716804 -0.642050 0.836566 0.546705 0.023052 -0.027193
1733228652.557605743408203 -2.597559 2.716682 -0.641934 0.836553 0.546723 0.022934 -0.027337
1733228652.657604455947876 -2.597793 2.716782 -0.642120 0.836590 0.546664 0.023035 -0.027303
1733228652.757603406906128 -2.597720 2.716542 -0.641661 0.836575 0.546692 0.022911 -0.027285
1733228652.857602357864380 -2.597899 2.716508 -0.641521 0.836612 0.546639 0.022890 -0.027250
1733228652.957601308822632 -2.598538 2.715873 -0.638457 0.836396 0.546916 0.022499 -0.028601
1733228653.057600021362305 -2.598583 2.716365 -0.638530 0.836447 0.546839 0.022507 -0.028575
1733228653.157598972320557 -2.598563 2.716036 -0.638228 0.836412 0.546894 0.022449 -0.028604
1733228653.257598161697388 -2.598550 2.716079 -0.638111 0.836409 0.546902 0.022428 -0.028567
1733228653.357596874237061 -2.598606 2.716071 -0.638254 0.836411 0.546897 0.022472 -0.028576
1733228653.457595825195312 -2.598716 2.715998 -0.638221 0.836430 0.546865 0.022457 -0.028619
1733228653.557594776153564 -2.598496 2.715925 -0.638246 0.836390 0.546925 0.022463 -0.028641
1733228653.657593488693237 -2.598745 2.715881 -0.637946 0.836408 0.546901 0.022417 -0.028587
1733228653.757592439651489 -2.598770 2.716008 -0.638156 0.836424 0.546873 0.022452 -0.028644
1733228653.857591152191162 -2.598647 2.715800 -0.637865 0.836393 0.546923 0.022400 -0.028628
1733228653.957590103149414 -2.598616 2.715788 -0.637809 0.836393 0.546924 0.022379 -0.028643
1733228654.057588815689087 -2.598983 2.715945 -0.637865 0.836433 0.546862 0.022429 -0.028607
1733228654.157587766647339 -2.598764 2.715837 -0.637758 0.836403 0.546908 0.022389 -0.028642
1733228654.257586717605591 -2.598780 2.715859 -0.637625 0.836408 0.546902 0.022356 -0.028647
1733228654.357585430145264 -2.598837 2.715899 -0.637585 0.836416 0.546889 0.022347 -0.028647
1733228654.457584381103516 -2.598774 2.715889 -0.637662 0.836404 0.546906 0.022370 -0.028653
1733228654.557583570480347 -2.598814 2.715789 -0.637605 0.836405 0.546904 0.022360 -0.028701
1733228654.657582283020020 -2.598869 2.715757 -0.637341 0.836397 0.546920 0.022319 -0.028638
1733228654.757581233978271 -2.598966 2.715786 -0.637511 0.836406 0.546905 0.022360 -0.028626
1733228654.857580184936523 -2.598967 2.715771 -0.637218 0.836406 0.546909 0.022284 -0.028626
1733228654.957579135894775 -2.599032 2.715744 -0.637252 0.836413 0.546896 0.022278 -0.028676
1733228655.057577848434448 -2.598861 2.715684 -0.637213 0.836384 0.546940 0.022272 -0.028685
1733228655.157576560974121 -2.599102 2.715849 -0.637295 0.836413 0.546895 0.022330 -0.028650
1733228655.257575511932373 -2.599006 2.715662 -0.636922 0.836388 0.546937 0.022235 -0.028632
1733228655.357574224472046 -2.599037 2.715764 -0.637188 0.836401 0.546912 0.022287 -0.028693
1733228655.457573175430298 -2.598980 2.715736 -0.637274 0.836397 0.546916 0.022301 -0.028731
1733228655.557572126388550 -2.599098 2.715675 -0.636781 0.836396 0.546927 0.022219 -0.028622
1733228655.657570838928223 -2.599053 2.715651 -0.636797 0.836391 0.546932 0.022195 -0.028677
1733228655.757569789886475 -2.599095 2.715755 -0.636932 0.836403 0.546911 0.022243 -0.028691
1733228655.857568979263306 -2.599156 2.715717 -0.636607 0.836410 0.546906 0.022176 -0.028648
1733228655.957567930221558 -2.599044 2.715690 -0.636830 0.836389 0.546935 0.022238 -0.028661
1733228656.057566881179810 -2.599776 2.712766 -0.634164 0.836252 0.547153 0.021597 -0.028969
1733228656.157565593719482 -2.599970 2.712370 -0.633570 0.836245 0.547165 0.021521 -0.029025
1733228656.257564544677734 -2.600004 2.712318 -0.633511 0.836244 0.547168 0.021508 -0.029008
1733228656.357563257217407 -2.600008 2.712261 -0.633654 0.836227 0.547193 0.021566 -0.028991
1733228656.457561969757080 -2.599936 2.712237 -0.633527 0.836220 0.547204 0.021529 -0.029001
1733228656.557560920715332 -2.600005 2.712259 -0.633512 0.836233 0.547183 0.021519 -0.029013
1733228656.657559633255005 -2.599942 2.712281 -0.633607 0.836228 0.547189 0.021525 -0.029044
1733228656.757558584213257 -2.599931 2.712208 -0.633537 0.836217 0.547208 0.021527 -0.029011
1733228656.857557535171509 -2.600001 2.712279 -0.633566 0.836234 0.547180 0.021527 -0.029029
1733228656.957556486129761 -2.600007 2.712277 -0.633685 0.836233 0.547181 0.021567 -0.029027
1733228657.057555675506592 -2.599868 2.712033 -0.633352 0.836201 0.547233 0.021475 -0.029036
1733228657.157554388046265 -2.599898 2.712149 -0.633589 0.836217 0.547204 0.021516 -0.029086
1733228657.257553339004517 -2.600059 2.712133 -0.633345 0.836239 0.547175 0.021465 -0.029040
1733228657.357552051544189 -2.599905 2.712057 -0.633444 0.836210 0.547218 0.021477 -0.029054
1733228657.457551002502441 -2.599962 2.712205 -0.633597 0.836217 0.547207 0.021535 -0.029028
1733228657.557549953460693 -2.600070 2.712210 -0.633664 0.836230 0.547185 0.021577 -0.029018
1733228657.657548666000366 -2.599978 2.712029 -0.633239 0.836215 0.547213 0.021454 -0.029036
1733228657.757547378540039 -2.599935 2.712075 -0.633592 0.836206 0.547222 0.021536 -0.029054
1733228657.857546329498291 -2.600096 2.712130 -0.633328 0.836226 0.547196 0.021500 -0.028982
1733228657.957545280456543 -2.599974 2.712038 -0.633256 0.836224 0.547196 0.021424 -0.029106
1733228658.057544231414795 -2.600034 2.712187 -0.633596 0.836230 0.547185 0.021525 -0.029082
1733228658.157542943954468 -2.599876 2.712008 -0.633279 0.836196 0.547240 0.021470 -0.029048
1733228658.257541894912720 -2.599933 2.712177 -0.633556 0.836219 0.547200 0.021521 -0.029087
1733228658.357540607452393 -2.600056 2.712018 -0.633213 0.836224 0.547197 0.021457 -0.029058
1733228658.457539796829224 -2.600087 2.712078 -0.633531 0.836234 0.547178 0.021524 -0.029085
1733228658.557538747787476 -2.599938 2.711917 -0.633264 0.836199 0.547235 0.021473 -0.029056
1733228658.657537460327148 -2.599971 2.712027 -0.633368 0.836208 0.547220 0.021519 -0.029048
1733228658.757536411285400 -2.600004 2.712125 -0.633381 0.836222 0.547199 0.021506 -0.029059
1733228658.857535362243652 -2.599912 2.711992 -0.633269 0.836203 0.547227 0.021480 -0.029076
1733228658.957534074783325 -2.600112 2.712040 -0.633198 0.836227 0.547192 0.021482 -0.029041
1733228659.057533025741577 -2.599849 2.712051 -0.633196 0.836211 0.547214 0.021429 -0.029125
1733228659.157531738281250 -2.600025 2.712102 -0.633372 0.836239 0.547172 0.021371 -0.029169
1733228659.257530689239502 -2.600059 2.712174 -0.633361 0.836248 0.547161 0.021361 -0.029122
1733228659.357529640197754 -2.600082 2.712197 -0.633492 0.836262 0.547135 0.021366 -0.029200
1733228659.457528352737427 -2.599825 2.711869 -0.633366 0.836204 0.547226 0.021342 -0.029184
1733228659.557527303695679 -2.600046 2.712001 -0.633478 0.836238 0.547172 0.021380 -0.029185
1733228659.657526016235352 -2.600005 2.712121 -0.633434 0.836242 0.547166 0.021360 -0.029181
1733228659.757525205612183 -2.600006 2.711972 -0.633314 0.836234 0.547180 0.021343 -0.029167
1733228659.857524156570435 -2.600006 2.712100 -0.633603 0.836237 0.547173 0.021410 -0.029166
1733228659.957523107528687 -2.599981 2.712050 -0.633374 0.836231 0.547186 0.021354 -0.029156
1733228660.057522058486938 -2.599738 2.711915 -0.633304 0.836209 0.547216 0.021282 -0.029264
1733228660.157520771026611 -2.600047 2.711920 -0.633187 0.836239 0.547174 0.021292 -0.029181
1733228660.257519483566284 -2.600104 2.712036 -0.633502 0.836241 0.547169 0.021402 -0.029130
1733228660.357518434524536 -2.599974 2.711946 -0.633347 0.836226 0.547192 0.021340 -0.029187
1733228660.457517147064209 -2.599965 2.712041 -0.633557 0.836233 0.547178 0.021383 -0.029198
1733228660.557516098022461 -2.599913 2.712018 -0.633414 0.836228 0.547188 0.021341 -0.029205
1733228660.657515048980713 -2.599834 2.711900 -0.633393 0.836215 0.547206 0.021337 -0.029239
1733228660.757513761520386 -2.600012 2.711928 -0.633116 0.836230 0.547189 0.021297 -0.029153
1733228660.857512712478638 -2.599951 2.712038 -0.633506 0.836233 0.547178 0.021363 -0.029222
1733228660.957511901855469 -2.599969 2.712021 -0.633466 0.836238 0.547170 0.021361 -0.029228
1733228661.057510852813721 -2.599815 2.711902 -0.633326 0.836203 0.547227 0.021330 -0.029200
1733228661.157509565353394 -2.599903 2.711993 -0.633587 0.836238 0.547167 0.021369 -0.029289
1733228661.257508516311646 -2.599989 2.711896 -0.633246 0.836229 0.547188 0.021311 -0.029205
1733228661.357507467269897 -2.600139 2.712058 -0.633184 0.836230 0.547192 0.021374 -0.029029
1733228661.457506179809570 -2.599766 2.712166 -0.633654 0.836233 0.547173 0.021361 -0.029323
1733228661.557504892349243 -2.599943 2.711996 -0.633140 0.836233 0.547184 0.021284 -0.029190
1733228661.657503843307495 -2.599876 2.711858 -0.633471 0.836219 0.547198 0.021345 -0.029252
1733228661.757502555847168 -2.599987 2.711838 -0.633257 0.836217 0.547207 0.021328 -0.029179
1733228661.857501506805420 -2.599889 2.711944 -0.633373 0.836224 0.547193 0.021332 -0.029237
1733228661.957500457763672 -2.599976 2.711940 -0.633289 0.836239 0.547170 0.021306 -0.029242
1733228662.057499408721924 -2.599984 2.711974 -0.633477 0.836226 0.547189 0.021385 -0.029196
1733228662.157498121261597 -2.599794 2.711898 -0.633365 0.836199 0.547231 0.021347 -0.029205
1733228662.257497310638428 -2.598579 2.709954 -0.632610 0.836128 0.547339 0.020827 -0.029617
1733228662.357496261596680 -2.597469 2.709196 -0.632659 0.836054 0.547446 0.020673 -0.029820
1733228662.457494974136353 -2.597763 2.709227 -0.632572 0.836080 0.547410 0.020707 -0.029732
1733228662.557493925094604 -2.597584 2.709262 -0.632713 0.836065 0.547430 0.020703 -0.029779
1733228662.657492876052856 -2.597602 2.709289 -0.632689 0.836067 0.547428 0.020714 -0.029759
1733228662.757491827011108 -2.597457 2.709211 -0.632689 0.836046 0.547460 0.020710 -0.029778
1733228662.857490539550781 -2.597602 2.709196 -0.632601 0.836063 0.547435 0.020697 -0.029762
1733228662.957489252090454 -2.597586 2.709216 -0.632798 0.836071 0.547418 0.020712 -0.029835
1733228663.057488203048706 -2.597609 2.709112 -0.632566 0.836058 0.547443 0.020692 -0.029757
1733228663.157487154006958 -2.597611 2.709229 -0.632808 0.836069 0.547423 0.020739 -0.029793
1733228663.257485866546631 -2.597558 2.709110 -0.632508 0.836063 0.547433 0.020674 -0.029807
1733228663.357484817504883 -2.597642 2.709213 -0.632582 0.836069 0.547425 0.020711 -0.029757
1733228663.457483768463135 -2.597482 2.709096 -0.632541 0.836049 0.547454 0.020668 -0.029805
1733228663.557482719421387 -2.597429 2.709190 -0.632754 0.836048 0.547452 0.020697 -0.029851
1733228663.657481670379639 -2.597644 2.709093 -0.632468 0.836066 0.547431 0.020667 -0.029773
1733228663.757480621337891 -2.597482 2.709061 -0.632661 0.836049 0.547452 0.020686 -0.029845
1733228663.857479572296143 -2.597552 2.709077 -0.632477 0.836044 0.547466 0.020690 -0.029735
1733228663.957478284835815 -2.597532 2.709042 -0.632469 0.836052 0.547451 0.020652 -0.029798
1733228664.057477235794067 -2.597578 2.709079 -0.632485 0.836062 0.547434 0.020661 -0.029813
1733228664.157475948333740 -2.597581 2.709127 -0.632579 0.836061 0.547435 0.020683 -0.029807
1733228664.257474660873413 -2.597522 2.709253 -0.632746 0.836067 0.547423 0.020713 -0.029847
1733228664.357473611831665 -2.597486 2.709115 -0.632419 0.836051 0.547454 0.020651 -0.029790
1733228664.457472562789917 -2.597473 2.709094 -0.632599 0.836048 0.547454 0.020677 -0.029835
1733228664.557471513748169 -2.597513 2.709042 -0.632581 0.836046 0.547459 0.020691 -0.029799
1733228664.657470226287842 -2.597527 2.708909 -0.632325 0.836051 0.547452 0.020598 -0.029859
1733228664.757469177246094 -2.597460 2.708963 -0.632426 0.836039 0.547470 0.020646 -0.029817
1733228664.857468366622925 -2.597447 2.709119 -0.632628 0.836053 0.547445 0.020690 -0.029864
1733228664.957467079162598 -2.597697 2.709105 -0.632425 0.836069 0.547426 0.020691 -0.029746
1733228665.057466030120850 -2.597349 2.708896 -0.632449 0.836020 0.547497 0.020657 -0.029830
1733228665.157464981079102 -2.597530 2.709097 -0.632539 0.836071 0.547417 0.020649 -0.029896
1733228665.257463932037354 -2.597448 2.709049 -0.632446 0.836049 0.547453 0.020646 -0.029845
1733228665.357462644577026 -2.597635 2.709026 -0.632372 0.836058 0.547438 0.020524 -0.029964
1733228665.457461357116699 -2.597520 2.708817 -0.631987 0.836035 0.547474 0.020431 -0.029995
1733228665.557460308074951 -2.597566 2.708957 -0.632115 0.836048 0.547454 0.020465 -0.030000
1733228665.657459020614624 -2.597677 2.708988 -0.632186 0.836063 0.547429 0.020480 -0.029998
1733228665.757457971572876 -2.597564 2.708799 -0.631914 0.836041 0.547466 0.020391 -0.030012
1733228665.857456922531128 -2.597487 2.708858 -0.632138 0.836039 0.547465 0.020420 -0.030052
1733228665.957455873489380 -2.597606 2.709015 -0.632241 0.836065 0.547425 0.020455 -0.030045
1733228666.057454586029053 -2.597653 2.708900 -0.631936 0.836056 0.547443 0.020409 -0.029994
1733228666.157453775405884 -2.597547 2.708946 -0.632109 0.836044 0.547460 0.020451 -0.029985
1733228666.257452726364136 -2.597524 2.708859 -0.632075 0.836038 0.547468 0.020437 -0.030024
1733228666.357451438903809 -2.597590 2.708964 -0.632190 0.836051 0.547448 0.020478 -0.029996
1733228666.457450389862061 -2.597660 2.708860 -0.631925 0.836055 0.547444 0.020417 -0.029990
1733228666.557449340820312 -2.597759 2.709034 -0.632163 0.836077 0.547411 0.020487 -0.029967
1733228666.657448053359985 -2.597397 2.708821 -0.632165 0.836027 0.547482 0.020443 -0.030067
1733228666.757446765899658 -2.597553 2.708905 -0.632100 0.836045 0.547456 0.020450 -0.030027
1733228666.857445716857910 -2.597775 2.708840 -0.631814 0.836065 0.547432 0.020411 -0.029953
1733228666.957444667816162 -2.597530 2.708898 -0.632194 0.836039 0.547467 0.020465 -0.030004
1733228667.057443380355835 -2.597561 2.708917 -0.632295 0.836050 0.547447 0.020470 -0.030048
1733228667.157442331314087 -2.597638 2.708857 -0.632173 0.836045 0.547458 0.020482 -0.029985
1733228667.257441282272339 -2.597591 2.708894 -0.632030 0.836056 0.547440 0.020413 -0.030035
1733228667.357440471649170 -2.597556 2.708926 -0.632179 0.836043 0.547460 0.020468 -0.030001
1733228667.457439184188843 -2.597584 2.708839 -0.631891 0.836047 0.547457 0.020398 -0.030001
1733228667.557438135147095 -2.597583 2.708916 -0.632128 0.836056 0.547439 0.020433 -0.030042
1733228667.657436847686768 -2.597636 2.709022 -0.632243 0.836054 0.547443 0.020501 -0.029976
1733228667.757435798645020 -2.597563 2.708886 -0.632067 0.836046 0.547456 0.020440 -0.030020
1733228667.857434749603271 -2.597560 2.708965 -0.632057 0.836054 0.547444 0.020422 -0.030033
1733228667.957433462142944 -2.597485 2.708902 -0.632265 0.836039 0.547464 0.020469 -0.030048
1733228668.057432413101196 -2.597626 2.708877 -0.632020 0.836055 0.547443 0.020421 -0.030022
1733228668.157431125640869 -2.597630 2.708893 -0.631953 0.836057 0.547442 0.020413 -0.029988
1733228668.257430076599121 -2.597452 2.708897 -0.632169 0.836035 0.547472 0.020444 -0.030036
1733228668.357429027557373 -2.597551 2.708986 -0.632239 0.836048 0.547451 0.020479 -0.030015
1733228668.457427740097046 -2.598092 2.709211 -0.632802 0.836043 0.547457 0.019906 -0.030435
1733228668.557426691055298 -2.598238 2.709155 -0.632404 0.836055 0.547445 0.019826 -0.030378
1733228668.657425880432129 -2.598124 2.709220 -0.632767 0.836045 0.547457 0.019903 -0.030392
1733228668.757424592971802 -2.598298 2.709166 -0.632446 0.836062 0.547435 0.019856 -0.030352
1733228668.857423543930054 -2.598190 2.709224 -0.632689 0.836051 0.547448 0.019902 -0.030387
1733228668.957422494888306 -2.598165 2.709139 -0.632539 0.836045 0.547459 0.019862 -0.030395
1733228669.057421445846558 -2.598121 2.709305 -0.632839 0.836054 0.547441 0.019912 -0.030434
1733228669.157420158386230 -2.598171 2.709243 -0.632735 0.836045 0.547457 0.019922 -0.030368
1733228669.257418870925903 -2.598233 2.709239 -0.632564 0.836049 0.547455 0.019884 -0.030333
1733228669.357417821884155 -2.598203 2.709264 -0.632662 0.836056 0.547442 0.019890 -0.030374
1733228669.457416534423828 -2.598265 2.709248 -0.632578 0.836065 0.547429 0.019880 -0.030376
1733228669.557415485382080 -2.598141 2.709164 -0.632588 0.836047 0.547454 0.019866 -0.030412
1733228669.657414436340332 -2.598226 2.709250 -0.632683 0.836059 0.547435 0.019902 -0.030397
1733228669.757413148880005 -2.598238 2.709288 -0.632585 0.836062 0.547434 0.019883 -0.030364
1733228669.857412099838257 -2.598174 2.709237 -0.632721 0.836047 0.547455 0.019908 -0.030367
1733228669.957411289215088 -2.598178 2.709197 -0.632556 0.836043 0.547462 0.019886 -0.030354
1733228670.057410240173340 -2.598275 2.709337 -0.632760 0.836069 0.547420 0.019915 -0.030380
1733228670.157408952713013 -2.598063 2.709242 -0.632724 0.836039 0.547465 0.019893 -0.030418
1733228670.257407903671265 -2.598319 2.709213 -0.632531 0.836062 0.547434 0.019877 -0.030349
1733228670.357404232025146 -2.598207 2.709223 -0.632589 0.836053 0.547448 0.019873 -0.030364
1733228670.457402944564819 -2.598273 2.709340 -0.632677 0.836067 0.547425 0.019902 -0.030360
1733228670.557401895523071 -2.598162 2.709266 -0.632628 0.836046 0.547456 0.019897 -0.030371
1733228670.657400608062744 -2.598256 2.709371 -0.632711 0.836061 0.547435 0.019927 -0.030343
1733228670.757399559020996 -2.598244 2.709278 -0.632673 0.836053 0.547448 0.019923 -0.030329
1733228670.857398748397827 -2.598224 2.709296 -0.632620 0.836067 0.547423 0.019874 -0.030417
1733228670.957397699356079 -2.598179 2.709215 -0.632451 0.836048 0.547456 0.019848 -0.030351
1733228671.057396650314331 -2.598311 2.709328 -0.632621 0.836076 0.547411 0.019876 -0.030380
1733228671.157395362854004 -2.598130 2.709198 -0.632636 0.836039 0.547468 0.019896 -0.030359
1733228671.257394313812256 -2.598322 2.709269 -0.632667 0.836072 0.547416 0.019893 -0.030372
1733228671.357393264770508 -2.598271 2.709263 -0.632831 0.836063 0.547429 0.019940 -0.030375
1733228671.457391738891602 -2.598165 2.709102 -0.632539 0.836040 0.547467 0.019860 -0.030379
1733228671.557390689849854 -2.599634 2.710188 -0.633675 0.836126 0.547329 0.018472 -0.031347
1733228671.657389402389526 -2.599545 2.710217 -0.633821 0.836112 0.547350 0.018509 -0.031338
1733228671.757388353347778 -2.599651 2.710252 -0.633674 0.836123 0.547336 0.018492 -0.031286
1733228671.857387304306030 -2.599531 2.710177 -0.633583 0.836108 0.547359 0.018440 -0.031321
1733228671.957386255264282 -2.599521 2.710189 -0.633706 0.836111 0.547353 0.018458 -0.031344
1733228672.057385206222534 -2.599715 2.710265 -0.633613 0.836141 0.547310 0.018461 -0.031296
1733228672.157384157180786 -2.599660 2.710118 -0.633743 0.836112 0.547353 0.018507 -0.031282
1733228672.257383108139038 -2.599677 2.710198 -0.633758 0.836120 0.547340 0.018505 -0.031309
1733228672.357382059097290 -2.599711 2.710204 -0.633772 0.836134 0.547317 0.018493 -0.031340
1733228672.457380771636963 -2.599471 2.710152 -0.633878 0.836096 0.547374 0.018509 -0.031344
1733228672.557379722595215 -2.599519 2.710075 -0.633705 0.836105 0.547360 0.018462 -0.031381
1733228672.657378673553467 -2.599759 2.710252 -0.633700 0.836137 0.547314 0.018495 -0.031294
1733228672.757377147674561 -2.599681 2.710200 -0.633846 0.836132 0.547320 0.018497 -0.031348
1733228672.857376337051392 -2.599484 2.710040 -0.633754 0.836094 0.547378 0.018479 -0.031351
1733228672.957375049591064 -2.599637 2.710146 -0.633681 0.836119 0.547341 0.018475 -0.031326
1733228673.057374000549316 -2.599704 2.710223 -0.633727 0.836136 0.547314 0.018480 -0.031338
1733228673.157372713088989 -2.599599 2.710136 -0.633656 0.836110 0.547356 0.018474 -0.031311
1733228673.257371664047241 -2.599626 2.710142 -0.633623 0.836122 0.547337 0.018447 -0.031345
1733228673.357370615005493 -2.599565 2.710168 -0.633807 0.836113 0.547347 0.018491 -0.031356
1733228673.457369565963745 -2.599654 2.710195 -0.633588 0.836121 0.547340 0.018466 -0.031297
1733228673.557368516921997 -2.599630 2.710253 -0.633887 0.836119 0.547341 0.018542 -0.031304
1733228673.657367467880249 -2.599535 2.710056 -0.633490 0.836102 0.547368 0.018426 -0.031341
1733228673.757366180419922 -2.599677 2.710303 -0.633934 0.836127 0.547326 0.018550 -0.031316
1733228673.857365369796753 -2.599608 2.710137 -0.633570 0.836117 0.547344 0.018453 -0.031334
1733228673.957364082336426 -2.599688 2.710176 -0.633691 0.836128 0.547328 0.018479 -0.031326
1733228674.057362794876099 -2.599580 2.710166 -0.633701 0.836113 0.547350 0.018473 -0.031331
1733228674.157361507415771 -2.599624 2.710245 -0.633834 0.836116 0.547346 0.018522 -0.031300
1733228674.257360458374023 -2.599617 2.710130 -0.633664 0.836114 0.547349 0.018482 -0.031320
1733228674.357356071472168 -2.599608 2.710196 -0.633749 0.836120 0.547339 0.018487 -0.031314
1733228674.457354784011841 -2.599655 2.710176 -0.633763 0.836122 0.547336 0.018492 -0.031332
1733228674.557353734970093 -2.599689 2.710256 -0.633660 0.836132 0.547323 0.018467 -0.031294
1733228674.657352447509766 -2.599632 2.710318 -0.633924 0.836142 0.547291 0.017828 -0.031959
1733228674.757351636886597 -2.599618 2.710252 -0.633701 0.836131 0.547312 0.017792 -0.031910
1733228674.857350587844849 -2.599599 2.710393 -0.633885 0.836145 0.547288 0.017808 -0.031958
1733228674.957349300384521 -2.599587 2.710297 -0.633805 0.836129 0.547314 0.017816 -0.031915
1733228675.057348012924194 -2.599599 2.710314 -0.633841 0.836144 0.547289 0.017801 -0.031973
1733228675.157346963882446 -2.599708 2.710308 -0.633744 0.836151 0.547279 0.017799 -0.031944
1733228675.257345676422119 -2.599553 2.710314 -0.633853 0.836127 0.547315 0.017828 -0.031923
1733228675.357344627380371 -2.599707 2.710260 -0.633668 0.836142 0.547295 0.017791 -0.031905
1733228675.457343101501465 -2.599652 2.710300 -0.633764 0.836143 0.547293 0.017797 -0.031929
1733228675.557342052459717 -2.599603 2.710293 -0.633821 0.836132 0.547309 0.017823 -0.031916
1733228675.657340764999390 -2.599581 2.710279 -0.633751 0.836139 0.547297 0.017779 -0.031976
1733228675.757339715957642 -2.599658 2.710315 -0.633797 0.836137 0.547301 0.017829 -0.031902
1733228675.857338428497314 -2.599727 2.710347 -0.633870 0.836155 0.547272 0.017835 -0.031925
1733228675.957337379455566 -2.599548 2.710222 -0.633686 0.836128 0.547314 0.017767 -0.031960
1733228676.057336330413818 -2.599718 2.710344 -0.633771 0.836151 0.547281 0.017807 -0.031906
1733228676.157335042953491 -2.599518 2.710312 -0.633896 0.836130 0.547310 0.017804 -0.031969
1733228676.257333755493164 -2.599636 2.710366 -0.633817 0.836143 0.547292 0.017816 -0.031927
1733228676.357332944869995 -2.599710 2.710357 -0.633777 0.836147 0.547288 0.017828 -0.031881
1733228676.457331895828247 -2.599643 2.710366 -0.633916 0.836150 0.547278 0.017817 -0.031965
1733228676.557330608367920 -2.599738 2.710381 -0.633895 0.836152 0.547277 0.017848 -0.031916
1733228676.657329320907593 -2.599516 2.710271 -0.633642 0.836126 0.547320 0.017764 -0.031924
1733228676.757328271865845 -2.599661 2.710332 -0.633764 0.836143 0.547293 0.017792 -0.031922
1733228676.857326984405518 -2.599566 2.710348 -0.634034 0.836137 0.547298 0.017849 -0.031960
1733228676.957325935363770 -2.599706 2.710292 -0.633654 0.836144 0.547292 0.017785 -0.031899
1733228677.057324647903442 -2.599581 2.710219 -0.633648 0.836128 0.547318 0.017777 -0.031901
1733228677.157323360443115 -2.599634 2.710361 -0.633962 0.836141 0.547293 0.017844 -0.031932
1733228677.257322072982788 -2.599689 2.710414 -0.634077 0.836149 0.547280 0.017891 -0.031925
1733228677.357321023941040 -2.599638 2.710336 -0.633775 0.836147 0.547286 0.017794 -0.031943
1733228677.457319736480713 -2.599636 2.710244 -0.633687 0.836136 0.547305 0.017782 -0.031913
1733228677.557318687438965 -2.599664 2.710326 -0.633855 0.836149 0.547282 0.017813 -0.031942
1733228677.657317399978638 -2.599601 2.710327 -0.633879 0.836130 0.547312 0.017845 -0.031907
1733228677.757316350936890 -2.599637 2.710239 -0.633750 0.836140 0.547280 0.017620 -0.032304
1733228677.857315540313721 -2.599681 2.710306 -0.633802 0.836147 0.547271 0.017653 -0.032260
1733228677.957314252853394 -2.599632 2.710256 -0.633705 0.836142 0.547277 0.017615 -0.032299
1733228678.057312965393066 -2.599523 2.710358 -0.633985 0.836136 0.547285 0.017677 -0.032304
1733228678.157311916351318 -2.599621 2.710175 -0.633513 0.836136 0.547290 0.017562 -0.032291
1733228678.257310867309570 -2.599770 2.710410 -0.633973 0.836166 0.547240 0.017689 -0.032280
1733228678.357309579849243 -2.599632 2.710260 -0.633746 0.836137 0.547285 0.017633 -0.032278
1733228678.457308292388916 -2.599586 2.710305 -0.633735 0.836146 0.547272 0.017607 -0.032306
1733228678.557307004928589 -2.599519 2.710284 -0.633781 0.836128 0.547299 0.017619 -0.032306
1733228678.657305955886841 -2.599602 2.710348 -0.633939 0.836140 0.547280 0.017677 -0.032287
1733228678.757304668426514 -2.599619 2.710182 -0.633589 0.836128 0.547302 0.017600 -0.032254
1733228678.857303619384766 -2.599748 2.710405 -0.633919 0.836166 0.547239 0.017671 -0.032297
1733228678.957302331924438 -2.599585 2.710212 -0.633805 0.836126 0.547302 0.017658 -0.032274
1733228679.057301044464111 -2.599739 2.710276 -0.633680 0.836153 0.547263 0.017613 -0.032267
1733228679.157299995422363 -2.599634 2.710297 -0.633923 0.836142 0.547277 0.017673 -0.032289
1733228679.257298946380615 -2.599572 2.710227 -0.633823 0.836130 0.547294 0.017642 -0.032302
1733228679.357297658920288 -2.599638 2.710321 -0.633892 0.836144 0.547274 0.017657 -0.032299
1733228679.457296609878540 -2.599700 2.710266 -0.633617 0.836144 0.547277 0.017615 -0.032259
1733228679.557295560836792 -2.599654 2.710381 -0.634022 0.836152 0.547259 0.017687 -0.032311
1733228679.657294273376465 -2.599592 2.710195 -0.633564 0.836131 0.547297 0.017582 -0.032280
1733228679.757293224334717 -2.599674 2.710295 -0.633801 0.836142 0.547280 0.017652 -0.032250
1733228679.857292175292969 -2.599660 2.710310 -0.633918 0.836149 0.547265 0.017661 -0.032309
1733228679.957290887832642 -2.599575 2.710140 -0.633619 0.836119 0.547317 0.017607 -0.032242
1733228680.057289838790894 -2.599673 2.710363 -0.634029 0.836153 0.547257 0.017681 -0.032320
1733228680.157288312911987 -2.599669 2.710186 -0.633656 0.836139 0.547284 0.017617 -0.032274
1733228680.257287263870239 -2.599706 2.710305 -0.633827 0.836149 0.547268 0.017658 -0.032260
1733228680.357285976409912 -2.599639 2.710243 -0.633896 0.836141 0.547278 0.017663 -0.032305
1733228680.457284927368164 -2.599695 2.710204 -0.633633 0.836143 0.547277 0.017607 -0.032282
1733228680.557283639907837 -2.599689 2.710184 -0.633542 0.836141 0.547281 0.017589 -0.032268
1733228680.657282352447510 -2.599765 2.710289 -0.633856 0.836152 0.547263 0.017680 -0.032254
1733228680.757281303405762 -2.599594 2.710187 -0.633692 0.836128 0.547300 0.017629 -0.032277
1733228680.857280254364014 -2.599704 2.710190 -0.633770 0.836156 0.547254 0.017201 -0.032573
1733228680.957278966903687 -2.599723 2.710235 -0.633901 0.836162 0.547243 0.017218 -0.032589
1733228681.057278156280518 -2.599710 2.710169 -0.633634 0.836152 0.547261 0.017168 -0.032552
1733228681.157276868820190 -2.599641 2.710197 -0.633743 0.836150 0.547263 0.017174 -0.032577
1733228681.257275819778442 -2.599724 2.710158 -0.633607 0.836150 0.547266 0.017186 -0.032513
1733228681.357274532318115 -2.599656 2.710219 -0.633848 0.836143 0.547275 0.017224 -0.032536
1733228681.457273483276367 -2.599681 2.710230 -0.633747 0.836159 0.547249 0.017174 -0.032582
1733228681.557272195816040 -2.599528 2.710215 -0.633893 0.836145 0.547267 0.017175 -0.032637
1733228681.657270908355713 -2.599767 2.710256 -0.633813 0.836170 0.547231 0.017199 -0.032589
1733228681.757269620895386 -2.599730 2.710165 -0.633601 0.836156 0.547256 0.017167 -0.032536
1733228681.857268571853638 -2.599711 2.710215 -0.633772 0.836155 0.547256 0.017200 -0.032558
1733228681.957267284393311 -2.599670 2.710279 -0.633908 0.836160 0.547246 0.017216 -0.032584
1733228682.057266235351562 -2.599637 2.710103 -0.633586 0.836137 0.547286 0.017159 -0.032539
1733228682.157264947891235 -2.599683 2.710165 -0.633701 0.836149 0.547266 0.017184 -0.032541
1733228682.257263898849487 -2.599572 2.710211 -0.633793 0.836143 0.547273 0.017188 -0.032589
1733228682.357262611389160 -2.599791 2.710200 -0.633613 0.836166 0.547240 0.017161 -0.032557
1733228682.457261562347412 -2.599758 2.710297 -0.633999 0.836168 0.547234 0.017246 -0.032579
1733228682.557260513305664 -2.599479 2.710107 -0.633704 0.836132 0.547288 0.017138 -0.032630
1733228682.657259464263916 -2.599786 2.710223 -0.633707 0.836163 0.547246 0.017196 -0.032523
1733228682.757258176803589 -2.599720 2.710226 -0.633876 0.836154 0.547258 0.017243 -0.032530
1733228682.857257127761841 -2.599635 2.710126 -0.633610 0.836142 0.547277 0.017158 -0.032558
1733228682.957255840301514 -2.599712 2.710276 -0.633916 0.836174 0.547223 0.017195 -0.032634
1733228683.057254791259766 -2.599606 2.710137 -0.633641 0.836138 0.547283 0.017165 -0.032553
1733228683.157253503799438 -2.599783 2.710254 -0.633885 0.836164 0.547241 0.017243 -0.032544
1733228683.257252216339111 -2.599743 2.710189 -0.633736 0.836157 0.547254 0.017203 -0.032538
1733228683.357250928878784 -2.599605 2.710129 -0.633752 0.836133 0.547291 0.017202 -0.032527
1733228683.457249879837036 -2.599614 2.710180 -0.633776 0.836151 0.547259 0.017162 -0.032615
1733228683.557248592376709 -2.599698 2.710189 -0.633635 0.836154 0.547259 0.017163 -0.032547
1733228683.657247543334961 -2.599656 2.710242 -0.633841 0.836149 0.547264 0.017214 -0.032561
1733228683.757246255874634 -2.599704 2.710258 -0.633909 0.836158 0.547249 0.017236 -0.032570
1733228683.857245206832886 -2.599741 2.710165 -0.633527 0.836164 0.547244 0.017133 -0.032560
1733228683.957244157791138 -2.599726 2.710193 -0.633832 0.836152 0.547258 0.017210 -0.032598
1733228684.057242870330811 -2.599625 2.710140 -0.633741 0.836148 0.547264 0.017148 -0.032646
1733228684.157241821289062 -2.599698 2.710271 -0.633769 0.836156 0.547253 0.017185 -0.032599
1733228684.257240772247314 -2.599646 2.710220 -0.633840 0.836155 0.547251 0.017167 -0.032653
1733228684.357236862182617 -2.599725 2.710224 -0.633752 0.836151 0.547262 0.017200 -0.032562
1733228684.457235574722290 -2.599702 2.710154 -0.633792 0.836156 0.547250 0.017176 -0.032633
1733228684.557234287261963 -2.599675 2.710172 -0.633705 0.836153 0.547256 0.017149 -0.032634
1733228684.657232999801636 -2.599713 2.710162 -0.633713 0.836148 0.547266 0.017182 -0.032581
1733228684.757231950759888 -2.599840 2.710275 -0.633783 0.836175 0.547223 0.017195 -0.032596
1733228684.857230901718140 -2.599601 2.710198 -0.633758 0.836138 0.547281 0.017183 -0.032591
1733228684.957229614257812 -2.599596 2.710139 -0.633736 0.836139 0.547277 0.017149 -0.032630
1733228685.057228326797485 -2.599648 2.710129 -0.633779 0.836148 0.547261 0.017153 -0.032661
1733228685.157227277755737 -2.599786 2.710145 -0.633668 0.836154 0.547259 0.017186 -0.032546
1733228685.257225990295410 -2.599564 2.710204 -0.633954 0.836147 0.547259 0.017176 -0.032707
1733228685.357225179672241 -2.599825 2.710211 -0.633822 0.836162 0.547243 0.017213 -0.032581
1733228685.457223892211914 -2.599745 2.710192 -0.633747 0.836159 0.547248 0.017176 -0.032614
1733228685.557222843170166 -2.599725 2.710195 -0.633694 0.836157 0.547252 0.017159 -0.032603
1733228685.657221555709839 -2.599590 2.710225 -0.633798 0.836152 0.547256 0.017141 -0.032678
1733228685.757220506668091 -2.599771 2.710278 -0.633967 0.836162 0.547242 0.017235 -0.032600
1733228685.857219219207764 -2.599632 2.710054 -0.633618 0.836135 0.547285 0.017138 -0.032603
1733228685.957218170166016 -2.599787 2.710209 -0.633889 0.836162 0.547243 0.017224 -0.032597
1733228686.057216882705688 -2.599597 2.710144 -0.633660 0.836140 0.547275 0.017131 -0.032638
1733228686.157215595245361 -2.599801 2.710260 -0.633873 0.836165 0.547238 0.017211 -0.032594
1733228686.257214307785034 -2.599815 2.710206 -0.633679 0.836169 0.547233 0.017159 -0.032607
1733228686.357213258743286 -2.599732 2.710180 -0.633666 0.836155 0.547255 0.017154 -0.032595
1733228686.457211971282959 -2.599671 2.710250 -0.633954 0.836157 0.547246 0.017209 -0.032651
1733228686.557210922241211 -2.599631 2.710146 -0.633686 0.836141 0.547276 0.017148 -0.032602
1733228686.657209634780884 -2.599706 2.710155 -0.633792 0.836153 0.547256 0.017195 -0.032624
1733228686.757208585739136 -2.599551 2.710136 -0.633775 0.836132 0.547287 0.017157 -0.032639
1733228686.857207298278809 -2.599801 2.710295 -0.633773 0.836180 0.547215 0.017167 -0.032633
1733228686.957206487655640 -2.599782 2.710181 -0.633570 0.836161 0.547248 0.017147 -0.032561
1733228687.057205438613892 -2.599532 2.710201 -0.634066 0.836132 0.547286 0.017174 -0.032652
1733228687.157204151153564 -2.599764 2.710248 -0.633706 0.836171 0.547231 0.017088 -0.032631
1733228687.257202863693237 -2.599780 2.710198 -0.633855 0.836160 0.547247 0.017141 -0.032606
1733228687.357201814651489 -2.599631 2.710232 -0.633791 0.836146 0.547268 0.017123 -0.032611
1733228687.457200527191162 -2.599657 2.710126 -0.633537 0.836152 0.547259 0.017047 -0.032644
1733228687.557199478149414 -2.599658 2.710207 -0.633879 0.836158 0.547247 0.017134 -0.032660
1733228687.657198190689087 -2.599772 2.710217 -0.633801 0.836166 0.547238 0.017127 -0.032613
1733228687.757196903228760 -2.599706 2.710216 -0.633773 0.836155 0.547256 0.017116 -0.032600
1733228687.857195854187012 -2.599796 2.710281 -0.633810 0.836172 0.547229 0.017120 -0.032616
1733228687.957194566726685 -2.599553 2.710051 -0.633590 0.836134 0.547288 0.017044 -0.032632
1733228688.057193279266357 -2.599882 2.710181 -0.633813 0.836175 0.547224 0.017150 -0.032604
1733228688.157192230224609 -2.599692 2.710173 -0.633747 0.836151 0.547262 0.017117 -0.032598
1733228688.257191181182861 -2.599748 2.710229 -0.633853 0.836162 0.547243 0.017137 -0.032621
1733228688.357187747955322 -2.599640 2.710175 -0.633550 0.836153 0.547259 0.017045 -0.032625
1733228688.457186460494995 -2.599537 2.710310 -0.634051 0.836138 0.547277 0.017177 -0.032655
1733228688.557185173034668 -2.599715 2.710155 -0.633609 0.836155 0.547257 0.017077 -0.032601
1733228688.657184123992920 -2.599813 2.710196 -0.633779 0.836170 0.547231 0.017120 -0.032622
1733228688.757182836532593 -2.599759 2.710238 -0.633817 0.836162 0.547244 0.017136 -0.032600
1733228688.857181549072266 -2.599721 2.710203 -0.633760 0.836154 0.547257 0.017119 -0.032605
1733228688.957180261611938 -2.599626 2.710190 -0.633832 0.836156 0.547251 0.017097 -0.032679
1733228689.057179212570190 -2.599659 2.710138 -0.633827 0.836142 0.547274 0.017138 -0.032622
1733228689.157177925109863 -2.599704 2.710219 -0.633736 0.836167 0.547235 0.017084 -0.032665
1733228689.257176876068115 -2.599816 2.710178 -0.633719 0.836162 0.547248 0.017121 -0.032563
1733228689.357175588607788 -2.599587 2.710132 -0.633806 0.836140 0.547277 0.017091 -0.032659
1733228689.457174301147461 -2.599779 2.710254 -0.633888 0.836171 0.547229 0.017138 -0.032636
1733228689.557173252105713 -2.599630 2.710154 -0.633771 0.836148 0.547265 0.017097 -0.032641
1733228689.657171964645386 -2.599800 2.710189 -0.633726 0.836164 0.547244 0.017119 -0.032587
1733228689.757171154022217 -2.599726 2.710181 -0.633763 0.836153 0.547260 0.017118 -0.032600
1733228689.857170104980469 -2.599718 2.710221 -0.633796 0.836164 0.547240 0.017099 -0.032657
1733228689.957168817520142 -2.599693 2.710262 -0.633926 0.836156 0.547251 0.017149 -0.032626
1733228690.057167530059814 -2.599724 2.710200 -0.633688 0.836158 0.547252 0.017095 -0.032607
1733228690.157166481018066 -2.599650 2.710151 -0.633849 0.836152 0.547259 0.017019 -0.032672
1733228690.257165193557739 -2.599803 2.710235 -0.633734 0.836175 0.547227 0.017020 -0.032634
1733228690.357164144515991 -2.599601 2.710110 -0.633605 0.836132 0.547295 0.016998 -0.032589
1733228690.457162618637085 -2.599784 2.710237 -0.633922 0.836167 0.547236 0.017065 -0.032638
1733228690.557161331176758 -2.599761 2.710148 -0.633766 0.836162 0.547247 0.017029 -0.032634
1733228690.657160282135010 -2.599659 2.710197 -0.633809 0.836161 0.547246 0.017010 -0.032677
1733228690.757158994674683 -2.599714 2.710127 -0.633611 0.836159 0.547252 0.016973 -0.032639
1733228690.857157945632935 -2.599835 2.710220 -0.633781 0.836173 0.547231 0.017037 -0.032609
1733228690.957156896591187 -2.599657 2.710230 -0.633803 0.836161 0.547246 0.017007 -0.032673
1733228691.057155609130859 -2.599705 2.710182 -0.633680 0.836147 0.547272 0.017031 -0.032566
1733228691.157154321670532 -2.599665 2.710151 -0.633819 0.836153 0.547258 0.017024 -0.032656
1733228691.257153272628784 -2.599733 2.710174 -0.633755 0.836159 0.547250 0.017024 -0.032637
1733228691.357152223587036 -2.599684 2.710175 -0.633756 0.836156 0.547256 0.017011 -0.032638
1733228691.457151174545288 -2.599709 2.710205 -0.633784 0.836166 0.547238 0.016997 -0.032680
1733228691.557149887084961 -2.599709 2.710312 -0.633950 0.836170 0.547231 0.017047 -0.032666
1733228691.657148838043213 -2.599606 2.710079 -0.633672 0.836146 0.547271 0.016982 -0.032652
1733228691.757147550582886 -2.599819 2.710224 -0.633852 0.836160 0.547251 0.017080 -0.032570
1733228691.857146501541138 -2.599618 2.710168 -0.633756 0.836149 0.547265 0.017010 -0.032657
1733228691.957145214080811 -2.599800 2.710190 -0.633763 0.836172 0.547231 0.017009 -0.032655
1733228692.057143926620483 -2.599674 2.710186 -0.633889 0.836152 0.547260 0.017044 -0.032647
1733228692.157142639160156 -2.599714 2.710271 -0.633871 0.836166 0.547240 0.017048 -0.032638
1733228692.257141590118408 -2.599831 2.710223 -0.633721 0.836169 0.547238 0.017039 -0.032588
1733228692.357140302658081 -2.599665 2.710111 -0.633694 0.836154 0.547258 0.016989 -0.032658
1733228692.457139015197754 -2.599747 2.710155 -0.633771 0.836162 0.547246 0.017022 -0.032637
1733228692.557137966156006 -2.599811 2.710223 -0.633752 0.836175 0.547226 0.017022 -0.032641
1733228692.657136678695679 -2.599615 2.710141 -0.633729 0.836139 0.547282 0.017018 -0.032615
1733228692.757135391235352 -2.599635 2.710303 -0.633952 0.836162 0.547243 0.017026 -0.032684
1733228692.857134342193604 -2.599692 2.710205 -0.633797 0.836156 0.547255 0.017029 -0.032626
1733228692.957133531570435 -2.599882 2.710357 -0.633857 0.836184 0.547214 0.017063 -0.032585
1733228693.057132244110107 -2.599551 2.710144 -0.633716 0.836141 0.547278 0.016981 -0.032653
1733228693.157131195068359 -2.599776 2.710209 -0.633923 0.836164 0.547241 0.017080 -0.032641
1733228693.257129907608032 -2.599761 2.710191 -0.633699 0.836169 0.547237 0.016888 -0.032687
1733228693.357128858566284 -2.599721 2.710257 -0.633865 0.836166 0.547240 0.016924 -0.032692
1733228693.457127571105957 -2.599636 2.710067 -0.633576 0.836148 0.547269 0.016844 -0.032686
1733228693.557126283645630 -2.599781 2.710252 -0.633953 0.836163 0.547246 0.016974 -0.032625
1733228693.657125234603882 -2.599602 2.710194 -0.633879 0.836157 0.547251 0.016888 -0.032757
1733228693.757123708724976 -2.599663 2.710241 -0.633887 0.836157 0.547254 0.016920 -0.032684
1733228693.857122659683228 -2.599796 2.710327 -0.633907 0.836176 0.547225 0.016946 -0.032656
1733228693.957121610641479 -2.599697 2.710203 -0.633825 0.836160 0.547251 0.016916 -0.032662
1733228694.057120323181152 -2.599674 2.710272 -0.633830 0.836164 0.547244 0.016898 -0.032688
1733228694.157119035720825 -2.599617 2.710225 -0.633792 0.836155 0.547257 0.016878 -0.032716
1733228694.257117986679077 -2.599650 2.710247 -0.633851 0.836162 0.547245 0.016896 -0.032714
1733228694.357114315032959 -2.599760 2.710188 -0.633781 0.836166 0.547242 0.016918 -0.032665
1733228694.457113027572632 -2.599651 2.710278 -0.633939 0.836160 0.547249 0.016924 -0.032700
1733228694.557111740112305 -2.599730 2.710129 -0.633663 0.836155 0.547260 0.016896 -0.032640
1733228694.657110691070557 -2.599793 2.710219 -0.633856 0.836175 0.547226 0.016919 -0.032686
1733228694.757109642028809 -2.599633 2.710168 -0.633715 0.836151 0.547265 0.016884 -0.032676
1733228694.857108354568481 -2.599723 2.710231 -0.633947 0.836173 0.547226 0.016920 -0.032734
1733228694.957107067108154 -2.599683 2.710244 -0.633727 0.836158 0.547255 0.016902 -0.032657
1733228695.057105779647827 -2.599642 2.710176 -0.633890 0.836151 0.547263 0.016923 -0.032684
1733228695.157104492187500 -2.599697 2.710204 -0.633745 0.836160 0.547251 0.016890 -0.032677
1733228695.257103443145752 -2.599717 2.710244 -0.633835 0.836161 0.547250 0.016920 -0.032664
1733228695.357102155685425 -2.599852 2.710254 -0.633874 0.836183 0.547214 0.016934 -0.032676
1733228695.457101106643677 -2.599598 2.710250 -0.633844 0.836159 0.547248 0.016888 -0.032747
1733228695.557099819183350 -2.599729 2.710246 -0.633967 0.836168 0.547235 0.016941 -0.032713
1733228695.657098770141602 -2.599724 2.710232 -0.633720 0.836161 0.547250 0.016905 -0.032645
1733228695.757097482681274 -2.599697 2.710183 -0.633779 0.836160 0.547250 0.016890 -0.032692
1733228695.857096672058105 -2.599644 2.710227 -0.633815 0.836158 0.547251 0.016894 -0.032709
1733228695.957095384597778 -2.599760 2.710192 -0.633747 0.836163 0.547247 0.016908 -0.032657
1733228696.057094335556030 -2.599618 2.710222 -0.633919 0.836156 0.547253 0.016916 -0.032722
1733228696.157093048095703 -2.599758 2.710217 -0.633844 0.836168 0.547237 0.016930 -0.032676
1733228696.257091760635376 -2.599754 2.710248 -0.633908 0.836164 0.547243 0.016941 -0.032673
1733228696.357090711593628 -2.599681 2.710194 -0.633802 0.836156 0.547257 0.016850 -0.032679
1733228696.457089424133301 -2.599736 2.710235 -0.633731 0.836172 0.547234 0.016815 -0.032684
1733228696.557088375091553 -2.599716 2.710180 -0.633799 0.836163 0.547247 0.016847 -0.032683
1733228696.657087087631226 -2.599704 2.710197 -0.633861 0.836159 0.547254 0.016872 -0.032656
1733228696.757085800170898 -2.599739 2.710221 -0.633751 0.836170 0.547238 0.016835 -0.032680
1733228696.857084512710571 -2.599465 2.710206 -0.634025 0.836141 0.547276 0.016858 -0.032757
1733228696.957083463668823 -2.599863 2.710295 -0.633764 0.836184 0.547216 0.016862 -0.032643
1733228697.057082176208496 -2.599680 2.710184 -0.633822 0.836160 0.547252 0.016847 -0.032681
1733228697.157081127166748 -2.599746 2.710234 -0.633770 0.836171 0.547236 0.016848 -0.032659
1733228697.257079839706421 -2.599611 2.710249 -0.633905 0.836153 0.547262 0.016864 -0.032693
1733228697.357078790664673 -2.599812 2.710277 -0.633943 0.836174 0.547230 0.016904 -0.032654
1733228697.457077503204346 -2.599632 2.710164 -0.633708 0.836156 0.547258 0.016809 -0.032705
1733228697.557076215744019 -2.599582 2.710167 -0.633714 0.836156 0.547256 0.016785 -0.032741
1733228697.657075405120850 -2.599790 2.710206 -0.633836 0.836165 0.547245 0.016887 -0.032647
1733228697.757074117660522 -2.599714 2.710229 -0.633928 0.836167 0.547238 0.016876 -0.032717
1733228697.857073068618774 -2.599809 2.710240 -0.633663 0.836173 0.547236 0.016842 -0.032619
1733228697.957071781158447 -2.599582 2.710131 -0.633731 0.836145 0.547275 0.016811 -0.032692
1733228698.057070732116699 -2.599763 2.710230 -0.633964 0.836174 0.547228 0.016877 -0.032709
1733228698.157069444656372 -2.599650 2.710209 -0.633695 0.836161 0.547250 0.016796 -0.032706
1733228698.257068157196045 -2.599644 2.710189 -0.633859 0.836151 0.547265 0.016868 -0.032673
1733228698.357064485549927 -2.599794 2.710250 -0.633801 0.836171 0.547236 0.016867 -0.032661
1733228698.457063198089600 -2.599724 2.710212 -0.633906 0.836163 0.547248 0.016873 -0.032671
1733228698.557061910629272 -2.599761 2.710203 -0.633835 0.836175 0.547226 0.016842 -0.032729
1733228698.657060623168945 -2.599664 2.710217 -0.633915 0.836160 0.547249 0.016875 -0.032709
1733228698.757059335708618 -2.599765 2.710197 -0.633579 0.836167 0.547245 0.016809 -0.032630
1733228698.857058525085449 -2.599569 2.710125 -0.633797 0.836138 0.547285 0.016853 -0.032693
1733228698.957057237625122 -2.599751 2.710270 -0.633799 0.836169 0.547239 0.016860 -0.032661
1733228699.057055950164795 -2.599711 2.710173 -0.633882 0.836162 0.547248 0.016874 -0.032686
1733228699.157054662704468 -2.599639 2.710141 -0.633658 0.836157 0.547257 0.016796 -0.032703
1733228699.257053613662720 -2.599832 2.710250 -0.633957 0.836173 0.547232 0.016923 -0.032643
1733228699.357052326202393 -2.599733 2.710184 -0.633696 0.836163 0.547249 0.016840 -0.032656
1733228699.457051038742065 -2.599657 2.710177 -0.633835 0.836160 0.547251 0.016798 -0.032717
1733228699.557049751281738 -2.599674 2.710188 -0.633825 0.836148 0.547273 0.016834 -0.032634
1733228699.657048463821411 -2.599659 2.710217 -0.633857 0.836173 0.547230 0.016783 -0.032757
1733228699.757047176361084 -2.599763 2.710259 -0.633855 0.836175 0.547229 0.016816 -0.032691
1733228699.857046127319336 -2.599594 2.710186 -0.633654 0.836147 0.547275 0.016763 -0.032669
1733228699.957044601440430 -2.599734 2.710177 -0.633837 0.836159 0.547255 0.016831 -0.032652
1733228700.057043313980103 -2.599776 2.710225 -0.633730 0.836177 0.547227 0.016789 -0.032680
1733228700.157042264938354 -2.599706 2.710250 -0.633908 0.836161 0.547251 0.016841 -0.032669
1733228700.257040977478027 -2.599661 2.710178 -0.633683 0.836158 0.547257 0.016783 -0.032679
1733228700.357039690017700 -2.599701 2.710172 -0.633735 0.836161 0.547252 0.016788 -0.032680
1733228700.457038402557373 -2.599770 2.710171 -0.633759 0.836170 0.547238 0.016797 -0.032683
1733228700.557037115097046 -2.599596 2.710186 -0.633815 0.836149 0.547270 0.016805 -0.032682
1733228700.657035827636719 -2.599789 2.710267 -0.633848 0.836178 0.547225 0.016823 -0.032678
1733228700.757034778594971 -2.599669 2.710236 -0.633823 0.836161 0.547251 0.016810 -0.032689
1733228700.857033491134644 -2.599734 2.710221 -0.633806 0.836169 0.547239 0.016808 -0.032685
1733228700.957032203674316 -2.599735 2.710140 -0.633667 0.836157 0.547261 0.016785 -0.032631
1733228701.057031393051147 -2.599696 2.710217 -0.633918 0.836172 0.547232 0.016802 -0.032748
1733228701.157030105590820 -2.599738 2.710240 -0.633808 0.836170 0.547238 0.016814 -0.032680
1733228701.257028818130493 -2.599559 2.710138 -0.633944 0.836146 0.547269 0.016819 -0.032756
1733228701.357027530670166 -2.599889 2.710275 -0.633849 0.836184 0.547217 0.016851 -0.032641
1733228701.457026243209839 -2.599619 2.710166 -0.633781 0.836145 0.547277 0.016802 -0.032657
1733228701.557024955749512 -2.599685 2.710172 -0.633621 0.836166 0.547246 0.016739 -0.032690
1733228701.657023906707764 -2.599752 2.710232 -0.633689 0.836170 0.547241 0.016786 -0.032646
1733228701.757022619247437 -2.599752 2.710244 -0.633912 0.836172 0.547233 0.016825 -0.032705
1733228701.857021331787109 -2.599673 2.710183 -0.633749 0.836163 0.547247 0.016775 -0.032718
1733228701.957020282745361 -2.599648 2.710207 -0.633955 0.836156 0.547257 0.016837 -0.032703
1733228702.057018995285034 -2.599707 2.710150 -0.633778 0.836157 0.547258 0.016812 -0.032679
1733228702.157017469406128 -2.599820 2.710318 -0.633898 0.836187 0.547210 0.016824 -0.032695
1733228702.257016181945801 -2.599603 2.710123 -0.633789 0.836147 0.547272 0.016785 -0.032696
1733228702.357014894485474 -2.599824 2.710195 -0.633911 0.836176 0.547228 0.016838 -0.032678
1733228702.457013845443726 -2.599595 2.710122 -0.633685 0.836143 0.547281 0.016777 -0.032673
1733228702.557012557983398 -2.599736 2.710240 -0.633911 0.836177 0.547225 0.016775 -0.032738
1733228702.657011270523071 -2.599704 2.710145 -0.633599 0.836162 0.547255 0.016703 -0.032665
1733228702.757009983062744 -2.599760 2.710191 -0.633897 0.836165 0.547247 0.016800 -0.032663
1733228702.857008934020996 -2.599715 2.710244 -0.633813 0.836169 0.547240 0.016773 -0.032690
1733228702.957007646560669 -2.599802 2.710203 -0.633853 0.836176 0.547229 0.016772 -0.032691
1733228703.057006359100342 -2.599581 2.710209 -0.633809 0.836153 0.547265 0.016746 -0.032710
1733228703.157005071640015 -2.599713 2.710211 -0.633851 0.836169 0.547239 0.016758 -0.032708
1733228703.257003784179688 -2.599651 2.710178 -0.633710 0.836157 0.547259 0.016733 -0.032684
1733228703.357002973556519 -2.599717 2.710124 -0.633782 0.836159 0.547255 0.016761 -0.032690
1733228703.457001686096191 -2.599845 2.710280 -0.633874 0.836182 0.547220 0.016800 -0.032674
1733228703.557000398635864 -2.599805 2.710260 -0.633740 0.836184 0.547218 0.016761 -0.032673
1733228703.656999111175537 -2.599605 2.710128 -0.633753 0.836154 0.547263 0.016720 -0.032721
1733228703.756997823715210 -2.599693 2.710105 -0.633846 0.836152 0.547267 0.016789 -0.032674
1733228703.856996774673462 -2.599723 2.710202 -0.633758 0.836166 0.547245 0.016754 -0.032677
1733228703.956995487213135 -2.599694 2.710189 -0.633967 0.836163 0.547247 0.016802 -0.032699
1733228704.056994438171387 -2.599768 2.710254 -0.633828 0.836181 0.547221 0.016764 -0.032708
1733228704.156993150711060 -2.599710 2.710155 -0.633751 0.836163 0.547251 0.016751 -0.032687
1733228704.256991863250732 -2.599663 2.710183 -0.633753 0.836154 0.547265 0.016764 -0.032653
1733228704.356992483139038 -2.599655 2.710132 -0.633819 0.836151 0.547266 0.016767 -0.032701
1733228704.456991195678711 -2.599767 2.710190 -0.633748 0.836174 0.547233 0.016748 -0.032693
1733228704.556989908218384 -2.599783 2.710215 -0.633710 0.836177 0.547231 0.016745 -0.032664
1733228704.656988859176636 -2.599706 2.710211 -0.633840 0.836162 0.547251 0.016780 -0.032673
1733228704.756987571716309 -2.599704 2.710195 -0.633851 0.836165 0.547245 0.016777 -0.032700
1733228704.856986284255981 -2.599682 2.710167 -0.633694 0.836158 0.547259 0.016735 -0.032675
1733228704.956985235214233 -2.599735 2.710209 -0.633746 0.836173 0.547235 0.016742 -0.032685
1733228705.056983947753906 -2.599738 2.710250 -0.633895 0.836165 0.547246 0.016798 -0.032664
1733228705.156982660293579 -2.599656 2.710150 -0.633794 0.836154 0.547263 0.016761 -0.032698
1733228705.256981372833252 -2.599764 2.710205 -0.633752 0.836167 0.547246 0.016767 -0.032635
1733228705.356980085372925 -2.599790 2.710205 -0.633792 0.836170 0.547241 0.016783 -0.032637
1733228705.456978559494019 -2.599573 2.710176 -0.633788 0.836154 0.547261 0.016728 -0.032733
1733228705.556977510452271 -2.599801 2.710204 -0.633825 0.836175 0.547231 0.016771 -0.032690
1733228705.656976222991943 -2.599607 2.710120 -0.633739 0.836154 0.547261 0.016684 -0.032764
1733228705.756974935531616 -2.599759 2.710168 -0.633958 0.836176 0.547224 0.016762 -0.032780
1733228705.856973886489868 -2.599749 2.710192 -0.633840 0.836162 0.547250 0.016772 -0.032697
1733228705.956972599029541 -2.599688 2.710185 -0.633658 0.836164 0.547247 0.016691 -0.032731
1733228706.056971311569214 -2.599742 2.710232 -0.633793 0.836167 0.547241 0.016737 -0.032720
1733228706.156970024108887 -2.599684 2.710194 -0.633905 0.836170 0.547235 0.016734 -0.032776
1733228706.256968736648560 -2.599615 2.710151 -0.633772 0.836152 0.547265 0.016711 -0.032744
1733228706.356967449188232 -2.599786 2.710156 -0.633769 0.836174 0.547231 0.016719 -0.032732
1733228706.456966400146484 -2.599811 2.710169 -0.633952 0.836170 0.547237 0.016791 -0.032702
1733228706.556965112686157 -2.599664 2.710148 -0.633854 0.836159 0.547252 0.016737 -0.032757
1733228706.656964063644409 -2.599728 2.710159 -0.633763 0.836169 0.547238 0.016703 -0.032752
1733228706.756962776184082 -2.599789 2.710257 -0.633777 0.836183 0.547218 0.016721 -0.032720
1733228706.856961727142334 -2.599540 2.710113 -0.633884 0.836137 0.547287 0.016752 -0.032734
1733228706.956960439682007 -2.599778 2.710216 -0.633657 0.836177 0.547228 0.016710 -0.032711
1733228707.056959152221680 -2.599674 2.710165 -0.633967 0.836155 0.547259 0.016773 -0.032735
1733228707.156958103179932 -2.599710 2.710194 -0.633856 0.836163 0.547247 0.016753 -0.032733
1733228707.256956577301025 -2.599697 2.710200 -0.633916 0.836168 0.547237 0.016744 -0.032770
1733228707.356955528259277 -2.599693 2.710180 -0.633725 0.836157 0.547258 0.016731 -0.032699
1733228707.456954240798950 -2.599800 2.710246 -0.633828 0.836175 0.547231 0.016759 -0.032695
1733228707.556952953338623 -2.599708 2.710193 -0.633849 0.836174 0.547229 0.016720 -0.032786
1733228707.656951665878296 -2.599719 2.710233 -0.633822 0.836166 0.547243 0.016749 -0.032709
1733228707.756950139999390 -2.599619 2.710131 -0.633707 0.836150 0.547269 0.016708 -0.032716
1733228707.856949090957642 -2.599737 2.710192 -0.633865 0.836169 0.547237 0.016751 -0.032742
1733228707.956947803497314 -2.599764 2.710270 -0.633794 0.836176 0.547228 0.016738 -0.032723
1733228708.056946754455566 -2.599666 2.710202 -0.633836 0.836159 0.547255 0.016748 -0.032716
1733228708.156945466995239 -2.599627 2.710209 -0.633766 0.836162 0.547249 0.016705 -0.032755
1733228708.256944179534912 -2.599772 2.710224 -0.633847 0.836175 0.547230 0.016781 -0.032700
1733228708.356945991516113 -2.599736 2.710178 -0.633722 0.836171 0.547234 0.016714 -0.032749
1733228708.456944704055786 -2.599708 2.710228 -0.633740 0.836167 0.547244 0.016723 -0.032695
1733228708.556943655014038 -2.599711 2.710123 -0.633888 0.836159 0.547252 0.016762 -0.032757
1733228708.656942367553711 -2.599789 2.710243 -0.633922 0.836178 0.547224 0.016781 -0.032726
1733228708.756941318511963 -2.599679 2.710144 -0.633845 0.836165 0.547245 0.016699 -0.032749
1733228708.856940031051636 -2.599660 2.710167 -0.633848 0.836153 0.547265 0.016726 -0.032686
1733228708.956939220428467 -2.599723 2.710202 -0.633651 0.836174 0.547234 0.016673 -0.032699
1733228709.056938171386719 -2.599733 2.710305 -0.633827 0.836175 0.547233 0.016719 -0.032685
1733228709.156936883926392 -2.599697 2.710189 -0.633719 0.836163 0.547251 0.016702 -0.032679
1733228709.256935596466064 -2.599682 2.710231 -0.633931 0.836166 0.547244 0.016739 -0.032720
1733228709.356934547424316 -2.599603 2.710234 -0.633898 0.836155 0.547261 0.016730 -0.032725
1733228709.456933498382568 -2.599754 2.710215 -0.633770 0.836168 0.547244 0.016715 -0.032674
1733228709.556932210922241 -2.599671 2.710169 -0.633775 0.836171 0.547236 0.016672 -0.032761
1733228709.656930685043335 -2.599766 2.710299 -0.633893 0.836185 0.547214 0.016708 -0.032739
1733228709.756929636001587 -2.599726 2.710208 -0.633720 0.836169 0.547242 0.016693 -0.032686
1733228709.856928348541260 -2.599740 2.710280 -0.633949 0.836168 0.547244 0.016769 -0.032660
1733228709.956927299499512 -2.599661 2.710189 -0.633820 0.836157 0.547259 0.016716 -0.032709
1733228710.056926250457764 -2.599738 2.710274 -0.633786 0.836178 0.547227 0.016700 -0.032705
1733228710.156924962997437 -2.599692 2.710329 -0.633916 0.836172 0.547235 0.016732 -0.032702
1733228710.256923675537109 -2.599655 2.710216 -0.633793 0.836161 0.547253 0.016697 -0.032724
1733228710.356922626495361 -2.599813 2.710306 -0.633848 0.836187 0.547214 0.016722 -0.032693
1733228710.456921339035034 -2.599538 2.710129 -0.633821 0.836141 0.547283 0.016701 -0.032716
1733228710.556920528411865 -2.599762 2.710289 -0.633920 0.836181 0.547220 0.016729 -0.032731
1733228710.656919240951538 -2.599680 2.710173 -0.633677 0.836164 0.547249 0.016673 -0.032701
1733228710.756918191909790 -2.599770 2.710265 -0.633875 0.836174 0.547234 0.016739 -0.032680
1733228710.856917142868042 -2.599737 2.710235 -0.633869 0.836176 0.547229 0.016724 -0.032725
1733228710.956915855407715 -2.599652 2.710177 -0.633840 0.836155 0.547262 0.016721 -0.032702
1733228711.056914567947388 -2.599784 2.710195 -0.633864 0.836173 0.547234 0.016734 -0.032704
1733228711.156913518905640 -2.599729 2.710216 -0.633900 0.836172 0.547236 0.016731 -0.032715
1733228711.256912231445312 -2.599714 2.710251 -0.633624 0.836172 0.547238 0.016653 -0.032702
1733228711.356910943984985 -2.599743 2.710280 -0.633888 0.836175 0.547232 0.016728 -0.032697
1733228711.456909656524658 -2.599654 2.710159 -0.633676 0.836151 0.547271 0.016707 -0.032663
1733228711.556908607482910 -2.599705 2.710196 -0.634026 0.836162 0.547248 0.016776 -0.032724
1733228711.656907558441162 -2.599721 2.710214 -0.633750 0.836175 0.547232 0.016676 -0.032728
1733228711.756906270980835 -2.599648 2.710170 -0.633726 0.836170 0.547239 0.016654 -0.032747
1733228711.856905221939087 -2.599805 2.710256 -0.633772 0.836185 0.547222 0.016655 -0.032639
1733228711.956903934478760 -2.599678 2.710270 -0.634012 0.836170 0.547241 0.016696 -0.032685
1733228712.056903123855591 -2.599703 2.710169 -0.633734 0.836164 0.547254 0.016651 -0.032636
1733228712.156901836395264 -2.599599 2.710102 -0.633911 0.836155 0.547264 0.016667 -0.032700
1733228712.256900787353516 -2.599839 2.710212 -0.633934 0.836184 0.547222 0.016712 -0.032645
1733228712.356899499893188 -2.599696 2.710200 -0.633709 0.836172 0.547241 0.016629 -0.032664
1733228712.456898450851440 -2.599741 2.710205 -0.633840 0.836171 0.547244 0.016677 -0.032625
1733228712.556897163391113 -2.599689 2.710194 -0.633878 0.836161 0.547259 0.016686 -0.032629
1733228712.656895875930786 -2.599701 2.710209 -0.633976 0.836172 0.547237 0.016681 -0.032710
1733228712.756894588470459 -2.599643 2.710186 -0.633901 0.836171 0.547238 0.016651 -0.032732
1733228712.856893539428711 -2.599810 2.710229 -0.633830 0.836184 0.547223 0.016679 -0.032647
1733228712.956892251968384 -2.599667 2.710090 -0.633658 0.836154 0.547270 0.016633 -0.032628
1733228713.056891202926636 -2.599751 2.710239 -0.633945 0.836178 0.547230 0.016696 -0.032659
1733228713.156889915466309 -2.599746 2.710195 -0.633894 0.836170 0.547243 0.016696 -0.032649
1733228713.256888866424561 -2.599706 2.710159 -0.633811 0.836176 0.547234 0.016639 -0.032696
1733228713.356887578964233 -2.599772 2.710169 -0.633856 0.836179 0.547229 0.016662 -0.032679
1733228713.456886529922485 -2.599767 2.710205 -0.633731 0.836171 0.547245 0.016655 -0.032608
1733228713.556885242462158 -2.599755 2.710111 -0.633661 0.836171 0.547244 0.016620 -0.032643
1733228713.656884431838989 -2.599674 2.710188 -0.634071 0.836161 0.547254 0.016732 -0.032675
1733228713.756883144378662 -2.599833 2.710184 -0.633889 0.836182 0.547225 0.016700 -0.032651
1733228713.856882095336914 -2.599770 2.710180 -0.633715 0.836178 0.547234 0.016639 -0.032641
1733228713.956880807876587 -2.599705 2.710206 -0.633985 0.836166 0.547249 0.016706 -0.032666
1733228714.056879758834839 -2.599671 2.710157 -0.633802 0.836156 0.547266 0.016677 -0.032635
1733228714.156878471374512 -2.599832 2.710265 -0.633681 0.836193 0.547210 0.016629 -0.032643
1733228714.256877183914185 -2.599625 2.710176 -0.633894 0.836161 0.547256 0.016662 -0.032684
1733228714.356875896453857 -2.599784 2.710235 -0.633844 0.836179 0.547229 0.016681 -0.032644
1733228714.456874847412109 -2.599695 2.710207 -0.633918 0.836167 0.547246 0.016684 -0.032674
1733228714.556873559951782 -2.599648 2.710150 -0.633844 0.836159 0.547259 0.016669 -0.032668
1733228714.656872510910034 -2.599823 2.710210 -0.633795 0.836185 0.547222 0.016662 -0.032643
1733228714.756871223449707 -2.599741 2.710224 -0.633733 0.836175 0.547238 0.016642 -0.032632
1733228714.856870174407959 -2.599779 2.710296 -0.633858 0.836186 0.547220 0.016672 -0.032653
1733228714.956869125366211 -2.599613 2.710158 -0.633925 0.836157 0.547261 0.016648 -0.032705
1733228715.056867837905884 -2.599799 2.710175 -0.633829 0.836185 0.547220 0.016636 -0.032688
1733228715.156866550445557 -2.599577 2.710097 -0.633858 0.836150 0.547273 0.016627 -0.032702
1733228715.256865739822388 -2.599739 2.710227 -0.633916 0.836174 0.547237 0.016673 -0.032665
1733228715.356864690780640 -2.599821 2.710161 -0.633716 0.836184 0.547222 0.016619 -0.032665
1733228715.456863403320312 -2.599637 2.710191 -0.633825 0.836167 0.547247 0.016605 -0.032703
1733228715.556862115859985 -2.599790 2.710271 -0.633860 0.836188 0.547215 0.016645 -0.032684
1733228715.656861066818237 -2.599636 2.710225 -0.633852 0.836166 0.547248 0.016628 -0.032693
1733228715.756859779357910 -2.599683 2.710177 -0.633975 0.836171 0.547239 0.016651 -0.032720
1733228715.856858491897583 -2.599771 2.710223 -0.633685 0.836182 0.547228 0.016613 -0.032644
1733228715.956857442855835 -2.599603 2.710222 -0.633839 0.836158 0.547262 0.016632 -0.032676
1733228716.056856155395508 -2.599690 2.710228 -0.633898 0.836173 0.547237 0.016650 -0.032690
1733228716.156854867935181 -2.599838 2.710288 -0.633745 0.836190 0.547215 0.016630 -0.032638
1733228716.256853818893433 -2.599508 2.710151 -0.633763 0.836152 0.547270 0.016573 -0.032729
1733228716.356852531433105 -2.599725 2.710207 -0.633773 0.836178 0.547231 0.016613 -0.032690
1733228716.456851482391357 -2.599743 2.710276 -0.634101 0.836182 0.547221 0.016700 -0.032708
1733228716.556850194931030 -2.599674 2.710178 -0.633747 0.836169 0.547244 0.016602 -0.032700
1733228716.656849145889282 -2.599800 2.710266 -0.633956 0.836185 0.547220 0.016670 -0.032665
1733228716.756848096847534 -2.599550 2.710140 -0.633762 0.836153 0.547269 0.016603 -0.032701
1733228716.856847047805786 -2.599852 2.710300 -0.633813 0.836191 0.547214 0.016646 -0.032637
1733228716.956845998764038 -2.599747 2.710188 -0.633669 0.836177 0.547235 0.016592 -0.032659
1733228717.056844711303711 -2.599637 2.710178 -0.633980 0.836158 0.547261 0.016676 -0.032678
1733228717.156843662261963 -2.599858 2.710223 -0.633812 0.836195 0.547204 0.016629 -0.032697
1733228717.256842374801636 -2.599642 2.710183 -0.633706 0.836165 0.547251 0.016582 -0.032700
1733228717.356841087341309 -2.599632 2.710211 -0.633948 0.836160 0.547257 0.016657 -0.032685
1733228717.456839799880981 -2.599767 2.710226 -0.633864 0.836179 0.547231 0.016651 -0.032653
1733228717.556838750839233 -2.599711 2.710182 -0.633644 0.836178 0.547233 0.016563 -0.032690
1733228717.656837463378906 -2.599844 2.710334 -0.634013 0.836192 0.547209 0.016683 -0.032668
1733228717.756836175918579 -2.599641 2.710283 -0.633853 0.836164 0.547254 0.016647 -0.032657
1733228717.856835126876831 -2.599644 2.710163 -0.633633 0.836167 0.547248 0.016571 -0.032691
1733228717.956834077835083 -2.599701 2.710149 -0.633878 0.836164 0.547252 0.016643 -0.032683
1733228718.056832790374756 -2.599722 2.710237 -0.633845 0.836184 0.547222 0.016589 -0.032688
1733228718.156831741333008 -2.599752 2.710247 -0.633912 0.836180 0.547228 0.016614 -0.032674
1733228718.256830453872681 -2.599800 2.710318 -0.633918 0.836191 0.547213 0.016630 -0.032650
1733228718.356829643249512 -2.599537 2.710100 -0.633835 0.836151 0.547270 0.016566 -0.032730
1733228718.456828355789185 -2.599820 2.710216 -0.633907 0.836189 0.547215 0.016612 -0.032669
1733228718.556827068328857 -2.599709 2.710195 -0.633696 0.836180 0.547232 0.016545 -0.032670
1733228718.656826019287109 -2.599722 2.710201 -0.633935 0.836178 0.547231 0.016613 -0.032678
1733228718.756824970245361 -2.599649 2.710172 -0.633936 0.836162 0.547255 0.016621 -0.032676
1733228718.856823682785034 -2.599809 2.710246 -0.633917 0.836188 0.547216 0.016617 -0.032677
1733228718.956822395324707 -2.599607 2.710234 -0.633937 0.836163 0.547255 0.016627 -0.032668
1733228719.056821107864380 -2.599704 2.710199 -0.633795 0.836177 0.547234 0.016579 -0.032681
1733228719.156820058822632 -2.599703 2.710203 -0.633675 0.836174 0.547243 0.016560 -0.032633
1733228719.256818771362305 -2.599684 2.710165 -0.633743 0.836171 0.547245 0.016572 -0.032654
1733228719.356817722320557 -2.599830 2.710275 -0.633865 0.836188 0.547221 0.016627 -0.032607
1733228719.456816434860229 -2.599607 2.710199 -0.633999 0.836162 0.547254 0.016624 -0.032702
1733228719.556815385818481 -2.599721 2.710217 -0.633871 0.836187 0.547215 0.016584 -0.032734
1733228719.656814098358154 -2.599740 2.710265 -0.633824 0.836185 0.547222 0.016592 -0.032664
1733228719.756813049316406 -2.599723 2.710243 -0.633879 0.836180 0.547229 0.016609 -0.032661
1733228719.856812000274658 -2.599603 2.710126 -0.633666 0.836163 0.547255 0.016536 -0.032701
1733228719.956810951232910 -2.599578 2.710253 -0.633854 0.836159 0.547262 0.016589 -0.032665
1733228720.056809663772583 -2.599758 2.710262 -0.633927 0.836181 0.547229 0.016639 -0.032635
1733228720.156808614730835 -2.599710 2.710192 -0.633773 0.836171 0.547244 0.016598 -0.032648
1733228720.256807327270508 -2.599811 2.710272 -0.633884 0.836188 0.547218 0.016619 -0.032650
1733228720.356806278228760 -2.599633 2.710249 -0.633845 0.836167 0.547249 0.016598 -0.032673
1733228720.456804990768433 -2.599718 2.710247 -0.633853 0.836183 0.547225 0.016587 -0.032687
1733228720.556803703308105 -2.599722 2.710256 -0.633793 0.836184 0.547224 0.016576 -0.032677
1733228720.656802415847778 -2.599670 2.710176 -0.633808 0.836163 0.547257 0.016600 -0.032633
1733228720.756801128387451 -2.599730 2.710224 -0.633944 0.836175 0.547237 0.016634 -0.032665
1733228720.856800317764282 -2.599690 2.710221 -0.633775 0.836177 0.547233 0.016567 -0.032700
1733228720.956799030303955 -2.599596 2.710222 -0.633821 0.836154 0.547272 0.016596 -0.032624
1733228721.056797742843628 -2.599833 2.710332 -0.633966 0.836194 0.547209 0.016635 -0.032653
1733228721.156796693801880 -2.599775 2.710224 -0.633786 0.836188 0.547218 0.016581 -0.032668
1733228721.256795644760132 -2.599671 2.710247 -0.634011 0.836171 0.547242 0.016620 -0.032688
1733228721.356794357299805 -2.599709 2.710143 -0.633576 0.836180 0.547232 0.016509 -0.032679
1733228721.456793308258057 -2.599732 2.710231 -0.633834 0.836181 0.547229 0.016575 -0.032673
1733228721.556792259216309 -2.599700 2.710221 -0.633983 0.836175 0.547235 0.016615 -0.032699
1733228721.656790971755981 -2.599705 2.710207 -0.633703 0.836174 0.547241 0.016551 -0.032663
1733228721.756789922714233 -2.599811 2.710287 -0.634032 0.836190 0.547213 0.016623 -0.032684
1733228721.856788873672485 -2.599723 2.710261 -0.633884 0.836174 0.547240 0.016616 -0.032635
1733228721.956787586212158 -2.599680 2.710178 -0.633737 0.836171 0.547244 0.016550 -0.032692
1733228722.056786298751831 -2.599699 2.710173 -0.633754 0.836172 0.547243 0.016571 -0.032654
1733228722.156785011291504 -2.599679 2.710270 -0.634075 0.836174 0.547236 0.016630 -0.032690
1733228722.256783723831177 -2.599764 2.710182 -0.633677 0.836186 0.547221 0.016527 -0.032688
1733228722.356782674789429 -2.599774 2.710344 -0.634152 0.836188 0.547214 0.016660 -0.032689
1733228722.456781387329102 -2.599550 2.710120 -0.633778 0.836151 0.547275 0.016562 -0.032685
1733228722.556780338287354 -2.599845 2.710263 -0.633853 0.836193 0.547210 0.016602 -0.032655
1733228722.656779050827026 -2.599687 2.710172 -0.633805 0.836173 0.547239 0.016574 -0.032687
1733228722.756778001785278 -2.599743 2.710246 -0.633707 0.836179 0.547234 0.016557 -0.032642
1733228722.856776952743530 -2.599736 2.710280 -0.633826 0.836174 0.547241 0.016592 -0.032631
1733228722.956775903701782 -2.599667 2.710261 -0.633865 0.836185 0.547220 0.016551 -0.032733
1733228723.056774854660034 -2.599754 2.710213 -0.633889 0.836182 0.547224 0.016596 -0.032696
1733228723.156773567199707 -2.599629 2.710189 -0.633877 0.836159 0.547262 0.016609 -0.032665
1733228723.256772279739380 -2.599760 2.710240 -0.633778 0.836180 0.547232 0.016587 -0.032632
1733228723.356771230697632 -2.599696 2.710247 -0.634013 0.836176 0.547233 0.016606 -0.032716
1733228723.456770181655884 -2.599665 2.710182 -0.633832 0.836167 0.547250 0.016581 -0.032668
1733228723.556768894195557 -2.599779 2.710228 -0.633761 0.836178 0.547237 0.016579 -0.032618
1733228723.656767606735229 -2.599678 2.710226 -0.633790 0.836176 0.547236 0.016563 -0.032684
1733228723.756766319274902 -2.599672 2.710219 -0.633917 0.836170 0.547245 0.016599 -0.032668
1733228723.856765270233154 -2.599687 2.710273 -0.633895 0.836183 0.547223 0.016578 -0.032726
1733228723.956763982772827 -2.599800 2.710305 -0.633900 0.836188 0.547218 0.016614 -0.032648
1733228724.056762933731079 -2.599648 2.710190 -0.633770 0.836169 0.547247 0.016564 -0.032679
1733228724.156761646270752 -2.599574 2.710183 -0.633838 0.836158 0.547262 0.016566 -0.032692
1733228724.256760597229004 -2.599823 2.710273 -0.633851 0.836190 0.547214 0.016560 -0.032691
1733228724.356757402420044 -2.599785 2.710242 -0.633676 0.836192 0.547211 0.016509 -0.032707
1733228724.456756114959717 -2.599645 2.710224 -0.633828 0.836168 0.547247 0.016537 -0.032710
1733228724.556755065917969 -2.599739 2.710271 -0.634045 0.836179 0.547228 0.016601 -0.032709
1733228724.656753778457642 -2.599692 2.710243 -0.633811 0.836171 0.547245 0.016557 -0.032665
1733228724.756752490997314 -2.599670 2.710242 -0.633848 0.836178 0.547230 0.016530 -0.032738
1733228724.856751203536987 -2.599691 2.710262 -0.633983 0.836179 0.547227 0.016570 -0.032744
1733228724.956750154495239 -2.599854 2.710327 -0.633834 0.836195 0.547209 0.016578 -0.032653
1733228725.056749105453491 -2.599597 2.710206 -0.633726 0.836162 0.547258 0.016504 -0.032696
1733228725.156747817993164 -2.599637 2.710259 -0.633971 0.836169 0.547244 0.016566 -0.032735
1733228725.256746530532837 -2.599794 2.710276 -0.633872 0.836183 0.547225 0.016583 -0.032675
1733228725.356745481491089 -2.599626 2.710183 -0.633657 0.836171 0.547244 0.016483 -0.032732
1733228725.456744670867920 -2.599695 2.710245 -0.633999 0.836175 0.547234 0.016576 -0.032736
1733228725.556743383407593 -2.599694 2.710227 -0.633888 0.836170 0.547244 0.016569 -0.032688
1733228725.656742095947266 -2.599743 2.710294 -0.633839 0.836188 0.547217 0.016538 -0.032716
1733228725.756741046905518 -2.599721 2.710296 -0.634035 0.836187 0.547215 0.016582 -0.032747
1733228725.856739997863770 -2.599739 2.710255 -0.633820 0.836184 0.547223 0.016545 -0.032704
1733228725.956738710403442 -2.599655 2.710207 -0.633784 0.836167 0.547250 0.016532 -0.032692
1733228726.056737661361694 -2.599736 2.710257 -0.633828 0.836180 0.547231 0.016546 -0.032688
1733228726.156736373901367 -2.599665 2.710216 -0.633922 0.836172 0.547239 0.016559 -0.032726
1733228726.256735086441040 -2.599721 2.710247 -0.633813 0.836179 0.547231 0.016548 -0.032700
1733228726.356733798980713 -2.599814 2.710292 -0.633890 0.836193 0.547209 0.016573 -0.032695
1733228726.456732511520386 -2.599689 2.710153 -0.633683 0.836176 0.547235 0.016488 -0.032728
1733228726.556731462478638 -2.599624 2.710218 -0.633963 0.836166 0.547249 0.016564 -0.032734
1733228726.656730175018311 -2.599819 2.710339 -0.633887 0.836194 0.547208 0.016576 -0.032676
1733228726.756729125976562 -2.599670 2.710273 -0.633757 0.836182 0.547226 0.016504 -0.032730
1733228726.856728076934814 -2.599661 2.710167 -0.633896 0.836159 0.547261 0.016576 -0.032679
1733228726.956726789474487 -2.599685 2.710237 -0.633897 0.836177 0.547232 0.016564 -0.032717
1733228727.056725502014160 -2.599670 2.710239 -0.633859 0.836181 0.547226 0.016527 -0.032760
1733228727.156724691390991 -2.599618 2.710263 -0.633825 0.836168 0.547248 0.016540 -0.032694
1733228727.256723642349243 -2.599685 2.710228 -0.633840 0.836171 0.547243 0.016546 -0.032696
1733228727.356722354888916 -2.599822 2.710316 -0.633856 0.836200 0.547196 0.016533 -0.032743
1733228727.456721067428589 -2.599673 2.710165 -0.633709 0.836171 0.547244 0.016498 -0.032714
1733228727.556720018386841 -2.599715 2.710206 -0.633932 0.836173 0.547238 0.016569 -0.032724
1733228727.656718969345093 -2.599700 2.710265 -0.633827 0.836178 0.547230 0.016527 -0.032741
1733228727.756717681884766 -2.599682 2.710312 -0.633849 0.836183 0.547222 0.016521 -0.032748
1733228727.856716394424438 -2.599672 2.710233 -0.633783 0.836177 0.547233 0.016505 -0.032737
1733228727.956715106964111 -2.599750 2.710239 -0.633994 0.836176 0.547234 0.016582 -0.032711
1733228728.056714057922363 -2.599742 2.710270 -0.633755 0.836187 0.547219 0.016504 -0.032724
1733228728.156712770462036 -2.599752 2.710226 -0.633873 0.836174 0.547240 0.016569 -0.032683
1733228728.256711721420288 -2.599665 2.710217 -0.633787 0.836176 0.547233 0.016503 -0.032753
1733228728.356707096099854 -2.599769 2.710262 -0.633926 0.836188 0.547215 0.016550 -0.032735
1733228728.456705808639526 -2.599742 2.710234 -0.633841 0.836177 0.547234 0.016556 -0.032695
1733228728.556704521179199 -2.599724 2.710162 -0.633790 0.836171 0.547244 0.016536 -0.032696
1733228728.656703710556030 -2.599834 2.710291 -0.633902 0.836198 0.547200 0.016559 -0.032715
1733228728.756702423095703 -2.599599 2.710204 -0.633785 0.836168 0.547245 0.016496 -0.032769
1733228728.856701135635376 -2.599733 2.710230 -0.633737 0.836189 0.547215 0.016490 -0.032751
1733228728.956700086593628 -2.599784 2.710256 -0.633957 0.836178 0.547233 0.016597 -0.032665
1733228729.056698799133301 -2.599756 2.710267 -0.633910 0.836193 0.547206 0.016546 -0.032766
1733228729.156697511672974 -2.599732 2.710213 -0.633918 0.836181 0.547225 0.016545 -0.032754
1733228729.256696224212646 -2.599674 2.710284 -0.633895 0.836176 0.547234 0.016548 -0.032725
1733228729.356694936752319 -2.599717 2.710261 -0.633877 0.836183 0.547223 0.016535 -0.032735
1733228729.456693887710571 -2.599621 2.710173 -0.633740 0.836164 0.547252 0.016492 -0.032741
1733228729.556692600250244 -2.599736 2.710272 -0.633832 0.836184 0.547223 0.016527 -0.032714
1733228729.656691312789917 -2.599792 2.710273 -0.633897 0.836185 0.547222 0.016579 -0.032681
1733228729.756689786911011 -2.599545 2.710218 -0.633931 0.836161 0.547253 0.016533 -0.032784
1733228729.856688737869263 -2.599709 2.710219 -0.633826 0.836181 0.547225 0.016521 -0.032752
1733228729.956687450408936 -2.599787 2.710144 -0.633914 0.836179 0.547229 0.016563 -0.032722
1733228730.056686162948608 -2.599632 2.710177 -0.633756 0.836163 0.547256 0.016512 -0.032715
1733228730.156685113906860 -2.599819 2.710239 -0.633831 0.836188 0.547219 0.016546 -0.032684
1733228730.256683826446533 -2.599661 2.710254 -0.634057 0.836177 0.547229 0.016562 -0.032779
1733228730.356682538986206 -2.599696 2.710166 -0.633812 0.836176 0.547234 0.016515 -0.032750
1733228730.456681489944458 -2.599729 2.710256 -0.633913 0.836187 0.547215 0.016538 -0.032779
1733228730.556680202484131 -2.599698 2.710212 -0.633834 0.836177 0.547230 0.016512 -0.032786
1733228730.656678915023804 -2.599674 2.710279 -0.633915 0.836176 0.547231 0.016543 -0.032768
1733228730.756677627563477 -2.599791 2.710298 -0.633861 0.836189 0.547212 0.016555 -0.032744
1733228730.856676816940308 -2.599703 2.710202 -0.633821 0.836182 0.547221 0.016497 -0.032802
1733228730.956675529479980 -2.599740 2.710172 -0.633812 0.836172 0.547240 0.016539 -0.032729
1733228731.056674242019653 -2.599714 2.710233 -0.633841 0.836176 0.547234 0.016544 -0.032735
1733228731.156673192977905 -2.599670 2.710214 -0.633899 0.836174 0.547233 0.016526 -0.032798
1733228731.256671905517578 -2.599823 2.710301 -0.633972 0.836192 0.547207 0.016576 -0.032739
1733228731.356670618057251 -2.599689 2.710279 -0.633806 0.836176 0.547233 0.016532 -0.032742
1733228731.456669330596924 -2.599656 2.710236 -0.633962 0.836166 0.547244 0.016555 -0.032796
1733228731.556668043136597 -2.599726 2.710221 -0.633789 0.836187 0.547215 0.016504 -0.032785
1733228731.656666994094849 -2.599697 2.710177 -0.633805 0.836173 0.547236 0.016506 -0.032785
1733228731.756665468215942 -2.599709 2.710214 -0.633874 0.836178 0.547229 0.016532 -0.032779
1733228731.856664180755615 -2.599654 2.710212 -0.633821 0.836172 0.547238 0.016517 -0.032775
1733228731.956663131713867 -2.599735 2.710217 -0.633934 0.836178 0.547229 0.016576 -0.032751
1733228732.056661844253540 -2.599702 2.710153 -0.633861 0.836165 0.547250 0.016564 -0.032729
1733228732.156660556793213 -2.599763 2.710233 -0.633889 0.836187 0.547216 0.016552 -0.032750
1733228732.256659269332886 -2.599592 2.710229 -0.633803 0.836174 0.547233 0.016477 -0.032822
1733228732.356660842895508 -2.599687 2.710156 -0.633819 0.836168 0.547246 0.016535 -0.032735
1733228732.456659555435181 -2.599756 2.710234 -0.633854 0.836186 0.547218 0.016540 -0.032743
1733228732.556658506393433 -2.599708 2.710222 -0.633937 0.836181 0.547221 0.016544 -0.032804
1733228732.656657218933105 -2.599594 2.710188 -0.633868 0.836163 0.547250 0.016525 -0.032789
1733228732.756655931472778 -2.599734 2.710272 -0.633944 0.836187 0.547214 0.016543 -0.032781
1733228732.856654882431030 -2.599681 2.710169 -0.633775 0.836172 0.547239 0.016512 -0.032752
1733228732.956653594970703 -2.599716 2.710203 -0.633890 0.836180 0.547225 0.016546 -0.032781
1733228733.056652307510376 -2.599796 2.710247 -0.633849 0.836181 0.547228 0.016584 -0.032675
1733228733.156651020050049 -2.599702 2.710216 -0.633904 0.836182 0.547220 0.016519 -0.032826
1733228733.256650209426880 -2.599715 2.710256 -0.633894 0.836183 0.547220 0.016537 -0.032776
1733228733.356648921966553 -2.599689 2.710201 -0.633799 0.836174 0.547235 0.016519 -0.032766
1733228733.456647634506226 -2.599733 2.710260 -0.633891 0.836190 0.547209 0.016525 -0.032786
1733228733.556646347045898 -2.599754 2.710221 -0.633890 0.836178 0.547229 0.016543 -0.032769
1733228733.656645059585571 -2.599752 2.710227 -0.633839 0.836184 0.547220 0.016517 -0.032780
1733228733.756644010543823 -2.599717 2.710170 -0.633862 0.836176 0.547229 0.016509 -0.032823
1733228733.856642723083496 -2.599709 2.710211 -0.633841 0.836172 0.547238 0.016522 -0.032770
1733228733.956641435623169 -2.599670 2.710187 -0.633830 0.836171 0.547239 0.016495 -0.032796
1733228734.056640386581421 -2.599748 2.710260 -0.633928 0.836187 0.547212 0.016530 -0.032809
1733228734.156639099121094 -2.599749 2.710305 -0.633963 0.836189 0.547209 0.016546 -0.032808
1733228734.256637811660767 -2.599691 2.710220 -0.633888 0.836171 0.547239 0.016542 -0.032773
