2953.369723275 92.57767259426349 -30.888466155064485 -1.0156737695051243 -0.5777000887819299 0.3677691071822428 0.6312692749886291 0.3640159250349592
2953.419723275 92.57767259426349 -30.888466155064485 -1.0156737695051243 -0.5777000887819299 0.3677691071822428 0.6312692749886291 0.3640159250349592
2953.469723275 92.57767259426349 -30.888466155064485 -1.0156737695051243 -0.5777000887819299 0.3677691071822428 0.6312692749886291 0.3640159250349592
2953.519723275 92.57767259426349 -30.888466155064485 -1.0156737695051243 -0.5777000887819299 0.3677691071822428 0.6312692749886291 0.3640159250349592
2953.569723275 92.57767259426349 -30.888466155064485 -1.0156737695051243 -0.5777000887819299 0.3677691071822428 0.6312692749886291 0.3640159250349592
2953.619723275 92.57767259426349 -30.888466155064485 -1.0156737695051243 -0.5777000887819299 0.3677691071822428 0.6312692749886291 0.3640159250349592
2953.669723275 92.57767259426349 -30.888466155064485 -1.0156737695051243 -0.5777000887819299 0.3677691071822428 0.6312692749886291 0.3640159250349592
2953.719723275 92.57767259426349 -30.888466155064485 -1.0156737695051243 -0.5777000887819299 0.3677691071822428 0.6312692749886291 0.3640159250349592
2953.769723275 92.57767259426349 -30.888466155064485 -1.0156737695051243 -0.5777000887819299 0.3677691071822428 0.6312692749886291 0.3640159250349592
2953.819723275 92.57767259426349 -30.888466155064485 -1.0156737695051243 -0.5777000887819299 0.3677691071822428 0.6312692749886291 0.3640159250349592
2953.869723275 92.57767259426349 -30.888466155064485 -1.0156737695051243 -0.5777000887819299 0.3677691071822428 0.6312692749886291 0.3640159250349592
2953.919723275 92.57767259426349 -30.888466155064485 -1.0156737695051243 -0.5777000887819299 0.3677691071822428 0.6312692749886291 0.3640159250349592
2953.969723275 92.57767259426349 -30.888466155064485 -1.0156737695051243 -0.5777000887819299 0.3677691071822428 0.6312692749886291 0.3640159250349592
2954.019723275 92.57767259426349 -30.888466155064485 -1.0156737695051243 -0.5777000887819299 0.3677691071822428 0.6312692749886291 0.3640159250349592
2954.069723275 92.57767259426349 -30.888466155064485 -1.0156737695051243 -0.5777000887819299 0.3677691071822428 0.6312692749886291 0.3640159250349592
2954.119723275 92.57767259426349 -30.888466155064485 -1.0156737695051243 -0.5777000887819299 0.3677691071822428 0.6312692749886291 0.3640159250349592
2954.169723275 92.5794820696588 -30.89288489195501 -1.014540822949631 -0.5768644593881517 0.37733129353647227 0.6269244583624923 0.36306227278499165
2954.219723275 92.58233984184537 -30.89349291297932 -1.0123170231240821 -0.5820079641869116 0.38977275508134845 0.6177186384139778 0.35744595783878036
2954.269723275 92.58771330283165 -30.88882509942976 -1.0126693754964007 -0.5861548893340823 0.3978871209444193 0.6128740736816739 0.34999093488995
2954.319723275 92.59641450935649 -30.87799561564379 -1.0166840672869681 -0.5870674152242641 0.4011432956612693 0.6123503991779731 0.3456340477361773
2954.369723275 92.60994923755263 -30.858869330526773 -1.0231243808954489 -0.5886563371544986 0.4007381257198475 0.6157136213115072 0.3373268561111949
2954.419723275 92.62741684359777 -30.831846907369016 -1.031300743856823 -0.5916798315416686 0.39422575954663086 0.6200634938469487 0.3316960823630868
2954.469723275 92.64881343506724 -30.797008619981913 -1.0407452314911498 -0.5952913448079526 0.38223669047397835 0.6275805747689441 0.3250629930104644
2954.519723275 92.6725900729753 -30.75550438701908 -1.050419619557699 -0.5985134830490619 0.366262835043248 0.6366212838743445 0.31991637531196215
2954.569723275 92.69782519658374 -30.707929030935517 -1.0593131504678857 -0.6042244935339468 0.34511139955618014 0.6455531882218738 0.31475699275249486
2954.619723275 92.72360216602176 -30.656835865436847 -1.069751667633579 -0.6026969413097053 0.32110165180250616 0.6602605042210836 0.312579898124221
2954.669723275 92.74886048307614 -30.603358191748775 -1.0795424834078677 -0.5994348564364648 0.28897008494984344 0.6755684964940925 0.3174607840943299
2954.719723275 92.77297114759348 -30.54824773377882 -1.0863642824208164 -0.599315087666879 0.26464775314270206 0.6862669324723872 0.3159441245636649
2954.769723275 92.79517386120068 -30.494075015719716 -1.093405957593273 -0.5927210119422036 0.23632022132551067 0.7012651848412328 0.31790202189426786
2954.819723275 92.81493189090847 -30.442901871161542 -1.0982447621047966 -0.5836740422660754 0.20534650306327396 0.7148504330266382 0.3258009890502059
2954.869723275 92.83246801394569 -30.394610984884494 -1.0982933961189651 -0.5773613285761537 0.18282001279639928 0.7240962324346494 0.330023310327997
2954.919723275 92.84831207662614 -30.3503757353757 -1.0924859612749998 -0.5796995591140347 0.15753491679161089 0.7246507661518699 0.33765727930841694
2954.969723275 92.86205529693729 -30.310577717646606 -1.0845513211337339 -0.5819387053972311 0.13903928712962338 0.7225354395665207 0.3463494743254215
2955.019723275 92.87429423838769 -30.27445458581055 -1.078332600267416 -0.5741908597059647 0.11715025025743954 0.7273061913423514 0.35722035150566017
2955.069723275 92.88512295040847 -30.242805574875845 -1.0703474767717183 -0.5700778940362249 0.093898306213706 0.7289684700884574 0.3671502041921176
2955.119723275 92.89330801392147 -30.217428274728242 -1.0619581237940907 -0.5672278174340453 0.08133193973067272 0.7291839742533447 0.37407011428441206
2955.169723275 92.898683074062 -30.198409305033717 -1.0548922893067916 -0.564921469548667 0.06814357347037148 0.7289575690703453 0.38057988534960124
2955.219723275 92.9005835817727 -30.186294316875976 -1.0505006245886468 -0.5632941147416108 0.06057853125688481 0.7293989425471503 0.3834151333206904
2955.269723275 92.89975053773836 -30.180756917141203 -1.0513858871339528 -0.5573093517573217 0.05199252970838943 0.7339482914075065 0.38473753240145203
2955.319723275 92.8976984238842 -30.183046301602324 -1.0541564533230872 -0.555664816711084 0.049204455756554924 0.7378647461396334 0.3799620367976689
2955.369723275 92.89492864803763 -30.19505721789916 -1.0598039189986161 -0.5532857899632732 0.04863022049041905 0.7400287452637648 0.3792985532046069
2955.419723275 92.89185610767055 -30.21646690066006 -1.066268190344187 -0.5533679380934566 0.053799244537906826 0.7395049755132167 0.379502249754259
2955.469723275 92.88858839736582 -30.246368279720464 -1.073452487303899 -0.5525834286798338 0.06059502663795111 0.7384790694259014 0.3816129729386044
2955.519723275 92.88376627140299 -30.285179224753065 -1.079624591527476 -0.553631196797848 0.07580113362488118 0.7328850095399233 0.3881059763325375
2955.569723275 92.8772270771526 -30.33035716355578 -1.0844282231304117 -0.5565330942069406 0.09544720756718253 0.7241352255664371 0.3959658075060537
2955.619723275 92.8691088671431 -30.378545847335044 -1.0916542839340602 -0.5516688108394081 0.10914662181243458 0.7201186495354319 0.406420556425524
2955.669723275 92.85839737163312 -30.428383896968214 -1.0989744049817032 -0.5433147384083874 0.13029409882518603 0.7198356966185758 0.4119091073443363
2955.719723275 92.84496504207067 -30.480207803446703 -1.1027837757694725 -0.5447561650927264 0.14886982434967844 0.7104025374551663 0.42000801274359423
2955.769723275 92.83019194314164 -30.532574872047345 -1.1077338863847657 -0.5433950489526063 0.16967729056910735 0.7044134361363221 0.4239494649478178
2955.819723275 92.81429729741805 -30.58585263214688 -1.1145229555437595 -0.5395771902300439 0.19040282669125397 0.6997871729138941 0.42766941905706934
2955.869723275 92.79611047499492 -30.640441410943136 -1.1234521195648353 -0.5302369152529895 0.2136086897976528 0.6970376121122742 0.43284952194353044
2955.919723275 92.77586621601719 -30.695399778226523 -1.133932285291205 -0.5166997122591511 0.23528701367558172 0.6965715588896385 0.43869065626360915
2955.969723275 92.75379993072745 -30.750438335298302 -1.1424721872385406 -0.507750628570556 0.2604254156355617 0.6907048120521544 0.44417875307723637
2956.019723275 92.73245232569566 -30.80289354815156 -1.1505569634412964 -0.49842916908550333 0.28350135383884173 0.6881753722045824 0.4445334665324573
2956.069723275 92.71256953261566 -30.85228494510638 -1.1575277627104537 -0.48550246170055533 0.3038285897110327 0.6892836002151108 0.44369321183831667
2956.119723275 92.69528368181238 -30.89752911645464 -1.1625672273210588 -0.46845298066782787 0.3167889650301367 0.6953577144884132 0.44347965617377894
2956.169723275 92.68083119304175 -30.937660313588346 -1.1645072179106788 -0.44881745961741343 0.32277937998120293 0.7030668208588919 0.44729565748942013
2956.219723275 92.67191880872473 -30.97187273693134 -1.1597557199341486 -0.4361145818802445 0.32086625893654974 0.7104199988002246 0.44961354589488445
2956.269723275 92.66595271895545 -31.001869301561918 -1.144014019077032 -0.435727650178648 0.3250080956915066 0.7076583900838219 0.45136543459678863
2956.319723275 92.66356101768584 -31.027598550936123 -1.116443764096894 -0.44998666757491423 0.33196081930758253 0.6936397470032912 0.45406818301514196
2956.369723275 92.66480830839119 -31.047435696050023 -1.083262019744028 -0.465549134697607 0.3341243273970084 0.6823828244831519 0.45384867287919006
2956.419723275 92.66837418038375 -31.062569427228727 -1.045623962211434 -0.4811473381183149 0.33288814617942797 0.6728346722818443 0.452743000973253
2956.469723275 92.6732887188666 -31.073882155940364 -1.002576219895188 -0.5014796794895859 0.3263746596912267 0.6617919689934271 0.4516958073153448
2956.519723275 92.6794960891382 -31.081185160279297 -0.9564267595327222 -0.5237355935899798 0.3238325349650566 0.651165022739443 0.4436413308809243
2956.569723275 92.68542673911922 -31.08539391909967 -0.9127467412615717 -0.5384844315400448 0.3135104971761248 0.6469689186525597 0.43951894549258225
2956.619723275 92.68937883875475 -31.08863113278 -0.87027282196528 -0.5446868202313102 0.3156396670030159 0.6436277818532311 0.435236885968112
2956.669723275 92.69251311633018 -31.089074527951936 -0.8292099352225052 -0.5480836243956289 0.31056373417071986 0.6433428819861118 0.4350453354365424
2956.719723275 92.69667435346149 -31.08571432649031 -0.7872633612534249 -0.5627028767928715 0.305399546391154 0.6398056265000917 0.4251415644369873
2956.769723275 92.70031954021404 -31.081300877036266 -0.7501817143755141 -0.5730689799462643 0.30276294769372547 0.6372669767823119 0.4169140703189173
2956.819723275 92.70334660440741 -31.076772235388468 -0.7191129114643899 -0.5796769940138421 0.3042374863550909 0.6355076545617205 0.40932157956901416
2956.869723275 92.70557264136397 -31.07360997215998 -0.6951249514886622 -0.5789213519177788 0.3106711557846084 0.6335693366000757 0.40856259860306193
2956.919723275 92.70860715698306 -31.06817230854075 -0.676110231481627 -0.582063823457616 0.3163802407202192 0.6317980848709566 0.40241325606534006
2956.969723275 92.71178479017027 -31.061617819646788 -0.6636718967419599 -0.5889577205850371 0.3163870447460064 0.6293921548239638 0.3960979130546049
2957.019723275 92.71517902498182 -31.05502750483492 -0.6610697436041632 -0.5928359301259003 0.31365386091941583 0.6308258169240631 0.39016099777424057
2957.069723275 92.71880844967706 -31.048502201460778 -0.6692948121640855 -0.5949849362402299 0.3066654318269513 0.6349201117597207 0.3857793284413031
2957.119723275 92.72224989143263 -31.04417698567311 -0.6868896643264631 -0.5948140112303951 0.3045137343745268 0.638647378871402 0.3815720155907341
2957.169723275 92.72572797697313 -31.043039128802082 -0.7135234074083647 -0.5891953620578259 0.3008463673535543 0.6453601816458773 0.3819038158040817
2957.219723275 92.72805493241708 -31.04381484820192 -0.745785430459659 -0.5869836982792505 0.29840956533017 0.6488031440772846 0.38138740082664413
2957.269723275 92.72935807672518 -31.04586530701403 -0.7838084115820976 -0.5833149875664743 0.29439717213679867 0.6534138735774543 0.38226200456583004
2957.319723275 92.72873485780605 -31.04893693130029 -0.8253943764331574 -0.5815369944585816 0.2909874092477617 0.6570584622378848 0.3813334878252125
2957.369723275 92.72712804499712 -31.0527555287685 -0.8697585328818958 -0.5803216072537678 0.2934045008401385 0.6598161747597496 0.3765411618489597
2957.419723275 92.72248855957665 -31.057282327740122 -0.9210580301689189 -0.5665353860980549 0.29076268536125377 0.6737064387145397 0.37498580177763086
2957.469723275 92.7130216862647 -31.063439321237805 -0.9716041425701264 -0.5563856624114735 0.29046456049672437 0.6806976754618872 0.37777772350838
2957.519723275 92.69832494289537 -31.069728336035976 -1.0204694834630887 -0.5483921660026306 0.2992118642779754 0.6830345573394656 0.37842051480109024
2957.569723275 92.68198168054352 -31.073173090633837 -1.0674995192420975 -0.5469258059484869 0.3055278414787275 0.6854812397966151 0.3709991519610836
2957.619723275 92.66231478108986 -31.078356194553844 -1.1105909136301437 -0.5516407166111827 0.308590629007044 0.6832967774478753 0.3654721020749557
2957.669723275 92.64031730737116 -31.086758633794187 -1.1521774335806827 -0.5523802826057822 0.30942855949623393 0.6827292689877577 0.3647063684992134
2957.719723275 92.61635980943612 -31.101083006242767 -1.1917294970314927 -0.5445374867400922 0.3128618451723326 0.6814680567014354 0.3757627962767426
2957.769723275 92.59150110073955 -31.1182742678332 -1.2226612639222125 -0.539673230499222 0.3407542027247196 0.6667200559617855 0.3848684769973866
2957.819723275 92.56999123121317 -31.133056945997296 -1.2452175835972163 -0.5403996863606478 0.36630977163798834 0.6463890489151881 0.39492597740128044
2957.869723275 92.55530110011587 -31.139201992173977 -1.2589923107065422 -0.550544929178651 0.3957885225374894 0.6197086855302402 0.39523774043181564
2957.919723275 92.55041361958001 -31.134595709553555 -1.2708117995383617 -0.5555817015470893 0.41248905099866856 0.6041164773692841 0.3952531308961212
2957.969723275 92.55601810977625 -31.117737565739613 -1.2771537132467061 -0.569404883531544 0.42308826690974216 0.5884768653089194 0.3879038231442526
2958.019723275 92.5721651591295 -31.09097963606373 -1.2847538826189524 -0.5809132672735638 0.4107254781742059 0.5887617308942008 0.38367171086566654
2958.069723275 92.59502438835474 -31.056078045476333 -1.292146631961402 -0.5927464548921726 0.3937875236982878 0.5938668192576461 0.37537345054910126
2958.119723275 92.62075246386203 -31.016165440503542 -1.3002255874019286 -0.5999092633044089 0.37373631805479884 0.6022146884716004 0.371170458627107
2958.169723275 92.6475109528755 -30.97125631876485 -1.3092196491207697 -0.5995968382344538 0.3502317882391112 0.6139261555277259 0.37538780167318586
2958.219723275 92.67591011517555 -30.91788426665334 -1.3159951346346912 -0.6033803917385587 0.31830269710698456 0.6273903380355673 0.37549548548479145
2958.269723275 92.70320220748292 -30.858503515126237 -1.3228591622410368 -0.6025484698401655 0.288363866202097 0.6421355245556732 0.37608986993252636
2958.319723275 92.72993919486538 -30.79397385907171 -1.3292324063750791 -0.596394355412807 0.25080899444307 0.662655167878374 0.37722241399774015
2958.369723275 92.75369325181936 -30.72603109545746 -1.3288311407822413 -0.5960836290310536 0.21318611503417406 0.6764967156052012 0.37628205024048234
2958.419723275 92.77420733091698 -30.65784420590141 -1.3246476476603577 -0.5942906813929691 0.17435632946101984 0.6887452985931446 0.37689304855913863
2958.469723275 92.79171043375607 -30.591807235149016 -1.3182784082334296 -0.5885328502352771 0.13576074274124672 0.7019301467975032 0.37748135575299807
2958.519723275 92.80552147336195 -30.53102516319919 -1.308325873500293 -0.5870327456751486 0.10321002547652665 0.7092548205600692 0.3764277429448247
2958.569723275 92.81646452699292 -30.478694387355105 -1.298426144147724 -0.5826064069599112 0.07231601358143255 0.7165084486663759 0.3767702373312627
2958.619723275 92.82477054898484 -30.438861908843077 -1.2895119942508526 -0.5754848014085623 0.04804264718687783 0.7210443232842978 0.38288931985433355
2958.669723275 92.83139857865187 -30.411860078566214 -1.2849234921721822 -0.5581551062142349 0.029690528315404287 0.7279232832335158 0.39712597958565615
2958.719723275 92.83624990013023 -30.396416129130287 -1.2806240313157613 -0.5453297921794863 0.018650481829113153 0.7309478244738594 0.40985711557316196
2958.769723275 92.83935810069711 -30.391167146330744 -1.2766023614589102 -0.5374888472841381 0.010873110813598279 0.7322678943436508 0.4180565098403797
2958.819723275 92.8404924321355 -30.396686983905823 -1.273941201406735 -0.5342384568403397 0.005994382116950144 0.7312285194497427 0.4240969122255267
2958.869723275 92.83986107482052 -30.413521040761257 -1.2741079561024369 -0.5341025088802043 0.010624586624574155 0.7287625442948569 0.428400259336774
2958.919723275 92.83743561833525 -30.44105904148167 -1.277722860280086 -0.5328158854462812 0.02544236159824008 0.726854150905092 0.43260023319970325
2958.969723275 92.83286116573942 -30.478362863117223 -1.282052353329557 -0.5325418068352353 0.042844398539886974 0.7239088833260224 0.4364854065465302
2959.019723275 92.82444993647621 -30.526694850459144 -1.2849395712292064 -0.5370014529577135 0.06985523953638502 0.7143244575498104 0.4432722125024172
2959.069723275 92.81218334976326 -30.582377426103804 -1.2868132537905252 -0.5418989415987985 0.10058247494352272 0.7038593035927025 0.44811916224854037
2959.119723275 92.79587946332467 -30.643544650301024 -1.2868508078230292 -0.5493020819144857 0.13728486257694789 0.6913893951346193 0.4487769976358252
2959.169723275 92.77574489011822 -30.707884072581443 -1.2881557637406087 -0.5485478008159764 0.178052434580116 0.6837354966090593 0.44710000160681357
2959.219723275 92.75257775661694 -30.772366000375772 -1.2869134815070071 -0.5497126407045996 0.21980615405339834 0.6755076117866714 0.43953467861830575
2959.269723275 92.72716884549537 -30.83635711293641 -1.2828192123393722 -0.5493016778134854 0.26800251031249617 0.667245886880982 0.4257055880040833
2959.319723275 92.70066464805984 -30.89809447196698 -1.2750869148124964 -0.5471783396659445 0.31483717761939983 0.6589232289787175 0.4090153964111029
2959.369723275 92.67433297423358 -30.955551310304525 -1.2620155384659428 -0.546149511030499 0.3613615890136938 0.6483136518090759 0.38836570711717777
2959.419723275 92.64919459445866 -31.00841808061513 -1.2445674377753935 -0.5463794861360746 0.39719059491491276 0.6359078204920257 0.37326978484455264
2959.469723275 92.62630485712722 -31.056232792529897 -1.2235023046429372 -0.5476109095782712 0.43125418721124215 0.6211969660969678 0.3581290926964079
2959.519723275 92.60662913703267 -31.098768596168696 -1.202114760619094 -0.5468205797683768 0.4606430917871788 0.6075173950570187 0.3460026159347052
2959.569723275 92.59318416484274 -31.131985583631895 -1.1816024330922115 -0.5428938286772628 0.4972096417620597 0.5971190785086677 0.3185869881271784
2959.619723275 92.58696755699113 -31.153776184639533 -1.1630930544683078 -0.5436162279361535 0.5289385240744771 0.5852845344938797 0.2866137612827836
2959.669723275 92.58873581377874 -31.164453814715777 -1.151559645254217 -0.5400807908809251 0.5467330509650616 0.5842624875224584 0.26083147045159083
2959.719723275 92.59747362272708 -31.162046792546864 -1.1419763484523886 -0.5485744811082701 0.5536522102697015 0.5779341298114196 0.24192438971584448
2959.769723275 92.61207581370944 -31.148184590085556 -1.1377129892168512 -0.5570662627790236 0.5566934969289056 0.5723548679237664 0.22842818239973509
2959.819723275 92.63162595110472 -31.12398558440426 -1.1405723484789585 -0.5673545367035724 0.5470528733003803 0.5723877510441115 0.22630564719055735
2959.869723275 92.65692163952613 -31.088982932727802 -1.1521796096972108 -0.5732182221571632 0.529331679032485 0.5847886518825657 0.2219258344334947
2959.919723275 92.68378302487557 -31.04588230791825 -1.1676151271894997 -0.5759993982345945 0.5059064600372952 0.6012110016309201 0.22545216442488078
2959.969723275 92.71203824524059 -30.994814931804775 -1.1830897052223992 -0.5809296797487307 0.46872002378203864 0.6215513157402838 0.23768931064379895
2960.019723275 92.7405673622224 -30.938685771084515 -1.1964654444080867 -0.5816532294353786 0.42906076218802364 0.6440024165598554 0.2506935789027988
2960.069723275 92.76785690494712 -30.880395048874714 -1.2061726721043586 -0.5808619756475015 0.3874318731165704 0.6634240436660023 0.26900640740717935
2960.119723275 92.79307772523585 -30.82202259434975 -1.2129563366504057 -0.5723360649070536 0.34805049309276254 0.683488204686146 0.29006233316220636
2960.169723275 92.81528228382928 -30.76516018419651 -1.2181869818545739 -0.5503528674772201 0.3015358778040122 0.7095158210139948 0.32058561319466955
2960.219723275 92.83445590383776 -30.70895317926539 -1.2149168098372227 -0.53713986520767 0.2543037864974986 0.7257233026025158 0.3466064590243785
2960.269723275 92.85157093337637 -30.65363691169352 -1.2027671250287129 -0.531149144446699 0.22903574564804044 0.7382391437437434 0.3470247544678773
2960.319723275 92.8664205647004 -30.602010330972256 -1.1860970911743922 -0.5285148349565849 0.19899602369575264 0.7503513275319525 0.3435775560992449
2960.369723275 92.8769876213339 -30.558413567146772 -1.164611855395925 -0.5319594068650607 0.17522198941788047 0.7542342399929319 0.34270563913437047
2960.419723275 92.88476951107354 -30.523077242236873 -1.1429493744865256 -0.5301235343187568 0.15914571664174057 0.762295152545876 0.3354814147475782
2960.469723275 92.89045892788157 -30.498081642063916 -1.12198788255415 -0.5276154150747281 0.15160572055843008 0.7698810915647178 0.32545473436501116
2960.519723275 92.89430794678422 -30.48521826074357 -1.0964929621468533 -0.5387898452633365 0.16078687421142351 0.7654765209482002 0.312887806728657
2960.569723275 92.89762884607917 -30.481561663697853 -1.0723657314133466 -0.5410219693127378 0.16559501263732979 0.764534271487733 0.3088055508428096
2960.619723275 92.9011185592836 -30.48379773461771 -1.049480680029184 -0.5366569055706487 0.17766092311084744 0.7674265579821242 0.30247717303367955
2960.669723275 92.90534446107435 -30.489437498689952 -1.0290319552833638 -0.5151206517670949 0.17733783921281407 0.7774361584086386 0.31431675823155186
2960.719723275 92.9106985706724 -30.494151818194847 -1.0009985976745954 -0.5075345588657292 0.18292670075014406 0.7791846358885768 0.31908901094337777
2960.769723275 92.91648238942466 -30.497908942808944 -0.9600345386714434 -0.5290293671346394 0.18455511178467177 0.7618946929070524 0.32493663435097436
2960.819723275 92.91977954776179 -30.50452243081744 -0.916515069229018 -0.5541173511541201 0.191702250391296 0.7380797050239166 0.3338301325175166
2960.869723275 92.92094314601165 -30.512885071617763 -0.8818104382175134 -0.5681369688138765 0.19263345295150014 0.7205575263327583 0.3477205612502359
2960.919723275 92.92110013567941 -30.521303515359744 -0.8643248304834407 -0.5560016508717965 0.16369489839162074 0.726715809592317 0.36871435632068494
2960.969723275 92.91827344185592 -30.532442153712864 -0.8536940453861038 -0.5448024437801551 0.13706614829327318 0.7333148067626583 0.3829524284109749
2961.019723275 92.91134319340297 -30.550685840758565 -0.8482794314980907 -0.5387754924872372 0.10301569808330374 0.7296261001387873 0.40835583580966406
2961.069723275 92.90321745460555 -30.57212366763663 -0.8547362567271692 -0.5158303587065608 0.0688684727644992 0.7380584170916145 0.42947170739871415
2961.119723275 92.89192455599581 -30.59925398047995 -0.8678165464095933 -0.4881407641888871 0.0507418089469241 0.745977010702936 0.4501801446805434
2961.169723275 92.87820963333878 -30.633464848622477 -0.8778938007819563 -0.4815811080942499 0.055793521271441784 0.7394090515039227 0.4671626845809895
2961.219723275 92.86131603583632 -30.674175277641634 -0.8890889250557238 -0.4783568062154147 0.07493148314082719 0.7279042302170813 0.4855053762975057
2961.269723275 92.84176366940767 -30.72045963385157 -0.8966687878241073 -0.48690197204668234 0.12072678526281964 0.7085774275352213 0.49625552100175674
2961.319723275 92.82010628134915 -30.768311103898192 -0.8983835065956258 -0.5027038928179794 0.18211941691020705 0.6834100443975943 0.4970634017370561
2961.369723275 92.79823828949715 -30.813289054486656 -0.895464874222996 -0.5155475013888231 0.24729719769564568 0.659356707213213 0.488163499738122
2961.419723275 92.78065414667309 -30.85137960872869 -0.8887654155144775 -0.5256632466550085 0.304634567856243 0.6426864169824987 0.4667227234765342
2961.469723275 92.7678523964744 -30.881011891825732 -0.8779141428211186 -0.5364322088622913 0.35696510661201697 0.6289535137970357 0.43501020153435077
2961.519723275 92.75912018109257 -30.902531037062204 -0.8632999294604752 -0.5507297248867712 0.4052937608632674 0.6142127875969634 0.39392434436553636
2961.569723275 92.75362991105918 -30.917085383690676 -0.8466978716872495 -0.5663281059827869 0.4576593473563569 0.5925146353316433 0.34459658307811575
2961.619723275 92.75303023725206 -30.925676895600727 -0.8363584965279842 -0.5726641606811217 0.48716372391230983 0.5848157965888017 0.3044958936266342
2961.669723275 92.75491834010064 -30.929833403080274 -0.8326158041905286 -0.5701714652433906 0.49385558187967904 0.589409529298325 0.28914973844154807
2961.719723275 92.76113989826443 -30.925532545680372 -0.8320996292315783 -0.5658103569712827 0.5002572487127751 0.5948455114198515 0.2752456041393026
2961.769723275 92.77217008613502 -30.912133293986727 -0.8331192179034336 -0.5738325561616141 0.4855229232267613 0.5997447292072818 0.2743901388506023
2961.819723275 92.78745978125006 -30.889962388256624 -0.8360684549241956 -0.5859254372745067 0.47018310342346387 0.6010704687961227 0.27264174799719837
2961.869723275 92.80637919672674 -30.860775492333534 -0.8445374930914258 -0.5944662683893293 0.44343843153988455 0.6099660057435734 0.2791302294950228
2961.919723275 92.8284616471933 -30.824058626069164 -0.8599315849175063 -0.5907386482590118 0.41516112372508746 0.631665373402091 0.2822551095112989
2961.969723275 92.85079262233944 -30.781552254106717 -0.878301370389571 -0.5796298407547474 0.3794552951958617 0.6580592094071734 0.29495932527867913
2962.019723275 92.87329136437093 -30.72803883514747 -0.8889440227441847 -0.5864427795772333 0.3479860722664027 0.6712222425739408 0.2906049911208346
2962.069723275 92.89308210750362 -30.669209049339095 -0.8952607491890836 -0.5969790138652226 0.30885814005729595 0.6811125687161352 0.29035904508343185
2962.119723275 92.90977813099035 -30.60800742363321 -0.8978686962313026 -0.6067441159301945 0.276420928053976 0.6866760227908223 0.28970517434461496
2962.169723275 92.92361973580113 -30.545889830642736 -0.9011454661189557 -0.6071525247885539 0.2312380604316062 0.7007613069781182 0.2946665262513421
2962.219723275 92.933021539878 -30.48373702480102 -0.902773301191675 -0.6049173100184043 0.19133150424998696 0.7160090884499778 0.29120145737713427
2962.269723275 92.9379526848224 -30.424398149566777 -0.9027181411543995 -0.5989295756006293 0.14393557194949233 0.7345360671021148 0.2846448325977135
2962.319723275 92.93947587903713 -30.376438622739183 -0.9012677846933026 -0.5847237980184931 0.08984083586228622 0.7536207974868739 0.2865002580062411
2962.369723275 92.93864960593213 -30.34531019044167 -0.8973398671478439 -0.5728540535590934 0.04538436486349647 0.7624131209860183 0.2974974381321822
2962.419723275 92.9367609054248 -30.33066601405483 -0.8950884820075918 -0.5592510888908131 0.012316885088301878 0.7678485552121412 0.31224206983491015
2962.469723275 92.93401448352552 -30.333707038092662 -0.8948544438984439 -0.5511958479316543 0.005772534500482467 0.7687005884727371 0.3244213623515153
2962.519723275 92.9311689633711 -30.350921176888274 -0.8957413303422036 -0.5510959629191331 0.005188958796124855 0.764183326117214 0.33509723729878377
2962.569723275 92.92797419269581 -30.382786707330848 -0.9021248533515219 -0.5443718381228199 0.01142506535340773 0.7626623219160447 0.3491059330204517
2962.619723275 92.92310803245627 -30.428879430061176 -0.9086187279962902 -0.54292352139845 0.025225200054143887 0.7544660505397638 0.3679384700971969
2962.669723275 92.91525147405565 -30.486130803791507 -0.9151538687224519 -0.5422022668568406 0.03731441501212202 0.7430538414976444 0.39050649787577196
2962.719723275 92.90224868376096 -30.553584576234805 -0.9223259308739473 -0.5422956997802884 0.06344407323323797 0.7278870774036389 0.4148139656763884
2962.769723275 92.88355875626705 -30.62733290225968 -0.931005935800013 -0.5392301290651269 0.09454194583331518 0.7119527033726071 0.439790900936904
2962.819723275 92.85983106835312 -30.703346980946414 -0.9411579203936131 -0.5311033252963626 0.1255478835497844 0.6989664179573686 0.46218279215388497
2962.869723275 92.8303128994864 -30.780040829215274 -0.9508116876913324 -0.5217865607884322 0.1594572430603426 0.6854090934082473 0.4822100655206806
2962.919723275 92.79480404546885 -30.85651906246859 -0.9596973829932777 -0.5077156277775733 0.19973323727911885 0.6698927767273624 0.5035624518616654
2962.969723275 92.75592981471974 -30.92915198376283 -0.9656670773559781 -0.4929646233885429 0.23965494343378557 0.6518253711073746 0.5240945275004066
2963.019723275 92.71656304543248 -30.994413675046022 -0.9661520868644641 -0.484007567794975 0.27833369960753074 0.6316873051759218 0.5378086783044315
2963.069723275 92.6790406777297 -31.050264986387692 -0.9621589796325285 -0.4816158591050101 0.30889009568836934 0.6123538897135411 0.5455783965635639
2963.119723275 92.64624091198122 -31.096777703353247 -0.955646149200561 -0.48301925792699046 0.3406640943437639 0.5977427563112763 0.5416123785273016
2963.169723275 92.61840844432994 -31.135715974306446 -0.9488701684282213 -0.4858703521681591 0.36807227226699335 0.5855250095414363 0.5344279806238653
2963.219723275 92.5964753777596 -31.16609866289852 -0.9408021011560816 -0.4886842269153183 0.4070472824288867 0.5726406119200649 0.5172842214984424
2963.269723275 92.58400005926272 -31.18556949569579 -0.9349518765200475 -0.4922717476911065 0.4353342735678744 0.5628264921711862 0.5013770401529695
2963.319723275 92.5839083514338 -31.192491082051518 -0.9313750618676876 -0.497247721302686 0.4648060053818865 0.5605731193648053 0.4716543849746676
2963.369723275 92.59521438536366 -31.185853233182794 -0.9276473270370955 -0.5165165595199706 0.4874207160108525 0.551579953682655 0.4374828499959293
2963.419723275 92.6165093830611 -31.167944837813327 -0.9301645241736411 -0.5406320446319739 0.48444297682005893 0.5519186037467808 0.41038743811790246
2963.469723275 92.64340546836549 -31.14208095935368 -0.9393083796828756 -0.5549047652752366 0.47887452834948246 0.5591731465719835 0.38740841462942266
2963.519723275 92.67453141628782 -31.108476630377687 -0.9538036277684768 -0.5690971470382741 0.4567803436009571 0.5734889533145275 0.37227755151082703
2963.569723275 92.70730609500094 -31.067829305735746 -0.9703116949297852 -0.5818076914678292 0.432433136756272 0.5917792411395483 0.35256023902349964
2963.619723275 92.73615550918868 -31.024475866565865 -0.9880053939030409 -0.590063451663057 0.40437584424360473 0.6068031906493122 0.3465475254875812
2963.669723275 92.76205894021537 -30.977743865761546 -1.004083286742533 -0.5977288981921772 0.3745478006466244 0.6226431241332129 0.338747176027159
2963.719723275 92.78289580607739 -30.931925898309938 -1.016920359797091 -0.604740803590315 0.34353301088051935 0.6361115986895194 0.33411923757989315
2963.769723275 92.79689276957954 -30.891192869530173 -1.0256676453095852 -0.611087598640428 0.31596983439607573 0.6407432991170986 0.34085632629617985
2963.819723275 92.80709779612486 -30.85651080355597 -1.033242430477103 -0.6114260752799525 0.28043436715859216 0.651317707960481 0.3511409453214186
2963.869723275 92.81359176879778 -30.83045019743604 -1.0429771041218183 -0.5965806793847694 0.23673914706461846 0.6695838383307279 0.37376938435111756
2963.919723275 92.81847394776416 -30.810027324419078 -1.0592082405591805 -0.5573287570108766 0.1805723928189646 0.7038509543072967 0.4017114657077299
2963.969723275 92.82042273380715 -30.793038958811657 -1.076880932960651 -0.5116089334555464 0.12203576968646751 0.735825003316408 0.4265268275500596
2964.019723275 92.81783992102297 -30.78512518809319 -1.0857090148481676 -0.4914074062370205 0.09424396450620619 0.7414847077138715 0.4470316146270102
2964.069723275 92.81269553875163 -30.784482882115693 -1.0922911136622586 -0.47927535285655937 0.07417151765958263 0.7366593043246842 0.4713032903175697
2964.119723275 92.8059123511165 -30.789561343378875 -1.0960532079002576 -0.4785916583696523 0.08563562338903512 0.7284850403293764 0.48262419185331373
2964.169723275 92.79906553222112 -30.797330949194958 -1.0963860926425426 -0.4870383876698675 0.12330130839441887 0.7206218708006062 0.4778017534584763
2964.219723275 92.79404254340861 -30.80456403753849 -1.0913646103111383 -0.5050166045766664 0.17721874819446096 0.7110429473430173 0.45603691892652565
2964.269723275 92.7918842842063 -30.809161918523365 -1.0830347416841284 -0.5266795965580189 0.22688285075376435 0.7001696522512937 0.4253178019665179
2964.319723275 92.7910128310839 -30.813311489807738 -1.0713344570172108 -0.5497712107191054 0.2873111050938553 0.6829092529788094 0.38579644496822585
2964.369723275 92.79042983019914 -30.816993542283907 -1.056774082589018 -0.5752415127060216 0.3355293848182264 0.6554985521744997 0.3561444679906251
2964.419723275 92.79180756676223 -30.816930502153575 -1.0439364228756312 -0.5937951669460924 0.37648849238619325 0.6340973942977501 0.3218450082835486
2964.469723275 92.79420223991963 -30.81388986115612 -1.032439611314683 -0.6089372717532833 0.4083179526772603 0.6155949983564967 0.28898900773140784
2964.519723275 92.79622366147852 -30.80889165374719 -1.0209925251392629 -0.6257608081418061 0.43851054728378525 0.5917582644868311 0.25681523966875985
2964.569723275 92.79806685725914 -30.802121699010716 -1.0108797739769981 -0.6396431373426171 0.47372595119103267 0.5636296359685123 0.2208212251497748
2964.619723275 92.80026586530032 -30.797824406194717 -1.0077810906369467 -0.6456219797995043 0.4801501771497759 0.5559555405635 0.20866600944943994
2964.669723275 92.80209231503838 -30.797520750936318 -1.0113417276890093 -0.6400005411917633 0.4677467969470479 0.5687699739722176 0.21934666153755453
2964.719723275 92.80366452007759 -30.798310644934304 -1.019044430401958 -0.6331809343557503 0.4336006848859251 0.5905812318630411 0.24957195156100495
2964.769723275 92.80605749629136 -30.799178820540845 -1.033125639292111 -0.6192390136176691 0.37754465354245287 0.6216352197751386 0.29592690335696215
2964.819723275 92.80884689568181 -30.79858746046393 -1.0517017945746379 -0.597092415888717 0.3250466259576269 0.6503365091818557 0.33895097383972256
2964.869723275 92.81016766032718 -30.79701366373218 -1.0674214882313435 -0.58587789310102 0.2963604969501806 0.6574965961334206 0.3696157143519704
2964.919723275 92.81053566945563 -30.793884942059325 -1.08258812321499 -0.5802372885060559 0.3011494031450551 0.6557377669450156 0.37767937064986973
2964.969723275 92.81118404662969 -30.789163369616876 -1.1008930544021653 -0.5662459383025455 0.30126563708685894 0.6638708033953872 0.38455182962207063
2965.019723275 92.81251168075654 -30.782971620500213 -1.1136566316644494 -0.551760423397569 0.30158838582812214 0.6753012202072497 0.3854518681915068
2965.069723275 92.81621696299212 -30.776691032585 -1.1118287642937235 -0.5486150678379438 0.3058883636075834 0.680382168873391 0.3775366480618583
2965.119723275 92.82270388439954 -30.773615808642596 -1.0987689340395002 -0.540864975233992 0.29604218316762204 0.6899688840220549 0.37916624774871693
2965.169723275 92.83194703640466 -30.77306387967031 -1.0684901996758875 -0.5470500397220875 0.2910828850036098 0.688439944764866 0.3769050948848874
2965.219723275 92.84141895519303 -30.774949784634586 -1.0236008695443517 -0.5617758431628087 0.2923341843976762 0.6766951995768038 0.37554258552256203
2965.269723275 92.85197709293026 -30.776948685392085 -0.9768914937546714 -0.560937801438422 0.27675250050645644 0.6813500374828146 0.38015649777824473
2965.319723275 92.86194334924191 -30.776308414175425 -0.9214959285677166 -0.5702173821624018 0.2655729114783995 0.6802981377070655 0.3761882635078375
2965.369723275 92.86909798745363 -30.77499747060819 -0.8617907085953469 -0.5839368366286694 0.2520210842462094 0.6747801345876262 0.3743994042321287
2965.419723275 92.87260088683902 -30.772701854464593 -0.7981511199722069 -0.6094594504436651 0.23909574797775157 0.6569802630889808 0.3738573731724427
2965.469723275 92.87345334014923 -30.770911481130625 -0.7424773535106213 -0.6285017054085925 0.230274394964833 0.6418911927645267 0.37407887667362905
2965.519723275 92.8737549853317 -30.770667817359463 -0.703427674437712 -0.6286644424969586 0.22391338597166816 0.6417512423181584 0.3778877575495026
2965.569723275 92.87114525721098 -30.77147599191649 -0.6742178561100023 -0.635484275087434 0.2202908606478911 0.6330810378210298 0.383197171679356
2965.619723275 92.86617806105114 -30.77285696601769 -0.658073016644971 -0.6459276576363217 0.22728841561567226 0.6167452249294738 0.3882560556566571
2965.669723275 92.86354058123838 -30.77213573364522 -0.6611377717512906 -0.650496882117594 0.22840841644257984 0.6112818278779512 0.38861025277220007
2965.719723275 92.86381969844972 -30.77254526798902 -0.6830160757683891 -0.6472336779847715 0.23160759401869183 0.6152870275901452 0.3858346305795555
2965.769723275 92.86650711550404 -30.775814852397893 -0.7202264518779715 -0.6382201685822471 0.23587887885078465 0.6237193300581306 0.3847211564741167
2965.819723275 92.87056993536174 -30.779409161685138 -0.7684015538186009 -0.6298544077862672 0.2307628123737248 0.6367602896213356 0.3802213604979771
2965.869723275 92.87157954566499 -30.785245888064157 -0.8197547479124532 -0.6284759145965031 0.23606099155253218 0.6361910688919247 0.3802027839212582
2965.919723275 92.87099226366898 -30.790668531296475 -0.8792858901557999 -0.6199286589764743 0.2413149418477535 0.6440084090499733 0.37776808453543015
2965.969723275 92.86831221131175 -30.796348378962886 -0.9473178776900413 -0.5993551227145117 0.23825162670171945 0.6634565909966122 0.3792557858662295
2966.019723275 92.86062299570987 -30.80211448949191 -1.0158512316477393 -0.5840844524678109 0.2381554402958473 0.6759887269224688 0.3810073223923771
2966.069723275 92.84836918818586 -30.807221904960315 -1.082329105287505 -0.5775417443146499 0.2522690265276867 0.6794710221338681 0.37566607766621885
2966.119723275 92.83174008110849 -30.81274455587103 -1.1505612278264772 -0.5631560430426028 0.2689928773344564 0.6849194750393413 0.3760098613597274
2966.169723275 92.81158754652775 -30.817216286544728 -1.2142675436346506 -0.5503028443540289 0.29593785657909144 0.6886524432909672 0.36789315961107527
2966.219723275 92.78989296164755 -30.820604787349982 -1.2733575740108245 -0.5324074075723668 0.31371425667232117 0.6989039034068658 0.3600820063891713
2966.269723275 92.76650541792685 -30.825421216972078 -1.322339453881374 -0.5221993114755362 0.3225438820721412 0.7026156780117315 0.36000629472888873
2966.319723275 92.74364534119647 -30.831841623582093 -1.358726815467582 -0.519138123017957 0.32997628507269655 0.7029817845340482 0.35697040652180134
2966.369723275 92.7213013087629 -30.84405947197723 -1.3830218659884976 -0.5151621046246457 0.34462160013042575 0.696690106309474 0.36120195798575666
2966.419723275 92.7023242365622 -30.860159172158166 -1.3954728158209888 -0.5102038168798192 0.34676685622634895 0.6897413215217716 0.3790800997804537
2966.469723275 92.68809487100773 -30.877374027042638 -1.3960999594462191 -0.5146975929186587 0.3492379380433922 0.6776296436686702 0.39234846309933435
2966.519723275 92.67874303670101 -30.89612095822053 -1.393443632144947 -0.5075139386601749 0.3465732992523398 0.678363338169764 0.4026657816827235
2966.569723275 92.67213746567006 -30.917027666564188 -1.3787171174870176 -0.5110263318893952 0.34365513812118575 0.6733648999004268 0.4090634984212922
2966.619723275 92.66642833258423 -30.94251402603619 -1.3532642362532925 -0.5214665748200178 0.3398121992594907 0.6623322473301503 0.4170327022266956
2966.669723275 92.66133394785219 -30.972564323962484 -1.323233387162163 -0.5269425798158666 0.3332464239996763 0.655923073468338 0.42549178624302075
2966.719723275 92.65495457364861 -31.00504905956755 -1.2831914017925716 -0.544087374863717 0.34022301622214063 0.6390005436044915 0.42414093532667
2966.769723275 92.64746767795188 -31.03727523618444 -1.238179451717928 -0.5637750053034339 0.3504803776183555 0.621079269006123 0.41663147974010317
2966.819723275 92.63844199723158 -31.06861800636328 -1.193870493329668 -0.574893671887415 0.36365848518275523 0.6089021677945455 0.4080293154094349
2966.869723275 92.62882614206885 -31.096514738730516 -1.1516166356084707 -0.5828574603267865 0.3744094747302459 0.6022658457405609 0.3966996057825579
2966.919723275 92.61886683189192 -31.121769968315967 -1.1153316307056085 -0.5821250820142096 0.3860908339103083 0.6007362393305045 0.38881901653010126
2966.969723275 92.60965633271198 -31.141774067991843 -1.0835247703420572 -0.5809681170107879 0.40869361465861226 0.5898949567708153 0.38401759898548304
2967.019723275 92.60684863315281 -31.151305483576838 -1.0615103814013631 -0.5726705875189971 0.42708972906906373 0.588221319435362 0.3789966238320368
2967.069723275 92.61160274239325 -31.14908135928291 -1.0470616637782186 -0.5684283705187871 0.430015833251067 0.5918512896001585 0.37641416251434606
2967.119723275 92.62215307375098 -31.13419009274671 -1.0344761034214194 -0.5803903532139173 0.4316892365573134 0.5822831321061149 0.37113042855777956
2967.169723275 92.6414131929931 -31.10791222727399 -1.0302547388833407 -0.5948799073020522 0.4160863070365389 0.5837279923005954 0.3636642847321044
2967.219723275 92.66690160828468 -31.074529161651707 -1.0371827390081723 -0.5936666391716351 0.4036330332503906 0.5967704689304608 0.35847636381812215
2967.269723275 92.69786189867577 -31.032679592231865 -1.0509652429314187 -0.5891195890033752 0.38063979818813654 0.6188026595151608 0.3537438656213744
2967.319723275 92.72947229383908 -30.98439611561251 -1.0662571380337122 -0.5817908986093985 0.3622617978214103 0.6360140757280575 0.3546432511838526
2967.369723275 92.76243678960881 -30.92746940979345 -1.0778023246105881 -0.5882438918854277 0.33354943734652714 0.6466719048708481 0.35288715470531
2967.419723275 92.7951209313446 -30.86673866798949 -1.090403963110071 -0.5876741614595798 0.3003647734864797 0.6624318010032643 0.3544068168373281
2967.469723275 92.82542669650928 -30.804841629928347 -1.1022987190310323 -0.5814801651740664 0.2707763808509757 0.6779505178477001 0.3590878227292359
2967.519723275 92.85322631419463 -30.740955269891735 -1.1112185881953058 -0.5766679100811538 0.2475104438768876 0.6914262084033844 0.3579420343958224
2967.569723275 92.87876928416014 -30.676401820689723 -1.1170798693258395 -0.5742976659098906 0.22108824727636112 0.7045545374809306 0.3534191301581601
2967.619723275 92.90049721455853 -30.615648785094358 -1.1190217851101725 -0.5729139153083499 0.2047353638305881 0.7136513885858771 0.3472099825936219
2967.669723275 92.91844197838756 -30.559036665829254 -1.118509092931402 -0.5704498484328976 0.18682760033766765 0.7214874226179581 0.34516418872624816
2967.719723275 92.9324147543891 -30.507770791521573 -1.1141083144899864 -0.5718778637783041 0.17581481601706356 0.7230362132656059 0.34534547006697974
2967.769723275 92.94335053078214 -30.463086964551508 -1.108760550843301 -0.5720069361371574 0.16742728701633117 0.7241915631095477 0.3468756960270971
2967.819723275 92.95139813707144 -30.426911562110828 -1.1054361940345927 -0.563906484783776 0.16087262734624078 0.7265659678136291 0.3580940778686058
2967.869723275 92.95807008095825 -30.395580035525416 -1.0992659410057115 -0.5634216155512987 0.16663133211827577 0.7239116834433619 0.3615825726722066
2967.919723275 92.96298983876692 -30.368886019137825 -1.0914888812097807 -0.5658116684706914 0.17229808408702457 0.718581907258888 0.36580126927408546
2967.969723275 92.96607289487731 -30.346838336850215 -1.0831157869675008 -0.5715036119493071 0.17986555537217103 0.7112392974085984 0.36765563417589525
2968.019723275 92.96691692610787 -30.32991804410211 -1.0783901758647636 -0.5700688300374939 0.18314017997587992 0.7108225395889226 0.3690698046581972
2968.069723275 92.96621739440951 -30.318055415638405 -1.0763173763554512 -0.5646282704443926 0.17970891692298357 0.7172817196969158 0.36661499694090144
2968.119723275 92.9619175763165 -30.316392464828766 -1.0722786514216929 -0.5654556674247353 0.18074998390197963 0.7163692292179428 0.3666121369054384
2968.169723275 92.95535295234997 -30.32398261886683 -1.0673242132988185 -0.5713946576153444 0.1759308085907042 0.7114308528004681 0.3693543522430231
2968.219723275 92.94809407909413 -30.33992543331072 -1.0646542907521515 -0.5762485359557629 0.17830660158351383 0.7068180238910616 0.36953032587774537
2968.269723275 92.94111049336935 -30.36353442176986 -1.0653373818818015 -0.5777105200001038 0.17416911188956674 0.7027570595437864 0.3768928107647854
2968.319723275 92.93406416529116 -30.391612401256467 -1.0684695819960175 -0.5746436957701725 0.17806556738376128 0.7048730458766893 0.37580748505107714
2968.369723275 92.92550415454009 -30.42475474286693 -1.0715598037543699 -0.5704569278403615 0.17464486308572627 0.7082081411845638 0.37751727647434874
2968.419723275 92.91410572065753 -30.46423924140667 -1.0692661826907348 -0.5790915557243778 0.18776767623882704 0.6985248607226406 0.37611074007665146
2968.469723275 92.90133965515086 -30.507940416657927 -1.0687666164309073 -0.5810539027987792 0.19353187362783936 0.6936926995119068 0.3790939389864846
2968.519723275 92.88641560018768 -30.555728726026096 -1.0670604474533083 -0.5853453060508047 0.20647664921101586 0.6849217408738413 0.38160250902375864
2968.569723275 92.86932099874817 -30.606188729636674 -1.0663479242141447 -0.5857235541204424 0.2232070164096994 0.6759650526357136 0.3875277971825951
2968.619723275 92.85125499976412 -30.656457383962106 -1.0665603597657327 -0.5828894075330738 0.23347568771994548 0.6718630928688556 0.39284733201351446
2968.669723275 92.83277365573937 -30.70465185629716 -1.0654872865793177 -0.5833632738801372 0.24979889708075292 0.6680840056117578 0.388524855254894
2968.719723275 92.81410769854551 -30.752310067675662 -1.0650358271918403 -0.5829262513979256 0.2566980610304353 0.6661302431793592 0.3880381295906179
2968.769723275 92.79518150560295 -30.79874548647223 -1.0638949163603295 -0.5815134370987056 0.2710623839488557 0.6653595020891724 0.38165958583698867
2968.819723275 92.77540996517573 -30.84371353016051 -1.0624954306648324 -0.5839846900459839 0.2704933015146636 0.6619939922921919 0.3841343642485517
2968.869723275 92.75627723573257 -30.885404307097662 -1.0612798864123258 -0.583845693193195 0.28230722022363663 0.6635882055291729 0.37293100358100173
2968.919723275 92.73616335409548 -30.926231663318273 -1.0596371300401701 -0.586647170625195 0.2880687635244514 0.6598172625721639 0.37081351740561347
2968.969723275 92.71566357430885 -30.96546892089718 -1.0592468752277244 -0.5861307584967127 0.2953407748245702 0.6557533267606497 0.37311142452681817
2969.019723275 92.69519908139682 -31.002228966327113 -1.059913229701553 -0.582876951759154 0.30093994786077205 0.6514379273883024 0.38120628752624947
2969.069723275 92.67569946583384 -31.035063061206316 -1.0606726138420053 -0.581541531950659 0.30619171560437936 0.6455426491917367 0.38901255504963045
2969.119723275 92.65693658326023 -31.064490134884057 -1.0624792226072617 -0.5775288431490934 0.3126949307186803 0.6417868325361581 0.39596966704144787
2969.169723275 92.63933141857918 -31.0918520159849 -1.0648311746742158 -0.5736157512485237 0.31737201234566254 0.6365964231585586 0.4061834188159163
2969.219723275 92.62158349203956 -31.118452698276986 -1.067279209462661 -0.5681661330276132 0.329553256152896 0.6270100355882849 0.41885595604103554
2969.269723275 92.60453621820368 -31.14414261404889 -1.0712794421673877 -0.5574394687352289 0.33841866613118904 0.6196509652578083 0.43676850431920944
2969.319723275 92.58823709037746 -31.1685988683976 -1.0739874692700975 -0.5499823430093231 0.34923175263609546 0.6072973137127767 0.4546939389148942
2969.369723275 92.57384791538571 -31.19192399341902 -1.077909894184738 -0.5409901410411636 0.3572991947622216 0.5977680939616838 0.4715297006127459
2969.419723275 92.56081398502428 -31.21496922088415 -1.0834555110524988 -0.5318947044256098 0.3594108838655842 0.5886196813485929 0.4913641324842848
2969.469723275 92.54929715251632 -31.237903549264395 -1.0879926133469484 -0.5246641183026216 0.36871829934550243 0.5781958034169418 0.5044442403323984
2969.519723275 92.53876028408686 -31.262056991301442 -1.0934767438661157 -0.5154225097925972 0.3729332919261732 0.5688722244900526 0.5211955375633478
2969.569723275 92.52829494823656 -31.28735259726816 -1.0977488589393076 -0.5058855495492339 0.3797595568330377 0.5565248174430031 0.5386488812958554
2969.619723275 92.51879102652619 -31.31233343982163 -1.0998514586282595 -0.49880432186515805 0.39067265504197696 0.5406514617202397 0.5534122532351994
2969.669723275 92.51345931816208 -31.33635087382047 -1.1011622302931166 -0.4950271193474496 0.3968335161367913 0.5306608014134981 0.5620235096722032
2969.719723275 92.50883566229277 -31.361550952630925 -1.1003407281525466 -0.48990096633832064 0.4127396178916872 0.5192712070280289 0.5656858355616285
2969.769723275 92.50335215296666 -31.388066374166545 -1.1003802277145138 -0.48088443550869026 0.4242406661363766 0.5066376202976819 0.5762710634595091
2969.819723275 92.49739538112907 -31.416011392059186 -1.1008792984493083 -0.46378267428960734 0.4326169447671841 0.5008716382632614 0.5889616389142536
2969.869723275 92.48952930291352 -31.444244914884074 -1.0944756314342314 -0.4635301275634016 0.44601367008485543 0.4777990076136513 0.5982639344485882
2969.919723275 92.48156189495019 -31.472664140203648 -1.089963018295049 -0.46108512265453855 0.4623241185351356 0.4579775639584678 0.6032524098567916
2969.969723275 92.4732596776006 -31.503053403735226 -1.093614395599283 -0.4419334570707513 0.47168415590268553 0.4507289913186391 0.6156721960400255
2970.019723275 92.46525077794496 -31.535110530556608 -1.096949677936569 -0.4262403155874165 0.4788939972627666 0.44667409550073556 0.6240688945639165
2970.069723275 92.45309047378362 -31.56841065274631 -1.0949555256163896 -0.4187554745574428 0.49424701781933034 0.43031724873727967 0.6286420311624474
2970.119723275 92.43790111208814 -31.603374776864396 -1.0942097373487742 -0.413655949464337 0.5012475994253006 0.41182400189155494 0.6387805499615311
2970.169723275 92.42095292942949 -31.639566941771808 -1.0968002190634336 -0.4011807412660654 0.5084400446910435 0.39868666594723123 0.6493009134351044
2970.219723275 92.40405881186616 -31.676305935399533 -1.1004938120482466 -0.3909269342347119 0.5120595386667498 0.3887149590758602 0.6586894879538439
2970.269723275 92.3890556196088 -31.713673280779933 -1.1012508931752776 -0.3873553772577252 0.5234113357126428 0.3825024042656082 0.6555061373382114
2970.319723275 92.37255993068888 -31.753694037781155 -1.1024792384847217 -0.3838406482143221 0.5296382134314019 0.3775074201632602 0.6554676707308161
2970.369723275 92.35428523623493 -31.796427837398646 -1.1011424218478716 -0.38311985351141875 0.5358067640329265 0.3696930623075137 0.6553299391479422
2970.419723275 92.33497964405605 -31.841332507914185 -1.0984164865635195 -0.3830746096043449 0.5381163376916546 0.35970114723782626 0.65901421476444
2970.469723275 92.3168169512699 -31.887754737625986 -1.0925268151401453 -0.3810335406310716 0.5406666469660465 0.356909895214808 0.6596274285309829
2970.519723275 92.2965891469416 -31.933622034685573 -1.0806685666576468 -0.3857948711276899 0.5497557233301882 0.34476517877869317 0.6557956492528497
2970.569723275 92.27485191735421 -31.97894586556667 -1.0701928572373125 -0.3839560720223118 0.5592627546151105 0.33577224270811 0.6534982074070916
2970.619723275 92.25087458673883 -32.023287950858126 -1.063589488878063 -0.37438097900371986 0.5626087747566125 0.3290294661850761 0.6595830952268589
2970.669723275 92.22521349443531 -32.06569540914009 -1.0579681696664738 -0.36350878784664953 0.5662944386327361 0.3195498880439688 0.667128052912618
2970.719723275 92.19934816035516 -32.10707071441918 -1.0549746358239842 -0.35301095800992105 0.5675098526625184 0.31082412936608744 0.6757989281285509
2970.769723275 92.17465183428514 -32.14847705573462 -1.0535956450988306 -0.34312287226579324 0.5711543288149536 0.30473570185140997 0.6805773866513203
2970.819723275 92.15042535619146 -32.19060609619858 -1.0535729047600746 -0.33744727945765846 0.5755217429375609 0.2974763027560989 0.6829435601067625
2970.869723275 92.12549720241647 -32.23340912369037 -1.056232674897759 -0.32840021140062403 0.5796581474439682 0.29089739375382156 0.6866792843541202
2970.919723275 92.0999964593484 -32.27697599813279 -1.0594858623914312 -0.3214677996208953 0.5837892089135548 0.2805800514594192 0.6907412309150335
2970.969723275 92.07555960035327 -32.321952375502896 -1.063326264494612 -0.31326952271566355 0.5875227546676101 0.274621905669379 0.6937305152664128
2971.019723275 92.05099167516813 -32.36668090183054 -1.064453902661619 -0.30936055486970165 0.5918273539282585 0.2655625372177149 0.6953509682595373
2971.069723275 92.02542114760183 -32.41062041311156 -1.0627851399691803 -0.30492671018509143 0.5998521341778333 0.25410366864968975 0.6947146494185686
2971.119723275 91.99788361286251 -32.45355247666364 -1.0633370315675994 -0.2931426315164691 0.5949905327595638 0.24513361845506978 0.7070807398149199
2971.169723275 91.96966553637444 -32.49406987288666 -1.057821402004644 -0.2863030493514346 0.5928378506579484 0.23198210404280967 0.716071330359766
2971.219723275 91.93883116285573 -32.53129486797197 -1.0488938783385446 -0.27810065144432145 0.5967871498623677 0.21087284103400056 0.7225218130545578
2971.269723275 91.90804714014412 -32.56875069733271 -1.0428277886486488 -0.2697182525371171 0.5915515076385339 0.19909423389734804 0.7332669119002504
2971.319723275 91.87490744891593 -32.606973800557846 -1.0361517845906536 -0.26257392204189933 0.5985945111664843 0.18476027594577837 0.7338958966347559
2971.369723275 91.84024818012887 -32.64728782051977 -1.0337205674974133 -0.25315721260302554 0.6027690851567702 0.17810600445554114 0.7354312387050334
2971.419723275 91.80312230015556 -32.687025488432816 -1.0329543084520347 -0.2460655536349129 0.6087204227380685 0.16617530026934418 0.7357288629898413
2971.469723275 91.76467077658816 -32.726631598586785 -1.0354495010276366 -0.2362711253818967 0.6149396057596462 0.155406530647019 0.7361209457767114
2971.519723275 91.72624489175648 -32.767099745544485 -1.0422079466799163 -0.2271544016442128 0.6142452591947435 0.14946687510980303 0.7407855915279081
2971.569723275 91.68824410849699 -32.80802138484159 -1.0488447690007103 -0.21859024030856944 0.6170893348268005 0.14559535204809765 0.7417688677390347
2971.619723275 91.65034514205207 -32.849865563290656 -1.0538556763948468 -0.2147209432656043 0.6200224722314095 0.1433729825129359 0.7408854421140463
2971.669723275 91.61057671264743 -32.89101936222204 -1.0575030892164632 -0.21230727997580523 0.6178890675321008 0.13600189293594592 0.7447430457623794
2971.719723275 91.5705104966458 -32.932563702273505 -1.0583892575406166 -0.20761773191102834 0.6155258763303563 0.13186184634522036 0.7487557855818525
2971.769723275 91.5310077727712 -32.974134205022935 -1.0540660208277057 -0.2062906478454816 0.6134343756411901 0.12799025249642498 0.751505775532761
2971.819723275 91.49241281199335 -33.01472367286722 -1.042919741899621 -0.20563658601854434 0.6272154531249486 0.12269415432209158 0.7411211198900556
2971.869723275 91.45377896886451 -33.05511702975086 -1.035220816518176 -0.19998395574597222 0.6341685293405716 0.11975021130231361 0.7372222058045058
2971.919723275 91.4151579898848 -33.094898919518464 -1.0324913334261527 -0.18967379706949566 0.6330559020531423 0.11987114682312869 0.7408744723232338
2971.969723275 91.37661563231397 -33.1322414733895 -1.031696172686757 -0.17860455029345973 0.6298593961823371 0.11572180261815454 0.746984618351742
2972.019723275 91.33991259803602 -33.169010961271006 -1.030710540678426 -0.17247158879759056 0.6287496454110962 0.11248826278074775 0.7498492016329851
2972.069723275 91.3030100087563 -33.20573443089299 -1.0295515108607947 -0.17080093202888952 0.6336155211588311 0.10597399365337454 0.7470795979237018
2972.119723275 91.26413093535454 -33.243500156002874 -1.0317723134359265 -0.16651599644281792 0.6373516253416056 0.09960992674028024 0.7457433815313853
2972.169723275 91.22356311787064 -33.28162664600591 -1.0363460232173525 -0.16088678679634721 0.6392923341625212 0.09242230143502615 0.7462431718366576
2972.219723275 91.1824683402684 -33.319308792012286 -1.0409331266640431 -0.15482597731256778 0.6415170495694958 0.08371865887828472 0.7466431396701364
2972.269723275 91.14194156151785 -33.35681084720808 -1.043548124764409 -0.14644934444692342 0.6448524535202974 0.07788056202220534 0.746091496238246
2972.319723275 91.10068715670916 -33.39436272352899 -1.042468831250511 -0.1415511169602173 0.6485216084035554 0.07156001618683212 0.744487856720525
2972.369723275 91.05688984782464 -33.4300170273031 -1.0392508551390178 -0.13151262226197577 0.6513979359901755 0.06097588331390813 0.744759760478241
2972.419723275 91.01174226418591 -33.465560748671024 -1.0351946172554043 -0.12102353553734393 0.6508865906208403 0.05106263903237063 0.7477249206032055
2972.469723275 90.9660957784803 -33.49961225548777 -1.030893444295652 -0.10958539721210225 0.6481683807850969 0.04302959942966261 0.7523411755588114
2972.519723275 90.92044251600643 -33.53157664317647 -1.0264127163114514 -0.10282697570079852 0.6455269816185127 0.03182891905688601 0.7561140449577629
2972.569723275 90.87479032200855 -33.56229848693926 -1.023720408014398 -0.0940262170497104 0.6450591519292316 0.021217349584970624 0.7580287495182823
2972.619723275 90.82967284111236 -33.5932203989574 -1.0227668550485653 -0.08745115847627906 0.649212753145219 0.01020578194385213 0.7554938372016519
2972.669723275 90.7845481213497 -33.62518875820539 -1.0260830013005156 -0.0799196298692911 0.6517958648700136 0.0019119545878465982 0.7541693097239908
2972.719723275 90.73866595639578 -33.65772794830416 -1.0327325201737603 -0.07215294685835479 0.6502511923168921 -0.003998624486918789 0.7562746525914565
2972.769723275 90.69206755335829 -33.69060136058839 -1.0389840775757624 -0.06831081714160127 0.650604030966786 -0.011610143547467531 0.7562494507224604
2972.819723275 90.64513020999463 -33.72581350370238 -1.0444914548985609 -0.06352677759321367 0.6546763243840169 -0.01381080893267167 0.7531085714399228
2972.869723275 90.59789098879611 -33.763653658081154 -1.0498640882910286 -0.06513681037775275 0.6546900952076731 -0.014598065267287293 0.7529442022230017
2972.919723275 90.54985435104082 -33.80316559406548 -1.053437135439312 -0.06551620993987334 0.6533221283096403 -0.013192168744612487 0.7541245186173767
2972.969723275 90.50131261369577 -33.84281281432428 -1.0529134247356613 -0.06683063259257835 0.649887150730455 -0.012031122781175074 0.7569911557920285
2973.019723275 90.45394197129339 -33.880661043735685 -1.0454686578892673 -0.07015988470870299 0.6591768888467009 -0.01803654542456895 0.7484905495844242
2973.069723275 90.40788734903784 -33.91890891142805 -1.0423022111055391 -0.06254899541730588 0.659165833761517 -0.01817331312043441 0.7491713805692237
2973.119723275 90.36317428076009 -33.95815694703987 -1.0409422705233988 -0.060260522611903886 0.6518779339791472 -0.016257184083267373 0.7557509725903777
2973.169723275 90.31908471812949 -33.996723098430024 -1.0389864677959653 -0.05372700559153029 0.6521227988297581 -0.015396463636870972 0.7560504037589619
2973.219723275 90.27545301131532 -34.0364634137954 -1.0409368317980143 -0.0509493431558202 0.6454529201322013 -0.011544068449154841 0.7620114348278809
2973.269723275 90.23206619615627 -34.07602445524884 -1.0424437192193465 -0.05030815963105756 0.6466832679627792 -0.009800451397778576 0.7610346845997995
2973.319723275 90.18786458375124 -34.11607396966602 -1.0459369146710507 -0.04999165865215331 0.6485642590886844 -0.009062356619714829 0.7594623819455772
2973.369723275 90.14245020094634 -34.155688893953354 -1.0501130418488689 -0.050832632215871504 0.6489074812843111 -0.012076476648216039 0.759071329287981
2973.419723275 90.09712401055349 -34.193657612662925 -1.0517206123289324 -0.050301736354673166 0.6558482567329226 -0.019456942952260747 0.7529636291555151
2973.469723275 90.05365386610723 -34.232503158113644 -1.054870714643643 -0.047883059028863646 0.6565634657749139 -0.01885487287355564 0.7525132037622955
2973.519723275 90.01059705276363 -34.27174077872983 -1.0561634850001989 -0.04838636023442913 0.6571007009429567 -0.017974231992868513 0.7520334806029619
2973.569723275 89.96601641597918 -34.310462845481645 -1.0554319141272226 -0.04338733104199737 0.6562758892405314 -0.017871961547405668 0.7530604820975869
2973.619723275 89.92101363623514 -34.34917086683314 -1.0524363304057014 -0.03869682313436344 0.6539093939652206 -0.015381238874461245 0.7554260240778263
2973.669723275 89.87672020317467 -34.385562671485395 -1.0469139005047172 -0.03475473735546478 0.6520834109998274 -0.014640663250298114 0.7572086794997628
2973.719723275 89.83249960716901 -34.421880724277266 -1.0417063042349772 -0.03518743993522399 0.652873537599012 -0.011924803903863076 0.7565552108244387
2973.769723275 89.7862967071339 -34.45707724864754 -1.0403988691784063 -0.03304166615087825 0.648832704477507 -0.010751387699666215 0.7601373412488757
2973.819723275 89.73874792489816 -34.49269644471006 -1.039192913603706 -0.03418674668680849 0.6525788741806758 -0.011517212338579552 0.7568615680188828
2973.869723275 89.68915119507963 -34.528385222370034 -1.0428540923151126 -0.0335575622352047 0.6486474446065579 -0.011732316862645142 0.7602583346226778
2973.919723275 89.63907833644062 -34.564401814568114 -1.0455104155347028 -0.036291473942917284 0.6500893855155504 -0.010848368324453182 0.7589130600166014
2973.969723275 89.58817314377464 -34.60155032233301 -1.0482383002330946 -0.039948303677325464 0.6533327298117555 -0.007462617200107213 0.7559793558917789
2974.019723275 89.53680596970031 -34.6413489864763 -1.051247738329226 -0.04586173228075432 0.6560479598914541 3.699671811324689e-05 0.7533244815255324
2974.069723275 89.48551756325809 -34.68273215728431 -1.0523564571420219 -0.05708273881918076 0.6596874231401477 0.005758734564658752 0.7493469834835039
2974.119723275 89.43311833061088 -34.72616192985465 -1.0547167378534594 -0.06224516666138378 0.6573523826339164 0.016382622174034245 0.7508295372210079
2974.169723275 89.3806279588532 -34.76987139536331 -1.0527743592534584 -0.06804111982909698 0.6583584076755669 0.024616839736850187 0.7492186758595015
2974.219723275 89.32908732764118 -34.81198837884684 -1.0487638888424096 -0.06750829471123836 0.6628775360542909 0.026321370914404223 0.74521351824357
2974.269723275 89.27942442422301 -34.8553297403933 -1.0490577937242787 -0.06840286090835192 0.6515890577105138 0.031626613979148066 0.7548195186795923
2974.319723275 89.23135807841177 -34.89869340387396 -1.0481362445572104 -0.06912382981435385 0.6483288014084161 0.034897666307091346 0.7574125786534323
2974.369723275 89.18422927156942 -34.94274685662872 -1.0505381847163093 -0.06326012197766642 0.6443389114347485 0.042583098714938206 0.7609285143049168
2974.419723275 89.13841392906969 -34.987982458736816 -1.053821175332563 -0.06633789564715789 0.6396872202370791 0.04938373825326353 0.7641732724079002
2974.469723275 89.09239343961029 -35.032904204058525 -1.0551976518143027 -0.06994840375009755 0.6441313160319104 0.05226637957967406 0.759914662370352
2974.519723275 89.04526812958851 -35.078028141089064 -1.0577618909194844 -0.07459026430412842 0.6466369616695936 0.05262074689786928 0.7573163072783178
2974.569723275 88.99772416534496 -35.122245727221404 -1.059898581047539 -0.07891260048712334 0.6503415157737713 0.048858553286284134 0.7539506324131605
2974.619723275 88.95168338522332 -35.166110193867 -1.0620778340451413 -0.07944064560078123 0.6529801319397422 0.04896721911784335 0.7516038468304651
2974.669723275 88.90544070977533 -35.21057318243379 -1.0636970510187505 -0.08136762835815063 0.6476762781527426 0.05582314858348657 0.7554988576138331
2974.719723275 88.85615317267693 -35.25097116965449 -1.058711577978839 -0.0868351967192036 0.6487472749427481 0.045981467973283396 0.7546339022785272
2974.769723275 88.80651163046807 -35.29160548338563 -1.0532162793311968 -0.07797150556546385 0.654449261074098 0.04563535459391971 0.7506890324298799
2974.819723275 88.75774374212638 -35.33104903618512 -1.0509495143651622 -0.06879100531012972 0.6462965403063242 0.05284629911266958 0.7581397287087599
2974.869723275 88.70927673325497 -35.367885997256586 -1.0452378429248046 -0.06204310055824508 0.6518503949752806 0.05358801474417102 0.7539032039456185
2974.919723275 88.66045963397731 -35.40487656803532 -1.0446257005591442 -0.05283237904457744 0.6497564467460714 0.05806350622927568 0.7560779912686075
2974.969723275 88.61204262658718 -35.44301042275265 -1.0439457959943614 -0.054466715807815855 0.6542313850217829 0.056786873966419904 0.7521900841321376
2975.019723275 88.56360741436427 -35.483147413532656 -1.0462157419193916 -0.0522979916904 0.6641111395307779 0.05904881868373291 0.7434611969890145
2975.069723275 88.51430583773275 -35.52478464085119 -1.0531919654784476 -0.05504858692562103 0.6638621166169998 0.060891637458088954 0.7433363651039562
2975.119723275 88.46463530782773 -35.567227787164285 -1.0568841101923323 -0.06440848455765846 0.6725415986263525 0.05614045709373938 0.7351106000537619
2975.169723275 88.41549108606331 -35.61198332005933 -1.061874433863409 -0.07262431392495063 0.6772523212729495 0.05488227796756889 0.7300978961224464
2975.219723275 88.36821909847376 -35.65946230145888 -1.066017128927262 -0.08489504943880101 0.6792343134610644 0.05406414841091595 0.7269873766816469
2975.269723275 88.3233716991936 -35.70987749815029 -1.0682583014329436 -0.0938030463340975 0.6783135388173278 0.06201418531952463 0.7261170514281514
2975.319723275 88.28039213157952 -35.76038514714076 -1.0655342894171027 -0.10862665107982858 0.6778765980794655 0.06623352599191623 0.7240833436049128
2975.369723275 88.23978691485638 -35.8093907399432 -1.0609599989165805 -0.11150982312871419 0.6852006145092885 0.06878909823927731 0.7164731238401922
2975.419723275 88.20041458685421 -35.85896855328259 -1.0619114973732209 -0.11091275359854252 0.6748240487130263 0.07623509137953322 0.725602560090648
2975.469723275 88.162443894531 -35.90753591630985 -1.0633726868321174 -0.1103651655422184 0.6640691344554809 0.07986609198120657 0.7351551688249472
2975.519723275 88.12670036524676 -35.95639069371631 -1.0638699089404762 -0.11133261191772434 0.6624977601479521 0.08453433385349046 0.7359046906512219
2975.569723275 88.091591522071 -36.00661227085635 -1.0673497699307615 -0.11701119374544622 0.6587990628443402 0.0902717011486921 0.7376606233935807
2975.619723275 88.05573184010372 -36.05752249213436 -1.0718082503887674 -0.12185958132063182 0.6616473611562537 0.093455538231144 0.7339203460112369
2975.669723275 88.0184671152059 -36.109188783066934 -1.0796832507206235 -0.12328264237329686 0.660774371624063 0.0960276083329745 0.7341371250196597
2975.719723275 87.98126932247901 -36.16044260374471 -1.086670546824006 -0.1262380116284185 0.6616027965084667 0.09436174662416322 0.733104061403507
2975.769723275 87.9446999756206 -36.211721740413736 -1.0929979752264845 -0.12506238967058994 0.6613177857678317 0.09785333128897683 0.7331049791623733
2975.819723275 87.90655710044322 -36.2625183481115 -1.096698521904095 -0.12565907905344129 0.6578510141452365 0.0992755453373709 0.7359254073189024
2975.869723275 87.86563218789733 -36.31207277404928 -1.0955458521916355 -0.12361716886024873 0.6590847551059994 0.09330094924746284 0.7359490566740091
2975.919723275 87.82419120127354 -36.36093174986711 -1.0950605989299673 -0.1140171392186668 0.6516879843488278 0.09107062504849976 0.7443178113366822
2975.969723275 87.78463600351519 -36.407812559440956 -1.0907595375943298 -0.11482601373821008 0.6419157262546339 0.08607723745853295 0.7532263246511539
2976.019723275 87.74508803334909 -36.454331243372 -1.08566226427221 -0.11593192485014522 0.6397672715772998 0.08100703704445027 0.7554439006096726
2976.069723275 87.7044368475998 -36.502579239036734 -1.0865021668679473 -0.11400418050424455 0.6298758240496012 0.0825822251683726 0.7638322258137791
2976.119723275 87.66299062192014 -36.55086745050023 -1.0857569080650809 -0.1159577331361655 0.6340237852374483 0.07811220411690373 0.7605696072333546
2976.169723275 87.62158920984118 -36.600657392785784 -1.088729601516949 -0.11642901092637371 0.6351917296641518 0.07969644548079408 0.7593577737527261
2976.219723275 87.580057038209 -36.650957792051585 -1.0923215061403582 -0.12148323274925146 0.6369466026688257 0.08120638731100442 0.7569322110792532
2976.269723275 87.5380427107927 -36.7026257359891 -1.0944042927084496 -0.12938480531603722 0.6442685986278739 0.08409524078634946 0.7490697800956149
2976.319723275 87.49535920337543 -36.755639880231946 -1.0973257973629522 -0.13868588684173813 0.6465509993047674 0.08942959989095334 0.7448089531901931
2976.369723275 87.4508427881726 -36.807294686337166 -1.0998564413439058 -0.14563533385867256 0.6452865401537298 0.08850224350039886 0.744689857271937
2976.419723275 87.40777323459535 -36.859244180323905 -1.1020855135728804 -0.14288767164256164 0.6395548336214348 0.09738991709735398 0.749044679663234
2976.469723275 87.36759845880411 -36.909924782719635 -1.0977789849232351 -0.14985485930753062 0.6405756530871328 0.10006977978984055 0.7464532088394599
2976.519723275 87.33044968278035 -36.96052167146519 -1.0942749409006254 -0.1456334742765665 0.6421659155181179 0.1105416285396302 0.7444423258229752
2976.569723275 87.29565543504292 -37.01167127000735 -1.0935136274740358 -0.14343085889424032 0.6328267636980824 0.12304523193366369 0.7508779839379118
2976.619723275 87.26195863563622 -37.061411532565856 -1.089825975554942 -0.14131360394448725 0.6318170617667752 0.1303538582819716 0.7508964891592071
2976.669723275 87.22888292578709 -37.11161064825103 -1.0872534970365808 -0.14159666993772815 0.6325554809160021 0.13612967194628742 0.7491946736606365
2976.719723275 87.19638197114928 -37.16366029705253 -1.0877931123031248 -0.14575069339702515 0.6321508296503696 0.14260438671543157 0.747533312191605
2976.769723275 87.1620044623298 -37.21667026128177 -1.089453310712279 -0.15365463865366857 0.6356317758425488 0.14056408841985055 0.743373549842981
2976.819723275 87.12703451259868 -37.271386869655295 -1.0929417796237295 -0.15970120892112463 0.6390120488455513 0.13982278340765236 0.7393299091335875
2976.869723275 87.09275321311792 -37.32589226559935 -1.0962794526151025 -0.16724676939106123 0.6428575576834721 0.1375667180986566 0.7347367397436034
2976.919723275 87.05890617930439 -37.38000037197852 -1.0990019477769355 -0.17265389772586257 0.6452651574331866 0.1382994684977083 0.7312296255049051
2976.969723275 87.02327130533712 -37.433244886918736 -1.1008326737266163 -0.17236149816561896 0.6434943832703199 0.13667702775466878 0.7331615665962065
2977.019723275 86.9873201559251 -37.48579370740817 -1.100773530267535 -0.1658514315977926 0.6401714086590841 0.1345113060819262 0.7379570303944134
2977.069723275 86.95319492584373 -37.53654965158179 -1.098298585020573 -0.15801545247236468 0.6309094929159299 0.14056380657896647 0.7464758166267338
2977.119723275 86.91817187251247 -37.58439713854725 -1.0899381404563766 -0.1642426210079472 0.6283741067431123 0.13449950179019388 0.7483850796464514
2977.169723275 86.88151985641805 -37.63220445737384 -1.0853829794353536 -0.1589444055961246 0.628401124193404 0.13278669404774074 0.7498109074466925
2977.219723275 86.84488453492324 -37.68163809252193 -1.084916124106259 -0.15729988957532973 0.6243758858802635 0.13323028466962947 0.7534329360451895
2977.269723275 86.8075520389865 -37.730690208550634 -1.084586463057855 -0.15814264487194493 0.6283710369510809 0.1281977567665335 0.7508036220969889
2977.319723275 86.76999781083825 -37.78107383439007 -1.0881399120302508 -0.1589263334996034 0.6284958887974359 0.12860179567234464 0.7504644671368143
2977.369723275 86.73130959609497 -37.83198777280869 -1.0914996928119225 -0.16204311955657666 0.6334800254047025 0.12672871201696242 0.7459121385043632
2977.419723275 86.69423530808358 -37.88570533259927 -1.0935008789929137 -0.17018927621034438 0.6433756814167607 0.12921228159084927 0.735124158976295
2977.469723275 86.65879485615596 -37.941738047901445 -1.0961904189039169 -0.18413040049429924 0.6445186178066313 0.13416284845041843 0.7298575730991005
2977.519723275 86.62294455363104 -37.99807398148423 -1.099807239779917 -0.18337089871411724 0.6404850075203596 0.14427233928813069 0.7316690240557903
2977.569723275 86.58934371306302 -38.054741761241786 -1.096362793556484 -0.19177539761863854 0.6415118562526597 0.15153816107467336 0.7271319831320766
2977.619723275 86.55635515214807 -38.10999268555969 -1.0904336983745444 -0.19347634033031427 0.6500073843939946 0.15294185799659557 0.7187948901030219
2977.669723275 86.52477077517628 -38.166082174446906 -1.090721431755985 -0.18892429651570475 0.6408578791539793 0.16193427473383665 0.7262135220296688
2977.719723275 86.4948653015156 -38.22081066695048 -1.090963115738654 -0.1811530380621657 0.6340970417032608 0.16855594792933737 0.7325936192198669
2977.769723275 86.46739931583477 -38.2747926281806 -1.0897124377806628 -0.17918464613119897 0.6314486206757646 0.17181306307398658 0.7346058626193
2977.819723275 86.44118386121994 -38.32865043123849 -1.0889582065221945 -0.18192045011200722 0.6290394593367179 0.17291364977728393 0.7357412440179721
2977.869723275 86.41450741054669 -38.38282661531263 -1.0885775733085414 -0.18711516632461683 0.6320057350552052 0.16828251629127378 0.7329649787672793
2977.919723275 86.38765146080256 -38.43864081941128 -1.0915453172231682 -0.18798713736452594 0.6347572823333106 0.16735607872854388 0.7305723589234171
2977.969723275 86.36017907962966 -38.494065343682784 -1.0954820235053395 -0.18996339985917063 0.6372284211006003 0.16214625265061655 0.7290832866051336
2978.019723275 86.33356330562783 -38.54796134044949 -1.0990007840948062 -0.18492407636530747 0.6429455603720918 0.15973048240038812 0.725885848718925
2978.069723275 86.30642205313453 -38.60069695839099 -1.1022297200854725 -0.18061049235583682 0.6393469060443355 0.15502396577113947 0.7311517994364144
2978.119723275 86.27762468256384 -38.651867284598445 -1.1019118213063348 -0.17204886383408868 0.637183478258909 0.14641377120993643 0.7368577957023744
2978.169723275 86.2488487331924 -38.70222287454608 -1.0985713686047938 -0.16171431014354523 0.6393714747262444 0.13899952672403312 0.738736577388503
2978.219723275 86.21972162177036 -38.75046421716581 -1.096933634096301 -0.1528319169425904 0.6286599062336894 0.13687141893375993 0.7501302167870332
2978.269723275 86.18922904591345 -38.796433858552355 -1.092576479930542 -0.14744366531657466 0.6258069893281197 0.1286069110213305 0.7550405552708014
2978.319723275 86.15917762410126 -38.84408022663917 -1.089681543460573 -0.14415612164209798 0.6241844425127177 0.12543608567768932 0.7575477428704122
2978.369723275 86.12859806742604 -38.89252614955628 -1.0870885892943165 -0.14310169976621331 0.6286985769237308 0.12101075661770433 0.7547293552531976
2978.419723275 86.09687316061952 -38.940760550280416 -1.0868839134220851 -0.14377426372040017 0.6324078534703893 0.11381984482987137 0.7526183035799324
2978.469723275 86.06492590852226 -38.989533267836286 -1.0898433098506688 -0.1435266645644015 0.633450706139448 0.11133546060719451 0.7521600326139621
2978.519723275 86.03269487804485 -39.038764501547334 -1.0926372647115166 -0.1454747588247922 0.6386246403875746 0.10858820168324099 0.7477996160001084
2978.569723275 86.00114089255972 -39.08916625884003 -1.0960973675954044 -0.14500902146395703 0.6457623374764953 0.1100551452596131 0.7415195561769388
2978.619723275 85.97043358061416 -39.14051512935448 -1.1014999371454528 -0.14497396483432912 0.642574570709329 0.11239659108019207 0.743940506298379
2978.669723275 85.94128781994964 -39.19345234028189 -1.1036107356585794 -0.14872226919373313 0.6379370744288612 0.11566064859884376 0.7466864067871515
2978.719723275 85.91384422551462 -39.24776187934068 -1.100203698368834 -0.15472105273984452 0.6379688582679601 0.12016086729453282 0.7447271296860182
2978.769723275 85.88761975684024 -39.30138719656933 -1.0936026952698128 -0.1581723165111093 0.6439734904650675 0.12067270730154556 0.7387271211890509
2978.819723275 85.86364945261546 -39.35535175876746 -1.090821314386221 -0.15494796143935038 0.6387818402618989 0.13010314739379536 0.7423086021565695
2978.869723275 85.84102837741575 -39.40878078345498 -1.0879131516930327 -0.15648788824180535 0.6304178120413672 0.13720882284438485 0.7478359860479129
2978.919723275 85.81914143685158 -39.461100688265645 -1.081731694891347 -0.15956137218896957 0.6332145410266548 0.1401997170939623 0.7442604066214654
2978.969723275 85.79810198710257 -39.514673812205935 -1.0770881387506743 -0.1678689062367409 0.6384064941125212 0.1437484957022192 0.7372879685558344
2979.019723275 85.77552473417792 -39.569160466757104 -1.0781174031332308 -0.1709938435720292 0.6383811809599529 0.14716763738780564 0.7359159325373598
2979.069723275 85.75217552471238 -39.62459946901714 -1.081174449656161 -0.1751873185877762 0.6389458665312828 0.14704811844720367 0.7344620030401509
2979.119723275 85.72841141493619 -39.6803822631709 -1.085966142454068 -0.17576483816077568 0.6391449597791102 0.14634647349774488 0.7342909176546105
2979.169723275 85.70562116150619 -39.73537644917979 -1.0908347702280643 -0.17605662032740754 0.6397891124085602 0.1439823706450577 0.7341273969998582
2979.219723275 85.68366893427391 -39.7910147259062 -1.0952493855870207 -0.17433791327302572 0.6388634689693118 0.14506401674492456 0.7351300504386502
2979.269723275 85.65875986807013 -39.84574367737207 -1.0971031299155836 -0.16736731059543258 0.6369155722702117 0.13984681414187902 0.7394387099132204
2979.319723275 85.63296569319031 -39.898598831508366 -1.0953456848293024 -0.16254881241208782 0.634075130435978 0.1298807832656471 0.7447533784309538
2979.369723275 85.60921578489412 -39.950837557285396 -1.093084613164736 -0.15669760724526913 0.6298386502495185 0.13083039711022543 0.7494214713547064
2979.419723275 85.58399247044187 -40.00141339253719 -1.0907588326058755 -0.15024237349228126 0.6262812073337344 0.13263098068763984 0.7533977047415533
2979.469723275 85.55658516938297 -40.051026739670604 -1.087326933121135 -0.14828596895169038 0.6262318396879358 0.1304357211485078 0.7542091732547347
2979.519723275 85.52774429984731 -40.10036179830109 -1.0850897259195924 -0.14929088545791 0.6279660387302854 0.12590488882498 0.753338466222558
2979.569723275 85.49755813766183 -40.14898030199814 -1.0864209207815172 -0.14841565056600536 0.6305723290104651 0.11866184452026812 0.7525096007417016
2979.619723275 85.46725356852076 -40.198185976153745 -1.0927864977386528 -0.14450636310079099 0.6256149993101452 0.11712863655565188 0.757630956442623
2979.669723275 85.43814768421677 -40.24833195970297 -1.0958345669673708 -0.14885537957222947 0.6275409015494418 0.11607363701053187 0.755355150671569
2979.719723275 85.40934432284779 -40.30008592176969 -1.0968126032768724 -0.15527144557047856 0.6350144694237069 0.11642019469277687 0.7477257117958952
2979.769723275 85.3801980593032 -40.35310403940561 -1.0999011456483228 -0.16150250841175207 0.6322590753502025 0.11774974749283684 0.748532162555085
2979.819723275 85.35296285787386 -40.40807440031156 -1.100840857243535 -0.16798826666090078 0.6325859525631706 0.1208308517837145 0.7463342817673823
2979.869723275 85.32855743131155 -40.46689267467764 -1.1017959140109757 -0.17255323167931597 0.6276849272334785 0.1352468101308769 0.7469573714144268
2979.919723275 85.30417714900516 -40.52507470948307 -1.0968176385556696 -0.17863337350083225 0.6322279337397303 0.14412337051369228 0.7400043322458839
2979.969723275 85.278468713253 -40.58027154907573 -1.0929816493673392 -0.1753004091347303 0.6336594021934373 0.14656703102339455 0.7390964984263146
2980.019723275 85.25434908534794 -40.63533720152343 -1.0923835445508734 -0.17249732289288722 0.6220025750875467 0.15231172804226129 0.7484374440659876
2980.069723275 85.23168469544687 -40.68979389105601 -1.0898538593218388 -0.17309814890271052 0.6177322063996185 0.15263036874227187 0.7517632091029147
2980.119723275 85.2117286474014 -40.746349128007786 -1.0890727701048932 -0.1730613950976676 0.6178374919225403 0.1609173021128644 0.7499548046265396
2980.169723275 85.19201591338526 -40.803434831795066 -1.0902425594859224 -0.17556609238911972 0.6195998519209508 0.16492353989540473 0.7470427007147046
2980.219723275 85.1718130600775 -40.86035833844192 -1.0937656782723693 -0.1748701843562591 0.6208960969547318 0.16677997641582568 0.7457163635567648
2980.269723275 85.15182225930126 -40.917359215708345 -1.0974202352902807 -0.17859360405112878 0.6211173918507028 0.1638116340324426 0.7453074927090364
2980.319723275 85.1320775422352 -40.97378324135166 -1.1015572403686786 -0.1778022034001892 0.6249325533663745 0.16033637005655055 0.7430598419011153
2980.369723275 85.11381117071363 -41.02937548527692 -1.10672140405774 -0.17724962911668898 0.6239128780409937 0.16020882063177286 0.7440755495138761
2980.419723275 85.0949384804561 -41.084236237450256 -1.1104437732960575 -0.17428167764663016 0.6233877590953729 0.1606745815916033 0.7451156134970525
2980.469723275 85.07370797302062 -41.13854691062357 -1.1115109881552356 -0.16912818022039627 0.6200033009517738 0.1578901409699171 0.7497081224374865
2980.519723275 85.05138588289046 -41.19134257091046 -1.1092025691482195 -0.16168095047189315 0.620774680610054 0.15345702820708582 0.7516308978892766
2980.569723275 85.02891885739272 -41.24139714356972 -1.1071970968987457 -0.15326691339005089 0.6102386239266681 0.1512267398269383 0.7623965820288604
2980.619723275 85.00720539520105 -41.291680975396254 -1.099608744392115 -0.15751892376007254 0.6106867690661898 0.1479198844803304 0.7618196417264997
2980.669723275 84.98209820902905 -41.341287901433326 -1.0935445035409894 -0.15536271085103737 0.6151800238962419 0.14146637134794965 0.7598705363768755
2980.719723275 84.9557902710516 -41.39198700510354 -1.0909565360468299 -0.15767211776927365 0.6152635975880871 0.13389696627915088 0.7606982392396848
2980.769723275 84.92874055937321 -41.44327622290306 -1.0911303894099234 -0.15848516528784518 0.6150063722753119 0.12694398153565833 0.7619283693342305
2980.819723275 84.90196795434125 -41.49632229963881 -1.092457329599382 -0.16202580047957513 0.6147344289524195 0.12429706390390577 0.7618395249292099
2980.869723275 84.87512019115398 -41.55103974336686 -1.0925580268995778 -0.16810406640020056 0.6195274934019298 0.12434401775550241 0.7566143489435408
2980.919723275 84.84757046604817 -41.60764202152165 -1.0929699338821375 -0.17364733928553988 0.626313991101709 0.12680973813654178 0.7493308190799594
2980.969723275 84.8185910377172 -41.66435162727811 -1.0953206920953245 -0.17838747165932212 0.6232596880099703 0.12587385579301136 0.7509201313618576
2981.019723275 84.79071407358286 -41.72252875467713 -1.0957962891815065 -0.1819934778425292 0.6230862302098565 0.1273282372013915 0.749952961029448
2981.069723275 84.76398796040014 -41.78244861490931 -1.0955955047775154 -0.18207297521866417 0.617856093043106 0.1355655421374099 0.7528115725528686
2981.119723275 84.73884827475655 -41.84104540509456 -1.0904508049784594 -0.18390145144165043 0.6222170958429826 0.1376604542148753 0.7483820823240848
2981.169723275 84.71693706001147 -41.90051108317837 -1.0890117268131383 -0.1791611633540138 0.6166332177040635 0.15006382923591013 0.7517616640429498
2981.219723275 84.69733790886963 -41.96040440538556 -1.0868907669654502 -0.17835250725691973 0.6102848501985684 0.161053306595397 0.7548540370217082
2981.269723275 84.67944365715229 -42.0204101704381 -1.082697564369175 -0.1800323495642709 0.615212571935373 0.16928364737340232 0.7486286737595544
2981.319723275 84.66296333353789 -42.082083721963855 -1.0827944557190483 -0.18409537413333685 0.6164981807202149 0.17933190655804132 0.7442304439363053
2981.369723275 84.64606644252933 -42.14388444148406 -1.0862947131854372 -0.18789367917489186 0.620407027844002 0.18425193324517322 0.7388114172258784
2981.419723275 84.6288332234699 -42.206175420730105 -1.0953845589655495 -0.18590359230948897 0.6187180691735938 0.19068308489844882 0.7390992939910971
2981.469723275 84.6112380113638 -42.2678898700778 -1.1045651317858038 -0.1859307171376341 0.6166857544111116 0.1924352239262454 0.7403358246927804
2981.519723275 84.59382494305096 -42.32791170291068 -1.1124270659518758 -0.1848350770542737 0.6162951404708201 0.19161965908894774 0.7411465444654171
2981.569723275 84.57688780193416 -42.38883011364511 -1.1184943953613884 -0.1831394251659847 0.6108680311163035 0.19641121136654877 0.7447971774647705
2981.619723275 84.55627797470548 -42.44743834002921 -1.1175919700064405 -0.18211400477580672 0.6122883825740039 0.19026955876192542 0.7454763046790758
2981.669723275 84.53398175685733 -42.505406261500006 -1.1152818736820966 -0.17802116274522334 0.6095690901124834 0.1859921383674698 0.7497605714224869
2981.719723275 84.51053607851713 -42.56150748952692 -1.1117291160292224 -0.16871385822531154 0.6051372537121074 0.18653281044338937 0.7553476344310538
2981.769723275 84.48620992040621 -42.61561159979884 -1.1041429781210226 -0.16572709410571762 0.6051984317327823 0.18287763434051857 0.756852138376758
2981.819723275 84.46174313786192 -42.67114187579772 -1.0978817771618037 -0.16414168116703787 0.6077290340208762 0.18275895998893182 0.7551967242086497
2981.869723275 84.43487560008654 -42.72716227885853 -1.094310387477095 -0.16414197732327282 0.6118979337522569 0.1767849896284501 0.7532498904030414
2981.919723275 84.40686844053623 -42.784427356070225 -1.0952460071374595 -0.16417196938252196 0.6145738162352757 0.17091081912616088 0.752420149100686
2981.969723275 84.37850245901073 -42.843267496501674 -1.1000116856608313 -0.1629374612653419 0.6151247507068964 0.1683292622944199 0.75282015398075
2982.019723275 84.34988211102511 -42.903553421992505 -1.1049342994832703 -0.16634786958986092 0.6157644361451622 0.1658603306305419 0.7520989936071399
2982.069723275 84.32157471939293 -42.96571500927647 -1.1076746004954385 -0.17237267601579148 0.6218358311615797 0.16487995545450845 0.745937302952508
2982.119723275 84.29284602929151 -43.029170466844896 -1.1108661887045503 -0.1782846213837113 0.6214224703430933 0.1644097643651391 0.7449953936180771
2982.169723275 84.2644684663265 -43.09347974409904 -1.113049308063151 -0.17919680079509653 0.6196882303577417 0.16810083693107508 0.7453972849185629
2982.219723275 84.23683153259994 -43.15785445174809 -1.1113159194771054 -0.18274067199384006 0.6154531277980766 0.17369690755712344 0.7467614602990009
2982.269723275 84.20939820264564 -43.219790522250285 -1.1040953368201862 -0.1851315504006218 0.6234525021593529 0.17137182435891068 0.740043907084845
2982.319723275 84.183345408112 -43.28108518405364 -1.1019932570608373 -0.17855624813255527 0.6170284000689147 0.1779442593255672 0.7454726422440304
2982.369723275 84.15878464336517 -43.34204648182196 -1.0992294625764503 -0.1737916926194251 0.6131207110308193 0.1843045718760616 0.7482721871532574
2982.419723275 84.13389642805787 -43.40218501201993 -1.0958456262857381 -0.17032581964782403 0.6147254166676376 0.18589578539409438 0.74735837068759
2982.469723275 84.11017045835258 -43.464235723466736 -1.0939599228338632 -0.17473304112888327 0.6160669565338923 0.19041811678150916 0.744090592741437
2982.519723275 84.08398283600712 -43.52683247465154 -1.0945435072125365 -0.1779953888518108 0.6197919881563221 0.18938016598230245 0.7404800373387807
2982.569723275 84.05594033328235 -43.59055600587438 -1.0976408025888265 -0.18025788483565705 0.6237955440502903 0.1877308583836208 0.7369825906954156
2982.619723275 84.02601171167052 -43.65336903469541 -1.10120690769771 -0.18167593136120927 0.6293741363567129 0.18103334724057293 0.7335591180240031
2982.669723275 83.99618928800334 -43.71504788986556 -1.1058259940579722 -0.1811501882896606 0.6310008640937714 0.177640833148377 0.733120899438752
2982.719723275 83.96533246417296 -43.77557571474856 -1.1091980232291054 -0.17837403710220648 0.6324859847092129 0.17355264437579332 0.7335009622791558
2982.769723275 83.93374051517307 -43.83511894132015 -1.1121006333156793 -0.169963194307132 0.6284383679844928 0.1720832266777363 0.7393004080359229
2982.819723275 83.90237359825078 -43.89323917506722 -1.1114308045864225 -0.16282993975720056 0.6266188052450562 0.17094334016403948 0.7427069799628158
2982.869723275 83.86996460359393 -43.947043231642866 -1.1098752485988932 -0.15312205170835577 0.616971637045227 0.168942990335646 0.7532316392576763
2982.919723275 83.83746890983673 -43.99952329771025 -1.1049958704245206 -0.151487725305622 0.6139857378138718 0.16357416260487292 0.7571766479303217
2982.969723275 83.80314866670383 -44.05180585150167 -1.1016954087464823 -0.14568252171165208 0.6149588472518177 0.15658932523841543 0.7590006602604685
2983.019723275 83.76946950292036 -44.1063636711013 -1.100368921283195 -0.14707425621567805 0.6177098443894246 0.15231078466680323 0.7573672399682869
2983.069723275 83.73400820320029 -44.160822178174 -1.1022780146475761 -0.1455261222540798 0.6217378598250243 0.14645220239771237 0.7555236156565515
2983.119723275 83.69729102572897 -44.21602674620091 -1.1081253239820237 -0.14498361591018352 0.6194648129754639 0.1421992910225743 0.7583023527825553
2983.169723275 83.65957269374019 -44.27250574289506 -1.1125158419505163 -0.14543307335468397 0.6234473488165513 0.13771379962067365 0.7557761135562977
2983.219723275 83.62152875534677 -44.331033027144194 -1.1157272286779558 -0.1509950753801687 0.6273593565536365 0.1333115108584273 0.7522291978035601
2983.269723275 83.58392247137273 -44.390547094338075 -1.1197451660079638 -0.1550906439778206 0.6219478156602423 0.1314688046252093 0.7562035176831807
2983.319723275 83.54896653556327 -44.45109578025711 -1.1196188509023544 -0.15603995602192008 0.6191066444488955 0.13846418801568802 0.7570905913832653
2983.369723275 83.51522862912454 -44.51080935160954 -1.1126986668538288 -0.16136016735597822 0.6249532388838768 0.14218452842288487 0.7504531334311056
2983.419723275 83.48165293550846 -44.56886335569084 -1.1075203900674409 -0.15714143042733267 0.6240844409135714 0.14880724231038744 0.7507873108203312
2983.469723275 83.44894482186359 -44.62528308217499 -1.1023890850323044 -0.1534592352644727 0.6187669090218025 0.1556295680629293 0.7545576273262325
2983.519723275 83.41611216588008 -44.68006980956497 -1.0966900582410426 -0.15126555225404492 0.6173823424292504 0.15786845612447692 0.7556687941940734
2983.569723275 83.38258177530135 -44.73445794303303 -1.0937268146316566 -0.14944477798823935 0.6168457921645826 0.1579438941912582 0.7564530740955417
2983.619723275 83.34834168299525 -44.78963194646017 -1.0937490910997436 -0.14837755539903194 0.6185606049931096 0.15878999221698364 0.755084510088835
2983.669723275 83.31193171899682 -44.84500731592325 -1.0955323242926327 -0.1497196007096211 0.6231806013185549 0.1537928947323326 0.7520490175736193
2983.719723275 83.27379806638062 -44.90122087332217 -1.1001157135054769 -0.1493617973120316 0.625148960976709 0.14933167430772856 0.7513853080423594
2983.769723275 83.23478041682642 -44.95621008944402 -1.1036646513624198 -0.14929447529267856 0.6305862356945144 0.14152538332349643 0.7483600235680976
2983.819723275 83.19589352921406 -45.01108672056711 -1.1075694301142969 -0.14622612563095047 0.6318222331051834 0.14099497366152342 0.7480233975880215
2983.869723275 83.15307285855656 -45.06519548731419 -1.1068565016062148 -0.1456089483979121 0.6338753302013179 0.13362362386523985 0.7477598725886174
2983.919723275 83.10681344485465 -45.116573196460934 -1.1022443645433486 -0.13641851984522085 0.6383757648340984 0.12113396735842577 0.7477920381146933
2983.969723275 83.06123212358911 -45.16563878736351 -1.0973287071710742 -0.12769251981417448 0.6305915709012331 0.11446532074446505 0.7569323493144473
2984.019723275 83.01664943385217 -45.21333251871132 -1.0886718571325387 -0.12332172249366283 0.6311395735734301 0.1078080513159925 0.7581767706163208
2984.069723275 82.97112152697419 -45.26137803718812 -1.0842567408501596 -0.1136859481340313 0.6290798891078287 0.10430762129638396 0.7618752643684124
2984.119723275 82.92543427840685 -45.31003291866447 -1.0811927489889313 -0.10992349865513847 0.6295825098256371 0.09965922156067049 0.7626340717034525
2984.169723275 82.87912132987967 -45.35771719207044 -1.0790728352745391 -0.11002950276238016 0.6371714877770228 0.0897305561128892 0.7575318019631588
2984.219723275 82.83249292281074 -45.40576229907454 -1.0827876491350232 -0.1109461302199274 0.6378835124918003 0.08354730407158557 0.7575060584990172
2984.269723275 82.7853005851514 -45.45302896326632 -1.089136907059516 -0.1107519788742595 0.6366837815611239 0.07726628327671047 0.759208589875711
2984.319723275 82.73996668772283 -45.502701791006245 -1.0936345675145538 -0.11487602199211523 0.640300937159101 0.07785491162804997 0.7554844949963122
2984.369723275 82.69389245955004 -45.55382167623207 -1.0976870143689483 -0.1200012931247035 0.6400234539796511 0.07941639842798914 0.7547600305163779
2984.419723275 82.64649388891881 -45.60576433899562 -1.0988355213711318 -0.12534977085623067 0.6376479700175243 0.07837124328156869 0.7560095564907379
2984.469723275 82.59952953958721 -45.65893700799551 -1.0943914457101436 -0.13267242311909397 0.6365924757773773 0.08062332664317011 0.7554124218784901
2984.519723275 82.55329977495431 -45.709930205608 -1.0843070638964445 -0.13365710255576657 0.6492128916507897 0.07750998843995383 0.7447486837469777
2984.569723275 82.50921558320391 -45.76082204696994 -1.0806983838537938 -0.12776879809643635 0.6418920334331746 0.08474263066615638 0.7513111460612012
2984.619723275 82.4658190120845 -45.809772504322716 -1.0757579800728996 -0.12559047951654784 0.6344053870837456 0.08682562552702938 0.7577718304646636
2984.669723275 82.42264067796023 -45.85828490408342 -1.06946279833726 -0.12185434282456659 0.6392960640833947 0.08573221813915849 0.7543885261290849
2984.719723275 82.37972084466433 -45.90854317177936 -1.0693487306258327 -0.12087039915913765 0.6344307439044627 0.08890795358215271 0.7582765680052198
2984.769723275 82.33678358528759 -45.95831789707782 -1.067984662923824 -0.12455873964549019 0.6406799787313942 0.08569763872397651 0.7527749995501992
2984.819723275 82.29245699842433 -46.00839672034428 -1.0700542260837798 -0.12770075744747914 0.6471012572890238 0.08049883151720032 0.7473101213597139
2984.869723275 82.24682983741098 -46.05837794767905 -1.0764368855855693 -0.1272201014115401 0.6489800816120838 0.07485425893855979 0.7463489394287164
2984.919723275 82.20199584840508 -46.10704546835227 -1.0837595149971455 -0.12327874552366237 0.6513050611683047 0.07031390652286572 0.7454260679290446
2984.969723275 82.15824477436688 -46.15638802916691 -1.0905816446536836 -0.12035558776238107 0.6486016686969934 0.07019436238283654 0.7482667701745913
2985.019723275 82.1127630861833 -46.204657724081166 -1.091146657952356 -0.11995040892108524 0.6490746551602494 0.06491903328367837 0.7483979626814736
2985.069723275 82.0658695308359 -46.24964667086716 -1.0895486561101189 -0.1113323208387117 0.6554961386214903 0.05322193438498152 0.7450485570010206
2985.119723275 82.02044444694728 -46.29449153450998 -1.0960458389856946 -0.09613927383228688 0.6289465283183887 0.05907853068751728 0.7692159851140972
2985.169723275 81.97640860246587 -46.33784192053617 -1.0892204806359174 -0.09662749304951557 0.6312594411733631 0.05552851660682177 0.7675227875183285
2985.219723275 81.92969183506341 -46.38084082368608 -1.0841807161527754 -0.09063009815554511 0.6321420891221889 0.05071463089120587 0.767861049072109
2985.269723275 81.8820067585757 -46.42502219767208 -1.0812391719031558 -0.09058077883637908 0.6321472949690404 0.04435594783559427 0.768256122566118
2985.319723275 81.83359789442267 -46.468642156689846 -1.0797199795830963 -0.08937670396502993 0.6393821377021128 0.034582484003366665 0.7628933992216612
2985.369723275 81.78566112490594 -46.51414813861227 -1.083675615022106 -0.08845602462329222 0.6407808565980065 0.03270827120597669 0.7619091773433925
2985.419723275 81.73748792142545 -46.56048605314395 -1.0888169436421182 -0.087195740659601 0.643684900453696 0.03286341594811937 0.7595963715230347
2985.469723275 81.69017720340987 -46.60923852672118 -1.0921739509367125 -0.08979613469251893 0.651400264070202 0.037251546288946724 0.7524803468946127
2985.519723275 81.64208814338927 -46.658305629073546 -1.0963574363733262 -0.09467401682765857 0.6492767493041827 0.037740937442185034 0.7536923477067382
2985.569723275 81.59583981401539 -46.70981669583266 -1.0977011989888728 -0.0958500691582253 0.6494578742499617 0.04491098891739076 0.7529941811804037
2985.619723275 81.55114666487302 -46.76227755796421 -1.0942980614023368 -0.0976123881171029 0.6523582959015038 0.05376106752462749 0.7496734109418411
2985.669723275 81.50821829047294 -46.812682539906326 -1.0887064727481475 -0.09813346846044635 0.6551846404342602 0.05728489512859719 0.746874387094013
2985.719723275 81.4674696029114 -46.8631683528381 -1.0854534144516725 -0.0954710541496614 0.6475591391980121 0.06627407374172872 0.7531003825588977
2985.769723275 81.42823461477953 -46.91350541604325 -1.0788475349406386 -0.09672888459234741 0.6491429789694612 0.07120112142053614 0.7511240350625403
2985.819723275 81.38900476473547 -46.96395437910017 -1.0747073470151003 -0.09635921775837167 0.652636446339828 0.0755783875970853 0.7477088185852434
2985.869723275 81.35028692648253 -47.01535305833068 -1.0755544509199721 -0.09836248825079377 0.6501186208082222 0.08256027484099976 0.748902130322585
2985.919723275 81.31118111900477 -47.066304371703836 -1.0769649130512413 -0.10379042268358156 0.6537470103152423 0.08370064073881474 0.7448735445718004
2985.969723275 81.27088863428264 -47.11755880144768 -1.0821784323358143 -0.10632797418998507 0.654314634081745 0.08321873715424422 0.7440708053119536
2986.019723275 81.23059384874415 -47.16891605409079 -1.0882930422722035 -0.1115804559276572 0.6540599645128906 0.07961748847399519 0.7439196328942166
2986.069723275 81.19120804785086 -47.21936050532405 -1.0949384438757388 -0.11122122726760013 0.650649559298627 0.0798708535876046 0.7469308109435431
2986.119723275 81.1515816034547 -47.268605740785226 -1.098610120119291 -0.11364193850719556 0.6468470333035934 0.07975960243316609 0.7498752103772802
2986.169723275 81.11069963732659 -47.314980302070715 -1.0990126098316886 -0.10929629022889131 0.6442292642738218 0.07678124689001559 0.7530787582460595
2986.219723275 81.0697081844228 -47.360492295629335 -1.0954574219350648 -0.10800154185131894 0.6454287497946819 0.07544243309646365 0.7523734678899153
2986.269723275 81.02707265802552 -47.4020601735929 -1.0941438893158753 -0.09840495491838341 0.6372927055239513 0.07253845668472125 0.7608630919129094
2986.319723275 80.98594939165902 -47.44392444372284 -1.0908749597264304 -0.0939990125545592 0.6343998538200768 0.07040127032926922 0.7640318529013421
2986.369723275 80.9441491140517 -47.48721890126377 -1.087781824475533 -0.09294907346304593 0.6353583990829851 0.07173052924979856 0.7632397432200524
2986.419723275 80.89927593192645 -47.52985800411679 -1.0872515170569785 -0.0953911472955711 0.6361365226971184 0.06390261505037564 0.7629857857772823
2986.469723275 80.85303374309163 -47.573533683461406 -1.0910452353949593 -0.09575674995419642 0.6348369244823071 0.058494203794001984 0.7644548072152865
2986.519723275 80.8068600859556 -47.61876623774012 -1.0987441871105867 -0.09755870078703771 0.6293102534304283 0.05640113057474 0.7689407111721726
2986.569723275 80.76073716498729 -47.665887795112205 -1.1064421063888743 -0.0948648698477067 0.630216675059606 0.06450231305794984 0.7678978125738912
2986.619723275 80.71385931343143 -47.71434227289861 -1.1110599294244508 -0.10347452125068032 0.6361209521941332 0.06957051753369657 0.7614480289039203
2986.669723275 80.66577226684812 -47.76205454801963 -1.1152736323825054 -0.10809485065718938 0.6383596541963441 0.07083558045056321 0.7588114230149384
2986.719723275 80.61948763328138 -47.81142953876799 -1.1179988511507928 -0.11081247442671927 0.6365881037658214 0.07569389464431958 0.7594383556081681
2986.769723275 80.57361998360297 -47.86196276602536 -1.116423025263387 -0.11440657831667311 0.6412916929898137 0.08740297494497251 0.7536689056282595
2986.819723275 80.52670924237796 -47.908008430033675 -1.1167325908846844 -0.1049340721902606 0.6371342442665634 0.09084132157337531 0.7581534472461673
2986.869723275 80.4839571222819 -47.9533860817997 -1.1139355225831227 -0.10517917191314649 0.6316206801792704 0.09150847731785205 0.762639401515886
2986.919723275 80.44317570160557 -47.99953626999463 -1.1089040461525985 -0.10879082890763608 0.634898722237166 0.0880103285009272 0.7598173136513553
2986.969723275 80.40090452789735 -48.04726010070533 -1.107544770449614 -0.1109720639571337 0.6396500881668252 0.08664948291806683 0.7556618508561207
2987.019723275 80.3561488905379 -48.09577533706042 -1.1133126282314563 -0.107767754812228 0.6377868447156263 0.08874509529514267 0.7574551866556022
2987.069723275 80.31053905920054 -48.14469968057377 -1.1220156927237324 -0.09860193838667719 0.639095678327031 0.08938103283220315 0.7575258428990727
2987.119723275 80.2654318114716 -48.19581692943615 -1.1309521955937212 -0.10267740069465153 0.6390795740271508 0.08808850297124653 0.7571493017180628
2987.169723275 80.21965609129204 -48.247085919610036 -1.1373540352534925 -0.10844319812610057 0.647507344465483 0.08151659355189082 0.7498862291168825
2987.219723275 80.17281462375523 -48.29679437987032 -1.1407239201619996 -0.11298326413368297 0.6542058035722041 0.07324397698724228 0.7442344176623638
2987.269723275 80.12516473172137 -48.34435648675022 -1.1433056692699757 -0.11148260476793717 0.6529004746995392 0.06652110877968477 0.7462355801340443
2987.319723275 80.07685916873129 -48.38892016499641 -1.144801195787699 -0.10247292337645476 0.6441942085747283 0.05369614663476352 0.7560620645489634
2987.369723275 80.03103651711125 -48.43363852427483 -1.1412685043194755 -0.10533543912987722 0.6416869245216134 0.03864488758149797 0.7587153015625311
2987.419723275 79.98591197373983 -48.478641417250216 -1.135315422429649 -0.09623731559559362 0.6433537107301791 0.04255705256879617 0.7583028941348702
2987.469723275 79.93989949692563 -48.521791932662474 -1.1313704657196615 -0.0853170969136297 0.6401398420200405 0.04382672475720178 0.7622474623308657
2987.519723275 79.89306411224321 -48.56417871141318 -1.1297656759546462 -0.08792741544227198 0.6350573942927854 0.03576345788663271 0.7666106251857531
2987.569723275 79.84637680251338 -48.6078379329611 -1.1294753379139917 -0.08866576219323785 0.6369413416268942 0.032407668074365625 0.7651103534727564
2987.619723275 79.79845581197868 -48.65246000700941 -1.1319820017310824 -0.08981835663524962 0.6396435283748363 0.029261045161609982 0.7628450764444792
2987.669723275 79.74908195826418 -48.69874298956467 -1.1365377010023923 -0.08933043340397923 0.6420397973143842 0.03097174920870488 0.7608191132478961
2987.719723275 79.69933527711433 -48.74561771515327 -1.140071268378036 -0.09219484243491248 0.6492696654684785 0.031613529979180155 0.754287476532063
2987.769723275 79.64974083528982 -48.79350494481421 -1.1446148716303652 -0.0919671127817372 0.6495802982634907 0.03566573430787239 0.7538669920289559
2987.819723275 79.60124707639346 -48.841578009389806 -1.1457189637914307 -0.08788202229203963 0.6499850561825347 0.043441037519006125 0.7535974078753993
2987.869723275 79.55355995378578 -48.88831885194653 -1.1425134897886764 -0.0878210272084462 0.6505646398835592 0.04777075105496276 0.7528419966081019
2987.919723275 79.50675014465993 -48.9331821125435 -1.1383733847618769 -0.09335109435757889 0.6458221943920713 0.04570224962300023 0.756379911679474
2987.969723275 79.46176331718164 -48.97777499755201 -1.134907912498616 -0.09238019572681729 0.6386932151795716 0.04826434449813037 0.7623696146694346
2988.019723275 79.4182261902879 -49.02133063791514 -1.1312602938577772 -0.07779172546859613 0.6371267179430221 0.055729587099565533 0.7647955320564336
2988.069723275 79.37531680634524 -49.06495116500383 -1.1271773706761428 -0.07413723156463484 0.6413718400787747 0.05425167957801086 0.7617103051113745
2988.119723275 79.33235097654085 -49.10972887843668 -1.1266323920172066 -0.07893001183332976 0.6440476547796403 0.04595903429561354 0.759513290714159
2988.169723275 79.28979673777927 -49.15788408770884 -1.1283851738699398 -0.07881728622487075 0.6514252303618279 0.04657105970790831 0.7531693973057249
2988.219723275 79.24655630796124 -49.20844155683393 -1.1334346359474952 -0.07885155159573748 0.6546808133101393 0.04857652595415218 0.7502104948751018
2988.269723275 79.20299880707489 -49.260065029744155 -1.1377639430193487 -0.07821813297755202 0.6603193382869634 0.050347967692834825 0.7452015682397441
2988.319723275 79.15888852038509 -49.31170222504586 -1.142464420227825 -0.07680208235594047 0.6591728535654368 0.05020747405619019 0.746372426351006
2988.369723275 79.11445436331806 -49.363058791294 -1.1438504236212845 -0.07335659332270403 0.6603646047537349 0.05370671187371266 0.7454213493751337
2988.419723275 79.06893338847797 -49.412402683028965 -1.1418909753962057 -0.07153916970435267 0.65887143119372 0.05104205217092456 0.7471046066414875
2988.469723275 79.02289753018331 -49.46095664180484 -1.138465401622569 -0.07917680075211309 0.6555459471245796 0.04765648111243226 0.7494794228257229
2988.519723275 78.97693282610037 -49.507227427167955 -1.1360331610823444 -0.07587758402245948 0.6473738014252638 0.05388534067559725 0.7564695126251902
2988.569723275 78.93076252375518 -49.54901620905687 -1.1316690233716393 -0.07104367399995745 0.6457606352677839 0.05381547520100416 0.7583204421298598
2988.619723275 78.88300182831655 -49.58830894080834 -1.1297418721672219 -0.0718952185524355 0.6424550077482071 0.0440150326093876 0.761672710206256
2988.669723275 78.834084167433 -49.62670993406838 -1.1303116153688664 -0.0697793773594495 0.6425249015421682 0.03139512970628 0.7624348727755575
2988.719723275 78.78478191704883 -49.66686414567159 -1.1339003266884118 -0.0650840442749922 0.644544194026497 0.02392284824694263 0.7614161453891676
2988.769723275 78.73529616705113 -49.70984709465838 -1.139707540121215 -0.06580473779916295 0.6470399031120027 0.021281433400645644 0.7593129795126695
2988.819723275 78.68565269331046 -49.75394774663974 -1.146264331118358 -0.0657020788736908 0.6509611902619213 0.023404212364300903 0.7559001312660719
2988.869723275 78.6361332008139 -49.79755962661986 -1.1532696552935127 -0.06309714020055612 0.6504591476508845 0.02697195977097644 0.7564351667670595
2988.919723275 78.58775992659876 -49.84015747466796 -1.1563571900246992 -0.061537347362094166 0.652723243432297 0.02618226584375432 0.7546389940349929
2988.969723275 78.539907483726 -49.881861651568634 -1.1572084211336464 -0.05776196555137963 0.6504845426388753 0.022670384856937346 0.7569804943153905
2989.019723275 78.49380196446461 -49.9233910474093 -1.1547741994307397 -0.05632406112641805 0.6488661666627016 0.01806811980419848 0.7585999215300644
2989.069723275 78.4498369122686 -49.966594171364655 -1.1518937151743032 -0.06294677721457127 0.6428274091578918 0.016614748389648822 0.7632395268915257
2989.119723275 78.40806714599441 -50.010266427886435 -1.1503960548726218 -0.06360953137443619 0.6362020630390485 0.01976918820465695 0.7686416211088964
2989.169723275 78.36882840138765 -50.05515696513687 -1.1478930689204492 -0.06231653570497057 0.6381622313437474 0.027094760774781956 0.766897313727632
2989.219723275 78.32918238912885 -50.10103351070141 -1.1491357212148037 -0.06768728450957068 0.6404740212547854 0.031022029854812276 0.7643618863320778
2989.269723275 78.28804488142076 -50.146762274155925 -1.1566732461701537 -0.06296946311445768 0.638965250380309 0.035385727520322596 0.7658368663164262
2989.319723275 78.24615856533575 -50.19262182498729 -1.166908266951354 -0.053049336553055736 0.6391119468400007 0.03865937608896392 0.7663074708875525
2989.369723275 78.20374266389328 -50.239429007281146 -1.1754748322664117 -0.049684528047179516 0.6460844151295174 0.038467550923068965 0.7606751104942632
2989.419723275 78.1599898300171 -50.285564212825115 -1.183629154410717 -0.04963039154959957 0.6491000917146491 0.03160346518353091 0.7584241004603303
2989.469723275 78.11585471615776 -50.33240198533041 -1.1883640745286674 -0.05129642871661119 0.6498801806366487 0.022759038786255233 0.7579620395310864
2989.519723275 78.07100460431296 -50.381640880367094 -1.1869523618289635 -0.053420629704538425 0.652140964884846 0.020355965515709007 0.755939172757277
2989.569723275 78.02457165001555 -50.43031960726401 -1.1802918585572255 -0.059549479677530166 0.6576461997987054 0.01690294891603289 0.7507793455326265
2989.619723275 77.97584033168808 -50.47690741468063 -1.1759438514784673 -0.06164986441765376 0.6489535210749711 0.016644102171143982 0.7581435191074304
2989.669723275 77.92703356076241 -50.520000454496575 -1.166877518193606 -0.05326030718333653 0.6507502579430364 0.01824739457848867 0.7572017393382724
2989.719723275 77.87652772185463 -50.56078996854171 -1.1608657684760402 -0.05420039523812928 0.6498670201431404 0.008916695204755798 0.7580604631775301
2989.769723275 77.8243886212471 -50.601348739836006 -1.158880041654895 -0.0510278082811767 0.6489166461575919 0.0019958782514877256 0.7591438372216476
2989.819723275 77.77193133105105 -50.64149378041009 -1.1585136711059916 -0.042682411366319895 0.654368811160682 -0.0008904826786237383 0.7549694548660303
2989.869723275 77.71830647416253 -50.681626899408606 -1.1630966279122184 -0.04262473957609708 0.6543900745893231 -0.006341640235959121 0.7549281723807688
2989.919723275 77.66453675445808 -50.72172203259405 -1.1684818627063907 -0.042497625549765015 0.6577463714433529 -0.009858474352054501 0.7519750482291182
2989.969723275 77.61069703152928 -50.76150620529531 -1.1749798108300422 -0.0386525752905831 0.6591828751790076 -0.009315311929785018 0.7509308493182267
2990.019723275 77.55752296451489 -50.8004477618719 -1.1800115627127572 -0.033739250116705054 0.6595807251475616 -0.007910822702545893 0.750834435078432
2990.069723275 77.50450956650957 -50.83841716314895 -1.1819588299468184 -0.024508678291916 0.6597163614751866 -0.004235539897938067 0.7511029937978526
2990.119723275 77.45097059702542 -50.873833786558656 -1.1803942720912644 -0.016323139148603734 0.657741032794507 -0.007170090463867351 0.753033119264678
2990.169723275 77.39935697209444 -50.908001774513096 -1.1763334988873293 -0.01163502228581116 0.6510076116013773 -0.016128087881412897 0.758810648762106
2990.219723275 77.35057306456294 -50.94449340664753 -1.1688086045410238 -0.006883805943975243 0.6523669608776832 -0.01568990702706757 0.7577095673069087
2990.269723275 77.30169541615011 -50.98129879404482 -1.1645363021497968 -0.005457479664943747 0.6484965931070031 -0.016138247935921057 0.761026899391786
2990.319723275 77.25359152563718 -51.01767600338687 -1.1601742811434643 -0.003009258167780429 0.6537419858382787 -0.02103953410063386 0.7564189965371917
2990.369723275 77.20485507322319 -51.054993015060454 -1.1603912717250637 -0.007115034182948773 0.6565434195729088 -0.02950790213382065 0.7536772506953808
2990.419723275 77.15565915687499 -51.0932273291935 -1.1647112981200185 -0.009631243193045619 0.6582356060266077 -0.037992367156303164 0.7517909989825641
2990.469723275 77.10555210659345 -51.13194792025844 -1.170788389694386 -0.005941090311759108 0.6606197604017651 -0.043535948610338104 0.749433690723349
2990.519723275 77.05392327204153 -51.16993076252511 -1.1778604210385597 -0.004679899269592474 0.6608238242010159 -0.05485690565084321 0.7485189989663494
2990.569723275 77.00222389614672 -51.20811930444675 -1.1828897605440085 -0.006645091529394562 0.6601795662823303 -0.0675242243652116 0.7480369390248832
2990.619723275 76.95079686232097 -51.24895286070032 -1.1857010074942014 -0.005768878674357074 0.6544967551158648 -0.06784283686196434 0.7529927403821135
2990.669723275 76.90018005007875 -51.28837580161339 -1.1801955175093335 -0.002692621781313298 0.6575227329689581 -0.06448613202250786 0.7506651345265415
2990.719723275 76.84897139864988 -51.32370290362803 -1.1751195710547264 -0.0016369177393965526 0.6546416809786691 -0.07302086634140859 0.7524025140205788
2990.769723275 76.79678849065644 -51.357867784416385 -1.1706763276276737 0.010550023780254152 0.6470661902594048 -0.07083037745765852 0.7590633043762699
2990.819723275 76.74536588917893 -51.389422338427 -1.1648409121995034 0.014966869726759268 0.6445174700824556 -0.07988626991328639 0.7602574612908674
2990.869723275 76.69324873473042 -51.42244227699889 -1.1609916429128213 0.015032388376046 0.6433793119623303 -0.08653589325014255 0.7604923585533193
2990.919723275 76.64024638556636 -51.45708410943838 -1.159262820851461 0.019211961046050795 0.6457363460854622 -0.08576169088426294 0.7584855992526383
2990.969723275 76.58630188187736 -51.49180747074185 -1.1596998152619122 0.018335990816641386 0.6496853974521557 -0.08829118718497443 0.7548359702900191
2991.019723275 76.53103088801987 -51.526612486557 -1.1627687272316272 0.015531044125042817 0.6516237920299266 -0.09121780596024176 0.7528775014600481
2991.069723275 76.4752029414751 -51.56117089743319 -1.1660667585456639 0.012849199798692323 0.6545481013689226 -0.09361061958631216 0.7500924829376299
2991.119723275 76.41935668417841 -51.595761468249314 -1.1714125834381606 0.007350965484505354 0.6488076606776685 -0.09548915654699615 0.7549015854628738
2991.169723275 76.36461687853318 -51.630182264730436 -1.1732855946049208 0.008563792313132104 0.6445955405253445 -0.09088029359689942 0.7590546902771882
2991.219723275 76.31052779572141 -51.663724540377096 -1.1683151251004293 0.01781702577231343 0.6510833576926238 -0.0780402463243734 0.754773300323984
2991.269723275 76.255292207716 -51.6936002407493 -1.166081316157837 0.0158613333865825 0.6461103892427561 -0.08379916182919367 0.7584638972901074
2991.319723275 76.20279701414233 -51.72377621179739 -1.1623768551006493 0.020363570528384313 0.6377126293215868 -0.08630466807204651 0.7651532079708339
2991.369723275 76.15254270513732 -51.756760526886396 -1.154049154079086 0.023517244302885876 0.6425418687049118 -0.0767470051725544 0.7620346339758072
2991.419723275 76.10115310216756 -51.7883638697981 -1.1513121709892078 0.022662927944658046 0.6386807368706361 -0.07577117728965266 0.7653966532063599
2991.469723275 76.04936240065447 -51.818864937028934 -1.150603602692701 0.02601745159492687 0.637531511583705 -0.08020769702841662 0.765795918824134
2991.519723275 75.99706606906054 -51.850492167298434 -1.152727211843091 0.02611380654072088 0.6358903852870786 -0.08805185814134801 0.7662952154915627
2991.569723275 75.94427804968804 -51.88457283732397 -1.1569581856752658 0.02647461307022274 0.6347203342209908 -0.09476708621350532 0.7664518194640664
2991.619723275 75.89066798732678 -51.92115135548743 -1.1610173860278623 0.029577004286618795 0.635995505008596 -0.09668109738188335 0.7650409687299923
2991.669723275 75.83659505819223 -51.95858189244086 -1.1645528075747646 0.032039541222177316 0.6367462022612883 -0.09995230450599357 0.763896117628595
2991.719723275 75.78278167364252 -51.9969624787551 -1.1642928904672227 0.03419446121708922 0.641677185457714 -0.10150289882959079 0.7594592089206171
2991.769723275 75.72796499042659 -52.03632364645933 -1.16193458344006 0.03913438368706426 0.6430356180338559 -0.09550516200334994 0.7588494303773077
2991.819723275 75.67288093282079 -52.07258958224829 -1.1551296192786367 0.03828696862880776 0.6451068201271013 -0.0998456857947935 0.7565726255204347
2991.869723275 75.61733490223652 -52.1066573670208 -1.14953504776145 0.035234229464607816 0.6391729556532431 -0.10588491975869946 0.7609236923655529
2991.919723275 75.56237465310645 -52.138136212839 -1.1413411957096824 0.044281912955397476 0.6366649662168027 -0.10336269578424825 0.7628977559918373
2991.969723275 75.50738860999856 -52.16647565605494 -1.1356502171814513 0.0448421741478276 0.6328961619196249 -0.11392010738040143 0.764495805599705
2992.019723275 75.45176037586785 -52.19457011484161 -1.1328353639452384 0.04944938070866101 0.6303306600779802 -0.12022128596123252 0.7653658341701799
2992.069723275 75.39582099808466 -52.22251512954626 -1.131506780484735 0.056672576132158196 0.6329583785188482 -0.12471504117972035 0.7619698607431109
2992.119723275 75.33815919038653 -52.251134800887954 -1.1346450320456423 0.05705588729840126 0.6335880411542202 -0.13127998404170432 0.7603133469964607
2992.169723275 75.27914394609067 -52.280686861740996 -1.1404822115411748 0.05918824214075925 0.632545026524564 -0.13392434767669797 0.7605575655469456
2992.219723275 75.21991857949858 -52.31105450697723 -1.145453053385826 0.06212022315271705 0.6358371615090725 -0.1346325158726508 0.7574472044897538
2992.269723275 75.16044772021101 -52.34251930045726 -1.1508003585543798 0.060462963457682824 0.6330499602156756 -0.13332363472756806 0.760142609214795
2992.319723275 75.1020693252124 -52.373780653958725 -1.1514300476928845 0.05946384827745292 0.6332814014919309 -0.13327714315072667 0.760036788837246
2992.369723275 75.04350968967309 -52.40579510161438 -1.1490186596716294 0.06080148389664703 0.6331877773572836 -0.12799540801803616 0.7609162855975719
2992.419723275 74.98547116914932 -52.4365909053858 -1.1447874474983233 0.06210675289927424 0.6308308576193258 -0.12465528987605451 0.7633192248499256
2992.469723275 74.9298613136473 -52.46634156802247 -1.1383700850102716 0.06389035749672264 0.628884509948656 -0.1235238194514241 0.7649602351715491
2992.519723275 74.8752365517139 -52.4965586348934 -1.1319944673913496 0.06481298936311779 0.6289794939035246 -0.11981161606447197 0.7653948323020622
2992.569723275 74.82042990218451 -52.52471791915711 -1.1276759602781352 0.06756468392318131 0.6304955096777756 -0.12114216499202737 0.7636982398981728
2992.619723275 74.76461005606798 -52.55162596433923 -1.1274443796449076 0.06629643651120894 0.6306068386651955 -0.1289679551635717 0.762434957275393
2992.669723275 74.70770858463328 -52.57879573792188 -1.1308106567185896 0.06482214616054714 0.6293556107228646 -0.13839886298178875 0.7619418346200311
2992.719723275 74.65011885167735 -52.60704077864838 -1.135828665045826 0.0673505842027574 0.6289374595394692 -0.14561561187060992 0.7607218048505864
2992.769723275 74.59142716549071 -52.63600384527865 -1.1410860136957592 0.06878428930161957 0.6304454033437338 -0.15313120449970058 0.757864202318924
2992.819723275 74.53233038955361 -52.6642591556646 -1.146266870132737 0.07011539510406165 0.6289881639551462 -0.1642808184394321 0.756617164533429
2992.869723275 74.4732093856666 -52.69323048782785 -1.1469147302221263 0.06923287495441956 0.6320383252571241 -0.1749096199937226 0.7517585977329208
2992.919723275 74.41263109266221 -52.722114994083704 -1.1451436510284583 0.07067660694084821 0.6309689738320673 -0.18243355367441924 0.7507336210576689
2992.969723275 74.35259684253347 -52.74777216836118 -1.139496858930588 0.0733734152025532 0.632048873704155 -0.19766739806076689 0.7456930755577053
2993.019723275 74.291982811895 -52.773510240764246 -1.1362626217821281 0.07687803986008276 0.6255444715727773 -0.2048392956704962 0.7488823298898308
2993.069723275 74.23259681279927 -52.79797387159463 -1.1306859619350116 0.09484418600389076 0.6180880381334573 -0.19579694496061922 0.7554040732228559
2993.119723275 74.17548365647593 -52.81843269217807 -1.1231159008250842 0.10310649672915737 0.6186075440739678 -0.20094968734129828 0.752537693344625
2993.169723275 74.11761454236341 -52.83713020543275 -1.120002910553936 0.10601885981010589 0.6174943267442411 -0.21064014084776747 0.7503942223037664
2993.219723275 74.05899929980494 -52.85565604197142 -1.1202540783983088 0.11522735538446506 0.6161971176089592 -0.21623684106010613 0.7485087824400319
2993.269723275 73.99944890659646 -52.8753470353886 -1.1223228943044041 0.11788215547269812 0.6188976450758886 -0.22109605600483798 0.7444367242148494
2993.319723275 73.93880420259005 -52.89600906491998 -1.1268971649641153 0.11857497249406024 0.6198908094469036 -0.22375152508090318 0.7427049315073017
2993.369723275 73.87753449042815 -52.91697159995441 -1.131177479662937 0.12091272921376318 0.6228441350655317 -0.22328839517214033 0.7399916134051786
2993.419723275 73.81653434754782 -52.937729688317795 -1.1349952954457883 0.12059556017965938 0.6228813042846715 -0.22347194729463854 0.7399566746843513
2993.469723275 73.7559267351085 -52.95792477594218 -1.1356646463134954 0.1214216792681532 0.6238567094598952 -0.2264900957759872 0.7380798184349427
2993.519723275 73.69407654671852 -52.97952979862615 -1.1342348483468112 0.12093569226184012 0.6222357296341012 -0.2271501081392987 0.7393240720253685
2993.569723275 73.63193017630573 -53.00138975622164 -1.1300715468051048 0.12230275399742287 0.6200423817563382 -0.22296263910133662 0.7422109826427661
2993.619723275 73.57195211304268 -53.022105631096274 -1.1238908028490613 0.12586469584112672 0.6163198353375866 -0.22150579640659912 0.7451463755991496
2993.669723275 73.51319389339739 -53.04358359679477 -1.1167505071640471 0.1266770693512827 0.6171597998090061 -0.2187209459948383 0.7451361280889561
2993.719723275 73.45421563323565 -53.06526771305739 -1.1115733813297468 0.12788175268123708 0.6197090367927205 -0.21576583811282327 0.7436747072155168
2993.769723275 73.39396892378292 -53.08597716170454 -1.1097888081851321 0.1285957005535179 0.6230826725816246 -0.2162962138495253 0.7405721280213363
2993.819723275 73.33211020576772 -53.10572858907013 -1.1119167372134127 0.12904439221812364 0.6235118436622691 -0.2202175914432513 0.7389754651332252
2993.869723275 73.26913095606336 -53.125845503335796 -1.1142801297830875 0.1281452880703488 0.6265523800137879 -0.2235867011098484 0.7355405409161624
2993.919723275 73.20548371380224 -53.1459440449008 -1.115471912902946 0.12657912249666467 0.6337152095737469 -0.22737260697951622 0.7284809239082483
2993.969723275 73.1408214413243 -53.165111680987934 -1.1170650142360175 0.12759772829318428 0.638117876106614 -0.23178753656368614 0.7230483620210622
2994.019723275 73.07603221612476 -53.18290637675181 -1.1172277068283685 0.1306651927799014 0.6400655304898686 -0.2374392519499984 0.7189334640340089
2994.069723275 73.0109381086181 -53.19978977322163 -1.1152814834313836 0.13577889569854296 0.6374145049735396 -0.23943956208404904 0.7196773835832417
2994.119723275 72.94719368030891 -53.213401487805875 -1.1070986774793359 0.1449291044450638 0.6413814665818265 -0.24093021067189288 0.7138473244298775
2994.169723275 72.8836601218646 -53.22452813457097 -1.1020882875393399 0.1448255907496823 0.6367605942985936 -0.25356933996401027 0.7136274123397472
2994.219723275 72.8197857726712 -53.23492070164054 -1.0983561379549327 0.1591532905076299 0.623430535931676 -0.2529789402350232 0.7225000019280982
2994.269723275 72.75754808179927 -53.24461789125423 -1.0912865657273247 0.17349127629050579 0.6209675412810746 -0.2519059582423897 0.7216948648344479
2994.319723275 72.69481656720333 -53.25288397959614 -1.0871161886319671 0.17684765648917533 0.6222240075313974 -0.26002195697496505 0.7169036007279945
2994.369723275 72.63096232926046 -53.26018303596577 -1.0873973134319563 0.1789398761787458 0.6224738080070538 -0.27087690898234484 0.7121324169271495
2994.419723275 72.56524908864597 -53.26771961383318 -1.0903926816685143 0.18303416565514988 0.6226608482378297 -0.27694929261613427 0.7085838352616383
2994.469723275 72.49812072424572 -53.27627527436068 -1.0941611411330603 0.18331378482034402 0.6243014315914166 -0.27963143721065525 0.7060099419492984
2994.519723275 72.43165035565463 -53.28481627124301 -1.0968189135288107 0.18358222565224247 0.6274290752839632 -0.2812504268841988 0.7025158498499063
2994.569723275 72.36615859882681 -53.29375301920761 -1.099406342413778 0.17797251386359395 0.6261620152051242 -0.28780329172614394 0.702435890523062
2994.619723275 72.30047631799545 -53.304301288669194 -1.0989248669012046 0.17291901247425429 0.6242112223918184 -0.29156465772179446 0.7038816770826
2994.669723275 72.23388684745031 -53.31721338504578 -1.092983756201728 0.1737905152007652 0.6286535388761292 -0.28272717300258254 0.703318512859387
2994.719723275 72.16758969130878 -53.32929011313804 -1.089027439977161 0.1753026573196 0.6234250237003125 -0.2713356889724836 0.7120303097837757
2994.769723275 72.10542969752062 -53.33924955804341 -1.084925545416708 0.17716603656197144 0.6169233513829698 -0.27192978801023254 0.7169881201247598
2994.819723275 72.0434390995586 -53.35007082311782 -1.0810532211636033 0.17391870962736702 0.6148567621687387 -0.2723891416938221 0.7193800108039071
2994.869723275 71.9817764141461 -53.35984944877044 -1.0780810402694954 0.17550909349998753 0.616964124701345 -0.27517333970926083 0.7161225174811695
2994.919723275 71.91855525594356 -53.36954629096817 -1.078836160229018 0.17553196398822268 0.6188119689597158 -0.27885255296197553 0.713092932511062
2994.969723275 71.85434333204053 -53.37923261954988 -1.0825976489851024 0.17601241860518618 0.6206188549895088 -0.2828960591459116 0.709803976494903
2995.019723275 71.79001429167708 -53.388703445795905 -1.0876766359281438 0.18011238875562 0.622065057044969 -0.2869850819702298 0.7058570357706471
2995.069723275 71.72546598055487 -53.39803532617798 -1.0927634803310604 0.18472911563446331 0.6234054308730651 -0.29062830099781384 0.7019800661372096
2995.119723275 71.66125247020705 -53.40674914979965 -1.0956731081486144 0.19128219442516808 0.6241309447438935 -0.29500476567152817 0.6977419824978816
2995.169723275 71.59560395862638 -53.41483121279079 -1.097908444594415 0.19229916733057387 0.6211128081859568 -0.3005136499552991 0.6978047405555989
2995.219723275 71.530647401571 -53.42075364824892 -1.094673697004332 0.20171354812850037 0.6156475973130309 -0.3060496993938441 0.6975838744731999
2995.269723275 71.4661707682509 -53.425361644878414 -1.0880713928313837 0.20058517880147142 0.6196301492811811 -0.3163743682704041 0.6897327911941447
2995.319723275 71.40094199770638 -53.4291359796254 -1.0837590885081914 0.20750449564821455 0.6077980445507952 -0.3135161892075926 0.6994505132107336
2995.369723275 71.3392808134019 -53.430141879826884 -1.0749649846396379 0.21993201141482382 0.6083716509847005 -0.3121713512270517 0.6957462842920948
2995.419723275 71.27748529135573 -53.4282630334761 -1.071147941251674 0.21864887411989398 0.6071879493963838 -0.3214832679551698 0.6929386497943247
2995.469723275 71.21555084159317 -53.42427779983995 -1.0713329268585077 0.2239705478315744 0.6021298471203526 -0.3307852085681704 0.691272729610649
2995.519723275 71.15287350815105 -53.42051824147334 -1.071499532746454 0.23024622530432254 0.6041691598510898 -0.33633858038895914 0.684720863826917
2995.569723275 71.08831113783198 -53.41679808228794 -1.074825967072993 0.23075989230541985 0.6056017371985953 -0.3410783293555831 0.6809272951271956
2995.619723275 71.0235089332827 -53.41242299505255 -1.0783755448568226 0.2371560634533615 0.6067321926573761 -0.34158840090710013 0.677458790131332
2995.669723275 70.95962153779011 -53.40770784491833 -1.0826668656712226 0.2360436568006197 0.6054479350842903 -0.348062186263547 0.6756988267562705
2995.719723275 70.89512023442136 -53.40476695822646 -1.0854513517138369 0.23451066719015673 0.6030864781520969 -0.35027682413338485 0.6771983411964014
2995.769723275 70.82913046456683 -53.40266133754335 -1.0844385007717772 0.24113606563861079 0.5986370852757061 -0.34252645509704277 0.6827610603568368
2995.819723275 70.76485780567695 -53.398385949459055 -1.080181313163604 0.24340081622462306 0.5964827823292466 -0.34261081727813075 0.6837997959417358
2995.869723275 70.70280901071379 -53.39397588770403 -1.0737645005483236 0.2444745339415163 0.5915692442745053 -0.3456906500415203 0.6861311871329274
2995.919723275 70.64110751793314 -53.39189818264405 -1.0648660896756657 0.24231308444759472 0.5953472247590356 -0.34540398967941005 0.6837705280214651
2995.969723275 70.57845952751524 -53.389977269447506 -1.0588260920892791 0.24461567441279244 0.5964538652719774 -0.34227772974219056 0.6835582741480236
2996.019723275 70.51515080959389 -53.38679201551372 -1.055881548018934 0.25171460367579995 0.5965494284051625 -0.3383184464807656 0.6828683376293342
2996.069723275 70.45258953070943 -53.3812015986226 -1.0556425450151379 0.25446853956426674 0.5971997815788765 -0.34338736459047076 0.6787365476337506
2996.119723275 70.39016407768585 -53.37444541028677 -1.057325854170031 0.2533037260992023 0.5981298011937065 -0.3552424055554581 0.672220794503866
2996.169723275 70.32674437566048 -53.36803461039298 -1.059270385863647 0.25394646481059957 0.5995066329984275 -0.3657353717734441 0.6650869325395203
2996.219723275 70.26221722950899 -53.36310730913043 -1.0600191592828547 0.25938655243037373 0.598524624617871 -0.371230118830093 0.6608139594603889
2996.269723275 70.1966800896738 -53.36024580629927 -1.0561041730178173 0.2673150977534149 0.6033918738625156 -0.36812981420340724 0.6549361228122399
2996.319723275 70.13049195126615 -53.35584898945939 -1.052792667070095 0.27259407953307385 0.5996755405548354 -0.36901473555676256 0.6556751015600295
2996.369723275 70.06617102139413 -53.34862604388116 -1.0451516659951263 0.2819719305263982 0.5973204631815681 -0.37436694954523075 0.6508067929485462
2996.419723275 70.00250762667328 -53.339770980693594 -1.0387189992845531 0.2759090122345273 0.5960171324367971 -0.3858360515601539 0.6478953126285567
2996.469723275 69.9415961969576 -53.3295737148782 -1.0326332439345536 0.27949788164738654 0.5854021039550655 -0.39154592317007736 0.6525925994742033
2996.519723275 69.88329454205562 -53.319003770316556 -1.0236409903677215 0.2828450403565321 0.5858656351997698 -0.3961258225100947 0.6479540673368622
2996.569723275 69.82448235180696 -53.306859377007505 -1.0191428273291065 0.2812671440554832 0.5868941598198189 -0.40212162459432094 0.6440048430546818
2996.619723275 69.76625748987821 -53.29243203867346 -1.0195383685705592 0.2890392630409399 0.5811725025793483 -0.4087779149428005 0.6415570457265858
2996.669723275 69.7065358623668 -53.27773667433128 -1.0224317643909933 0.29148300225287094 0.5799360219831076 -0.41424792568790086 0.6380521341295968
2996.719723275 69.64562898943751 -53.26291661159045 -1.0268113511256052 0.2935754382295806 0.5787272225457067 -0.417765865354921 0.6358930300743166
2996.769723275 69.58412625825117 -53.247871092983324 -1.0302275613462175 0.29553730793471733 0.5804231300640005 -0.42039775810323443 0.6316901255261023
2996.819723275 69.52202335552062 -53.23297574187445 -1.0336450676968418 0.29525493247998047 0.5789637573640299 -0.4241477493538833 0.6306537712748592
2996.869723275 69.45831894778186 -53.21835540218839 -1.034693422215155 0.2957100126782623 0.5765482319279215 -0.42403734951612004 0.6327243087458816
2996.919723275 69.39405890719937 -53.20339750881916 -1.0313360544356147 0.3002854049515087 0.5725338666831815 -0.420005553555414 0.6368900863230043
2996.969723275 69.33044440945298 -53.187865838295565 -1.0244226238897567 0.299718967820374 0.5731827634930432 -0.4200353654820082 0.6365534947728773
2997.019723275 69.26654015945147 -53.173749191689595 -1.0183567375876676 0.29594642233963664 0.566189161969272 -0.41958878533584554 0.6448184234288694
2997.069723275 69.20343669017326 -53.16222626658058 -1.0069138216711362 0.3004369740592206 0.5683593906734788 -0.4093088788275361 0.6474345290176889
2997.119723275 69.1402757458716 -53.14980567033687 -0.9973637023806297 0.2978585801710604 0.5758946578083441 -0.40431833556384733 0.6450986690833973
2997.169723275 69.0776514816052 -53.13464970556853 -0.9935149704736833 0.2966798536676825 0.5755919455646943 -0.4052604125833569 0.6453208307667899
2997.219723275 69.01549553561694 -53.11853478354767 -0.9911385849675391 0.2986347217868823 0.577979304494687 -0.40657117918526026 0.6414492207299161
2997.269723275 68.95278281624695 -53.10173703304821 -0.992479098385874 0.29727393414169045 0.5781900920363612 -0.4112113951574798 0.6389284889903917
2997.319723275 68.88929793985736 -53.08483896677777 -0.9948324381129243 0.3025339899146694 0.5782328199150818 -0.41241138682229866 0.6356389218248608
2997.369723275 68.82468273227221 -53.067748852237855 -0.9988432861844696 0.30668142802430853 0.574134610042403 -0.41294989222141965 0.6370151786031057
2997.419723275 68.76067861918587 -53.05019175164778 -0.9992268657028309 0.3144835475606862 0.5723840690651575 -0.4123983651049316 0.6351410585474996
2997.469723275 68.69579959195562 -53.03108071890294 -0.9962256283872715 0.32159001427087475 0.5732199920726198 -0.4127636517115537 0.6305750322009805
2997.519723275 68.63118709288061 -53.00900659630568 -0.9908302711854243 0.3286947558668412 0.5710139018350479 -0.41569892389221075 0.6269747092599589
2997.569723275 68.56725284082167 -52.986007734624756 -0.9850828391963045 0.3159552175558568 0.5758460804178906 -0.4294687299672209 0.6197823828949366
2997.619723275 68.50290326704342 -52.962857616318935 -0.9802957414124727 0.3096332948309404 0.5677382167264446 -0.4322478504974893 0.628460289708676
2997.669723275 68.44227290830993 -52.93971481246898 -0.9710545029105111 0.31896688821767993 0.5639255586893985 -0.42708717399957485 0.6307492641950814
2997.719723275 68.38415543663719 -52.91456941565282 -0.9636360204920091 0.32165978944313195 0.5639468290611279 -0.42962964315250657 0.6276283323527936
2997.769723275 68.3284826590594 -52.886957884786355 -0.9598242610210074 0.32638630939285684 0.5607034080477458 -0.4393329476806108 0.6213454967462301
2997.819723275 68.27140999503966 -52.859021266343426 -0.9584212485585408 0.3283675819061245 0.5632859208239226 -0.4471717611860895 0.6123080258761934
2997.869723275 68.2124105036687 -52.83020018401979 -0.9616744209058343 0.329638261796102 0.5622555120149783 -0.45365652124064165 0.6077854196216446
2997.919723275 68.1535650462599 -52.801375512464595 -0.9661001155748968 0.3334818737623685 0.5608353774946537 -0.45920506012912193 0.6028135963746825
2997.969723275 68.0941740136956 -52.77439714741734 -0.9709023116798208 0.33116872716655144 0.5604806037789819 -0.46460234609547446 0.6002777914740932
2998.019723275 68.03436845639455 -52.74917581950251 -0.9733324768825252 0.3307671122963958 0.5608520088369647 -0.46554849071429594 0.5994186720484156
2998.069723275 67.97356812830373 -52.723919953527826 -0.9737180739060097 0.33062658882329626 0.5563249645676434 -0.4658981217917952 0.6034298075772849
2998.119723275 67.91234678097558 -52.69907893753946 -0.9689389411198908 0.3313374024071511 0.5572793721614738 -0.46197073456658766 0.6051762284933231
2998.169723275 67.85283230808558 -52.674266720975524 -0.9631822742542867 0.3335076535880285 0.5531924282877815 -0.4587814990895791 0.6101395892551098
2998.219723275 67.79442974666267 -52.650494508210535 -0.9546613561973758 0.33281452023719604 0.5552205517423721 -0.4552167449353917 0.6113447056878857
2998.269723275 67.73565427798079 -52.626890289089445 -0.9476424979740244 0.3327116505682832 0.5572266003983258 -0.4506642229722017 0.6129463528870327
2998.319723275 67.67675116261532 -52.60252540402554 -0.9429640477205232 0.33908604184090896 0.5577120554833561 -0.4438985531473456 0.613947875565091
2998.369723275 67.61811299202049 -52.57667892199308 -0.9418776676846942 0.341910851689892 0.558559458851146 -0.44253260705048214 0.6125954555183308
2998.419723275 67.55985904968506 -52.54965801889592 -0.9429362106065184 0.3447743279505437 0.5599569575072668 -0.444227146620563 0.6084744125522527
2998.469723275 67.5019882294538 -52.52099400070627 -0.9465915703492377 0.344889546275837 0.5611983428766548 -0.45182188608569734 0.6016349425325187
2998.519723275 67.44335538360029 -52.49285422216539 -0.9512853449490679 0.3416309374803561 0.5614982982107278 -0.4618675086186871 0.5955555122279675
2998.569723275 67.38284373984283 -52.46709259479576 -0.9532057768082716 0.34077620565804023 0.5632550640041355 -0.4640176289762859 0.5927081495392418
2998.619723275 67.3216500989779 -52.44117835902852 -0.9526037799895679 0.340765121247295 0.5622233177040269 -0.4616425053688448 0.5955419971823727
2998.669723275 67.26480827623972 -52.413257020776534 -0.9466276747173451 0.3485909530625281 0.5586626938834667 -0.4647749689208313 0.5919160161462661
2998.719723275 67.20851917082834 -52.38355655314207 -0.9400861699115833 0.34506942073373087 0.5589167105169452 -0.46911864639963596 0.5903108513144394
2998.769723275 67.15593412021506 -52.35172180122728 -0.9340676235882778 0.3509634130142785 0.5470670722144787 -0.47356833522290553 0.5943696939601253
2998.819723275 67.10543231202374 -52.31932447548061 -0.9264106585693472 0.3566345692650978 0.5432357275953934 -0.4779290676663844 0.5910080663988794
2998.869723275 67.05536486478275 -52.28574278037575 -0.9207762733215386 0.3595779259831662 0.5440376163422935 -0.4842296002316956 0.5833082216201759
2998.919723275 67.0048790275119 -52.250998749533714 -0.9193238080586972 0.3643614588372339 0.5445986856816964 -0.4905538898251352 0.5744648640649842
2998.969723275 66.95143747519805 -52.21571914927425 -0.9224882593593056 0.37169007821879113 0.5425474700607711 -0.4907921313421824 0.5714996170575827
2999.019723275 66.8967431990284 -52.180751296642576 -0.9271529878176539 0.3750636861579951 0.5433480928032542 -0.48978362060509767 0.569396247229998
2999.069723275 66.84327016888663 -52.146513366074764 -0.9314491531170453 0.37715950616191507 0.5480862477058044 -0.48861851134304185 0.5644502833380296
2999.119723275 66.7910439447919 -52.112734509688345 -0.9371048269228885 0.3774193342917801 0.5473493851551416 -0.49029434336859984 0.5635377126100716
2999.169723275 66.73857918431631 -52.07985978566151 -0.9420410031656806 0.376446596650478 0.5420298169067714 -0.49310812256232883 0.5668650782305605
2999.219723275 66.68383485183071 -52.04824683195924 -0.9420182276097193 0.3819034595283069 0.5338225191564149 -0.4863964125988605 0.576716390830683
2999.269723275 66.62870070963939 -52.017975515600455 -0.9380605156033759 0.38178820098160793 0.5307093992179428 -0.48158559780873594 0.5836613874123934
2999.319723275 66.57314868500201 -51.9889213694565 -0.9325498405789019 0.37816314701931947 0.530049121209001 -0.4764814650180243 0.5907672780683503
2999.369723275 66.51853304401605 -51.96036638714491 -0.9267195696241814 0.37709906100948015 0.5310403227444452 -0.4735531588378291 0.5929079857448013
2999.419723275 66.46393032589286 -51.93122268969736 -0.92338423360823 0.37269254480457437 0.5366023561298074 -0.47386413115985926 0.59043286124939
2999.469723275 66.40995952800051 -51.900527954161525 -0.924554347190505 0.372326814787731 0.5358565165099317 -0.4769240844016761 0.5888751603026628
2999.519723275 66.35581919103751 -51.8690702571197 -0.9272116949678254 0.37468361574756825 0.5337880535213869 -0.4798797676044247 0.5868542499225009
2999.569723275 66.30135271089388 -51.837326534629 -0.9288487776495425 0.37594474543784406 0.5377410578697392 -0.48446797806412145 0.5786111658871357
2999.619723275 66.24598856351895 -51.80511739440425 -0.9303666511366935 0.3808117235680838 0.5414961411074697 -0.4872531759631054 0.569516200711351
2999.669723275 66.19024362553624 -51.773235350100464 -0.9305912569139443 0.3826931876497741 0.5495823916639339 -0.4900822598039224 0.5579646023941714
2999.719723275 66.13406392680956 -51.74039524819249 -0.9320442114416868 0.3839613579384161 0.5463082288391669 -0.4925850519687711 0.5581047941826187
2999.769723275 66.0809452611423 -51.70715613069183 -0.9274925241822143 0.39778711957933643 0.5366030246787342 -0.491778528388494 0.5585485479512554
2999.819723275 66.02876564681027 -51.67367261585148 -0.9215048700410462 0.3898322743010612 0.537978965418341 -0.5028589257340869 0.5529397177724114
2999.869723275 65.97714910352751 -51.64046112524494 -0.9126251539868121 0.39869304257777866 0.529087928205666 -0.4970268941040769 0.5604231335021462
2999.919723275 65.92975442912596 -51.60624275008741 -0.9033235924377429 0.4065315213743221 0.5261122510628947 -0.49769383976493015 0.5569909005276954
2999.969723275 65.88306722892901 -51.57062456079746 -0.8990192370815817 0.4044237501763406 0.5263985782689837 -0.5079903675449986 0.5489004951457
3000.019723275 65.83537746150888 -51.53450704965047 -0.8975472775297307 0.41348891561727735 0.5238701587902717 -0.5089919350241109 0.5436121627328763
3000.069723275 65.78628881936584 -51.4975771882589 -0.9012804967473181 0.414709924120374 0.5218024359865664 -0.5142032407680441 0.5397526505893231
3000.119723275 65.73608290549062 -51.46093676647884 -0.9060364856114402 0.4155989793070516 0.5226019133593399 -0.5156748569889189 0.536883758761198
3000.169723275 65.68644797141769 -51.425017475459015 -0.9107639312058534 0.416357796741872 0.5257693944009869 -0.516587253189042 0.5323066210804392
3000.219723275 65.63642966110703 -51.38934045831749 -0.9175997779200555 0.4143203834382047 0.5244952698726647 -0.5182820914735564 0.5335044567823366
3000.269723275 65.58578543519302 -51.354072283151645 -0.9227411849575042 0.41222791124033337 0.5232115704014497 -0.520072290066631 0.5346425113076314
3000.319723275 65.53357579827708 -51.31820457333291 -0.924837501411882 0.4114921504228266 0.521421801934398 -0.518371818685676 0.5385946269694749
3000.369723275 65.48172135430191 -51.28208103112858 -0.9244275306644865 0.4101673034237295 0.5173659095083629 -0.5198030221889058 0.542125554649447
3000.419723275 65.4289201709096 -51.247774545825436 -0.9206381126531001 0.4109742255282326 0.513391668376647 -0.5137718591082003 0.5509697428910376
3000.469723275 65.37816554350188 -51.214474234716654 -0.9162181457634911 0.4102199807628886 0.5104439971402025 -0.5122870454097115 0.5556334009684951
3000.519723275 65.3283002212864 -51.18181505627155 -0.9118592551724504 0.4110222817398016 0.5095134873180479 -0.5113051347927337 0.5567977633656523
3000.569723275 65.2779581459293 -51.148449696984045 -0.9092879280787317 0.41066949839149247 0.5164124713322799 -0.5101273553805653 0.5517597337934307
3000.619723275 65.22789093337269 -51.11313395421305 -0.9126054762149327 0.40998665849246235 0.5163119575580041 -0.5151405054108485 0.5476889281570904
3000.669723275 65.17729715287567 -51.077458060777765 -0.9179757015434278 0.4120254720669826 0.5156543755002642 -0.5194991673953897 0.5426381763854343
3000.719723275 65.12555985951705 -51.04192467123403 -0.9235660220314164 0.4150592041150519 0.5152266585039255 -0.5210253706236644 0.5392586676287477
3000.769723275 65.07487602532736 -51.005955681523794 -0.9287394211608465 0.41928599382323567 0.5169857898309871 -0.5247310569378643 0.5306432571712977
3000.819723275 65.02366359657836 -50.96947152487215 -0.9344622144212739 0.42246832926581973 0.5136682317338441 -0.52884488318499 0.5272461929723408
3000.869723275 64.9724458763897 -50.932530397806666 -0.9377084035644343 0.4282417581719954 0.5079645701248265 -0.5320910926057268 0.5248428919451058
3000.919723275 64.92213018549599 -50.895250192966806 -0.9358094290180775 0.4359159235010306 0.5045951327419074 -0.5332991043770322 0.5205315791785126
3000.969723275 64.87275977066068 -50.85638723226681 -0.9353356067866762 0.4262766777358233 0.5097818215165324 -0.5449194424630894 0.511344785536639
3001.019723275 64.82316091184609 -50.817081082686414 -0.9360758415389295 0.42441415681697986 0.49322172134972386 -0.5482102133808704 0.5254241325130089
3001.069723275 64.77718280532434 -50.77965595701758 -0.9284213104962016 0.4334150271730125 0.48943034988197726 -0.5446350083988271 0.5253399418104738
3001.119723275 64.73323087584623 -50.74056088846123 -0.9212855477899576 0.43123527720358235 0.4978725091346021 -0.5501001630061991 0.5133701500902818
3001.169723275 64.68928573099969 -50.6994470191549 -0.9182724648722279 0.4338890730890159 0.49726998223122876 -0.5560909455349157 0.5051986711381886
3001.219723275 64.64311989545278 -50.65753446015486 -0.9167263150404844 0.4371861604224605 0.5006653562720618 -0.5559824655581865 0.499085123156237
3001.269723275 64.59572351750882 -50.61470843112029 -0.9168231984848101 0.4390536135485074 0.5047360061044688 -0.5542021505072655 0.4953114827508343
3001.319723275 64.54832254445269 -50.57088141584112 -0.9184057920960902 0.4398738462157676 0.5068932462945346 -0.5532026265756297 0.49349477223792365
3001.369723275 64.50130659619853 -50.52710207730318 -0.9205914587520729 0.4403402698751262 0.507789459091326 -0.5517317321402456 0.4938040175125796
3001.419723275 64.45551502905579 -50.48349645823419 -0.921429425576552 0.4416519707425938 0.5061567738134202 -0.5522176526355731 0.4937656541109666
3001.469723275 64.40804285913686 -50.43976390412618 -0.9205105876706425 0.436656744173484 0.5071920162842619 -0.5549037148095516 0.4941346108864235
3001.519723275 64.35874432673276 -50.395727446007605 -0.9168980761188112 0.4393286239262484 0.5041918235097789 -0.5481227303555667 0.5023369763142185
3001.569723275 64.31130304647029 -50.3512115278647 -0.91235468964929 0.43375211644583206 0.502038580316907 -0.5508387857387974 0.50635264142488
3001.619723275 64.26470316959114 -50.30794315646371 -0.9049103798415892 0.43195256989259107 0.49991003911531223 -0.5512421608612065 0.5095478488267624
3001.669723275 64.21786397306154 -50.265093352260415 -0.8963488847679554 0.4339160704081567 0.5038492822459697 -0.5480593258312011 0.5074285368317534
3001.719723275 64.16968650812852 -50.2206696688043 -0.8926670933255303 0.43184869581036983 0.5057960902924358 -0.5468608494932734 0.5085471760449215
3001.769723275 64.12239985459608 -50.17605766048009 -0.8902010725527304 0.4385941947144639 0.5066311014264734 -0.5429934595721915 0.5060811815232733
3001.819723275 64.07475551387378 -50.13106844691373 -0.8910917566169112 0.43537598308078806 0.5124065722686674 -0.545935243056393 0.4998419434593994
3001.869723275 64.02635308650214 -50.0861740223151 -0.8930128319534216 0.43845993701634706 0.5152943255847059 -0.5457868848012773 0.4943089297501526
3001.919723275 63.97750253095943 -50.040980262770255 -0.8963482968855976 0.4420825199178304 0.5162168427806636 -0.546533155252416 0.48926958522117764
3001.969723275 63.927548364727166 -49.99587724717789 -0.9008085588379958 0.43934504470125163 0.5194867266658963 -0.5491377389624555 0.4853423700457332
3002.019723275 63.87759079075058 -49.950550485397024 -0.9042858086628851 0.44008433218094145 0.5232706900268513 -0.5483869603042661 0.4814408658349695
3002.069723275 63.82883841475044 -49.90341363988906 -0.9082175885345641 0.4311211339004294 0.5222909706505007 -0.5613034681609756 0.4756943624974199
3002.119723275 63.778698138773805 -49.857323321534636 -0.906247696032674 0.4303621058677687 0.5238118064969453 -0.5628964787026496 0.4728183620288279
3002.169723275 63.729475882799846 -49.81166184994488 -0.9031486323502887 0.43123297069856764 0.5224227848077524 -0.5581780816331143 0.4791135440379215
3002.219723275 63.68358284065817 -49.76576678993942 -0.9025518804788902 0.4247259143662786 0.5158335957276611 -0.5622775322388809 0.4872038340610169
3002.269723275 63.64023045940119 -49.7201839273081 -0.8989868071417805 0.43176241398390386 0.5115560447793767 -0.5575216340146784 0.4909798962544957
3002.319723275 63.59935974046018 -49.6731184187413 -0.898328944954145 0.43335565462361003 0.5090468310043207 -0.5597034304169931 0.48970018422464484
3002.369723275 63.55959139341992 -49.62599279879049 -0.8980006511273805 0.43876279849985256 0.5079269209818259 -0.559900484298678 0.48580746935036495
3002.419723275 63.51938587525005 -49.578561618363125 -0.8988709295896744 0.4418536668633919 0.5106596058378217 -0.5592431345741206 0.48087339339648166
3002.469723275 63.478976175885194 -49.53053496657301 -0.901643227087042 0.4442017989734947 0.5117351127515107 -0.5591098110690429 0.47771137241251527
3002.519723275 63.43879203106071 -49.48302721712937 -0.9049291127179164 0.447412297806756 0.5130610573654298 -0.5579067973899189 0.4746899963265184
3002.569723275 63.39865514026324 -49.4359140667493 -0.9087143043955992 0.44794663713589933 0.5096169432742762 -0.5589133588607705 0.4767077078183168
3002.619723275 63.35789939031845 -49.38890849019723 -0.9100818576149251 0.4475668113725173 0.5053138119365114 -0.5599970938497475 0.4803594026391768
3002.669723275 63.317453212322114 -49.34278430294712 -0.9061711993792563 0.4478638474074956 0.5061576199368314 -0.56016859413124 0.4789922589293774
3002.719723275 63.2756020249263 -49.29619357118356 -0.901737567729152 0.44417751240172365 0.5089824700050217 -0.5605310406061758 0.4790074479808866
3002.769723275 63.23309706554104 -49.249828011939684 -0.8997019646927013 0.4406756089567496 0.4992941513516659 -0.5624110915647671 0.4901062356076944
3002.819723275 63.190555374669145 -49.20568424709625 -0.8948016023079843 0.4384346340331178 0.49931611531360387 -0.5613354043483861 0.49331638174037146
3002.869723275 63.14722371156783 -49.16144006453038 -0.8921313711770871 0.43468071475552794 0.4997780946597795 -0.5609343600770574 0.4966157226697582
3002.919723275 63.1054013558299 -49.116579683683106 -0.8909706678514229 0.43764762844194494 0.5014116686374603 -0.5602778713864571 0.4930918765382368
3002.969723275 63.06343538210082 -49.07022162133269 -0.8951473985296114 0.4332858252878985 0.5021244971465503 -0.5664145252024472 0.48919215918654596
3003.019723275 63.02082446497875 -49.02367495071938 -0.9000859609065673 0.4367930357363796 0.5007643871143291 -0.5676363625274472 0.48604097817654923
3003.069723275 62.97761420524425 -48.97705762366737 -0.9050416210949125 0.4391701298460956 0.5027972265671351 -0.569396230181469 0.4797004055267121
3003.119723275 62.9332881710536 -48.93044097295908 -0.9095784617134218 0.4439794937230631 0.5036266745378336 -0.568298766344115 0.4756878115099573
3003.169723275 62.88812484353675 -48.88321460317873 -0.9144100794248423 0.44713365013790235 0.5005992475363614 -0.5679939031929502 0.47629278623135
3003.219723275 62.84260651863211 -48.83553379523699 -0.9181494245306703 0.44424602334788876 0.49269124664287545 -0.5725774738680288 0.48172174814926433
3003.269723275 62.7973268197247 -48.78907345195019 -0.9135440123628777 0.44601408723366454 0.49644370363418 -0.5706760418055199 0.4784808652603403
3003.319723275 62.753133398726646 -48.74109217946379 -0.9103925259027833 0.44323259258798425 0.4932424129910786 -0.5683472967644011 0.48707098163929885
3003.369723275 62.71526150196707 -48.69312285011213 -0.905858223323049 0.450823867016883 0.4796517559743697 -0.5680525344247973 0.49397201545453145
3003.419723275 62.67962853585705 -48.64482918688802 -0.9003853706112677 0.44963971055372226 0.4802397013024112 -0.5700546097520711 0.4921703992384648
3003.469723275 62.64708923924566 -48.595156978541034 -0.8968562297953576 0.45280544809544576 0.4786942030867348 -0.5734047311090612 0.4868532637746038
3003.519723275 62.61669596769203 -48.54413292004367 -0.8960731187660951 0.4588096663225264 0.4756342010275668 -0.5784502664736356 0.4781852006476781
3003.569723275 62.58517855241781 -48.491676502085205 -0.897461631748521 0.462500014799137 0.47670842255514784 -0.580844064492487 0.47059854326126893
3003.619723275 62.55348158339839 -48.43821696430392 -0.9007089390924784 0.46690109988440887 0.4751999920163112 -0.5838376716026439 0.4640279126647776
3003.669723275 62.52028377836005 -48.38463115989419 -0.9035431876325342 0.47270402441555254 0.4749056769181495 -0.5825738162007438 0.46002527322915293
3003.719723275 62.48647690149135 -48.33146082181136 -0.9058781215430363 0.474017462599225 0.47613133902665117 -0.5822771805204573 0.4577768869141684
3003.769723275 62.45193212653196 -48.27829826426191 -0.9064570886790044 0.4730048687239008 0.4768950834455088 -0.5834113784959192 0.45658365826043107
3003.819723275 62.41582824659304 -48.224442342008935 -0.9032935964148552 0.4773305535999822 0.47680563515317154 -0.577205275067392 0.460049996544388
3003.869723275 62.381341337912204 -48.17029756597254 -0.9011868690312438 0.4727147332088298 0.47657723639589566 -0.5813414049222272 0.45984463645845264
3003.919723275 62.34477676750435 -48.117879095366966 -0.8991088797461984 0.4673455217902023 0.4732063598355636 -0.581500123606885 0.4685312268344516
3003.969723275 62.308027862777195 -48.067094056133804 -0.8954441022424495 0.464697000088405 0.47707158544754863 -0.5764006296092674 0.4735205535702115
3004.019723275 62.27425284844713 -48.015831731206255 -0.8947280322357685 0.46121645155622765 0.4756944125495072 -0.5797973731751707 0.4741615934913258
3004.069723275 62.24076794416229 -47.96460849584909 -0.893434201822428 0.4655559601826205 0.4773287460322239 -0.5777119591638004 0.47081186092627947
3004.119723275 62.207021183572365 -47.91274046341471 -0.8944245859956018 0.4658100960314533 0.4815454122863592 -0.5787910477760387 0.46490417653043714
3004.169723275 62.17245983453579 -47.86049614357401 -0.897012340576067 0.470623782501709 0.4835514962350876 -0.5772944364851339 0.459806850140256
3004.219723275 62.13737076121293 -47.806975867410614 -0.9022854142399691 0.4757758629049828 0.4828954740449822 -0.576094265306794 0.45668882940632166
3004.269723275 62.102960516138126 -47.75280114204418 -0.9083505163177858 0.479506239959681 0.4774831632746143 -0.5798896083801243 0.4536646743154496
3004.319723275 62.0655952884979 -47.69906674441272 -0.9112282566060539 0.48130744332381353 0.47625167904865406 -0.5777744731669124 0.45574569812684856
3004.369723275 62.029342810643385 -47.64545490072374 -0.9102699392060185 0.48688435250105155 0.46861411046140095 -0.5749360392616696 0.4612949094930549
3004.419723275 61.99741518340959 -47.591248807313676 -0.9053318594303023 0.48865545740884897 0.47263190987081843 -0.5791207873342734 0.4499489253167993
3004.469723275 61.967547844843956 -47.53390573002206 -0.9064571210299196 0.4771112225106514 0.4652864925921507 -0.5941878616139733 0.45034891614869016
3004.519723275 61.94098708759165 -47.478372764897586 -0.9037002889120567 0.4849761767589316 0.44215799160411756 -0.5992657971294698 0.45844838621995787
3004.569723275 61.9167963853891 -47.42484005361044 -0.8951832952794517 0.48783667561904404 0.44225620794961673 -0.6028801111937852 0.45051126065610625
3004.619723275 61.894877886165645 -47.37019767100466 -0.8895612015432156 0.48846968463971374 0.44487103835378045 -0.6098154435732372 0.4377353666332935
3004.669723275 61.87353016347121 -47.313808843968964 -0.8880762189916314 0.4964561253935721 0.43836005628861274 -0.6142628104198498 0.4290139582169256
3004.719723275 61.85124164148502 -47.25631822120857 -0.8881786302326341 0.5031951430637236 0.43791794829411146 -0.616165496722198 0.4187631779515023
3004.769723275 61.82850187086161 -47.19811967284985 -0.8898602528016178 0.5084670772288599 0.4384529700230142 -0.6174889621095611 0.40978970963799893
3004.819723275 61.80525648057721 -47.13978007605334 -0.8929667633105431 0.510857116481483 0.4384102688559758 -0.6195774167169605 0.4036647958346052
3004.869723275 61.78193868794849 -47.081547260405586 -0.8956500486978601 0.5146741367772658 0.43362488820175626 -0.6204403456921055 0.4026583746826227
3004.919723275 61.75997296787411 -47.02330989263901 -0.8978327773462162 0.5153104688082937 0.4226423675408185 -0.6293707977566128 0.39965103381234146
3004.969723275 61.73493271528876 -46.965248874411564 -0.8953897215732048 0.5137490239483494 0.41991336995316686 -0.633121807273316 0.39861194071636075
3005.019723275 61.7079014917325 -46.90725824923257 -0.8901247911844856 0.5151375105213457 0.42347785764366885 -0.6295371626710382 0.39872648539506106
3005.069723275 61.679995581950564 -46.84899007686883 -0.8894177660517781 0.5062809284631057 0.4132732497542429 -0.6348527367146305 0.41212479323385387
3005.119723275 61.65244707064551 -46.79329842644271 -0.8811845132689712 0.5128079771750719 0.4107072301973103 -0.6263362536742255 0.41958365905097006
3005.169723275 61.62714056731855 -46.737189278703774 -0.875696421039901 0.508937463462941 0.41828316980045244 -0.627442204828753 0.41513627611331044
3005.219723275 61.604364641190955 -46.68049362011557 -0.8744321128666009 0.5090856885532458 0.4205471993928358 -0.6324443235961481 0.40495183953665514
3005.269723275 61.58211342988744 -46.623158163182204 -0.8762808771150987 0.5147250468596303 0.4180424687185671 -0.6355421511139453 0.3954551739963665
3005.319723275 61.55886431855597 -46.56507296834384 -0.8812443595225694 0.5143660905261493 0.41830869519061686 -0.6412739859029649 0.3862810316969925
3005.369723275 61.53522962225207 -46.50733272073368 -0.8849582863555705 0.5222728535891229 0.4189590311884921 -0.6404052003332169 0.37627858825031074
3005.419723275 61.51100960445952 -46.44882690945734 -0.8906395278658417 0.5246405708759276 0.4176037032797691 -0.6427690282304931 0.37041516538288655
3005.469723275 61.48671198852542 -46.39006784641094 -0.8938559915849352 0.5297520594307938 0.4130243269775273 -0.6444552638634979 0.3653095587747776
3005.519723275 61.46151069623539 -46.33073542407594 -0.8924087071489138 0.5437567259216819 0.40396647964219434 -0.638645269550364 0.36506427656149587
3005.569723275 61.438820913003134 -46.27070820340378 -0.890798267012071 0.5476380870127622 0.402532962732309 -0.6399722617870626 0.3584623323448413
3005.619723275 61.417317192518865 -46.20960625194652 -0.895254682419796 0.5331341514470525 0.39254634570891067 -0.6564917206030236 0.3615162013120483
3005.669723275 61.39448322811063 -46.15055574173147 -0.8926950035273032 0.534785220026919 0.3805042537040856 -0.6554570014494379 0.3736273552682788
3005.719723275 61.373495593423684 -46.092588499727874 -0.8891223489707045 0.534962391581223 0.38358966448296106 -0.6552772423281403 0.37052117966774234
3005.769723275 61.35469810691416 -46.033261101417175 -0.8908270232793494 0.5334756125771334 0.3777424587528341 -0.6609606854621703 0.3685720796726112
3005.819723275 61.33580339906696 -45.97314067531596 -0.8933243522719252 0.535731946736721 0.3751452955610976 -0.6625243003485096 0.3651285251959614
3005.869723275 61.315974404060285 -45.91140814011256 -0.8973522331903233 0.5345881496801854 0.37742764921521327 -0.6631644182131059 0.3632861602724038
3005.919723275 61.295612671264294 -45.8493320914534 -0.9013567775637692 0.5342165412817157 0.3783590874399003 -0.6625936230233709 0.36390490337643144
3005.969723275 61.274630691692124 -45.78774293289094 -0.9018496845264614 0.538020917557076 0.3863923370682634 -0.6554346812843939 0.3628220399804742
3006.019723275 61.25456268997433 -45.72680497129758 -0.902919593691235 0.5361045722917843 0.3941213786564601 -0.653112337130931 0.3615307753720941
3006.069723275 61.234528758024496 -45.66584693233371 -0.9032844805855231 0.5361642735263352 0.3978179429184638 -0.648952485636064 0.36486905524156665
3006.119723275 61.21515731387886 -45.60427975689412 -0.9020173846294521 0.5372746745817941 0.39650957259042896 -0.6440028236381116 0.37333154975614136
3006.169723275 61.19954093008392 -45.543571718683815 -0.8982330593675455 0.5400574081240519 0.3976255937202064 -0.6429558010119741 0.3699185330502317
3006.219723275 61.18321702478994 -45.482931024003314 -0.8975142445132711 0.5313647035008702 0.39379173209504137 -0.6500892449973585 0.37411709015465217
3006.269723275 61.16633795026049 -45.42480186779282 -0.8922353304336389 0.5366971053577018 0.39217600776001627 -0.6447548907993387 0.3774192984313504
3006.319723275 61.15099688748486 -45.366248074300884 -0.8907413801710363 0.5342789691166314 0.3914820377357287 -0.6477963093694052 0.3763611813900696
3006.369723275 61.136454649145215 -45.30749756058525 -0.8904203386142667 0.5359508617204913 0.3874807030303485 -0.6500251226479717 0.3742762596353914
3006.419723275 61.12175686097366 -45.249055106117616 -0.8891801036132587 0.5395242829988097 0.39030364971040354 -0.6506226543361294 0.36505721571004224
3006.469723275 61.10631461733095 -45.18958572844337 -0.8908850336335905 0.5402935673728794 0.3941441966074808 -0.6534033539429681 0.35467910904395256
3006.519723275 61.089982441897746 -45.12947525754103 -0.8937692416720612 0.5446491902440772 0.3951410383066586 -0.6539214802357667 0.34584319727106216
3006.569723275 61.073397587605676 -45.06880832702699 -0.8983208207035989 0.5446521014633092 0.39944886838833005 -0.6560979782235632 0.33664541120567276
3006.619723275 61.056833179141975 -45.008118696638846 -0.903351988123565 0.5466844149874724 0.39426239736119434 -0.6583306420402025 0.33510308591199756
3006.669723275 61.03998855213434 -44.94818918418667 -0.9071273047151339 0.5429936564218145 0.38402779597976777 -0.6663134066778981 0.3372046634936777
3006.719723275 61.02192228989871 -44.88989222606659 -0.9011961369463836 0.546480462124585 0.38610236965183076 -0.6638966215942989 0.33395409939244275
3006.769723275 61.00532118911739 -44.831738044885846 -0.8959219405624604 0.5428702507210263 0.3859608663017206 -0.6675720710989975 0.3326764651343859
3006.819723275 60.99003434151213 -44.77406071122831 -0.8901024898076053 0.5419751099991985 0.3769054136192503 -0.6705535556518436 0.33847188705788933
3006.869723275 60.97574908321834 -44.71650337004817 -0.8835557528259522 0.5444282837451773 0.374913995871372 -0.6686590742893272 0.3404884461014524
3006.919723275 60.963194198035865 -44.65795702647404 -0.8807591707677677 0.5457335877284847 0.3687440598570513 -0.6684958806117562 0.3454213762207663
3006.969723275 60.953115656076996 -44.599603513583006 -0.8791180525237872 0.5507466016307639 0.36593998391396787 -0.6669135927540402 0.34350017287493145
3007.019723275 60.9443758655246 -44.540311207659244 -0.8808401993730448 0.5505711461120574 0.3684277607911308 -0.668942438420038 0.3371178017072708
3007.069723275 60.935670381212255 -44.47998231602154 -0.8845725356202455 0.5531509967419629 0.36905908399476234 -0.6688057256477116 0.3324428803045087
3007.119723275 60.92650538940883 -44.41904944273297 -0.8900305898735077 0.5520412465962958 0.37301532989850367 -0.6698170068164097 0.3278036044594753
3007.169723275 60.917001050986876 -44.35904946157753 -0.895780507768283 0.5523747891530035 0.3774989271572901 -0.6693109778312344 0.3231090640292635
3007.219723275 60.90635394331741 -44.29836330239435 -0.9027475575636298 0.5487228670129425 0.3808025155188656 -0.6707236580683039 0.32252509034038523
3007.269723275 60.894837081393476 -44.23704416580128 -0.9080978437797993 0.5405973222827176 0.38155319162836876 -0.6763777310889123 0.32355040099801446
3007.319723275 60.88144962689702 -44.17658885918077 -0.9062241766430611 0.5387844462544776 0.3852558018381614 -0.6762337579633295 0.32248595661684915
3007.369723275 60.864625150447836 -44.11561433885804 -0.9016973004724745 0.5357074585685853 0.3865874302437461 -0.6711478991230754 0.3363453212313303
3007.419723275 60.84897747298687 -44.05708103076202 -0.8939022971804201 0.5378854947146846 0.38888425985315084 -0.6642946788092212 0.34374526428702945
3007.469723275 60.834211716333805 -43.998699494938165 -0.8897189173811434 0.5323611575674208 0.3931716123548258 -0.6653076528560303 0.34550457045165467
3007.519723275 60.819218820023856 -43.94006448738954 -0.8881075247546037 0.5326236167780768 0.3918763949309379 -0.663800363644438 0.34944820957000783
3007.569723275 60.804393404072826 -43.88127325451135 -0.8880826209308738 0.5382480717414667 0.3910955635825731 -0.658799739296946 0.3511640313513026
3007.619723275 60.790970470044634 -43.82155378127637 -0.892631807092431 0.5383852174741649 0.39129405573632836 -0.6590921463664756 0.350182612573417
3007.669723275 60.77929494088197 -43.76179170797035 -0.8986839897483294 0.5398162696918837 0.3912529621711676 -0.6608010485788203 0.3447629457545549
3007.719723275 60.76895350172784 -43.70163167569555 -0.9050074488597204 0.5451099558229698 0.39186354783574434 -0.6601443566570077 0.33690877743711073
3007.769723275 60.75887337694697 -43.641064255582194 -0.9134864552288409 0.5425753901108753 0.3903866875481913 -0.6660775478950339 0.3309847132743765
3007.819723275 60.74670030561927 -43.58095375378442 -0.9187599363287242 0.5460520547373018 0.38426332008824643 -0.6658958953894115 0.3327934958130382
3007.869723275 60.73315076868569 -43.52161069396387 -0.9189491979253358 0.5461100648996329 0.37859194796926793 -0.6675861032616375 0.3357986430587476
3007.919723275 60.71850298231149 -43.462719616807945 -0.9140104854917281 0.5458511399133894 0.39004866488319223 -0.6640962479815293 0.3299768863040984
3007.969723275 60.703817003784515 -43.40121499542174 -0.9148281774296165 0.535384463954797 0.3847442559029758 -0.6665521787310221 0.3479131016998756
3008.019723275 60.69421493442446 -43.34303523642151 -0.9132035712934203 0.537182730321469 0.37129520138711936 -0.6666005421335025 0.35946947700547693
3008.069723275 60.68702657743103 -43.286951222975894 -0.910816178969051 0.53184966718203 0.36993502160103287 -0.6726516522103159 0.35752449718884965
3008.119723275 60.681019102316924 -43.23173360549442 -0.9066793401463805 0.5328556834333362 0.37378061418254077 -0.6739467530001143 0.3494977070235479
3008.169723275 60.6747255138306 -43.17502645990383 -0.9051896309137479 0.5357117068573999 0.37570053133666176 -0.6736838674583764 0.34352892835335724
3008.219723275 60.66698931123912 -43.115966613487245 -0.9068816144621153 0.5358493220476508 0.3805728016186251 -0.6723169201868531 0.34061680164033087
3008.269723275 60.657743244097034 -43.055792432143065 -0.9096026377886453 0.5373926624609651 0.387531031083705 -0.6677293146230748 0.3393617371969248
3008.319723275 60.647988967861366 -42.995997734988286 -0.9139820313839074 0.5365437461085738 0.3920758314644008 -0.6645848307354053 0.34164946019227066
3008.369723275 60.638141558918896 -42.937818895125595 -0.9155529871481751 0.5392101644977153 0.3971167949442487 -0.6587113511807625 0.34300146574201196
3008.419723275 60.62834764214755 -42.87967694051722 -0.916007566324073 0.533599442949261 0.4044477461489449 -0.6611214518297146 0.33854406072156634
3008.469723275 60.61574660846272 -42.82096862346448 -0.9108525311296628 0.534003109993922 0.4171920994502696 -0.6562070737536267 0.33193931226776685
3008.519723275 60.59896103178702 -42.75973799600699 -0.9096832264572166 0.5277766841655422 0.41797207037847117 -0.6530496325785674 0.3468101749138254
3008.569723275 60.58287253466043 -42.69885476365197 -0.9083425404816169 0.5241816113771587 0.40983530250981165 -0.6451492035303374 0.375567794539026
3008.619723275 60.571666872363835 -42.64174979442908 -0.9055143564695639 0.5222090431351382 0.40958713767161214 -0.6430736333670534 0.3820895104421945
3008.669723275 60.56210611103539 -42.58581435898914 -0.9039606880604886 0.5197729423986274 0.4109524089921406 -0.6458946957653876 0.3791757480060756
3008.719723275 60.55120040526655 -42.52890960539121 -0.9047339664640948 0.5195574796239402 0.41619023631621754 -0.6448631884064912 0.3754959131602958
3008.769723275 60.53916774374589 -42.470013373048374 -0.9093346995032453 0.5217319085874863 0.41658144591088747 -0.6418210356333284 0.377255182473369
3008.819723275 60.5284103372096 -42.41026500465842 -0.9159004086624144 0.5258739087052499 0.413817878955699 -0.6409837203689432 0.3759671068347036
3008.869723275 60.51845410508355 -42.350140512250654 -0.9218443587828596 0.5314270388576491 0.414862816400578 -0.6398778210389358 0.3688231555659635
3008.919723275 60.50833451039063 -42.28967916594611 -0.9297741860733973 0.530759877039111 0.41171417129033655 -0.6451348615720278 0.3641241607866467
3008.969723275 60.49640470045598 -42.22910229561906 -0.934692607020445 0.5282857420713475 0.41474385992714174 -0.6486012972980215 0.35807549835221164
3009.019723275 60.482243706591014 -42.167530175860755 -0.9360394571857285 0.52640578760591 0.41691175521233775 -0.6500594263347308 0.35567439797394795
3009.069723275 60.46812303273639 -42.10581193280313 -0.9324361607147921 0.5357051955309982 0.4148303225440236 -0.6431115063786457 0.3568519823995738
3009.119723275 60.455597391731004 -42.04317677456443 -0.9322916698246296 0.5297505010594807 0.414000766311574 -0.6482185151662041 0.35746402436662117
3009.169723275 60.44416096658089 -41.980733403463645 -0.9316916412278549 0.5301223083276755 0.4017130494194644 -0.649018740719411 0.369285307498744
3009.219723275 60.43562457583929 -41.91960827485296 -0.9291208999350115 0.5327078541591679 0.39401569215388454 -0.6483040251413393 0.3750678171200081
3009.269723275 60.42990051595412 -41.85927668971973 -0.9268111300996534 0.5321809341753252 0.39613214060426977 -0.6515805375779575 0.3678390728704298
3009.319723275 60.42449692889106 -41.79832030586103 -0.9265635091937436 0.5356487439385286 0.395801192340638 -0.6519667752913113 0.36243780594062575
3009.369723275 60.41831265658738 -41.73624955681461 -0.9289414792615274 0.5381590101218484 0.39691275964845235 -0.6518464543790792 0.3576888885139503
3009.419723275 60.41078561043276 -41.67305873852557 -0.9324758458362069 0.5401349144536663 0.40220087014242945 -0.6486760781367609 0.35455335268181287
3009.469723275 60.403138485085194 -41.609777851709715 -0.9379714789902299 0.5393943765861356 0.40841598086126263 -0.6471613302731014 0.3513293407666612
3009.519723275 60.39485403271605 -41.547227848984924 -0.9449608322562075 0.5374782614776836 0.41144274941417336 -0.64572417940683 0.3533727020056988
3009.569723275 60.386653338044624 -41.486124409686155 -0.9512747292289138 0.5328458183480984 0.417012952172041 -0.646779077243895 0.35192663557798515
3009.619723275 60.37853868587982 -41.425752944945685 -0.9556572208103711 0.5311386154158471 0.41554179817494796 -0.6482975526011329 0.3534502347927486
3009.669723275 60.36989213488864 -41.365979617528325 -0.9584578536676389 0.5255189781799728 0.41500707573137613 -0.6528531190535823 0.3540928347306372
3009.719723275 60.357993220661314 -41.306717632627326 -0.9593126294568375 0.520373075220093 0.4119617049646308 -0.6527047590341613 0.36534355579752
3009.769723275 60.34537820849916 -41.249515408044225 -0.9574183303897602 0.5183642660524298 0.4106392326118672 -0.6499143758416641 0.3745466758552302
3009.819723275 60.3312405077222 -41.192454244246804 -0.9551263696202638 0.5155811184470588 0.4148841299347641 -0.6454860152647516 0.38130705884731075
3009.869723275 60.31712367877158 -41.13482582290497 -0.9539763379276656 0.5173038305056099 0.4175361619947002 -0.6389496166827208 0.38704481357068066
3009.919723275 60.30410721748092 -41.07656576633834 -0.9551256656328955 0.5172613950974877 0.4224068263022088 -0.635911669792839 0.3868196872657594
3009.969723275 60.29045859773024 -41.0168021978697 -0.9586878875719651 0.5180067731138657 0.4252538842565837 -0.632163566625203 0.388841024024666
3010.019723275 60.27745397236546 -40.95590928596662 -0.962727994388897 0.5226953028403377 0.4275528827287293 -0.6274743102186296 0.3876391916133558
3010.069723275 60.265355226219164 -40.89344871821625 -0.9689696941249337 0.521450326866373 0.4326732385841078 -0.6292815628515062 0.38064174742040346
3010.119723275 60.25212591432388 -40.829787581284755 -0.9754676641283354 0.5224197661575103 0.43079346073302016 -0.6305472197281589 0.3793478427653031
3010.169723275 60.23744599498657 -40.76705142656296 -0.9773650969770932 0.5296162095663204 0.4265786040537403 -0.6275642675460209 0.3790784288608259
3010.219723275 60.22166632545179 -40.70533468300885 -0.9744521205903585 0.5354682706118759 0.4309950495342897 -0.6206505780224271 0.377239789053712
3010.269723275 60.2078960338096 -40.642763671169476 -0.9744648268602936 0.5332315174337677 0.4328427417902506 -0.6204731765268444 0.378582021371152
3010.319723275 60.19635050769544 -40.579152577904836 -0.9784520761851184 0.5271172843290403 0.416460183253992 -0.627567411246827 0.3935319919226203
3010.369723275 60.187391805543 -40.51847547318422 -0.9781239891938047 0.5243673698935173 0.410838614534678 -0.6317690839346716 0.39638153183836344
3010.419723275 60.179050240576316 -40.45813207426473 -0.97843473222677 0.5185042221817785 0.41147680479611154 -0.6373210746889418 0.39454031283480273
3010.469723275 60.1704689444673 -40.39764917929346 -0.9798024743783613 0.5210231738662745 0.4074973728945352 -0.6373524659027318 0.3953006167286781
3010.519723275 60.16177038399804 -40.33640921332476 -0.9832975297417382 0.5205899175976064 0.40957315682442386 -0.6375811737891365 0.39335253111459706
3010.569723275 60.15335131098572 -40.27442374573365 -0.9884896471589322 0.5198081762370432 0.4131115178026312 -0.6387057062256328 0.3888358967620414
3010.619723275 60.143817426810635 -40.21181145974242 -0.9939850417533812 0.5205518854417851 0.41722027171636245 -0.6374819866231484 0.38544739740064576
3010.669723275 60.132335577912905 -40.1488826833538 -0.9998812413628736 0.5179586409480776 0.4215060071746208 -0.634550921843413 0.38909723690949494
3010.719723275 60.120772741914045 -40.08671976799166 -1.0047211130032196 0.5162041187897571 0.4207774564081686 -0.6319903528349814 0.39631784447167867
3010.769723275 60.1079531221186 -40.024474982034846 -1.0059081406208465 0.5149807474700343 0.4206401500332199 -0.6262018246735064 0.40709700157432543
3010.819723275 60.096108513024014 -39.96348423929541 -1.003274973100148 0.5121812722789855 0.42377137244568647 -0.6237692515734324 0.41109620408573355
3010.869723275 60.082879103453834 -39.904599965424396 -0.9988593397977366 0.5054845815972344 0.429162956749404 -0.6222648926908992 0.4160419421716538
3010.919723275 60.0678911612911 -39.84759470887261 -0.994487001638449 0.4991546490933683 0.43322516990673743 -0.6202955155606211 0.4223672120597644
3010.969723275 60.05137239580754 -39.79160485454127 -0.9899298469838368 0.5001551545234458 0.4364356110188126 -0.6127869459182876 0.4287900858816601
3011.019723275 60.03589391450607 -39.735665661389824 -0.9888835608944119 0.4986195862403474 0.4395320288988623 -0.6111659310877625 0.42972817974526967
3011.069723275 60.02035933880236 -39.6791702057063 -0.9914765477226625 0.49485509326107036 0.44358733827166463 -0.6127586647844424 0.4276394845313332
3011.119723275 60.00389038242006 -39.62215907854612 -0.9967324638108664 0.491711896689769 0.44515105228497065 -0.6152405634268377 0.4260739377356475
3011.169723275 59.98616641763241 -39.564175731639104 -1.0024581060218267 0.494390937830288 0.4470281396456078 -0.6129756764525371 0.4242690927157313
3011.219723275 59.96844751533764 -39.50485525399491 -1.0107692449260737 0.49126211185197605 0.442977848293236 -0.6185809398529023 0.4240162546777322
3011.269723275 59.94917330573958 -39.446318740272794 -1.0139330887802562 0.49719048315866554 0.44485742041530485 -0.6135893611888062 0.4223879671508245
3011.319723275 59.92954559207475 -39.38676110809245 -1.0179473344432721 0.49394820277873863 0.44185912946117645 -0.6159489149085751 0.4258903813264797
3011.369723275 59.91079930413623 -39.32829960974991 -1.016149123877806 0.4972712646186747 0.44109707273975507 -0.6162137773947868 0.4224159589241525
3011.419723275 59.89059454347876 -39.26903046816825 -1.0148561837102927 0.49003902308326136 0.44609916329712684 -0.6193530582123168 0.4210214740892167
3011.469723275 59.870570863357614 -39.210516933407156 -1.0138929662797704 0.4879302885785825 0.43357801907592813 -0.621072002103715 0.43382450722002586
3011.519723275 59.8517038460407 -39.15414505912926 -1.0087682633552872 0.4879014243551566 0.4341359472222965 -0.61965041343953 0.4353292369756808
3011.569723275 59.833627094976485 -39.097565627129065 -1.0059079916558862 0.48442092959005356 0.4341869988026094 -0.6213316914489555 0.4367664619073577
3011.619723275 59.81752893716776 -39.041476906316575 -1.0030473191321398 0.4902326528936996 0.4314623370056276 -0.6203413991138585 0.43438317914936375
3011.669723275 59.80069090409348 -38.984846693136504 -1.0020529517457362 0.4875302109329476 0.43842344608473904 -0.6224497568934766 0.42738211882823274
3011.719723275 59.782242731047596 -38.92777108530186 -1.0022364548345915 0.49078374477847114 0.44400994596837956 -0.6182027628622246 0.42404224757904635
3011.769723275 59.763334491702885 -38.870395721449995 -1.004533274314984 0.49351894594312024 0.4484768232971063 -0.6142462732146415 0.4219112522823389
3011.819723275 59.74373074419719 -38.813092654637416 -1.0090373367249859 0.49056660594147194 0.4507367236366963 -0.6134754313409245 0.42406214903170475
3011.869723275 59.72370334431548 -38.75652461125178 -1.010597785418915 0.49219356183034674 0.45237308453057556 -0.6095621725802952 0.42607281988439455
3011.919723275 59.70181751486756 -38.6992648497401 -1.0099779902090515 0.4879953718272777 0.4566157241908114 -0.608304424508755 0.42816857033174477
3011.969723275 59.67794024653294 -38.640941492232166 -1.0055909819302815 0.48888662806970845 0.465713799308209 -0.6005683596262366 0.4282734727302117
3012.019723275 59.651778504075075 -38.58070822642369 -1.0062386219661017 0.476798125599746 0.4639181224900979 -0.6019455492572772 0.44170700558083326
3012.069723275 59.62370665160594 -38.52332446301524 -1.002042716240842 0.4777621101922174 0.46293897968097797 -0.5917846433783414 0.4552162156801799
3012.119723275 59.595011253346016 -38.46660950777733 -0.9992955962829634 0.47253528772648795 0.46779290661766604 -0.5862868942582065 0.46276114356383397
3012.169723275 59.566321141093994 -38.4098762852377 -0.9989080795017664 0.4709537821848144 0.46958902166920236 -0.5814001437149228 0.4686817242669561
3012.219723275 59.53747601255302 -38.353411267801214 -0.9991200235291875 0.4707616842322494 0.4757372293501619 -0.5758914940530602 0.4694747196030705
3012.269723275 59.50811680651794 -38.297014768440846 -1.0010830556275374 0.46709215401546816 0.4840744848750195 -0.573540076171395 0.4674918114528694
3012.319723275 59.47814666618698 -38.24030892241346 -1.0041696492797967 0.4673346564397587 0.4894539043771626 -0.5698512192005664 0.4661574651938037
3012.369723275 59.448494960716 -38.18256282582958 -1.0082372098847736 0.4675545722976073 0.49397553108643916 -0.5689518188651473 0.4622496343119294
3012.419723275 59.41914320134349 -38.12461371254094 -1.0111220850502776 0.47086153128607217 0.4950990600962261 -0.5685861794920649 0.4581223586962178
3012.469723275 59.388872301450796 -38.065932244241864 -1.0124521997163303 0.4718975626819595 0.4948161402293407 -0.5702050676965968 0.45534147458416635
3012.519723275 59.35789102742297 -38.00780023453319 -1.009242223068729 0.4746288393309485 0.4934105937743779 -0.5696618286745799 0.45470743536663866
3012.569723275 59.32779091016257 -37.95016927378391 -1.0040002151000162 0.4699203112148298 0.5000682907822428 -0.5713998953485966 0.45012083406291786
3012.619723275 59.298578763032545 -37.89244133796169 -1.001817704520437 0.46558342709372036 0.4848949212215139 -0.5767123813954107 0.4642325030999906
3012.669723275 59.27203310202266 -37.837900504556494 -0.9931176641181495 0.4711848167241494 0.4822978264628184 -0.5738359018460049 0.4648505489191697
3012.719723275 59.24688968760068 -37.78277992811497 -0.9879260381258632 0.46413568914198655 0.48697841652338675 -0.5805075876413655 0.45873851440212726
3012.769723275 59.2215404812266 -37.727096321358424 -0.9863439992902074 0.46556278716444705 0.4864841951913529 -0.5838930240627069 0.45349019337533736
3012.819723275 59.1940180430682 -37.670624602078185 -0.9885149430465657 0.4653639111660232 0.488803462030705 -0.5850590812570148 0.44968152856188875
3012.869723275 59.16432324628406 -37.61331232687063 -0.9945027103141015 0.46295530381651273 0.49073833028909375 -0.585193106481756 0.4498858810625923
3012.919723275 59.13385012944906 -37.556073754923304 -1.0006502821622378 0.4652593582619743 0.4915586110805557 -0.5804609619144485 0.45273494797239155
3012.969723275 59.10423000178416 -37.49906538296724 -1.0072282791692848 0.4607984082971765 0.49546287711593645 -0.5803302978321394 0.4532086823184739
3013.019723275 59.07512277923736 -37.44234260168748 -1.0117025348396096 0.4601083405283682 0.49688066311653595 -0.5796490078512387 0.4532294664893022
3013.069723275 59.043996578646656 -37.38499266864693 -1.0148856913763364 0.457282106596362 0.4948675298526317 -0.578179732652028 0.4601167239242424
3013.119723275 59.01250813489079 -37.32802681841066 -1.013511648447886 0.4570653753667603 0.4922425903061991 -0.5752275378418255 0.46679948011744526
3013.169723275 58.97966554432932 -37.27298018169826 -1.0079797078044557 0.4521630422188259 0.4924988137047474 -0.5729622223074323 0.47403353632349843
3013.219723275 58.94667955456953 -37.220493787761164 -0.9988898505394868 0.4539809754901789 0.49445968421604064 -0.5664763711032684 0.47803286033454967
3013.269723275 58.911774413809965 -37.16781183104619 -0.9933827969516165 0.446281320750067 0.4990036154864608 -0.5664830369620226 0.48054692103404406
3013.319723275 58.87461998965439 -37.11528949014869 -0.9895138577022038 0.4450025307066986 0.5025232598293925 -0.5615839542690093 0.4838042820218294
3013.369723275 58.83601508576126 -37.063228816338885 -0.9879705687704562 0.44257439954286937 0.5089885493077774 -0.5563338546809727 0.48533617182180344
3013.419723275 58.79640851059349 -37.01122733436052 -0.9890678647780999 0.440517786134104 0.5139426887367581 -0.5507129344420233 0.48838740425178384
3013.469723275 58.75723098142541 -36.95897119940753 -0.9905642317483895 0.4423810087349651 0.5206696167852198 -0.544191881106638 0.4868853969929537
3013.519723275 58.71902177762968 -36.90508470989923 -0.9955490596014834 0.4385247382878939 0.5238087182056498 -0.5471631701261059 0.48366615128499374
3013.569723275 58.68019110517344 -36.851545626296236 -0.9994572733783702 0.44266549316772147 0.5207562710935992 -0.5467309050878132 0.4836791133562915
3013.619723275 58.63920850130748 -36.79893705561218 -1.0000253188574413 0.44527118916406766 0.520262423447787 -0.5439075897480166 0.4850001161475699
3013.669723275 58.597559288362795 -36.74670549553307 -0.9965576910681629 0.44543881498364624 0.5211572571371388 -0.5409559835303874 0.4871816902572697
3013.719723275 58.55734976097436 -36.6947725115874 -0.9914987194958298 0.4456600623286563 0.5171215407699621 -0.5380041363727118 0.4944936502754828
3013.769723275 58.52030854485611 -36.64348713518586 -0.9848853102849113 0.4448062154086132 0.5138621476299275 -0.5368397220154619 0.4998962260643568
3013.819723275 58.487481307106414 -36.59224141387026 -0.9789972106913171 0.442625440640036 0.5108113182736507 -0.5433623196610314 0.4979075275533926
3013.869723275 58.454989071631516 -36.54113441825317 -0.9751913941294408 0.43824495337898167 0.5123659363658959 -0.5507198510049095 0.492067224877743
3013.919723275 58.42168105190598 -36.49036405505576 -0.9741717582464644 0.437740510970379 0.5121451319531963 -0.5555362264856115 0.48730904971502625
3013.969723275 58.38630254759602 -36.439987603102715 -0.974987195713048 0.43810369609649524 0.5153548909447477 -0.5556108056645239 0.4834988319269611
3014.019723275 58.3494205905638 -36.38924314283172 -0.977962516619564 0.4392611646386044 0.5163107775735467 -0.5530861311738368 0.48432276604026564
3014.069723275 58.31301043954494 -36.33872020894143 -0.9810700049049874 0.438737379529664 0.5195170187339249 -0.5512981535370116 0.4834065834842757
3014.119723275 58.276990251769014 -36.28866782261721 -0.9834363689632335 0.43744975355989923 0.5203691792822897 -0.550645502961816 0.48439979400427946
3014.169723275 58.23997066862764 -36.23906696131825 -0.98302848586102 0.4343817878019195 0.5235276671775482 -0.5515408868797758 0.4827358431124762
3014.219723275 58.19958042754687 -36.19043032509032 -0.9791854050828942 0.43349225326841584 0.5297042005552924 -0.545059787164119 0.4841567459893083
3014.269723275 58.1578581681641 -36.14086677140949 -0.9770947474260743 0.4277545863306061 0.532793294162481 -0.5422146226951328 0.4890405121298225
3014.319723275 58.114273159734246 -36.092403194954684 -0.9769369771271275 0.4232073935412242 0.5235870673144304 -0.5369162515509293 0.5084024230996711
3014.369723275 58.072589061734355 -36.046746844108284 -0.9719668519759558 0.4245631784645414 0.5229719610908956 -0.5276237432229092 0.5175515636072161
3014.419723275 58.03282501130394 -36.00074541980107 -0.9687468291236954 0.4168496477745572 0.5253477940539883 -0.5305500246756575 0.5184233190641554
3014.469723275 57.99182253146675 -35.95527287016342 -0.965846242703257 0.4144111236022324 0.532271334861969 -0.5293570095075096 0.5145209453503905
3014.519723275 57.948242519379924 -35.9094786637301 -0.9664359981540918 0.41171850943871136 0.5386996140374989 -0.5259909628770986 0.5134433773971947
3014.569723275 57.904625895629806 -35.8630716105771 -0.9700631704240853 0.4105136177242087 0.541221862267771 -0.5253538798040953 0.5124068368407787
3014.619723275 57.86093883306288 -35.81617441173671 -0.9739520247264195 0.40831292125643137 0.546053259804056 -0.5257055681009054 0.5086649697591804
3014.669723275 57.81875733358845 -35.76888682056051 -0.9778649594219564 0.408779667505264 0.5477410358359968 -0.5296936983730633 0.5022982450690641
3014.719723275 57.77612005805928 -35.722129023049916 -0.9814936492220177 0.40515376355620614 0.5520685046783396 -0.5351811698133025 0.4946229973381031
3014.769723275 57.73153222431741 -35.67519284824374 -0.9836275349232696 0.40463632881238376 0.5497137060842262 -0.5361206336165559 0.4966477111182172
3014.819723275 57.68719069598395 -35.62880713236567 -0.9811841250885263 0.41188712513109493 0.5455083417799678 -0.5323593162823974 0.49936279754007495
3014.869723275 57.64217889098524 -35.5834047298489 -0.9773230339999397 0.4096665121004721 0.5468547782730517 -0.5269907446702786 0.5053750640615646
3014.919723275 57.60054399934277 -35.538272140555684 -0.9725936955945718 0.4171805003238671 0.5387284965593921 -0.5199198027925994 0.5151848559580237
3014.969723275 57.56157905439837 -35.49198044875282 -0.9699116347994905 0.41434916241806774 0.5343717033554218 -0.5234313383373949 0.5184412100738081
3015.019723275 57.52395640617427 -35.44467843254593 -0.9690288205978762 0.4120378363124957 0.531180658187279 -0.5294039254994997 0.5174972593940632
3015.069723275 57.48683711704078 -35.397318024575675 -0.9687075677713256 0.41535799755735486 0.5290905999185311 -0.5322050901886881 0.5140998083254298
3015.119723275 57.449108460514566 -35.349155713098064 -0.9711379295175753 0.412093742214381 0.5314935004740817 -0.5377148375516537 0.5084841787689697
3015.169723275 57.409629031313955 -35.30061692393567 -0.9750414083408399 0.41237277534674366 0.533023578458448 -0.5393084647180896 0.5049563732082127
3015.219723275 57.36856297889432 -35.25241288435452 -0.9798990929319986 0.4114367290957924 0.538196688520077 -0.5380777902262084 0.5015340806787307
3015.269723275 57.32612190010221 -35.20443530756921 -0.9873247633472411 0.4067023283546891 0.5370879292965203 -0.5373499509405545 0.5073310581257905
3015.319723275 57.28324623605672 -35.15721204462425 -0.991192820721174 0.40646559382283026 0.537242511004539 -0.5316012270321945 0.5133773863598368
3015.369723275 57.23998514160467 -35.10942212411649 -0.9923240989912595 0.40166306629954496 0.5393365038987389 -0.5286477966479962 0.5179907565124613
3015.419723275 57.196946972440074 -35.06168047808616 -0.9912629401440761 0.3970102064031786 0.5404025516263654 -0.527655964452682 0.5214663569061088
3015.469723275 57.153139874594345 -35.01649180319995 -0.9882785377990639 0.39506347504130435 0.5375986648762338 -0.5217316252961156 0.5317035239468073
3015.519723275 57.110480692769464 -34.97410886493292 -0.9829741734195798 0.39584142232088265 0.5381988092237271 -0.5135693430236309 0.5384218978008034
3015.569723275 57.06798539612554 -34.93184437575314 -0.981410656146699 0.3895826749308399 0.5351027119644276 -0.5127093678367838 0.5468267835196554
3015.619723275 57.02683478503037 -34.88994627238692 -0.9789745569979638 0.3908232032150514 0.5384765946838257 -0.5089712550943615 0.5461212706845505
3015.669723275 56.98529914914687 -34.847234250526824 -0.9818330427179198 0.38470887831808603 0.5397907460126905 -0.5132215310467487 0.5451868391041135
3015.719723275 56.94266457741366 -34.80503509475502 -0.9858873840890199 0.3855742853876871 0.5403526951890462 -0.5120459199591115 0.5451242162140069
3015.769723275 56.89946602553327 -34.76301545379642 -0.9900092859136363 0.38965093124140215 0.5429835384751021 -0.5084130181735191 0.5430075797624362
3015.819723275 56.85607700104363 -34.71859512362621 -0.9977597687527724 0.3851355604997884 0.5423099389846168 -0.513345541244513 0.542260901597555
3015.869723275 56.812896188202785 -34.6741989153004 -1.0029263318737458 0.3925677966732909 0.5371958012821122 -0.5150078946562442 0.5404424710750352
3015.919723275 56.765467954527765 -34.62911211505091 -1.0102930051711754 0.38193942177735984 0.5318400989751091 -0.521610089375384 0.5469838223168269
3015.969723275 56.71733855615468 -34.58658828350791 -1.0066717371254734 0.39042079685832515 0.5348431720837584 -0.5115252116959147 0.5475913991794823
3016.019723275 56.66994509790153 -34.543299466686875 -1.0005879526311658 0.38627808156116206 0.5468501249379516 -0.507608508276935 0.5422893940375747
3016.069723275 56.62449628146383 -34.49861141127885 -0.9974464083201305 0.3803335727788693 0.5409128127295897 -0.5072462416869605 0.5526852202987501
3016.119723275 56.58498359858168 -34.45367760945268 -0.9903632351767392 0.3886281483886356 0.5365788206648685 -0.5052679406444048 0.5529517516482625
3016.169723275 56.547232899532865 -34.40679811493762 -0.9880477195515392 0.3818817706190334 0.5344336827790281 -0.5150259222370905 0.5507224812952088
3016.219723275 56.5103094813409 -34.35927121073409 -0.9877746443882428 0.38572527734605006 0.530206743900878 -0.519910003296909 0.5475311932759171
3016.269723275 56.47256969059449 -34.31153073026256 -0.9903023865678275 0.3893678021288689 0.5269190489073282 -0.5238245574836462 0.544386685675718
3016.319723275 56.432921738409405 -34.26410847418163 -0.9945271370362624 0.38841922137254403 0.5286762410027432 -0.5261001752256521 0.5411566744438198
3016.369723275 56.39253077709811 -34.217076517019635 -0.9992981099480318 0.3899023846260089 0.5305807645429788 -0.5248069010994344 0.5394792853468505
3016.419723275 56.35202806379079 -34.17052445362287 -1.0052009440943854 0.38816374165721546 0.5325210846308929 -0.5250519794256368 0.5385820485194699
3016.469723275 56.31093071904978 -34.12507023558066 -1.0096367849509045 0.3906299741987487 0.532659381366997 -0.5215938854143102 0.5400203935015943
3016.519723275 56.26828812269392 -34.08023605318871 -1.0137194711900857 0.38939188122794777 0.5283021248432426 -0.5189527046527633 0.5476850537064678
3016.569723275 56.22492840820174 -34.036071091638405 -1.0135249672819884 0.3876988837159135 0.5267573376160453 -0.516322196514778 0.5528360265207447
3016.619723275 56.180255404163134 -33.99359777492958 -1.010368022372775 0.3841507575052362 0.524687017799468 -0.5131824555662409 0.5601566710839543
3016.669723275 56.13552817505323 -33.95403379457627 -1.003940341872749 0.3848844948312199 0.5234384615880165 -0.5044010780326831 0.5687316195257255
3016.719723275 56.092000736122024 -33.915609405543755 -0.998033760139113 0.38342530228156946 0.525639984151251 -0.5003675633113638 0.5712442089138482
3016.769723275 56.04816421057268 -33.87649851248322 -0.9954051048694592 0.3811370032074129 0.529529268122761 -0.49850136341580176 0.5708149697231426
3016.819723275 56.00391230662693 -33.83645871041235 -0.996298001462264 0.37930050653548447 0.5321194523950029 -0.49895486709814973 0.5692311083591924
3016.869723275 55.95815813832011 -33.797043260038485 -0.9981516586411714 0.37985596776853103 0.5377146519294854 -0.49663186372426094 0.5656228326232527
3016.919723275 55.91085223156456 -33.75838434675838 -1.0013088444173806 0.38341816817912655 0.5399513623564249 -0.49160150799863567 0.5654829722750908
3016.969723275 55.86386663374415 -33.719488949838535 -1.0039394364214735 0.38906730454800226 0.5439451756484833 -0.487987100284521 0.56090896621145
3017.019723275 55.816473739047694 -33.67978169157533 -1.0082368071437304 0.38836298717970885 0.5445619329340207 -0.4910097302947387 0.558154043382205
3017.069723275 55.7683896208892 -33.64056675100124 -1.0086651633704158 0.39144923899627065 0.5463245496246399 -0.49124879637004354 0.5540501780810636
3017.119723275 55.71867035711275 -33.600798112187505 -1.0072660084295346 0.3954726618696817 0.5405837385036775 -0.4903297077660409 0.557626553403947
3017.169723275 55.6693680961934 -33.561390297239896 -0.999574655810179 0.3946311859055476 0.5442796567589114 -0.4919843636136318 0.5531521204052938
3017.219723275 55.61945919055269 -33.521770250293955 -0.9924049051290142 0.387761252928768 0.5455437744478747 -0.4913283026925343 0.5573326653458883
3017.269723275 55.573873396503146 -33.48210573333746 -0.9832757917742689 0.3933014255604018 0.5389589762221823 -0.4881910662833502 0.5625892759401113
3017.319723275 55.53174255067242 -33.44171718731738 -0.9739477271851712 0.388431465110677 0.5434710774164563 -0.4947872359284223 0.5558289090053531
3017.369723275 55.49052676036049 -33.40032363543934 -0.9687154928785217 0.38729062005492537 0.5429184486274675 -0.5010370834309886 0.5515499748747923
3017.419723275 55.44947000243828 -33.35899027399521 -0.9668390174138086 0.3901934534010918 0.5408420640289675 -0.5046476941621962 0.5482423145622698
3017.469723275 55.40669408901776 -33.31695522649662 -0.9682546340124595 0.3875072413526476 0.5440622506998675 -0.5067882039861553 0.5449771752680496
3017.519723275 55.36337799945201 -33.273757508067675 -0.9732879529797107 0.38672461971830774 0.543070992753183 -0.5081261024555365 0.5452759203716482
3017.569723275 55.3199625718445 -33.23007323360765 -0.9795779713976384 0.38441010689125954 0.542461492105531 -0.5088261727369026 0.5468640829679775
3017.619723275 55.27749633347401 -33.18713453417235 -0.9844456107044057 0.3824859044931243 0.5440962843097422 -0.5096201279792041 0.5458489639294632
3017.669723275 55.23375426514984 -33.14426574310571 -0.99017905076737 0.3767299166644879 0.5426692347987406 -0.5117162282979558 0.5493006218724241
3017.719723275 55.18784367698343 -33.10261210299631 -0.991704012846248 0.37832227073947006 0.5403936487977691 -0.5043458470561177 0.5572093236466992
3017.769723275 55.14340240689025 -33.06012971242583 -0.991347714244848 0.3746981242721312 0.5399293598500466 -0.5036257304356216 0.5607483621750956
3017.819723275 55.0996896086616 -33.01932233114393 -0.9897615439358489 0.37548382080869364 0.5310630336576474 -0.5003815681227631 0.5714912430442359
3017.869723275 55.05702652732509 -32.981545071741635 -0.9829623503692506 0.37722436855756636 0.5315739484953299 -0.4940940107248477 0.5753277514715102
3017.919723275 55.01553240341293 -32.94359013049213 -0.9775484381595879 0.3738482622938342 0.5348166494183307 -0.4945006816319266 0.5741756735968452
3017.969723275 54.97463788016656 -32.90478101902121 -0.9753659159835815 0.3746652962588076 0.5353313645910424 -0.4964118189021682 0.5715081381035912
3018.019723275 54.93246503248771 -32.865619932765725 -0.97702888367083 0.37346785468238813 0.5359267176325822 -0.49952310776080494 0.5690175565476767
3018.069723275 54.88899212491746 -32.826380281050355 -0.9808910864874328 0.3723824752499981 0.5386147326122742 -0.5030040652474737 0.5641031574847
3018.119723275 54.84364838369056 -32.78668681614378 -0.9869040469502341 0.37437858011424824 0.5386237263448901 -0.5046923756472922 0.5612581991681522
3018.169723275 54.79753416583413 -32.74673258800339 -0.9928900173042413 0.37428107041725145 0.541374883984507 -0.5080471161925779 0.5556213126280195
3018.219723275 54.750434544185126 -32.70789846766438 -0.9968512097076808 0.3780586119907976 0.5417905222964362 -0.5066231575473377 0.5539563990840002
3018.269723275 54.70290601687309 -32.66927887489713 -0.9990073798419437 0.3795901700492556 0.5420280459963794 -0.5071872931271378 0.5521575407849565
3018.319723275 54.65362734221897 -32.63115340166943 -0.998290302029423 0.37966708575632196 0.538576427712565 -0.5072001225727596 0.555460503697474
3018.369723275 54.604901237229974 -32.593631903335805 -0.9909833729824125 0.38237569075153144 0.5437476178255852 -0.5037849294473057 0.5516594095028776
3018.419723275 54.55724678103056 -32.554435003350605 -0.9862906407037036 0.379104722853563 0.5401073139009194 -0.5038176690994736 0.5574329151422891
3018.469723275 54.51436580720033 -32.51441427382316 -0.9795315834246107 0.3853916109360018 0.5324339075702615 -0.5043544070238726 0.5600125645065597
3018.519723275 54.47299935743995 -32.473408163264295 -0.9745406335166539 0.37957849580856406 0.5333110457991849 -0.5117173970253588 0.5564573654197407
3018.569723275 54.432457922013924 -32.43183546613388 -0.9716439472930715 0.3854127930845999 0.5296037831569598 -0.5132329445209387 0.5545888174593232
3018.619723275 54.39154234652442 -32.38960861620909 -0.9714192087633078 0.3854632709206392 0.5300335160393582 -0.5165416726881829 0.551060104727798
3018.669723275 54.35001435710155 -32.346607023630845 -0.9724622212432225 0.3873968006128693 0.5332570630544557 -0.5173392359610883 0.5458211598249434
3018.719723275 54.30731648892118 -32.302344375292066 -0.9763359125372627 0.38569726606783616 0.5368730275344429 -0.5193891748211189 0.5415162567572975
3018.769723275 54.263379400068395 -32.25780373950697 -0.980975059816273 0.38366978585470357 0.5414830703511044 -0.5191736806087678 0.5385650093614439
3018.819723275 54.21890041806033 -32.21315527390544 -0.9866363343947652 0.3820244521219235 0.5415311192520633 -0.5178542294974787 0.5409513488791062
3018.869723275 54.17308779460716 -32.16845918949847 -0.9912319272771486 0.3822663130918384 0.5374214479615333 -0.5144205910630179 0.5481077527607839
3018.919723275 54.12626484949651 -32.12408668421473 -0.9911356473570074 0.38833320334172217 0.5322247400327962 -0.5045434926145966 0.558005388271156
3018.969723275 54.08217328342864 -32.079212304144086 -0.9863542575792151 0.38906373315835396 0.5354189871935596 -0.5041945745874009 0.5547465643427979
3019.019723275 54.036415539992504 -32.03558676030782 -0.981114422064387 0.38696640279539446 0.5343223623286728 -0.5052639845429349 0.556295714658037
3019.069723275 53.98809221181885 -31.995260570381838 -0.9730910970815267 0.38959912550708603 0.5358010976605853 -0.4970735651154202 0.5603994789552109
3019.119723275 53.939385634370744 -31.955557437015308 -0.9664624428283588 0.390337786612377 0.5395983369706029 -0.49008784281972506 0.562391281405943
3019.169723275 53.891874275847556 -31.915164068134974 -0.9636832927093754 0.3906680630450756 0.5411166996009777 -0.4876965584843722 0.5627817061455122
3019.219723275 53.84508690236566 -31.874658835611584 -0.9633587578163391 0.3904469005889723 0.5454583877090623 -0.48744575578762805 0.5589481194734656
3019.269723275 53.797807476147604 -31.834348545269012 -0.9657221626812372 0.3910900676463372 0.5492197582538509 -0.4876038589458352 0.5546608809652028
3019.319723275 53.74938579768025 -31.794142103824072 -0.9701503460339461 0.3951495155753767 0.5491208980477845 -0.4862616053640877 0.5530576378791634
3019.369723275 53.700593344767945 -31.754015607888633 -0.9740788808645964 0.3974441498148247 0.551008621778019 -0.4872464087382851 0.5486516050062219
3019.419723275 53.650990566616514 -31.714383653470428 -0.9777995318042262 0.3923062553008556 0.5529530498639851 -0.49401348926381944 0.5443247184570285
3019.469723275 53.59938914061695 -31.67655808853533 -0.9799539942297968 0.3932083153628562 0.546566995473831 -0.49260523251946225 0.5513545366482989
3019.519723275 53.54976095036794 -31.640734962149466 -0.9743451530944298 0.3945168983159819 0.5476266798265925 -0.4915845339613093 0.5502781864250867
3019.569723275 53.499327173312885 -31.604383364975117 -0.967747755248161 0.3839806876802718 0.5573644590327577 -0.4935142676428835 0.5462118260607467
3019.619723275 53.449459645410265 -31.566882639482504 -0.9636411488528781 0.39223262310532137 0.5439490158841224 -0.4866041983652773 0.559901233811732
3019.669723275 53.4029191478278 -31.528923732484415 -0.958660425981432 0.3946346875171243 0.5387665773863026 -0.48527440158329826 0.564360517459968
3019.719723275 53.35829495157404 -31.489582550514992 -0.9557689218707488 0.3917623471667774 0.5372455920294159 -0.4893373089293084 0.5643034957158801
3019.769723275 53.314197404287604 -31.449108147628696 -0.9550247657442414 0.39545835114542677 0.5332728699479322 -0.4916422548540371 0.5634896910582077
3019.819723275 53.26859438790247 -31.407984601193522 -0.9557441988239862 0.3986074615938499 0.5338800696388656 -0.49114387922718766 0.5611255231245299
3019.869723275 53.221260816110004 -31.36580647380286 -0.9590370114855504 0.3989976909430291 0.534143508172149 -0.4902320184565562 0.5613948017034815
3019.919723275 53.17411818878714 -31.322901270222584 -0.9618320523299071 0.3997236519380828 0.5371279934726636 -0.4894258136733487 0.5587279245030567
3019.969723275 53.12745215715645 -31.27970799127105 -0.9640960355745758 0.397904807383079 0.5427992571401863 -0.4909675503450702 0.5531650704967348
3020.019723275 53.07974954132834 -31.237097265171688 -0.9653806883591933 0.39567401452798145 0.5464121189320107 -0.4919425626740861 0.5503347940492168
3020.069723275 53.02906537333391 -31.196201227940524 -0.963718578533211 0.39085603746315867 0.552378005923772 -0.4902682410264804 0.5493151630813372
3020.119723275 52.97600961227724 -31.15631659935011 -0.9602080448073755 0.385762245696219 0.5584512311625827 -0.4822150680311929 0.5538847717459633
3020.169723275 52.92559728765379 -31.11580444380194 -0.9587915991689602 0.38031052464997894 0.5567576273155821 -0.48102327220722835 0.5603583325528692
3020.219723275 52.8761322784055 -31.076699169197248 -0.9578165161014233 0.3785744037073257 0.5476092428146091 -0.4773493131152201 0.573535675708217
3020.269723275 52.829309037118065 -31.039396880079686 -0.9522070870657653 0.38295988015091637 0.545392272937852 -0.4711212903020107 0.5778699928518939
3020.319723275 52.78388898419985 -31.001596291303407 -0.9479011422125038 0.37924263209215436 0.5485545188481201 -0.4744554703940004 0.5745911350415442
3020.369723275 52.73663447554871 -30.963551399991402 -0.9468113143904768 0.3801864113175225 0.5513307002438221 -0.4738443279630162 0.5718079262090006
3020.419723275 52.68753653062631 -30.92494468071346 -0.9500926208220002 0.381242629240511 0.5510724845943937 -0.47357405347416925 0.5715774577857221
3020.469723275 52.63698570171919 -30.886513068157253 -0.9543872287176105 0.3825868656038344 0.5530998503275014 -0.47233633118625057 0.5697422540734025
3020.519723275 52.586096903245746 -30.847338087919564 -0.9583336225997274 0.387453600291102 0.5560150359264872 -0.47077858280528573 0.5648845133449641
3020.569723275 52.53455007686551 -30.807795034077564 -0.9624879118816996 0.38713882325517096 0.5565615923679874 -0.47463994945617133 0.5613195558767348
3020.619723275 52.48067248517059 -30.769887190503553 -0.9615476849645164 0.3913870049390875 0.561935606539077 -0.4683363916349568 0.558306018898882
3020.669723275 52.42759044266963 -30.730599925998007 -0.9594482111051506 0.3921106537901467 0.560725825220783 -0.4683371697976807 0.5590134877627143
3020.719723275 52.375665332831524 -30.69156069753397 -0.9533096389400733 0.38922869412505 0.5630992982975845 -0.4712161337229428 0.5562153892564263
3020.769723275 52.32419997698607 -30.65222733452186 -0.9472611652044691 0.3878230396437903 0.5572741701007173 -0.4701100842998761 0.5639461835136145
3020.819723275 52.2783192500837 -30.61245493232705 -0.9380270952356651 0.3930118586120507 0.550874461343987 -0.4719300063927213 0.5651204083161746
3020.869723275 52.234816933181726 -30.572353844218565 -0.9285933913199347 0.39085066397454304 0.5533076190459226 -0.4785929728411554 0.5586011130703701
3020.919723275 52.191275671359314 -30.531476089422124 -0.9226798748309927 0.39257124643250335 0.5539032302001907 -0.4833588695521962 0.5526691879175537
3020.969723275 52.1461001143777 -30.490003888421562 -0.9210583228985632 0.3966647517049555 0.5528297463183908 -0.4837615718082809 0.5504644293521348
3021.019723275 52.0993200942233 -30.4476089639497 -0.9233438648173984 0.3973261138489147 0.5535361616885299 -0.48313594617944466 0.5498266403750749
3021.069723275 52.05258057848686 -30.404536263885188 -0.9277350272060733 0.4008809264172469 0.5521996904593125 -0.48120055523630345 0.5502872071307517
3021.119723275 52.00654692920652 -30.36137465131008 -0.9318992447792906 0.40353088770656836 0.5553696793617064 -0.47950272919128545 0.546630107669284
3021.169723275 51.96092237355345 -30.31841366134873 -0.9367925365000478 0.3992096141053434 0.5567662178940583 -0.48237813931698953 0.5458519884793751
3021.219723275 51.91519693124188 -30.27691932521755 -0.9376262403640783 0.39739350463642686 0.5626930135437772 -0.48300677017707994 0.5405177471137339
3021.269723275 51.865697916225685 -30.235778760067635 -0.9374390993486565 0.39572647117733567 0.5651975587459821 -0.4773227259263442 0.544164768164349
3021.319723275 51.81517796740905 -30.195218309489295 -0.9372238539973284 0.39273162365892206 0.5607320356620913 -0.471978015728351 0.5554981625798618
3021.369723275 51.76628942159982 -30.156958723604856 -0.9345330603099045 0.38843101016178494 0.5591270813692159 -0.46814383405239124 0.5633290404931784
3021.419723275 51.718358917669086 -30.119696702264868 -0.9330676711084829 0.3856677030617588 0.5543999169830155 -0.46470589582845484 0.572668826850708
3021.469723275 51.67232247711253 -30.082104893022137 -0.9323630343646667 0.3824333235334869 0.5540397979583598 -0.46575300830828853 0.5743333444796418
3021.519723275 51.62665540512607 -30.043684687302573 -0.9340669795866553 0.37999191407698 0.5539913065833983 -0.46925965216938825 0.573144969717084
3021.569723275 51.58053349856429 -30.00507370077586 -0.9375018334103784 0.38123979458765095 0.5546101989408218 -0.47228428175577675 0.5692199078212374
3021.619723275 51.532188441872506 -29.96647052123858 -0.9433881765664968 0.3809041062095865 0.5551478486116748 -0.4738653608867363 0.5676042175725866
3021.669723275 51.483251316161 -29.927467977676567 -0.9496217608697309 0.38512665103186083 0.5550111600542306 -0.47402114970446213 0.5647512943881585
3021.719723275 51.434144887216824 -29.88822909417916 -0.9559328214723717 0.3862275614144605 0.5525074477566652 -0.47754974719615884 0.5634802835327424
3021.769723275 51.38426908063605 -29.85024560378885 -0.9584452423128975 0.3867304027340939 0.5537710559825106 -0.4791171798565595 0.5605568134662515
3021.819723275 51.33344517786955 -29.812513399196092 -0.9584631257618945 0.3897485110566311 0.5478318182649937 -0.47774466874848376 0.565452410471484
3021.869723275 51.28579028663115 -29.775031501983673 -0.9515938426728939 0.39149572691704276 0.5501482194853887 -0.48144613052151203 0.5588180882976286
3021.919723275 51.23834541320876 -29.73629753352901 -0.9459358494123437 0.3845290042712889 0.5482479412858515 -0.48869488194665267 0.5592306787982075
3021.969723275 51.19454857962296 -29.696947585556565 -0.9382411417021316 0.39359067278886234 0.5357935479766265 -0.4905557990025122 0.5633530547580586
3022.019723275 51.15331231744724 -29.65727077246847 -0.9295558488782611 0.3909414650383625 0.536735596940098 -0.4983969942020199 0.5573868549413481
3022.069723275 51.11244081469183 -29.616820674725474 -0.9239561103659877 0.38980298024076004 0.5375939140384852 -0.5053456540887569 0.551064597010015
3022.119723275 51.070291405548964 -29.575799526823165 -0.9220900525300508 0.3933921926946373 0.5366381508160076 -0.5066276121951854 0.5482613796147657
3022.169723275 51.026945453224045 -29.534211179028024 -0.9233012311269875 0.39389801279239 0.5387886147253635 -0.507645273251731 0.5448370955668359
3022.219723275 50.9812800546071 -29.492071886205633 -0.9265307213362988 0.39541855390203273 0.5404444908299685 -0.5045785391682256 0.5449444167733266
3022.269723275 50.9344933944206 -29.449893989275946 -0.9308539506944742 0.39518302735093025 0.5434613653564814 -0.5012655602422961 0.5451724106863811
3022.319723275 50.88803437359679 -29.40855710205807 -0.9347504813340001 0.3978587033563643 0.5443735751137468 -0.496501837792661 0.5466733832463225
3022.369723275 50.844125910406945 -29.367951919147476 -0.9366812279516074 0.40015086750686624 0.5472630446790282 -0.49734262469952006 0.541325001102974
3022.419723275 50.80050601334026 -29.3272622585912 -0.9380859236146458 0.4001008035230146 0.5451254393946372 -0.501751424571697 0.5394470412239873
3022.469723275 50.75584828093389 -29.28729616145999 -0.9363307796071172 0.39693823253401006 0.5442058612874551 -0.5049831185727957 0.5396962757418743
3022.519723275 50.70968176471692 -29.248666393487937 -0.9317798373711295 0.3920255509270037 0.5438734622774494 -0.5023215907619231 0.5460683509462259
3022.569723275 50.66546699330264 -29.21126004940009 -0.925429480842661 0.38978777526098257 0.5443276396516185 -0.49965271189118876 0.5496545082760375
3022.619723275 50.62144991069348 -29.174588425457554 -0.9201464457180412 0.3879181263973827 0.5466014709333924 -0.4963597767960898 0.5517003998228859
3022.669723275 50.57663890603622 -29.137478855359074 -0.9183286537589533 0.3862653398523116 0.5491410742438463 -0.4929166661029624 0.5534223776511333
3022.719723275 50.53177122287494 -29.099558345388747 -0.9206377057645996 0.3850304775302216 0.5495459609319826 -0.49254495736538584 0.5542113614588966
3022.769723275 50.48587242101918 -29.06146671833768 -0.925263464206315 0.383007150719724 0.5496119657796855 -0.49234122317439494 0.5557268479500419
3022.819723275 50.43996976428332 -29.023398400080954 -0.9294126279161208 0.38578867411866513 0.5514158528972265 -0.49048881410745304 0.5536500513238044
3022.869723275 50.394237955964336 -28.984498112829627 -0.9340066866127387 0.3874293671545461 0.5525859483255515 -0.4925588015975975 0.5494843784386574
3022.919723275 50.3481425180045 -28.94576055607235 -0.9372727043843291 0.3889062823558741 0.5520495098782964 -0.49568815950334566 0.5461561047131595
3022.969723275 50.300838854092824 -28.90781946388133 -0.9367302743484315 0.3916896819603481 0.5521641994710458 -0.49541290602484006 0.5442976597527529
3023.019723275 50.25424945980415 -28.869464464699895 -0.9323633381971502 0.39616098624026 0.5494621862188896 -0.49473067670373955 0.5444165100591297
3023.069723275 50.210941764650265 -28.830459046489736 -0.9247845664429583 0.39681019493418634 0.551546493264304 -0.5016370488881895 0.5354422528591576
3023.119723275 50.16676787157757 -28.79031646082542 -0.9198614011276356 0.3944378016732883 0.545307123914361 -0.5068067280413951 0.5387076216570237
3023.169723275 50.12519414334782 -28.750765088976014 -0.9128632483463694 0.40009329777886105 0.5360007743617653 -0.5085813151986572 0.5421932946715846
3023.219723275 50.0854055999529 -28.71157025409759 -0.9054192880853718 0.39949385222510275 0.537928792471395 -0.5132944108446195 0.5362519221972911
3023.269723275 50.04509933818104 -28.67178368831889 -0.9021651346401476 0.4035816738309213 0.5355933996850536 -0.5154563517817834 0.5334475533447055
3023.319723275 50.00403369923001 -28.63135765266962 -0.9033662673922729 0.4068345212586242 0.5334302570377664 -0.5172413093911495 0.5314125149525721
3023.369723275 49.96190633941245 -28.590316878397523 -0.9075585782614658 0.40809018277475717 0.5325881047814858 -0.5189876003207722 0.5295886933096449
3023.419723275 49.91803536977046 -28.549117602772167 -0.912705274301619 0.4102413846358677 0.5328590169886345 -0.5177752791252491 0.5288402733082291
3023.469723275 49.87294756099454 -28.507763920896426 -0.9180424994009743 0.4095589134633778 0.534279366472472 -0.5161081923832815 0.5295652827738362
3023.519723275 49.828377757606916 -28.46701177843244 -0.9219824740963303 0.4075663818922613 0.5355116826864552 -0.5156636099543226 0.530290414232097
3023.569723275 49.78350033444988 -28.427430744286294 -0.9239116988111442 0.4040021280450796 0.5387382936048015 -0.5158690283420465 0.5295493151126406
3023.619723275 49.73629029223597 -28.388101432912347 -0.9248965985640585 0.40123657977673655 0.5384222734534174 -0.513128079861814 0.5346122297101404
3023.669723275 49.6882225424803 -28.34870118110164 -0.9241489734270989 0.39809666454498704 0.5369441590152788 -0.509943191132323 0.5414498661882874
3023.719723275 49.64028115629131 -28.31093271137162 -0.9199931954351165 0.39427304985949624 0.5363216369705678 -0.5043330072335849 0.5500509809885176
3023.769723275 49.59442650771457 -28.27482598222856 -0.9135890070837961 0.3901379383019712 0.540320433108999 -0.5010561658744764 0.5520769306007635
3023.819723275 49.549175239130655 -28.23901692494494 -0.909864676749249 0.38511349619597324 0.5411481436390595 -0.5010264000346271 0.5548142285054125
3023.869723275 49.5044459885055 -28.203201100642872 -0.9076102333596138 0.38475387171632075 0.5437931753604731 -0.5001978915081079 0.5532228393346734
3023.919723275 49.45892356396251 -28.16643883742801 -0.9094649165486707 0.380018888088407 0.5461702335509507 -0.5033185338261388 0.5513203915928169
3023.969723275 49.41217031035164 -28.129615739146725 -0.9128814851824169 0.380232742574114 0.5472470064431681 -0.5036370591435014 0.5498122298301885
3024.019723275 49.36328982897681 -28.09284133437255 -0.9165745104763521 0.38138926084657127 0.5504156590094974 -0.5004008856844343 0.5488021388754607
3024.069723275 49.31421412969491 -28.05481022625126 -0.9207853469004261 0.38226696964395296 0.5521549745367992 -0.5005305605880028 0.546320424230099
3024.119723275 49.265130057694435 -28.016570182712304 -0.9229507601024024 0.38455960387545246 0.5518027527452589 -0.5014921555402714 0.5441812667314834
3024.169723275 49.21464511859715 -27.97850229630004 -0.9224406301992736 0.38402294730244685 0.5524422802391836 -0.5011455620657951 0.5442306758820488
3024.219723275 49.164012752554434 -27.940037910570027 -0.9181790162354496 0.3881866814475486 0.5468494723897044 -0.4964870198956336 0.551150972029438
3024.269723275 49.117678772374305 -27.900898323736286 -0.9085099658862724 0.39027323850146706 0.549292743265418 -0.49728660037617267 0.5465073820103781
3024.319723275 49.07262038503101 -27.859688604139393 -0.9014993610133447 0.38343825499590456 0.5478678982334465 -0.5058663268783312 0.5448991925315975
3024.369723275 49.02953410914902 -27.817388149792915 -0.8947271950124732 0.38796219038948154 0.5393226901975982 -0.5100226691792847 0.5463453592641374
3024.419723275 48.98786234181307 -27.7749335876089 -0.8882197068980873 0.38784815272543793 0.5376549818242263 -0.5156260182850215 0.5427989869321709
3024.469723275 48.94663439538461 -27.732442553701233 -0.8833261081418415 0.391619217490224 0.5368144450073329 -0.5179900765749088 0.5386565888334924
3024.519723275 48.905185641949856 -27.689835573405915 -0.8814867775347529 0.39542157351435775 0.5379436471074155 -0.5197808276100713 0.5329974699613418
3024.569723275 48.86175612877599 -27.64668621767703 -0.8837624609102519 0.3973959001995994 0.5402565627254758 -0.5199600159580253 0.5289999307575891
3024.619723275 48.81641973736907 -27.602686106436302 -0.8900263191044092 0.39760860568053397 0.538481013719447 -0.5195512404477494 0.5310481175012896
3024.669723275 48.77155239282024 -27.558717685860017 -0.894982712992051 0.4016834197262386 0.5387775806327321 -0.5164580631159622 0.5306978593956104
3024.719723275 48.72656754892732 -27.514409981176183 -0.900456435755863 0.3972416758376501 0.5375084976770917 -0.5179655615360267 0.5338495508711042
3024.769723275 48.68168815394154 -27.471148714848905 -0.902612666234251 0.3961701549969352 0.5372454146973078 -0.517658947984098 0.5352063025118624
3024.819723275 48.634698674904556 -27.427791908065124 -0.9029029223829593 0.3954814637879686 0.5350090980136475 -0.5135589438365868 0.5418642708725117
3024.869723275 48.58852944219761 -27.384853266686182 -0.9004945464901732 0.39420388442547627 0.5305558341337929 -0.5109066097651479 0.5496255456842815
3024.919723275 48.54390648818638 -27.344639881525737 -0.8933403342166776 0.3908538205143489 0.5343543767638959 -0.5080746683640692 0.5509617249767415
3024.969723275 48.50013782390948 -27.305325308414147 -0.8877428309308024 0.3883787812253653 0.5334361404512379 -0.507274951263968 0.5543283595257651
3025.019723275 48.45664542800308 -27.266554414901684 -0.8830599704450499 0.3897257566279604 0.5345325218947753 -0.5053777239495173 0.5540597204211665
3025.069723275 48.41209983317494 -27.227566575878807 -0.8813053747099765 0.38684510882301415 0.5382876952049513 -0.5057718257290424 0.5520797761821774
3025.119723275 48.366893635554604 -27.188457233034285 -0.8812403559878251 0.38847138458706715 0.5409800204125896 -0.5043675396865243 0.5495852852669579
3025.169723275 48.32072299775546 -27.149193325139738 -0.8831282191475409 0.3871680685905962 0.5448894183576921 -0.5045344014148092 0.54648096601313
3025.219723275 48.27375545727147 -27.10996092350958 -0.8851041092620532 0.3889197228020855 0.5507683280274701 -0.50283538623224 0.5408810150209082
3025.269723275 48.22637188909006 -27.070263127544806 -0.887986333961501 0.3942073904394626 0.5498026454572028 -0.5004405404380405 0.5402562816453435
3025.319723275 48.17946957532995 -27.030771681521355 -0.8886842392003992 0.3988671257431113 0.5497716959798543 -0.4990960887074636 0.5381070456124649
3025.369723275 48.13173562064469 -26.991018463573916 -0.8877853443257419 0.4000601002295331 0.546773581840372 -0.499932691858149 0.5394977942654179
3025.419723275 48.084914666953644 -26.95177329286165 -0.8819839725033265 0.4035981720360383 0.5458308615540245 -0.5013292533881011 0.5365129689035381
3025.469723275 48.037914835976366 -26.911865975054898 -0.8764782854994762 0.39981055910225843 0.5448234504654915 -0.505221437368324 0.5367217378462514
3025.519723275 47.99259056745187 -26.871824033064883 -0.8711903836263674 0.40108065885717187 0.5339713510155439 -0.5072812468043687 0.5446784721520918
3025.569723275 47.950343685204274 -26.832378904328117 -0.8633249810079628 0.4025310169708734 0.5324030699853163 -0.5096380442272754 0.5429408948705217
3025.619723275 47.908699037021705 -26.79195347349733 -0.8591668500141941 0.4023805245939118 0.5290598858732869 -0.5139773549972455 0.5422294985864461
3025.669723275 47.86709883208889 -26.75079309111735 -0.8582918841140328 0.4058546841187529 0.5259078238535679 -0.5160776501622198 0.5407095294069757
3025.719723275 47.82547777752325 -26.708798666657884 -0.8608192122545814 0.4064238505348754 0.5248625263221911 -0.5201206822090341 0.5374136750376766
3025.769723275 47.78267349796482 -26.666393719763313 -0.8654884101385569 0.4066536462162623 0.52434180397218 -0.5223420991159274 0.5355905302723205
3025.819723275 47.738803191714325 -26.624069608287 -0.8701033236595684 0.406747170666005 0.5269520363534634 -0.5221900373891569 0.5331002301534384
3025.869723275 47.69391318800814 -26.582025257755593 -0.8750701101129433 0.40452598443421983 0.5291068211552538 -0.5209735129030157 0.5338457629109732
3025.919723275 47.6494078997497 -26.540751017859428 -0.8780971772379834 0.40580654758029705 0.5294730633631062 -0.5174712255094126 0.5359131010561649
3025.969723275 47.604504719083124 -26.499457564684267 -0.8803449975677728 0.40149271273334597 0.528828800773727 -0.518275979848024 0.5390117900443472
3026.019723275 47.55743596221482 -26.458434179734706 -0.8795940285191425 0.39992160242802344 0.5284694369681061 -0.5126860889170078 0.5458349020839515
3026.069723275 47.511291037808206 -26.418416636271107 -0.8771650033069398 0.39536721521452345 0.5252136593229068 -0.5098771174933124 0.5548519642669251
3026.119723275 47.46649541979613 -26.380559554146 -0.870735749760084 0.39301355203310884 0.5253010845715679 -0.5065820495749942 0.5594405647739994
3026.169723275 47.42173235208797 -26.344374958921197 -0.8629502149084695 0.39488201262520023 0.5270996638737746 -0.5008051436814129 0.5616300815585507
3026.219723275 47.37686054654712 -26.308265347729062 -0.8577428808277878 0.3915320814303822 0.5351861112580524 -0.4989053085147592 0.5580071224124914
3026.269723275 47.3314281153271 -26.27106313075829 -0.8583800477439353 0.38871282980801825 0.5384425188807767 -0.4999841241957545 0.5558757643180458
3026.319723275 47.28451977513786 -26.233576972572884 -0.8628533719893048 0.38682516390850324 0.539318028642248 -0.5013196968579673 0.5551404489774052
3026.369723275 47.23577170835725 -26.196455190867592 -0.8683275461515333 0.38383777515372575 0.542278363707159 -0.5016982341421714 0.5539870219407231
3026.419723275 47.1865845765226 -26.159422756476168 -0.8725052037158537 0.38730751899213983 0.5456102066961592 -0.499180847458405 0.5505641376005489
3026.469723275 47.13658163248706 -26.122342946013582 -0.8766042084931019 0.3885978619637457 0.5470896505332178 -0.49753611532168496 0.5496748401621219
3026.519723275 47.085967197886255 -26.08543898173588 -0.8779717478979854 0.3910730625828959 0.5469343376259274 -0.4949856647136926 0.5503761275488486
3026.569723275 47.03431400411235 -26.048382661880105 -0.8753563043170339 0.3939559185922103 0.5456340417413423 -0.4924818112494282 0.5518549558422554
3026.619723275 46.98366147616357 -26.011065061529735 -0.8676748763832265 0.39747142806373476 0.5515100325957654 -0.48982779270652255 0.5458222066858851
3026.669723275 46.93432292782899 -25.97116664302283 -0.8635811083897101 0.394156860617326 0.547922456188351 -0.49421269323207295 0.5478824372811376
3026.719723275 46.8878866197472 -25.930936976485814 -0.8588844630742519 0.3969882413482957 0.5356327985356293 -0.49729803645739323 0.5551508842645382
3026.769723275 46.844247922781896 -25.89141167697333 -0.8521606707895601 0.3886229161628335 0.5416588529038325 -0.5060085827396814 0.5472962911419906
3026.819723275 46.800208040026234 -25.851083938555718 -0.8491481620506015 0.38766448240891 0.5413543338059509 -0.5109071937519747 0.5437146068670854
3026.869723275 46.75513631041432 -25.809593169347565 -0.8495727818129272 0.3929601053447039 0.5361375029649394 -0.5117209889267107 0.5443166018172402
3026.919723275 46.70995571668098 -25.767497426678023 -0.8509569513978009 0.39192222771624463 0.5389989458854137 -0.5145918934925524 0.5395111554992156
3026.969723275 46.664727560646135 -25.72469007042183 -0.8537765378419547 0.3935322474398578 0.5412403488223969 -0.5158551289248826 0.5348689007536683
3027.019723275 46.61923595553281 -25.681203244079843 -0.8580809078234524 0.39331584519920504 0.5428861932079828 -0.5174362340064809 0.531824191699259
3027.069723275 46.57362569008086 -25.637888954648215 -0.8618437925179387 0.3945066453967969 0.5403695436295284 -0.5162863213004729 0.5346154669418067
3027.119723275 46.52890549249114 -25.595343831787815 -0.8617733502359586 0.3967898156051076 0.5386661292505339 -0.5148616542382382 0.5360169031153558
3027.169723275 46.482021112727914 -25.552705580048226 -0.8586615643824398 0.3978690327490608 0.5359567458468412 -0.5105854612840021 0.5419899317201328
3027.219723275 46.43504834221889 -25.509484330770075 -0.8518463323018893 0.40246507451221464 0.535717326305349 -0.5050118976706095 0.5440512781946715
3027.269723275 46.388139991486675 -25.467140032097884 -0.8451491181305996 0.398419261685337 0.5329409713764969 -0.5061436818450916 0.5486844140985613
3027.319723275 46.34148688675903 -25.42882638253133 -0.832865246659853 0.39833739199634016 0.5400456776127881 -0.49935482246910573 0.548017106946623
3027.369723275 46.29609424081657 -25.392213711438256 -0.8213063696365323 0.3980406736339059 0.5486160932190449 -0.49538551964294364 0.543302117906998
3027.419723275 46.25019842914268 -25.355691021963576 -0.8143312594592186 0.3973744460126779 0.5558003959738732 -0.4925937424935929 0.5390091597993109
3027.469723275 46.20293559180253 -25.31825891554808 -0.8131403743650817 0.39469423576256524 0.5596501495014609 -0.49237120393581757 0.5371952791616756
3027.519723275 46.15484664888515 -25.28038372333463 -0.8150566072550509 0.3935959992412035 0.5607019703125646 -0.49223847092492 0.5370258630740451
3027.569723275 46.106394882805844 -25.242392545965625 -0.8172948755952898 0.3916747467120014 0.5645885185318633 -0.49187386858868576 0.53468756758474
3027.619723275 46.058765082250794 -25.203391230974614 -0.8203446058361371 0.3908610749882 0.5681339234408421 -0.49416723770743004 0.5293866321238122
3027.669723275 46.0113993748886 -25.16427300402997 -0.823997926333261 0.3924310048339271 0.5662431590087157 -0.49804836638219335 0.5266065097061495
3027.719723275 45.96221149335232 -25.12547887683756 -0.825889218179058 0.399475474108572 0.5622093326943206 -0.49343759543891996 0.5299616507112522
3027.769723275 45.91428942737378 -25.085512220766635 -0.8266590549341413 0.40444293876606696 0.5511345995524307 -0.49610092800612104 0.535313395769165
3027.819723275 45.86576751224162 -25.046485898965656 -0.8237083215161712 0.40126648969786893 0.5488222592989909 -0.4994272728568737 0.5369839206812874
3027.869723275 45.81753435079904 -25.00765323831711 -0.81838551072552 0.40520464782685306 0.5431890176466067 -0.4934682740099694 0.5452008318347034
3027.919723275 45.77335217473186 -24.967955406808905 -0.8141788372738474 0.4026891057952468 0.5379056353826128 -0.49835001350741803 0.5478560719154333
3027.969723275 45.731070277949826 -24.928276085699967 -0.811289680233744 0.3993970218588266 0.5343659908293914 -0.5045914894482663 0.5480168205006148
3028.019723275 45.69010638794818 -24.888776697234405 -0.8095180740934906 0.40182763403618216 0.5321719508632957 -0.5085765284865292 0.5446810827556147
3028.069723275 45.64806574478676 -24.84916377381476 -0.810193324877965 0.4016900277836865 0.5328359573862748 -0.5113300545715703 0.5415464332697871
3028.119723275 45.60419570958801 -24.809150071255015 -0.8130494973073935 0.4025312272848455 0.5356801778545335 -0.5106726291602948 0.5387288965154956
3028.169723275 45.55848535616519 -24.76790556965343 -0.818031654280326 0.40542086037655145 0.5347131042419655 -0.5054144910223413 0.5424684455229497
3028.219723275 45.51465407256493 -24.726010257440347 -0.8218805551832201 0.405341535736459 0.5383512025677303 -0.5041358862150576 0.5401140901058276
3028.269723275 45.47096357199854 -24.684311809797816 -0.8246421401584751 0.4028527144648383 0.5412790899471023 -0.5025813733173146 0.5404984740300663
3028.319723275 45.42716527474196 -24.643036946206102 -0.8263336205299879 0.4013453847445524 0.5436434996663494 -0.5011145729384359 0.5406087422558946
3028.369723275 45.38176358417067 -24.601656763459165 -0.8279462324608611 0.39693406355221883 0.5425482857271128 -0.4990738519298408 0.5468180658742042
3028.419723275 45.33569635468333 -24.561535985614697 -0.827582232112309 0.39523021462108776 0.5403630399532606 -0.49294043928228626 0.5557072842992313
3028.469723275 45.291060512777314 -24.522827117075952 -0.8264653029753146 0.39357500384941774 0.5353422643267166 -0.4887192727022402 0.5653855753906957
3028.519723275 45.24602488890251 -24.485771662606844 -0.8255619725918927 0.3846929368137675 0.5383931607155222 -0.4863314016689633 0.5706364136742854
3028.569723275 45.20032788980563 -24.449009062382423 -0.8268269280788445 0.38307298034584214 0.5347229353468416 -0.48019766538985564 0.5802901656043671
3028.619723275 45.15558815817467 -24.411868362756696 -0.8278363557650796 0.3874994408088799 0.5346739319777681 -0.47297487979990815 0.5833204375936959
3028.669723275 45.11137731697414 -24.373556163817295 -0.8313042458987142 0.38300828883247295 0.5364527097417812 -0.47634575773298077 0.581908807276633
3028.719723275 45.06628873847611 -24.335031810420638 -0.8343170946539421 0.3862758957758496 0.5375732800852141 -0.47467604899540894 0.580076330659248
3028.769723275 45.02092584633933 -24.29624053008731 -0.836065588227769 0.38898587683616265 0.5421259942335543 -0.475886472389439 0.5729934200276804
3028.819723275 44.97426733799863 -24.257095558456765 -0.8375872648446635 0.3920921325534363 0.5448326095244692 -0.4763087030556252 0.567935917671989
3028.869723275 44.92697626749701 -24.218221236059126 -0.8377946364847746 0.39659300526193125 0.5445340523737151 -0.4754250431314422 0.565833617193461
3028.919723275 44.879546053261315 -24.179169543492133 -0.8348031474615124 0.40222955175852604 0.5432314615340383 -0.47422152753181895 0.5641142700881765
3028.969723275 44.833323196636854 -24.1391656426722 -0.8283765963175506 0.40987611610416996 0.5403922345019408 -0.4746423433270565 0.560974552237765
3029.019723275 44.7879858702524 -24.098782713784306 -0.8209069848168852 0.4064223345747607 0.5457192196613403 -0.48021419584523484 0.5535392898067252
3029.069723275 44.74349547370969 -24.05668955570555 -0.8180534953385808 0.4029789359844288 0.5337856852763756 -0.48759018890209566 0.5611921480502972
3029.119723275 44.702341347977615 -24.0156108839131 -0.8109573553312612 0.4086212767979381 0.5254094730532395 -0.4899020796370762 0.5630004352939774
3029.169723275 44.66312531767781 -23.974316963289752 -0.8033843449616893 0.4053603021108023 0.5289467287601928 -0.49750295819370016 0.5553280023509058
3029.219723275 44.62453207217866 -23.931540213332923 -0.800333039298581 0.40729916717123993 0.5253819309721294 -0.5051560100891852 0.5503622629690251
3029.269723275 44.585304663437746 -23.8886113401752 -0.7997812683323973 0.4105665373545565 0.5244569982159021 -0.5110097701047114 0.543368190350323
3029.319723275 44.543207451596054 -23.845039214523023 -0.8026556377658258 0.40918909130944153 0.5271976958009482 -0.5133110359599629 0.5395726618883077
3029.369723275 44.50123343792481 -23.800801170774974 -0.8068184383895197 0.41168831725633126 0.5250674331569744 -0.5152238049680017 0.5379231830539479
3029.419723275 44.45884636202312 -23.757322988020054 -0.8094189636712505 0.4101456612041606 0.5282637308076007 -0.5153852200664176 0.535813439777062
3029.469723275 44.41632627258804 -23.714208888246926 -0.8107129089651546 0.40814581111088594 0.5291628395960981 -0.5149589169073382 0.5368621796707722
3029.519723275 44.373884618658565 -23.671724481190786 -0.8098160424451822 0.4075152669983606 0.526095438376887 -0.5173619030689047 0.5380441971949955
3029.569723275 44.32832353574236 -23.62985343551749 -0.8044941505258244 0.40641519876217747 0.5294011709804894 -0.5129296554266293 0.5398742955202682
3029.619723275 44.28281662839768 -23.58757142371695 -0.7996749084051937 0.40268010564041534 0.5303174499604382 -0.5115734047966345 0.5430513661649891
3029.669723275 44.23794315847945 -23.546879652628967 -0.7948286673448994 0.3978463607670446 0.5245127805729196 -0.5114086081953636 0.5523276669729339
3029.719723275 44.193774832247 -23.509277796939337 -0.7850440130014167 0.3972947022126201 0.5325382751882831 -0.5055640243001485 0.5504224944410546
3029.769723275 44.14935194533109 -23.47145645262714 -0.7799028649696659 0.39420880899320077 0.5359628075386582 -0.5035652621991786 0.5511490819675869
3029.819723275 44.10486586458973 -23.432844211282102 -0.7790044004108446 0.3925465902808531 0.538744701187583 -0.5034731934992742 0.5497054346000414
3029.869723275 44.05829946797764 -23.39354817480415 -0.782682857826505 0.38996993991348305 0.5379248035807589 -0.5035093256946142 0.552303096673404
3029.919723275 44.011055167197156 -23.35404693385837 -0.7866844199871665 0.39226939816379264 0.5387179791653016 -0.5010625468048303 0.5521267810727234
3029.969723275 43.96444750650459 -23.31342072506639 -0.791520121699813 0.3948074703163194 0.5396921275164878 -0.5035853890157826 0.547047735439037
3030.019723275 43.91698312095524 -23.27274311429177 -0.7961312349266114 0.3972623110518331 0.5391826751938736 -0.5057950089072171 0.5437242940618734
3030.069723275 43.86891667504739 -23.23255129433878 -0.79772191395257 0.40182118006169426 0.5391799186540462 -0.5054465663481305 0.5406926327784841
3030.119723275 43.819296759864535 -23.192463311126804 -0.7962905323292854 0.405411278037 0.5373529396679728 -0.5046699790022802 0.5405568667258169
3030.169723275 43.770350901448545 -23.152459510162323 -0.7904783971917804 0.41115906643496686 0.5390252676283372 -0.502718034498339 0.536353018763438
3030.219723275 43.72180799982917 -23.110883493427824 -0.7883213973585177 0.404487380498596 0.5345283363327709 -0.5093977279165448 0.5396140949494982
3030.269723275 43.67497945359863 -23.070203685372842 -0.7843751606149082 0.40591845182839525 0.5234738834771053 -0.5106345194357809 0.5481402113905037
3030.319723275 43.6297700322852 -23.030836795868925 -0.7783637894176969 0.40282662052537155 0.5256668920265329 -0.5126774660185686 0.5464127087285336
3030.369723275 43.58467711759872 -22.990891492932562 -0.7757490171772321 0.40415761303656456 0.5234899367338122 -0.5125198173799661 0.5476662731589578
3030.419723275 43.540356273221946 -22.950291163119292 -0.775753712738619 0.4072486154221869 0.5225325222700813 -0.5120382603738348 0.5467404762043102
3030.469723275 43.49592164713781 -22.908685418031457 -0.7792793411592618 0.40461928464444713 0.5247331041482224 -0.5148116597638753 0.5439736748004914
3030.519723275 43.450985896608515 -22.866323224348506 -0.7846153022413581 0.40463253809837296 0.5246930988369383 -0.5157659309438043 0.543097749601884
3030.569723275 43.405676151231035 -22.824306718360056 -0.7887982945761822 0.403891523756698 0.52780197541157 -0.5161845180063258 0.5402316680459546
3030.619723275 43.35957080412273 -22.783254872212755 -0.7918785583270791 0.40157449666780765 0.5309003492913177 -0.5133713636492437 0.5416018701345757
3030.669723275 43.31455698472718 -22.74275269043746 -0.7931107276712822 0.39947366898997266 0.5317009371460368 -0.5141988826796814 0.5415850905191939
3030.719723275 43.267490703938265 -22.702815044619587 -0.7905359649280097 0.39843199135005525 0.534544653585872 -0.5110110172776196 0.5425695363844918
3030.769723275 43.21848229460048 -22.662733765934863 -0.78682030256586 0.3954027853457765 0.5359514080439678 -0.506193285739534 0.5478878380003563
3030.819723275 43.17017691653318 -22.6240231681545 -0.7823848679900154 0.3906177218041006 0.533607128624776 -0.5025547336213424 0.5568841597748834
3030.869723275 43.1233559045471 -22.587940147553798 -0.7746778119261923 0.38992547530178945 0.5348442727440934 -0.4956130663363904 0.5623765785487125
3030.919723275 43.07704848553833 -22.552389211637816 -0.7684858895340991 0.38750397876965725 0.5390821058763874 -0.4912301416362669 0.5638475835805079
3030.969723275 43.030201686100845 -22.515860091068017 -0.7665593888190838 0.38437872091137515 0.5438714561894619 -0.48882690386942035 0.5634759055242077
3031.019723275 42.98272728561171 -22.478260385247907 -0.7687677346638999 0.3826868277814459 0.5451392255025437 -0.488476443988893 0.5637062890628655
3031.069723275 42.934225123452705 -22.440705196527812 -0.7709372227340621 0.3847485005016501 0.5510551839312895 -0.4845650218294096 0.5599138462689134
3031.119723275 42.88477916434456 -22.402186654087128 -0.7748614305694563 0.38787845458263775 0.5559323242124218 -0.4814088412276364 0.5556393461178069
3031.169723275 42.83555966430943 -22.362075656602126 -0.7814432696960217 0.3908443615997006 0.5553948178278051 -0.48371917049162066 0.5520806512047312
3031.219723275 42.78526397295071 -22.32196723007213 -0.7877662946237961 0.39303843357331103 0.5513270987912449 -0.4863150142713352 0.5523195875278533
3031.269723275 42.73357124379483 -22.282401261257274 -0.7903344426377281 0.39806490288471025 0.5459264060358794 -0.4867428347536724 0.5537057929081955
3031.319723275 42.682162125305965 -22.243076275466997 -0.7876777510534176 0.40470395250917796 0.543193575390409 -0.48506944630654364 0.5530488972395627
3031.369723275 42.63306952095591 -22.202503672918382 -0.7854548270117016 0.4005430278723037 0.5431012648738447 -0.4944926817865585 0.5477985821219826
3031.419723275 42.58364967886561 -22.160584803015333 -0.7851076271535565 0.3972265409334179 0.5287246418543246 -0.5006661360118985 0.5585649009067818
3031.469723275 42.53737865447594 -22.119005262350274 -0.7795729509580124 0.4022825335816476 0.5238315609239965 -0.5022517413736535 0.558133001391418
3031.519723275 42.49127407943268 -22.076615356150572 -0.7764041074304449 0.39780545976596154 0.5221309094315948 -0.5104845152224997 0.5554598899241755
3031.569723275 42.444133963330664 -22.03452562128477 -0.7731938904942395 0.4040465157872042 0.5204250545054846 -0.5090198697704782 0.5538979580229824
3031.619723275 42.39638438474614 -21.992192885380867 -0.7719456976114186 0.4068609381543653 0.5244878998686294 -0.507764199534747 0.5491376308052307
3031.669723275 42.34789066246589 -21.948968779397592 -0.7738828772422441 0.4078337370924973 0.5278881230659394 -0.5078333478157793 0.5450789514018178
3031.719723275 42.29826214795173 -21.905359018480976 -0.7778861547297647 0.40887315530257873 0.5325892109961702 -0.5061680904178046 0.5412627268214424
3031.769723275 42.24905819839878 -21.862097250259943 -0.7840999975340185 0.4065384610513206 0.5322305958584104 -0.5088841948691262 0.5408270968901491
3031.819723275 42.20019170867468 -21.820971755940914 -0.7876820784036958 0.40751645265578 0.5302880184304616 -0.5083195707432789 0.5425275774772307
3031.869723275 42.15087721376183 -21.78043240592917 -0.7880750260470633 0.40829817250724465 0.5304342137977094 -0.5042737247856255 0.5455640729106727
3031.919723275 42.10295687310023 -21.73873433681701 -0.787378098183729 0.40661882782112924 0.527284408935378 -0.5063859642840661 0.5479101533382428
3031.969723275 42.05401769615246 -21.699189697232775 -0.7833912967146968 0.40331414911897945 0.525034120370668 -0.5072443014610784 0.5517065236176705
3032.019723275 42.00179397961355 -21.662694049024598 -0.7760627936630532 0.40435856456262187 0.5279758873333729 -0.49429435391560517 0.5598291751476946
3032.069723275 41.950478374484675 -21.62678698265881 -0.7695777776465135 0.4036398529797447 0.532863492828158 -0.4840895305116136 0.5646137560726904
3032.119723275 41.9001578801027 -21.590320511360023 -0.766096901587257 0.40192534187944823 0.5388650427171319 -0.4796213806705371 0.5639537361311123
3032.169723275 41.8485970928272 -21.553193225672366 -0.767536019630535 0.40015865601181905 0.5386817034553171 -0.47727331935368045 0.5673669456484157
3032.219723275 41.79628096906403 -21.516953186632243 -0.7690362634188985 0.40080795141945785 0.543601351106776 -0.47343196460764914 0.5654314565370121
3032.269723275 41.74291194042064 -21.48012794246304 -0.7720978127573486 0.4008798976716547 0.5521946103404562 -0.4689334038844551 0.5607832760301021
3032.319723275 41.690801717431306 -21.441338292495697 -0.7778166102740132 0.4048308446952298 0.5496173091044764 -0.47209361180283743 0.5578175529786178
3032.369723275 41.63708765860222 -21.403251458276717 -0.7813723043946632 0.40759379332960166 0.5497110858983154 -0.47360977020160133 0.5544175387280484
3032.419723275 41.580203027526466 -21.365877177451754 -0.7816854278518803 0.41276395369332747 0.5425730658037663 -0.4710986095130006 0.5597378733931375
3032.469723275 41.52369512583537 -21.329315279177276 -0.77436139655275 0.4149988584774442 0.5478334162757695 -0.47149175894757944 0.5525848502434314
3032.519723275 41.46590286330484 -21.290393388216295 -0.7697579137280589 0.4091515218103513 0.545944507260461 -0.47477281446322794 0.5559949656598264
3032.569723275 41.41132698477787 -21.250144854326074 -0.7647274135994305 0.4120953237809717 0.531130078659173 -0.47502049152495507 0.5678325600850543
3032.619723275 41.36217975847453 -21.210152897115645 -0.7555949147666413 0.41468693226208897 0.5309930354091927 -0.47843482205577265 0.5631884814184772
3032.669723275 41.31428765982898 -21.168560999268664 -0.7516243684339302 0.40680193475486187 0.5313853903586414 -0.4896331682845133 0.5589285404313908
3032.719723275 41.267540819892155 -21.126125707282664 -0.7491865934654199 0.41001028638438086 0.5319324060108492 -0.4934161616377401 0.5527024262016467
3032.769723275 41.22024194500468 -21.08221181160278 -0.7512543839956415 0.40693835480885965 0.5342950633392692 -0.4997846089308904 0.5469417751027454
3032.819723275 41.1715377466742 -21.037020238042015 -0.755863917295868 0.4063707165526678 0.5351789236991324 -0.5004122952504642 0.5459248072023032
3032.869723275 41.12390498569076 -20.99092097876998 -0.7609648847264217 0.4057983440106965 0.5359852023280159 -0.5027484287871093 0.5434073833098565
3032.919723275 41.07679304154784 -20.945286904347583 -0.7645562043944445 0.40414047908310413 0.5369674895141849 -0.5031336599898191 0.5433165822580439
3032.969723275 41.03094381906947 -20.89992529542942 -0.7652731050404649 0.4070824123757141 0.5356865222544676 -0.502694831616245 0.542790719960832
3033.019723275 40.98417294339646 -20.85407605541633 -0.7629743187836626 0.40790546689506696 0.5356893270864052 -0.5021121270129076 0.5427093944547171
3033.069723275 40.93574064094528 -20.80748813933669 -0.7601886270867813 0.4077107044731774 0.5330289357448742 -0.5002768114662917 0.5471519414438667
3033.119723275 40.88740156791402 -20.762325763758017 -0.7552808416783654 0.4114786355820913 0.5252933842334615 -0.49511762931256137 0.5564267481744265
3033.169723275 40.84041332267219 -20.71938091157879 -0.746368012054817 0.41274045698867007 0.5279134814723532 -0.4912096982642352 0.556476148254067
3033.219723275 40.79369540846013 -20.67706072104456 -0.7387997022849584 0.41189227520610755 0.5321602286836185 -0.4907156990986749 0.5534874409514942
3033.269723275 40.7464677752729 -20.634865186506786 -0.7346109911654358 0.41362905769047104 0.5359914024154707 -0.48993553822099173 0.5491697256394392
3033.319723275 40.69736345994956 -20.59259227466342 -0.7353919531151283 0.41078471547624096 0.5393025649371795 -0.4916299617946449 0.5465424426785892
3033.369723275 40.64700089941236 -20.55093949616151 -0.7377185511903454 0.41062285078099425 0.5420782690135058 -0.48994322872968865 0.5454316247722885
3033.419723275 40.59770893759593 -20.509126019088075 -0.7389471038589495 0.4121283955276477 0.5494316550465722 -0.4896391047864782 0.5371485726467936
3033.469723275 40.54889697342937 -20.466087916238852 -0.7417269546007403 0.4115620311899572 0.5519090134829286 -0.49453130839298826 0.5305204240537931
3033.519723275 40.49974655135193 -20.423701561431223 -0.7414170018662916 0.41955561690302867 0.5515114532806786 -0.49342775384274806 0.5256778984920837
3033.569723275 40.45034889854014 -20.380972642499145 -0.7390514566553877 0.4235312466854845 0.5510776401306028 -0.4954496457012717 0.5210224238971002
3033.619723275 40.40067147813255 -20.337813031685336 -0.7363244657286959 0.4217867376781982 0.5506493922367701 -0.5022094070035096 0.5163980114845932
3033.669723275 40.34864566882108 -20.29406880939743 -0.7359812079502694 0.42015475509247535 0.5357426431345704 -0.5031516369668729 0.5322482807092218
3033.719723275 40.300718928424054 -20.25277476075691 -0.7273824536855547 0.4299544241287426 0.528433361179943 -0.49495574859947195 0.5393664643751275
3033.769723275 40.25636147574044 -20.21077085087818 -0.7206769112697577 0.4246627112848554 0.5329166417039232 -0.5014282311260452 0.5331333451107833
3033.819723275 40.21168352959226 -20.167087064913282 -0.7198942529640467 0.4238979531397187 0.5271407788696622 -0.5072363019002104 0.5339891933468704
3033.869723275 40.166660414532885 -20.1237564427634 -0.720407357957377 0.42594607839116705 0.5258779358658517 -0.5094490069573252 0.5314922804546198
3033.919723275 40.12022341300232 -20.08042383788793 -0.7227608511627337 0.4225682565221493 0.5310826700130566 -0.5101796072220595 0.528302976109712
3033.969723275 40.07370513968895 -20.036185537856486 -0.7274070167379343 0.42115283231414224 0.5340100824238972 -0.5101899202407927 0.526469152931197
3034.019723275 40.02693458057643 -19.991031059252222 -0.7334813914330448 0.4196377983665896 0.5354626887814942 -0.50877093314605 0.5275755535377201
3034.069723275 39.98108362769779 -19.945339910885902 -0.7386294463602521 0.418803864975454 0.5365707665033953 -0.5055659325000083 0.5301869699558618
3034.119723275 39.93810032580905 -19.89851225488514 -0.7415691126007097 0.41957835622308476 0.5359287183927754 -0.5083636761491929 0.527542211167116
3034.169723275 39.8934609160836 -19.85073166801339 -0.7417463947910709 0.4187642332483905 0.5345256975471789 -0.5089458142875499 0.5290491033285779
3034.219723275 39.848823513547146 -19.802240489671316 -0.7396739584025773 0.4197184349880532 0.5277355625813802 -0.5073140110487253 0.5366228708429669
3034.269723275 39.80773046557148 -19.75497163630712 -0.733003030801833 0.4240183357209237 0.5225742480947472 -0.5081748459319668 0.5374783085508562
3034.319723275 39.767143908033844 -19.7085108056735 -0.7264608190990456 0.42358219577270756 0.5216613932930111 -0.5120893197155042 0.5349878903351724
3034.369723275 39.72578268189128 -19.66212954258171 -0.7222838687395343 0.42475628612140137 0.5199163136667551 -0.5154527238005085 0.5325200594439267
3034.419723275 39.6838620132809 -19.61516584479614 -0.7213376868920751 0.4253038212674667 0.5202693208330024 -0.5204134317439257 0.5268836242243327
3034.469723275 39.641646534221216 -19.567601147608716 -0.723686492694877 0.42682718754651283 0.5187346445488996 -0.526653833223785 0.5209305716374825
3034.519723275 39.599702896842516 -19.520237675804896 -0.7267607111211027 0.4312021535144761 0.5170768807355801 -0.5324828806973472 0.5129894579594163
3034.569723275 39.55853180052629 -19.47325316463811 -0.7283603716369348 0.43850687092986307 0.5205679223307141 -0.5368586737492081 0.4985012806481299
3034.619723275 39.51782747916342 -19.425606142098292 -0.7326432678938157 0.4436546261507284 0.5156557242304977 -0.5453798710271816 0.4897249667331176
3034.669723275 39.47646092382958 -19.378531595605047 -0.7337397762262909 0.4530343666813105 0.5110450389339319 -0.5469629595433313 0.4841738857830729
3034.719723275 39.43683774666064 -19.33072139149022 -0.7330831193418139 0.4615904905674598 0.5001676900756065 -0.55104595985019 0.48281968782859974
3034.769723275 39.40086868259374 -19.283153631962207 -0.7287758730684356 0.4667669439722608 0.49225871233857554 -0.561413319849585 0.4739462674576428
3034.819723275 39.36469382355655 -19.2347434217867 -0.7238682283760531 0.46930448341893394 0.4822592876547345 -0.5691621620773827 0.47247615238553003
3034.869723275 39.33053704363226 -19.186095507629698 -0.7179446931351972 0.47506622395615444 0.4707642264878795 -0.5757011874710993 0.4703841713532411
3034.919723275 39.2986292653659 -19.137312775657485 -0.7119444569972357 0.48116310740547097 0.4648598014009046 -0.5825103261927159 0.46159413881924316
3034.969723275 39.268323951723374 -19.087923769311136 -0.7094001174515688 0.48661068860417633 0.4578189393521961 -0.5924843071063607 0.4500824394922506
3035.019723275 39.237164818259046 -19.038248239911038 -0.7094282376196548 0.4919340093260788 0.45322578708893435 -0.6005338386449697 0.4381169079461815
3035.069723275 39.204328974658935 -18.98811398778251 -0.7113742367465434 0.4986696719437561 0.4507870305478715 -0.6043403172148047 0.4276592011895084
3035.119723275 39.17055843587499 -18.93721846369064 -0.7161744952707757 0.504007887274296 0.4461082920387803 -0.6080944213459338 0.4209330303830964
3035.169723275 39.136770636868086 -18.886617463364917 -0.7213332592773645 0.5064968027745554 0.4438592316689638 -0.6126327297029767 0.4136799605227087
3035.219723275 39.10255321995643 -18.8370797223745 -0.7252957375020793 0.5056551657076229 0.44382652130425976 -0.6173644482072281 0.40766654323103424
3035.269723275 39.06711453276019 -18.78725892309696 -0.7272221994175608 0.5031030151742577 0.44119797516599135 -0.6229100462890004 0.4052342249418667
3035.319723275 39.0301513460536 -18.736521445973846 -0.7232692938667368 0.5076555304750953 0.43927920714121743 -0.6202452050300798 0.40572838967544195
3035.369723275 38.993927547344626 -18.68515262753024 -0.7181831571016911 0.5071611843328415 0.4400125093627133 -0.6203208105339147 0.4054363288223997
3035.419723275 38.95860122735394 -18.6347152582183 -0.7133955285507149 0.5079466737086373 0.43393939667429265 -0.6211411007872251 0.4097200380688214
3035.469723275 38.92362816957683 -18.58658736137426 -0.7073972272068173 0.5132315935944671 0.4289633953148987 -0.6180890028739305 0.41297665956166074
3035.519723275 38.890748797331334 -18.5402575585804 -0.7032777102687693 0.5170099401029306 0.42798569666981023 -0.6196226490199088 0.4069357911297216
3035.569723275 38.857471766489155 -18.493835579579773 -0.7040673078887526 0.5193822913405141 0.4259765923795681 -0.6239492665094739 0.39934107102683336
3035.619723275 38.82219293818679 -18.447120991505066 -0.7088105964716028 0.5233770661955485 0.4224442788526388 -0.6263804205986807 0.3940366055785103
3035.669723275 38.7851757668694 -18.39991328846718 -0.7162636110604181 0.5285884542268524 0.4161737628998931 -0.6271267893250752 0.3925629060961225
3035.719723275 38.74931358441142 -18.352946894034332 -0.723884456646704 0.5337955455460097 0.41207567351600954 -0.63017347101068 0.38488615366873996
3035.769723275 38.71374351792881 -18.306448530789844 -0.731490545017744 0.5326163847492011 0.4079888906517988 -0.6407873385379645 0.373170790082554
3035.819723275 38.67345024063401 -18.258973052281796 -0.7346037898709324 0.536064985491028 0.4070555427845762 -0.6402864127121871 0.3700992111785934
3035.869723275 38.630908493484824 -18.210577290784133 -0.7341734769728052 0.5444501083319728 0.39806836061150397 -0.6330087338510357 0.3800205292950388
3035.919723275 38.59093093583272 -18.16330053363929 -0.7297535592209485 0.5474590920865636 0.3984722371105495 -0.6311898628502276 0.3782958839043592
3035.969723275 38.55114423672095 -18.11418427444326 -0.7268328377018017 0.5439951070296168 0.39459094757098073 -0.6316037058651157 0.3865799611468803
3036.019723275 38.514038307858875 -18.06685544297639 -0.7221606736055112 0.5440487352250155 0.3869013646919379 -0.6331916058813107 0.39164613867753634
3036.069723275 38.47726843098002 -18.020852568828584 -0.716594552738649 0.542230798849041 0.38995586584868935 -0.6344338461864695 0.3891193625133207
3036.119723275 38.4397243081248 -17.97442551046866 -0.7137310252486586 0.5406392177874215 0.39337305113447185 -0.6344064461396319 0.3879372886535189
3036.169723275 38.40136703707873 -17.927772045033368 -0.7126560210715417 0.5415003528242078 0.39966593638356257 -0.6322377433196642 0.3838228017040768
3036.219723275 38.3610839296598 -17.879369858691142 -0.714617080778264 0.5419604880000874 0.4068572658755983 -0.6279211007807038 0.3827023462761746
3036.269723275 38.3199524989556 -17.82927568821855 -0.7190368635934323 0.5423460072229104 0.4122112356880327 -0.6230179217387936 0.38443643793764726
3036.319723275 38.27896055087616 -17.778822588609813 -0.7237151070919237 0.5387486563535444 0.41870361001499123 -0.6208466260879281 0.38598787430812026
3036.369723275 38.237531464061384 -17.72913517739997 -0.7254434725567804 0.5366026184515504 0.425720971215023 -0.617252787680441 0.3870636648400387
3036.419723275 38.19342098634385 -17.679130827232264 -0.724352902572536 0.5320964981620092 0.4364178707399967 -0.6123829406357528 0.3891013913632314
3036.469723275 38.146328045159954 -17.62880031360415 -0.7200764087284506 0.5331238154507973 0.4458655120200444 -0.5999150186939497 0.39633939109773847
3036.519723275 38.09804924547234 -17.577924032714407 -0.7182152139625273 0.5259628022416071 0.4464791752020348 -0.5928338577209364 0.41541243831736574
3036.569723275 38.05129054848644 -17.53011677221148 -0.713736638337321 0.5205620056243417 0.4485932483835502 -0.5844266009292095 0.43153776651805076
3036.619723275 38.00658777074864 -17.484888193520607 -0.7096129983786489 0.5087606302747938 0.45798440865797013 -0.5836826349819909 0.4367235786273556
3036.669723275 37.96142078858707 -17.441071295619324 -0.7066240236399872 0.5076258855953475 0.46251495353103067 -0.5775981632140126 0.4413346121544591
3036.719723275 37.915544893541714 -17.396989638169924 -0.7082363875879992 0.503308667619413 0.47060971413089747 -0.5742921295835591 0.4420355550893922
3036.769723275 37.868437551055095 -17.35216518172406 -0.714994146172238 0.4982294762241594 0.4742382924131983 -0.5736545686266992 0.4447312299851783
3036.819723275 37.81966518676991 -17.3078594464879 -0.7222465062938647 0.49991319546125945 0.4735595939586255 -0.5690491234150227 0.449456564212882
3036.869723275 37.77091347559688 -17.264047855843398 -0.7280681991065207 0.5000945383300689 0.48088898276277503 -0.5649955152320106 0.4465773244999502
3036.919723275 37.72290571752239 -17.219797359389325 -0.7347734326735178 0.49581337202166353 0.483574999707276 -0.5690444238479603 0.44329760147124486
3036.969723275 37.67121519292381 -17.175858669761123 -0.7384826026231031 0.49215238702611946 0.48441749030997894 -0.5673210416718626 0.44863410336556797
3037.019723275 37.61720232352361 -17.13471713862053 -0.7343402746378844 0.49285897297261744 0.48619826304427016 -0.5594400468318727 0.45577199976947214
3037.069723275 37.56288568336719 -17.094862248896888 -0.7259826777385446 0.48801281029085836 0.5020971617846407 -0.5514197276880047 0.45351760829797316
3037.119723275 37.508171902940404 -17.05271541059356 -0.7235333559954733 0.47483130409671304 0.5001354562916592 -0.5502871316632396 0.4707269173688638
3037.169723275 37.456300959292676 -17.012876503086535 -0.7178880291154509 0.4714186011364089 0.498977485185228 -0.544310488133066 0.4821950479724571
3037.219723275 37.40469338479312 -16.973916841465837 -0.7139523532595834 0.4595727319032635 0.5059008592227402 -0.540960507600772 0.4901213665460624
3037.269723275 37.35452554733809 -16.935334487200482 -0.7124494815303161 0.45673471198522503 0.5096764926841861 -0.5349490985139174 0.4954318698590832
3037.319723275 37.30521565528298 -16.89626942335302 -0.7150697338999775 0.45014633035535506 0.5147771575100266 -0.5339967983876824 0.49721240801614136
3037.369723275 37.25411244619823 -16.856886175473576 -0.7202249705336644 0.44413460143476036 0.520210553919559 -0.529205799069115 0.5020624041199577
3037.419723275 37.20234353901923 -16.817786894082918 -0.7256500616666478 0.4403924311958847 0.5254461592590164 -0.5220011148869224 0.5074206108566506
3037.469723275 37.15047037975821 -16.77938458887472 -0.7308047423545504 0.4308520748114278 0.5338123447646506 -0.5172624320067543 0.5117132464984777
3037.519723275 37.09864547900087 -16.742536978802033 -0.7330100865642071 0.4252779373776009 0.5410788225446939 -0.5092463151086597 0.5167596872064935
3037.569723275 37.04647672611834 -16.70615190308374 -0.7330848107411678 0.41284512507224763 0.5515943889609778 -0.506067151096515 0.5188434940826597
3037.619723275 36.992336745918685 -16.67090085818277 -0.7312659369763852 0.4025466575612151 0.5591385871699497 -0.49920646839095517 0.5254646807736145
3037.669723275 36.936801280606566 -16.63790725588332 -0.7299096860827703 0.393056515251672 0.5573225562927409 -0.48895135071799095 0.5438977116118332
3037.719723275 36.88392390675655 -16.60856338438735 -0.7253918382331077 0.38521500728393276 0.5632948853885656 -0.4794710621935846 0.551738861035978
3037.769723275 36.829466068929705 -16.580576811853835 -0.7250254524869665 0.3714806946346296 0.5663214473123815 -0.4721870889456831 0.5641998447897554
3037.819723275 36.77391513117142 -16.55417965554333 -0.7251241369747745 0.3665199886052526 0.5726472047507718 -0.4582659535846885 0.5724775913772079
3037.869723275 36.716993182556784 -16.52771020162755 -0.7287164598556248 0.3565381792615934 0.5809959867074189 -0.44735840649108605 0.5789599695146953
3037.919723275 36.65990551321108 -16.500632456418113 -0.7346954934046773 0.3496551819899245 0.5870873594267957 -0.4379758350174131 0.5841633795862805
3037.969723275 36.60256760185862 -16.472975129019428 -0.7404607961627143 0.34583570247833284 0.594397598202358 -0.4286613356922534 0.5859510401263227
3038.019723275 36.54489345601841 -16.443469161953757 -0.7464902354291114 0.3399494086977928 0.6018346241124636 -0.42418100028476646 0.5850640680667766
3038.069723275 36.4870319669512 -16.413167027059473 -0.7510708473908165 0.3379534710024811 0.6045842149982499 -0.41943608793346865 0.5868038399255691
3038.119723275 36.42914106347231 -16.38407526916199 -0.7509373485825721 0.33769666615920596 0.609852185217418 -0.41175234659045296 0.5869423131175273
3038.169723275 36.37101359997293 -16.3566236868511 -0.7459443431117108 0.3356749336863973 0.6155958816933587 -0.39915479238078794 0.5907956508440623
3038.219723275 36.3158739991024 -16.328287638993654 -0.7393823164122049 0.32708033108721757 0.6270638729730983 -0.3928885420444548 0.5877482026837996
3038.269723275 36.26035114416491 -16.298099711697272 -0.7381681518458232 0.31849798127112106 0.6199608018879206 -0.3871947026545719 0.6035626746949688
3038.319723275 36.20893630858977 -16.266549193942904 -0.7350518017009583 0.3214713869536071 0.613237312736125 -0.3814560455158325 0.6124438186296957
3038.369723275 36.159695999896265 -16.233715996608442 -0.7334347830718727 0.3129242926330039 0.6132559665235123 -0.384756442424986 0.6147828776209658
3038.419723275 36.111961331630035 -16.199437172963652 -0.7349827460231371 0.3102506821747071 0.6106083719025414 -0.3900774079561574 0.6154198129528026
3038.469723275 36.06341770244086 -16.16554383218203 -0.7388057110987359 0.306797116430025 0.6115199344036948 -0.3933733953460469 0.6141467829526143
3038.519723275 36.0128413300962 -16.132552615078097 -0.7446330748481479 0.3020383955307346 0.6144138965977154 -0.39140405837613657 0.6148749745920072
3038.569723275 35.96148769022215 -16.099647656249427 -0.7510625193484806 0.2975278043791016 0.6198929924878668 -0.38654210363659625 0.6146503767199557
3038.619723275 35.909254427127934 -16.066135009383963 -0.7594854008166902 0.28971157942099734 0.6217861841539153 -0.38181949697995976 0.6194053710379619
3038.669723275 35.857473449230774 -16.032338797347894 -0.7661957155264135 0.2830748034493577 0.6229505255367707 -0.3769122509223249 0.6242903599209547
3038.719723275 35.805411125121715 -15.999010138375661 -0.7701354436745886 0.2722986966934882 0.624032778853992 -0.3745929509000635 0.6293779721524859
3038.769723275 35.75186877856562 -15.967346297270785 -0.7690116693214923 0.26941407446402826 0.6275609782771515 -0.36189715708074016 0.6345184967527691
3038.819723275 35.69891451064788 -15.9360873616701 -0.7677873252057763 0.26300197756973187 0.624223811829313 -0.3532650510321798 0.6452738924355488
3038.869723275 35.64738553973654 -15.90657597432113 -0.7654229825230715 0.2483835394952247 0.6248253421435506 -0.35012140018764626 0.6521609573208605
3038.919723275 35.596485134305865 -15.877722089950925 -0.7621404503434689 0.24116684205381578 0.6262837116430438 -0.3450518824318139 0.65616039598155
3038.969723275 35.54505782021284 -15.848589090404099 -0.7602361723416577 0.23728321701464355 0.6302756471521279 -0.33977870984432584 0.6565056830421755
3039.019723275 35.49244445851225 -15.818286510921217 -0.7620528744523054 0.23243345781056984 0.6341015773072721 -0.3359663457396391 0.6565184627084032
3039.069723275 35.43969762752259 -15.785674641041497 -0.766829179124849 0.23178813849667135 0.6342518356752467 -0.33454397691453996 0.6573273121550874
3039.119723275 35.387838857410124 -15.750826036767343 -0.7702903739564004 0.23561891193897003 0.6390735076691767 -0.3335712147772558 0.6517660813544508
3039.169723275 35.33697708393219 -15.713117708357414 -0.7747042640046358 0.237548983441902 0.6414254015741659 -0.3407783270738582 0.6449915243457711
3039.219723275 35.28666781811332 -15.675432621216038 -0.7777552989844928 0.2450746654348162 0.6397663964259391 -0.3473614517423537 0.6402947666580022
3039.269723275 35.23565466141028 -15.638797359460849 -0.7769040551587896 0.25336202523489904 0.642543192838455 -0.3488914664191245 0.6334198245758871
3039.319723275 35.18429016419167 -15.60072329809446 -0.7768661208186622 0.25309663784025255 0.6400319104807524 -0.35947195589019476 0.6301437601125603
3039.369723275 35.13196206349642 -15.56267169625432 -0.7762656932090425 0.2541368189799251 0.6330264985632416 -0.3611821198062028 0.6357982429103002
3039.419723275 35.083395142964015 -15.521456850546189 -0.7725509364752238 0.25976602980819663 0.6235582725751344 -0.36547614936062645 0.6404091463348496
3039.469723275 35.03771069156895 -15.478044589738326 -0.7674305714888003 0.2574283397533213 0.6206158123876537 -0.38028856364603825 0.6355684633981571
3039.519723275 34.99044249612736 -15.434802890064438 -0.763446100597775 0.2616033002802955 0.6192086345153813 -0.38526184744227265 0.6322323063000038
3039.569723275 34.94368188516558 -15.389379858097412 -0.7624972171529043 0.26875014944016495 0.6177596252514389 -0.3916054613702541 0.6267308554795125
3039.619723275 34.897061248149335 -15.34170051425902 -0.7650946933423333 0.27392325412390073 0.6152031379260725 -0.40094783346399343 0.6210732523435675
3039.669723275 34.85127550002976 -15.292761900470001 -0.7680793502618047 0.2833538969166961 0.6151566010863737 -0.4089253302754654 0.6116150746189011
3039.719723275 34.80484351112349 -15.243495804526294 -0.7733189320523703 0.28869073283361496 0.6126990344056564 -0.41634710756805005 0.6065580269307176
3039.769723275 34.75950031234987 -15.194947713690137 -0.7776939396753714 0.29573450536360313 0.6097705039999192 -0.42012575967656934 0.6035025939009833
3039.819723275 34.71641768827323 -15.146774192950076 -0.7810318442158719 0.29860175669905853 0.6070188065706237 -0.43058515485113324 0.5974626212472526
3039.869723275 34.67248977016368 -15.10017214282051 -0.7810781872669593 0.30707585170811375 0.6028475789127699 -0.43628947092717163 0.5932374865556264
3039.919723275 34.62662693055241 -15.055008563500568 -0.7786591078479567 0.3171236442272808 0.5993424003466432 -0.43074121970810547 0.5955529221346386
3039.969723275 34.58197627876154 -15.010034498822193 -0.7772228184698357 0.3209453807158067 0.592441373797129 -0.43084974971947365 0.6003130636403169
3040.019723275 34.53857898367599 -14.966460339234374 -0.7745266737597962 0.3257398032733025 0.5888286862866947 -0.43224754540437615 0.6002802830855326
3040.069723275 34.49469750620338 -14.924081728286804 -0.7725352528320266 0.331464145769927 0.5879459007028315 -0.43214863383012564 0.5980791721791564
3040.119723275 34.449385571511094 -14.881687132825121 -0.7737848499735104 0.3343462815844261 0.5897387937441388 -0.4331729809336257 0.5939544492071364
3040.169723275 34.402638586164294 -14.838284606842743 -0.7792554454153791 0.3394902262167149 0.5852943808609666 -0.434208566663582 0.5946762099427381
3040.219723275 34.35677754083597 -14.793517575126662 -0.7846376021625459 0.34593796322548626 0.5840483786975073 -0.439067110862635 0.5885868577355036
3040.269723275 34.309306574938944 -14.746850838353943 -0.7955629487576418 0.34090122514153387 0.5760690357491711 -0.4557638366562336 0.5866942525237583
3040.319723275 34.26134936647963 -14.703449453216573 -0.8003518872347954 0.3458927242751577 0.5768287206858517 -0.46102349764093864 0.5788645652554224
3040.369723275 34.21240835678185 -14.661636238263533 -0.8007078716312177 0.3546760593022554 0.5815326205935317 -0.45603676005810373 0.5727610126563696
3040.419723275 34.16648382146238 -14.618664420921192 -0.8008104831087959 0.35903789087700455 0.5731020098091382 -0.4658359727442363 0.5706511419113693
3040.469723275 34.11968579638549 -14.57807897353087 -0.7944002705425629 0.36105138368771356 0.5756131044111009 -0.4685744367382019 0.5645790020917174
3040.519723275 34.07099722073858 -14.536874943393984 -0.7879450691744748 0.3637268051336322 0.5672150444777451 -0.4610773008434119 0.5773886275225243
3040.569723275 34.028604033170645 -14.494305346817528 -0.778965896968693 0.36459961211899267 0.5647065202861115 -0.46741847635987954 0.57418954775095
3040.619723275 33.98557141124888 -14.451536079721972 -0.7720106626568859 0.36436616087582885 0.5640512292216787 -0.47254341752062656 0.570776865491279
3040.669723275 33.94267661945915 -14.40790168711281 -0.7673647202486066 0.3721764226489799 0.5647856384283573 -0.4719563012954941 0.5654724951018906
3040.719723275 33.90053641193382 -14.362074562446795 -0.7685566787509198 0.37205025001235403 0.564740048627956 -0.4801308221627329 0.5586785144882315
3040.769723275 33.856819208191325 -14.31542089927982 -0.7719718308230906 0.3756565347383584 0.5634191266597649 -0.4824486770309961 0.5555936731581436
3040.819723275 33.81233352168124 -14.26836304640558 -0.7756322101038975 0.3757777345395753 0.5671574764522688 -0.4831166074164483 0.5511096395156049
3040.869723275 33.76727579783883 -14.22126267044615 -0.7808375254912548 0.37245573043603963 0.5660517985906433 -0.48464681957528605 0.5531541832556401
3040.919723275 33.722260278748614 -14.175125688957952 -0.7829166591470387 0.37207259054740527 0.569657625635177 -0.4819019771827722 0.5521074726050812
3040.969723275 33.67476693097551 -14.128439007888126 -0.7854135763568039 0.36508376794507674 0.56696706569225 -0.48208043561935554 0.5593394697287128
3041.019723275 33.627734482210265 -14.083291995082709 -0.7809478144275301 0.3680071768739499 0.5688385542855827 -0.4728780998046261 0.5633646418197717
3041.069723275 33.583064044954625 -14.03895099316451 -0.7768390538258998 0.36083296542437693 0.5714389877828853 -0.4718262263562734 0.5662482374604979
3041.119723275 33.539581214216916 -13.996534309230094 -0.7735427764972831 0.35963774552729877 0.5667058566345153 -0.46814528833722885 0.5747566033164254
3041.169723275 33.49755842445559 -13.955952423094127 -0.7689824655755686 0.3633354803583376 0.5662424273549355 -0.4631638076919323 0.5769195172814641
3041.219723275 33.4552803460409 -13.91603817382329 -0.765536974651363 0.3640742255641476 0.5697759993338987 -0.46030329019681193 0.5752618098717427
3041.269723275 33.41280377518573 -13.876274603039317 -0.7636865920249366 0.36823766457495877 0.5761921611145984 -0.45697272301082364 0.5688405279887694
3041.319723275 33.368936044717465 -13.835374463044312 -0.7666156822249334 0.3692835615685294 0.5785732034770913 -0.4567401134270414 0.5659250552504032
3041.369723275 33.32584543873691 -13.793390010156571 -0.7699632316894726 0.37545877092603724 0.5805772535773135 -0.4581447337443957 0.5586270373922211
3041.419723275 33.282528577630636 -13.74990761320734 -0.7749736640942667 0.3751084946968344 0.5818437455385226 -0.46604067016964407 0.5509605854612535
3041.469723275 33.23793418665115 -13.706281706180407 -0.7794285684246905 0.3730334639819719 0.5808679539020706 -0.47192054744753714 0.5483880485350221
3041.519723275 33.19246984237533 -13.662404564076288 -0.7810735928407102 0.37569721852177773 0.5788386149868469 -0.472305672016324 0.548383816296868
3041.569723275 33.147808577945824 -13.616816548321498 -0.7801537922996684 0.3830528924631684 0.5694066114563897 -0.4717106495277653 0.5536566224000631
3041.619723275 33.10681490622866 -13.569054364722362 -0.7761449815196138 0.3860712522145832 0.565359495848044 -0.4793374935963704 0.5491385944373777
3041.669723275 33.0647292955306 -13.520240213301935 -0.7733910332792823 0.3859814302500776 0.5524161571178873 -0.48385735047209016 0.5583339406227594
3041.719723275 33.02611005749882 -13.472304071957355 -0.7661176720081696 0.39441313654534205 0.5453425706843538 -0.4854570581102651 0.5580064543092423
3041.769723275 32.98954041571529 -13.423873645473336 -0.7610013307097739 0.39409263452752036 0.5439544245328358 -0.4968060902919113 0.5495346104579538
3041.819723275 32.951583963157304 -13.375073060516344 -0.7587898953203552 0.39801470473139117 0.5428092556125119 -0.5041739111587933 0.5410647596598948
3041.869723275 32.91063061327493 -13.325869644222664 -0.7581692275070453 0.4026061189616043 0.5447670146976326 -0.5049898026398871 0.5349042081549105
3041.919723275 32.86789580746646 -13.276341981818945 -0.7583194251002648 0.40820571685443263 0.5496317663865375 -0.5003305513308132 0.5300399546366086
3041.969723275 32.82394461284098 -13.226320815045485 -0.761029201927689 0.4118870349684945 0.5534679141777041 -0.4938833449233268 0.5292462375945528
3042.019723275 32.780050839313596 -13.176524377376783 -0.765713205768314 0.4130699004321872 0.5518995645150893 -0.4880023801978476 0.5353819243925155
3042.069723275 32.7376807350043 -13.12733494686236 -0.7688441313230815 0.41430655590570964 0.5488854440323623 -0.486037041176456 0.5392984717829097
3042.119723275 32.694379163147666 -13.07836866681657 -0.7687535729959463 0.4155372889240347 0.5477028352064143 -0.4841607144668235 0.5412381808293776
3042.169723275 32.65032850732397 -13.02955520622175 -0.7671474475421641 0.4135499387627821 0.5472979466048254 -0.4842432450637255 0.5430928883732444
3042.219723275 32.60615266854884 -12.983122789017065 -0.7640579778499292 0.4128956769021904 0.5413054472433645 -0.4823182647956106 0.5512482782056507
3042.269723275 32.56170156919465 -12.939158550662842 -0.7584367560435066 0.40978573600345514 0.5433009313902122 -0.47813258773638045 0.5552377662435681
3042.319723275 32.51692486675882 -12.895409249073566 -0.754755664265052 0.40601152445612465 0.5435565681544433 -0.4754943473915181 0.5600053792810317
3042.369723275 32.47202308380035 -12.851535990620274 -0.7520488510984792 0.4047497783535801 0.548903961875391 -0.4720223549485562 0.5586384823739289
3042.419723275 32.426401986662455 -12.806586513872594 -0.7531243352824721 0.40132070750699583 0.5546454232249822 -0.4726872665718263 0.5548665535446518
3042.469723275 32.379218039047366 -12.761179379768452 -0.7570716068077395 0.4015632509482082 0.5567993397111646 -0.47176194572115604 0.5533191821674959
3042.519723275 32.33243975505189 -12.715641076036187 -0.7605318552427939 0.40409892548704124 0.5610830749610954 -0.4717622530238724 0.547110791370688
3042.569723275 32.285748100107256 -12.669880963960482 -0.7644698376851269 0.40321329282806057 0.5631043003333456 -0.47610772046033173 0.5418985384284707
3042.619723275 32.23841095091274 -12.624880473478258 -0.7662125038219656 0.40868177208652845 0.5614910774646508 -0.4758774796289687 0.5396736082798388
3042.669723275 32.19061910490902 -12.5793196463116 -0.765771066647016 0.4109095612190921 0.556149170491681 -0.4779896756068593 0.5416431506752374
3042.719723275 32.14590910944511 -12.533595925300942 -0.7599552810693295 0.40674993765837286 0.5593451212297678 -0.49017623952286027 0.5304854171215205
3042.769723275 32.09890228923425 -12.488344602933783 -0.754646520938981 0.40059968933436574 0.5553696837204943 -0.497584967640927 0.532441173546135
3042.819723275 32.05214507011076 -12.444847405863001 -0.7458010246688417 0.40534014432991916 0.5514980377984381 -0.49246140934662497 0.5376160730515867
3042.869723275 32.00783718061571 -12.400147021404903 -0.7388129874163929 0.40234212239976214 0.5531157934891956 -0.4938018523702337 0.5369762249219219
3042.919723275 31.96615762963498 -12.353798515986377 -0.7352119618535276 0.4067193302982938 0.5494709281288483 -0.4958622344653707 0.5355200555851657
3042.969723275 31.92512659648332 -12.306732411745324 -0.7339751429156086 0.41221426323743376 0.5491349129997756 -0.49544301769105903 0.5320399089631583
3043.019723275 31.883727746467596 -12.258449658152749 -0.7360328953341709 0.41470884319537216 0.5509710682412028 -0.49561537418933915 0.5280273271373986
3043.069723275 31.84186107885459 -12.209377363555536 -0.7407054420833046 0.4202495233077104 0.5494266958304599 -0.4935722054170999 0.5271689692197045
3043.119723275 31.79982012578966 -12.159781215431051 -0.7466352333440658 0.42015418498334106 0.5500796256567114 -0.4938022021488282 0.5263480326089617
3043.169723275 31.757892049227184 -12.11020208211382 -0.7526478895266059 0.41701977399916307 0.5479975039148651 -0.49803179774933 0.5270271076779021
3043.219723275 31.714205451727114 -12.06121612667606 -0.7565649076692135 0.4162814593774928 0.543386838683229 -0.4976985045449991 0.5326693990629299
3043.269723275 31.67009606076338 -12.012629629728433 -0.7559339425456277 0.4196617181102101 0.5428077174098853 -0.4936926757816539 0.5343326362413282
3043.319723275 31.62424745114388 -11.963923314131568 -0.7586953358107918 0.4087314053433348 0.5371191230347636 -0.4960708800796161 0.5462191573841623
3043.369723275 31.579053336704867 -11.920005891080136 -0.756062808708543 0.410679479356759 0.5318415308445559 -0.4902747895054874 0.555083401012434
3043.419723275 31.531110688739933 -11.878708921245108 -0.7541029572975261 0.40215931408098804 0.5372537767781324 -0.4844518140136698 0.5611886539608645
3043.469723275 31.483954150739493 -11.83678473722254 -0.7559410632999586 0.4003109981480259 0.5330720815078721 -0.48187404579468246 0.5686674464641529
3043.519723275 31.437236422787063 -11.795131139446738 -0.757717637695202 0.3997007380494539 0.5352207095847835 -0.48257666671857613 0.5664784839453932
3043.569723275 31.38776989854356 -11.752841618280188 -0.7622494071717154 0.39191785653122807 0.5409973546589025 -0.48577742235031535 0.5636865724130041
3043.619723275 31.337044494174098 -11.709712308647319 -0.7667083446960186 0.39553645679801325 0.5437536357769809 -0.483997489927785 0.5600261821259712
3043.669723275 31.28492927041396 -11.665382580938548 -0.7722076292042039 0.3933888813229007 0.5481867349207317 -0.4858441148787611 0.5556005649260423
3043.719723275 31.232216077587783 -11.6206765049677 -0.7767113495210103 0.3957179062452967 0.5477601177430327 -0.4859357587527884 0.5542856938910921
3043.769723275 31.179360351345302 -11.576102327236663 -0.776932856761801 0.4108781293159615 0.5360516022938616 -0.47753056838160707 0.5619540895741744
3043.819723275 31.129734200686222 -11.531827385456284 -0.7690541434913122 0.41476638214293887 0.5385787778871984 -0.47946356294316306 0.5549922882918615
3043.869723275 31.080885454236913 -11.486311322342955 -0.7615016337988094 0.40700541249323147 0.5408375749608068 -0.4876616281419595 0.5513868407476386
3043.919723275 31.035297679079743 -11.439831392419084 -0.7529456921497891 0.41725363445593194 0.5309203882846717 -0.4882830894937186 0.5528133232398061
3043.969723275 30.991922648027327 -11.39192378274917 -0.7483157598414346 0.4125531578576345 0.5253487812767274 -0.5000769592249419 0.5511184852689
3044.019723275 30.949475533815015 -11.343704446786942 -0.7454828227848784 0.41082784507245523 0.5223339478267645 -0.5093279679633189 0.5467840064515294
3044.069723275 30.90735400113124 -11.295252834635784 -0.744033052758363 0.4148119145418636 0.5207917973570849 -0.5134434346385573 0.5413712393415929
3044.119723275 30.865728815217103 -11.245954715985656 -0.7454608923021169 0.41488758026144634 0.5219132415183297 -0.5206567583645102 0.5332836056377427
3044.169723275 30.823147649905255 -11.19639621509311 -0.748540604753226 0.4147015283411538 0.5248510173876318 -0.525743837162323 0.5254973545361723
3044.219723275 30.778928492195853 -11.146710166940231 -0.7538206329457263 0.4125844102945868 0.5274246323713165 -0.5295518046249511 0.5207420165190318
3044.269723275 30.733585356385227 -11.098714775826537 -0.7595649600374951 0.4109450164337981 0.5264350551852447 -0.5322891142235373 0.5202486184695312
3044.319723275 30.687028470870953 -11.052483101818908 -0.7632330369350717 0.4076560509721344 0.5267825638517888 -0.5344841905524141 0.5202339133284866
3044.369723275 30.63951550771947 -11.00734728830026 -0.7642333361356818 0.40304770480199176 0.525216498605491 -0.5349273950036061 0.5249312900952758
3044.419723275 30.592687481690486 -10.963891368219617 -0.7623437965268822 0.3975298801600925 0.5232128044214808 -0.5355644280037188 0.5304612135928141
3044.469723275 30.54512714558257 -10.923289348875805 -0.7577177830803881 0.3933588044946038 0.5254022682890161 -0.5295888597854929 0.537361095534869
3044.519723275 30.497447747722724 -10.883824429133876 -0.7545952444476629 0.3949914250309815 0.5208019476031823 -0.5197277257710805 0.5501183478030407
3044.569723275 30.450162010723716 -10.84429777996106 -0.7520944372605982 0.3988796141454445 0.5191227451404107 -0.5076669911685923 0.5600721872891871
3044.619723275 30.404088148592077 -10.803429887675444 -0.7520213526122833 0.40008559748173045 0.5177546233459449 -0.5015719187932864 0.5659392855860128
3044.669723275 30.35888670775727 -10.76073839978507 -0.7535205920084311 0.40014204835989176 0.5203128346708749 -0.5010734916097389 0.5639913573957797
3044.719723275 30.312780046310966 -10.716084107047626 -0.7576920985286849 0.39919249020429454 0.5225573184394166 -0.5047779606305548 0.5592659610342459
3044.769723275 30.26554828048395 -10.670903287263314 -0.7608058367428998 0.4078048224574798 0.5253074688557271 -0.5026941489668149 0.5523095893965108
3044.819723275 30.217952934822254 -10.625372600411863 -0.7647703724427074 0.4101758696461614 0.5257760087096243 -0.5058332556376227 0.5472184774991027
3044.869723275 30.170153852305273 -10.580139239756413 -0.7646988485800336 0.41579807654758594 0.5266792359625236 -0.5059630843114802 0.5419615293166798
3044.919723275 30.12326576132492 -10.533612223777814 -0.7614408204947968 0.41916749613901516 0.5226635421271452 -0.5101471286572717 0.5393248919106141
3044.969723275 30.078920063546995 -10.486834461009325 -0.7532388402847943 0.4142122516796453 0.528389971464318 -0.5228754442782033 0.5251985513929822
3045.019723275 30.031685106471713 -10.43948538988928 -0.747015684508409 0.40389588601668097 0.525093242607018 -0.530276440237305 0.529104995966301
3045.069723275 29.986633054909785 -10.393776038165393 -0.7347833198148087 0.4150961332459876 0.5205405077528452 -0.5211952072475279 0.5339366403374526
3045.119723275 29.9440316939658 -10.346963208703043 -0.7256204521926445 0.4105758881095104 0.5252790471792828 -0.5218151474938812 0.5321825951151078
3045.169723275 29.905999408440398 -10.298190825584067 -0.721428261370562 0.4153165467728182 0.5192160138433106 -0.5266971429026918 0.5296385716727079
3045.219723275 29.86937861540457 -10.248965969842459 -0.7199699248170591 0.41956084540053123 0.5170616257120542 -0.5326478645782889 0.5224004446619358
3045.269723275 29.830591305463646 -10.199442320825197 -0.7222835597178254 0.4174213348274357 0.5202062213096934 -0.538118446084427 0.5153381943202482
3045.319723275 29.789636499072 -10.149684746396016 -0.7268054369362762 0.4205411588294026 0.5184757504671902 -0.5372589410643729 0.5154423926631335
3045.369723275 29.74850935411967 -10.10115891612988 -0.7300081020553664 0.4215190414627792 0.5221609641629809 -0.5346178655892743 0.5136665873710835
3045.419723275 29.707782094763353 -10.053455235297971 -0.7319611327517372 0.4218996999662784 0.524924590112747 -0.5316605376906922 0.5136067469628619
3045.469723275 29.666677592601314 -10.005019772089948 -0.7335481961091348 0.4176785697364828 0.5239054251224173 -0.533574620618779 0.5161064252087079
3045.519723275 29.624326324699425 -9.956294561351221 -0.7309516318823733 0.4198344261875995 0.5235725461039351 -0.5290699531104662 0.5193224704070306
3045.569723275 29.58158023243758 -9.90764664563442 -0.7299171927636895 0.4138879213054124 0.513979280921536 -0.5303924876555469 0.5321709278224678
3045.619723275 29.541227622191645 -9.86258572216691 -0.7227262273277363 0.42046235797761866 0.5079150741356949 -0.524525840084691 0.5386151929467656
3045.669723275 29.500873416384103 -9.819080982836532 -0.7161563945107777 0.41727626831723397 0.5117554568359652 -0.5240093041725935 0.5379601448419862
3045.719723275 29.459499962829867 -9.7759227008578 -0.7127768607567998 0.4139237702137176 0.5184385969595462 -0.5239236759167873 0.5342214105111477
3045.769723275 29.415216994605952 -9.732466769721839 -0.7133655065465107 0.41473790105307834 0.522882675161905 -0.517553732987079 0.5354664461166136
3045.819723275 29.37070398272624 -9.687769872680283 -0.7171495422939309 0.4165998632399709 0.5261545484374727 -0.5120470744460743 0.5361098195875666
3045.869723275 29.326680014370993 -9.641433474513292 -0.7228225781261552 0.4164876315757467 0.5286987308618716 -0.5108733138445376 0.5348122679323765
3045.919723275 29.28445817101185 -9.593837995836969 -0.7274700568834673 0.42224860256690677 0.5321593321604081 -0.5106284516753961 0.5270399863050909
3045.969723275 29.24093509814008 -9.544839293266753 -0.7347377529473496 0.42093310476444185 0.5284385610961505 -0.5157262441442408 0.5268723275717491
3046.019723275 29.195232628219664 -9.49636480298283 -0.7376862763206831 0.4286550170462786 0.5200854794917689 -0.5090776526175759 0.5353558760191676
3046.069723275 29.152400844622186 -9.447515988942236 -0.7342157149215625 0.4354372544450347 0.5144752264037633 -0.5053228949074011 0.538849153975925
3046.119723275 29.113686669971667 -9.396917452005468 -0.7293421611249122 0.4313350455693232 0.5114199644670163 -0.5164186325003268 0.5345198727968478
3046.169723275 29.075610719987843 -9.3453277636187 -0.7241733525745768 0.4332786202867191 0.5001303066098828 -0.5225736936714029 0.5376393291932505
3046.219723275 29.04020384289508 -9.293135236625295 -0.718685363143764 0.4358006916399729 0.4909128848696803 -0.5313492920225056 0.535490640910027
3046.269723275 29.004867425077325 -9.24092066498828 -0.7137964981319281 0.43781928217203275 0.4875642859065094 -0.5388247282323202 0.5293989568484319
3046.319723275 28.968788806332157 -9.188536346866933 -0.7109067466029778 0.4412560548801964 0.4885290475922942 -0.5437454065701722 0.520551050833604
3046.369723275 28.93067218915592 -9.135381216284067 -0.7120293790088019 0.4426111028153146 0.490993916679742 -0.5484286195032667 0.5121000241728549
3046.419723275 28.888888032670586 -9.081281794993703 -0.7158919701494253 0.4464497047961428 0.4927748429954232 -0.5447900863484272 0.5109396999791131
3046.469723275 28.84732690721427 -9.026609944966607 -0.7207252507322659 0.4486278266565584 0.4947274391802861 -0.5427936986375728 0.5092669582751987
3046.519723275 28.80644183866845 -8.972564118329325 -0.7253192453535356 0.44739849619960514 0.494614876702963 -0.5424982224720613 0.5107703867268526
3046.569723275 28.766491303782864 -8.91946439286645 -0.7269619479419186 0.4494363705254086 0.49347117739808144 -0.541507383795875 0.511138825781065
3046.619723275 28.72783988326686 -8.866353266310888 -0.7239864094029679 0.45442094212879713 0.4932605346377368 -0.5424489479635873 0.5059098646763749
3046.669723275 28.689874310604402 -8.812658938427909 -0.7207253939037201 0.4522547662144681 0.49588559106631147 -0.5511710659039426 0.4957555477444743
3046.719723275 28.649835215812537 -8.760065971085032 -0.717719045767872 0.45189070958224004 0.4860629654032751 -0.5551076389972917 0.5013911540738297
3046.769723275 28.608602202263675 -8.709134853619709 -0.7125057256988032 0.45411812006002555 0.48560142796873157 -0.5517015596671171 0.5035805548755307
3046.819723275 28.567255984284078 -8.657667100370281 -0.7111957677621213 0.4538879620328817 0.481199990142567 -0.551677115972154 0.508020321563102
3046.869723275 28.527454294169246 -8.606756893012873 -0.7093995166482445 0.46109517762778623 0.48005508295150884 -0.5510037694482 0.5033221637824976
3046.919723275 28.486723746119754 -8.554927798210041 -0.7113437308367825 0.4617381429410054 0.4820916663953114 -0.5544479540560917 0.4969637600354751
3046.969723275 28.44552042313274 -8.50250632112436 -0.7159137785790237 0.4663306773175271 0.4794832403044827 -0.5574924785658499 0.49176585688943003
3047.019723275 28.403996839249025 -8.450156443182014 -0.7195463216470419 0.4758702084030539 0.4787738208236905 -0.557244954087231 0.4835299725897443
3047.069723275 28.362630496281348 -8.39753212591129 -0.72397664807368 0.47915247068221795 0.47852272984756866 -0.5616807495686009 0.47533529473668573
3047.119723275 28.320314998490044 -8.345151101736002 -0.7268615325742687 0.4873690820414274 0.47339989531062354 -0.5606367676726208 0.4733395522493161
3047.169723275 28.27865344856362 -8.292828603330948 -0.7278606496135458 0.4884645870794097 0.46354208235546257 -0.5655088330160666 0.4761626243582229
3047.219723275 28.240027998995277 -8.242767831668813 -0.7206788534744643 0.4901431694818602 0.46691053646152475 -0.5720632077887476 0.4631391914380986
3047.269723275 28.20105808715545 -8.191772266194365 -0.7150878366430056 0.4839673687116927 0.46154157736045015 -0.5803375326182912 0.46471852408142933
3047.319723275 28.164908403172024 -8.141965023123472 -0.70419444515952 0.49183309805679615 0.455466030249837 -0.5795359346217999 0.46345334115350323
3047.369723275 28.131176175167063 -8.09083376794619 -0.6962027232993805 0.490154496461224 0.45555479819704586 -0.5876478060067036 0.4548499219896608
3047.419723275 28.098622443526548 -8.038307339839672 -0.6920225263771327 0.49410028997594685 0.4495409764446279 -0.5942196897124635 0.44797407771088676
3047.469723275 28.066876236009776 -7.98540092961784 -0.6904901788003224 0.4993634701142823 0.4455675277110551 -0.6004992306367983 0.4376144158611477
3047.519723275 28.033924310865874 -7.931748405436287 -0.6920683969245292 0.5018999408669202 0.44632209343568047 -0.6056750236243038 0.4266741192370036
3047.569723275 27.999859232259737 -7.877523332870796 -0.6963181259056208 0.5066099078434853 0.44458404734476215 -0.6073385057954072 0.4205132167953442
3047.619723275 27.9654854085359 -7.82365510471034 -0.7017479479162604 0.5136916807636516 0.44099858530456476 -0.6062532700572949 0.41725061703779903
3047.669723275 27.93036795936975 -7.770402628092055 -0.7075178176363459 0.513430828716986 0.4386703169789075 -0.6072345406473801 0.41859688217828267
3047.719723275 27.89589668687902 -7.7185955783830655 -0.7096631636243513 0.5155060051219134 0.43887986389746425 -0.6076957892294966 0.4151431698839911
3047.769723275 27.859975722768674 -7.666851655493554 -0.7098744770313279 0.5157056140984253 0.4402803193980137 -0.6076492364767057 0.41347716423936387
3047.819723275 27.820041133423835 -7.615052706431351 -0.710184739281773 0.5139898291300093 0.43745513052884827 -0.6025522470041496 0.42588525914281483
3047.869723275 27.780409671660234 -7.565437224739214 -0.7101033098122211 0.5154770813021926 0.4264411874304902 -0.5960522654333191 0.4440191315549979
3047.919723275 27.741874898566802 -7.518774457897482 -0.7073408805484652 0.510586268506823 0.42843046209493035 -0.5938493412678748 0.45065725494783093
3047.969723275 27.704657884848334 -7.473596250495346 -0.703632155340138 0.5141572740429111 0.4330730257687939 -0.5896646875240222 0.4476445109541962
3048.019723275 27.6666996707378 -7.426484683420077 -0.70783352894692 0.5112116065589997 0.43091672573472084 -0.5933516322612586 0.44822685026037196
3048.069723275 27.62720335876668 -7.379275957714489 -0.7133422950753552 0.5121763940145664 0.4307190855208756 -0.5937617193301723 0.44676999836646814
3048.119723275 27.58720468582851 -7.33174036744997 -0.719974241206111 0.5126210185051941 0.4321777020617844 -0.5953163686306397 0.4427646626230705
3048.169723275 27.547650232347024 -7.283536261612663 -0.7274394373357975 0.5140187625464291 0.4303059088426082 -0.5997771290899012 0.43690837939555566
3048.219723275 27.50635499135391 -7.235043141233209 -0.7335056795135896 0.5106820653824915 0.42844425403218195 -0.6049944592953821 0.435454995958673
3048.269723275 27.463327833577303 -7.187057638542282 -0.7334484241774712 0.5126175543060376 0.42584621236046716 -0.603085256265546 0.43836790497327854
3048.319723275 27.421806137593617 -7.139636366624207 -0.7275507786219422 0.515093461399338 0.42521205254301037 -0.602032061735641 0.43752809399870773
3048.369723275 27.3812184285575 -7.091279471333491 -0.7209739990303198 0.5109833479150633 0.4297538656163343 -0.6056973140582741 0.43282605846219957
3048.419723275 27.33814886258678 -7.040744895831038 -0.717045730510166 0.5056721779229286 0.4231263367748193 -0.6042620403384369 0.44735571775515903
3048.469723275 27.296423213047547 -6.9915836247585785 -0.7105884853316661 0.5038394887677462 0.42374632718119154 -0.5993563981546154 0.4553643900765991
3048.519723275 27.255055011668087 -6.942883274122883 -0.7057567955547299 0.5006424757927986 0.42692984001605644 -0.595208943991497 0.4613180422750108
3048.569723275 27.21390670389698 -6.894706214229947 -0.7018745668952059 0.5018325273868708 0.432450788655627 -0.5880534962709887 0.46405119908378434
3048.619723275 27.1729941866474 -6.845956257539479 -0.7011975859491086 0.4997917846327935 0.4418660224680984 -0.5841207072980316 0.462347909595617
3048.669723275 27.12983132791317 -6.795210072863872 -0.7040689035832753 0.49617192661655907 0.4481542252461821 -0.5782772782135575 0.4675110684609792
3048.719723275 27.086248638960516 -6.743900018020727 -0.7068439684394282 0.4937805913474385 0.4561619638139254 -0.5711281961160193 0.4710727905316322
3048.769723275 27.042289834046763 -6.6922158265700435 -0.7094263908842963 0.4871045248232241 0.46401148326228303 -0.5645806040537187 0.4781958456781231
3048.819723275 26.99965706887615 -6.6414596104883685 -0.708032295295723 0.48636158613304453 0.46752126318778303 -0.5566291964243266 0.48480946122106283
3048.869723275 26.95688551151643 -6.591150157282649 -0.7023690053921808 0.48321918891597093 0.47521231593318475 -0.5489990194510085 0.4891549313772083
3048.919723275 26.915257287716766 -6.541435560634317 -0.6936552164989279 0.48096917453234395 0.4848793129880717 -0.5427842660648092 0.488820974896104
3048.969723275 26.87302826826845 -6.493125168568092 -0.6871307241801976 0.47210607722684694 0.488946738389811 -0.540380812642634 0.49601967318961304
3049.019723275 26.8300651582913 -6.447973663041473 -0.6795490943667116 0.46903294497741366 0.4903305369464687 -0.5318500186760778 0.5066750622419244
3049.069723275 26.787521010866495 -6.4051478575674725 -0.6725763290475715 0.4636919821360214 0.49610250047437626 -0.5270335730294841 0.5109869544573665
3049.119723275 26.744345841015516 -6.363136309899822 -0.6673748400861458 0.4609860584579234 0.5043327871515405 -0.5197498072002421 0.512835677022083
3049.169723275 26.701401171759944 -6.320545629938963 -0.6670917901378769 0.45681296965827123 0.5105034663312776 -0.5180888931731729 0.5121445307589821
3049.219723275 26.656830152043774 -6.277469363721027 -0.6704251712188982 0.45314313325563615 0.5129375453672367 -0.5165844388619708 0.5144870191380554
3049.269723275 26.610710929685816 -6.234705913566486 -0.6729294235703432 0.4541763986528782 0.5174783537362263 -0.5095372564942697 0.5160540054736904
3049.319723275 26.5644088755693 -6.191929674706707 -0.6740497371023372 0.45284226532522404 0.5247670642112755 -0.5067766895327162 0.5125727245966756
3049.369723275 26.517666063561695 -6.1497319857284145 -0.673077818262727 0.4527052887037137 0.5307484953500923 -0.5054992661050173 0.5077740129531931
3049.419723275 26.467017488961883 -6.107473055536108 -0.6721455922820402 0.4473297287641128 0.5330905854988977 -0.5004828871195727 0.5150023505933978
3049.469723275 26.418148124602943 -6.065666599955441 -0.6664414181219462 0.4490207111071449 0.5333814222805364 -0.4921336799451249 0.5212380458355812
3049.519723275 26.371591652399488 -6.023565377539768 -0.6615024674108234 0.4332985096895915 0.5401137827782441 -0.5025430292303426 0.5176678538655319
3049.569723275 26.321648053095767 -5.983464290618535 -0.6557205405074118 0.4321106375098653 0.536892763484228 -0.49323026504399653 0.5308017173236307
3049.619723275 26.273358104182247 -5.943707807337104 -0.6516269422663469 0.42681301174381087 0.5360666123709904 -0.48572865530094983 0.542707023657147
3049.669723275 26.227981779970264 -5.903088362570266 -0.6515725189734576 0.41340799890218277 0.541688471255927 -0.4880654193434567 0.5453985450963409
3049.719723275 26.18451357958597 -5.862099535538557 -0.6558393612398605 0.40316428009057825 0.5432140281924347 -0.49443130178045736 0.5458156929345996
3049.769723275 26.139506526364563 -5.8209941794719615 -0.6621470623413644 0.39500594647459253 0.5479888965816491 -0.49611815966456446 0.5454770784588331
3049.819723275 26.094004081487384 -5.778150183199256 -0.6705718686426037 0.3935254957385079 0.5470054242793804 -0.49522805224256583 0.5483355964049127
3049.869723275 26.048539606198137 -5.733865738282056 -0.6789854612991008 0.4001979810692277 0.5416334614248723 -0.4902797749678622 0.5532635101563159
3049.919723275 26.001736906737026 -5.689910656294313 -0.6853310905121004 0.4065097301662429 0.5368801075914683 -0.4831557972848776 0.5595266436039985
3049.969723275 25.952771095899386 -5.645738969236689 -0.6899236047115327 0.39968695434886387 0.5401666774837593 -0.4794475694713927 0.564446921497017
3050.019723275 25.904808609989775 -5.60091014487082 -0.6910331926875707 0.39779111611023066 0.5387727319299083 -0.47517759408048693 0.5706946866376452
3050.069723275 25.858834363281307 -5.5569291086782 -0.6877536802151828 0.39021388541854823 0.5436859551178692 -0.4758193363670232 0.5707316926309387
3050.119723275 25.813034170557405 -5.515463570056831 -0.6820926295086022 0.3819567163651838 0.5475784774280427 -0.4748800963421406 0.5733722804419416
3050.169723275 25.76884898120678 -5.475135349881966 -0.6760503518232813 0.3789759464198425 0.5485686155013221 -0.4742155796960659 0.5749515545640966
3050.219723275 25.72556542062742 -5.435911144563952 -0.6704467999591318 0.3854147150036475 0.5467202898422847 -0.46993835223218977 0.5759430242955633
3050.269723275 25.68078225271665 -5.396921958946916 -0.6668432792439595 0.39392180779281494 0.5487913505632356 -0.4618836190036983 0.57473227279166
3050.319723275 25.633065379412358 -5.356926700235098 -0.6694001281409955 0.3978985467661077 0.5483433116524814 -0.4563945121154254 0.5768018796418163
3050.369723275 25.583036362198 -5.316679898894336 -0.6746707178771463 0.40049378879532466 0.5501039372158114 -0.45124472693308226 0.5773807927279158
3050.419723275 25.531106247551428 -5.276675542539466 -0.6800076390474677 0.4029071674896832 0.5547036110022662 -0.4450834018271471 0.5760820113008749
3050.469723275 25.479667705672377 -5.2364603296191845 -0.6855735706167608 0.4006945166783328 0.5558395082584602 -0.4440791655283107 0.5773041140565255
3050.519723275 25.428714627121103 -5.197147812791978 -0.6884231867672902 0.40020411185496035 0.5531436959956656 -0.44264536180729136 0.5813207411619934
3050.569723275 25.37877896376096 -5.158477051654145 -0.686962395206548 0.3939508289944488 0.5519693104744177 -0.44251348635538656 0.5867831277589565
3050.619723275 25.329524568281723 -5.1205161623942095 -0.6786033577097796 0.3900421198928562 0.5616742330171302 -0.43863780733068347 0.5830832484767813
3050.669723275 25.282236656404535 -5.080797800433432 -0.6742416923481229 0.3828940858006876 0.5580515739577715 -0.44047461709579805 0.5898751321732589
3050.719723275 25.23881111207375 -5.040777805960798 -0.6677272579527401 0.38302872459928755 0.5577844433910514 -0.43975197079085343 0.5905791352802253
3050.769723275 25.19474473255918 -5.0007060509366 -0.6655008494304212 0.37776673890966284 0.5575298292231785 -0.4418281596114106 0.592655598028337
3050.819723275 25.150103466434558 -4.959324248318831 -0.6671829395992969 0.37114297438948224 0.5572297220734272 -0.44473111055771736 0.5949471982465324
3050.869723275 25.10502477662541 -4.9160507987509945 -0.671413695248342 0.3675602279989772 0.5572918036509332 -0.44473467943726147 0.5971066816597063
3050.919723275 25.059586328121917 -4.870031177441738 -0.6783489817331301 0.3625123159071139 0.555348822646835 -0.4470862291757278 0.6002386272824032
3050.969723275 25.012248138146482 -4.8231411856404955 -0.6837475828508468 0.3565793685408219 0.5595024398339794 -0.444413640576723 0.6019175108104068
3051.019723275 24.96538018090647 -4.7736681079072785 -0.6875286331393953 0.3527605947487427 0.5623891724286322 -0.4434074722247522 0.6022193911713632
3051.069723275 24.918184101439735 -4.7230846856873505 -0.6886841315839203 0.352763903611016 0.565144280849578 -0.44240510397348465 0.6003726293814047
3051.119723275 24.866808594291705 -4.673761442899613 -0.6882859672149494 0.34580900186550867 0.5656475680798775 -0.43343234423390464 0.6104059025976103
3051.169723275 24.815979240432373 -4.624997466071533 -0.6792303518257066 0.35228611638902235 0.5810228560848261 -0.41900643590408343 0.6022794530593992
3051.219723275 24.767404869295767 -4.5756893782475005 -0.67421360858471 0.3617776597815346 0.5817728053021259 -0.4115055747473764 0.6010994009693591
3051.269723275 24.72113976917869 -4.5250236470335805 -0.6749307706869232 0.36069651058755675 0.5660542969541554 -0.41613542574360607 0.6134426359415239
3051.319723275 24.677375797413866 -4.4740867775826105 -0.6726290871159185 0.365427033741604 0.5602003039439959 -0.4239646806972945 0.610649369108909
3051.369723275 24.631344811993774 -4.424697342265035 -0.6731315237157357 0.3680573358156528 0.5588052990862366 -0.4292915666818833 0.6066128798840654
3051.419723275 24.582610713504305 -4.376399890976688 -0.6770964791526476 0.36909614447334577 0.5582445452159644 -0.43217337809303163 0.6044478762798241
3051.469723275 24.532430168742668 -4.32810932799843 -0.6829520139316818 0.369708370593589 0.5576309390671844 -0.4373159826480702 0.6009311007333838
3051.519723275 24.480758585941835 -4.28060044419627 -0.6877265931393963 0.36809286648440703 0.5610547589844549 -0.442319059772493 0.5950454171121441
3051.569723275 24.428825292520166 -4.234412788476613 -0.6902182460329672 0.36744900578804734 0.5654065239758348 -0.4463533029152571 0.5882732526365447
3051.619723275 24.377496702245473 -4.189899051318436 -0.6895824247560012 0.3675961334562239 0.56923231566408 -0.44772962560116986 0.5834259471696297
3051.669723275 24.327282891471892 -4.146421683067144 -0.6862143431708191 0.36814807618753426 0.5703317233821512 -0.4483059812661563 0.5815586526433525
3051.719723275 24.278092727758537 -4.105378596761367 -0.6793095878003514 0.36989074025122864 0.5718473670210819 -0.44516498315168146 0.5813773016578972
3051.769723275 24.23061822732111 -4.065858959698747 -0.6709210538023761 0.37411326147546287 0.5724936442180537 -0.4354331155089693 0.5853958462752168
3051.819723275 24.187835952861874 -4.023134122785843 -0.6652398482624486 0.37156468404668463 0.5642596941801391 -0.43992907039041595 0.5916190464466539
3051.869723275 24.146547549891427 -3.979412293963655 -0.6592942561720843 0.37270729530587904 0.5600114903508676 -0.444726520181637 0.5913499175174615
3051.919723275 24.104332680937556 -3.9357643305111663 -0.656478534711422 0.3725043684159999 0.5586023880527362 -0.44863987346508966 0.5898526354183778
3051.969723275 24.0605092865603 -3.8919027159093025 -0.6567423088460012 0.37082866522402264 0.560212981152822 -0.4518593595578677 0.5869162086499158
3052.019723275 24.014414732254753 -3.846731981126486 -0.6603322123918826 0.36978317489876783 0.5605522979284867 -0.45086527493758305 0.5880153303310538
3052.069723275 23.967425620449553 -3.799473927822185 -0.6651666673739401 0.3626543440764438 0.5638214369645015 -0.4551264243285551 0.5860436432721312
3052.119723275 23.918451471274803 -3.7527361181446643 -0.6688446395010014 0.3641077155443366 0.5712028400860251 -0.45038260951604364 0.58164283886614
3052.169723275 23.867557010566873 -3.706606252384563 -0.6759353855174215 0.3591204711525415 0.5714215083531677 -0.44949132387534974 0.5852072254777387
3052.219723275 23.814092166447637 -3.6626093177513144 -0.6836566822275149 0.3540170672854013 0.5611056107414152 -0.4436201560128083 0.6025226691538823
3052.269723275 23.76080253092361 -3.621030428238507 -0.6826406080529996 0.34705220970623274 0.5634331912865229 -0.43529026364237705 0.6104262355705686
3052.319723275 23.710096395851423 -3.580941313230509 -0.676347181704322 0.3515716119169291 0.5702898603265871 -0.4280086453997536 0.60660982218052
3052.369723275 23.65976269961612 -3.541915110002933 -0.6750267178966367 0.34649201150103076 0.5628401157341527 -0.4286533656293561 0.6159631338164329
3052.419723275 23.611885511929536 -3.504050299230701 -0.6719385342992426 0.3521172229319795 0.5561886529255805 -0.4245564454973738 0.6216264700430109
3052.469723275 23.56518325053342 -3.4666032845685817 -0.6674315754061934 0.35121846018412034 0.557405155087295 -0.42563110949510297 0.6203089915017932
3052.519723275 23.517381192711923 -3.430029581294481 -0.6636815823580257 0.3495045788163632 0.5633417293934857 -0.4241818442755388 0.6168974050013146
3052.569723275 23.4690615093263 -3.392538061363419 -0.6623566536924109 0.34823215810306246 0.5701911009398244 -0.42344107401693787 0.611812168322351
3052.619723275 23.42146824083649 -3.352766614569707 -0.6636527500646587 0.34569574507034856 0.5743285962765691 -0.4289522135382008 0.6055089708996227
3052.669723275 23.375233180468225 -3.311864209553169 -0.6652157155423759 0.3447313897996288 0.5778473715270004 -0.4365964234360882 0.597190293917248
3052.719723275 23.32969249163468 -3.271395662264299 -0.6683484148267991 0.3455967136773579 0.5756502826163362 -0.4427014029781199 0.594310635459561
3052.769723275 23.28386765295774 -3.2316873365042924 -0.669664309587763 0.35071987236926416 0.572931482667791 -0.4420347568050592 0.5944328061855824
3052.819723275 23.23899220961794 -3.190756830770626 -0.668493621722559 0.35961925640513775 0.5683242027589103 -0.44091156513841945 0.594372427614416
3052.869723275 23.194619505174888 -3.1491868445260396 -0.6665086863016579 0.3651395872386506 0.5602043210754454 -0.44465463770335306 0.5959248724868658
3052.919723275 23.15188438654823 -3.1072486232728314 -0.6630537250936632 0.3714724134585874 0.5512609911087962 -0.44355177824617315 0.6011500525955711
3052.969723275 23.113764139980884 -3.0620375646403772 -0.6610246403818851 0.3791193143263326 0.5380605600961241 -0.4523624992208324 0.6017703452916727
3053.019723275 23.07560379866996 -3.0167269700933046 -0.6622223671121537 0.3796591086063468 0.5245034131295697 -0.4622476710291715 0.6058731067606262
3053.069723275 23.037964214537634 -2.971627699900312 -0.6626971015158475 0.38335370886000514 0.5207384661588395 -0.4689374067300884 0.6016386725727306
3053.119723275 22.999550039340477 -2.926208774357014 -0.6666898771979077 0.3886539287868375 0.5178207883080187 -0.47399203664378803 0.5967757569078119
3053.169723275 22.95914993576912 -2.8805215677933806 -0.6748271850460024 0.3873369892420839 0.5147984814457655 -0.48000187868308575 0.5954416652592596
3053.219723275 22.91642314098397 -2.835444369668515 -0.6826884766767397 0.3869728964356831 0.5148072659282618 -0.48330349915527737 0.5929950961651461
3053.269723275 22.869494276563227 -2.791937143435538 -0.6884946834138534 0.38530587741315975 0.5205574271637321 -0.4783094814440768 0.5931099272615906
3053.319723275 22.821357670048815 -2.74866012320673 -0.6915577514092793 0.38117434404759887 0.5282817470191807 -0.47416737051835894 0.5922751218327091
3053.369723275 22.771051882511173 -2.7053008399393144 -0.6943530365503452 0.3731964196918333 0.5285106201531641 -0.47382058976586466 0.5974069010552551
3053.419723275 22.717063037801488 -2.6639548667652466 -0.6886509003113793 0.36303069752049727 0.5422511477051182 -0.46219081558690683 0.6004598699808116
3053.469723275 22.665887822871262 -2.62233416837174 -0.6765000713840101 0.3751327805578005 0.5611721607910343 -0.4486343228761938 0.5857375241876808
3053.519723275 22.614899063651187 -2.5808985220849356 -0.6759231198291573 0.3664409883348095 0.5494395574768245 -0.4537746773268265 0.5982689336450739
3053.569723275 22.56582760656751 -2.5417389384782845 -0.6728705458925317 0.3662033243665351 0.5433103900482258 -0.45389503918946156 0.6038942280629451
3053.619723275 22.517046532006646 -2.5027757728235294 -0.6721877038313172 0.3683649716608691 0.5381589086509794 -0.4540796015651845 0.6070452636626672
3053.669723275 22.46594478387272 -2.464007749197734 -0.6764662083805388 0.35882153576712195 0.5342066802104662 -0.45704380430889124 0.6139880204296275
3053.719723275 22.414062678081127 -2.425461753402496 -0.6800844970068636 0.361875470182495 0.5360258044388869 -0.4528588511695223 0.6137111225758116
3053.769723275 22.36079741987131 -2.386426456024632 -0.684984541519135 0.3578046824449118 0.5424252310834228 -0.45408340838064326 0.6095563436943375
3053.819723275 22.30718278234919 -2.3469481188197365 -0.6890928853619985 0.36345223486436645 0.5474985836105593 -0.4530064860679005 0.6024391234780009
3053.869723275 22.2527350233991 -2.308936548628525 -0.693699152662777 0.36210820342750794 0.5486741279188374 -0.4522947790367135 0.6027136826214718
3053.919723275 22.199124482933822 -2.271253371637106 -0.6936056644263534 0.36706313262639784 0.5513216479081515 -0.4447260258865747 0.6029327152456313
3053.969723275 22.148281331629207 -2.229088456027755 -0.690734952268266 0.3665343518283183 0.552199481976997 -0.44980452494807777 0.5986686816348129
3054.019723275 22.099735276834867 -2.1848374904002132 -0.6880924177691379 0.3693763535531474 0.5434032721036643 -0.4603848647654593 0.5969252629916922
3054.069723275 22.052456797223517 -2.1429587488920805 -0.6831802429108329 0.37079907669838963 0.536807864313761 -0.46348790541603485 0.5996034715239541
3054.119723275 22.006789703618725 -2.101931946742372 -0.676766930142766 0.373014199532892 0.5339476924804556 -0.4649527839680074 0.599649211891446
3054.169723275 21.96163497683034 -2.0603396076648104 -0.6706556432739963 0.37080733792147996 0.534188864406561 -0.4686179179292629 0.597947675205161
3054.219723275 21.917246840376638 -2.0173541294935173 -0.6644483561527212 0.37250883767275794 0.5416372141852804 -0.47303856212494355 0.5866010678545222
3054.269723275 21.87076130832783 -1.9732968247496812 -0.6643150140369741 0.37097115486594984 0.5444259547146094 -0.4765164406856602 0.582162231553009
3054.319723275 21.82267280887312 -1.92882872857734 -0.6661732727174012 0.366185538261069 0.5483229365562623 -0.47735724326192674 0.5808443604961161
3054.369723275 21.773917096243455 -1.8836545359327799 -0.6663404557330767 0.3644744446227831 0.5545924873773789 -0.47475048110861096 0.5780982034642802
3054.419723275 21.72363842684651 -1.8382052659538408 -0.664603075957586 0.362354714709113 0.5610873817874982 -0.46623585392050787 0.5800897682651734
3054.469723275 21.67528237821054 -1.7912270719998817 -0.6616943649371574 0.35170331631684515 0.5638833658999203 -0.47341364008585596 0.5781175073752476
3054.519723275 21.621489299423885 -1.7480890020729742 -0.6570234480736371 0.34197427464188607 0.5639644942074696 -0.4685450504913622 0.5877611593296344
3054.569723275 21.565783225495128 -1.707660301306622 -0.6431284755533917 0.3408941897651394 0.5845112100485056 -0.4466222321354445 0.5853771250009296
3054.619723275 21.51241983302977 -1.664723334295363 -0.633584524911698 0.3517058377433473 0.5947019343142266 -0.4350425236508283 0.5773825557078135
3054.669723275 21.4572764753478 -1.62000759685386 -0.6383336678027092 0.34249037987957504 0.5745734510695063 -0.43761492993676115 0.6008817372099652
3054.719723275 21.406637217632966 -1.576703082567707 -0.6374475245970547 0.34183267354448255 0.5676716755934766 -0.4403676542329133 0.6057851278561792
3054.769723275 21.356455629641708 -1.5356001491245446 -0.6357331665508907 0.3417412279128624 0.5683910155634809 -0.4398982949967954 0.6055031598846007
3054.819723275 21.304207957027675 -1.4959039493337005 -0.6374642211429762 0.33974946426151953 0.5688749499026623 -0.435491656284466 0.609342769066694
3054.869723275 21.250875022170142 -1.455938933943278 -0.6408183608969525 0.33815524808585473 0.571868507105582 -0.4340350333113676 0.6084661277599823
3054.919723275 21.195237909013255 -1.4164169411717524 -0.6454166948835481 0.3374226828427239 0.5729624455264104 -0.4296153209238973 0.6109751591898566
3054.969723275 21.140857784352825 -1.3767883133488032 -0.647149758543369 0.3364783902796509 0.5779013270154701 -0.4294674450959714 0.6069349740386628
3055.019723275 21.087156322380704 -1.3373829866733928 -0.6484398248569584 0.3383441832772814 0.5762110992716052 -0.42986280668670585 0.6072247937510996
3055.069723275 21.03272791879002 -1.2975550447443644 -0.648946349611384 0.3374587695031863 0.5677775684465378 -0.4300755093597912 0.6154553338003079
3055.119723275 20.978617372754623 -1.2581446909638667 -0.6449988541116152 0.3322293435682275 0.563044230190106 -0.43403265064341445 0.6198552381784859
3055.169723275 20.92402869224096 -1.2202487762277356 -0.6367506880146767 0.33763142793058687 0.5639712728876229 -0.42498264084527226 0.6223593633996726
3055.219723275 20.872575232090746 -1.1795555010417094 -0.6300951707095487 0.3378241392850295 0.5590988069051753 -0.427642296068088 0.6248243286293775
3055.269723275 20.822461456911572 -1.1372133012889505 -0.6240840869277714 0.3379653773563576 0.5542771749228694 -0.4338296595735754 0.6247783955469118
3055.319723275 20.77274030367079 -1.0946646043696335 -0.61909418210425 0.33777470353062566 0.5530676008482261 -0.44027170747713207 0.6214380919624705
3055.369723275 20.72323562403611 -1.0521638536436724 -0.6145868294429955 0.3410620489025976 0.5576797561553796 -0.4449167029097707 0.6121430354457504
3055.419723275 20.67169501220236 -1.0105391760008524 -0.6135024569125054 0.34481377939382707 0.5621387256955723 -0.44272631512301264 0.6075334727495287
3055.469723275 20.61934268794537 -0.9691193756852292 -0.6140949017976591 0.34482806632046725 0.5664144602758086 -0.4393185233782154 0.6060259886217227
3055.519723275 20.56595019176458 -0.9281339365774234 -0.6132384182640365 0.3442882526428426 0.5733671246281238 -0.4329747882536108 0.6043579835036159
3055.569723275 20.51192712719499 -0.8871802906900085 -0.6111582834476239 0.3382445683508413 0.578964334358216 -0.4291798017043392 0.6051409830207543
3055.619723275 20.457958308821848 -0.8458661076125507 -0.6090690477870809 0.33125373287457777 0.5765501681354517 -0.4308779224118439 0.6100861283931094
3055.669723275 20.403117173487896 -0.8061119224775309 -0.6028831121527879 0.3228469277225017 0.5752824920418712 -0.427420170231786 0.6181681920717591
3055.719723275 20.350021277558046 -0.7672027835579112 -0.5896358359964928 0.32381099481221853 0.5850145472954089 -0.42231651057929476 0.6120075032085781
3055.769723275 20.295745706912406 -0.7289141237720841 -0.5805440792832341 0.32778865200592616 0.5850226753926533 -0.4171650911096334 0.6134136904667612
3055.819723275 20.241634196373585 -0.6911728794350325 -0.5763416335782746 0.32496424993093787 0.5757262215134713 -0.4187289920735411 0.6225781760756804
3055.869723275 20.188774198244346 -0.6553951835887623 -0.5698382792599632 0.32489752435806635 0.5753697186682717 -0.4188405929408384 0.6228674363061217
3055.919723275 20.13469055722854 -0.6208845738095928 -0.5658179088315533 0.324028447631993 0.5787510873132703 -0.41686496683568597 0.6215113381781467
3055.969723275 20.078258516479025 -0.5867789238623558 -0.5662302871183413 0.3232980326262754 0.5819032958275601 -0.41397798774892547 0.6208777351978032
3056.019723275 20.019686245976985 -0.5525364217464127 -0.5695395068131289 0.32373226927535736 0.5837828528934785 -0.41088033061980683 0.6209447257261608
3056.069723275 19.960801112925296 -0.5179606071939937 -0.5718665890268907 0.3244705888503071 0.5880224119576409 -0.4106915351341068 0.6166692330381371
3056.119723275 19.9016363351979 -0.48446119263195164 -0.5723731289966928 0.3283542322999358 0.5921083315756054 -0.40745310855354483 0.6128402615196932
3056.169723275 19.8433504079152 -0.44993941910438 -0.5738271717789343 0.3335725071524936 0.5849276263562238 -0.4092160321059681 0.6157363830932203
3056.219723275 19.785147960151125 -0.41661437286913117 -0.5732656292430249 0.3310614593852866 0.5751246031517141 -0.41495610839846964 0.622447932812107
3056.269723275 19.72599523428584 -0.38670822499905266 -0.5663610454028823 0.3323251912502672 0.5743571929800781 -0.4107606726491039 0.6252595076745129
3056.319723275 19.668714612554737 -0.356177783749141 -0.5587588938962322 0.3330798132116038 0.5711152299290984 -0.4070859685709277 0.6302112712151584
3056.369723275 19.61463925104221 -0.32383745834063643 -0.5497756550203938 0.33843185895050204 0.5715887712032152 -0.40689630483968486 0.6270450945422635
3056.419723275 19.559397447060036 -0.2915513753176836 -0.5446774205236992 0.3398371545656484 0.5710853005272584 -0.4048383670318033 0.6280749831647793
3056.469723275 19.504459216945776 -0.2581141293815122 -0.5418625551850873 0.3404745609091214 0.5724134942055233 -0.40546894286871915 0.6261108539181282
3056.519723275 19.449380637298948 -0.22349957316091146 -0.5411596607336404 0.33999532993570103 0.5756743070606418 -0.40728726463402615 0.622189160849895
3056.569723275 19.393581323546908 -0.18761651211708272 -0.5438774388524938 0.337898238867142 0.5754077576018093 -0.41050884209914945 0.6214605242656666
3056.619723275 19.336694696763345 -0.15180692452974792 -0.5458798683030516 0.3354589125206115 0.5788263961758267 -0.40980340695453765 0.6200713577879947
3056.669723275 19.27877510441693 -0.11649165221246674 -0.5465767938766102 0.33718970942579574 0.5832180909401823 -0.4033022863807923 0.619279439395062
3056.719723275 19.2206184434252 -0.08112663726598768 -0.5484688739667738 0.33032647709491614 0.5822924084435354 -0.40354229206257103 0.6236774712268958
3056.769723275 19.161603785637155 -0.04693135498546827 -0.5485478594200461 0.3241746819754395 0.576242318161316 -0.4009274593074126 0.6341235989138856
3056.819723275 19.10277867569477 -0.014913921015293097 -0.5396675785487696 0.32170898994880165 0.5830054031231736 -0.3933551024500286 0.6339398939109568
3056.869723275 19.04474028034534 0.01705238708248291 -0.5290923133582002 0.3256440241576521 0.5876387677847883 -0.3866265971039009 0.6317883526456024
3056.919723275 18.98799775626562 0.04924601910179023 -0.5222236496151771 0.32255078271996646 0.5806221893073529 -0.3899100880186094 0.6378157955961846
3056.969723275 18.932415622477457 0.07932516325462152 -0.5145358133591525 0.3236558729743771 0.5780094491386116 -0.3896989940072096 0.6397551458686687
3057.019723275 18.876356473603682 0.10718878204559798 -0.5089897446740326 0.3218307923048214 0.5799137507040242 -0.38778223177274634 0.6401171170888886
3057.069723275 18.81841409638477 0.13341047167695816 -0.5067145394298738 0.3207336199857656 0.5856174970653499 -0.3800795373507212 0.6400950221873338
3057.119723275 18.759447875570785 0.16092791895539274 -0.5090671512560181 0.31911088870605325 0.5893733078798337 -0.3779754475744953 0.638703300209789
3057.169723275 18.6987195831684 0.18890864470765217 -0.514165351194512 0.3174980810355185 0.5888373195600952 -0.37671132868247126 0.6407449995702914
3057.219723275 18.638936043448876 0.2169882302137135 -0.5159808787637109 0.31918512193321913 0.5927445470220455 -0.3778416628637925 0.6356181540173553
3057.269723275 18.579626077220166 0.2447034382915918 -0.5178169489583855 0.320180681033655 0.590004495122624 -0.3810356279742395 0.6357600785219213
3057.319723275 18.52072149064131 0.2716121841850219 -0.516454273308509 0.323872538525769 0.584670754220942 -0.3811680010646244 0.6387312759776116
3057.369723275 18.462540557756384 0.29908338278244273 -0.5115981624880754 0.32465624362687784 0.5806138544216553 -0.3859747488153321 0.6391473764357135
3057.419723275 18.402466723950322 0.32447592204681625 -0.5059636541100246 0.32305626463379966 0.5771058082203172 -0.3848130547173906 0.6438186459852662
3057.469723275 18.344345486844578 0.35014157325945566 -0.49984906720256866 0.3242963649221359 0.5713303551241082 -0.38150092010255227 0.6502849690504581
3057.519723275 18.288881009429097 0.3775312004136463 -0.4937758530377441 0.32335067750663843 0.5662313346024396 -0.384927937165917 0.6531897873202932
3057.569723275 18.23359390800211 0.40507024776955575 -0.48725206980584446 0.32380749426285005 0.5683305074651499 -0.385454529237384 0.6508255886441515
3057.619723275 18.177699820118644 0.434326845756164 -0.4839340851794152 0.32434641053411184 0.5709535944689094 -0.3879932644448413 0.6467399985172596
3057.669723275 18.12066321564346 0.4654361144610443 -0.4847093742210537 0.3249946552814648 0.5714976318299989 -0.39073816589211474 0.6442768167227896
3057.719723275 18.06337539776502 0.4977888192966061 -0.4879940981262727 0.32439463298245086 0.5686198663970994 -0.39467793086976877 0.6447238947914713
3057.769723275 18.00530223116221 0.5293523136760764 -0.4890880059591592 0.32286569796408726 0.571263722900405 -0.39356768936074105 0.6438322560010329
3057.819723275 17.945755183365698 0.5601155038262353 -0.48763558605607427 0.3217344773921351 0.5774973101424794 -0.387657873381841 0.6424213228407657
3057.869723275 17.885617485131498 0.5913704433941693 -0.485496153634937 0.3161641724529354 0.5786946122899332 -0.38562203011786295 0.6453281426154702
3057.919723275 17.824969566641016 0.6211904251053957 -0.48138382290756615 0.30923322071969755 0.5749326967927327 -0.38580312253553795 0.6519073247048136
3057.969723275 17.763198674633063 0.6475384940425937 -0.4689346308066361 0.3072486420002842 0.5843640073634648 -0.3739854948675805 0.6513461664243866
3058.019723275 17.702915391764243 0.6743909842802119 -0.4549162443071142 0.31013137650653727 0.5919907697045568 -0.3695382789393462 0.6456058536671682
3058.069723275 17.640717704731507 0.69981589347518 -0.44614642779163627 0.30959278526141154 0.589537587986853 -0.36473643779989673 0.6508187694018723
3058.119723275 17.57839047572603 0.723873127375368 -0.4401580430570226 0.3083388598827876 0.5852063603752737 -0.3614970446225904 0.6571001065223173
3058.169723275 17.51611204062793 0.745916885996867 -0.4347243257061139 0.3061016544520267 0.5857252206547485 -0.356631082083359 0.6603347744309176
3058.219723275 17.45357213300246 0.7671346574303557 -0.43048515053937636 0.3013555231207982 0.592173865960677 -0.3523211942132869 0.6590787033927735
3058.269723275 17.389697612832663 0.7888794403137218 -0.42939621710503345 0.29765429050865305 0.5998835533715025 -0.35018657271419984 0.6549129789726666
3058.319723275 17.323128169591456 0.8108664622099166 -0.43270897095747085 0.2936523229653379 0.6028624484032273 -0.3477505641733876 0.6552821732959152
3058.369723275 17.257198499094084 0.8342591622016302 -0.43548544228849506 0.29244044614041553 0.6060815500442965 -0.349926427453255 0.6516864549205389
3058.419723275 17.19270529786213 0.8578150981094519 -0.4381166505465652 0.2944336313100801 0.6027810271119084 -0.35176939212109015 0.6528569252709443
3058.469723275 17.129253710008026 0.8818575875539155 -0.4380442595080256 0.29715701456726007 0.599220526191295 -0.3523360400541738 0.6545928387657817
3058.519723275 17.066124856870207 0.907782629958388 -0.43570116903177825 0.29968309662295695 0.5956724450530716 -0.35797368981091043 0.6536200862933551
3058.569723275 17.0030331556802 0.9320123134960241 -0.4307916006194329 0.30337874068968473 0.5945833817649436 -0.3566369702249876 0.6536375243934865
3058.619723275 16.943157960955187 0.956892575909774 -0.4244664610884843 0.309357423909069 0.5977748512944846 -0.3585640019909976 0.646834652680576
3058.669723275 16.882443795050573 0.981384594894094 -0.42514989508657325 0.3099101731756765 0.5864930497813666 -0.358144990902703 0.6570492771563458
3058.719723275 16.823438865359506 1.0063075684172762 -0.42523932878224724 0.3082078436591741 0.5791834092359197 -0.35896651321125445 0.6638505449013157
3058.769723275 16.766069527005065 1.033195503989354 -0.4243570913871548 0.3091030286644795 0.5779859175510397 -0.36491258817116284 0.6612309730928764
3058.819723275 16.706647387739164 1.059821544359091 -0.42680603234099035 0.30894375460749135 0.5757464397578752 -0.36568548720351934 0.6628302331999367
3058.869723275 16.646649314059626 1.087344488039221 -0.43081660359533963 0.30826286479615006 0.5710584352731617 -0.36812128987515186 0.6658475693668132
3058.919723275 16.58487927689818 1.1136601940388497 -0.43120096364175187 0.3070797868933136 0.5756246537708377 -0.364612487932963 0.6643914479402151
3058.969723275 16.521770261133746 1.1397397903014823 -0.42948493784163666 0.30414762503686327 0.5825447082770935 -0.36453044301748605 0.6597374031811954
3059.019723275 16.455677625743117 1.163020731304104 -0.42882981513971635 0.2961065906465689 0.5829096886702708 -0.362679703828139 0.664078771126684
3059.069723275 16.388022418614135 1.1844739707221104 -0.42564648786491366 0.28856083992363646 0.5794802979967013 -0.3555298961828046 0.674191158957505
3059.119723275 16.32274630663283 1.2049739062348803 -0.4130616563831924 0.28404766308679397 0.5871985445104329 -0.34742919188375515 0.6736525447489689
3059.169723275 16.260669564215437 1.2259272270560548 -0.39709077929144837 0.28178545847379094 0.596352629066445 -0.34339935759214396 0.668608538984926
3059.219723275 16.200813935222417 1.2471966301310102 -0.38541462447696745 0.28145029573428426 0.5932833799628505 -0.3446415929103172 0.6708373383519878
3059.269723275 16.142136352707535 1.2657693157657133 -0.3748911637497862 0.27940259613788787 0.5926248364904622 -0.3418559594241499 0.673694660400582
3059.319723275 16.08410261648191 1.2834803141155322 -0.36652919570846915 0.2801064846061881 0.5967926924399816 -0.33724920124053726 0.672043016327393
3059.369723275 16.02388343827179 1.3010646960726224 -0.3636863539233276 0.27784191673469355 0.6010557785469477 -0.3324646939889636 0.6715676046619127
3059.419723275 15.961541774421606 1.3200072214059944 -0.36603642018621674 0.27537411241246335 0.6021904458796363 -0.33242058027564947 0.6715894005369155
3059.469723275 15.898370171959305 1.3398256585360344 -0.36935125288500337 0.2764750107513075 0.6030658879019661 -0.3344292571877124 0.6693505622735761
3059.519723275 15.835590867982205 1.3595168878285313 -0.371459456178639 0.277021793068639 0.6048051052182866 -0.3393546242660432 0.6650625157503514
3059.569723275 15.771741583863351 1.3770601331412529 -0.37409152163912596 0.27789724666930155 0.6029444720322061 -0.34130083050447735 0.6653907326048205
3059.619723275 15.705140165388753 1.3919904914462624 -0.3771686477931499 0.278014574999129 0.5946484174970804 -0.33753594796922776 0.6746633527062118
3059.669723275 15.638036010363141 1.4054350299775107 -0.37616952495008577 0.27103917488613255 0.5876293757710901 -0.3384056998320981 0.6831625463453567
3059.719723275 15.571521584557088 1.4164377162957615 -0.36841463279857184 0.26979884923015246 0.5904815455312766 -0.33339978722899744 0.6836554009270605
3059.769723275 15.506378933594217 1.4271532966770906 -0.3620314245916414 0.2638712711615908 0.5900102035047655 -0.3324775049544689 0.6868177492720196
3059.819723275 15.443180506208106 1.4391094617328517 -0.3582837631317103 0.2613039394189637 0.584724561431861 -0.33204280451364765 0.6925063281105525
3059.869723275 15.3813490468861 1.4512335230758102 -0.3547222802712292 0.2587509384124684 0.5822431806787439 -0.32987934865257823 0.6965776667079682
3059.919723275 15.31987853634052 1.4638022610726702 -0.34947017844545586 0.2614688074626581 0.5906556386542667 -0.3256024273519696 0.6904658127325937
3059.969723275 15.25651708266433 1.4775969590050224 -0.3482696396865387 0.26448529882259725 0.5969176369507114 -0.3199909496951943 0.6865439924120434
3060.019723275 15.192405909112964 1.4955365490902446 -0.35213047172709355 0.26639133116258806 0.5945985858800434 -0.3228405105145086 0.6864853859490445
3060.069723275 15.126789419389956 1.5149973008731847 -0.35597823967730685 0.26666892414083626 0.5914714851118802 -0.3288039340217101 0.686248599393079
3060.119723275 15.058563965254285 1.532327816897656 -0.3551410664681877 0.2662474863445344 0.5962364959596099 -0.3283968752381206 0.6824733029466145
3060.169723275 14.988115680819236 1.5485135832933994 -0.3522334721658075 0.2597747221999769 0.5979923414787678 -0.3308232129242259 0.6822596683295578
3060.219723275 14.91609284116735 1.5622408880274004 -0.34424505496335434 0.25806462456517254 0.60190429309053 -0.32580603917388906 0.6818829051567786
3060.269723275 14.8453356486561 1.574291674008017 -0.3308621846838519 0.2551607702832204 0.6108652128791939 -0.32404065191454184 0.6758212255540141
3060.319723275 14.775689580578756 1.5838970041756268 -0.3168909623546254 0.25718865781916633 0.6200388286803 -0.31912624919321353 0.6690024531298884
3060.369723275 14.707352954250661 1.5942480502006993 -0.3101049569662155 0.257963907748716 0.6110308985623231 -0.3225544474391594 0.6753180670901309
3060.419723275 14.641309885686212 1.602168384031124 -0.30282166077425576 0.2573532294540445 0.605682502851215 -0.32606293172776724 0.6786759061456029
3060.469723275 14.575627816385037 1.6059199277056104 -0.2957454946685747 0.25639635906129643 0.6097523877810694 -0.3233781935206579 0.6766753110692832
3060.519723275 14.508025211019437 1.6065422922015213 -0.29370128786658806 0.25065889870865554 0.614463274783647 -0.3174097598406822 0.6773891383822159
3060.569723275 14.438899931423508 1.6062798987876903 -0.2944532403812655 0.2469748313093962 0.620503172234787 -0.3092724373613587 0.6770005948555926
3060.619723275 14.370241711187022 1.607793900467574 -0.2970311752872343 0.24462126943983256 0.6235275529053074 -0.3107787194450363 0.6743815039320603
3060.669723275 14.302916931457723 1.6088401343365157 -0.29937957113685965 0.24806178235824367 0.6247829230350355 -0.3109180679614977 0.6718940439028598
3060.719723275 14.237056334620233 1.608781882658429 -0.3025369576396966 0.24963470528354292 0.6191378923626121 -0.3121273729419525 0.6759639688764015
3060.769723275 14.171926773894379 1.6081468464584947 -0.3053629861230437 0.24905839255995246 0.607468592571787 -0.31217650629034477 0.6866568684974027
3060.819723275 14.10722260458962 1.6067899109074328 -0.30257055367297225 0.24908593412989916 0.6038221053246005 -0.31079640850206597 0.6904785695459489
3060.869723275 14.04412997550766 1.606874212504122 -0.29888754897450054 0.2537589736657552 0.597322739659676 -0.30595117685026735 0.6965671578200467
3060.919723275 13.983952671169778 1.6092387126800947 -0.29388946456644943 0.2529053673654753 0.592221114457707 -0.3080453231421077 0.7003007251449052
3060.969723275 13.923037323346495 1.6099556291482657 -0.28958884268768204 0.25257912145233297 0.593641013795752 -0.3029721065533713 0.7014285685631376
3061.019723275 13.858729724421304 1.608576091466613 -0.2893742134366164 0.25059453850285757 0.5942465237033085 -0.28953729053414334 0.7072776001890774
3061.069723275 13.79336690587374 1.6101107137955402 -0.28923952133153524 0.24848397466572356 0.5993748979095459 -0.28158626893155625 0.7069049577131646
3061.119723275 13.726796087289566 1.615017663023247 -0.29098133094323353 0.24706735974638588 0.6023479225393729 -0.2804745630007285 0.7053146244549323
3061.169723275 13.658126289774145 1.6206155778918903 -0.29250066593203683 0.24064510084611573 0.6071625539616012 -0.27885567370344655 0.7040476416756083
3061.219723275 13.58950440632907 1.6274339889502218 -0.2919362316344956 0.23247277697581983 0.6134913894269427 -0.2814735785965048 0.7002552017773431
3061.269723275 13.52115299302632 1.6334029492804354 -0.28978861133973904 0.22322332456542232 0.6182451235536163 -0.2816756244122919 0.6990015430484253
3061.319723275 13.452321916074203 1.63745053231032 -0.28653877852759113 0.2178184599563193 0.6191232343867602 -0.2774484022705261 0.7016152244801039
3061.369723275 13.38252406694302 1.6394325043041815 -0.279518896475408 0.20793315193890144 0.6230295884730843 -0.2700946909951134 0.7040218704756743
3061.419723275 13.314038437208337 1.640716571291672 -0.2697894684664581 0.20996197153717336 0.6303308180790579 -0.2590115557509628 0.7010791997167474
3061.469723275 13.247828859709575 1.6430530781289228 -0.2642433688076159 0.20685501371558965 0.620737162022137 -0.2551067716160522 0.7119107486624022
3061.519723275 13.184962514641496 1.6456423968839315 -0.2549139233688169 0.20792577932166348 0.6207775539973539 -0.25495368523838186 0.7116183788589988
3061.569723275 13.121893644809314 1.6465433098261528 -0.24926600068680413 0.2055974594604311 0.6185067835838427 -0.25356582934295224 0.7147610884161272
3061.619723275 13.057811880415533 1.6459386472389466 -0.24635582826392394 0.20114424624369986 0.6184930883373706 -0.25146531912827386 0.7167792443686347
3061.669723275 12.992985342027554 1.6447316891285606 -0.24481252621814228 0.19740467721163316 0.6236351233941507 -0.2506026704636797 0.7136588315439009
3061.719723275 12.92710813359473 1.6438718370880527 -0.2480277298717461 0.19338654641559588 0.6212395021551987 -0.25370840555845026 0.7157479790934785
3061.769723275 12.86158446758714 1.6431555802662432 -0.24973085509439902 0.19553278984666603 0.6238237633876286 -0.25644687657932125 0.7119310639523929
3061.819723275 12.796152687097557 1.6421267745967576 -0.2531639046665478 0.19724153072906034 0.6205072116214294 -0.261375492524183 0.7125653870271813
3061.869723275 12.729907211280379 1.6404216318845193 -0.25467861665852076 0.20230917622862432 0.615745836547041 -0.2611624172038556 0.7153476454346652
3061.919723275 12.663627294103236 1.6403833637430627 -0.25160514753317204 0.207466709337395 0.6124452771029902 -0.2635139097653727 0.7158412997523413
3061.969723275 12.597098643281171 1.64103193548751 -0.2454434704586844 0.2105485669760533 0.6104664325432805 -0.26963093717244535 0.7143522894214868
3062.019723275 12.530693992222606 1.640315699561187 -0.23859859748909357 0.21604713072074677 0.6057980812735515 -0.2692776219830137 0.7168137026674289
3062.069723275 12.466117383997007 1.639578054423597 -0.23069404338511235 0.21798250029653438 0.6031984097049667 -0.26999665382424654 0.7181483934519248
3062.119723275 12.402320932472412 1.639516671751361 -0.22286692492488852 0.22259432224725362 0.6041783070079987 -0.26942389661402494 0.7161222695724172
3062.169723275 12.338278638392545 1.641013118718647 -0.21797531061361314 0.22343424558519706 0.6043984593694497 -0.27180624361704164 0.7147733949598314
3062.219723275 12.273267956282377 1.643691523084885 -0.2150168198819896 0.22408670726558585 0.6078885093933822 -0.2757160903796832 0.7100967154410037
3062.269723275 12.206685847545407 1.646787446477632 -0.21627997237912744 0.2253298458468412 0.6074219116359186 -0.2783430159106883 0.7090770390648307
3062.319723275 12.138932445361121 1.6486652759829565 -0.21804505216103398 0.2206680008848972 0.6097616550996328 -0.27851983355687004 0.7084652847324795
3062.369723275 12.070288246897116 1.6493668788599367 -0.21771242340690508 0.21441011811455934 0.6186144584766714 -0.2756108297125288 0.7038345853671065
3062.419723275 12.00106297984066 1.6502763879924607 -0.21813625145207732 0.20963069630348852 0.622885431846514 -0.27200402699410947 0.7029100363913465
3062.469723275 11.93133622946759 1.6521153529759784 -0.2197124480555526 0.20615247344394114 0.6190792422637289 -0.2724353030129872 0.7071216692785863
3062.519723275 11.860351023846897 1.6514804306446957 -0.21829089816875905 0.20251515095552156 0.6130415158278647 -0.2662207531674387 0.7157473186033589
3062.569723275 11.790148522320424 1.6488914809154995 -0.20840913149883084 0.20128373974488903 0.6185508519416626 -0.2579959587689038 0.7143653021637245
3062.619723275 11.720746717522568 1.6447276015513392 -0.19843527648718917 0.19300212097942648 0.6209155997241668 -0.25569852607725246 0.715424533461456
3062.669723275 11.65196143471487 1.637882639854398 -0.19165019573873165 0.1857735969885785 0.6174015816683533 -0.2492876459639637 0.7226057896149783
3062.719723275 11.585451913446713 1.6303170227070094 -0.1837666111759606 0.18707834518874922 0.6184618790148204 -0.24160534412085746 0.7239706172622885
3062.769723275 11.519629910971775 1.620592810771058 -0.17588384693969522 0.18094254728747575 0.6266814099121182 -0.23375931716077603 0.7210317515145966
3062.819723275 11.453587146667603 1.611293503139095 -0.17098128995371079 0.17650988653243171 0.6362543384617547 -0.22684692659991904 0.7159365534997316
3062.869723275 11.386675189867843 1.6054769594530887 -0.17078026708953875 0.17085602231296493 0.6401964939855197 -0.23095409706273515 0.712472367027646
3062.919723275 11.319125879925664 1.6007626549768155 -0.17208870622625275 0.16743288801596945 0.6420635466213623 -0.23508988219708177 0.7102488137260011
3062.969723275 11.25314850873188 1.5982165285210745 -0.17408115064063956 0.16765473835891842 0.6397000172591338 -0.2433585655306932 0.7095437866737401
3063.019723275 11.1885549211745 1.5958198411626898 -0.17474357949918082 0.17228775388435633 0.6329039160991936 -0.24497405203727637 0.7139588760399485
3063.069723275 11.125632826061699 1.5953458788225012 -0.17154486409587785 0.17098870835219507 0.6241993091921063 -0.25072960322860627 0.7199116265799372
3063.119723275 11.064422489338824 1.5947893174410053 -0.16034113003703765 0.17848175657178983 0.6330815780956023 -0.24719578074151455 0.7115098200521363
3063.169723275 11.004077913102485 1.5979396225347307 -0.15439077937050227 0.1869188262102474 0.6298062971888772 -0.24551626110748054 0.7128303767104925
3063.219723275 10.94516956990511 1.605521105830181 -0.15191909450323815 0.19731753738880395 0.6176430004099575 -0.2508533239995476 0.718787536982787
3063.269723275 10.886214072171633 1.6137057564247548 -0.1474729916144481 0.20439228372591095 0.6132505816452758 -0.2580795116383863 0.718012871846689
3063.319723275 10.825638881623624 1.6217661152095961 -0.14442508092717302 0.21041426465914032 0.6119285229865035 -0.2651139876681207 0.7148313741898975
3063.369723275 10.763603931892261 1.630278542518173 -0.14405723749585753 0.21376992039608075 0.6111468109151197 -0.2748123725145897 0.7108306103109481
3063.419723275 10.69975639569857 1.6380053710878943 -0.14608262273892414 0.21973773372792701 0.610360433473153 -0.28007670284163394 0.7076245545145664
3063.469723275 10.633228766149282 1.6432989573905734 -0.149284459662397 0.22029506084933495 0.6099337525651529 -0.2788067229590302 0.7083203476394176
3063.519723275 10.565714301942883 1.647830078792753 -0.1499542564189984 0.21643834103644832 0.6134357921104899 -0.2784088980986108 0.7066395537660508
3063.569723275 10.497641215405624 1.6516458210995588 -0.1490084500091991 0.2081965280688245 0.6152486894973238 -0.282176312770069 0.7060451715601496
3063.619723275 10.4276026828595 1.6533549125594682 -0.14649509381920253 0.201943501355126 0.6134786063353347 -0.2811454367072827 0.7098028354747246
3063.669723275 10.357304752731974 1.6534046459157437 -0.13762189261499364 0.196908549488268 0.6189917241184418 -0.27631446952393063 0.7083266072533307
3063.719723275 10.288805485616704 1.6546016914520711 -0.12736831446450675 0.19973943523503768 0.62462308940046 -0.2767739997053706 0.702386152544955
3063.769723275 10.22205134393127 1.6553442597180617 -0.12315923070876263 0.19856763925403598 0.6115668157563006 -0.2816696796394852 0.7121931718842636
3063.819723275 10.158159962735546 1.6526138044827743 -0.11529722212095535 0.19895723063202186 0.6099087215786346 -0.2814413754023749 0.7135952101388934
3063.869723275 10.094253111922745 1.6460038933501036 -0.10894102499913154 0.19811229829893962 0.6131099880359298 -0.27439339111279704 0.7138318616781643
3063.919723275 10.02905772435642 1.6368625079510108 -0.10680494191450783 0.1936293066764078 0.6157454383205974 -0.2621815665438456 0.7173744300907332
3063.969723275 9.963554053459445 1.6293887273185965 -0.10672332591042342 0.18961650522173204 0.6228875243936592 -0.25650634688528456 0.71432570086047
3064.019723275 9.896693947291732 1.623978075320335 -0.11104343583438091 0.1864961886305678 0.6244048516703069 -0.25676702842912863 0.7137285520059631
3064.069723275 9.830050825151574 1.6194225920592435 -0.11417462062374725 0.187060281364882 0.6298534692014899 -0.2582436200997926 0.708239571859899
3064.119723275 9.764518803491281 1.6161856088394835 -0.11771196488101454 0.19052794559475694 0.6311316868602048 -0.2599876780120267 0.7055340552165774
3064.169723275 9.699296031323335 1.615177394914174 -0.12082078588090908 0.19608222067963682 0.6251085306652899 -0.26165521175373496 0.7087507585780297
3064.219723275 9.634534392330565 1.6176237201999162 -0.11989623142657113 0.2012712991839885 0.6160737382754047 -0.27218187070541316 0.7112383864721162
3064.269723275 9.570687432888803 1.619029890723453 -0.11334792765801163 0.2051064096140174 0.6133991548760285 -0.27909344181518353 0.7097743925138297
3064.319723275 9.508061608387315 1.6192292362550524 -0.10611859008503967 0.20942507475817446 0.6110316208910512 -0.2801875946974233 0.7101242201977485
3064.369723275 9.44623815409559 1.6193652367510378 -0.10069688180238116 0.21457240294982766 0.6046075213962024 -0.2782700295050155 0.7148246076085764
3064.419723275 9.385394062739502 1.6209689616767866 -0.09615817520516262 0.21590072185309978 0.6009420710256395 -0.2799929648564788 0.7168399020740994
3064.469723275 9.325732253361272 1.624528054751281 -0.09253891882475834 0.21739502810618608 0.6045450874548627 -0.287900307137384 0.7101957843715373
3064.519723275 9.26588373521439 1.6279778465432482 -0.09331334606368097 0.2219697506406641 0.6085245820247897 -0.29105282889021844 0.7040706737729372
3064.569723275 9.204840732590284 1.631759631938284 -0.09866404919582575 0.2223955473980246 0.6097330940121812 -0.29428108284306986 0.7015443099652195
3064.619723275 9.1421128935991 1.635775561858598 -0.10495471020192894 0.21946585214214462 0.6111370560743846 -0.2968645030699282 0.7001554864837535
3064.669723275 9.07767453305149 1.6393462805592471 -0.10903181823171264 0.2184412799587208 0.615340316476997 -0.2946904069231552 0.6977085825725883
3064.719723275 9.012334544099586 1.6436056939614736 -0.11225556823738451 0.209828966931242 0.6129993380889723 -0.29858776888290034 0.7007488568756866
3064.769723275 8.946174121260944 1.6460164012848748 -0.11134562604269452 0.20632865979135084 0.6097862136422927 -0.2969175060297023 0.7052866455659027
3064.819723275 8.879312523166595 1.646754112662467 -0.10265620045406863 0.200044991084416 0.6154549345846035 -0.2895576395759754 0.7052330100049818
3064.869723275 8.81521507740983 1.6502983633738904 -0.0914865584293926 0.201879780701185 0.621174391649997 -0.29339014046058426 0.6980753217116449
3064.919723275 8.751772688290588 1.6521993642724082 -0.08569869399067115 0.20214976994030365 0.6129192816886415 -0.2951729668993113 0.7045128417986575
3064.969723275 8.690631997246694 1.6515201399810815 -0.07866065583637603 0.20045930348138796 0.6094296337817737 -0.29542704115490265 0.707908505720075
3065.019723275 8.630877471750857 1.647779797606398 -0.0698887690502114 0.20102128015042617 0.6155865065079067 -0.2887108476711498 0.7051877369673137
3065.069723275 8.570711943679989 1.6424332783767952 -0.06557159916929342 0.19733663644923935 0.6202698295200227 -0.28250420291571027 0.7046381807971108
3065.119723275 8.509788474085346 1.636351133675444 -0.0647031724589312 0.19382724489332095 0.6263469903099673 -0.27693996595613435 0.7024419564084463
3065.169723275 8.44772834085721 1.630728472445828 -0.06758914518417217 0.1921134849230237 0.6281762739436495 -0.2739469852937384 0.7024528646204503
3065.219723275 8.385646427868238 1.6253080083139844 -0.07057982982575005 0.18964442641960308 0.6305496644320647 -0.2721601681259168 0.7016914956718964
3065.269723275 8.324916187607808 1.621383591400588 -0.0725622881518767 0.19109372162954594 0.630968191467065 -0.27466192657333616 0.6999451099919008
3065.319723275 8.263329500380674 1.6175571129944113 -0.07263836532664322 0.19265949982405609 0.6299269338137882 -0.2726472970606611 0.7012402060556849
3065.369723275 8.202002160452732 1.6182611396625262 -0.06976124965334154 0.19550811896509046 0.6267781885030085 -0.2827033713042897 0.6992885539523783
3065.419723275 8.139836330381332 1.6178120866636354 -0.06465413127861949 0.20064688386050974 0.625288161937071 -0.28928206386188393 0.6964706957699193
3065.469723275 8.07671144169275 1.6140395784199704 -0.06127184763069923 0.2001281816585353 0.6177222738074422 -0.28502193060452646 0.7050747495285024
3065.519723275 8.015004965722857 1.6121581063409869 -0.05797386741195241 0.19877314149063408 0.6137010401179531 -0.28558626847140656 0.7087317933045367
3065.569723275 7.952816007023727 1.613267643175207 -0.06100261313810239 0.19955880890327543 0.6026564158299945 -0.29192855745614504 0.7153734993621339
3065.619723275 7.890701607131786 1.6150242901264193 -0.06543266683326472 0.2006269365940056 0.5950843205191584 -0.29848642301434747 0.7186997558516744
3065.669723275 7.829045916574859 1.6157957168995687 -0.06750206046296583 0.20620498270731785 0.598590589636796 -0.30067642450363546 0.7132758925217206
3065.719723275 7.766428162006947 1.6150026024153392 -0.07071850367780286 0.20730438407328236 0.6030797926034633 -0.29902957686460163 0.7098598229633355
3065.769723275 7.702721675097419 1.61404377570931 -0.07360237212256865 0.20456049952273134 0.6093531537220521 -0.29725793920773896 0.70603219024487
3065.819723275 7.638363597999582 1.6128114851700517 -0.07417325418167384 0.20511983842275333 0.6201925143157363 -0.29141530874708893 0.6988306052971549
3065.869723275 7.573658673578048 1.6119552869791343 -0.07608196117639238 0.20064123722919985 0.6237213129268991 -0.28790815046907636 0.6984437805703168
3065.919723275 7.508214148822594 1.6108202727729846 -0.07840927659831162 0.19956244022385528 0.6199225531479421 -0.2827107445401907 0.70423397778861
3065.969723275 7.440652841786557 1.6066714667285702 -0.07604091680921235 0.19148418491579391 0.6188501222533259 -0.2693129337979057 0.7126211313196814
3066.019723275 7.374877556055191 1.6047899493094988 -0.06579580121010929 0.1948020266297743 0.631015025295988 -0.25938130862884845 0.7046939371142783
3066.069723275 7.31030301333195 1.6047034128692215 -0.0602613301786687 0.19689382118030405 0.6274476152760156 -0.2578373188191363 0.7078574929246839
3066.119723275 7.247528563464276 1.6037092646040314 -0.05585088723137662 0.19750443765092351 0.6221914142540288 -0.2567296789853709 0.7127129247213302
3066.169723275 7.18724953137267 1.6015300989262442 -0.05017623912509068 0.19632183789842808 0.6218611639389594 -0.2565971993066505 0.7133752911733411
3066.219723275 7.127707464437138 1.5964156126930817 -0.04403480464205027 0.19258020094511163 0.6302217340980381 -0.2511835423030942 0.7089712689174873
3066.269723275 7.067375765243665 1.5904530373413692 -0.04159293443615641 0.19078944804322245 0.6384477682755259 -0.24482355977141818 0.7043048049532346
3066.319723275 7.005780407716747 1.5848605301139997 -0.04348060983375141 0.18822790316968616 0.6416086217527646 -0.24139827361105126 0.703303281990398
3066.369723275 6.943641080649651 1.5803681723528429 -0.04765423459738654 0.185335276373112 0.640140027719883 -0.2419548852877023 0.7052158632134593
3066.419723275 6.882276482613818 1.5762442519991828 -0.05046132826659594 0.18276637671817644 0.6411132828941911 -0.24413998258385297 0.7042484497263012
3066.469723275 6.821010264237856 1.5733154003744767 -0.052788271559120976 0.18216374856021508 0.6383713662323796 -0.24529444834386666 0.7064906235023748
3066.519723275 6.760356442579729 1.5738193366532374 -0.052527168480252656 0.18304401367599016 0.6345008494848199 -0.2544119494451168 0.7065253859840858
3066.569723275 6.6994911917181375 1.5738864620865964 -0.0500514392905925 0.186605349117753 0.6315387156662794 -0.26187725007104823 0.7055193832847214
3066.619723275 6.6381050322346695 1.5726182583125174 -0.04853528493621048 0.1888409517405081 0.6226881296612805 -0.2615319444335565 0.7128812174307012
3066.669723275 6.577936804774817 1.5736634953709263 -0.045466463504227984 0.18812131669165283 0.6138827761419372 -0.266691244193254 0.7187726258234389
3066.719723275 6.518392717291893 1.575921916623292 -0.039817922660834025 0.19140859200719484 0.6118212821995688 -0.27110992355881247 0.7180089685383003
3066.769723275 6.458243530915255 1.5773267347278779 -0.03450314287873214 0.19034560542469614 0.6148872050539447 -0.276541034589494 0.7135876482567692
3066.819723275 6.396643684325215 1.5769997910220785 -0.031925870333822826 0.19220971823398936 0.6216308626502786 -0.2760865374767795 0.7073943162347036
3066.869723275 6.332979586314406 1.575902688383297 -0.03473676223105418 0.19333647889281247 0.6236845654502264 -0.27239389716808066 0.7067107849283725
3066.919723275 6.267910353231189 1.5751899986572797 -0.039366244643274505 0.19347840705517447 0.6255939651796827 -0.26709030684378005 0.7070085322853251
3066.969723275 6.201890838729637 1.574686356420602 -0.04328718664125557 0.192218860177433 0.6298798820220269 -0.2630892428909471 0.7050441789640379
3067.019723275 6.135352286864264 1.5738929660944834 -0.04642604694843493 0.1866287499459438 0.6323268039503966 -0.26106052673674085 0.7051098666728659
3067.069723275 6.0677440831337375 1.5730924175947079 -0.04814969613039632 0.18348003140320387 0.6317243869165611 -0.25848033408042903 0.7074229950636636
3067.119723275 5.998541451411071 1.5724293138983316 -0.04703786521985718 0.17555637012718908 0.6260586900342368 -0.2551111236946173 0.7156457168932479
3067.169723275 5.931830529429183 1.5741760908286928 -0.03618221870790455 0.1791382562443382 0.6358097703169416 -0.25561183783354946 0.7059164323619412
3067.219723275 5.866709227916684 1.575648365969775 -0.0298716415452883 0.18066743706743676 0.630509375899055 -0.2588118362659268 0.7091076346335071
3067.269723275 5.803601764411159 1.5749782244079087 -0.02454442326682325 0.17834662051385408 0.6252464786914895 -0.26063686999450925 0.7136720155888455
3067.319723275 5.742316468902232 1.572053944403467 -0.01887168852947296 0.18247173324329236 0.6263924959917345 -0.2582304677021122 0.712498093388875
3067.369723275 5.680489043369102 1.5647718713306238 -0.016321455035983562 0.18110308666556493 0.6305690907621786 -0.2495322940455907 0.7122625414858691
3067.419723275 5.617703015127976 1.5562214314088658 -0.01764385601360629 0.18079196764273148 0.6359178509818061 -0.2410098660712736 0.7105188214923358
3067.469723275 5.55356676008296 1.548461159750348 -0.023433414567040366 0.18051116097686118 0.6373869105767277 -0.2387347260739682 0.7100418139480434
3067.519723275 5.488587830446168 1.541378484420135 -0.030773710598792095 0.1811528355262665 0.6367010429612662 -0.239387136708407 0.7102740533423558
3067.569723275 5.424792449970001 1.5348325404490137 -0.03608161253691288 0.18194294904614688 0.6375483890456812 -0.2430510243138194 0.7080642728578043
3067.619723275 5.361974111671433 1.528438857584048 -0.03864067017026427 0.18480512488487963 0.6376217530702861 -0.24530979336467706 0.7064762353449963
3067.669723275 5.299077440512704 1.5238401521136733 -0.03900243788726529 0.18926937583741363 0.6329319643077781 -0.24899442119853576 0.7082203118660322
3067.719723275 5.236932527729463 1.5201675629433367 -0.03483540208864733 0.1938164191053845 0.632892147828232 -0.257111764266397 0.7041138157843192
3067.769723275 5.175247478746499 1.5152192914588016 -0.03217114801764165 0.20087855755266873 0.626598536691005 -0.254382006452473 0.7087396374730741
3067.819723275 5.116272367432296 1.5125557782289418 -0.028024609565261607 0.20169480908726337 0.6195988383532474 -0.2568246212022819 0.7137629840800541
3067.869723275 5.058797265191286 1.5115651122099372 -0.02040016250772318 0.20544581020109667 0.6207665429748814 -0.26106474288713155 0.7101310570698242
3067.919723275 5.000081724306226 1.5102095507271915 -0.015798562202553598 0.20673452793783362 0.622976122296997 -0.26507839247074694 0.7063250185652798
3067.969723275 4.93975073001899 1.5079208137729998 -0.016213217940737844 0.20958682906722392 0.624256420081678 -0.26828450319703606 0.7031363370020591
3068.019723275 4.877105306032631 1.503593714033686 -0.021487655318942367 0.20865794246900415 0.6236450551769189 -0.2669234190173701 0.7044718564840309
3068.069723275 4.812549739043112 1.4988252435074263 -0.028219890853781928 0.20793040534173696 0.6233407042628203 -0.26387134306308657 0.706104260894689
3068.119723275 4.746102613874198 1.4929931974383945 -0.03255398027661526 0.20421742585918162 0.629772127122258 -0.25982441354526753 0.7029748110716444
3068.169723275 4.677913630589327 1.4873249846746108 -0.036712707794537856 0.20031764760520826 0.6332328671476661 -0.2562009250937753 0.7023176361184131
3068.219723275 4.607520236766821 1.4821804806523526 -0.04056784429419571 0.19275777321845017 0.6314611687476513 -0.2548210901883156 0.7065178307891126
3068.269723275 4.536372464248301 1.478846742381823 -0.04151500443119437 0.1869805099876528 0.6221795841780251 -0.2564008460184511 0.7156741298089794
3068.319723275 4.4695028198668965 1.475190381292066 -0.03128261573627911 0.1890695366717079 0.6314917428339036 -0.2628071429353383 0.7045589362555196
3068.369723275 4.404202349947552 1.466343175123771 -0.02406058216153467 0.19253258506253057 0.6324652939445425 -0.25968673709640644 0.70390457749684
3068.419723275 4.3396904548752095 1.454098840967496 -0.019330588019470317 0.19432145535841794 0.6297238765145124 -0.2511625821340869 0.7089459561000822
3068.469723275 4.27688911821691 1.4404717930905433 -0.015328712275574228 0.19374421756304355 0.6301058686942687 -0.2454996957520409 0.7107458559735544
3068.519723275 4.2146100377213935 1.4242923422226563 -0.013632631220385352 0.18957580888905065 0.633387421164149 -0.2377384110989087 0.7115910590242526
3068.569723275 4.152788683330841 1.407191250330924 -0.013271037636549427 0.184808248229763 0.6411275423398888 -0.23014402747822907 0.7084032131883373
3068.619723275 4.090890216133047 1.3915044583177494 -0.01658640826661801 0.1802228795930249 0.6449019735372223 -0.22804022928042822 0.706837189194742
3068.669723275 4.029682980303869 1.3769673309859414 -0.020398876012889033 0.1778011670472905 0.6484775687304282 -0.22652021466721964 0.7046645870179736
3068.719723275 3.969826223220294 1.3642821842735036 -0.0237118032195481 0.17599637902873524 0.6497129742137312 -0.22808085757442773 0.7034752647501084
3068.769723275 3.909861827188338 1.3542894048211938 -0.025998345774056367 0.17587770122475518 0.646744847938461 -0.22985334686683306 0.7056596735049185
3068.819723275 3.850543080749727 1.3486455594269104 -0.02505556337692863 0.17923833630731548 0.6428070548965735 -0.24148625575029112 0.7045261508678612
3068.869723275 3.790128306335368 1.341944814430943 -0.02302096617475436 0.17923689032395704 0.6369251866597312 -0.25093707472577154 0.7065628268409944
3068.919723275 3.729651912651926 1.3341243119902764 -0.021019831914669104 0.18267262221962793 0.6274188752822215 -0.2480475945115624 0.7151563877139216
3068.969723275 3.6718676327305144 1.3294084492171847 -0.016783503975815305 0.18595241652594355 0.6205888138702811 -0.25318982112766175 0.7184609504799703
3069.019723275 3.6144516484956837 1.3236865255388799 -0.010954614010656161 0.1911644879302758 0.6219403978374006 -0.25181222732240927 0.7164055291963755
3069.069723275 3.5560080481166003 1.3180031411432482 -0.009225018661078508 0.1928618063373746 0.6213520485875642 -0.2506737555271636 0.7168602539283583
3069.119723275 3.4972612052711414 1.3148699262865489 -0.009753873150147523 0.19412167545262568 0.6223210275658941 -0.2569009891859841 0.713467024833004
3069.169723275 3.437232832165896 1.3123508442165637 -0.013485470703407876 0.19567532464415216 0.6218662193259912 -0.26258494484744566 0.7113667966148461
3069.219723275 3.3756427766255652 1.3088163103335493 -0.01750790985992254 0.19176396844475288 0.6235781157938555 -0.267893330555682 0.7089499822646792
3069.269723275 3.312489284598857 1.3019813308603871 -0.019499826219941643 0.1892375252675494 0.6316472696878028 -0.26379213581630706 0.7040061042406015
3069.319723275 3.2480251351484704 1.2937094803882485 -0.02295830969586289 0.18383720847892698 0.6328893623548402 -0.2585212776646238 0.7062730950499319
3069.369723275 3.1834243922875123 1.2851260302340515 -0.02378379048731174 0.18049751436455738 0.6308964260395936 -0.2549729627540747 0.7101965468679028
3069.419723275 3.1199861569869967 1.2741223361037617 -0.017042649665826064 0.1748848187791505 0.6392426018655463 -0.24928705945604193 0.7061445730928692
3069.469723275 3.057782729827395 1.2622611178025438 -0.009023637287195272 0.17971215584584252 0.6493244470319484 -0.24087594989634115 0.6986129688815043
3069.519723275 2.9969781028578204 1.2507450413296226 -0.008138141659529235 0.18369936468761097 0.6352285369761927 -0.23740264254257312 0.71160328451902
3069.569723275 2.939124258317971 1.2371053947852602 -0.0025987311761443135 0.18164569370859696 0.6306968100713426 -0.23380787444253565 0.7173285534339331
3069.619723275 2.881110997693781 1.2211043577538843 0.003323878862486644 0.17939240536132267 0.6339764082265359 -0.22688518811509673 0.7172275720612229
3069.669723275 2.82039743441935 1.2027614270336804 0.0036581500520381583 0.17325165158617475 0.6349190198534234 -0.21626076389058455 0.7211747260217123
3069.719723275 2.7578845333853086 1.1844750636246886 0.0019423849840352163 0.16908934711767343 0.6398005833424247 -0.20823113385933803 0.7202109421118694
3069.769723275 2.693501496995269 1.166840626944175 -0.002831394927162549 0.16387723174633437 0.6412169036649035 -0.2053921637187364 0.7209710080526736
3069.819723275 2.6290619401922988 1.1504406542540915 -0.007756030618969387 0.15858030067450946 0.6416611224835538 -0.20823591610581105 0.7209445855089708
3069.869723275 2.566538479687082 1.1351691436364622 -0.011106154010319209 0.15886291670091326 0.6432919724772058 -0.21382085697208128 0.7177873312948547
3069.919723275 2.5047720094795882 1.119312161509591 -0.014051636972382861 0.16151216405713817 0.642295522685689 -0.21478829453658438 0.717799603600868
3069.969723275 2.4426658371231627 1.103796962460302 -0.014282336918764273 0.16401564987715492 0.6420389474406297 -0.21543186592109909 0.7172684070210095
3070.019723275 2.3793422984981265 1.0884116066467082 -0.012115058027734653 0.16503220984243794 0.6432668159610175 -0.21666893812771337 0.7155604408074172
3070.069723275 2.3170722884654853 1.0748978955169217 -0.011023421030126464 0.16984045688000335 0.6355660363321455 -0.2171333673773028 0.7211540289281001
3070.119723275 2.2577291823360937 1.062950065315869 -0.0075024737501302174 0.16930238011870727 0.6297891930328291 -0.22336043471414946 0.7244393643566761
3070.169723275 2.1988643971386823 1.0489877119032067 -0.003663334016533755 0.1669418371413793 0.6284921209232857 -0.22318119056907162 0.7261668080581644
3070.219723275 2.1392999562547748 1.0337882515140289 -0.0024251359800110885 0.1646552378102856 0.6294691220088675 -0.22148640115393659 0.7263615155023713
3070.269723275 2.0785423224606183 1.0180567970730134 -0.00536891256951793 0.1634143176013585 0.6280357930117082 -0.2206275897586091 0.7281416552679458
3070.319723275 2.017005234650737 1.0009077589280708 -0.010240893080844686 0.16049959538933783 0.6284430218333094 -0.2163145052899836 0.729730966171799
3070.369723275 1.9546375866306571 0.9830137672543522 -0.015254388486023568 0.1546070824437483 0.6299338792128599 -0.2123208901102593 0.7308897300556748
3070.419723275 1.8903429338252147 0.9628499371541022 -0.01728489884889239 0.14558606026564622 0.6396645265011286 -0.2043949072103635 0.7265374832029534
3070.469723275 1.8249171315814128 0.9431113012674026 -0.019696257714642867 0.14107632941487208 0.6438225790967416 -0.19757050275027951 0.7256416831791354
3070.519723275 1.7594484378628255 0.9229501198790304 -0.021199646013583866 0.1321959903600542 0.6416154601522087 -0.1938033734318899 0.7302698637303975
3070.569723275 1.6945542267752665 0.9011181043966572 -0.01796935194790313 0.12524429828297498 0.6416853288273969 -0.18355436361066418 0.7340719311584969
3070.619723275 1.6302765389135987 0.8795660658012983 -0.011010678050063087 0.1222917202068056 0.6472663776115547 -0.17639012759072462 0.7314215572916926
3070.669723275 1.566140840484215 0.8564059374362816 -0.008290471643429304 0.12312727215454013 0.639410176758569 -0.16623610276608475 0.7405132401561104
3070.719723275 1.5042752936995512 0.8314118969902992 -0.0023028504415367433 0.12155443866360177 0.6388516575564893 -0.15767319023680032 0.7431233027964154
3070.769723275 1.4441530441112704 0.8058215647024324 0.0038080433903767345 0.12004359635051695 0.6438905464813673 -0.15193785815575125 0.7402090153370219
3070.819723275 1.383378453934814 0.7779263482876271 0.003991669198664829 0.11186704870568065 0.6449217877584402 -0.1446406619646753 0.7420517030468693
3070.869723275 1.3221532807889764 0.7490348084991207 0.0011359613234879283 0.1061389258462335 0.6483312736289378 -0.13610640511971697 0.7415363339313015
3070.919723275 1.260257288330139 0.7210405311599346 -0.003885609921949757 0.10008686099049657 0.6499645889611182 -0.13377693031127233 0.7413719621554127
3070.969723275 1.1983523401050435 0.6935826224274099 -0.008357022579834351 0.0960807176310467 0.6536399953041188 -0.13483810820667558 0.7384727055305291
3071.019723275 1.1373635636827781 0.6655998825587258 -0.013408851808645986 0.09569745884861228 0.6552090033484304 -0.13369066235827382 0.7373397894453282
3071.069723275 1.0768066095506463 0.6371534803588608 -0.01830851414215106 0.09775379372020106 0.655109863061292 -0.12909355139007994 0.737977044441506
3071.119723275 1.0155878169008363 0.6093852761285514 -0.02356366434808134 0.10231782263367711 0.6473120163512023 -0.12727078547234258 0.7445269396228034
3071.169723275 0.9549680881143182 0.5790814945611988 -0.0242978224430113 0.10353658151981007 0.6422036633545738 -0.12034329636768337 0.7499147432078642
3071.219723275 0.8966915158075577 0.5511739520358951 -0.020070419357173075 0.10050047707854426 0.6380099959994248 -0.11771990265196752 0.7543108932207
3071.269723275 0.8398968483138637 0.5273152945052001 -0.013632098478383654 0.09662129140361035 0.6364527754096063 -0.12387617230196876 0.7551469291844606
3071.319723275 0.783244653198161 0.5029725240148548 -0.00893234146969748 0.09378813491226817 0.6354375304513675 -0.1244188369899899 0.7562690550628156
3071.369723275 0.726241212114737 0.4783299671060007 -0.005783750429102743 0.09059883244676854 0.6395505878255623 -0.12451444210543625 0.7531686735907381
3071.419723275 0.6676328951116225 0.4537446187844381 -0.007464527656133986 0.08886308251728461 0.6403746963064998 -0.12258814580102356 0.7529912000846699
3071.469723275 0.6078543324760832 0.4295158782298487 -0.01160138646850759 0.08717255093676285 0.640203155537821 -0.11937969783683608 0.7538496890939067
3071.519723275 0.5474495556716666 0.40513998156109143 -0.013198354749239034 0.08569838116286962 0.6483599073906067 -0.11416119749230907 0.7478318253067529
3071.569723275 0.48511449174301186 0.3798923494716644 -0.015023468239298118 0.07917928047919356 0.6561429957805357 -0.10756114861204868 0.7427231044879364
3071.619723275 0.42093630033704454 0.3570859031378778 -0.019040043351752193 0.07621194783386431 0.6537755725382197 -0.10813600465195375 0.7450341228813645
3071.669723275 0.35736660092671185 0.33368134730362853 -0.020307322103972243 0.075875395520556 0.6489842448428642 -0.1079183944461084 0.7492769811228094
3071.719723275 0.29619170897444685 0.3075425763809376 -0.013830290639427763 0.07103477188237292 0.6523920644237505 -0.09906005870145612 0.7480145454672659
3071.769723275 0.23679071756314019 0.28254101873686593 -0.005078591110698931 0.06978038418431799 0.6582163987734251 -0.09932025251458551 0.7429787061614025
3071.819723275 0.17831652628232106 0.25455842369089343 -0.0014939880474484192 0.06991526145387562 0.6527517398131979 -0.0935877559057877 0.7485107576589652
3071.869723275 0.12189019059113584 0.2250564786261126 0.0007997574980712521 0.06840547739830607 0.6473064889007614 -0.08948569553788532 0.7538615989576465
3071.919723275 0.06777981638089084 0.19436825450891249 0.0043022827534392825 0.06319379277322501 0.6487080245522723 -0.0870118542846947 0.7534012082883609
3071.969723275 0.014370662921745124 0.16052601894625135 0.006479813926236812 0.054175857529705725 0.655609060658854 -0.07899176962551845 0.7490006918383755
3072.019723275 -0.04060605661297417 0.12677779778191425 0.0035206025166430945 0.04848718294678027 0.6572670402917553 -0.0734120855863779 0.7485049742826431
3072.069723275 -0.0970276304023086 0.09402373989822291 -0.0009102117109394264 0.04413825865727558 0.6593354845889262 -0.07238306721058696 0.7470536958383762
3072.119723275 -0.1538189192110179 0.06225172863958721 -0.005002700166958704 0.04071327945707871 0.6623905864278371 -0.0740204496418837 0.744380355008412
3072.169723275 -0.21003942774665055 0.03124034800771286 -0.008848562852949502 0.039575703247282754 0.6631260589011828 -0.07368623378830147 0.7438198254071776
3072.219723275 -0.2670829248626177 0.0020896239047920734 -0.01144215288095513 0.04254685349643488 0.6605675036297316 -0.07412497881609065 0.7458859335859952
3072.269723275 -0.3248279193202688 -0.02460774106463859 -0.0125143455025649 0.04624715158056977 0.6507796998642089 -0.08258519019106407 0.7533436596776
3072.319723275 -0.3815741117981365 -0.053817963236110655 -0.007777174964651712 0.04820316200988399 0.6507899522853909 -0.08150804454326305 0.7533294975316984
3072.369723275 -0.4381257505184659 -0.08002883799985941 -0.003994108644177639 0.04933493516962958 0.6422860104113688 -0.082990762260292 0.760359966319316
3072.419723275 -0.4937079421668162 -0.1029956773632856 0.0020167327956942395 0.04908866196801623 0.6386618616385444 -0.09104056173274803 0.762504390724384
3072.469723275 -0.548791078556786 -0.12749078103478462 0.007600839226481984 0.048717589036160254 0.6405627127074166 -0.09264803507831554 0.7607380292870515
3072.519723275 -0.6044475849986148 -0.15337430006879504 0.009843514860681564 0.04784889141135423 0.643830699623108 -0.09206640449088298 0.7581004491343114
3072.569723275 -0.6612915629837522 -0.17920212717394232 0.008572018982924876 0.04664993033599249 0.6455907707421332 -0.09192596671191178 0.7566940976222202
3072.619723275 -0.7191378929652318 -0.20560015143753052 0.0056358406734731276 0.043981463508441336 0.6471082844137703 -0.0899590560087165 0.7557935348709615
3072.669723275 -0.7777604404257537 -0.23321787972227295 0.003524641281255904 0.038998694131773565 0.6520520543837445 -0.08495635390653572 0.7523892863145132
3072.719723275 -0.8370168984076147 -0.2609707074314891 0.002649694389396543 0.03104142961411944 0.6586490822441444 -0.08197837316260666 0.7473268110004287
3072.769723275 -0.8964046031941253 -0.28891688213271327 0.001043065153520875 0.023203571459029782 0.6584541882765818 -0.08034551983483394 0.7479600749071063
3072.819723275 -0.9556707980452446 -0.3182698348749508 0.0009321663209956484 0.01927374790926252 0.6528496248919657 -0.07071852848354215 0.7539328747634451
3072.869723275 -1.0132487066281641 -0.3461202719171954 0.009284793068646558 0.012812196885915374 0.6574813243397838 -0.06855694000552026 0.7502360306813052
3072.919723275 -1.0692981948575353 -0.3743702841550414 0.016860782577683624 0.012911756539971307 0.6585874905190336 -0.06478750996528199 0.7495988143182944
3072.969723275 -1.1234390752367434 -0.4039291474966318 0.021052663192693034 0.012356827525761166 0.6499774713387825 -0.05880057782086274 0.7575744766116884
3073.019723275 -1.174666927357176 -0.434032609801289 0.027455637959642516 0.011484519133110126 0.649669093920473 -0.05352660826202882 0.7582434150276522
3073.069723275 -1.2242362504366229 -0.4659185331400093 0.03207218112529155 0.005730094796782549 0.6520122789207409 -0.046598877750453634 0.7567533936115518
3073.119723275 -1.2742768142756453 -0.4989833317185901 0.03227602752451763 0.0009155438303805536 0.655283431446333 -0.03765254823148311 0.754443551144212
3073.169723275 -1.3262247688794102 -0.5316047169597684 0.02806035859905158 -0.0037861350872062313 0.6571123131426131 -0.03308104927726757 0.7530569150311156
3073.219723275 -1.3802147189326737 -0.5633176407119744 0.02161599461495768 -0.0048816464331556736 0.6583778228707421 -0.03230989607458939 0.7519779800604088
3073.269723275 -1.43483830860469 -0.5942513747825897 0.015491084992279783 -0.006088506703762139 0.6602082866565597 -0.03496357168109665 0.7502436250788334
3073.319723275 -1.4890499133002029 -0.6249580662233988 0.010009226007763697 -0.0042794095211229274 0.6596629340405586 -0.035586187069766684 0.7507064162487143
3073.369723275 -1.5431436226645605 -0.655663891737451 0.006754238156277853 0.0009550263693468911 0.6578016440499272 -0.032528451999366714 0.7524878635701521
3073.419723275 -1.596180347593636 -0.6852848882087883 0.007011936196906194 0.0030431201550748027 0.654645715716965 -0.0316351872232779 0.755267463381346
3073.469723275 -1.6489133074864852 -0.7151020889600698 0.011436952566166897 0.006414985437405303 0.6577284977273787 -0.026815733038667015 0.7527502824315128
3073.519723275 -1.7031640355683808 -0.7407328898969292 0.013547715624543537 0.012011827345871546 0.6482787196884857 -0.027797115568661705 0.7608007215880733
3073.569723275 -1.7568663350577334 -0.7632513387746473 0.019520698332943207 0.012090197588844866 0.6435632776545539 -0.037032840901243536 0.7644008787747261
3073.619723275 -1.8108506362813224 -0.7859630219072417 0.02592778322656968 0.014214677494988275 0.646304922741433 -0.044224300774971526 0.7616640342072539
3073.669723275 -1.8661253429837683 -0.8102415187018566 0.02749613924518975 0.014254207027249447 0.6468580052136219 -0.05039640703822533 0.7608099242456788
3073.719723275 -1.9223554275682115 -0.8359902346566382 0.025284811438385076 0.014300496593910375 0.6476728024529385 -0.05426991939050624 0.7598488090464265
3073.769723275 -1.9792323774476936 -0.8628948929541997 0.020852727492754592 0.013409023479152168 0.6492671910441601 -0.05578420542654794 0.7583933248307837
3073.819723275 -2.036705929310565 -0.8910089712232792 0.015343097058506085 0.009649226127904108 0.6496989551890235 -0.05620928469754627 0.7580492572222559
3073.869723275 -2.094204922939826 -0.9205075343118179 0.012365842002733102 0.004685900592011308 0.6541599237708692 -0.05483977973712001 0.7543510025353694
3073.919723275 -2.151804476295387 -0.9505397126855368 0.011078328631469719 -0.0014865324704114585 0.6572814218140358 -0.05284664928264188 0.7517886367982237
3073.969723275 -2.2096329650652042 -0.9817325695525219 0.009655438883069268 -0.004841706491273613 0.6534906133539508 -0.04729729718889075 0.7554399657253749
3074.019723275 -2.265381978123555 -1.0151783511974355 0.01411828131025313 -0.010983891485376039 0.6554195861794316 -0.03397923179847883 0.7544202621792481
3074.069723275 -2.319847516884264 -1.0467559141592235 0.021712609132896292 -0.011337318190055748 0.6622989978415309 -0.026336588025074825 0.7486907818355711
3074.119723275 -2.37297129750536 -1.0780273397668623 0.025674390388033812 -0.012002524806487037 0.6544059664794429 -0.0201028387730679 0.7557808189598623
3074.169723275 -2.4231239310598696 -1.109063302126272 0.03313029243145736 -0.013166402519850847 0.6550953483938429 -0.016399545350663566 0.7552534576350687
3074.219723275 -2.4721597786258136 -1.1405807228059333 0.038778552518782414 -0.01883511939538248 0.6559700477261455 -0.016449706240044548 0.7543725484985098
3074.269723275 -2.5208576805495855 -1.1740582905552455 0.04076910005092386 -0.025185129457199376 0.6571787077416368 -0.014233233888816423 0.7531794410353504
3074.319723275 -2.570032208244437 -1.208904791219608 0.03984621557524882 -0.03078025443317294 0.6608170755701868 -0.011887821229370044 0.7498213442402889
3074.369723275 -2.620878330184163 -1.2442211743747242 0.03528161257889356 -0.03396325595433622 0.6613505779489017 -0.011709513987379792 0.7492161220728059
3074.419723275 -2.6728178226756225 -1.2787267206048634 0.0309121982294723 -0.03582246378850417 0.6634857723240015 -0.015235961754373414 0.7471755125010214
3074.469723275 -2.724318511517427 -1.312433914361809 0.027116320020972706 -0.036538299532443134 0.6634948552367578 -0.018742387233128762 0.7470530454140689
3074.519723275 -2.7762035996793384 -1.3461574555493185 0.02497773985530158 -0.036673251896801234 0.6623503043108703 -0.021048906040494697 0.7480000605141084
3074.569723275 -2.828289984811946 -1.3797704669278235 0.023244246201142207 -0.035130467510754146 0.6534044594318457 -0.020888606036026047 0.7559048410910764
3074.619723275 -2.878333028527978 -1.4145932499758074 0.0270729413902946 -0.03917499941897286 0.653511079543095 -0.01677565027008454 0.7557163263374413
3074.669723275 -2.929496813855129 -1.4481690259419753 0.028921278395762574 -0.0318315292851024 0.6481651316931551 -0.008419408236401305 0.760787637495192
3074.719723275 -2.9813532826778224 -1.4788776540664061 0.03161773094384099 -0.03281295551175148 0.6361820942267638 -0.006719808783097803 0.770811583401386
3074.769723275 -3.0338409323908127 -1.5080991081268282 0.03904167244618547 -0.03285175329973506 0.6393147131644312 -0.009310075395431548 0.7681866845583473
3074.819723275 -3.0875454696668245 -1.5383865584138263 0.043154019755776055 -0.03468608758651435 0.6434196487221298 -0.012080006339326873 0.764632005878039
3074.869723275 -3.142405357454052 -1.5701315087534107 0.042166077319783064 -0.033820869864015925 0.6460353931232282 -0.01411093753055831 0.76242724310964
3074.919723275 -3.1978029237434704 -1.6037538098782183 0.038184275701996805 -0.03447949589601665 0.6470986051230022 -0.010829046109295748 0.7615492704815522
3074.969723275 -3.254313146235748 -1.636245990475583 0.03390693298741885 -0.036234324947410794 0.647108552696031 -0.011168825840419006 0.761454432026369
3075.019723275 -3.3108191534205416 -1.669138489742719 0.03300961306390917 -0.04491010544747779 0.6519547541319642 -0.014527849363750175 0.7567873033992382
3075.069723275 -3.3672460852282695 -1.7035642991087663 0.03251129529438064 -0.05078950777492134 0.6559045519831832 -0.012398926697512802 0.7530311488939025
3075.119723275 -3.4237066231503754 -1.7392601437139847 0.031659476289844564 -0.05451535413596245 0.6557894755238559 -0.007445110979491685 0.7529361262936449
3075.169723275 -3.480024771998121 -1.774080235774153 0.03227939886029329 -0.05416084598268581 0.6488075312953998 0.0031057812721208555 0.7590163003648198
3075.219723275 -3.535096285379315 -1.8046847993452544 0.04048148294168638 -0.05269131797355531 0.6552139118691779 -0.0015253266018006024 0.7536020356143265
3075.269723275 -3.588400315225862 -1.837740378434869 0.04393577273590912 -0.04885848293321285 0.6491180258452884 -0.0001259314410746448 0.7591170010673274
3075.319723275 -3.638561544055267 -1.872653978452832 0.047855363945176976 -0.04180901518822981 0.6493452287128479 0.007950980339919866 0.7593020229845856
3075.369723275 -3.687188688145948 -1.9056778837227066 0.05216169685746353 -0.036603999537470885 0.6532370802007733 0.009022543657865645 0.7562142936857061
3075.419723275 -3.7347926090726964 -1.9401408195581114 0.053509495357206185 -0.04268379039135176 0.6524887873253632 0.008863771702671441 0.7565433959818215
3075.469723275 -3.7822019540772085 -1.9748199521388352 0.05409305388359839 -0.04746790574903655 0.6585420766170345 0.004964343456292097 0.7510289518672185
3075.519723275 -3.8312571583709762 -2.0103561324665304 0.049448463847272854 -0.04953149069609675 0.6583042158908666 -0.00014236261039279885 0.7511206098241621
3075.569723275 -3.88090828712919 -2.0458775688524566 0.04410899223833785 -0.049579443603865236 0.6580636649094267 -0.004274845239773561 0.7513160569268308
3075.619723275 -3.9301773833923717 -2.0794472235238497 0.04093902742600515 -0.046531459326377526 0.6599771539563173 -0.00894315787552874 0.749789970242261
3075.669723275 -3.979576438176193 -2.1126028463004025 0.03965641130284179 -0.04377532520357514 0.6611650619099259 -0.009196804443910855 0.7489058022214715
3075.719723275 -4.030711026716227 -2.1432833733964816 0.039317279656112265 -0.03478219801882741 0.6549069952128745 -0.009389890280530944 0.7548502210920672
3075.769723275 -4.081350950269069 -2.1716838603892734 0.04518672357997227 -0.030408357196947348 0.6523144705369177 -0.0177580965290936 0.7571299844467837
3075.819723275 -4.130811750171549 -2.200887187248794 0.0539046217242345 -0.027549151966829017 0.6530929817535756 -0.01800625870151512 0.7565622089806671
3075.869723275 -4.181361082197827 -2.2259203028254713 0.06057714436903956 -0.021763526135457557 0.6488820503953644 -0.024470389937714998 0.7601839472266929
3075.919723275 -4.232511316724589 -2.2485525403858553 0.06841613781973174 -0.01509742580087687 0.6511296703949448 -0.0315604022190667 0.7581597200308973
3075.969723275 -4.285342819856889 -2.269550125336349 0.07417981505770727 -0.012649271797891978 0.6533666113002289 -0.04385688840306867 0.7556643702733639
3076.019723275 -4.339791338596303 -2.2899254308206345 0.07632896119277331 -0.008134939664214176 0.6560415102488255 -0.05704740289479697 0.7525217295268346
3076.069723275 -4.39525341641994 -2.3113821009110778 0.0747328621038674 -0.006150940056544011 0.6557947225286792 -0.06671242024544598 0.7519607043090405
3076.119723275 -4.451233842471305 -2.3338607754825924 0.07245100514742968 -0.005656053850154288 0.658315701279099 -0.07330849198075085 0.7491423840017069
3076.169723275 -4.5079715455319835 -2.358736230792762 0.06919024103743622 -0.006829112353138343 0.6614169448022694 -0.07547930180824225 0.7461795114792689
3076.219723275 -4.565309199542539 -2.384614144428419 0.06538088743537529 -0.0077519547098639716 0.661303217262948 -0.07532264834821978 0.7462871167866031
3076.269723275 -4.623885615825487 -2.4102095130562446 0.06238662378385157 -0.005381010512338128 0.6589225565894142 -0.0774054824383104 0.7481981692252587
3076.319723275 -4.682524109737459 -2.4369177974645253 0.06198408648690683 -0.006883772681417807 0.6517848580186547 -0.07516101538203362 0.7546389430038808
3076.369723275 -4.739890939022203 -2.4608652576692456 0.07047779698298828 -0.004385084252305244 0.6625889699517649 -0.07822747975218447 0.7448738747908811
3076.419723275 -4.796748721664931 -2.483720081169079 0.07332863545734519 0.003391139443967593 0.65895457227677 -0.08371292121246643 0.7475021863987331
3076.469723275 -4.850574444366847 -2.5099081347448187 0.07509036894394437 0.009822585600440603 0.6547054269717868 -0.07803917495597558 0.7517806913442265
3076.519723275 -4.902928583553755 -2.534857240503137 0.07658321532075019 0.01532081512357715 0.6531165381344648 -0.07891509936505747 0.752978397652552
3076.569723275 -4.954850530711868 -2.5604514988674656 0.07623831533886871 0.016948922249765692 0.6532708156874375 -0.07975873506287251 0.7527207447565213
3076.619723275 -5.007520045337798 -2.5870926020609466 0.07289432920823255 0.01818295231286801 0.6551373458554212 -0.0782299783195482 0.7512286661215914
3076.669723275 -5.062449588407777 -2.613121531593438 0.06670698912057464 0.020116309815582673 0.6562704273203843 -0.0822330536003285 0.7497614188524836
3076.719723275 -5.1187553720935695 -2.638720857405623 0.060324660744775147 0.02281804207460424 0.6584494537180704 -0.08826595755334725 0.7470828431917353
3076.769723275 -5.174886968221973 -2.663477744805494 0.05464016106561551 0.0267386451330636 0.66013207737244 -0.09624409643645737 0.7444781791171083
3076.819723275 -5.230746287493823 -2.6881857070371638 0.04986624094977425 0.03275736877059615 0.6588527245611809 -0.10296975995594893 0.7444711348763968
3076.869723275 -5.287197517283223 -2.7128819065903502 0.04679162393743803 0.04167148553771389 0.652526722520063 -0.10740320521764592 0.7489572185374017
3076.919723275 -5.343451625678622 -2.7376977301578203 0.04982018662385449 0.045718831193388924 0.6533273262961934 -0.11160231174648713 0.7474075977683245
3076.969723275 -5.400525410564843 -2.7605976922527313 0.05190694374036411 0.053626762576998784 0.6481708833403195 -0.11424974783768804 0.7509631625082319
3077.019723275 -5.45698937923711 -2.779723935333913 0.054353050386756994 0.06018987121701537 0.6415411625528141 -0.12010586629129294 0.7552328760294279
3077.069723275 -5.512996352029363 -2.795793950844489 0.05822638953436309 0.07045412536598192 0.6416138906528461 -0.12607301297665396 0.7533083212995995
3077.119723275 -5.5697598957429895 -2.8102969501932056 0.06084381227637603 0.07681060911290835 0.6437409323887966 -0.13376321143703673 0.7495366205603016
3077.169723275 -5.628098665632589 -2.822845674681352 0.060611829353482874 0.08585460801409801 0.647078092016098 -0.14500822565662758 0.7435667714519447
3077.219723275 -5.688148785016085 -2.8352996556622605 0.055931438901118076 0.09135998554076434 0.6446306630894775 -0.1546952638079443 0.7430841383061563
3077.269723275 -5.749039547276143 -2.8473174562419796 0.05133791883619053 0.09546093161487719 0.6447125491306166 -0.16575684775264 0.740106483522358
3077.319723275 -5.8106837075092805 -2.8617019599473372 0.04835335514824532 0.0958994473278963 0.6501720201287796 -0.17244893662885166 0.7337172510575476
3077.369723275 -5.872741401844822 -2.8786834875986163 0.044232295854598945 0.09678995276503996 0.6522782905807498 -0.17339648166463364 0.7315042015102323
3077.419723275 -5.936187184089279 -2.898514817502164 0.0394720607145643 0.09785174165669383 0.64862320321443 -0.16976193171386028 0.7354548683960035
3077.469723275 -6.0001242369343775 -2.920363634950917 0.038577024519907945 0.09535393587708377 0.6435328519147174 -0.16165801362576696 0.7420510643141959
3077.519723275 -6.060698539691424 -2.9391693239645154 0.0459343219537338 0.10271640863432102 0.650085541380804 -0.159657939010683 0.7357631893454275
3077.569723275 -6.118862376284496 -2.958014062019423 0.05214887355461691 0.10723544539416208 0.6466570914523602 -0.1575185988253344 0.7385953265148605
3077.619723275 -6.175521543482553 -2.977558106681404 0.06027376129928104 0.11013444973446525 0.6494560086649726 -0.15537441991123055 0.7361630834454403
3077.669723275 -6.2332377723351335 -2.997660599066387 0.06373530177870684 0.11523300272734996 0.649373704272169 -0.1517433637856957 0.736212672282461
3077.719723275 -6.291809575397787 -3.0184952358527233 0.06263105584611837 0.11599348948055574 0.6472001238524422 -0.1494974010249306 0.7384632943960715
3077.769723275 -6.350115733238779 -3.038878643549053 0.059841359201012294 0.11843731295174899 0.64827360807624 -0.15158051812474405 0.7367070506637068
3077.819723275 -6.4082935318165895 -3.0588529861872544 0.05598554372734537 0.12173500115018639 0.6493920923493044 -0.15757272416287926 0.7339218871849007
3077.869723275 -6.466686581906878 -3.079468438015701 0.05234190762188351 0.12247386831537377 0.6513794089843835 -0.16399487056775658 0.730623500551747
3077.919723275 -6.524940999790512 -3.099368245931698 0.04918041772184493 0.12789927024506711 0.652843470091219 -0.17276067710050122 0.726354547502672
3077.969723275 -6.582461217974563 -3.1202437877364533 0.04755681364784028 0.13303764208137742 0.6520224609216857 -0.17867076179669122 0.7247375077378336
3078.019723275 -6.639931635111272 -3.14107243074596 0.04948670923057826 0.13852467925742246 0.650874263426893 -0.18812582844023376 0.7223449862211293
3078.069723275 -6.6990582406621675 -3.16403549502029 0.05349722712376304 0.1402952693608016 0.6475065444398861 -0.1961718215106612 0.7228894305131923
3078.119723275 -6.75675805847146 -3.1884603328277112 0.0585991602240091 0.1397382023907784 0.6418518351145116 -0.20615073848240267 0.7252594912001413
3078.169723275 -6.812077693702164 -3.215935867353652 0.06443962858652527 0.13721834446887782 0.6377108426243903 -0.2077455836171722 0.7289292006965223
3078.219723275 -6.865849008727037 -3.2452285383345347 0.07039819588760472 0.13318708723184916 0.6360580970152023 -0.20414215303674893 0.7321320088410397
3078.269723275 -6.919062876017178 -3.2759715168383488 0.07821895012597747 0.12808522890659743 0.6453580198999979 -0.19821280213298292 0.7265114488824588
3078.319723275 -6.973637186416253 -3.307400371918902 0.08148491467332457 0.12431309373471432 0.6532247176030841 -0.1913378122127602 0.7219650716316613
3078.369723275 -7.029572223448317 -3.3396528982365536 0.07930999710917712 0.11854190945748311 0.6554798000782813 -0.1833112964759563 0.7229737311796428
3078.419723275 -7.085784059225573 -3.3720462285524193 0.07667184161477802 0.1120056894192103 0.6594682225416694 -0.17792086491027126 0.7217344074000074
3078.469723275 -7.142214364618721 -3.4061033668044187 0.0752060208481932 0.10100154931833084 0.666216022627391 -0.17194549332130635 0.7186025643958761
3078.519723275 -7.198226505042479 -3.4405126730901103 0.07438695919448177 0.09087490976830447 0.6716924928005442 -0.1664275648112731 0.7161513887167873
3078.569723275 -7.254201000898951 -3.475186383399711 0.07249396387264492 0.0794589648564229 0.6685399660510731 -0.16379007091506953 0.721050205856716
3078.619723275 -7.308850935456017 -3.512271812731428 0.07527521182485218 0.07083801758477688 0.6681357617749225 -0.15344322431151616 0.7245907507103503
3078.669723275 -7.361589864604514 -3.5491212945193906 0.08268837589419559 0.06456739916930132 0.6732804382039765 -0.14779067914972405 0.721583271461331
3078.719723275 -7.413560674640686 -3.588811275970718 0.08730004943838482 0.061074240871192106 0.6713799074993266 -0.13850952630084518 0.7254888476276661
3078.769723275 -7.4644553820913995 -3.6315070820915363 0.08982842415128613 0.05891424347735478 0.6672926296491628 -0.1254224943048406 0.7317915387962262
3078.819723275 -7.513157228702105 -3.6746636908635066 0.09095338514728957 0.053348357253874094 0.6619925325737425 -0.1175300480661943 0.7383132989432559
3078.869723275 -7.559370738845196 -3.721253448262237 0.09317739142883256 0.04566480749658931 0.6690855973644512 -0.1053155215876376 0.7342668654300553
3078.919723275 -7.605666362485375 -3.7699435198689946 0.08879499655018762 0.03956684126478076 0.6702739705682688 -0.09082269000590532 0.7354716231310809
3078.969723275 -7.651838996146654 -3.8189656445885105 0.08142888185385776 0.03258731692615012 0.6699944840735546 -0.0800083312406684 0.7373222667318883
3079.019723275 -7.697780616060614 -3.867485421839716 0.074011449227987 0.02776710418280382 0.6714568676536371 -0.07287256900738914 0.7369289324570795
3079.069723275 -7.743744166553286 -3.9154133697040754 0.06664718374716791 0.025793168817199764 0.6697847805228113 -0.0657374358568088 0.7391898604210889
3079.119723275 -7.790136077507528 -3.9606909676840987 0.0625883568945793 0.022961700311195814 0.6657364747936416 -0.060928593690886046 0.7433407111944058
3079.169723275 -7.837746401955254 -4.000743089377365 0.06273128443351979 0.02195478015119711 0.6574837218856726 -0.07090157477108905 0.7498040475876722
3079.219723275 -7.884376751882372 -4.041386091241912 0.07000611984886503 0.0208142663034551 0.6573970148028379 -0.079445124981254 0.7490556744083042
3079.269723275 -7.929174225606052 -4.08459490490843 0.07918353055892796 0.020980310311486294 0.660054410916399 -0.07736059495397467 0.7469292734639648
3079.319723275 -7.972600334999774 -4.127419483090579 0.08593030034205328 0.01757703866211372 0.6566107748181589 -0.07344676065968414 0.7504391457361262
3079.369723275 -8.014800335750104 -4.1689929732573265 0.09168004946276287 0.014984748720241872 0.6540069848873612 -0.0726425718649284 0.752843528083481
3079.419723275 -8.055992847863505 -4.211622791365582 0.09612951276914723 0.011528926143612998 0.6550855820443616 -0.07143186790652362 0.7520820781716315
3079.469723275 -8.097002390227559 -4.255448708237643 0.09694442516428169 0.008629003433316192 0.6572102322066853 -0.07095849395504772 0.7503100313325248
3079.519723275 -8.137746160447762 -4.3012888976299966 0.09260766811175003 0.00618896814192362 0.6553323125644396 -0.06440019719822297 0.7525648619109929
3079.569723275 -8.178519823686685 -4.347715041254578 0.08650252985885533 0.0076771099894999955 0.654332534981421 -0.05410763387057614 0.7542296464631475
3079.619723275 -8.220175959516398 -4.395455460142525 0.0807974031507365 0.004261521994938802 0.6559940699732152 -0.044872774596437404 0.7534189098305673
3079.669723275 -8.261948526695956 -4.444392158137903 0.0756160740083681 -0.007573428593130115 0.6559438045127615 -0.036203561599748024 0.753902958362787
3079.719723275 -8.303636121388852 -4.49311538174252 0.07178641656966175 -0.015520779151103725 0.6564862734980804 -0.028279746157898578 0.7536478846785091
3079.769723275 -8.345285477211128 -4.543091896627857 0.06846771027995487 -0.023550775401559355 0.6490863876866284 -0.014942110492474903 0.7602032331106862
3079.819723275 -8.386714037621562 -4.591603060676284 0.07263998235726822 -0.03002360760507746 0.6523601556430726 -0.0073146796009409 0.7572788824323957
3079.869723275 -8.428161328047363 -4.638963617776933 0.07523249323321389 -0.028851662443258416 0.6479607968126195 -0.004239870732091199 0.7611152415136557
3079.919723275 -8.466628523561209 -4.688760795328911 0.07762154214246425 -0.02840638160030487 0.6401727348205833 0.0052975237909888 0.7676873604003109
3079.969723275 -8.502061071368527 -4.739585565177528 0.08256298545817073 -0.03133124931807245 0.6394287685239783 0.013429677654317462 0.7680942953558363
3080.019723275 -8.53574498111721 -4.792875303561974 0.08697221172406569 -0.04010727537341668 0.6438829381973943 0.021640483518916894 0.7637655778008583
3080.069723275 -8.569065318430113 -4.848289221612283 0.08798886665402068 -0.04784840783852306 0.6500004518744377 0.033364495875795375 0.7576917267895298
3080.119723275 -8.604038842004234 -4.903363038184252 0.08460019633126713 -0.05653815722503998 0.6506360787807649 0.03904507838878001 0.7562748254569902
3080.169723275 -8.64029304549718 -4.957007177441487 0.08010914155202314 -0.062382995357183224 0.6516386123285864 0.03963654470086475 0.7549201448742221
3080.219723275 -8.676095756206744 -5.009545373098559 0.07620892020869993 -0.06855293746659714 0.6531453085242349 0.038804920492360166 0.7531240793276127
3080.269723275 -8.712013652114232 -5.060969859313896 0.07257886455537883 -0.07174622708124387 0.6515090808220033 0.039558308047380975 0.7542039092781897
3080.319723275 -8.749366996704085 -5.111031345196797 0.07168181734403978 -0.07056379746773128 0.651273915757764 0.0412703607925296 0.7544267986097368
3080.369723275 -8.78817074259259 -5.159431012967075 0.07243121430353051 -0.06971466882552824 0.6448529538523973 0.03902030422799263 0.760119693677476
3080.419723275 -8.827559225991276 -5.206288154561061 0.07677250948527264 -0.06767487922840029 0.6404033337467593 0.0385289411580102 0.7640806250263785
3080.469723275 -8.867699909701756 -5.2500025456590285 0.08345587238099272 -0.06492426477882869 0.6365104910477236 0.03403814562536217 0.7677764253163163
3080.519723275 -8.908022408738367 -5.29282104341254 0.09142640721529499 -0.061647814262173556 0.6394070681565027 0.029565556349265602 0.7658224507455762
3080.569723275 -8.948653753669673 -5.336333716107488 0.09647440647545204 -0.06252351074665002 0.6423738278555237 0.0229859210058988 0.763490879661091
3080.619723275 -8.9891189307951 -5.3817523459159595 0.09674844882819501 -0.06131531893407576 0.6459901421131354 0.019393846557279933 0.7606320047647064
3080.669723275 -9.029565341066574 -5.429361938857661 0.09142764496860666 -0.061815229232508026 0.6439255295661408 0.01999157382933558 0.7623248171112651
3080.719723275 -9.069978006034777 -5.4780475442900345 0.08463649331736738 -0.060942358952270737 0.642107460952761 0.023877340235548883 0.7638153638788677
3080.769723275 -9.109781155365944 -5.528350615800926 0.08174217320284288 -0.07126929543487669 0.6464981056754795 0.026300558718595546 0.7591239473875941
3080.819723275 -9.150832277578347 -5.579794672506089 0.07836951975550979 -0.08061140186788567 0.6477833319474245 0.03074565185988504 0.7569235507181012
3080.869723275 -9.193618079970603 -5.633224309524154 0.07436715676851317 -0.08952273489350425 0.6418440918880465 0.03501068205285623 0.7607864968490109
3080.919723275 -9.237258858225514 -5.686832455709603 0.076012189390589 -0.09256500844816208 0.6419977885444593 0.04589258309970611 0.7597133864369193
3080.969723275 -9.281339082620752 -5.735544824247518 0.08456979557597723 -0.09625621227179526 0.6522811619064217 0.03952447974586415 0.7508008010930161
3081.019723275 -9.324265143330804 -5.783953714652307 0.08836118149625768 -0.08832378412418 0.6522182201568725 0.03833086879778452 0.7518916457512969
3081.069723275 -9.364677230180416 -5.834192024035084 0.08884788356086389 -0.0879780899555145 0.6406408655458605 0.040333986728326 0.7617166839416277
3081.119723275 -9.402381802025243 -5.884752195428923 0.09200370356458829 -0.08556641264448021 0.6392710423196614 0.04513927574460263 0.7628717908429573
3081.169723275 -9.437643197211525 -5.9366602818532135 0.09552933271560685 -0.0883930766692748 0.644290491724443 0.05063036444615053 0.7579663531229239
3081.219723275 -9.47163848307346 -5.990846037030631 0.09591156748789653 -0.09564000039432746 0.6498596101525552 0.058209501003627304 0.7517626829058827
3081.269723275 -9.506670927086379 -6.045210249116313 0.09241405511318135 -0.10160543946053734 0.6543739992421012 0.061540532354416366 0.7467822752753743
3081.319723275 -9.543574729357793 -6.098790580926249 0.08572385395462696 -0.1045932510232765 0.6555093111331987 0.061813893607577886 0.7453501441705987
3081.369723275 -9.581112480748326 -6.150324628087075 0.07821673700804635 -0.10457084767470803 0.6539996527684889 0.059574468208636655 0.7468602779188
3081.419723275 -9.618678535861852 -6.201363393359275 0.07150223244975842 -0.10303921000718749 0.6499797073806725 0.06291230227122378 0.7503008352770003
3081.469723275 -9.658811069659334 -6.249152685210825 0.06680603472110312 -0.10019345601523447 0.6404327034961098 0.06154567790154834 0.7589593883706993
3081.519723275 -9.69968473374343 -6.294885546502289 0.0688573918596577 -0.09648550159012148 0.6410622934375623 0.052065725440913035 0.7596175644031586
3081.569723275 -9.740167751589542 -6.342066770507103 0.07003786332565312 -0.08794405767722532 0.6385509470019806 0.05519235980748821 0.7625433326841299
3081.619723275 -9.7814512177765 -6.385755934245775 0.07109723148494017 -0.07830812043222889 0.6275655960901672 0.05591579070818935 0.7725947742690489
3081.669723275 -9.822659182311908 -6.428035777599234 0.07951125889738536 -0.07603396183438739 0.6352338467213586 0.05168787944838371 0.7668279857604846
3081.719723275 -9.865447575955534 -6.470672444603937 0.08468348157154634 -0.07496292377105063 0.6408958171249218 0.046089670558848495 0.762567278290415
3081.769723275 -9.909627871902385 -6.514130575322537 0.08618809528350987 -0.07567757613951134 0.6462679415485756 0.038564950358588146 0.7583689054807397
3081.819723275 -9.95435559686587 -6.558732368607978 0.08362334547048705 -0.0772804689905898 0.646858209408419 0.034257815695477145 0.7579106729010375
3081.869723275 -9.998554997087473 -6.604840689667772 0.08109264682721233 -0.08197295001420031 0.648734721158631 0.03310230178626721 0.7558623781123476
3081.919723275 -10.041614435333013 -6.6537971102726825 0.08136204451588498 -0.09067343785531254 0.6554834475573563 0.03630385706101635 0.7488670159703354
3081.969723275 -10.085454103835312 -6.704478068322522 0.08162670387055436 -0.09631645936947811 0.6585646767096949 0.043505159292868134 0.7450657738479771
3082.019723275 -10.130686351826537 -6.754989542506228 0.0815080043956091 -0.102389061648647 0.6518645721568381 0.04441492091277083 0.7500775789355422
3082.069723275 -10.173351803022404 -6.807703959987985 0.08785634007140786 -0.11134873824901084 0.6537634769253807 0.05087838417801825 0.746730315945606
3082.119723275 -10.215051310831438 -6.859220925846701 0.0964258389936745 -0.11537571561107009 0.6601204044033275 0.05274479099224583 0.7403698285051906
3082.169723275 -10.254948265438141 -6.910494621871259 0.10027762199634763 -0.11288876877210861 0.6549362345220809 0.05841612498583325 0.7449175866743883
3082.219723275 -10.29155475691454 -6.962625346763942 0.10457893438567493 -0.1131482927124956 0.6528675927865801 0.06990494507482374 0.7457041429410122
3082.269723275 -10.328115502714912 -7.012547967224804 0.10787540636027079 -0.11494652879920902 0.6531407474485005 0.07164027089163812 0.7450249198020156
3082.319723275 -10.364152076443665 -7.063627861462076 0.10806449038561983 -0.11785062880782804 0.6571075506774835 0.07597066855196877 0.7406411773942932
3082.369723275 -10.401043635577233 -7.116042318169086 0.1017871205990984 -0.11980363255935805 0.6558863567369396 0.07981743145347209 0.7410056371635082
3082.419723275 -10.438959862997054 -7.168980872861096 0.09288795581979055 -0.11968369563512779 0.6546521369889418 0.08236636118440403 0.74183702730463
3082.469723275 -10.477426440717583 -7.2206736238074 0.08532417583443333 -0.11894043555362248 0.6563957246499182 0.07876560938067273 0.7408061853349462
3082.519723275 -10.515070868251827 -7.271862740105317 0.07874441652308804 -0.11727145832551455 0.6569310510656587 0.07599184708937079 0.740887466747766
3082.569723275 -10.552178696960151 -7.32292438813995 0.07367470344010466 -0.11505487526803668 0.6542664162674033 0.07546511082620316 0.7436416134601764
3082.619723275 -10.589650037514438 -7.373411120301096 0.07140430643938118 -0.11177101950246882 0.6519320891104298 0.07286243851393885 0.7464468202365738
3082.669723275 -10.627034702247757 -7.425173924424089 0.07077344604693532 -0.10844021038799065 0.6486888488224833 0.07235059568532426 0.7498059012093388
3082.719723275 -10.665746664633156 -7.476295645210724 0.07043404189572419 -0.10035210865918998 0.640745767140453 0.07827926848999683 0.7571305516909997
3082.769723275 -10.706063446252537 -7.523457504387003 0.07262014266613981 -0.09629257333289581 0.6345457626911742 0.0712075734205042 0.7635501927569454
3082.819723275 -10.74579543642371 -7.571476048292265 0.07650039256198228 -0.09318046956351457 0.6380170103388031 0.07172684191203814 0.7609907717965994
3082.869723275 -10.787336182552403 -7.618909243198702 0.0775437254101883 -0.09269745939378568 0.6408356081815423 0.06567356316367312 0.7592258474327105
3082.919723275 -10.830408551094834 -7.666789073693126 0.07451873544149336 -0.09123382682936272 0.6415623326781329 0.05800796279324888 0.7594137465066324
3082.969723275 -10.873485404879245 -7.716163865945303 0.0690056483256577 -0.0920914834689484 0.6410696489427958 0.05261478370893263 0.7601187725692028
3083.019723275 -10.915861605779517 -7.767366351437091 0.0641359943462178 -0.09497029813004391 0.6447468727152577 0.05171766469166856 0.756708263306161
3083.069723275 -10.957742963996145 -7.820733596518777 0.06077558532572898 -0.10407918702188931 0.6499623855056604 0.0539110301781861 0.7508728394886718
3083.119723275 -11.001076583768876 -7.872992908550318 0.056799013860468754 -0.10744587839949633 0.6496043492926956 0.05413472334736669 0.7506923499830529
3083.169723275 -11.04392855546026 -7.925745892800717 0.05385449996981982 -0.10931255715835336 0.6419036752211461 0.05518479078180083 0.7569445656396883
3083.219723275 -11.085629837854041 -7.979860431459306 0.059114813679267894 -0.11280199983199116 0.6450078520187574 0.06143463372823599 0.7533036342981028
3083.269723275 -11.126812182104043 -8.033553289980093 0.0651771093444542 -0.11020446316760343 0.644212091415841 0.06413032118878496 0.7541439249080985
3083.319723275 -11.164725660693122 -8.088158277617355 0.07227629040585043 -0.11038083773271559 0.6391466884418329 0.07324989234702062 0.7575896214880539
3083.369723275 -11.200751106490921 -8.141630338560088 0.08249320550119353 -0.11364074697510397 0.6443849078908223 0.07461943554052865 0.7525196415702982
3083.419723275 -11.235972023155007 -8.19758090785785 0.08741346433195926 -0.11829777314809975 0.6458370924764529 0.08088039890910836 0.7499056260104107
3083.469723275 -11.270729289837934 -8.255395980207743 0.08808785776748858 -0.12376519172096534 0.6462899474267488 0.09162751628953823 0.7473927210188853
3083.519723275 -11.30684065990115 -8.311556939677397 0.08843992004953795 -0.12695853124104212 0.6522915356193414 0.09490629209354381 0.7412085264117877
3083.569723275 -11.345060914108013 -8.365986721886392 0.08775352805507228 -0.130632325330523 0.6562926207839704 0.09040213896146498 0.7375924652234729
3083.619723275 -11.384157438983367 -8.419761515524934 0.08605309213082461 -0.13318130081455964 0.6587243839235722 0.08331497703214191 0.7358012922929571
3083.669723275 -11.423290945550681 -8.474237543474379 0.08386263809118467 -0.13187500283012196 0.6580259377070948 0.08513936169917546 0.7364524003781311
3083.719723275 -11.464663465960223 -8.527638129644123 0.08503325492275957 -0.12983528700289784 0.6569887003364682 0.08289756698021578 0.7379950130372389
3083.769723275 -11.507905410974402 -8.579456407677288 0.0887145889804574 -0.12742947448111913 0.653141736734666 0.07282239746128481 0.7428758302682089
3083.819723275 -11.548964607458581 -8.633970908662695 0.0934213184253184 -0.12218011829893399 0.6517548095022824 0.07817216810641846 0.7444305200061616
3083.869723275 -11.590844021076338 -8.686206529625652 0.09629317833167846 -0.11951415805429082 0.6410230420338541 0.08237342073407461 0.7536713110917818
3083.919723275 -11.633575258418265 -8.734425384709 0.10212047728973865 -0.11534400208604652 0.6409818013014328 0.07808147379750956 0.7548121455254634
3083.969723275 -11.676515161473626 -8.781928691461488 0.106091450586116 -0.11582828839736087 0.6442375982788434 0.06958634094863468 0.7527944378940545
3084.019723275 -11.719877150578755 -8.830415818567328 0.10346112276695124 -0.11289165119153709 0.6422198703742492 0.0650165909576445 0.7553687550382113
3084.069723275 -11.763034479781007 -8.879151955572592 0.0992970843019567 -0.11260051802074564 0.6428991144801441 0.06320157620933947 0.7549883526960939
3084.119723275 -11.807368353107668 -8.927001093839035 0.09435318236552642 -0.11269663627976992 0.6440956179968774 0.05958757143754023 0.7542477208309099
3084.169723275 -11.851845812673478 -8.977093425552871 0.09131564123061012 -0.11805793020864361 0.6494673018575661 0.05847943355186369 0.748888980279559
3084.219723275 -11.897476828381697 -9.028719489671534 0.0882212269730205 -0.12064616309276681 0.6536425327591522 0.06045786888896554 0.7446749551237769
3084.269723275 -11.944287750406959 -9.080908657435401 0.0834952486289661 -0.11950130068887012 0.6477033217369207 0.0629172432197355 0.7498274912606605
3084.319723275 -11.989778621975656 -9.134712877553476 0.08373010047894404 -0.12002746920694517 0.6424976018747858 0.07286513955550572 0.7533132878547157
3084.369723275 -12.035407944468107 -9.186569031128721 0.09038136469847252 -0.11779883233576455 0.6495508817018741 0.07262496332406948 0.7476180186986039
3084.419723275 -12.080680371645931 -9.23889606342502 0.09198698377665192 -0.11289705626665111 0.6403388015057001 0.07236344084403357 0.7562962424882067
3084.469723275 -12.123269719352773 -9.291337944862578 0.09468979304797377 -0.10548627757254367 0.6378800738750945 0.0723572067915852 0.7594380101247976
3084.519723275 -12.163198954811433 -9.343846138312074 0.09654831438113697 -0.10273739795746537 0.6369961511225164 0.06987303457448828 0.760788202823481
3084.569723275 -12.200506978356408 -9.399037093433792 0.09571651741478004 -0.10627038832811275 0.6363316182225015 0.07185451029101908 0.7606744412465576
3084.619723275 -12.237395842909887 -9.455821254602537 0.09248692354977922 -0.11108426090725451 0.6386877851624103 0.07353130697179577 0.7578465193942924
3084.669723275 -12.275519931937534 -9.51317804674816 0.0864794477500037 -0.11533193310618739 0.6395408786494349 0.07327953637757112 0.7565157759694026
3084.719723275 -12.314564460466197 -9.569460179894998 0.08048884271545481 -0.11741628466282318 0.6423315312315134 0.07061517310776627 0.7540803123067984
3084.769723275 -12.353259803353223 -9.624775588204203 0.0749872921880483 -0.11781231594345899 0.6433379063970933 0.07129261686374917 0.7530962482879345
3084.819723275 -12.392917723842928 -9.680280583105738 0.0722440790117788 -0.1133353101049265 0.6462517169521321 0.07659632798750425 0.7507641629424463
3084.869723275 -12.43588778815949 -9.735019908527399 0.07005055102381313 -0.1077484388143187 0.6361067987085766 0.07488833367113862 0.7603618559934237
3084.919723275 -12.4780820336793 -9.789731051163304 0.07504811388954111 -0.10196414273464004 0.6337863102003765 0.07505312562998095 0.7630761789835616
3084.969723275 -12.519856966192494 -9.840758159847425 0.08266945087861576 -0.09987601302673124 0.6270253965651562 0.07209707195801134 0.7691982490224962
3085.019723275 -12.562260150079997 -9.887991996284192 0.09207878713460385 -0.09539916705928875 0.6275857641606637 0.0659691503952619 0.7698591941020104
3085.069723275 -12.605204343719487 -9.93458275645648 0.09948353721476516 -0.09518336606983477 0.6313925584200427 0.05879561949892492 0.7673504017873104
3085.119723275 -12.648971246551936 -9.982077281655865 0.10100822165222932 -0.09450001926121396 0.6345256588318916 0.053342378809837276 0.7652460553746697
3085.169723275 -12.69364502345015 -10.03027750155009 0.09638910937113976 -0.0936055232008552 0.6327780820479106 0.04960124708487461 0.7670525543883464
3085.219723275 -12.737812732923755 -10.079927481414359 0.08967366864987343 -0.0968306452453384 0.6309841181612881 0.04727771297467076 0.7682757881291574
3085.269723275 -12.779481728644324 -10.133432881131151 0.08320466276616842 -0.10216121301467321 0.6320550757465692 0.052082047629904704 0.7663921503336564
3085.319723275 -12.81892859962093 -10.19099931297801 0.07798184531729058 -0.11271589405512838 0.6323859220583933 0.06102609819055686 0.7639757772006552
3085.369723275 -12.857347622186952 -10.251361483357165 0.07245442460473514 -0.11938807942941775 0.6232442565669835 0.07094446768722784 0.769597274976334
3085.419723275 -12.89288637809285 -10.31481987155311 0.07548621418290304 -0.13253433894142688 0.6172918951523535 0.09019125770135905 0.7702278248770438
3085.469723275 -12.929305241791727 -10.373833638757262 0.08873910945233428 -0.1400022819079054 0.6304373609171869 0.09459171998011626 0.7576282079830153
3085.519723275 -12.965411467813473 -10.43147188642781 0.09574861764186267 -0.14157950429313443 0.6229805405450508 0.1018326683494869 0.7625487510468627
3085.569723275 -12.998160511533506 -10.489211809639466 0.10437104208181551 -0.1445011610593114 0.6229390099030148 0.11569931431304406 0.7600526778198035
3085.619723275 -13.030271909907585 -10.544972339246376 0.11226012470408765 -0.14880616300802008 0.6268851276620167 0.12358316448057932 0.7547178042314717
3085.669723275 -13.062141857613875 -10.600196856689099 0.11717773048737702 -0.15718484760179377 0.6300778211934486 0.13058080304276182 0.7491618762331843
3085.719723275 -13.096128327589177 -10.653715080852189 0.11881603310176063 -0.1654035103228323 0.6343602776039668 0.12981910733777777 0.7438922746884292
3085.769723275 -13.132392795486457 -10.707210360276662 0.11557423784516188 -0.17059306787251283 0.6345950118985755 0.12683923281520124 0.7430336365778755
3085.819723275 -13.169127116316632 -10.7608629123482 0.11080669727068922 -0.1726812948994302 0.6355443125700976 0.12403094452422558 0.7422135285428896
3085.869723275 -13.205668553556471 -10.813451506767391 0.10658408116959418 -0.17378269099855106 0.6352393811891568 0.12198755765610753 0.7425560858768968
3085.919723275 -13.243519893037359 -10.866480057738249 0.10394449489010332 -0.1716946274833195 0.6349210314942563 0.1224305308212848 0.7432408787078738
3085.969723275 -13.285447645573 -10.918438107942757 0.10359497552581921 -0.16556186454468916 0.6312010772283756 0.11508263227480428 0.7489529069727457
3086.019723275 -13.327078858355323 -10.969844723424895 0.10720423749934031 -0.15655734885565398 0.6315924545557234 0.1097153798531616 0.7513609673727016
3086.069723275 -13.367094604706923 -11.019727846677089 0.11124848920790584 -0.15255836399899625 0.6257581487667437 0.11041622899287248 0.7569418347541382
3086.119723275 -13.407346432920614 -11.067151209978391 0.11563435387886167 -0.1444225552345367 0.627186110337387 0.10832816853159663 0.7576573872417375
3086.169723275 -13.448209540564939 -11.115073924342834 0.11607764883128303 -0.1389701012166296 0.6232599601622424 0.1071445343276389 0.7620724255542337
3086.219723275 -13.490870057804432 -11.160929767155961 0.1157556402457706 -0.13640745186069442 0.6225134314794963 0.095271480455287 0.7647178432051607
3086.269723275 -13.533550287063338 -11.207996625235161 0.11251650076110604 -0.13701039173952007 0.6215902577981651 0.08204028320041318 0.7668918410689933
3086.319723275 -13.574836523747699 -11.259175970053128 0.10670915026377897 -0.13871170319262174 0.620204714363369 0.08064558405167192 0.7678551070689174
3086.369723275 -13.615626100213737 -11.31283387178698 0.10342042108192413 -0.14480291665084583 0.6262136039579972 0.08070126525082483 0.76182408949459
3086.419723275 -13.657310899406502 -11.367934080294397 0.10129609898784846 -0.15135847419677523 0.6345967406023579 0.08417082194544934 0.7531884636920002
3086.469723275 -13.7012607857881 -11.42269314409396 0.0954928965371254 -0.1557069394331417 0.6310710055498743 0.08439227760462775 0.7552368359973831
3086.519723275 -13.743475463505101 -11.48086750795187 0.09178928369391344 -0.15403118859610915 0.6282361479729284 0.10187545825177757 0.7557877521670996
3086.569723275 -13.787080325180817 -11.53630339152628 0.09881273637366256 -0.15933825442056487 0.6414930434220925 0.10881264457801654 0.7424673759157416
3086.619723275 -13.834641499052829 -11.586636000104932 0.10262684736642201 -0.15072578615854013 0.6459325291720573 0.10107311207173494 0.7415100344300231
3086.669723275 -13.879423682437407 -11.638807212318838 0.10030251074480412 -0.14457143865684394 0.6294142734787117 0.10233192667860178 0.7566141343169589
3086.719723275 -13.920323224042676 -11.69075470556939 0.10236903398984087 -0.14159356035459014 0.6250977942913567 0.1025696265953665 0.7607124837534079
3086.769723275 -13.958760893911538 -11.742594275107768 0.10504134403434892 -0.13911988016782206 0.6292628571760522 0.10277912816557339 0.7577007102637867
3086.819723275 -13.9962449405481 -11.796191750183358 0.10462169075877768 -0.14049214586029296 0.6352251668756645 0.1054946794458026 0.7520783316437071
3086.869723275 -14.035306565142191 -11.850311023876001 0.10011967204190489 -0.14147629153964578 0.63836335283627 0.10365146221595647 0.7494885343141142
3086.919723275 -14.075118016963174 -11.905173857577745 0.09430657429691676 -0.14226934887274661 0.641731664947197 0.10140350010179705 0.7467645095627725
3086.969723275 -14.114441651562794 -11.959418064102135 0.08908495665264528 -0.1434321374010364 0.6441792189342541 0.0984224482508142 0.7448311067175837
3087.019723275 -14.153299213563423 -12.013069028020004 0.08607573521197708 -0.14429280260855679 0.6450402683275402 0.09985525170016749 0.7437281546769621
3087.069723275 -14.195307120438168 -12.063269118110052 0.08604518525240847 -0.14238922163620452 0.6426523755201692 0.09553850735154146 0.7467232602598897
3087.119723275 -14.239266157307613 -12.111191851855866 0.08704590249679388 -0.1365635748239017 0.6323950407185046 0.08205637431579793 0.7580855188829974
3087.169723275 -14.278943878389953 -12.160896704800585 0.09294246450708764 -0.1289439463846057 0.6320212364943383 0.08513991142235122 0.7593904205307872
3087.219723275 -14.318791358547761 -12.208663649741684 0.10000691045356773 -0.12550424977158967 0.631296108454926 0.0870204898804066 0.7603560620392993
3087.269723275 -14.362332219515432 -12.253998597463546 0.1049220088127922 -0.11742061578247034 0.6347166050890559 0.08150415995530579 0.7594104964533139
3087.319723275 -14.408221546798687 -12.299785681195962 0.1035402232561803 -0.10878715142397888 0.6347771372595289 0.07333315815759865 0.761475928452296
3087.369723275 -14.452639883697541 -12.347632142286004 0.09718761352827629 -0.1018069487694525 0.6316942177315215 0.069418979247936 0.7653618528428172
3087.419723275 -14.493476483575765 -12.399167239912758 0.09117152870820298 -0.10306963407514788 0.6313068714021719 0.07422062590296158 0.76506181668058
3087.469723275 -14.53280339864529 -12.452735518939152 0.08852471250332572 -0.11253251319270294 0.6351796556666807 0.07995327110067413 0.7599280972184103
3087.519723275 -14.57285353801623 -12.506765321201389 0.08931184694450002 -0.1257020959968276 0.6436246242042907 0.08380170170723054 0.7502823475005007
3087.569723275 -14.616691569235023 -12.55888549615248 0.08900821254576764 -0.1350641159591352 0.6433692317503984 0.0785800488529223 0.7494390516508677
3087.619723275 -14.660829927216028 -12.6131536629027 0.08856189888128344 -0.1392304912372379 0.6373589385187967 0.08256018482604194 0.7533739242112911
3087.669723275 -14.70474542317279 -12.667983347904572 0.09533490632714144 -0.14693367596782486 0.640851268170143 0.08863174413174019 0.7482409778162833
3087.719723275 -14.750666573978494 -12.7199374481796 0.10204986150451678 -0.14305952743145287 0.6464269786222622 0.08673022951092539 0.744408490151318
3087.769723275 -14.795438655356705 -12.772414135270804 0.10231214568617274 -0.13556121145565228 0.6341722877411861 0.09312224742542595 0.7554977924813704
3087.819723275 -14.837842698253068 -12.822608011705162 0.10742009204628639 -0.12524541483055304 0.6383961765942451 0.09601553781576294 0.7533557753622934
3087.869723275 -14.87859366633618 -12.87271588227562 0.11147143320300108 -0.12419811948166044 0.640777080422035 0.09533735658826231 0.7515918764607524
3087.919723275 -14.916925894427667 -12.92492222594738 0.1131206703666744 -0.12854934745997423 0.6448930773059547 0.09995217398535411 0.7467245456164359
3087.969723275 -14.955872317267225 -12.977115060212512 0.11091649856771434 -0.13201770528312523 0.6499510833603861 0.09918349427496215 0.7418204292103628
3088.019723275 -14.99537929496805 -13.030747375234975 0.10375396017462479 -0.13265176191223738 0.6493517311679554 0.09984086533594605 0.7421439489073048
3088.069723275 -15.033677684145289 -13.084442071416735 0.09714698213929361 -0.13479076539113802 0.6489263589068875 0.10069455646727957 0.7420152536026322
3088.119723275 -15.071348515220473 -13.136366768165507 0.0942704005972283 -0.13676585694736365 0.6526260544225698 0.10060758339900464 0.7384121123227156
3088.169723275 -15.112328689325508 -13.186779303829898 0.09339508801186946 -0.13310315938497952 0.6539908207770653 0.09662759026878204 0.738405487587901
3088.219723275 -15.15550785685596 -13.236913452977289 0.09494921787180118 -0.1276329563128325 0.6504530413082379 0.09089887019414844 0.7432079553618476
3088.269723275 -15.198496011845325 -13.286455479634709 0.10139303934365346 -0.12248230478746812 0.6523559081139046 0.08932167824433646 0.742597799591709
3088.319723275 -15.242834455486229 -13.332295458314695 0.10725014667129158 -0.11508659378238806 0.6505366663138874 0.08284959786321222 0.7461186674026362
3088.369723275 -15.287053686856371 -13.377029363708923 0.11068477999668101 -0.10601582740717927 0.6444894217619294 0.07836684213625354 0.7531617805158043
3088.419723275 -15.331066407394994 -13.420945455458938 0.11499654904202224 -0.10401161913217898 0.6433398336301823 0.06691956567591141 0.7555244623967774
3088.469723275 -15.374807727160713 -13.465935417686312 0.11806158040537584 -0.10484608268453598 0.6494253535625952 0.05479365246545476 0.7511668687750418
3088.519723275 -15.418882703562481 -13.512784535841481 0.11427373937288612 -0.10340871437603574 0.6496142635962878 0.048773391735363644 0.751617657178154
3088.569723275 -15.46302739277948 -13.559845068645531 0.107723096679255 -0.10005750698570454 0.6481720796312642 0.045960194920935504 0.753491281280094
3088.619723275 -15.506054298462029 -13.609172750394823 0.10359327129607183 -0.10474013953760711 0.6537021159595379 0.04595088183240226 0.7480585292732717
3088.669723275 -15.550656631253275 -13.660182611049745 0.09766747631126527 -0.1051816594256187 0.6560944907575438 0.05027637375864778 0.7456199594698047
3088.719723275 -15.595923265749983 -13.711863886103744 0.0903230637112499 -0.10472298117694132 0.6496269342650183 0.05131366779456997 0.7512555164445159
3088.769723275 -15.639848865249185 -13.766677607745752 0.08782097813369784 -0.10175953641646804 0.6463185108721404 0.063889886017853 0.7535485795334964
3088.819723275 -15.68417650293666 -13.81898768393004 0.09202357995331989 -0.10039032485863164 0.6468389270163268 0.06332887319998325 0.7533330199787912
3088.869723275 -15.726211964499981 -13.871533662096368 0.09846530628083713 -0.09591600728579666 0.6474093186659876 0.06685096933291396 0.753121664507165
3088.919723275 -15.766504728146176 -13.924651796045863 0.10426528035910433 -0.09483129838957804 0.6436212118778045 0.07156480215384131 0.7560669544156621
3088.969723275 -15.805917795858857 -13.976458265057266 0.1097055974257424 -0.09332686316792171 0.6405969535448413 0.07310526808033034 0.7586707187569635
3089.019723275 -15.843575478192104 -14.028838686412172 0.11605048579155834 -0.09798667753078738 0.6468612888288564 0.07550589199730268 0.7525077702687463
3089.069723275 -15.88217230910253 -14.081575351256825 0.11812755511394248 -0.10257554603917673 0.6538230922372918 0.07720760290272255 0.7456759399806635
3089.119723275 -15.923790267095209 -14.134532431233168 0.11461570819953519 -0.105208079347198 0.6563235572007841 0.07495357991194172 0.74333882527537
3089.169723275 -15.967572317743487 -14.186002975051492 0.1091952557504501 -0.10316893740629522 0.6595743457141524 0.06807353407192512 0.7414066676184955
3089.219723275 -16.011235275935586 -14.23574730477825 0.10365612352039683 -0.1012762998685268 0.6609282911440728 0.060119351384622544 0.7411494914249138
3089.269723275 -16.054949687414425 -14.284001636355097 0.10087984216490337 -0.09736408083287151 0.6630426827596053 0.053965379549741885 0.7402583160036555
3089.319723275 -16.101251564179684 -14.329617351017328 0.10127991149957224 -0.09081788042149871 0.6639274016160994 0.04161890515131805 0.7410940457951654
3089.369723275 -16.149092141662013 -14.373693093963466 0.10263632324921011 -0.07984753194642338 0.6619498895328242 0.026480803925778007 0.7448123806791824
3089.419723275 -16.196440696361226 -14.417161220114624 0.10275130646075378 -0.0625403339193895 0.6534087105741192 0.020992832498898606 0.7541253639566777
3089.469723275 -16.242659407080684 -14.457463671756765 0.10678387620383928 -0.05246416385689856 0.649473183149214 0.010687630928979728 0.7584971129977687
3089.519723275 -16.289631397466362 -14.495767531688708 0.11030032735088849 -0.04222457858130938 0.647494683219114 -0.0027471159064525468 0.76089432480523
3089.569723275 -16.33712793870391 -14.534450569623383 0.11195695547205188 -0.03365881093175024 0.6493334371997572 -0.017211734301467052 0.7595636431421304
3089.619723275 -16.385309899044643 -14.574249396261612 0.10960897745637607 -0.02599079095489563 0.6490711193959047 -0.029711543511431238 0.7597028267249338
3089.669723275 -16.433906545063184 -14.614573546791561 0.10643195617808425 -0.020536860641668403 0.6521822651762978 -0.03997076876436456 0.7567290585069955
3089.719723275 -16.483321011171892 -14.654935516771387 0.10275452575781015 -0.016924939006735855 0.6571780427628959 -0.05089638272583252 0.7518245305757011
3089.769723275 -16.53214128613838 -14.697996517524249 0.10020526184618309 -0.009566514283008774 0.6675644222096712 -0.05372182355860233 0.742549789359528
3089.819723275 -16.581404210311327 -14.742621640361397 0.09502739004575081 -0.0105121334713517 0.6644580657095197 -0.057944011059964495 0.7450016547268382
3089.869723275 -16.631312139724177 -14.78792686584134 0.09299703206866762 -0.006411450062603531 0.6595495610629244 -0.056872909362686394 0.7494789803526328
3089.919723275 -16.680611827885237 -14.83088737740127 0.09775110591487428 -0.00637232169181518 0.6584501240130117 -0.06375991638222188 0.7498916593524945
3089.969723275 -16.727518004619633 -14.871921575173573 0.10518006516316143 0.002760911402620171 0.6597641782759586 -0.07291576689926671 0.7479217187443937
3090.019723275 -16.77206397491748 -14.916672925845432 0.10985818893696266 0.008693906125140058 0.6547747234267727 -0.07281261844726476 0.7522584663216052
3090.069723275 -16.81473993264332 -14.963238810360691 0.11453227206060106 0.01373989362818627 0.6552826771453218 -0.07042447554861175 0.7519682317758173
3090.119723275 -16.857049050745193 -15.010538184994752 0.11728047747690028 0.01735998709980951 0.6596734141656733 -0.06941795483199463 0.7481381991569751
3090.169723275 -16.90050248519328 -15.057854208698416 0.11581836899312963 0.01879352009572534 0.6632256300309646 -0.07330092840984109 0.7445841397496306
3090.219723275 -16.945476655082008 -15.10683979870431 0.10989418251224947 0.021659891476835672 0.666021800047255 -0.07597020947969378 0.7417373782105346
3090.269723275 -16.991827612772987 -15.155829861948085 0.10112149353820031 0.024587266050816375 0.6656054105593093 -0.0816578548006297 0.7414154695794247
3090.319723275 -17.038322913192467 -15.205895410872701 0.09266103238464228 0.02920733257483485 0.6662577860617902 -0.08440102001511801 0.7403539437703512
3090.369723275 -17.08471090204386 -15.257323697726916 0.08656351373869266 0.03719927037937705 0.6689425665355502 -0.08201118437598931 0.7378388866123287
3090.419723275 -17.13300676603431 -15.309183405444987 0.08246369637531971 0.04315154189890869 0.6673559428122008 -0.07877950150496293 0.7393022251877882
3090.469723275 -17.182143699606403 -15.360579370423157 0.08237395070418337 0.046234865520412165 0.6648361349214783 -0.07942640723582027 0.741314168721055
3090.519723275 -17.23072557398355 -15.411443935285156 0.08479907370890308 0.05223715891434843 0.6641682030316678 -0.079083923357604 0.7415508144265038
3090.569723275 -17.27867957385817 -15.462941487013195 0.08368775604416172 0.051437413304277785 0.6502327629025999 -0.07365979817297523 0.7544042554849042
3090.619723275 -17.324339328121273 -15.514332657653789 0.0868625398270727 0.04856941122726633 0.6477647478468362 -0.06538804884328597 0.7574735947928678
3090.669723275 -17.3698493393392 -15.564435711405777 0.09177085669559848 0.042980483305553145 0.6563496232414072 -0.06557386867361581 0.7503718530654381
3090.719723275 -17.416777212014555 -15.615545657871166 0.0895093232972723 0.03888793490045021 0.6569546271104223 -0.063923777153425 0.7502080359152544
3090.769723275 -17.464294387068374 -15.668022304393492 0.08354833520845523 0.033903870996048406 0.6562193185457325 -0.060696295360289754 0.7513605614007127
3090.819723275 -17.512002594217087 -15.722019039613489 0.07720267936504452 0.026356798066542127 0.6566165164729345 -0.0570838383762699 0.7515992980883233
3090.869723275 -17.55973813854614 -15.779459847594092 0.07294883112819141 0.01278088453438479 0.6628642628697837 -0.04743661152829397 0.7471260843307045
3090.919723275 -17.608441859194038 -15.8363627292656 0.06774630295434803 0.0015486156762114997 0.6620491400446262 -0.04126103936993053 0.7483221663065792
3090.969723275 -17.65789468092868 -15.8936942889666 0.06470789663089652 -0.00625334475429702 0.6590634041589006 -0.034979842897628614 0.7512474529532347
3091.019723275 -17.707196103568847 -15.951194132266801 0.0675811968870682 -0.014922941679135413 0.6599371343999552 -0.02922028415188859 0.7506040630356989
3091.069723275 -17.75381881522902 -16.00836461194433 0.07215789750630923 -0.014846835668080989 0.6635134007308612 -0.024579273467664697 0.7476131338045195
3091.119723275 -17.79633072464974 -16.06910361769103 0.07206253357411666 -0.012531659004418109 0.6552919728505093 -0.007244897608733534 0.7552369822108311
3091.169723275 -17.83474818614744 -16.13128559717391 0.07437500980343642 -0.010991260007805197 0.6582266958899707 0.013054772439780982 0.7526263229104856
3091.219723275 -17.87200779363281 -16.193748449966847 0.0717247007274486 -0.016335340078684646 0.6525252000369491 0.03040879584768335 0.756980399426793
3091.269723275 -17.908207271918204 -16.256580569243564 0.06836836919981011 -0.02531797557934918 0.6532530087819927 0.04506625237203782 0.755373112790611
3091.319723275 -17.945732885338227 -16.318086739765235 0.06253784337177776 -0.03462955675305316 0.6542951398639302 0.050796737769510936 0.7537362636768267
3091.369723275 -17.984623174654626 -16.37920948709608 0.05471825992494892 -0.04325730576108162 0.6553472040207651 0.052195281986463615 0.7522795359564235
3091.419723275 -18.023518349946006 -16.43889982348695 0.04579065681185696 -0.050173721632180146 0.6546663316584433 0.05078344055212512 0.752539456783591
3091.469723275 -18.061292258455 -16.49710010801241 0.03792922229652665 -0.05381636666015235 0.652798300793688 0.052404565282421434 0.7537983408697146
3091.519723275 -18.1006474074271 -16.554304860696845 0.03160712486576919 -0.05458342964380277 0.6483542414200684 0.055624175998975275 0.7573396714060097
3091.569723275 -18.142182471567125 -16.608598009847466 0.026106969052718004 -0.05424899156826025 0.6359068510469897 0.050224305483271045 0.7682167941694918
3091.619723275 -18.182668904474184 -16.65932375377334 0.025558396663185406 -0.0461377721191027 0.6300058507742861 0.04877494582951025 0.7736827118615113
3091.669723275 -18.222186793709675 -16.70608920240184 0.027512930995514006 -0.042713060765609004 0.6263633984633862 0.04261395353010605 0.7771927292956136
3091.719723275 -18.261610401212096 -16.753768172556207 0.02789579811037507 -0.03680145533683269 0.6249353314219808 0.0465030518269584 0.7784208056034791
3091.769723275 -18.30232694181659 -16.80260728130678 0.02626717922118748 -0.038408804718906245 0.6236970393222263 0.046251318607304304 0.7793507441376059
3091.819723275 -18.344003028834862 -16.852670408989077 0.021355890324057828 -0.03691400003853798 0.6225102303439428 0.045055357877844315 0.7804411473293715
3091.869723275 -18.385168948018066 -16.90572897491806 0.015467121376085417 -0.04113059977266202 0.6226370023201359 0.04703504547410803 0.7800122701607873
3091.919723275 -18.426510152936594 -16.960879846241752 0.01173128980819255 -0.046620558935317885 0.629562216102291 0.051414280552129155 0.7738439838211821
3091.969723275 -18.468475047899954 -17.018216556128344 0.010057729421158478 -0.0580358518136918 0.6394574924896237 0.054410050625148365 0.7646996152700163
3092.019723275 -18.511683342718865 -17.076039674146386 0.006807168122068023 -0.06792881369856459 0.6390862234622676 0.05622129609900378 0.7640638985812578
3092.069723275 -18.553634982918403 -17.134925479970157 0.0067830133367100965 -0.07788945828130954 0.6366780593420379 0.060903136844757 0.7647647278500554
3092.119723275 -18.59362420050488 -17.193325228143845 0.012905414929227378 -0.08449998468164692 0.6407917564789375 0.06767850967152349 0.7600429571715541
3092.169723275 -18.63390660183012 -17.247736427959584 0.017812487485995763 -0.08046048369418922 0.6392430336069266 0.06694272885610701 0.7618484925508541
3092.219723275 -18.67234321779869 -17.302348622605116 0.021648255486636896 -0.07460079377331766 0.6334054174335442 0.06962577265630177 0.767062285943092
3092.269723275 -18.7072528005837 -17.358851647925842 0.027315580600681736 -0.07551307475150816 0.6335871491823805 0.07766626643014374 0.7660502927297391
3092.319723275 -18.74180983096555 -17.415219749895996 0.030361756271721885 -0.07972792813134447 0.6335995739266841 0.08221965053491619 0.7651372206746472
3092.369723275 -18.777509413857523 -17.47242718351826 0.028952746167032757 -0.08289425754202762 0.6347939968952377 0.0842343817680342 0.7635900028814429
3092.419723275 -18.81473845023615 -17.53145604370747 0.022667432483764214 -0.0848328490384798 0.6355117174127537 0.0854139477498778 0.7626484788451936
3092.469723275 -18.853145842520053 -17.59130137759199 0.014577980542942516 -0.08620997105797097 0.6363119689304367 0.08376068677343633 0.762009886049582
3092.519723275 -18.89135090297864 -17.650490453798152 0.009647530781718688 -0.0874703494825187 0.6457517521661374 0.08016497206465462 0.7542726229882951
3092.569723275 -18.930103611822062 -17.70841747439769 0.0037944286223024954 -0.08316036460821533 0.6498719138420554 0.07729767409854826 0.7515157476303791
3092.619723275 -18.969480457347245 -17.764760827931436 0.0008981617310604615 -0.07823008692209574 0.6558020128992568 0.07304366464806084 0.7473074310029483
3092.669723275 -19.00950402738975 -17.820022608679494 -0.00193719807578623 -0.0739649009833639 0.6560148374468331 0.06298445346861069 0.7484695619017427
3092.719723275 -19.04953849509904 -17.875300742913225 -0.007190771993401849 -0.0669579592509454 0.6478987305138612 0.06053963853693821 0.7563589219790381
3092.769723275 -19.089823862145177 -17.92761551364113 -0.015118249154427917 -0.053330623851212726 0.6297586710569866 0.05575044949570085 0.7729500295421472
3092.819723275 -19.127494054544936 -17.981701947807 -0.018019055456913534 -0.039951808805868724 0.6232496207198179 0.060520137358682946 0.7786533736007497
3092.869723275 -19.16504677082967 -18.037761448049796 -0.016819036090535866 -0.03992868233732176 0.6228140727159346 0.061805070405148266 0.7789020891139081
3092.919723275 -19.204284871287477 -18.094632607731757 -0.014696839807359408 -0.0407607023494997 0.6288879128712909 0.057823563109453066 0.7742706204794899
3092.969723275 -19.24446685025902 -18.15363265720256 -0.015098948535394046 -0.04628617260470427 0.6353540835489943 0.055589353439556566 0.7688254694840679
3093.019723275 -19.28571214633649 -18.213800621397564 -0.01758864824369571 -0.05399480727684014 0.6446941433998739 0.04916872829585266 0.7609444515934185
3093.069723275 -19.325864135651244 -18.2785981583562 -0.022047970579753128 -0.06383734727625874 0.6548325579703005 0.05254855256031277 0.751237488240982
3093.119723275 -19.366250939463676 -18.34387275024135 -0.02928860643700229 -0.07469065352812919 0.6532736676617659 0.05486905635190753 0.7514281123769172
3093.169723275 -19.406302732626294 -18.41048851359369 -0.03344972720277102 -0.08406098408286045 0.6489615386783886 0.06363217410257027 0.7534810008820262
3093.219723275 -19.446761348209122 -18.47475681890706 -0.0292938619507218 -0.0914092037106594 0.6559205411286313 0.0630837600462336 0.7466143853562801
3093.269723275 -19.485243374166004 -18.53832690827998 -0.02821930167056624 -0.08879523622511433 0.6529354898353259 0.06565726920513998 0.7493195414092396
3093.319723275 -19.520441246127486 -18.60205844906625 -0.029617834220582562 -0.0866003428944675 0.6401065472000388 0.0767720846199218 0.7595196086114676
3093.369723275 -19.55269474435418 -18.664028773226914 -0.027961869137503356 -0.07886123829940349 0.6365912087698821 0.08818138555345421 0.7620738686326006
3093.419723275 -19.581557927773996 -18.727244987400162 -0.02351506858661554 -0.08073435695350915 0.6415507642769395 0.10163811942970552 0.756018698936588
3093.469723275 -19.610785946005763 -18.791321017162293 -0.02357715126867313 -0.0867588879418439 0.6416524176026749 0.11563077158647031 0.753249357789341
3093.519723275 -19.643089096657956 -18.85411738763634 -0.025465074009513415 -0.09530938764703378 0.6438780654570374 0.12075970873953037 0.7495026685708293
3093.569723275 -19.67877752248368 -18.915089553324766 -0.027549389108511235 -0.10658728162675048 0.6512124420699873 0.11444416048299813 0.7426062488425513
3093.619723275 -19.71724114754926 -18.973748711154133 -0.03388409394065254 -0.11315537753226891 0.6507606489100354 0.10471388012944932 0.7434658308718397
3093.669723275 -19.755502659694052 -19.029771411054586 -0.039323781607073276 -0.11561095905203178 0.6498430331318412 0.09690617429832746 0.7449478718809394
3093.719723275 -19.79474904846565 -19.084959960608238 -0.04309440573163249 -0.11297995283107659 0.6489063832137366 0.09474924550112185 0.7464439808583919
3093.769723275 -19.836313024790215 -19.14026377574745 -0.04418769659086929 -0.11150277128002922 0.6461531114670966 0.09106648965721381 0.7495066263881702
3093.819723275 -19.879103045728414 -19.19279362374599 -0.044216238372168024 -0.10270155238634632 0.6394142552795539 0.09036238608107054 0.756595295031937
3093.869723275 -19.920710530225577 -19.2421258796557 -0.042043908294939425 -0.09584992102558945 0.6336405725319747 0.08568736181043074 0.7628696438492675
3093.919723275 -19.961118642757736 -19.292260205462696 -0.03856065858058371 -0.08861896711462566 0.6336197370659828 0.08671987852189139 0.7636441384160034
3093.969723275 -20.00132281502099 -19.34347987791777 -0.0349208772207186 -0.09163834543538057 0.6358102398406976 0.08263347477333283 0.761918277380498
3094.019723275 -20.04206931961909 -19.395471633044313 -0.03369521526650808 -0.0944484799960331 0.6408932059413815 0.08017701599580912 0.7575665180765481
3094.069723275 -20.084547940482 -19.447557418103035 -0.03786959566763396 -0.09706750982224331 0.6394131898501961 0.07793851474361901 0.7587188274334997
3094.119723275 -20.127138976363995 -19.50036196658487 -0.041437357448592414 -0.10108702957349897 0.6452703197382605 0.07759671438142102 0.7532505405468343
3094.169723275 -20.16941466663536 -19.55519077459495 -0.047309444803166505 -0.11446474058501399 0.6440746798588911 0.0796362794646156 0.7521460582363682
3094.219723275 -20.212488826897243 -19.609821598444366 -0.0531536016734156 -0.12379726979447578 0.6395284790503031 0.08085375368518653 0.7544138327138858
3094.269723275 -20.25530858009199 -19.66669377769768 -0.055039584320007315 -0.1301769597219217 0.6342563469730926 0.0879872703727651 0.7569881674995027
3094.319723275 -20.298412068952995 -19.72297594865579 -0.047701776537381696 -0.13750855312219548 0.637021904666705 0.09264399566717967 0.7528024846265209
3094.369723275 -20.342005568885188 -19.775508984659552 -0.03780431250089909 -0.13353333057968744 0.6423452981217401 0.08780733417403785 0.7495673683335193
3094.419723275 -20.383547847936278 -19.829557541506368 -0.03220443052715946 -0.12576822442063207 0.6360424147651301 0.0952088010959431 0.7553593082366146
3094.469723275 -20.42360231695721 -19.88242526065243 -0.026665477678365596 -0.12199421063406796 0.6308317774546691 0.09614665570045827 0.7602134579989829
3094.519723275 -20.460932137155115 -19.936143271450558 -0.02153992529463626 -0.12323566884661102 0.6314478128220742 0.09672883352014872 0.7594275227906733
3094.569723275 -20.495934288586035 -19.992751830371944 -0.019816430553402757 -0.13037029718176302 0.6340564913937417 0.10435381193582399 0.7550405507445673
3094.619723275 -20.532974603839246 -20.04889564289376 -0.022250484893424682 -0.13545714491772584 0.6389109460633505 0.10498508944433485 0.7499481954678854
3094.669723275 -20.572448203630994 -20.105391996462988 -0.029728457239472296 -0.13683204679688393 0.6411923377151195 0.10279715166364872 0.7480522191897011
3094.719723275 -20.613207662660542 -20.16147960319385 -0.04035924863467552 -0.13462331269087582 0.6403322059868926 0.09962998570939158 0.7496166324219607
3094.769723275 -20.653041726871596 -20.216542720007904 -0.049893489794954934 -0.13167363151257205 0.6384255834382891 0.09841994626748812 0.7519230967010365
3094.819723275 -20.693613738867203 -20.27108053331204 -0.05302578377729839 -0.13066096580454029 0.6429450984011748 0.09683992954417504 0.7484459502882008
3094.869723275 -20.73704898417059 -20.32458733043012 -0.054702029234200464 -0.1287672059834437 0.6410993597258938 0.08682642637980931 0.7515795295937605
3094.919723275 -20.779989037341707 -20.379126687830393 -0.055454451371243905 -0.11847670688359933 0.6411933611837974 0.08883146434239858 0.752956382828798
3094.969723275 -20.823478920925243 -20.429294683232882 -0.05852551916856995 -0.10624960580899803 0.6271624963417477 0.08821293618284426 0.7665485648918934
3095.019723275 -20.865257630908896 -20.477510295832033 -0.0568024284440503 -0.09996554390428336 0.6192090865372277 0.08750447855629578 0.7739056553703713
3095.069723275 -20.906260250937425 -20.525449132828893 -0.051109279633699045 -0.10106230466084704 0.6240897380608951 0.08278024459753164 0.7703543603615771
3095.119723275 -20.948306626555464 -20.57475563612839 -0.0501340024107163 -0.09869956724645343 0.631988451316548 0.07593382391055592 0.7649072147745731
3095.169723275 -20.99047775938492 -20.627317819034 -0.05654307351618874 -0.09659781821431866 0.6333492044686426 0.07751533980939374 0.7638907112993357
3095.219723275 -21.032920457977596 -20.68076685751591 -0.06470685867874564 -0.09623500415765154 0.6368014073584278 0.07878211576671834 0.7609311202706996
3095.269723275 -21.074969831918132 -20.736375873847845 -0.07259412685107065 -0.09997298416767526 0.6432583060803289 0.08107355460622916 0.7547524314891516
3095.319723275 -21.11636943039953 -20.795037279590115 -0.08154415522822701 -0.10651109773232796 0.6440204187419172 0.09003804297108337 0.7521876342517722
3095.369723275 -21.158008056910322 -20.85384497307449 -0.08700852048822438 -0.11490198653886412 0.640628235360928 0.0941018994102597 0.7533510669502949
3095.419723275 -21.199058606841962 -20.913936689905732 -0.08411150794123985 -0.1223449375460888 0.6424358685264641 0.10051453543236369 0.749803106991634
3095.469723275 -21.240728482420487 -20.972050917266092 -0.0751231429760004 -0.12624688919481403 0.6499030936317173 0.09874903609668517 0.7429241682207757
3095.519723275 -21.28211777044878 -21.028718809607927 -0.06995164871528627 -0.11955522082038016 0.6467788416545794 0.09830049994838574 0.7468069970698241
3095.569723275 -21.32072767348655 -21.087908754353897 -0.06525861486698356 -0.11716789858058813 0.6425449361463471 0.10804392705081856 0.7494892917195904
3095.619723275 -21.359780115748023 -21.145238646663955 -0.05888763092582257 -0.11375301554989412 0.6477325257071787 0.107438293323431 0.7456271452422136
3095.669723275 -21.398787930931466 -21.202983268783573 -0.056059888893712086 -0.11633874660341417 0.6482577075213705 0.10616747971822735 0.744953493131057
3095.719723275 -21.43763966988657 -21.260953215928286 -0.05632205401971234 -0.11782622758310381 0.650831829951796 0.10499787625837365 0.7426374318578094
3095.769723275 -21.476905327453597 -21.318488820283 -0.05931854699867011 -0.12145566652545654 0.6534542330861814 0.09680423275430927 0.7408610037324527
3095.819723275 -21.515620969470852 -21.376941038907166 -0.06508403333144061 -0.12365862610318568 0.6554324551667365 0.09324381994910434 0.7392039170253872
3095.869723275 -21.5543625716618 -21.43245946466494 -0.07113352776009646 -0.12353863526172634 0.6567191620257687 0.08632766337785484 0.7389219731213588
3095.919723275 -21.592515259843022 -21.486328197066243 -0.07555949791593988 -0.12109813007771866 0.657518866083939 0.08203797537889296 0.7391034800561445
3095.969723275 -21.631246035495604 -21.5394415079022 -0.07795825353205114 -0.11595404751967331 0.6559408128992539 0.07720897858598064 0.741845726861442
3096.019723275 -21.669778975922814 -21.593387298858023 -0.07799951178991016 -0.10729341763527478 0.6534075385517197 0.07518234422889601 0.7455832121313981
3096.069723275 -21.707898373274492 -21.64545027868859 -0.07730096209049737 -0.09771750254657603 0.6417947659904351 0.08130334648791793 0.7562675015450606
3096.119723275 -21.746985168322414 -21.693477141199118 -0.0706978883127522 -0.09353540989010156 0.6413268780906315 0.07757297377208071 0.7575839202856479
3096.169723275 -21.78804371932136 -21.740894560071485 -0.06721189720441156 -0.08603862726493286 0.6396065700143861 0.07520334106109633 0.7601613300517508
3096.219723275 -21.82980692336067 -21.789494948989393 -0.06575153722807277 -0.08481001725767302 0.6416558029556904 0.0705915587178663 0.7590137833688027
3096.269723275 -21.872284046443525 -21.839396649374137 -0.06825098340394933 -0.0848423678589942 0.6471889263183228 0.06284167486123769 0.7549829072023088
3096.319723275 -21.915073732976253 -21.892362471662754 -0.07816341971211432 -0.08439640811459519 0.6456650909938254 0.06276026138329081 0.7563431669291334
3096.369723275 -21.957784189838165 -21.94611495177971 -0.08971869503400315 -0.0835793703141039 0.644854826882591 0.06242961270749725 0.7571520881311189
3096.419723275 -21.99902775342051 -22.001733321103274 -0.09900909235010326 -0.09021768578585317 0.6466475130150067 0.06081407921533405 0.7549896759904358
3096.469723275 -22.039213826513656 -22.059862796256052 -0.1074512880146584 -0.09708184821562545 0.64370387989934 0.06366412695096724 0.7564174169657556
3096.519723275 -22.079218744389966 -22.119039805655877 -0.1127486955820496 -0.09978055747912118 0.6376805286048155 0.0683852421961158 0.7607436114994445
3096.569723275 -22.117359538098228 -22.17840114603551 -0.10864953111396045 -0.10744764105252994 0.640570091652402 0.07153361163850452 0.7569728558664648
3096.619723275 -22.154449374386978 -22.23694340895135 -0.10333707505132782 -0.10791134015267455 0.6439946188210822 0.07298022593855191 0.7538567239322741
3096.669723275 -22.18976654311065 -22.29730136746839 -0.10288979701970626 -0.1046138318967482 0.6341881644070657 0.08356487163473612 0.7614973608165333
3096.719723275 -22.223592947833644 -22.35728217094551 -0.10229919588625894 -0.09889795678426277 0.6291096534411899 0.09578913590791352 0.7650259338957205
3096.769723275 -22.25644039974572 -22.415836599749422 -0.1021651163103501 -0.09767901612007507 0.6255697746604035 0.10216814323085313 0.7672567610323847
3096.819723275 -22.287814157783828 -22.475222130018278 -0.10155657348913538 -0.10128829965581422 0.6309928247456875 0.10764336349873223 0.7615783884584516
3096.869723275 -22.320436405926525 -22.535403196901854 -0.10536417721880087 -0.10446645192835591 0.6347535577159563 0.10861642142879988 0.7578767408915765
3096.919723275 -22.35397542286821 -22.596843902720494 -0.1116222989228594 -0.10968901948597123 0.6384350275417829 0.10811887177212204 0.75410831064155
3096.969723275 -22.387944693435834 -22.65727251188021 -0.11885605509062871 -0.11315347728114891 0.6407401056674467 0.10411059871719713 0.752203024989398
3097.019723275 -22.421492054762677 -22.716785604282922 -0.12479861686176674 -0.1177011043136515 0.6401550218192207 0.10294590382903868 0.7521636384243806
3097.069723275 -22.457093828589624 -22.774555198788345 -0.12902509641395002 -0.11520954745301923 0.6370618220743834 0.09746005506728547 0.7558971707165061
3097.119723275 -22.491827125912426 -22.83392466403304 -0.12987896793024128 -0.11387198440403701 0.6350587388834901 0.09207752212758101 0.7584558650669416
3097.169723275 -22.52525172612171 -22.89471327513659 -0.13132819128891376 -0.10390992128015372 0.626406108624374 0.1042524397169658 0.7654734117855969
3097.219723275 -22.560146644459447 -22.950677280215828 -0.12794749934233962 -0.10128628678201712 0.6183334451095548 0.10463931472481736 0.7723052845752002
3097.269723275 -22.597451831284573 -23.004017013379837 -0.11938689371699113 -0.09620977841789341 0.6269779577635124 0.097999509433078 0.7668366287328425
3097.319723275 -22.63626589700384 -23.05810244242992 -0.11617736800969114 -0.09702707421661164 0.6261733329564704 0.090716785197201 0.7682858640158848
3097.369723275 -22.675607936184825 -23.111730284798472 -0.11442862618456888 -0.09758301677760635 0.6320504671969708 0.07996962427423443 0.7645878765361837
3097.419723275 -22.714580422329 -23.167253141407393 -0.11630895392636609 -0.10153069641664551 0.6360181654607382 0.07447760313651919 0.7613313979602755
3097.469723275 -22.753643008456645 -23.225049765910843 -0.11977238077487871 -0.1073045166972024 0.6412636072263497 0.07473855736588836 0.7560958105863939
3097.519723275 -22.793473713058564 -23.283316640769623 -0.12168351343295437 -0.11437767292232859 0.650183821368707 0.07466192941525727 0.7473983828342482
3097.569723275 -22.834599020566024 -23.340762654616626 -0.12501709109709597 -0.12056982403556915 0.6481147459633323 0.07399442150471836 0.7482880589606515
3097.619723275 -22.874918303952384 -23.39856512346956 -0.1261332919365954 -0.12418555760108191 0.6438221568687341 0.07511984544630756 0.7512842247966628
3097.669723275 -22.911508185211197 -23.458842025414747 -0.12100359521984852 -0.1334159180127236 0.6435772366868756 0.0828628185263911 0.7490943108482203
3097.719723275 -22.947021257207123 -23.519089096386686 -0.11200831491040945 -0.1331657401184593 0.6561895282689856 0.08978538667910974 0.7373064308601357
3097.769723275 -22.983339739130667 -23.57855617069996 -0.11099832435408111 -0.12573803027934463 0.6458706796661399 0.09847646717600175 0.7465543505342415
3097.819723275 -23.01770633296895 -23.636371313203348 -0.1068053721952901 -0.12089153336025013 0.6422509206014416 0.10517549440602758 0.749557941406037
3097.869723275 -23.0509608816167 -23.693406048031985 -0.10251072462445304 -0.11994022241670113 0.6419215653207105 0.10486182951428724 0.7500366949248268
3097.919723275 -23.0822383704624 -23.75302578659291 -0.10142093096653698 -0.12275751069126664 0.6419905443143545 0.11080913766931427 0.7486655258450367
3097.969723275 -23.113896006935185 -23.81307517572743 -0.10352083556384649 -0.12782239617013774 0.6419653791604465 0.1130508361956134 0.7475034417527329
3098.019723275 -23.146953145757546 -23.872268249658678 -0.1074537453350718 -0.13205582513983358 0.6441752226487599 0.10791482398468749 0.7456231838780312
3098.069723275 -23.180249782453036 -23.931047568543875 -0.11228343405224128 -0.13618880424896715 0.6475690701458938 0.09969852799725312 0.7430794792636921
3098.119723275 -23.21342776751023 -23.98851821903421 -0.117943245030899 -0.13681936436004818 0.647108700625685 0.09395880855883484 0.7441119091943457
3098.169723275 -23.247164926713797 -24.04574195046513 -0.12035297985866561 -0.1357989777612028 0.6496120544914566 0.08986684987122523 0.7426215493726425
3098.219723275 -23.28200385725362 -24.101577754296386 -0.12194287546303609 -0.13029742684508586 0.6445412996711772 0.08322787130438375 0.7487738076441245
3098.269723275 -23.314899601693337 -24.157673561540697 -0.11897170010343654 -0.12384650902722771 0.6465013468461404 0.0833954427601587 0.7481599099488909
3098.319723275 -23.348660568390404 -24.211948992563794 -0.11906166201141505 -0.11577721529103432 0.6334486163655129 0.08753142903834871 0.760050482385595
3098.369723275 -23.38317940582522 -24.26421806348209 -0.11498957450142332 -0.11154561123808616 0.6289082845180307 0.08655648564785567 0.7645521048760524
3098.419723275 -23.41856448343426 -24.316714489886017 -0.10938321112112599 -0.11153563031452417 0.6317381613602182 0.08269104778544815 0.7626459789887425
3098.469723275 -23.45516670656892 -24.370527209455418 -0.10734321986707254 -0.1132698994220454 0.6357179025548826 0.07859897694271828 0.7595096306694857
3098.519723275 -23.493359348448628 -24.4248520372283 -0.11072378709623992 -0.11382377611445281 0.6365400995569965 0.07405324801446267 0.7591949460484603
3098.569723275 -23.532097251204988 -24.48042161996103 -0.11750155752626139 -0.11392831127390002 0.6356351323627049 0.07276333698689025 0.760061718011805
3098.619723275 -23.57024697602987 -24.53807044392358 -0.12292442041420118 -0.11824935415039045 0.641601760174967 0.07305052731406175 0.7543393745805249
3098.669723275 -23.60838106390755 -24.596540601001163 -0.12926001631532644 -0.12114376286828252 0.6428027478434657 0.07552157182764745 0.7526123226945495
3098.719723275 -23.645293340217012 -24.655086159568498 -0.13240956529933326 -0.12932606071039818 0.6418636288097501 0.07625711026821418 0.7519778621514406
3098.769723275 -23.681821281346796 -24.714354987644676 -0.13206981233858078 -0.1325750145443473 0.6416443166363494 0.08322509541213972 0.7508595207763423
3098.819723275 -23.71925300795298 -24.77145645062825 -0.1273942941998769 -0.1337787618953367 0.6455640320075754 0.08265083847719673 0.7473413961121713
3098.869723275 -23.756244818852778 -24.827567264836333 -0.12562437359670858 -0.12424687274861376 0.6405116361015297 0.0866961381492547 0.7528554564195818
3098.919723275 -23.79078928209605 -24.884822918867684 -0.12255611622406216 -0.12143818290931463 0.6359738773020175 0.09275702669243813 0.756429857369671
3098.969723275 -23.82432315481818 -24.94235686857328 -0.11853582885137466 -0.12116194069162574 0.6385820274839125 0.09721796902859592 0.7537117783346162
3099.019723275 -23.85804261993464 -25.000841867222075 -0.11741976978452576 -0.12443796144432914 0.6408390840490868 0.10006185996193814 0.7508848688631728
3099.069723275 -23.892985807232584 -25.059576730109796 -0.11927879682064922 -0.12934040916143083 0.6430801009566822 0.09979421635340016 0.7481712081428341
3099.119723275 -23.930545460589684 -25.117297032749107 -0.1239515697655918 -0.13116515912446947 0.6456032759288115 0.09253234383202263 0.7466122664990121
3099.169723275 -23.969016071953707 -25.174923871034544 -0.13074523247575812 -0.1297846871087571 0.6482141790923109 0.08421511526997572 0.7455750313521962
3099.219723275 -24.006212420733902 -25.232257830319433 -0.13743525383623356 -0.12915274178673242 0.6482791973922862 0.08021368225904729 0.7460693109194532
3099.269723275 -24.043858993110888 -25.288657364063244 -0.13944516747527969 -0.1289409708870643 0.6538326367274936 0.07524697580656274 0.7417647887360529
3099.319723275 -24.083574651872652 -25.343697480677406 -0.14156271311516105 -0.12339606965997776 0.6523083473816356 0.06745312197195896 0.7447934655090266
3099.369723275 -24.122676408514643 -25.398432269846335 -0.14341299812285438 -0.11224499696218032 0.6449080263099417 0.06897680153647101 0.7528193004352199
3099.419723275 -24.16111785874908 -25.44933719170258 -0.14209554029338461 -0.10673924926877436 0.6327554667340507 0.06860514957459252 0.7638851912660437
3099.469723275 -24.200633208381074 -25.497590855270374 -0.13670067293941046 -0.10100300369019936 0.6325713991589859 0.06604507435803658 0.7650423951420223
3099.519723275 -24.24200856003813 -25.544615862233794 -0.13312791403363067 -0.09638063581886133 0.633366185887499 0.059355867351823965 0.7655291820854296
3099.569723275 -24.2833980938871 -25.59310768904577 -0.13130571631254898 -0.09530516007052886 0.6390465248639541 0.05430322377407708 0.7613065252649402
3099.619723275 -24.32531761718285 -25.64212724128256 -0.1341195434297768 -0.09637541396099664 0.6393539399182449 0.050509569562471476 0.7611748172906653
3099.669723275 -24.367230056756977 -25.691213342970414 -0.1374285949692775 -0.09972058675001128 0.6425035166010303 0.04472216647475008 0.7584490513932679
3099.719723275 -24.4077302589095 -25.74284144758139 -0.13951586032648527 -0.10912281367698917 0.6503549122793604 0.04275929889993263 0.7505347040389998
3099.769723275 -24.44868475313475 -25.79520402945082 -0.14384830765355672 -0.1148481009288566 0.6539074563571352 0.04346853194843414 0.7465423222857661
3099.819723275 -24.49008220420652 -25.847789105458563 -0.14876720087143797 -0.11987103389686884 0.6490825210187131 0.04502011410367235 0.7498639913121445
3099.869723275 -24.53076411470597 -25.90165823500271 -0.1488808345284619 -0.1223671623368232 0.647061066559571 0.05246381716984848 0.7507235187553355
3099.919723275 -24.571271414884546 -25.95436779760369 -0.14402074782880087 -0.12265059345928453 0.6531565254992596 0.054936803160809844 0.7452015383641468
3099.969723275 -24.611517478601023 -26.006654394716556 -0.14403373716462628 -0.11632104188142374 0.6423198164721146 0.06042197783363229 0.755144921970294
3100.019723275 -24.64895024261234 -26.05973261954521 -0.13945414490008795 -0.11202395871785589 0.6418641415818355 0.0687934393402737 0.7554657630418005
3100.069723275 -24.686031601655554 -26.111398155793307 -0.13548344641218513 -0.10764694950492704 0.6428386112270886 0.07056331447488166 0.7551102388580299
3100.119723275 -24.721470553648572 -26.16391324896619 -0.13419037136016135 -0.10819557257007027 0.6419935870189701 0.0760950779589236 0.7552135402739918
3100.169723275 -24.756656116420363 -26.215443256896403 -0.13321481050130327 -0.1118719328893717 0.6458625113082757 0.07640940070315894 0.7513374013067283
3100.219723275 -24.793202067727204 -26.266610575737833 -0.13521101594147078 -0.11601998569950878 0.64681787844221 0.07205776237882405 0.750315716166709
3100.269723275 -24.82962963039758 -26.317939831525976 -0.13748513825960623 -0.12167513078719538 0.6513920721530024 0.06628174626219435 0.7459827484577446
3100.319723275 -24.86506122522926 -26.368266948044578 -0.14158593241305248 -0.12222526276479206 0.6540647777616536 0.06553594695855147 0.7436163602893109
3100.369723275 -24.900066250940863 -26.41645630232397 -0.14417402411240052 -0.12223763757232253 0.656773050957559 0.06609948088001653 0.7411733792602306
3100.419723275 -24.936288264955138 -26.462488909952512 -0.14539401670135452 -0.11698202154254339 0.6546612680703797 0.0656297654961076 0.7439264510724353
3100.469723275 -24.97272185454776 -26.507819561371686 -0.14205605416390116 -0.11250291240513417 0.6567555289985051 0.06561886030202818 0.7427714554308879
3100.519723275 -25.011189826593167 -26.54847041992088 -0.14184616027798083 -0.10009304998326995 0.6449311962129118 0.0625007328430723 0.7550753551073617
3100.569723275 -25.04796997891394 -26.587629682296704 -0.13718148927581827 -0.09710783777626186 0.6369480375697772 0.05949012585984231 0.7624488115300654
3100.619723275 -25.085252748682393 -26.626069483838915 -0.12906585469207088 -0.09470829587372305 0.6409747214758464 0.05468888324499471 0.7597307886159885
3100.669723275 -25.1246026254325 -26.66410036050309 -0.12394925336687429 -0.09399429361486455 0.6449302666779528 0.04580429246651362 0.7570548135255394
3100.719723275 -25.16473135110828 -26.70281074425955 -0.12363490253387763 -0.0932648931516582 0.6473652635734088 0.038460936853628336 0.755473779531945
3100.769723275 -25.20491366281114 -26.74250521672637 -0.12672248598318328 -0.0942097711664347 0.6483161440796921 0.03506924381545867 0.7547057999516235
3100.819723275 -25.245355507382943 -26.783040383343547 -0.12995312022934205 -0.09875816377202269 0.6524426304739253 0.03273430643770254 0.7506623103704396
3100.869723275 -25.287045633185766 -26.823980980255573 -0.13596719928425877 -0.09989947451196221 0.6530763867425732 0.03264225052695418 0.7499638734979402
3100.919723275 -25.32833363677053 -26.864263516738433 -0.14222671148280233 -0.10289128829364183 0.6488054537595654 0.03153410503538623 0.7533063561292553
3100.969723275 -25.368244492032623 -26.905913157382887 -0.14660359739202392 -0.10413025430470443 0.6443338904452747 0.034864806380736524 0.7568191151379094
3101.019723275 -25.406616442372336 -26.949695085884308 -0.14455833528711187 -0.10846183774718646 0.6464228421636045 0.04262312751463992 0.7540270604444521
3101.069723275 -25.445012460855786 -26.991050936303026 -0.1384420465003167 -0.10877422553783533 0.6590938639789947 0.04028644877114617 0.7430615374040649
3101.119723275 -25.481704650539733 -27.032883321732882 -0.1403448853552381 -0.10412139374708775 0.6522649223351425 0.04528249361981739 0.7494389249477676
3101.169723275 -25.514221542125554 -27.07455524532194 -0.13925920492463742 -0.10007430434991203 0.6534870118668183 0.05518725271803136 0.7482608008359747
3101.219723275 -25.54557731945471 -27.11439135437335 -0.13940669723360616 -0.09863891546605408 0.6506061597574002 0.05835970550084174 0.7507170798744786
3101.269723275 -25.57583165283247 -27.155502795895934 -0.14018817896016744 -0.09889193741627364 0.6515836362098322 0.0647379664109533 0.7493117811983229
3101.319723275 -25.607036882190744 -27.196524522761123 -0.1431415078825059 -0.09890200347725231 0.6518726743908355 0.066764167548861 0.7488811361105534
3101.369723275 -25.639172583464838 -27.237951913510233 -0.1464404947038388 -0.10036402033295788 0.6545695395190946 0.06699894611970707 0.7463088654003882
3101.419723275 -25.67224575996659 -27.27823390233799 -0.14956353597841696 -0.10224078690027852 0.6576319748445181 0.061353963640250794 0.7438431947001612
3101.469723275 -25.703652763380077 -27.31760994540784 -0.1509552645497644 -0.10176261700837357 0.665405812409466 0.05768910104248521 0.7372594131051945
3101.519723275 -25.733894527145733 -27.355813832673366 -0.15162830270639804 -0.10115852496724773 0.6706995473054761 0.05358528740996377 0.7328421979143067
3101.569723275 -25.764433257261175 -27.394150837660924 -0.15290435853419396 -0.09596338410538101 0.6713043417418847 0.05375934069023469 0.7329743808333887
3101.619723275 -25.79640981344079 -27.432171308343804 -0.15253377948387747 -0.09379213045305289 0.6672452914176876 0.050069421411485016 0.7372108317065899
3101.669723275 -25.82869477020699 -27.467487070773483 -0.15011252002126715 -0.0846887539854378 0.6691941388438208 0.046447666182659546 0.736783301786662
3101.719723275 -25.86072085766807 -27.498672033610028 -0.15084336010318342 -0.07990199446968556 0.6584507355182743 0.04097338124190775 0.7472479389097137
3101.769723275 -25.89215654735461 -27.528569891740478 -0.14849197372542391 -0.07477862011594907 0.656271024165676 0.03673016030299481 0.7499115922148463
3101.819723275 -25.924273258434194 -27.557904744351827 -0.14617602097471932 -0.07314860930998142 0.655139860829307 0.028039637953359557 0.751435175122922
3101.869723275 -25.924273258434194 -27.557904744351827 -0.14617602097471932 -0.07314860930998142 0.655139860829307 0.028039637953359557 0.751435175122922
