3120.348523037 70.55431081833254 15.308188977323693 -3.7625621899598234 0.22403437111444324 0.597722351702806 -0.2806904034124646 0.7167632023662842
3120.398523037 70.55431081833254 15.308188977323693 -3.7625621899598234 0.22403437111444324 0.597722351702806 -0.2806904034124646 0.7167632023662842
3120.448523037 70.55431081833254 15.308188977323693 -3.7625621899598234 0.22403437111444324 0.597722351702806 -0.2806904034124646 0.7167632023662842
3120.498523037 70.55431081833254 15.308188977323693 -3.7625621899598234 0.22403437111444324 0.597722351702806 -0.2806904034124646 0.7167632023662842
3120.548523037 70.55431081833254 15.308188977323693 -3.7625621899598234 0.22403437111444324 0.597722351702806 -0.2806904034124646 0.7167632023662842
3120.598523037 70.55431081833254 15.308188977323693 -3.7625621899598234 0.22403437111444324 0.597722351702806 -0.2806904034124646 0.7167632023662842
3120.648523037 70.55431081833254 15.308188977323693 -3.7625621899598234 0.22403437111444324 0.597722351702806 -0.2806904034124646 0.7167632023662842
3120.698523037 70.55431081833254 15.308188977323693 -3.7625621899598234 0.22403437111444324 0.597722351702806 -0.2806904034124646 0.7167632023662842
3120.748523037 70.55431081833254 15.308188977323693 -3.7625621899598234 0.22403437111444324 0.597722351702806 -0.2806904034124646 0.7167632023662842
3120.798523037 70.55431081833254 15.308188977323693 -3.7625621899598234 0.22403437111444324 0.597722351702806 -0.2806904034124646 0.7167632023662842
3120.848523037 70.55431081833254 15.308188977323693 -3.7625621899598234 0.22403437111444324 0.597722351702806 -0.2806904034124646 0.7167632023662842
3120.898523037 70.55431081833254 15.308188977323693 -3.7625621899598234 0.22403437111444324 0.597722351702806 -0.2806904034124646 0.7167632023662842
3120.948523037 70.55431081833254 15.308188977323693 -3.7625621899598234 0.22403437111444324 0.597722351702806 -0.2806904034124646 0.7167632023662842
3120.998523037 70.55431081833254 15.308188977323693 -3.7625621899598234 0.22403437111444324 0.597722351702806 -0.2806904034124646 0.7167632023662842
3121.048523037 70.55431081833254 15.308188977323693 -3.7625621899598234 0.22403437111444324 0.597722351702806 -0.2806904034124646 0.7167632023662842
3121.098523037 70.55431081833254 15.308188977323693 -3.7625621899598234 0.22403437111444324 0.597722351702806 -0.2806904034124646 0.7167632023662842
3121.148523037 70.55139977624584 15.307291347506032 -3.766947369081314 0.22339174691790648 0.5984669157217646 -0.27613049282608915 0.7181124070276642
3121.198523037 70.54915783584974 15.306722842534645 -3.7714715218773236 0.22545009422672627 0.6012997238965108 -0.2715794503116527 0.7168371497233949
3121.248523037 70.54743654287338 15.30697171611524 -3.778939724438163 0.2254834318827253 0.6001187748984933 -0.27012876742327113 0.7183628101252907
3121.298523037 70.54597985145018 15.308167488397428 -3.790203684767661 0.2300469363059879 0.5931570263678337 -0.26889994780099585 0.7231431167060359
3121.348523037 70.54443874443324 15.308535142244436 -3.8024010639321175 0.2378626818433579 0.5886986643312551 -0.26356174699101403 0.7262165191758767
3121.398523037 70.54277227154245 15.307603223932597 -3.814838615057532 0.2455137531893009 0.5865967820490242 -0.2542637193030677 0.7286818052694904
3121.448523037 70.54193243780387 15.306872724788638 -3.8265873641650474 0.2543751557396178 0.5830841406017161 -0.24542684773222528 0.7314860405595082
3121.498523037 70.54257790264074 15.30754409306207 -3.836013211910672 0.25723702680552296 0.5798760015197117 -0.24825153564106167 0.7320820377209242
3121.548523037 70.54402882539829 15.308702973191048 -3.8437343670710584 0.2592887734891015 0.5753469337321341 -0.2560728036273897 0.7322376369935905
3121.598523037 70.54523909415788 15.308348333217557 -3.8510049056987383 0.2598002213141968 0.5682050042250554 -0.2612006779586852 0.7358132399003313
3121.648523037 70.54586244432568 15.30673174508343 -3.8566846618903 0.2615110904799496 0.5619927079436373 -0.26203874356347584 0.739670090409123
3121.698523037 70.54600764219853 15.304855898738792 -3.860024922746572 0.2621962556458687 0.5549039906093254 -0.26287693298096837 0.7444665223081907
3121.748523037 70.54520628347426 15.303326171461801 -3.8587305834259715 0.26121252975539594 0.550478568054241 -0.26453906751132955 0.747502804123152
3121.798523037 70.54316172881096 15.30200887365461 -3.8505058013082856 0.26472025589367604 0.5533117508581805 -0.2632236696014891 0.7446358789659331
3121.848523037 70.53943319082737 15.300668687620133 -3.839534203779825 0.2625478504752286 0.5520458550262141 -0.2645468214671438 0.7458746405468178
3121.898523037 70.53391193331983 15.299982840623468 -3.8223407125259388 0.2610421501671516 0.5549569990834206 -0.26714534882178675 0.7433122409911735
3121.948523037 70.52626841732175 15.299214143246385 -3.8000255014051 0.2574269379000523 0.5598113314052363 -0.2732671914223488 0.7386932292676309
3121.998523037 70.51547359163274 15.29723917450088 -3.7768819361889308 0.24538287119284108 0.5546456963551671 -0.28099668583984616 0.7437716454577118
3122.048523037 70.50267818489998 15.294874263550797 -3.7474745153360756 0.23276817063272862 0.55677375918552 -0.28925367072750185 0.7430708403600451
3122.098523037 70.48863816792509 15.291416572052617 -3.709373176023016 0.2339781299014021 0.5727893036975684 -0.28598428651734853 0.7316964098331086
3122.148523037 70.47352611703994 15.28757476076424 -3.670003242713896 0.225184902326464 0.5803466631609127 -0.28879808911043653 0.7273824125234094
3122.198523037 70.45789511863832 15.283675374545581 -3.62486427155708 0.21500646081480868 0.592319824582734 -0.29107247123190794 0.7198654483340061
3122.248523037 70.4430946258629 15.28022039600139 -3.5741811949140527 0.20400600510788403 0.6090486475755615 -0.29422521488589864 0.707723687389117
3122.298523037 70.429667232819 15.277569995928141 -3.5188632569041136 0.19471773898652694 0.6298261285678579 -0.29628066403764064 0.6911018868550524
3122.348523037 70.41842427174423 15.275799681223129 -3.4610835788439998 0.1878127548178504 0.6516737067087153 -0.3009875805605496 0.6704134735076258
3122.398523037 70.40764110578552 15.272870201342107 -3.408007021801936 0.17881053502230024 0.6600969145531569 -0.3036373020789538 0.6634027771638097
3122.448523037 70.39914130525554 15.26888909852645 -3.3613583713178015 0.15802060446034183 0.6593195919937908 -0.3122266211272269 0.665463523597353
3122.498523037 70.3940555507818 15.262548893701327 -3.3190814931181145 0.15754690025479343 0.6648309132182633 -0.306454554800211 0.6627702745987338
3122.548523037 70.39198264291873 15.255136259646276 -3.2835785075822295 0.15259138646706852 0.6711801002116569 -0.3040588202886183 0.658620813261031
3122.598523037 70.39267556960947 15.248480740220547 -3.2545667826914 0.15242041666384995 0.6834715834546304 -0.2978602406902806 0.6487787667687397
3122.648523037 70.39427600692963 15.244296788606503 -3.235171137167158 0.15402513662113557 0.6915174969750475 -0.29976652304056456 0.6389208404257732
3122.698523037 70.39514567341155 15.241763642839658 -3.227812157790014 0.15117927800157746 0.6912341000570187 -0.30467297140822464 0.6375849945807762
3122.748523037 70.39672910600721 15.24002425874848 -3.2295109288938066 0.1490252479461317 0.6891382874999792 -0.3097839950408846 0.6378979327390076
3122.798523037 70.39867168542173 15.238132358497808 -3.2384518163585194 0.15278110540308396 0.6903896651736994 -0.30842614994841416 0.6363123086041612
3122.848523037 70.3997172513111 15.237483135784785 -3.2555777348816584 0.15668706639420552 0.68740240069922 -0.30744979578140014 0.6390631626151693
3122.898523037 70.40037883548568 15.238561990193494 -3.279559011025765 0.16303605004648966 0.6784248888189871 -0.3071489378747266 0.6471618395568538
3122.948523037 70.40205132230516 15.240534819365763 -3.3073320228174343 0.16569202204367373 0.6688610378382656 -0.30954874820811656 0.6552485317616402
3122.998523037 70.4046954228649 15.241876434085507 -3.336934251374293 0.17041719936206776 0.6628641517716513 -0.30655523372574606 0.6615081126736027
3123.048523037 70.40871458026008 15.244558385464654 -3.3679144405880295 0.1725655535682606 0.6600532488759518 -0.30735269297161527 0.6633891471022697
3123.098523037 70.41374173011549 15.2474556810732 -3.4013523764595712 0.18061872865065595 0.6546783975764351 -0.3065489830586283 0.6669338734785428
3123.148523037 70.41927643554607 15.248770504595846 -3.436870689394041 0.18281075900375782 0.64805936297201 -0.3010116549803087 0.6752712581050659
3123.198523037 70.42632285489466 15.249359020011639 -3.473495855571543 0.18330938250602377 0.6426937097010853 -0.2953021988041718 0.6827437858943417
3123.248523037 70.43595813238672 15.249929109858472 -3.5108292526292635 0.18895931895929513 0.6356874858764984 -0.2864703647623511 0.6914698302828417
3123.298523037 70.4486638591314 15.251038442808072 -3.547284965605479 0.184928206813021 0.6344170536685374 -0.28566686706525557 0.6940540334877208
3123.348523037 70.46382004483968 15.253240930172636 -3.5837608620703176 0.18539465416705975 0.635161481666047 -0.2861822310372486 0.6930356737229413
3123.398523037 70.48028527914266 15.256303368893898 -3.6236471227836833 0.1862420639092385 0.6244216812213769 -0.2918987661095849 0.7001475330208614
3123.448523037 70.49745907645259 15.25909433908721 -3.6613908786196663 0.184250283513564 0.6233334065366926 -0.2964562544366667 0.6997292237186583
3123.498523037 70.51478188432286 15.262100687853186 -3.7000233016771684 0.18476044961681695 0.6221893015218116 -0.30142920909330345 0.698487280653397
3123.548523037 70.53046997650851 15.263998849666155 -3.7401044766126827 0.19168703705630868 0.6183117169117563 -0.2968173476641871 0.7020300297564247
3123.598523037 70.54485685008018 15.264361639046527 -3.7806673929845886 0.19486383034056373 0.6090306967797737 -0.28743376012888017 0.7130859215712514
3123.648523037 70.55821937321099 15.26447474647576 -3.81533845030865 0.1973869368989763 0.6000368895561702 -0.2844722588194375 0.7211585555726029
3123.698523037 70.57015912762238 15.264415977602198 -3.84120982293955 0.19726838173049113 0.5965675908409723 -0.28721830463437725 0.7229785201585078
3123.748523037 70.58053757479871 15.263525509003314 -3.8580073249624984 0.19630939671465886 0.6047028311716266 -0.2857290201440241 0.7170467444888666
3123.798523037 70.5889629760403 15.264042109916348 -3.8688113115497966 0.19271578989805407 0.6077338170334253 -0.29332408234234436 0.7123771576040138
3123.848523037 70.59466530746516 15.266668784398007 -3.872673099261217 0.17973577674599137 0.6111790269297803 -0.3026498610084077 0.7089134709047878
3123.898523037 70.59920230921867 15.274124461697278 -3.869245460189163 0.1701323203620522 0.6203634256138889 -0.30798003026657833 0.7009654161838674
3123.948523037 70.60227111782822 15.288236841046503 -3.8639974614816794 0.15983857670516421 0.6280103409806046 -0.30158915864241 0.6993558610662068
3123.998523037 70.60563806133567 15.310936542032392 -3.859015722819797 0.15051880349146218 0.6284869090265842 -0.29422222791344915 0.7041175864721426
3124.048523037 70.61133159577844 15.343594795516157 -3.8528097436586064 0.15505020692655977 0.6243917303351074 -0.29260111293391017 0.7074453965720596
3124.098523037 70.61988642750968 15.385508312129032 -3.8435559329590414 0.17190661465934767 0.6216776186872589 -0.29688099253149497 0.7041496506661181
3124.148523037 70.6308530098416 15.431412632636476 -3.8312566233036116 0.19171298243892076 0.6224210525950976 -0.3006185660069165 0.6967543637629621
3124.198523037 70.64315768060493 15.478514408179292 -3.8172922321826417 0.21596501757978295 0.6240584747551038 -0.3020534846946731 0.6875127807189496
3124.248523037 70.65530869742042 15.524916753035328 -3.8022688172338808 0.2334693597643513 0.6251376891663064 -0.30377866424769073 0.6800098902096376
3124.298523037 70.66757513634614 15.570467471420674 -3.7861058856101355 0.25118453844957905 0.6267869177110686 -0.30748646441136934 0.6704450474378386
3124.348523037 70.6781870205639 15.613422962730676 -3.7713083020907154 0.2678258006590201 0.6248162437283733 -0.3091024015294683 0.665078722741328
3124.398523037 70.68709580295223 15.652955463452953 -3.7572495532010235 0.2825115281289311 0.623079499972635 -0.3093417421355914 0.6605050035848516
3124.448523037 70.69539074011148 15.688782136756233 -3.7445355468451362 0.29932133033227803 0.62274953684719 -0.30816584170877115 0.6539293307144513
3124.498523037 70.70252960879836 15.720601694125516 -3.736948894209343 0.30918281131350966 0.6179298296949128 -0.3108337898459029 0.6526492701685368
3124.548523037 70.7082850573393 15.747398373691963 -3.733204318526003 0.32048801399916166 0.6102336838081949 -0.31730993696401155 0.6513191905146418
3124.598523037 70.71016841306778 15.764438531526052 -3.7319707684174195 0.322309215885106 0.6058904788652607 -0.32042634028332595 0.6529475150642566
3124.648523037 70.70772433461566 15.77081303891775 -3.7319910269281413 0.32559195405716324 0.6050214938095861 -0.31649268593751423 0.6540422396372525
3124.698523037 70.70243482778709 15.766544939411581 -3.733232856307449 0.3215491555002312 0.6101596403781209 -0.31167454077407697 0.6535826913895431
3124.748523037 70.69527981729611 15.754276105654546 -3.738037145864652 0.31405528478968026 0.6154639206978805 -0.3095703911580793 0.6532531005154892
3124.798523037 70.68624317767004 15.73598212388115 -3.7478729802765525 0.3067050980650068 0.6155570462235544 -0.3095620355170768 0.65665276351508
3124.848523037 70.6760133123465 15.711620643568482 -3.7596613981389453 0.2926931135074765 0.6174383518569369 -0.31240105549165836 0.6599289382116735
3124.898523037 70.66558636412914 15.683663481762947 -3.773041318754292 0.2819532784289077 0.6166921625613229 -0.31792473544659294 0.6626590284677661
3124.948523037 70.65524780867369 15.652693334012298 -3.7868250736446365 0.27444891425097784 0.6138815616933474 -0.3250792537783714 0.6649441333242169
3124.998523037 70.64494027823423 15.618956085809277 -3.80129007849638 0.266882179286764 0.6093918794451818 -0.3315505286595004 0.6689466993647719
3125.048523037 70.63438737470823 15.582280925726181 -3.814181130492854 0.260079564183674 0.6083126137189087 -0.3319025977489178 0.672424754074402
3125.098523037 70.62300118595675 15.54250812727873 -3.8254663870749277 0.2533043468006548 0.6065809425135941 -0.3282747092579651 0.6783304381588756
3125.148523037 70.6105906815522 15.498982797744457 -3.8344495430505505 0.23748393833641024 0.6057640523302816 -0.3233952998561348 0.6870711549523708
3125.198523037 70.5978751603543 15.452243544416216 -3.8386305477676688 0.22752633860071703 0.6094246523915232 -0.3112205891575971 0.6928023550658741
3125.248523037 70.58652280216708 15.40367096135312 -3.840129576893897 0.21411026237547248 0.615304856596499 -0.30457391204037215 0.6948319660887026
3125.298523037 70.57453056253398 15.351218377552652 -3.8435364353097 0.19358303566152635 0.6127929202459084 -0.29766748613616 0.7059777000004598
3125.348523037 70.5630317170149 15.295308110159473 -3.8448700030281167 0.17310629081419288 0.6142596829457738 -0.2861280760266849 0.7147376988078755
3125.398523037 70.55275054307869 15.238340412541842 -3.8439741581739972 0.1540101978825326 0.6193632230371483 -0.2715616693808149 0.7203640167445372
3125.448523037 70.5444271141355 15.183491111043164 -3.841865432080019 0.14380941105276981 0.6255030945364602 -0.2578281556179342 0.7222114470074688
3125.498523037 70.53796480472272 15.134497149595795 -3.8403455056176363 0.14248935209174257 0.6283762784095689 -0.2543839842805238 0.7211995741916254
3125.548523037 70.5316593864324 15.087041575118063 -3.8413645527451066 0.14368671989421347 0.6237811629053817 -0.25091496916434275 0.7261493410998241
3125.598523037 70.52594836381114 15.040933979986203 -3.8418948540286046 0.14456978293894399 0.6198012445094718 -0.2455792053955904 0.7311886548919964
3125.648523037 70.5208504032476 14.997172283941243 -3.8399344015947943 0.13953948448582346 0.6202959988423051 -0.23442474350857478 0.7353955709144546
3125.698523037 70.51755226642017 14.96103287889293 -3.83412579260981 0.13253793317244192 0.6247548628913303 -0.22324019918534557 0.7363958657079083
3125.748523037 70.516178956576 14.938789407891738 -3.8263211744548054 0.123846567354021 0.6279083109376036 -0.22735322684598439 0.7339643663372427
3125.798523037 70.51538515895848 14.927800742092293 -3.8183637142657267 0.11716912424384116 0.6290972709355263 -0.23284484658928006 0.7323191226796002
3125.848523037 70.51459203148748 14.92624247364024 -3.8107254172030025 0.10956409858706134 0.6305406984204767 -0.23918378977644775 0.7302090458522125
3125.898523037 70.51314309262507 14.933457242522646 -3.807440506857483 0.09800172392351353 0.6205705602967561 -0.25323521722937986 0.7356356207768752
3125.948523037 70.51112551195757 14.946716066594812 -3.810197557275497 0.07293610277531865 0.5926527250260087 -0.27784374885493435 0.7524931386088717
3125.998523037 70.50951842235416 14.963624648434717 -3.8161705774957437 0.04474570423217385 0.5551105654099083 -0.3020709313854941 0.7736945356760373
3126.048523037 70.51023809790327 14.986896150509796 -3.8176043523418697 0.026108146447740354 0.5357947903562944 -0.32694467954866474 0.778042083586061
3126.098523037 70.5137240460722 15.016674645530681 -3.816110524490378 0.018970078770872464 0.5285829412644361 -0.3523066307592869 0.7720882386351344
3126.148523037 70.52026374642149 15.051743628612668 -3.8140915745691197 0.018878811306047336 0.5272834855240395 -0.37998076870145925 0.7597567583077752
3126.198523037 70.52839937547637 15.089652729894672 -3.8175932779310613 0.010446790508217375 0.512987103952983 -0.41012696497211454 0.7540099258953897
3126.248523037 70.53846854986486 15.130425898406138 -3.8243417028489564 0.012097930526076127 0.4945785832275195 -0.43530912659728865 0.7521646291808407
3126.298523037 70.55067721749994 15.174886798875447 -3.8289967440423105 0.028504581387499478 0.4873717197704484 -0.45070363640965766 0.747343647684939
3126.348523037 70.56541194040761 15.223909181636671 -3.826225022063809 0.07086808819937812 0.5059994060074731 -0.4525573131742622 0.7308448491215783
3126.398523037 70.57957821077463 15.272096484034343 -3.825563677976567 0.09767396637765814 0.5135501398432409 -0.4482512981955288 0.7251184895071059
3126.448523037 70.59341975266119 15.32196148175922 -3.823244466465835 0.131417764605551 0.520379491289339 -0.4343189617087682 0.723395877574476
3126.498523037 70.60816278174015 15.374854730435674 -3.8149495709518018 0.1797679520668076 0.5360501484429516 -0.4129459140194973 0.7140093793911938
3126.548523037 70.6238271034622 15.42860785778833 -3.803258469897311 0.23360339927428717 0.5486559169759121 -0.38942920261732855 0.7019622730344207
3126.598523037 70.64043253837244 15.482175641212642 -3.789323607188973 0.286202785638225 0.5584487178535035 -0.3711992975484034 0.6844224401057218
3126.648523037 70.65442381872454 15.530546155162757 -3.7737784422296548 0.3383552697327832 0.5655937295481318 -0.3426342231964448 0.6694932663100198
3126.698523037 70.66523388963978 15.574179248918261 -3.7560569756717554 0.37398442479239097 0.5727805760017207 -0.31728508022195867 0.6568015222549252
3126.748523037 70.67444529633678 15.613559198706977 -3.733716981775541 0.41075318480678713 0.5862888120874536 -0.2910282630256582 0.6347044982607515
3126.798523037 70.68050999016225 15.647512613386205 -3.7107228506858116 0.4418853700752878 0.598537264656255 -0.2648848928767275 0.6134545264784659
3126.848523037 70.6824570086965 15.674001268969322 -3.691317709652698 0.4669986923909261 0.6080544335538571 -0.23738273258076964 0.5965161065831752
3126.898523037 70.679043467712 15.690877462052448 -3.6781240887374596 0.4830824316888528 0.6151253043145672 -0.21121757357422777 0.586207608956854
3126.948523037 70.66971547744892 15.694145179383487 -3.6703730923728215 0.49195495145977186 0.6275146894730395 -0.1783443403879183 0.5765404898889295
3126.998523037 70.65708215854033 15.68639564066667 -3.668240168549794 0.4966929688644769 0.6431273756216364 -0.14844252088625515 0.5636027780268229
3127.048523037 70.64284421845772 15.6731523498483 -3.675811051529039 0.49688526938799826 0.6484899025267964 -0.14038798074315176 0.55933629441407
3127.098523037 70.6267197183223 15.651023400065155 -3.6922357733863924 0.48229215797026026 0.6519155721718679 -0.14143502676087402 0.5677996956016853
3127.148523037 70.60884981032186 15.617069386720367 -3.7143025830959893 0.46359325864276757 0.6560825307479744 -0.13236348329914163 0.5806176983844286
3127.198523037 70.59183787082381 15.575639526425585 -3.7386093195395875 0.43934264673081 0.6594638099294398 -0.12839600675028273 0.5963220502442416
3127.248523037 70.5763837632029 15.528265191673496 -3.7621760067089656 0.414334799063952 0.663431113677515 -0.1266238075646493 0.6100428206667773
3127.298523037 70.56241141678805 15.476266662376718 -3.785176200844303 0.3882181060364065 0.6646729380201247 -0.12405378773482714 0.6261846735251856
3127.348523037 70.55154550916423 15.421556793964424 -3.8047032297947307 0.36286745998092207 0.6673474616269636 -0.12261024254485914 0.6387028263364216
3127.398523037 70.54281462090015 15.36630103577395 -3.821809251712915 0.34144183084972796 0.6663626736430012 -0.1195429906894401 0.6519875280236282
3127.448523037 70.53625834167828 15.312928702390787 -3.8349470288950904 0.31360257054290186 0.6624917484085473 -0.12182405354375797 0.6692660241022534
3127.498523037 70.53139188802692 15.264340385932577 -3.8419105821452826 0.29197307352380547 0.6570280454401509 -0.128105244089874 0.6831214520704436
3127.548523037 70.52705938240102 15.221362793507279 -3.841973917844762 0.2664809032234972 0.6525857155779285 -0.14023519813123883 0.6953084935810322
3127.598523037 70.52303689190948 15.184677057589901 -3.8359443362995265 0.2372793250257254 0.6477457011747334 -0.1565940835458421 0.7068255241029622
3127.648523037 70.51977201770059 15.156533071609537 -3.825463294249964 0.2034886152788994 0.6441044268886332 -0.1794590008438911 0.7152037036610297
3127.698523037 70.51590101745501 15.13643001502006 -3.821849080178529 0.16277297090261925 0.6125555613514703 -0.2149114704882407 0.7430300828724921
3127.748523037 70.51347072140351 15.121460511322049 -3.8150282516841827 0.12397549496286916 0.5902084293459494 -0.24739016676393133 0.758341738246164
3127.798523037 70.51248039929146 15.11398904857468 -3.808759569509679 0.08256251706496102 0.5647689148696808 -0.29160114908491036 0.7675860039273653
3127.848523037 70.51250812131569 15.111876626930368 -3.8088405525587934 0.035254681655164044 0.5213955405771153 -0.3432486397110686 0.7804384466594352
3127.898523037 70.5134421458327 15.113419934909118 -3.8105803518890338 -0.0007206947626187537 0.4828901156260749 -0.38577974992806363 0.7861237824764848
3127.948523037 70.51618921456806 15.122669248687913 -3.803199055621644 0.012474174835954775 0.4907835421479394 -0.4130457579350302 0.7670522221927009
3127.998523037 70.51837197557369 15.130449315696263 -3.7951892842366877 0.04265385578917101 0.5107730480271405 -0.4175301118184034 0.750306702435939
3128.048523037 70.51938447402131 15.136256243874692 -3.783364888741301 0.10205563984453045 0.5475807370767125 -0.3881712370796732 0.7342091483102645
3128.098523037 70.51875256604647 15.139584990371926 -3.774144121305947 0.15222941744678814 0.5746388488021177 -0.3508978703304369 0.7235240718239806
3128.148523037 70.5166014805668 15.141850336313402 -3.765517186279959 0.21200144958484834 0.5972379622821756 -0.29591006205075365 0.7147023415101401
3128.198523037 70.51498853815666 15.144724374121035 -3.7544059810416766 0.2595576319881962 0.62184489384346 -0.24905121146471307 0.69563802206712
3128.248523037 70.51364670439145 15.149359112966131 -3.7450307475094053 0.29877401971660356 0.6374194336274415 -0.21179445052675488 0.6779186245431854
3128.298523037 70.51224681878435 15.153927599834384 -3.7378236765857977 0.3239741445521017 0.6472213340874318 -0.1843855462293323 0.6649415528492184
3128.348523037 70.51082208498862 15.157352158511378 -3.731589315170227 0.348102684098423 0.6540614240385255 -0.15709759987931285 0.6529536882661197
3128.398523037 70.50980100578295 15.157895330282063 -3.724656781828489 0.3675629017625255 0.6643825066348319 -0.13002869645076973 0.6376409147983239
3128.448523037 70.50917314860698 15.157893732180753 -3.7203482409761848 0.36947911451780496 0.6702648043020937 -0.12094278530875235 0.6321416919732284
3128.498523037 70.50851972289438 15.156597358399003 -3.720115592128301 0.3581876588202173 0.6686714186149223 -0.12394924373955069 0.6397004923968659
3128.548523037 70.50841137325261 15.155802128586013 -3.7228870705670944 0.3310144539880006 0.6606088962387417 -0.1491093554602545 0.657108604094852
3128.598523037 70.50912469674138 15.158328134132502 -3.731334850948981 0.2842687289127981 0.637778326439811 -0.20633801241223865 0.6854594960460486
3128.648523037 70.51113149727877 15.159319088142528 -3.7411434155590158 0.2382456772998308 0.6138808638670178 -0.26824347208293486 0.7031605235724776
3128.698523037 70.5118958250561 15.153265279212494 -3.7525928244956517 0.20122616542778168 0.5916033622273003 -0.3088585189218229 0.7170215529801061
3128.748523037 70.5114109634911 15.139563614245079 -3.760848170761856 0.18849054635649895 0.588272096973161 -0.31547110203498285 0.7203368917651392
3128.798523037 70.51067210500426 15.124389129852956 -3.7722180037375694 0.1867598051779969 0.5797009761413376 -0.31212002423528656 0.7291424030338801
3128.848523037 70.51067510074027 15.11084088304029 -3.779956320002191 0.19767018365762926 0.5723385662734363 -0.30330866280944696 0.7357709691973257
3128.898523037 70.51059624714968 15.100120359955158 -3.7801854798888277 0.20660554089938912 0.563738101550874 -0.2952649719837942 0.7431904867857881
3128.948523037 70.51034102746354 15.095397825838175 -3.7679588254941594 0.2165270828361537 0.5636740744536949 -0.294929434895748 0.7405431713406794
3128.998523037 70.50735335204358 15.092493301247853 -3.750593646520071 0.22093396340410434 0.54920976694528 -0.2889101194577085 0.7523880372396932
3129.048523037 70.50218742862975 15.092455291600771 -3.7270363181955757 0.21493958809792096 0.533792733931765 -0.2874611886781588 0.7656581193154607
3129.098523037 70.4975389776757 15.096143328741016 -3.6980842815481827 0.23858877949367216 0.5111438512152049 -0.2756792404089234 0.7783368898312397
3129.148523037 70.4922520060261 15.103408442124287 -3.655892660988759 0.2111196198131853 0.5135234538792649 -0.30878945800573515 0.772250761780376
3129.198523037 70.48712306005275 15.110564769201568 -3.6050682232384457 0.22395369441348525 0.5449719436811858 -0.31044699645343854 0.745971169517925
3129.248523037 70.48295520236736 15.116659029083763 -3.569088658783229 0.19978825549772833 0.5537840336348585 -0.33655023141955237 0.7349434255694287
3129.298523037 70.47909774960478 15.1178266077485 -3.5388083141008932 0.19475839612048876 0.5719906026076017 -0.34016066813407975 0.7205460689808418
3129.348523037 70.47575434006092 15.114844118305152 -3.5230755479589018 0.1686499456190913 0.5803357073600502 -0.3514055340521324 0.7150397284369056
3129.398523037 70.47327585300654 15.110511130658248 -3.520257915074077 0.13912786346677508 0.5810048674474897 -0.36102627408582744 0.7160564300592521
3129.448523037 70.47194636376328 15.107675783786602 -3.5285183002562395 0.0942349589191996 0.5713421290355817 -0.37295319293545504 0.7249785238100747
3129.498523037 70.4745749205833 15.115073138040081 -3.5421141461030135 0.07220114491755761 0.5584219189580015 -0.388440061786156 0.7294287309253897
3129.548523037 70.47888531173811 15.12977398140417 -3.5558516689747885 0.051826255764480016 0.5470635994125147 -0.4052121966024827 0.7306425481285971
3129.598523037 70.48444757119823 15.152639804961108 -3.569037336391528 0.043086474444221826 0.5335498523776029 -0.41994947183825676 0.7328782653692051
3129.648523037 70.49023704560875 15.18144340260874 -3.578956090399723 0.03442429114020867 0.5240713166455826 -0.4302315240581099 0.7342105004394147
3129.698523037 70.49765141016306 15.217609974446965 -3.5856347779787243 0.044040040241926745 0.5215632804794577 -0.4344248993474572 0.7330124324579685
3129.748523037 70.5069455142687 15.262362058023141 -3.5900567751085375 0.06351570869053383 0.5234843389741889 -0.442942478205828 0.7250736945988149
3129.798523037 70.5168809889522 15.311686285263049 -3.590097219978991 0.09614211954867732 0.5333662474689609 -0.44199153185525913 0.7147871184330398
3129.848523037 70.52777185695483 15.364214871028164 -3.5873506924479317 0.13074225122570907 0.5424654995553089 -0.4392996864476117 0.7040265840319333
3129.898523037 70.53822228025544 15.417867923581209 -3.582371463021501 0.1737264879700536 0.551066556239197 -0.4281305119158018 0.6948733861207929
3129.948523037 70.54880409497802 15.472034838705502 -3.577108361868247 0.21175886163077728 0.55458793208239 -0.42213082159379756 0.6851247912387649
3129.998523037 70.55747393175496 15.520923629431046 -3.566717093825535 0.2613735838929997 0.5654564211960437 -0.396629660216884 0.6742609272435491
3130.048523037 70.56469866574069 15.56470417021271 -3.5567376106482884 0.2939719000631184 0.5710800161228662 -0.3736543946156552 0.6692014125379556
3130.098523037 70.57080024450563 15.603262025199838 -3.5438708407531765 0.3308013728781443 0.5799112717978444 -0.34311990979111606 0.6607133236500365
3130.148523037 70.57710541175469 15.638349778467795 -3.5285686190987 0.37357860138476595 0.5894960907277129 -0.3145724025331931 0.6434109038310132
3130.198523037 70.58143006152788 15.665946243431286 -3.513919836701798 0.42208377124739743 0.5908328625466223 -0.2809050336336006 0.6275780275502361
3130.248523037 70.58306476206015 15.680760607291907 -3.495727429154266 0.4668150164558086 0.6028693793906703 -0.24443572056017118 0.5990688026585104
3130.298523037 70.5799364502985 15.681344162091776 -3.48061438152537 0.5055431653431823 0.6138813927205746 -0.2014939954718431 0.5718180772195265
3130.348523037 70.5722504833081 15.670340755413436 -3.472096274096738 0.5312213947801002 0.6216922347474187 -0.1594874324648789 0.553051854592683
3130.398523037 70.56219327335573 15.65210870928495 -3.4702922086593757 0.5347588861343295 0.6304011985896568 -0.13536675561508923 0.5461713137755771
3130.448523037 70.54994843186387 15.62641777071268 -3.4743887292269275 0.5452619748339973 0.6306862529451024 -0.10670205451028006 0.5417923040330869
3130.498523037 70.53625770123396 15.593929990970363 -3.482682072736531 0.5358924919310745 0.6391396916290017 -0.09209431877371244 0.5439102206484943
3130.548523037 70.5218590960731 15.55724739748657 -3.4953226169070177 0.5270316146303047 0.6421824075396358 -0.08422316021888482 0.5502234926913929
3130.598523037 70.50610697753456 15.51314320118709 -3.511276419571242 0.5005483481102813 0.649175465515552 -0.08287322100516646 0.56670503387297
3130.648523037 70.49056888229833 15.463428380744148 -3.5272381871560725 0.48127314706137114 0.654377586969906 -0.07588831117864457 0.578279427107294
3130.698523037 70.47575349516907 15.411766907285354 -3.542944980267156 0.45161966094905676 0.6596070092034769 -0.08161165811033548 0.5952292100648162
3130.748523037 70.46174666652189 15.357232903033863 -3.558123850067791 0.42236632527564233 0.6641089770918627 -0.08696478358353121 0.610739781114199
3130.798523037 70.4489251612895 15.302299274637221 -3.5738415097635485 0.39362619601269866 0.6625225071320665 -0.09517050259787616 0.6301308759228365
3130.848523037 70.43831417832737 15.246794072851854 -3.5854099319492465 0.3644912587209884 0.6634394663727434 -0.1023644071747418 0.6453802948020669
3130.898523037 70.43046742274791 15.19386214734813 -3.5913070539882543 0.3332621820509333 0.6663772010577393 -0.11631089639327458 0.6567720451612544
3130.948523037 70.42451626500103 15.145533259118404 -3.5960132835380474 0.28906257936918306 0.6617017651837647 -0.14391349875744724 0.6766701589670665
3130.998523037 70.420745726493 15.103011180023644 -3.5956753414231404 0.25319574845908055 0.6575376917676943 -0.17260196093263908 0.6882911156983407
3131.048523037 70.41839226812651 15.06568727241872 -3.5928628567021543 0.21049896354041098 0.6506792384780924 -0.2075637177998757 0.6994455075379898
3131.098523037 70.41676675010352 15.030736849463342 -3.589758620623459 0.16163444394625384 0.6389413883842696 -0.2375141182684182 0.7135931980918424
3131.148523037 70.41658220729131 15.002701300440178 -3.5867731340525797 0.10284080899578052 0.6215569141218954 -0.2768534462791014 0.7255638771298809
3131.198523037 70.41682251971075 14.979461964468069 -3.5885595184268517 0.03912991212699848 0.5902296269702186 -0.30882272469864175 0.7447995449335592
3131.248523037 70.41925150973061 14.964636723005656 -3.5893792371697115 -0.012211794726464054 0.5688630345991033 -0.3319911151710631 0.7523480706320262
3131.298523037 70.42352019086023 14.960915145603076 -3.5902732503573085 -0.03771318773642447 0.5638427879220177 -0.3425757724664144 0.7505337208268017
3131.348523037 70.42815282875289 14.968916045982649 -3.5962983314550176 -0.05829983424274479 0.5606762917298693 -0.3555585132593987 0.7455342841667828
3131.398523037 70.43244684142589 14.985650729230661 -3.608704124366428 -0.07512976180563946 0.5543309973647933 -0.3617641852530426 0.7457877302019549
3131.448523037 70.43831863703439 15.01426148400646 -3.6271973085378972 -0.07463794969199111 0.545239989455892 -0.3746917384338593 0.7461559029541529
3131.498523037 70.44566582959015 15.05025345227186 -3.6478170171500164 -0.06428888441095544 0.5390501857846584 -0.3845552635166855 0.7465983430522285
3131.548523037 70.45509115732541 15.093451730226686 -3.669149699447023 -0.042363469373033875 0.5364837795974051 -0.39693971786727905 0.7435249498645006
3131.598523037 70.46588843650756 15.13903047527314 -3.690304409542578 -0.02195846480191161 0.5355513443622563 -0.4046488720141381 0.7409196135566997
3131.648523037 70.47841814073996 15.187312526158307 -3.7102349740157203 0.005496559773410895 0.5404611407159117 -0.40779254203410265 0.7359190076822839
3131.698523037 70.492396620013 15.237239942029955 -3.731354150425265 0.03027851924365952 0.5393431750507623 -0.41173794578112444 0.7339373371089074
3131.748523037 70.50772579951183 15.287860750116513 -3.7499752192411364 0.06540507151776917 0.5454722990621025 -0.403645734955112 0.7316093686033602
3131.798523037 70.5244499778839 15.339071179128165 -3.7693751860001834 0.1022135211481667 0.5421369848922349 -0.3949520379432282 0.7346106270882155
3131.848523037 70.54110956499865 15.388130125539277 -3.7817097812355764 0.13620234522426847 0.5470807365069731 -0.37381366000061134 0.7364882459994486
3131.898523037 70.55849678474392 15.439649670357069 -3.7897773207961576 0.17477084502062537 0.5516547219945391 -0.35642964398286536 0.7335462686989499
3131.948523037 70.57621703391469 15.492787701324728 -3.793963251466158 0.22238101269096347 0.5561580313556883 -0.3374711694446058 0.7261873994684824
3131.998523037 70.59451489323733 15.546595828684124 -3.793108909426409 0.2739926457536072 0.5626182114605753 -0.3248281458151963 0.7091371192457092
3132.048523037 70.61219751071741 15.597110968436423 -3.789018187038558 0.32829900859223143 0.5641083302392783 -0.31361941273032357 0.6896697881382788
3132.098523037 70.62707591030829 15.638514606086455 -3.7790881957216675 0.37528664067903594 0.5710499789439953 -0.3016119427651574 0.6649000638120998
3132.148523037 70.63799131430858 15.667853916037004 -3.7660378915659205 0.4163561433703494 0.5880472867083116 -0.279841313863792 0.6344578705696295
3132.198523037 70.64380152164917 15.686479558798808 -3.7586793541492436 0.4479172026898949 0.5960658078654888 -0.2587569796049421 0.6141014230026254
3132.248523037 70.64407084766387 15.690793126356654 -3.753903901615298 0.47302797657535745 0.6104872994522659 -0.22970836161468738 0.5922700897300139
3132.298523037 70.63923806338742 15.681203434237512 -3.7545994202513775 0.48714325375350614 0.6279577513716889 -0.19451864061437235 0.5749113073059149
3132.348523037 70.63185573689704 15.664024249097126 -3.7636303876783948 0.48233627957127645 0.638893290174456 -0.17715578462763384 0.5725232791357617
3132.398523037 70.62240311918629 15.639866340270155 -3.7778198292701326 0.4719779019437806 0.6447315694022343 -0.16612517970266077 0.5778931459721924
3132.448523037 70.61165310885065 15.609213042127934 -3.7946303320984605 0.45674156334450466 0.6490920839816726 -0.16019535713149433 0.5868594877647121
3132.498523037 70.59995602368517 15.572878218192212 -3.8123713401489154 0.43986763314571187 0.6516244602083466 -0.15682446235477504 0.5977525543032889
3132.548523037 70.58802222028675 15.531408202715903 -3.829381190840679 0.4180569375771566 0.6541048594392364 -0.1586607923180013 0.6100835867179271
3132.598523037 70.57583839238211 15.484458837358543 -3.845652994628697 0.3928849630757329 0.6560404839695155 -0.15918084398474308 0.624430739226
3132.648523037 70.5645428261879 15.432882936861542 -3.8601195671403907 0.3668846224885128 0.6601182483278796 -0.15398729243498535 0.6371243879922788
3132.698523037 70.55549432394945 15.381613582792436 -3.8726623109359775 0.3447565569616657 0.6623958016765518 -0.15284111857214686 0.647313147423124
3132.748523037 70.54749219376869 15.330250176691631 -3.8856954827295005 0.3219521565929642 0.6563646122353805 -0.15744737060899008 0.6638845006162998
3132.798523037 70.54016198364005 15.275669152861257 -3.895936367222011 0.292863079789508 0.6520150862470852 -0.15904961879005836 0.6810365354113886
3132.848523037 70.53395532233559 15.219263979218184 -3.9019641130631078 0.26198826382686957 0.6502625738115233 -0.15869691316455875 0.6952237226023265
3132.898523037 70.52867401127794 15.164181850586587 -3.905496940082368 0.22166912875658068 0.6427677541062209 -0.16637143263381685 0.7141659177256464
3132.948523037 70.52474966218503 15.114311537818697 -3.9043800452055737 0.18012358047378607 0.6343370338063157 -0.18302201729738368 0.7291604518098229
3132.998523037 70.52104829895474 15.07079173242137 -3.905950635744098 0.1263356611826444 0.6065390429603417 -0.20975507724436906 0.7564076266461793
3133.048523037 70.51838255327897 15.033775469317666 -3.9085468711370464 0.07301014473450765 0.564769544461097 -0.2388780459427475 0.786538085270908
3133.098523037 70.51781981153172 15.007515319583113 -3.899690806641433 0.03744002590850491 0.5574992762647556 -0.2604414074937299 0.7873773394548064
3133.148523037 70.51826546789631 14.993310504222068 -3.887161605710299 0.01411529878203771 0.5661823012490732 -0.27657788139756234 0.7763652720300115
3133.198523037 70.51874442600487 14.991396153882556 -3.882100856493646 -0.0055787533347580465 0.5582797771330639 -0.2957757148097757 0.7751188905479294
3133.248523037 70.5190985527075 15.00133750664151 -3.8819419423783614 -0.007233348005538541 0.5500501217855143 -0.30946768674900055 0.7756431480124053
3133.298523037 70.52001716825261 15.02190877372465 -3.8869302433563644 0.0004008277466399853 0.5378910360513411 -0.32400417137887194 0.7782636889909633
3133.348523037 70.5226369861321 15.053846803072465 -3.8934093864649366 0.025563720510780243 0.5314982628476513 -0.34085147261065757 0.7750331389061516
3133.398523037 70.52769708156346 15.093546297454084 -3.8996149174896226 0.050668220247654244 0.5269376119334941 -0.36189750324751796 0.7673328363428574
3133.448523037 70.53533086157782 15.13784101033297 -3.9052422155457522 0.07505212988664331 0.5211501612054015 -0.38194469943973197 0.759531390954288
3133.498523037 70.54508264103487 15.18538242211465 -3.9092493328531517 0.09622134900865634 0.5161738032814096 -0.4012878258896939 0.7505159142840887
3133.548523037 70.55623703372203 15.235003977780574 -3.9126909682440316 0.11818719157031116 0.50980927736949 -0.4161976260167283 0.7435763743925439
3133.598523037 70.56910258284974 15.286762612714153 -3.9134438379551852 0.14504270419600687 0.5078360517246258 -0.42718621808955565 0.7338781190378929
3133.648523037 70.58221981246434 15.338348077675853 -3.912702166844538 0.16834173130003705 0.5041988352413379 -0.43488200687372325 0.7268577826106476
3133.698523037 70.59501012422658 15.389221594498313 -3.908919097965327 0.195922320257617 0.5046998829205486 -0.43519652192866154 0.7193722679573161
3133.748523037 70.60539409189022 15.436972758272185 -3.9012810683247743 0.23159396222764553 0.5136032237857543 -0.41968690995205205 0.7116451804034639
3133.798523037 70.61208949169475 15.479398001400426 -3.8904710678386176 0.27858535257154365 0.52866046113829 -0.3830573242535233 0.7043971922838494
3133.848523037 70.61649657011925 15.517803116965252 -3.8797042030087163 0.31761715606852875 0.5408571567560613 -0.3487501521931817 0.6963951532728541
3133.898523037 70.61879488542908 15.553116389426261 -3.871190816844534 0.3410546219769651 0.534938788036599 -0.32913922428603337 0.6994209096949221
3133.948523037 70.61783860267964 15.583302258985372 -3.8541587439404186 0.3477835145756976 0.5331842711117915 -0.32393931509466434 0.6998746174597013
3133.998523037 70.6138632292017 15.606806966534448 -3.8271700320317055 0.3462146833027254 0.5375981385974781 -0.3264215693159862 0.6961124862602375
3134.048523037 70.6075108458619 15.624030541527192 -3.7963923083470683 0.339497934555824 0.5355146306961804 -0.3310094905302009 0.6988547416463595
3134.098523037 70.60126045683951 15.637192227679503 -3.757653765987031 0.3343991695331079 0.5378681431356126 -0.34066428107988744 0.6948545917037172
3134.148523037 70.59570948728783 15.645686238382975 -3.709079742990194 0.33378029762128725 0.5510308355380203 -0.3513873659751389 0.6793251432408268
3134.198523037 70.58972687381413 15.647512618286854 -3.6499187348862345 0.32808895856186027 0.5904777864864609 -0.35617462963696345 0.645626248024982
3134.248523037 70.5821237078032 15.647140437042783 -3.5989341162585564 0.32028526747632413 0.6019588753612917 -0.3582457352624473 0.6377482677182724
3134.298523037 70.57380272220017 15.647466706882048 -3.5568686464550474 0.2991729625196519 0.5946140019843594 -0.37205943182930085 0.646916923822694
3134.348523037 70.56381769106729 15.645327033682147 -3.519254733659088 0.2844353822979231 0.5737502882959643 -0.3732919425866208 0.6712378457575522
3134.398523037 70.55729016026311 15.639963594273663 -3.4720319426539 0.27921124644470546 0.581605016215001 -0.3685208898094929 0.669304892217562
3134.448523037 70.55258275051385 15.63078923148797 -3.421714429170515 0.2945042635317549 0.6014822429932463 -0.3440011226994024 0.6581410013872276
3134.498523037 70.55079257741421 15.623647893763174 -3.3791296610370876 0.28346654611522054 0.6180028076118549 -0.344866876661042 0.6471368359160448
3134.548523037 70.5506689110697 15.61669469825287 -3.347096509073501 0.28881609454645757 0.632859504247837 -0.3391904986426843 0.6332644921710366
3134.598523037 70.55168688295605 15.610628543615011 -3.3314285235273933 0.2827320095122216 0.6430248815153474 -0.3445837439571327 0.6227709498281369
3134.648523037 70.55077519648721 15.60281699010564 -3.334208659004983 0.28261415940895496 0.6469004802024484 -0.3402233400043859 0.6212061530053221
3134.698523037 70.54698991424698 15.594758039588228 -3.35726229840186 0.2713450909539191 0.6391254049243836 -0.3392010410455534 0.6346914306567129
3134.748523037 70.54082683022838 15.585230973484574 -3.3951477961896823 0.2660256095020107 0.6269644356513046 -0.33004010465389433 0.6536203032629659
3134.798523037 70.53512525314856 15.574873860979299 -3.441063245785943 0.25868580446203254 0.6187716905553089 -0.32551697488904263 0.666514777477771
3134.848523037 70.52991667390114 15.561184397627372 -3.490822914465882 0.24907618292393302 0.6179031440480909 -0.3190849822616124 0.6740486138036592
3134.898523037 70.52577869436573 15.5445375480325 -3.542864750713743 0.24523989062014326 0.6200116226880354 -0.30539642327878264 0.6798352803649544
3134.948523037 70.52317003560191 15.527648773353656 -3.5997715811480457 0.23240743349406118 0.6133746733389506 -0.2992446780655616 0.692972522985203
3134.998523037 70.52292347084133 15.512314017215019 -3.658706860596654 0.22352640136640411 0.5976811898409398 -0.2987491848038735 0.7096210733775632
3135.048523037 70.526116218608 15.497956610964916 -3.714091070941561 0.21746761332345166 0.5885384274845609 -0.3006435144004837 0.7182923038556992
3135.098523037 70.53252119351342 15.48428119719703 -3.767899033514639 0.22745882406887322 0.5786354343995304 -0.2967662781624445 0.7248263885621735
3135.148523037 70.54327487167807 15.473596561819535 -3.8232011313654435 0.23009589461401914 0.5549081213007206 -0.31028084382934773 0.7367894232064051
3135.198523037 70.55659482501855 15.461164841629284 -3.872672413172372 0.249303783883154 0.5321043197360309 -0.30168339647431786 0.7507994036701926
3135.248523037 70.57171605523486 15.450043964289964 -3.9140956232169692 0.27527163682646294 0.49660665061582177 -0.29826690492891095 0.7672315256473387
3135.298523037 70.58254386059963 15.436160318305875 -3.936150288032973 0.2844313887218107 0.48057749809603756 -0.2945983255659387 0.7754713921269312
3135.348523037 70.58684830423391 15.421048164567118 -3.9411622297856157 0.2893166888235703 0.4835193098729489 -0.29031002588717314 0.773450075581832
3135.398523037 70.58492535609834 15.405019820185915 -3.9362532096440517 0.28287435744757006 0.4968506058282823 -0.28654150731668115 0.7687753494821344
3135.448523037 70.57871864513805 15.390137213556882 -3.9247317322077957 0.28249606554850826 0.5108043836314009 -0.277330399419246 0.7631269253345208
3135.498523037 70.57008958038026 15.377017740108112 -3.9084534337768133 0.27233910916838044 0.5237231670364326 -0.28127450233438783 0.7565911103517171
3135.548523037 70.55917404526669 15.36263591138989 -3.887344095587015 0.2689690273073263 0.5419564131960939 -0.27654759454338407 0.7466326650349846
3135.598523037 70.5475024675016 15.345814873751193 -3.863912959508224 0.2665999356846446 0.5612802541777302 -0.2696723037729542 0.7356397210190011
3135.648523037 70.53520146085611 15.325663961566333 -3.8415927099613625 0.2590220341611678 0.5730977022337367 -0.2617150533131824 0.7321009769032549
3135.698523037 70.52362521765511 15.301724289321479 -3.818095184081653 0.24740972825652635 0.5906825856969193 -0.25698066756974514 0.7237702990685938
3135.748523037 70.51109456657713 15.271078281919637 -3.798356977080709 0.24132498216159512 0.6011627368037367 -0.23168606159797506 0.7257321721713641
3135.798523037 70.4994909817769 15.237132133869565 -3.778708957968227 0.20791821038057687 0.6168234226205208 -0.21827461447081634 0.7270867044420914
3135.848523037 70.4885349877775 15.201398903798967 -3.7606565513480095 0.19087786697078613 0.6341028399474252 -0.18914813854390172 0.7250532462906913
3135.898523037 70.47711720681522 15.162896016227453 -3.748161630727406 0.15485748886997894 0.6429195724436056 -0.16080849275125467 0.7326760608678884
3135.948523037 70.46748133425884 15.122645600117472 -3.7379728969931274 0.12363426886052545 0.651648267897133 -0.1318562251351634 0.7366702372181836
3135.998523037 70.45778925424145 15.080375396005511 -3.730981430493339 0.10543742530524777 0.6569242649928742 -0.09138093181607754 0.740933859874819
3136.048523037 70.45026577969931 15.035890002873517 -3.7253027000663272 0.07182773128653089 0.663052944657189 -0.063773506422025 0.7423843408089241
3136.098523037 70.44351201197145 14.98921855736277 -3.7210724706245655 0.04586839635974754 0.6714557662548095 -0.024882910499336275 0.7392050357942876
3136.148523037 70.43796762193045 14.94015269112574 -3.7230019614911027 0.01610197566679064 0.6660773011268539 0.007689347695418458 0.74566924922194
3136.198523037 70.43383051993237 14.88803231010222 -3.728654007856139 -0.007372434355228462 0.6520270692254615 0.04383319589030227 0.7568916693602696
3136.248523037 70.43257164036451 14.834599054488887 -3.7318256844433044 -0.0300076226846543 0.6447203869657329 0.07796086949601971 0.7598402911395236
3136.298523037 70.4340015102762 14.780036189213847 -3.7327380773319536 -0.05678708830501191 0.6417832389803826 0.10964715011988221 0.756879781230993
3136.348523037 70.43747466349377 14.726424590961884 -3.7326297120212315 -0.08299760969377812 0.6414060508672196 0.1351540087588629 0.7506284491094423
3136.398523037 70.44241157438638 14.673179692389553 -3.7339034444601875 -0.10489258536054921 0.6390622194054196 0.1592497901182385 0.7451419526588852
3136.448523037 70.44886590573306 14.620167396664202 -3.737101022917434 -0.12940828070588103 0.6299647111141959 0.18085058750317654 0.7441041759292254
3136.498523037 70.45660395997612 14.56726826527505 -3.739743367023888 -0.15352549188118197 0.6230836568237876 0.20120573814335463 0.7400763007149503
3136.548523037 70.46549360531378 14.514266081512337 -3.7429816275734473 -0.17588856816997775 0.6133816948308244 0.22247804790103287 0.7371089649676814
3136.598523037 70.47479279547443 14.461923627436434 -3.745960000474495 -0.19933852117582496 0.6030185612608312 0.24043320980911895 0.7340467562568729
3136.648523037 70.4843389856032 14.410628792780441 -3.7484951254337333 -0.21905440171459917 0.5951641523302634 0.25873859259672255 0.728593948349508
3136.698523037 70.49342854744864 14.360772654092079 -3.75191544767209 -0.23526796972336306 0.5853145252952352 0.2737015694582844 0.7260463757754956
3136.748523037 70.50229817193639 14.311365231157504 -3.756479142651969 -0.2435128329873932 0.5698746508346596 0.29157756813139524 0.7286473113030133
3136.798523037 70.51031793316804 14.262104076245276 -3.757166738272912 -0.255843382986354 0.5603304033644354 0.3039154557736342 0.7267801580873346
3136.848523037 70.51739817403488 14.212862628957737 -3.754183801580964 -0.2744103321100328 0.553837132684804 0.3093762399619453 0.7226684870933183
3136.898523037 70.52400050280445 14.163712366159702 -3.749180146322999 -0.29948558756918203 0.5495728953340501 0.30661844616921136 0.7171214290629374
3136.948523037 70.53241398240307 14.113380607446622 -3.7464786130114027 -0.30761181068017035 0.5429057305554947 0.3164219994548662 0.7144966479424912
3136.998523037 70.54222292878293 14.062502220945776 -3.743604074627441 -0.3048708293879641 0.5358440631635303 0.3295837468740614 0.7150520758358431
3137.048523037 70.55296327914414 14.012690908157557 -3.7373035027452124 -0.31008351330365314 0.538419347044038 0.3302908627841853 0.7105355497561072
3137.098523037 70.56509430486042 13.963760080449628 -3.7306539843494173 -0.31635681897633283 0.5410380919440706 0.3288795944020117 0.7064236395667006
3137.148523037 70.57942743732643 13.915031301630286 -3.7250768208240728 -0.3202768873076359 0.5391428592157851 0.33136862350795193 0.704941506912173
3137.198523037 70.59701743124077 13.866977603548854 -3.71974336564257 -0.3232212832897498 0.5383812650211898 0.3343352620335285 0.7027756029229264
3137.248523037 70.61887864252499 13.818923623501144 -3.7145509702779593 -0.3285485096659855 0.5410210915450342 0.3402163258312946 0.6954170740911775
3137.298523037 70.64408770285706 13.770791336615595 -3.709263259960683 -0.33735850936074957 0.5481878709166614 0.34735440509400756 0.6819268374272558
3137.348523037 70.67002201423279 13.722964041470375 -3.7052881898820944 -0.3453765148429267 0.5578142795913602 0.3520742941510735 0.667534256706687
3137.398523037 70.69434998083275 13.675214829624869 -3.7069997802000043 -0.34073346051517 0.5586448242550051 0.35824054662245364 0.6659432257888784
3137.448523037 70.71561824218016 13.627627908895176 -3.7137956402514316 -0.32536893417613466 0.5482339579607794 0.3534955324617329 0.6845549594746507
3137.498523037 70.73631488295328 13.581683343004737 -3.7183158601781945 -0.31337238902780423 0.5472090121627549 0.3428068539503782 0.6963070469896975
3137.548523037 70.75802349413834 13.537299130322422 -3.720669822320365 -0.30303426067003025 0.5494270440737327 0.33344799930570596 0.7036423749743834
3137.598523037 70.77946500816245 13.494534053934055 -3.7190138082400033 -0.30224404742436595 0.5562718143611025 0.3213376108250709 0.7042388403185244
3137.648523037 70.79912975922213 13.452456935326934 -3.71579180800665 -0.30156490685508053 0.5595138374588589 0.3072701553921879 0.7082287231190283
3137.698523037 70.8188146244109 13.409782612915171 -3.71210119615595 -0.3026486739490763 0.5578098267388157 0.29302591990025906 0.7151138284336873
3137.748523037 70.83960977002431 13.367390976640944 -3.7085627907673753 -0.30645668327737435 0.5578644180650596 0.28703380505676207 0.7158793104191519
3137.798523037 70.85961316257134 13.326763912033192 -3.705463414237856 -0.311232430268144 0.558881307626247 0.2845937617794753 0.7139975133651156
3137.848523037 70.8781798239643 13.287773051032698 -3.7001143322096284 -0.3244552595551155 0.5623821666672709 0.27678008912247803 0.7084122143406351
3137.898523037 70.89587561399948 13.249903357972094 -3.6913776537832517 -0.3447339832110914 0.5788697053491797 0.2629043004839022 0.6906154312172869
3137.948523037 70.91329270224723 13.212279180544304 -3.6827563414190725 -0.36671139926590135 0.6010266361423747 0.24821636450597206 0.6653407913898447
3137.998523037 70.92972251284934 13.174108526666407 -3.6773283043131424 -0.38340716991930596 0.61759565780722 0.23460863594399334 0.6453939366407424
3138.048523037 70.94599260833205 13.13291079557144 -3.676068574363665 -0.39750315935335395 0.6210089224582016 0.23043164095567803 0.63501213797681
3138.098523037 70.9606480184519 13.088746481362108 -3.6764680055426644 -0.4114101555400154 0.61540974038895 0.22714329608279368 0.6327862659678937
3138.148523037 70.97395653343816 13.04341278327174 -3.6756471898204754 -0.4237100039520787 0.6166862080622794 0.22216153006205538 0.6251497483780852
3138.198523037 70.98714197505623 12.996108949699844 -3.6744437106285175 -0.4305911461899858 0.6193105835316878 0.2222795874440963 0.6177681207007343
3138.248523037 70.99864873565176 12.947056795571994 -3.673827367381561 -0.4295046275079839 0.6190649669670523 0.2249305770258208 0.6178111176906271
3138.298523037 71.00984569249374 12.89433115918897 -3.677018528501922 -0.41217364354990377 0.6085121719078743 0.24470601882865095 0.6324118820450724
3138.348523037 71.01926066650789 12.840029890537695 -3.6810765512002077 -0.3940673110780746 0.5814818371854715 0.26821142213270205 0.659281776178182
3138.398523037 71.02717836888587 12.789951342198298 -3.682392368406628 -0.379510531373494 0.5578612926208677 0.2732737745116366 0.68562670523846
3138.448523037 71.0378108453291 12.742947016362582 -3.6803481913952747 -0.3651668847153536 0.5460007259078853 0.28157960124525655 0.6994635671555084
3138.498523037 71.05191802984972 12.698625239235705 -3.6730911132493795 -0.35915654508166434 0.5520794340486691 0.2931971570398845 0.6930009391979445
3138.548523037 71.06777322426883 12.656622132837775 -3.6626976786935512 -0.36295701267696084 0.5687362543128263 0.29891826410064426 0.6748697291817809
3138.598523037 71.08581232174797 12.614054460401519 -3.6562031090821336 -0.3645305073169677 0.5801850131190648 0.31184053925018584 0.6582236229940538
3138.648523037 71.10459551487693 12.5702233789819 -3.654827987222552 -0.36644566946232743 0.5773049248616545 0.3268783921528792 0.6523703793140325
3138.698523037 71.12278737658208 12.525574923731467 -3.655866145455004 -0.3642126238410173 0.5751687003495848 0.3403315672645648 0.6486174181258598
3138.748523037 71.14051353985305 12.480160616854802 -3.6580721526400897 -0.3607513360032712 0.5727546531052564 0.34998726650054185 0.6475488353827927
3138.798523037 71.15792296498248 12.433708099590783 -3.661502456902071 -0.3607439642925546 0.5622329344220998 0.3559897769853109 0.6534747113389743
3138.848523037 71.17482831941138 12.386902385947282 -3.6619525856807176 -0.36410935685726853 0.5545201154873431 0.35850764600717056 0.6568135850629822
3138.898523037 71.19128960146784 12.339950220956709 -3.6594802421201513 -0.36813179441114957 0.5517462861140429 0.36174551384882175 0.6551299114780518
3138.948523037 71.20377154219946 12.29305696213794 -3.6550896016216923 -0.367004701207492 0.556625341311418 0.35897650144391596 0.6531551501080224
3138.998523037 71.21092461048573 12.247162891963356 -3.6530596912071944 -0.35558259350036836 0.55619349202587 0.34095469094594333 0.6692979286906369
3139.048523037 71.21685956876905 12.202205238102195 -3.6526872916364628 -0.3358586763605825 0.55354251997258 0.3236898192397362 0.68993806172458
3139.098523037 71.22496760401363 12.157089126510261 -3.651128560832499 -0.31816610878978024 0.5501957533096826 0.325352623860312 0.7001432927656818
3139.148523037 71.2340506109202 12.112451955773246 -3.646952835853552 -0.31989177550027137 0.5452949614347574 0.3226572253108836 0.7044252777660894
3139.198523037 71.2415610413258 12.067486885109721 -3.6437042631214 -0.3204232807470287 0.5509367299410355 0.3134217655835078 0.7039633780358934
3139.248523037 71.24807557508034 12.021299595066486 -3.644776506828344 -0.3163815355508663 0.5564318348164057 0.3052806801485589 0.7050461286280194
3139.298523037 71.25282945303186 11.974614183574758 -3.6489413878167944 -0.3050735510804104 0.561788362481797 0.2946058519354743 0.7103037070272004
3139.348523037 71.2573487553564 11.927343911989885 -3.652135344497695 -0.29613621075215657 0.5691695426593005 0.2848855389440278 0.7121724553020341
3139.398523037 71.25946642258042 11.879332643437191 -3.653394848787715 -0.2865795275669422 0.581185599825955 0.27191198311585696 0.7114487658099178
3139.448523037 71.2586049645172 11.829919262964438 -3.6540792641318767 -0.28018237330522194 0.5890184830905048 0.2546554120731388 0.7139367516584884
3139.498523037 71.25435957419079 11.781242089697182 -3.653022855482568 -0.2687439836313327 0.5965559109099553 0.2316743649965435 0.7198782570850464
3139.548523037 71.25094186379056 11.733074743975735 -3.649949263888521 -0.25734646350296164 0.6040221362937211 0.21018680144755167 0.7243973806461036
3139.598523037 71.24907450992653 11.685693927259521 -3.6446828601933707 -0.24375924523551507 0.6129998160652951 0.19236293689612605 0.7265047531673993
3139.648523037 71.24883484337236 11.639423906093544 -3.6373602558083995 -0.23600098522893065 0.6271576228652441 0.17500049046863517 0.72135405966053
3139.698523037 71.24924256845007 11.59334737656814 -3.631953277214997 -0.2224324968884059 0.6412622364611745 0.16340666867856996 0.7159642372689954
3139.748523037 71.24770898683639 11.548324462444382 -3.631139626284261 -0.2081455546409965 0.6404874693865635 0.15225640885322905 0.7233734966150656
3139.798523037 71.24677783168474 11.503459247694552 -3.6289515080448393 -0.19612789212011436 0.6466340945508855 0.1437016229816716 0.7230131681022904
3139.848523037 71.24648495598173 11.458087343579583 -3.627346292501865 -0.19445252136325458 0.652270303756512 0.13511981926589123 0.7200515969112308
3139.898523037 71.24621801765676 11.411183480236984 -3.6294362739182575 -0.19476842468401023 0.6510352976318692 0.13111575781574308 0.7218219725360929
3139.948523037 71.24576455717171 11.36264983700322 -3.6344418199273814 -0.1999504606405244 0.6438967915815637 0.12804384101459804 0.7273386486766938
3139.998523037 71.24415947791739 11.313774829192473 -3.6395014783612476 -0.19648940018760613 0.6446241704503006 0.12621417008648878 0.7279571263162108
3140.048523037 71.24120135662477 11.264851053363884 -3.644501437659761 -0.1950327526018494 0.6423039498334315 0.12306638400823616 0.7309326416080049
3140.098523037 71.23676379260341 11.216876405554588 -3.646284134409255 -0.1935424700117041 0.6427168367874522 0.11851065045413114 0.7317182557109253
3140.148523037 71.2307133985783 11.16929391660994 -3.6438831031625725 -0.19310491923073414 0.648359529140045 0.11217921082233306 0.7278435517344848
3140.198523037 71.22228784917407 11.122435707985646 -3.640171456588251 -0.19154499325412724 0.6524405222339992 0.10340935245600222 0.7259052185588234
3140.248523037 71.21271320189588 11.07640764059549 -3.6367115065695073 -0.1850939534549549 0.6529093504590464 0.09067770800918416 0.7288533197754966
3140.298523037 71.203591876885 11.030220939962753 -3.634277312860092 -0.1725323297759772 0.6536533640456691 0.0883201321009019 0.7315527521098755
3140.348523037 71.19346825648562 10.98451705553287 -3.6334962076630695 -0.15823048791398955 0.6503361181436336 0.09188764752836937 0.7372806157522881
3140.398523037 71.18266746130388 10.939248455673694 -3.633269430019926 -0.15009945410288417 0.6484046266062762 0.09252646469460285 0.7405946579639299
3140.448523037 71.17052345952831 10.89434705607621 -3.6335091298437194 -0.14612982052023205 0.6512369819049019 0.08934218900954866 0.7392932044981217
3140.498523037 71.15650742836189 10.84900923861277 -3.637615028099386 -0.14270192135045304 0.6512402645070319 0.08352975864636653 0.7406382780738383
3140.548523037 71.13991489846443 10.802922657909521 -3.645656581033825 -0.1335729362962237 0.6444301858237769 0.08429839744729435 0.748172297319378
3140.598523037 71.12241144617612 10.756401363737432 -3.654018459871325 -0.13197638341525736 0.635192868174841 0.07993268755219896 0.7567846588700982
3140.648523037 71.10522703764035 10.707847907708437 -3.659580450333539 -0.13727435432993987 0.6326423922896822 0.07840979659158348 0.7581367020002083
3140.698523037 71.08749706649857 10.657709510117774 -3.6621578818296383 -0.1440019548575823 0.6353943529296306 0.08269581199681884 0.7541212475063395
3140.748523037 71.06820010292496 10.608159057002666 -3.663670205050077 -0.15009385953492588 0.635134052419105 0.08301827393970701 0.7531165480718556
3140.798523037 71.04656916680581 10.559537535288799 -3.6644517581706086 -0.14429687040442787 0.6279077209296603 0.08369728496334772 0.7602006785567689
3140.848523037 71.02447369383776 10.511887241498087 -3.659693274675463 -0.14156539647682295 0.6243081641092045 0.08086268407808826 0.7639762961444823
3140.898523037 71.00431655284345 10.466299658495412 -3.6503190707184032 -0.14276246739601248 0.6333038818336567 0.07014189786139517 0.7573804759312361
3140.948523037 70.98648080911201 10.420057856778937 -3.641580231322893 -0.13894620254273232 0.6401436503084034 0.06917553917011848 0.7524126557609928
3140.998523037 70.97055246096244 10.372168754628621 -3.6354067752525405 -0.13740029719477007 0.6418481610951579 0.07669102020406808 0.7505135467462346
3141.048523037 70.95512740376653 10.323952418696482 -3.6302245245369313 -0.13517317047213234 0.6464089890427714 0.08640361075806646 0.745934346251185
3141.098523037 70.93964584261498 10.275245128112001 -3.627200694915737 -0.1412103276378845 0.6487901477274503 0.09102002799236814 0.7421902330834482
3141.148523037 70.92415786976582 10.225480396754758 -3.6262817228196003 -0.149993310965366 0.6508200730804744 0.09446930089632943 0.7382484611086786
3141.198523037 70.90838815593983 10.174331157902026 -3.6289872702561388 -0.1575529784357567 0.6486411571724938 0.09707010200294297 0.7382540914245506
3141.248523037 70.89259663034555 10.12154801677636 -3.6345223072827584 -0.15966804027703765 0.6401200747973883 0.10240048788788977 0.7444907970121583
3141.298523037 70.87815508516356 10.068758329111269 -3.6392264804169683 -0.1623814834830536 0.6341845323124823 0.10353450733703806 0.7488142884506932
3141.348523037 70.86500339080847 10.016334166505409 -3.641187240054024 -0.16103947944602662 0.6333674182493482 0.10884636029023087 0.7490423682352538
3141.398523037 70.85095262756208 9.963717736920124 -3.640882746440579 -0.16120832625532908 0.6316498707389898 0.12100039517247763 0.7485914912083073
3141.448523037 70.83525351309139 9.911281994487558 -3.6394671540650245 -0.16554588152616753 0.624145745914028 0.12336283247322427 0.7535371659920491
3141.498523037 70.81968807197985 9.859911872225698 -3.635609952176175 -0.16206174628164496 0.6252385872166385 0.12134483602402749 0.7537162133175772
3141.548523037 70.80438774773988 9.808654888167743 -3.6305645608432044 -0.1574131895793422 0.6248490590280441 0.13066376989342593 0.7534664693371987
3141.598523037 70.78820307942604 9.75821412259185 -3.6250600901748697 -0.16782718826255363 0.6185052333746914 0.13280136345433255 0.7560748038604873
3141.648523037 70.77124024839544 9.70951442047506 -3.619127688692653 -0.17642971586883913 0.6225224518714345 0.12320848249493355 0.7524347294720747
3141.698523037 70.75447710920969 9.65993262179441 -3.6169429724826787 -0.18052623713226576 0.6298964792875054 0.11228868198249556 0.7470153646255907
3141.748523037 70.73846089216141 9.607596865047993 -3.6211990293288108 -0.1829160545884661 0.6281007081671369 0.11057910000326154 0.7482001603957321
3141.798523037 70.72303327623624 9.553516512262487 -3.628527314783715 -0.18432206030551115 0.62077465008872 0.11568109499104373 0.753181316917535
3141.848523037 70.70869105988577 9.497321364330332 -3.634193635142379 -0.19336130669393328 0.6167738057110344 0.1196439891996059 0.7535826388066186
3141.898523037 70.69553198728636 9.43864369342372 -3.6374954877792796 -0.20696368726614026 0.619539993332156 0.12710399723112062 0.7464454452289643
3141.948523037 70.68267909644794 9.37768979419726 -3.640210463734822 -0.21668090725678862 0.6204612534765911 0.14266369727128983 0.7400839728338389
3141.998523037 70.66901436692268 9.315101651566518 -3.642642359228084 -0.22789158202723053 0.6114183142590827 0.16184164725614605 0.740297476048058
3142.048523037 70.6551450328376 9.252607175515783 -3.6426623102723736 -0.23298030868325964 0.5946594623684143 0.17901260570919414 0.7483680822822192
3142.098523037 70.64238241556727 9.191575573175491 -3.6345497026267575 -0.24554525518987746 0.5964875493312504 0.18678900613656754 0.7409588371381034
3142.148523037 70.63228644375741 9.130886305401964 -3.625030606662306 -0.26126113503869597 0.6037273963003768 0.19541677279349656 0.7273706999774152
3142.198523037 70.62589280434476 9.068473158973667 -3.620786489533779 -0.280833959354598 0.594449402410141 0.21738570702864365 0.7214607748360982
3142.248523037 70.62327493217245 9.005657258672628 -3.621960147252156 -0.2976201623569 0.5746212185829662 0.24932303308592962 0.7204656267204648
3142.298523037 70.62422290032224 8.943924596972938 -3.622915308662142 -0.30927669264687224 0.5640823973622195 0.27602224309013973 0.7141223268397308
3142.348523037 70.62684524989673 8.883410786572163 -3.623355948774335 -0.32995923782705794 0.5648407315203134 0.29514139868419015 0.696400318904956
3142.398523037 70.63011333936679 8.822599614686684 -3.6279941265737023 -0.3432018401631603 0.5628132321813489 0.3141566348393513 0.6831979005944165
3142.448523037 70.63315381170621 8.761958913463742 -3.6362030531282663 -0.35422424533356567 0.550194322724968 0.3335808873935354 0.6786274256356142
3142.498523037 70.6352360442146 8.703072328811254 -3.641578968504382 -0.3671984917290091 0.544283716507518 0.34775115235679005 0.6693202818167319
3142.548523037 70.63535099658122 8.646630964972978 -3.64541298720179 -0.3722108398616794 0.543559794722943 0.36609774658584 0.6572475029963869
3142.598523037 70.63281136693921 8.591486132819092 -3.6463443625549576 -0.3817387735497549 0.5388959541907258 0.3819689695987764 0.6465031829691523
3142.648523037 70.62876841277912 8.535392676784566 -3.6456324648340246 -0.3894592803429535 0.5272444120355768 0.3990201800858941 0.6411846027597891
3142.698523037 70.62229136495597 8.480932585346055 -3.6412788990793588 -0.3942448018325882 0.522957079446648 0.41241798758594417 0.6332442915654082
3142.748523037 70.61293819028921 8.430256352535158 -3.635178528269019 -0.40308189649329157 0.5162562699444991 0.4166591277700805 0.6303963988699803
3142.798523037 70.6032680788548 8.380718808276969 -3.630884320578528 -0.4109895227669372 0.5109081170074722 0.4261326880593165 0.6232747711234793
3142.848523037 70.59231888737294 8.331141115273683 -3.630176941696946 -0.420481943109073 0.5015737527882341 0.43290277944336736 0.6198498927832067
3142.898523037 70.58089335661909 8.280511699841608 -3.633393243716125 -0.4295645795899791 0.4936257635497397 0.4377823317350417 0.6165667097259232
3142.948523037 70.56855783827424 8.228571235300887 -3.641726234747532 -0.4274699052151052 0.4861350605738066 0.44840755645514463 0.6163382564227349
3142.998523037 70.55512758957839 8.175896683745435 -3.6489171131493405 -0.4325367979676356 0.4763949501949368 0.4531925150259473 0.6169086757025916
3143.048523037 70.53958048363089 8.121569934147482 -3.654184364680533 -0.43863135395813563 0.4689755926260364 0.45578140004450113 0.61638279033356
3143.098523037 70.52202297529864 8.065925161663635 -3.6554107266627747 -0.44496009227302014 0.47218215605322633 0.4514483098279961 0.6125756698912859
3143.148523037 70.50331228468755 8.010159883344748 -3.6521111940699855 -0.45750723371660024 0.4798915195543365 0.4367926259947 0.6079502137786186
3143.198523037 70.48508805391782 7.95408649886219 -3.6490648109469572 -0.46635819122397526 0.48207530177084423 0.42866280073909135 0.6052781543748044
3143.248523037 70.46619573530194 7.8978140248403905 -3.642046298365854 -0.47002763136954845 0.4817384145209292 0.42243054947362413 0.6070869431929874
3143.298523037 70.44524384464223 7.844579117449241 -3.628381772232586 -0.4843004793979506 0.49398686959732596 0.3991224737596278 0.6017734368184965
3143.348523037 70.42512690260423 7.792606421917803 -3.6165686027034356 -0.4926332241337463 0.502601743678647 0.38197916848301483 0.5989957500481937
3143.398523037 70.40569620274651 7.741452244217876 -3.608710753124817 -0.49978735993498963 0.5024327118352584 0.36830141375265696 0.601770748337667
3143.448523037 70.38720805885627 7.691481173174259 -3.6020316072749545 -0.5095417283900677 0.4998858606442541 0.35272572533173036 0.6050338139694512
3143.498523037 70.37027520597537 7.642681910203975 -3.596212650764299 -0.5245041738931792 0.5021312440904585 0.3397091909181277 0.597793652427452
3143.548523037 70.35444430219191 7.593485309817916 -3.592530333265545 -0.5346818265911781 0.5146614564775998 0.3324705835768673 0.5819813060447342
3143.598523037 70.33734836167055 7.543637069718671 -3.5906279968582595 -0.5454679557603553 0.5254443020379475 0.3212839910157418 0.5684624805661938
3143.648523037 70.31940735309398 7.49219703456135 -3.5907399146476955 -0.5523816204864882 0.5316551256640887 0.31119890225258695 0.5615804625702432
3143.698523037 70.30043832979769 7.439633753567162 -3.5919907362387797 -0.5504313273623469 0.5387372296021657 0.3056964196997991 0.5597653528769287
3143.748523037 70.28025063098235 7.387801088919808 -3.5907943388542494 -0.5500706059173148 0.5424530863568413 0.2995551306012883 0.5598514993622331
3143.798523037 70.2577222377875 7.335844032477712 -3.5881662132382566 -0.5426851048538784 0.54817226061184 0.2966107045943775 0.5630471912597264
3143.848523037 70.23392325266396 7.284858947491179 -3.5829387213253177 -0.5385344989297031 0.5535817156336035 0.2847888378948054 0.5678232078642226
3143.898523037 70.2119596317703 7.233843836644545 -3.580810171843293 -0.5250353022359754 0.561660064808413 0.29058333301577965 0.5695939163815112
3143.948523037 70.18778125939303 7.1842458609814175 -3.5794600428036514 -0.5123096071328848 0.5593944739193265 0.2986519443538953 0.5791577549524026
3143.998523037 70.15866296848998 7.137389170933097 -3.576487650281005 -0.5086927985984628 0.5588922814432215 0.2844051464419888 0.5899023368953251
3144.048523037 70.12860784139025 7.088400074468298 -3.579051837080069 -0.48700382133349185 0.571712916250883 0.2751228162576778 0.6002325010968094
3144.098523037 70.09721615685548 7.0383553072717255 -3.586660955766537 -0.4680601955600892 0.5775467073587626 0.2652409344622923 0.6140087139747066
3144.148523037 70.0652545484363 6.987550426929615 -3.5967996638764657 -0.4502783162929967 0.5767764949478459 0.2583210476875889 0.6307523674736452
3144.198523037 70.03334287984968 6.93719303178508 -3.605576905775369 -0.43694596008208486 0.5788335743151689 0.24885890003582264 0.6419495066486395
3144.248523037 70.00196876969838 6.886358556838918 -3.6118310462530974 -0.42945559592521665 0.5848139528509267 0.23944233671219642 0.6451572669273705
3144.298523037 69.9734497701393 6.832756774527998 -3.617386766788813 -0.4157035041754534 0.5979814073279132 0.2494768703786077 0.6382555320970377
3144.348523037 69.9461193568256 6.775981077854726 -3.6240643130365426 -0.4043051899861361 0.594846770074279 0.27581119217832584 0.6376698360057838
3144.398523037 69.91853475274264 6.718949599996363 -3.6302408247600946 -0.3902878401119291 0.5783089854255969 0.29753380304359267 0.6516960605091906
3144.448523037 69.89201437845324 6.663728554596522 -3.6326746874901623 -0.3734701269085223 0.5684611930373485 0.3201762542610046 0.6594384751626791
3144.498523037 69.86619638072821 6.611786620801321 -3.6304875948253272 -0.3641112373529583 0.569269661403568 0.3309858535752377 0.6586375514437633
3144.548523037 69.84111459511752 6.561170875158528 -3.627845224776148 -0.35982722703045406 0.5677673081519862 0.33842924051478684 0.6585061120794601
3144.598523037 69.81607246814595 6.511176120815629 -3.6265291554362404 -0.35760124723984715 0.5628396793183497 0.34339636327439993 0.6613711371440695
3144.648523037 69.79149587567609 6.460630110877237 -3.627171498186888 -0.35747342444179386 0.5572442240833845 0.3493038304544259 0.6630825435595704
3144.698523037 69.76645392372284 6.408430904711181 -3.6314415195324012 -0.35769604186215953 0.5480573735379811 0.35789555879079366 0.6660310998328981
3144.748523037 69.73912062117998 6.354945571562119 -3.63951576321121 -0.34546689016131826 0.5363771715766259 0.37156102117859224 0.6744587201263309
3144.798523037 69.70778753853719 6.302161937418025 -3.6463224056859507 -0.3280649404543913 0.5338482387328649 0.37158808382981745 0.6850560187328912
3144.848523037 69.67300562202671 6.251797182544748 -3.651602693712452 -0.30633896101693947 0.5351564299439233 0.35700866247304075 0.7016472414054995
3144.898523037 69.63723453466557 6.203715016130895 -3.65260403878291 -0.28777918182322354 0.5390692604342555 0.33349211741293294 0.7178930857637923
3144.948523037 69.60079403721383 6.156649872413792 -3.649052351906715 -0.27479888473218883 0.5460492541244989 0.314088948085905 0.7264047891570603
3144.998523037 69.56225431097052 6.110865127768603 -3.6427502088868517 -0.26449903998490704 0.5532757225828845 0.29004207699831824 0.7347120702819244
3145.048523037 69.52111781462231 6.0688069607186765 -3.636858859119211 -0.24648909472675667 0.5620538419873028 0.2611659738411311 0.7450710966046863
3145.098523037 69.47764018706151 6.031196767916625 -3.632145968606976 -0.21389837926099403 0.5643226543431994 0.23860247313717864 0.7608260543365928
3145.148523037 69.43237118923275 5.997125503203987 -3.624220955161489 -0.19548556741915152 0.5695434692159355 0.2010304283734612 0.7726528304952178
3145.198523037 69.38605675853647 5.964649856382008 -3.616912135627121 -0.17937011106240291 0.582971671909557 0.1598551787971697 0.7761550842583987
3145.248523037 69.33860764219803 5.933002297750931 -3.6155836959616106 -0.1571695410075819 0.5927536952881974 0.12042315789429292 0.7806657768497471
3145.298523037 69.29036618620628 5.89993339503862 -3.6186541012340543 -0.13160715967192893 0.5967158575121542 0.09175777702369142 0.7862507559756572
3145.348523037 69.24258614764015 5.863796930236947 -3.624963944575471 -0.11567700512075789 0.5894616886949974 0.0713980261553484 0.7962763778414217
3145.398523037 69.19558159792065 5.824295494898599 -3.628749134924693 -0.11340826011955321 0.5861848982736336 0.05713185566355505 0.8001635974230673
3145.448523037 69.14854571431547 5.7838374881317245 -3.629195257131126 -0.1086140733651952 0.5917209614797923 0.047183134667058924 0.7973976665475266
3145.498523037 69.10100371275944 5.743610853171975 -3.627714201371389 -0.09656389506776589 0.5981062213667533 0.04081764413131095 0.7945302272785446
3145.548523037 69.0536027984866 5.703415425147461 -3.623807509073769 -0.09060915702913691 0.5976021284967806 0.027853552330185383 0.796169489682427
3145.598523037 69.00782004901926 5.661995111239727 -3.6146228034003403 -0.08848133251515167 0.6129080851372003 0.022520103510763834 0.7848615023732902
3145.648523037 68.96271124329762 5.623398084690716 -3.609506795072643 -0.06890784286651443 0.6153094475438389 0.020144422729505725 0.7850096784038235
3145.698523037 68.91934473998215 5.584862214795576 -3.6039928638333034 -0.057718251898240064 0.6109290323930586 0.015241925754296393 0.7894314438102863
3145.748523037 68.87695874695008 5.545795035033979 -3.596533560683598 -0.05385103136648308 0.6176955813127456 0.011010284563165884 0.7844941101635585
3145.798523037 68.83370060950365 5.505288200013532 -3.5929076351070215 -0.05146705046825847 0.6198968171190876 0.007739914965296189 0.7829554090483393
3145.848523037 68.78892410381602 5.4641246121803295 -3.590383956677148 -0.051019836780059794 0.6300222770508993 0.0025303936881614364 0.7748951566388314
3145.898523037 68.74191097140687 5.423075918835461 -3.591110200355872 -0.04749388473970016 0.63871863710513 -0.004757330480303301 0.7679584632866537
3145.948523037 68.69338529063077 5.382463116322741 -3.595539697925867 -0.042034039205808185 0.6423376443574482 -0.014895786786473797 0.7651232617855642
3145.998523037 68.6447573642493 5.343721410740605 -3.6011176491219525 -0.029270508242306904 0.6420334191583991 -0.024737099323117684 0.7657182262086302
3146.048523037 68.59665861493248 5.306829263083366 -3.605480030338359 -0.010804868711945262 0.6386981920596454 -0.034273371345486026 0.7686177270194023
3146.098523037 68.54797158830627 5.271785856979695 -3.6042048394959503 0.0038993789823734623 0.6401641858489607 -0.04179801422547258 0.7670903049880742
3146.148523037 68.4972178119942 5.240339772616969 -3.6010687107021053 0.016062800458001177 0.6382795427347459 -0.06080839754277394 0.7672310933193792
3146.198523037 68.44630950789717 5.211992500212955 -3.5998762527031167 0.035766063911703276 0.6222345764626719 -0.07543859029661854 0.7783661989196617
3146.248523037 68.39566590104448 5.186442927483227 -3.594180773448428 0.05071681656718149 0.618533236536999 -0.08899531376282281 0.7790534474248941
3146.298523037 68.34409918283053 5.164395444085889 -3.5894765284770997 0.069222803149085 0.6139545878490317 -0.10885823343924544 0.7787283561010191
3146.348523037 68.2911790509323 5.143318244674408 -3.586821212084062 0.08411951651898482 0.6127646428974417 -0.1345895695117774 0.7741634498825279
3146.398523037 68.23653756096748 5.123522352355868 -3.5881998256329526 0.10927737628240715 0.6110912774721113 -0.16032863254617263 0.7674116465210901
3146.448523037 68.18027866699401 5.104434771222034 -3.5952615371372514 0.13482418912969157 0.5971757417018265 -0.19206588571796557 0.7670164711997831
3146.498523037 68.12342137881589 5.085144245206761 -3.605316351777005 0.15639210003765763 0.5735840909150376 -0.22861620110023612 0.7708939189599808
3146.548523037 68.06557784914742 5.064720385945308 -3.6096386365891746 0.18382705910464103 0.5698378245550533 -0.25577532896691496 0.7589937069167108
3146.598523037 68.00723568688946 5.042628017334767 -3.606877913942822 0.21003079522586993 0.5840687679585698 -0.2764130745770075 0.7337210311521899
3146.648523037 67.94913688632634 5.017919712044663 -3.6019807956260324 0.2384676373518054 0.5931288522036754 -0.28807037526934137 0.7129844384778531
3146.698523037 67.89189858664854 4.991737530496773 -3.594882732439354 0.26003208089135155 0.5965365790380809 -0.2986195814845742 0.6981072785258975
3146.748523037 67.83832154280577 4.9664421823823615 -3.586903584509959 0.2832758316058699 0.596238445653064 -0.31288681295545007 0.6829028931200998
3146.798523037 67.78644039521399 4.939059386664108 -3.583153814228877 0.3016451106804369 0.5863884076500014 -0.3232527311949467 0.6787241960850449
3146.848523037 67.7345731404343 4.909886305251341 -3.58378683049824 0.3050893304868673 0.5707517299239451 -0.3334746180117211 0.6855345668555568
3146.898523037 67.68411423785051 4.880254590106771 -3.583063478191758 0.31160458144781406 0.5654570044263685 -0.34379510386299617 0.6818840719108507
3146.948523037 67.63331726211331 4.850415497246854 -3.5820828006210217 0.3236358182644396 0.5673597887876703 -0.34909102806991843 0.6719361437846636
3146.998523037 67.58243753267953 4.822040668538778 -3.584972200963647 0.33130310390196754 0.5604504349166154 -0.36275877912729837 0.6667380531458893
3147.048523037 67.53184614783149 4.793995830577025 -3.5866756551644254 0.34613994128537584 0.5560845295155908 -0.37589798888987325 0.6554829052148725
3147.098523037 67.48202819989743 4.7650619477337495 -3.586850165543162 0.35758831074032044 0.5544768722149646 -0.38869782005363185 0.6431174098764149
3147.148523037 67.43275303154336 4.734539437946901 -3.583772390630448 0.36853494695022837 0.5545957783326605 -0.3938755395673046 0.6336146895886707
3147.198523037 67.3842200031071 4.705874887758785 -3.5770027652181455 0.3734128165021976 0.5550022710105486 -0.40147142441008754 0.6255845610524329
3147.248523037 67.3375886376985 4.67929150199019 -3.5682044166855693 0.381827546751529 0.5522495064828007 -0.412179426420629 0.615902855624792
3147.298523037 67.28864142947758 4.6489788960659295 -3.5605230656054943 0.38177716203520407 0.5487138931242205 -0.41051436393736274 0.6201912761736573
3147.348523037 67.23984552512866 4.61954444968912 -3.553839143666724 0.3769433663961971 0.541571078490828 -0.40467348338546794 0.6331301898637083
3147.398523037 67.19232280788174 4.592498119923512 -3.546673412282027 0.37053014303784604 0.5383905677966165 -0.4073721603954885 0.637880029898023
3147.448523037 67.14143053250515 4.56312156118568 -3.539096874347211 0.3623537728613069 0.5518760767452756 -0.40192145745442176 0.634501127853318
3147.498523037 67.08634466764204 4.531405533553437 -3.537326968757296 0.34709929500325526 0.5661209955603573 -0.3914143891267418 0.6370430705835616
3147.548523037 67.02836992003355 4.498032718552134 -3.5428462089975414 0.3204317653727438 0.572066493127709 -0.3836844055498159 0.650268935224924
3147.598523037 66.96779746248025 4.463478069777482 -3.5506503287430027 0.3000115183809435 0.5725918329832086 -0.36853931739604384 0.6680647073247833
3147.648523037 66.90619432666094 4.427602928481515 -3.5570532738998133 0.28351544782050264 0.5730693469377434 -0.3561822807624057 0.6814284242078394
3147.698523037 66.84459686525416 4.389832422663756 -3.5586664934194734 0.26558306717816743 0.5874894216956469 -0.34275594318573804 0.6832570359936343
3147.748523037 66.78386349217024 4.350201010075315 -3.559251043519957 0.25344346608148755 0.5972295631850698 -0.32338381029089697 0.6888440822131768
3147.798523037 66.72191736439454 4.3087100024837435 -3.5604593070923958 0.23643443458790508 0.5874079834359064 -0.30160001712932505 0.7128029522977937
3147.848523037 66.66107848072036 4.264801677792297 -3.5564324953936985 0.20474725725125892 0.5877667735337341 -0.28526246114030546 0.7288580855296912
3147.898523037 66.60289247578966 4.218461856947337 -3.547918645549252 0.18046097409030637 0.5968922809148709 -0.2588644406928967 0.7376602491387036
3147.948523037 66.54766240515181 4.169204493927166 -3.537728460850044 0.16021818059761397 0.6102885046377321 -0.22931270781416438 0.7411435473293733
3147.998523037 66.49492164549096 4.117580809560724 -3.5305969251097227 0.13955517883715124 0.6173089342226845 -0.19916612777979262 0.7481890705789463
3148.048523037 66.44421567307269 4.064235866956553 -3.5263689294792 0.11612335889384215 0.6211915307876986 -0.1736721344709232 0.7552975819537364
3148.098523037 66.39448699122144 4.009151994683018 -3.5242816378044246 0.08909617132588404 0.6283836764537993 -0.1474080223078133 0.7585952164236043
3148.148523037 66.34555667437151 3.9524383090979747 -3.523028887984083 0.06470291159403421 0.6426800828879552 -0.11648808960911095 0.75445766565766
3148.198523037 66.2975069588043 3.894500302471802 -3.5223738369624544 0.04645970067682262 0.6599483654323943 -0.07731078993657681 0.7458771299185367
3148.248523037 66.25108285240955 3.8387009870963 -3.521702816222987 0.03224768886546068 0.6715534162769955 -0.04471139381653654 0.738902555762609
3148.298523037 66.20590592171207 3.788174052372014 -3.521132921619572 0.018054252760531603 0.6734311009596142 -0.033181599021950114 0.7382842120104746
3148.348523037 66.16074470546445 3.7417235735671595 -3.5204757872987216 0.010024703298652154 0.6640878898269769 -0.030319530284596774 0.7469722257167589
3148.398523037 66.11508999071755 3.6967600451558082 -3.517675826968524 0.002265923668131289 0.6531163252742369 -0.030668808178705202 0.7566329066694794
3148.448523037 66.07008002970416 3.651879498497921 -3.5132702820069066 -0.0025124301675266483 0.6456421137591289 -0.03619236731173431 0.7627778583464979
3148.498523037 66.02679142616283 3.609762332299691 -3.5086672284829556 0.0005046360436860921 0.6392724410645833 -0.0338793792618619 0.7682334795481275
3148.548523037 65.98461704868977 3.570200415864231 -3.504216662646644 0.002155687535900091 0.630302036162373 -0.03981939427538305 0.7753251653727975
3148.598523037 65.94204371466144 3.5309295106326792 -3.500150331187762 -0.004139973802064961 0.6262954145280898 -0.05148743822702245 0.7778727132782234
3148.648523037 65.89777049234648 3.491459332884579 -3.49845583291942 -0.005183423347326639 0.6271442287215512 -0.06358675273266412 0.7762860126142737
3148.698523037 65.85253947759043 3.4524538079156173 -3.4989377592942863 0.0022061631397311053 0.6241321879181506 -0.08131246035954347 0.7770729879740905
3148.748523037 65.80659980523662 3.4155051108397365 -3.4968083127716607 0.004448412723766011 0.6307791062259245 -0.10269327083196 0.7691241921165247
3148.798523037 65.75860732581184 3.37745381602999 -3.4940883246583736 0.001723177091716627 0.6377463690654055 -0.11777746898335596 0.7611866178569333
3148.848523037 65.70762942420919 3.3369878268841915 -3.4913840838131915 -0.004203081076768241 0.6449564485871455 -0.11639528318161321 0.7552917658682575
3148.898523037 65.65507551033603 3.296615002392125 -3.487956493021088 -0.010795364012953486 0.648338678087107 -0.11254026414253868 0.7529110887474151
3148.948523037 65.60096001062253 3.257857259515169 -3.4848854618774645 -0.024222923838966376 0.6435761206218782 -0.11284154350015088 0.7566305657231202
3148.998523037 65.5461073091451 3.220024283669879 -3.4811282204647567 -0.019100893098431153 0.6294354494272588 -0.11573351366445428 0.7681483741452733
3149.048523037 65.49291598625852 3.183698741043114 -3.471450933234771 -0.0036320927825094496 0.6302223515063338 -0.1192039451096128 0.7672007657935118
3149.098523037 65.44198743441359 3.1474516694863577 -3.4585593215599264 0.015959609707968926 0.6368531308681642 -0.11905004803532832 0.761571051592806
3149.148523037 65.39306126442608 3.110841029630672 -3.4452404491869313 0.024571202953761972 0.6416418423421697 -0.12706860393835853 0.7560063306840147
3149.198523037 65.34539457575492 3.073176805325345 -3.435050808264795 0.028604286459440433 0.6451029206138494 -0.1377448726994913 0.7510328665621957
3149.248523037 65.29730076388971 3.0337765578813447 -3.427321040418306 0.04915288008781922 0.6520681186655239 -0.13951632517555224 0.7435901814901715
3149.298523037 65.24781004664418 2.9928147966568375 -3.423151342322714 0.0747469354581948 0.6622786300356301 -0.13214014319161582 0.733715813101392
3149.348523037 65.19653908515433 2.9504047426857487 -3.4253766866932347 0.09187433029444697 0.6621894598887917 -0.12301578888283926 0.7334380289640495
3149.398523037 65.14507237314236 2.908879190997397 -3.431870993961063 0.09577675200351304 0.6535467702855624 -0.12299121111937994 0.7406595674210629
3149.448523037 65.0951281323321 2.870673299274262 -3.4358786352676214 0.0976169431628601 0.6447353310008548 -0.13137039559649405 0.7466787157322606
3149.498523037 65.04766011223371 2.8376325500889727 -3.4340371210580183 0.11572959634847577 0.6443387422136748 -0.15162164725401261 0.7405708081578009
3149.548523037 65.00190063784477 2.8090110554442362 -3.43146785739499 0.14513196948554663 0.6323098725448573 -0.18219216186889228 0.7388686978544242
3149.598523037 64.95687694885319 2.7803987023876413 -3.4244222887841222 0.16285772685335073 0.6287725006042325 -0.21891726629543284 0.7281467803992507
3149.648523037 64.91176619353747 2.751768582501372 -3.4164358807428115 0.18222825062056647 0.6210778065135674 -0.23779207590965107 0.7242307308908141
3149.698523037 64.86628015543695 2.723384952092804 -3.4077100021332893 0.19090814232650638 0.6150257755863932 -0.25101838952524214 0.7226943646369133
3149.748523037 64.82103697285898 2.697031624817825 -3.3970286692390417 0.2024985272127987 0.6220371375968009 -0.26791402614823906 0.7073091407016221
3149.798523037 64.77443108741015 2.6709591815238722 -3.3887193971226837 0.21444805368194125 0.6352846628023728 -0.28359106351852126 0.6855665818668066
3149.848523037 64.72586378085958 2.6462663562691437 -3.3874560148004336 0.22996262475517878 0.6368711158112759 -0.2991787571054623 0.6723127578425389
3149.898523037 64.6751556981239 2.62274777387894 -3.3928090268399225 0.24205105814255046 0.630030191576288 -0.3190202158275698 0.6653565546740696
3149.948523037 64.62142513846945 2.599317092778196 -3.402410468550659 0.2514976621120905 0.614497224483383 -0.3386296156920726 0.6666873858343287
3149.998523037 64.56654992362367 2.5739543652368337 -3.4085148423120235 0.2613483719200918 0.6085188169380719 -0.35135809774483556 0.6617774286541793
3150.048523037 64.51129163021864 2.5473686472801087 -3.409736312794413 0.2744000548986528 0.6097452180233519 -0.35724802322149685 0.6521420312122232
3150.098523037 64.45504447026718 2.519724671915106 -3.4097147902689597 0.28256108503293825 0.6021776392344776 -0.35841252825610737 0.6550433448406795
3150.148523037 64.39758506730001 2.4897966630498356 -3.4055426401561055 0.2726904804262734 0.5951954433069558 -0.3597521430741671 0.6648012347349159
3150.198523037 64.34020677039365 2.456829999764195 -3.3934302418384017 0.2608324709074593 0.6087244694124855 -0.3513518802279656 0.6617951334960623
3150.248523037 64.28208576719271 2.4208381360323425 -3.381807705621726 0.24566346706273062 0.6224664850067354 -0.33344118210811435 0.6640797497804173
3150.298523037 64.22363746764678 2.382290267264965 -3.374439875879822 0.23322662628990853 0.6298383583516443 -0.3040004033776137 0.6756424630561502
3150.348523037 64.1651672525536 2.341599425285011 -3.3732050773663618 0.2198066435912541 0.6290304247599003 -0.26912948728325414 0.6953956307269837
3150.398523037 64.10666884217329 2.300235381431259 -3.376020602880725 0.1999217496039688 0.6285061542687665 -0.23755600460852416 0.7131468661895729
3150.448523037 64.04924327290152 2.260074543241173 -3.380623769161225 0.1801679878080707 0.6292905376268393 -0.2187158269519035 0.7236686413430249
3150.498523037 63.99327511436721 2.2230858611619793 -3.383218619466997 0.17220452384770418 0.6376385768765772 -0.20789419781419335 0.7214864168925095
3150.548523037 63.937951251488826 2.189230410048588 -3.387203487414971 0.1668040714753837 0.6366872628279855 -0.20964372076913618 0.7230872986257714
3150.598523037 63.8834296473646 2.1557627045018033 -3.3894204447895278 0.1601604004503275 0.6352118208017956 -0.21283960900111845 0.724950956742254
3150.648523037 63.828611378520534 2.121892395980849 -3.387683240938443 0.15563698619063382 0.639353735111226 -0.2064659199727717 0.7241379383920015
3150.698523037 63.77234002015831 2.0892018097155267 -3.383916881931017 0.15083564778308844 0.639247482202495 -0.19322837703707837 0.7288854904326494
3150.748523037 63.71556254218108 2.0582106473399917 -3.3790383051740727 0.13689485994292958 0.6296191974705937 -0.1851543360173462 0.7419955089834891
3150.798523037 63.661072428817356 2.03018435955881 -3.3703317939436275 0.12076068285913061 0.6210294660329718 -0.18120634082912224 0.7529299581219481
3150.848523037 63.60922765860639 2.0049808204865025 -3.3580138603499394 0.10142638412955263 0.6188829530002534 -0.1860058812505749 0.7563718604154228
3150.898523037 63.55771018502821 1.9804340831596678 -3.3448354867686554 0.07759568394689222 0.6279421040424263 -0.19213424115924954 0.750168019298173
3150.948523037 63.505801102486174 1.9546960588163085 -3.3344575747509952 0.052275839271394293 0.6416083951456983 -0.19385484977270476 0.7402879177229862
3150.998523037 63.451891340103394 1.9264318566278429 -3.3279719365110343 0.023648479326592267 0.6564634253512661 -0.17937284362640105 0.7323400190970046
3151.048523037 63.39614695091451 1.896106661406489 -3.32792618977398 -0.005062565111179709 0.6606278463921098 -0.15286768151357383 0.7349671359690056
3151.098523037 63.33965245034357 1.864553655640774 -3.3321088005809285 -0.04857824571243541 0.6522805011155601 -0.1299106464831487 0.7451801968908369
3151.148523037 63.283979375975875 1.8325497895127807 -3.334647661563875 -0.08589962586534003 0.6432755294342211 -0.1006320823958275 0.754116059701686
3151.198523037 63.230329277585675 1.8013266364419775 -3.333344535295922 -0.10803106370745415 0.6501285566145042 -0.06289652594909352 0.749470597269908
3151.248523037 63.17869233520269 1.7699600776400515 -3.3321134043981457 -0.13992504906542785 0.6509067110888943 -0.02256543092380231 0.7458097850194106
3151.298523037 63.12829795669136 1.7381573306157994 -3.3316628664719516 -0.17077265697162505 0.6379072153996355 0.021657087788452493 0.7506277737470539
3151.348523037 63.0794936031197 1.7086858681830663 -3.326344298885777 -0.20060456775322244 0.6227681409705437 0.05341250261058317 0.7543638078231951
3151.398523037 63.03174248783678 1.6811841223790958 -3.3177723270233836 -0.22342540716305379 0.6175142241763506 0.07591632064534165 0.750329249485569
3151.448523037 62.982829078356296 1.6560413033912351 -3.312670683298898 -0.22063913903284185 0.6141380212129302 0.0910390109964967 0.7522398285814789
3151.498523037 62.935430180283014 1.6315813185976737 -3.3093093672278533 -0.2196414522847197 0.6073652036071486 0.0984860412880583 0.7570770380594783
3151.548523037 62.891808999004525 1.6064021482464652 -3.3074536794256146 -0.23194132786616703 0.5977830770383034 0.11280402738130263 0.7590348243926992
3151.598523037 62.848449722797 1.5814433519772282 -3.306502035608632 -0.2433179108068252 0.5962977345644235 0.12940789402894148 0.7539754657791808
3151.648523037 62.802572381477304 1.5582575505435392 -3.3094387649028763 -0.2497678540421551 0.5950884568368531 0.1437752054456772 0.7502095959968541
3151.698523037 62.75217925733245 1.53859471385019 -3.313721514347598 -0.24803458458417962 0.5960946561903161 0.14706817165007202 0.7493470214787055
3151.748523037 62.69871217492025 1.522055997147719 -3.3169189069190086 -0.2408025807077117 0.599735739140793 0.14179268513391408 0.7498173075918344
3151.798523037 62.64479877545458 1.508141810384894 -3.3167939104350785 -0.2280603256092357 0.6092788489755894 0.13393324663163728 0.747549100407926
3151.848523037 62.59073534791371 1.4970102073890494 -3.3148573964415706 -0.20612962339371477 0.6158740711659452 0.13052983603624607 0.7491139223972548
3151.898523037 62.5355454542702 1.490126350468414 -3.3092045349902186 -0.18734140848010553 0.6190875521764375 0.11823210776295462 0.7534288075875559
3151.948523037 62.479083900435846 1.4856044719638828 -3.3003907131095436 -0.16822991488144826 0.6268898162020184 0.09945390251966041 0.754199426779675
3151.998523037 62.422084008541155 1.4839120911640464 -3.291810673330367 -0.1386316853552383 0.6363511882422486 0.08098978730129913 0.7545058484804045
3152.048523037 62.365661374446375 1.4861386483414634 -3.284910939843839 -0.09780409403822382 0.6376097672540183 0.060794243812710744 0.7617034881178368
3152.098523037 62.30992673296242 1.491613172959648 -3.279786610993169 -0.06515823198196133 0.6305908251002229 0.028770917534929934 0.7728401195645858
3152.148523037 62.25408455016809 1.4984085148711608 -3.2777401626175378 -0.039853484560942704 0.6155135730999234 -0.012591383360042174 0.7870172794565545
3152.198523037 62.19731346871516 1.5058445562665912 -3.277406253626592 -0.013930025148153703 0.6080469435794457 -0.054038531227631914 0.7919373118788045
3152.248523037 62.13928818847884 1.5145158506880358 -3.277850948803086 0.02212962715505132 0.6074876688205872 -0.08970721134105401 0.7889370241447148
3152.298523037 62.08076844441951 1.5246170149653233 -3.2794272124935193 0.06079410344748628 0.6101047664189926 -0.12798888907645822 0.7795480070219004
3152.348523037 62.02227138920392 1.5349757512486681 -3.282423790094746 0.09747236724847266 0.603750414561178 -0.17057387377518535 0.7725860004721233
3152.398523037 61.964359295916104 1.5445812989619168 -3.2837998121162344 0.1286155761627075 0.5994155604302729 -0.2090114645914869 0.7618879360849063
3152.448523037 61.90620290660809 1.5523824866553322 -3.282524590749294 0.15349819068612938 0.5971160794882185 -0.23816036893438042 0.7504467547679476
3152.498523037 61.846801882961756 1.5575886142818025 -3.2793274455518007 0.17147946149546403 0.5971952617992834 -0.25658362599879275 0.7403495501714192
3152.548523037 61.786453928073385 1.5605029574523577 -3.275387975160363 0.18710106936747212 0.587101586868442 -0.26306669744324973 0.7423616566299794
3152.598523037 61.72649263165967 1.562837702439868 -3.268088681278516 0.190057326841157 0.5827799515000583 -0.27222237627609913 0.7417147150341411
3152.648523037 61.669537602439675 1.566124156631944 -3.2561196376653796 0.19702135274327492 0.5893329995595948 -0.28870929605265855 0.7283653922078389
3152.698523037 61.61571465195973 1.56867635444284 -3.2436476912040533 0.20680328034173218 0.5995009457708608 -0.3061964079124944 0.7099822385392665
3152.748523037 61.56282811822719 1.5687054760961006 -3.234491252206479 0.2158653433674532 0.6037979501179211 -0.3112706489686044 0.7013848958003813
3152.798523037 61.51095792989137 1.5665915354217352 -3.2299574253681294 0.21306056671942483 0.6021235401656246 -0.31667405548176353 0.7012631316933368
3152.848523037 61.4583746821447 1.5625810144467625 -3.2264050394014565 0.2044091693804612 0.6107963962532622 -0.31891283503395074 0.6952979630689464
3152.898523037 61.40563628535765 1.559187409740852 -3.223601510834185 0.20246735326712623 0.6275536497176787 -0.31953793065495517 0.6804990069498815
3152.948523037 61.353145431437 1.5567560836110272 -3.223859677127666 0.21010679793399378 0.6354515560279528 -0.32468344472530447 0.6683091456241548
3152.998523037 61.299894927033655 1.5544720994651904 -3.229854067374779 0.20768371418368245 0.6253621894703065 -0.3400693603178316 0.6709265511341728
3153.048523037 61.24539707609659 1.551314762887997 -3.235074848408301 0.20846802348606816 0.6096429458339943 -0.3513877351771938 0.6792666791074801
3153.098523037 61.192088220882475 1.5486506046907653 -3.233932013261646 0.2121310534835383 0.6078588600623812 -0.3624278686477017 0.6739095357828905
3153.148523037 61.14036210885356 1.546371857126985 -3.2260772436651175 0.2191894615478649 0.6168668674427293 -0.377318357731631 0.6550283235986489
3153.198523037 61.08881082581647 1.5422309091806727 -3.212946317467113 0.23013542755811423 0.6363649815832453 -0.38547694460444376 0.6272836841299337
3153.248523037 61.03654168421392 1.536467818056536 -3.2004559287157326 0.23814325242022488 0.6484883464047473 -0.3875821737270387 0.6103529425774706
3153.298523037 60.983283426540766 1.531686725592403 -3.1912411065744224 0.22556528923800823 0.6564652715342976 -0.3962223389764624 0.6009837815252557
3153.348523037 60.92903256693855 1.5280170794281043 -3.182669250867582 0.2251836747941163 0.6653245415176999 -0.39796633045029206 0.590134193966431
3153.398523037 60.87465292414242 1.5252707784888682 -3.1745559454297387 0.22309706225355286 0.6825559224164957 -0.3989164216085942 0.570272568303084
3153.448523037 60.81943084910486 1.5237546959066224 -3.170509673834826 0.22425988117454487 0.6937546004643329 -0.3990393011794803 0.5560392937053503
3153.498523037 60.7623439785363 1.5228534286880118 -3.1701808750382314 0.22086365964324706 0.6999216688392805 -0.3987142415640254 0.5498689433967449
3153.548523037 60.70367476526151 1.5229329568661305 -3.17235152167897 0.21415642998284726 0.701106744640454 -0.4025990728844492 0.5481791154625004
3153.598523037 60.64376235417599 1.520922837410522 -3.1742091348400305 0.216323814223099 0.7060730539625458 -0.39618179094002326 0.545623348469922
3153.648523037 60.58326917604375 1.5173962827467098 -3.175490767353101 0.21313873844375825 0.7127876730710442 -0.3887391651649844 0.5434956050966745
3153.698523037 60.52052504246309 1.5142007653179106 -3.175795997285978 0.21407579395048493 0.7130002963526273 -0.38204116970305085 0.5475825750491518
3153.748523037 60.45429708636034 1.511984637283461 -3.173571759742067 0.2032302365480837 0.7059121090583752 -0.3826855390709347 0.560301118527667
3153.798523037 60.39043262602681 1.5090003332271418 -3.167283136174831 0.2064058171434598 0.7062484792123057 -0.3771718214107145 0.5624510124387458
3153.848523037 60.3279958103754 1.5048055475531688 -3.15981721864705 0.21050825171252885 0.7018264058653438 -0.3716716723206891 0.5700755563830208
3153.898523037 60.267675873879575 1.4989974609445782 -3.150450255636466 0.20729503150623863 0.7007700461078977 -0.3676252942028083 0.575153679857011
3153.948523037 60.209253901249845 1.4910795041561955 -3.1405592388268047 0.20732454415958498 0.7059259116865834 -0.3603497573326242 0.5734397902036493
3153.998523037 60.14965828192544 1.4805771443620956 -3.133918322338738 0.2022240850875787 0.7089753153266768 -0.34994968274558 0.577922694842657
3154.048523037 60.089889321150224 1.4697288657138532 -3.130036652149832 0.19331572304911462 0.7110584479598467 -0.3415151687562709 0.5834314906793324
3154.098523037 60.0300485154699 1.4604464374545207 -3.128273894850192 0.19218924414246114 0.7067974571018476 -0.33795347126250486 0.591006007018486
3154.148523037 59.969667461823434 1.452217960497067 -3.128308673501863 0.191871308983957 0.6961240536266304 -0.3398317203821448 0.6025870099606554
3154.198523037 59.909600156235115 1.4453331466873316 -3.1307359388817386 0.19549247099050338 0.6767361492973732 -0.3449053777157443 0.6203637307603906
3154.248523037 59.85093778267563 1.439431655520298 -3.130738921377631 0.20622337012139538 0.6561471620352535 -0.3507997204422978 0.6355174108602081
3154.298523037 59.79304849509564 1.435122951246071 -3.1251924476588555 0.21788264873933227 0.6494248979797007 -0.3475781574943318 0.6402842163408636
3154.348523037 59.73716702801491 1.4327942115315275 -3.1170648100758336 0.2268920071668009 0.6518562391637026 -0.3521989681957067 0.6321070695294064
3154.398523037 59.68241072988422 1.4310047861237192 -3.112434735740441 0.2366594629887521 0.6447697892767226 -0.3617443718427151 0.6304008461717401
3154.448523037 59.62598490852997 1.428615061441518 -3.112902129323093 0.24427206048423167 0.6179425293858819 -0.364155372524015 0.6525864352749469
3154.498523037 59.569155184694196 1.4264292313319031 -3.113588613434668 0.2437070951347359 0.5985971655158023 -0.3628298613294913 0.6712993199348993
3154.548523037 59.51272909559791 1.4255939788341148 -3.1116477865735654 0.2485532244140386 0.5911316061115501 -0.3539056114567869 0.6808344417468624
3154.598523037 59.45715519942674 1.4269780277321957 -3.1079132557233615 0.24413790455369194 0.5992625949943101 -0.3571467748660626 0.6735927605041402
3154.648523037 59.400457439177906 1.4304971192943077 -3.107369876458887 0.24140420525793552 0.6026556531823628 -0.3635023659404577 0.6681288822725852
3154.698523037 59.342173144797265 1.4351886916518206 -3.1105434495980577 0.24248692382580647 0.5918708199507506 -0.3715670755358669 0.6729241655952378
3154.748523037 59.28238852038448 1.440464549166522 -3.1132202831112603 0.24290695190540426 0.5835302771955528 -0.37915043461808207 0.6758206686991944
3154.798523037 59.2220471825299 1.4456973385463956 -3.1136656617885325 0.2412695258774513 0.577864684631411 -0.38316238433544225 0.6790051615187388
3154.848523037 59.16136037497211 1.4502827857811589 -3.109946820564254 0.2383235091578464 0.5786998413214541 -0.3849692412605383 0.6783119355580436
3154.898523037 59.0976594350309 1.453765613981306 -3.1044991689963277 0.23505467806026964 0.5768244864806001 -0.3816057916904603 0.6829347185981044
3154.948523037 59.03308997146406 1.4564871579494612 -3.0971083067236287 0.2287548127873738 0.5708671021780771 -0.37932259849335753 0.6913004799287108
3154.998523037 58.97014678513934 1.458558818328982 -3.0853462492906183 0.23078037832192763 0.5733292350987189 -0.37577118053132985 0.6905288010248354
3155.048523037 58.90851845007024 1.458886749469475 -3.075052391452574 0.22318525921837284 0.5712737191832171 -0.37867025410677146 0.6931403295819077
3155.098523037 58.84763789555505 1.4579116830383483 -3.067497438125411 0.21850191457700946 0.5664005301814221 -0.3815081796485419 0.6970644601452876
3155.148523037 58.78740003814481 1.454529135225917 -3.0624779131686424 0.2186987737397014 0.5612917828533943 -0.37947888380237865 0.7022237233347431
3155.198523037 58.72555450678464 1.4486754284499832 -3.0585430252338095 0.2166442839849776 0.5679233038216633 -0.36745135957342673 0.703923201450672
3155.248523037 58.663215514579825 1.4426173944056253 -3.0559379322299463 0.2159139171703658 0.5804304506166172 -0.354743792257684 0.7004559331062706
3155.298523037 58.60120501391768 1.4382577788342787 -3.0561024686921145 0.22087974301246174 0.5863153236764442 -0.3466720695750214 0.6980436637671795
3155.348523037 58.54063606505606 1.4368447149097971 -3.0583313187615637 0.22510824450435396 0.5823796746168535 -0.3514219004940457 0.6976122423685589
3155.398523037 58.48340627276958 1.4382535650839408 -3.05735600578968 0.2416877983402776 0.5804562961981735 -0.36488293695381485 0.6866716381628749
3155.448523037 58.42637381185212 1.4398099935661137 -3.054136967071013 0.2575709156778377 0.578615458478637 -0.3736651692588874 0.6776693263599615
3155.498523037 58.370332391694326 1.4431305039109703 -3.047744403322057 0.27395009905013445 0.5752790781303441 -0.3831118687248417 0.6687530347879423
3155.548523037 58.3170913744035 1.4493485302244664 -3.0393677961936807 0.29321345921204045 0.5671626615317157 -0.4021702135707392 0.656209952696266
3155.598523037 58.26809718876772 1.45827830597498 -3.030415018631057 0.3171889100083591 0.5505832394346605 -0.4236443672554941 0.6455809336667531
3155.648523037 58.22176712960757 1.4699913156197024 -3.0219609818999498 0.33301464892492366 0.5360626116451858 -0.4503178937805094 0.6316264042443434
3155.698523037 58.177847015656226 1.4836887655877251 -3.0152348709613612 0.3582366075619996 0.5229763381841062 -0.47246890342604325 0.6123197024409763
3155.748523037 58.135037353776035 1.4982229705249341 -3.0106921353059084 0.3820474177092575 0.5140659462220112 -0.49565632752493394 0.5866010386464143
3155.798523037 58.09228296371729 1.5126090943526815 -3.00918594533302 0.406047898720048 0.506724721951556 -0.5153767055945514 0.5592334140934885
3155.848523037 58.04758702736156 1.5264365720891957 -3.0122095261115467 0.42294491520684463 0.4964025651225938 -0.5321433498695503 0.5399310578490529
3155.898523037 58.000054341728124 1.5402781064039155 -3.0175555290025327 0.43459065598363256 0.4850107696395234 -0.5468973811941591 0.5261166881105027
3155.948523037 57.95078128091486 1.5551555949901794 -3.0220713935322063 0.4501436239853067 0.4746257210002334 -0.5585387882301125 0.510034866252123
3155.998523037 57.901828847501164 1.5709582704028051 -3.026970795145198 0.4645895733642675 0.45704135970830506 -0.5740810764692634 0.4956819963213144
3156.048523037 57.85244412002238 1.585926984441758 -3.030230187873979 0.4804552644657485 0.4335456945370951 -0.587441347648046 0.4859151496598383
3156.098523037 57.802610190181575 1.599169859469244 -3.031263623639367 0.49055965118958267 0.40592680845073936 -0.6034417953608537 0.4800340138130019
3156.148523037 57.752486058043864 1.6097590029716626 -3.025769411133904 0.4942824316519509 0.394724515509103 -0.6189352110912177 0.4656142599704271
3156.198523037 57.70220971804392 1.6168015542006513 -3.0132783070794353 0.5154940070813759 0.39790932090538883 -0.6139852324024142 0.4460451046604506
3156.248523037 57.64988531786784 1.6214550787267867 -3.003961474994299 0.5221281286483014 0.40035606165574755 -0.6113886272737674 0.43966030934122396
3156.298523037 57.59572537652868 1.6246678414439482 -2.996689851865132 0.5295921436390679 0.404117388650348 -0.603797809483607 0.4377779149854393
3156.348523037 57.53966883260239 1.6273927782923594 -2.9940919220341513 0.5304243191384305 0.40674411034499974 -0.599385130556369 0.44039384150338845
3156.398523037 57.48039527106876 1.6299222901068628 -2.9956827890674673 0.5185772465681987 0.4127433249752052 -0.5984449659649602 0.4500935566538979
3156.448523037 57.41919705125838 1.6319214655837289 -2.998083961771205 0.5117991830576332 0.42297529068318973 -0.5914390741198303 0.4575514411487393
3156.498523037 57.35687991463841 1.6337742373505677 -3.0031400541468445 0.49799412015101535 0.4300216557565629 -0.5892093772990471 0.4689515343596496
3156.548523037 57.294080878886 1.6352065317979707 -3.0057235083301643 0.4868064251891624 0.443746580589067 -0.5837941834127119 0.47465021650004946
3156.598523037 57.23231441209419 1.6352226717989915 -3.006252425496126 0.48073920313713386 0.4543236246819751 -0.5779636886261038 0.4779517101681024
3156.648523037 57.17037920620263 1.6353693033121626 -3.00383121848061 0.48164464784969074 0.4594201744973856 -0.5642891620327677 0.488394592593833
3156.698523037 57.107834243432855 1.6363359601974217 -3.0000198989169955 0.47293491765330775 0.4646690616832231 -0.5547893327359971 0.5026171734640982
3156.748523037 57.04618875414388 1.6366486053362288 -2.9946182737642992 0.46507348599807496 0.4714693798929119 -0.5498753135583522 0.5089797795434464
3156.798523037 56.98506498096296 1.6367803848394 -2.9885077476696402 0.4592049855361087 0.4745957495399941 -0.5426957260091917 0.5190096383967352
3156.848523037 56.92306718067678 1.6380394222620585 -2.9838594794668274 0.44129451008884085 0.4802878898142278 -0.5358404927262984 0.5361507853375613
3156.898523037 56.859854715438296 1.6403784010510674 -2.979960670241065 0.4211295605855233 0.48991338033308296 -0.5261619763001805 0.5529813266897393
3156.948523037 56.79511689508946 1.6434775413730038 -2.979519986005305 0.4006888848434135 0.497969053397717 -0.5156886726923702 0.5705615061305004
3156.998523037 56.728724112492536 1.6466141552723723 -2.9843150808747483 0.37735603257522954 0.5007572575933925 -0.5058567590270028 0.5924133126401904
3157.048523037 56.66120924223117 1.650053847102026 -2.991787537357927 0.3564646441142775 0.5002470673583261 -0.4920134169272029 0.616934864195155
3157.098523037 56.59547000069038 1.6538070964621923 -2.9978249598340834 0.3417655000658328 0.4991546229204942 -0.4852252443749011 0.6313457591551306
3157.148523037 56.53087156146201 1.6595828665913297 -2.9975576809039346 0.33598798198959 0.5165200565325566 -0.4793611925990918 0.6249255589173354
3157.198523037 56.46650054003063 1.6656072360163956 -2.995535201181829 0.33366508099708636 0.5343553722278503 -0.4746072503415838 0.6147193732245996
3157.248523037 56.400025359785964 1.6718187917115954 -2.992314600700848 0.3324146044682966 0.5475881648270366 -0.4639423697487407 0.6118865989948357
3157.298523037 56.33052983723875 1.6787093742289863 -2.989936806377989 0.3273313208527855 0.546696434314713 -0.454171601391316 0.6226599164760784
3157.348523037 56.26128054297621 1.684750410443318 -2.9865739056147556 0.32112472514854773 0.5426240190779262 -0.45031113864386374 0.6321850703957308
3157.398523037 56.19511610062662 1.688099584551657 -2.980766021182012 0.32258605187433037 0.5381286756449737 -0.4496673323669027 0.6357319071642952
3157.448523037 56.129271320837496 1.6878971233402407 -2.971833616858492 0.324111979996877 0.5414191102907351 -0.4475522681257792 0.6336511175165427
3157.498523037 56.06258166650436 1.6841140049365446 -2.9632247449771167 0.3239507269701451 0.5504091260999416 -0.4389062753649848 0.6320340195326906
3157.548523037 55.99393458438801 1.6775687425412467 -2.9583220339097425 0.3168910224387319 0.5548908461773354 -0.4275198718624461 0.6394552274311731
3157.598523037 55.92434560070486 1.6696568414182396 -2.956081758965242 0.3051173789806892 0.5625237639387018 -0.41380212458115123 0.6474860629699419
3157.648523037 55.85438517693257 1.6610802896899295 -2.95554134472155 0.29267189546937994 0.5733480024307154 -0.39759156796269324 0.6538625045038414
3157.698523037 55.78468144326428 1.6520506249461022 -2.956434171585377 0.27901520433990273 0.5820194918954635 -0.37935932114304705 0.6629406702434203
3157.748523037 55.7178558063236 1.6432595712723463 -2.9570572230068146 0.2660139292666655 0.5884698996447776 -0.3681103096404421 0.668905498994135
3157.798523037 55.65542549571022 1.635617668615267 -2.9568977080812746 0.2584834019738168 0.5864534997955064 -0.368639393419994 0.6733228208672147
3157.848523037 55.59553026360986 1.6302572775354927 -2.9540283643047656 0.2569940334516919 0.5810752541444187 -0.3714458159673293 0.6770034132791318
3157.898523037 55.536255549366466 1.627327723356585 -2.948371655055478 0.2543138122427422 0.5768232793976863 -0.37871898141235605 0.6776218136729732
3157.948523037 55.4785011774873 1.6247145818054016 -2.9410284620238345 0.25438061470908174 0.5695678849929213 -0.3859552238517072 0.6796480651237807
3157.998523037 55.422793729335616 1.6217832071496943 -2.932769300143532 0.24911832582175986 0.5629409747779297 -0.38492196386792393 0.6876573277351871
3158.048523037 55.36845478881178 1.6198253470840593 -2.923293886706521 0.23640311943260314 0.5647241461628436 -0.3842910225262686 0.6910286635653378
3158.098523037 55.31451560761754 1.6192828114195907 -2.9142115742359334 0.22721988605509785 0.5746870266984008 -0.3861305097140285 0.6848424447956221
3158.148523037 55.259423939606855 1.6195742675954878 -2.908397247340296 0.22536077065071233 0.585786725250247 -0.3864546636368389 0.6758100535843236
3158.198523037 55.201529594751854 1.6200245845928805 -2.9087335761226996 0.22116901896538096 0.5926101987934941 -0.3847235987884613 0.6722240473763801
3158.248523037 55.14056230706335 1.6201459097394735 -2.914491726074002 0.21767649700217173 0.5847752339940181 -0.3812474123038576 0.6821328895249937
3158.298523037 55.07644454510431 1.6197853418811985 -2.9206091192225045 0.20732457994358802 0.5785268783152074 -0.3768485642667805 0.6930428047589429
3158.348523037 55.011661069411105 1.6189536086506247 -2.9247120260255666 0.19580013413491903 0.5784727181722371 -0.3704981471204983 0.6998305114693479
3158.398523037 54.94742380940959 1.617675264872994 -2.9272559212592197 0.19035031183819853 0.5768855950650642 -0.3593398024402315 0.7084099627840809
3158.448523037 54.88294400885495 1.6165291528544494 -2.9275664736070035 0.18231121307352305 0.5715947941564123 -0.34346969494726676 0.7225445187210133
3158.498523037 54.818154906679524 1.6164416587805006 -2.9214279971215276 0.1696773246378231 0.5730736117520137 -0.33541275279584704 0.7282132423124186
3158.548523037 54.75413772450817 1.6153895058092034 -2.9105500203530954 0.16158628587305246 0.5861411535054937 -0.3303439982700495 0.7219427007678373
3158.598523037 54.68969967262854 1.6095179317581532 -2.902520547573291 0.1584730161077311 0.5936452072635581 -0.30614993133257745 0.727147777692942
3158.648523037 54.625592427769554 1.5999949300981664 -2.8988023932481406 0.1455364625012281 0.5913718323370135 -0.27871206516807007 0.7425753017241695
3158.698523037 54.562863922545105 1.588620264542457 -2.894937317617011 0.12205921526414514 0.5897951819946982 -0.2554291029873344 0.7563062637662258
3158.748523037 54.50110045611649 1.5757519230827952 -2.8903497329338874 0.10527443844557416 0.6000627638877968 -0.22106751307879544 0.7615583540783095
3158.798523037 54.44025777794496 1.5623185633362813 -2.8890497145083573 0.08676863225553624 0.6098921154300345 -0.18498942604211557 0.7656903579420273
3158.848523037 54.37993979856576 1.549386896136009 -2.8904098153786784 0.06231547542558484 0.6133448634829324 -0.15680528263404256 0.7715808209770668
3158.898523037 54.320382490046214 1.5389577160520693 -2.8905787142727184 0.044609317375774594 0.6196553174157049 -0.1327823522097129 0.7722733605034977
3158.948523037 54.26282356932533 1.5317105041786119 -2.8885724140774314 0.03280710773389527 0.6265801123126347 -0.11869178542977746 0.7695669669417433
3158.998523037 54.2070177749312 1.526179711771538 -2.884311957313481 0.02925834832517034 0.6341884156712521 -0.10608080191721031 0.7653076936411078
3159.048523037 54.153749033607504 1.5233523674853908 -2.878417374484879 0.030637929020118776 0.640418747181128 -0.09725694512363076 0.7612267941878634
3159.098523037 54.10191736679147 1.5237458247198559 -2.8713602964785414 0.026846117209554293 0.6444235634195543 -0.09850552450222252 0.7578220229994352
3159.148523037 54.05165047324968 1.528982300041821 -2.8663214971586757 0.03452478484681057 0.6399602470565272 -0.11014570930900716 0.7596886494738787
3159.198523037 54.004245249492314 1.538426935215184 -2.8620037513426064 0.05089692198420285 0.627432049059456 -0.14065433952227785 0.7641694078665661
3159.248523037 53.959071668368495 1.5499010182702992 -2.857997258695938 0.0754895113284161 0.6149028472601347 -0.17880459658470574 0.7643459546245779
3159.298523037 53.9138865870273 1.5606818249667918 -2.854200585367945 0.10307041290081836 0.6091935828814005 -0.20611166777260012 0.7588001376967288
3159.348523037 53.86835682929383 1.5702037950126932 -2.8516837507376094 0.12251835096429434 0.6095930585739722 -0.22211191119035986 0.751033857773926
3159.398523037 53.82090260054583 1.5779231455712581 -2.8497834574134946 0.12696965962071932 0.617948864212946 -0.23219908277245277 0.7403387688844617
3159.448523037 53.77129068720441 1.5843917516049129 -2.8502675670028315 0.1241145970639152 0.62250530186871 -0.23745094822111912 0.7353228971886431
3159.498523037 53.718810366876475 1.590742523113101 -2.8510222530793774 0.12235473829538257 0.6266439979937488 -0.23605939641111323 0.7325452744787179
3159.548523037 53.665234621504865 1.5986750426034693 -2.8509570794716304 0.12629249510603405 0.6320430052965244 -0.23501176314431407 0.7275584624753058
3159.598523037 53.61121963815271 1.608228770243908 -2.849141665385482 0.13674449586187062 0.6336075384070609 -0.2382414799820679 0.723245067277463
3159.648523037 53.5566240805484 1.6186375047684665 -2.8451982357692263 0.14671637287820416 0.631157724740913 -0.24613922807807737 0.7207840958501137
3159.698523037 53.50174430389128 1.6290115532683007 -2.8363388635876077 0.15741596871266028 0.6321072978894119 -0.2588143018097441 0.7132150684947256
3159.748523037 53.449210470968374 1.6389351188366983 -2.8246526933444565 0.1708259809548667 0.64179363280386 -0.2791264555908789 0.6935472867169943
3159.798523037 53.398228100674466 1.6477384428064976 -2.815812039844744 0.18897896319083532 0.6417808710779783 -0.3001693681668461 0.6799283899088381
3159.848523037 53.34754913615646 1.6551676064861895 -2.8097265478302242 0.2057071829197776 0.62942115432223 -0.31769431201823617 0.6786633108531361
3159.898523037 53.296613166078096 1.6605760636161337 -2.8030770175896245 0.21591564807321434 0.6239480756096266 -0.32960783974598074 0.6748539870506476
3159.948523037 53.24534966078877 1.6640704805418947 -2.796675861568571 0.21935204201229705 0.6254090050115079 -0.3340335916833105 0.6702013262764397
3159.998523037 53.19322429400284 1.6659091542916193 -2.791131382604703 0.22123533261508063 0.6325621609366204 -0.32854354622105325 0.6655668098623777
3160.048523037 53.14077501722724 1.6669738667214191 -2.7885343617359033 0.22202026110601839 0.6361708009481816 -0.3196824812798834 0.6661807763978946
3160.098523037 53.08951140058813 1.6691635789914185 -2.788617997733917 0.22452042774599082 0.6349342555860523 -0.31531875552244065 0.6685978993564984
3160.148523037 53.041812568308416 1.6739072348962074 -2.79039902136111 0.23320056784732057 0.6248617840836336 -0.3234912115085091 0.6712068846669131
3160.198523037 52.99752073760065 1.6796184048286444 -2.791209882981229 0.2479106955704701 0.6157305512194347 -0.33953880721481544 0.6664304717762516
3160.248523037 52.95424394700686 1.6856654918198575 -2.7907533061213847 0.26161317495306624 0.6111773976807348 -0.35211373811605323 0.6588145798971975
3160.298523037 52.91068370951924 1.6932664492626384 -2.7930854093310646 0.2716974037205836 0.589586050379945 -0.36480082595158014 0.6674497489653556
3160.348523037 52.86754300807251 1.7014785017943388 -2.7915340538399342 0.28665782088516595 0.5717896821106346 -0.3796921035918489 0.6683694783779286
3160.398523037 52.82627127458159 1.7096874212067563 -2.7871434862977686 0.3009964757700253 0.5570708774923179 -0.4025080780519472 0.6611054425179778
3160.448523037 52.78540017941263 1.717779734556107 -2.7806214699991996 0.3120027456121114 0.5488602685187445 -0.4282469975956764 0.6465378576868679
3160.498523037 52.74341397990664 1.726047267033965 -2.773802393079369 0.32645515458443003 0.5439478726665855 -0.4482662092209983 0.6297659482199621
3160.548523037 52.69926725077979 1.735205392942206 -2.7700663633017344 0.3363349902506098 0.5398678567869961 -0.46611219227261064 0.6149478805200961
3160.598523037 52.65644980521731 1.7468597739546265 -2.7695731547380564 0.35626380363688565 0.5298808864229271 -0.4880143660538906 0.5951002662970764
3160.648523037 52.613371783746196 1.7589286261122303 -2.7712019329313873 0.3819831251330854 0.5171049012588027 -0.5084936906508962 0.5728224679391655
3160.698523037 52.56616807173753 1.7708700769694043 -2.775762535984902 0.4014909947463856 0.4996508199470183 -0.520914146341445 0.5637397372947855
3160.748523037 52.51782629746594 1.783957681027076 -2.7778948879823893 0.4197510957011029 0.4913232317896237 -0.5344385965496531 0.5447805852630584
3160.798523037 52.47143613342159 1.7987153361429837 -2.781389596471174 0.43383398862717476 0.4745397199365442 -0.5573957719324868 0.5252714326385641
3160.848523037 52.42575371392241 1.8137219827555544 -2.7841592727471403 0.4548948888916616 0.44835773971748705 -0.5775907950134125 0.5083648796007088
3160.898523037 52.37914984818367 1.8266273646401323 -2.7868034061135205 0.46798807093143074 0.4171452065518596 -0.6015156183443846 0.4951323085847429
3160.948523037 52.3285265473378 1.8373900181575828 -2.7816531713454338 0.48837237515252546 0.40004876089205943 -0.6091317036737273 0.48001247866711894
3160.998523037 52.27717056268915 1.845563912794818 -2.771835851453961 0.5067846944283736 0.39488360295286173 -0.6152530323608484 0.45683686342379115
3161.048523037 52.22199087548969 1.851122791909319 -2.7618716308544866 0.5221246093583821 0.3934193341352151 -0.6121064873866652 0.44489635639114755
3161.098523037 52.165276181024964 1.8552074449560834 -2.7541912698781528 0.528351534276961 0.39636133010359 -0.6069892499448786 0.4419348398543029
3161.148523037 52.10802369955081 1.8585963396013339 -2.751222847067971 0.5247040764809365 0.3950696732493967 -0.6068219035652725 0.4476301629205984
3161.198523037 52.04712911499884 1.8609844914429325 -2.750310195344312 0.5164929817516657 0.4014816467700035 -0.6000073465314577 0.46047656967146444
3161.248523037 51.983563631817084 1.8626831513741486 -2.7503298480857183 0.5040687487599147 0.41403315278443636 -0.5892687799851365 0.47671118075184954
3161.298523037 51.918975972508136 1.8642616781627002 -2.748942385474148 0.4894406973428879 0.4386041682368065 -0.5742092784912901 0.48821910233451427
3161.348523037 51.85294873962912 1.8649585315018204 -2.748947119703328 0.47438695180861545 0.4601754469503624 -0.5523809596721061 0.5080067453976251
3161.398523037 51.786080749723865 1.86413057334708 -2.752351112606098 0.4396144667241232 0.4769927365197592 -0.5380644663223183 0.5382412842169721
3161.448523037 51.71892002971514 1.8604758081446962 -2.752189139370924 0.418399097030849 0.49410920191696867 -0.5118095926778293 0.5646673649394847
3161.498523037 51.65299491652249 1.8562726658294064 -2.7499417273879865 0.41046561021454314 0.5027961389038971 -0.47449646645413107 0.5946151098459233
3161.548523037 51.58824774881435 1.8522301025590875 -2.7470668175455586 0.3929859264312844 0.5083524291251377 -0.45042627300563015 0.6198838939799732
3161.598523037 51.527074027650286 1.8493621714417656 -2.7442536979510996 0.3706490478040615 0.5098195568209897 -0.4440427979972938 0.6368118218057254
3161.648523037 51.46907775044487 1.8472212610920538 -2.738429177711481 0.35727614976201105 0.5112195976903611 -0.4476918588372607 0.6407653823977827
3161.698523037 51.413364250372275 1.846244925941366 -2.7297409767054654 0.34313934490000286 0.5178904359359583 -0.4541190015203978 0.6386085019836307
3161.748523037 51.358737692219584 1.8458904677639016 -2.7155353484917506 0.3366025963838549 0.5374402524652929 -0.45946853327559645 0.6218885222186226
3161.798523037 51.3050131357735 1.845825694229552 -2.700233172665584 0.33240048199686173 0.5683730759420241 -0.4615576324540191 0.5944968612498276
3161.848523037 51.24817256567927 1.845783129993919 -2.69328780249946 0.33141875614345034 0.5857438684803032 -0.4543421243242452 0.5836428382826174
3161.898523037 51.187169212653195 1.8468269784376588 -2.6949097686034187 0.31783747098820303 0.5891214011931677 -0.44980119817846875 0.5912649142383098
3161.948523037 51.12378845243617 1.8484571044699654 -2.6952391063684917 0.29143379903956773 0.6009607637264901 -0.44460475905788255 0.5968576961568989
3161.998523037 51.06089745031303 1.85094405796164 -2.691237468189567 0.27834863396957665 0.6222765404843688 -0.43153933031405894 0.590819559190596
3162.048523037 50.99869624922393 1.853537783773459 -2.6868902917834765 0.2563704888732281 0.6390539642020517 -0.4301408818325723 0.5838347583424971
3162.098523037 50.93504386512604 1.8548333135929638 -2.6814092728742303 0.2382209888367046 0.6557498081730937 -0.41912560230810003 0.5810134930003656
3162.148523037 50.86908390372856 1.857249186198839 -2.672795411766324 0.21684256377852773 0.6701269916750189 -0.4064223128356054 0.5820051728222883
3162.198523037 50.80572059485549 1.8609483284376818 -2.6599622660138786 0.20459561276085247 0.6887740455105754 -0.3975648289223549 0.5706778042590636
3162.248523037 50.74261912162663 1.8643315179397963 -2.6514897125415104 0.19943767230204973 0.6891943679692907 -0.3976585239545937 0.5719295728954783
3162.298523037 50.68036556537653 1.8657230874925534 -2.64225463999516 0.18688998833979928 0.6888373091244021 -0.40249678529849575 0.5732116813542613
3162.348523037 50.61746389221339 1.8636649451484801 -2.6321914055709126 0.18755135715886856 0.6944148464871231 -0.3935862496499762 0.5724529443479162
3162.398523037 50.550694548196084 1.8581637996507976 -2.627707002930641 0.1876125281006617 0.6921809860052696 -0.37778053784511445 0.5856354558408392
3162.448523037 50.484250980943024 1.851757936493272 -2.624947618922058 0.18060997289536232 0.697942985992841 -0.3629185875142122 0.5903776120677533
3162.498523037 50.41628921413246 1.8447595220564486 -2.627758357114369 0.19259398039537232 0.6944143275504921 -0.34583865624704735 0.6009092479345791
3162.548523037 50.34786985159582 1.8364868639890595 -2.6349180006509267 0.1851716204008086 0.6859494611919561 -0.34038191304454085 0.6158936279591979
3162.598523037 50.27912348849469 1.8285368856547919 -2.6457839721872545 0.1822726312002603 0.6706412782150114 -0.3345226507338966 0.6364837468588158
3162.648523037 50.210914828096925 1.820693088589586 -2.663325578646695 0.1869075377426078 0.6279695175816115 -0.34181611658396016 0.6737073546925063
3162.698523037 50.14713665063324 1.8130554840669026 -2.676074109760748 0.19303160989663812 0.5957666652708381 -0.346640061105346 0.6983133581492332
3162.748523037 50.086320187055456 1.8073178824183596 -2.683738140451649 0.19817014784771067 0.564990861647563 -0.3486148384297404 0.7210975060166045
3162.798523037 50.02550168127217 1.8032752103413188 -2.683756355381333 0.1894579868626898 0.5495304284229559 -0.3642885959996367 0.7276096469095453
3162.848523037 49.9654249221265 1.7992394300196075 -2.6804481693203215 0.1902578720311251 0.5364178036267995 -0.3645935681031725 0.7369731421023332
3162.898523037 49.906791162799074 1.7936029160451779 -2.6788568398483443 0.19551897298481594 0.5175913072804742 -0.3516268718763515 0.7551358240774335
3162.948523037 49.84927213268118 1.7891091716671719 -2.677432963161799 0.20476975821619636 0.5043571474618571 -0.32974147064892173 0.7713389504352192
3162.998523037 49.792892727815264 1.7877811439764324 -2.679444630842336 0.20975554328343712 0.4920014595942115 -0.3225729652799759 0.7809506116839394
3163.048523037 49.736946783608246 1.788870075554306 -2.684647109796273 0.20959917852425175 0.48048856408573826 -0.32979245333578844 0.7851342954345748
3163.098523037 49.68075187994768 1.7916976169278362 -2.6931117656187626 0.20789927846085726 0.47013053565693036 -0.34068752793205764 0.7872021200237751
3163.148523037 49.623673457980566 1.795123403106552 -2.7035836359843115 0.213201633637689 0.4548235625606799 -0.34856741599995333 0.7913162116732777
3163.198523037 49.56433069723383 1.798946300557401 -2.712736207074027 0.22307024039869305 0.446001513584881 -0.34993616216609574 0.793011349311552
3163.248523037 49.50365473269836 1.8020675636933288 -2.721615098519742 0.22454798402310663 0.43601281500497824 -0.35481841565792915 0.795974195519296
3163.298523037 49.44157747085209 1.8049406714610743 -2.726082806070818 0.22438377645840046 0.42883075915515645 -0.35464060467079433 0.7999913389427488
3163.348523037 49.37759916935548 1.8091265631418685 -2.72178960338567 0.22328975165760237 0.43521527447403124 -0.3568276697241371 0.7958664245892159
3163.398523037 49.31208616893058 1.8130193690725473 -2.70972508907116 0.22565263070825992 0.4531015741158121 -0.3606755342669786 0.783385609243267
3163.448523037 49.24704277238461 1.8148761705513514 -2.689832157596381 0.2363439460367167 0.4882553671888561 -0.35718404289926403 0.7603734576385512
3163.498523037 49.18418994246616 1.8140081684520855 -2.672089488352541 0.2410665686088827 0.5128020722128658 -0.356474276988101 0.7428640751033398
3163.548523037 49.120716594349304 1.809699388335117 -2.660631415788988 0.23442639533246434 0.5193085924133626 -0.3591887195916012 0.7391524299731589
3163.598523037 49.05548880845295 1.8024990046943161 -2.6496982835316456 0.2257563701871247 0.5319630651510507 -0.35373273290201246 0.7354743451057327
3163.648523037 48.9893466635155 1.7940509180686954 -2.6369180702196395 0.21906236937515888 0.5590551657070834 -0.3447107647582372 0.7215562962650651
3163.698523037 48.922603077570045 1.7838188184189692 -2.62576859255146 0.21400896515659334 0.5839283201114014 -0.33332339763476587 0.7086066556233415
3163.748523037 48.855761297122484 1.7718744379496156 -2.613954763632442 0.19951907943531405 0.6133125685751055 -0.3208668440535076 0.6936024066828442
3163.798523037 48.79092285246552 1.759154398964504 -2.60057657926888 0.19530027856460952 0.648810160841425 -0.30023251080885593 0.6713893176353943
3163.848523037 48.729562064370626 1.7461268421730243 -2.5901702148861405 0.18890400585548606 0.6687885641979026 -0.28990142981669476 0.6580230193238643
3163.898523037 48.66849138042132 1.7324613089178609 -2.5839042735465796 0.18687484073730143 0.6724519761324219 -0.2772417265204567 0.6603204970095699
3163.948523037 48.604816941836454 1.7194322569935396 -2.580037124017192 0.1723955306776057 0.6645051548439326 -0.25854323744470575 0.6796087658056205
3163.998523037 48.542158974500744 1.707313162671922 -2.575394566761079 0.14524879808531727 0.6627289596034122 -0.25199432903413743 0.6900666423559284
3164.048523037 48.48132682867758 1.6967901948562558 -2.573227332951967 0.1481786600541455 0.6499739880221446 -0.24137892805124997 0.7052043056391366
3164.098523037 48.42176031668493 1.687954237812089 -2.571189563818945 0.13706216417239336 0.6339629533092702 -0.24155331525483845 0.7217734636803744
3164.148523037 48.36354915996147 1.6805431211485629 -2.568360536977813 0.1181324967976379 0.6261797657032223 -0.24386502821605932 0.7310769195080599
3164.198523037 48.30492787129198 1.6733259579191526 -2.565831646993411 0.09893327202267196 0.6262500668533446 -0.24263615739200783 0.7342688585110431
3164.248523037 48.24512010462273 1.6651208425255881 -2.568036856359197 0.07982149534513922 0.6262163633035106 -0.23280486215276014 0.7397861119065604
3164.298523037 48.18264771257661 1.6559056053926313 -2.5757906517038665 0.06101461681202851 0.6161214993252105 -0.2182501689319105 0.7543463252152348
3164.348523037 48.118042058522526 1.6471502418510964 -2.583780933749076 0.05202182524464273 0.608544804946745 -0.19994280779664564 0.766152611221118
3164.398523037 48.052354490047385 1.639527628536519 -2.588080098217202 0.053829314357931084 0.6140800994398554 -0.1789950786536502 0.7667912350864908
3164.448523037 47.98697324127097 1.6320011661002027 -2.590259623850819 0.05478055438482578 0.624047157387012 -0.16250455211692288 0.7623362163506071
3164.498523037 47.92125912521645 1.622035907591088 -2.59584698312668 0.034017055296151094 0.6143077798823624 -0.1470481806725404 0.7744970136068167
3164.548523037 47.85492872477193 1.6124311108900635 -2.5945944947080206 0.010302618365043195 0.6092167200155804 -0.1286280823890886 0.7824344448764944
3164.598523037 47.7879637502486 1.6034531425007823 -2.5852450127350526 -0.00028597336243033067 0.6190154575650071 -0.11562921610707327 0.7768202275284063
3164.648523037 47.7226172181249 1.5901974705341821 -2.5786576875716323 -0.014142521107737047 0.6165356198108697 -0.10009632985940226 0.7808101839434614
3164.698523037 47.66039634389113 1.5744440898137424 -2.5724519138189925 -0.018997081948515664 0.6132807607771356 -0.07499940923853786 0.7860667325055358
3164.748523037 47.59986174021999 1.5580316810251014 -2.563650263090353 -0.010801529265763962 0.6215406271910175 -0.04613834223654744 0.7819474592913391
3164.798523037 47.54043863033956 1.540996105620481 -2.555960283070247 -0.013791556567612856 0.6261154027419981 -0.02499502333060477 0.7792076387108705
3164.848523037 47.480902215536155 1.523565549605646 -2.549818772836197 -0.027004028095283326 0.631285571249376 -0.010109185512204964 0.7750142672023902
3164.898523037 47.42099020292517 1.5049964085494059 -2.5477697913432653 -0.04453447733466813 0.6322077802415074 0.008836061189325617 0.7734674698740035
3164.948523037 47.36121475055109 1.4853539155329227 -2.547556471776116 -0.0658762975404508 0.6318590761151442 0.027769340862961844 0.7717792981554474
3164.998523037 47.30285082987136 1.466032276040666 -2.5469301792703622 -0.08394073143154647 0.6350138490949867 0.04869373920452584 0.7663812920645885
3165.048523037 47.246018497479426 1.4484695414491715 -2.5463798755354725 -0.10181576491236302 0.6334477289521833 0.062099718080459054 0.764539828730302
3165.098523037 47.18930586662575 1.4337346895821543 -2.543875948836063 -0.10778080475746699 0.6307890297581497 0.07034471256616358 0.7652059327243802
3165.148523037 47.130830937704324 1.42307203951255 -2.5373063785330308 -0.1095780400159728 0.6319902506277357 0.07280356397445298 0.7637281043214055
3165.198523037 47.07000104168407 1.4161717725996743 -2.528998320953637 -0.11428988958317311 0.6334733970320658 0.05658887039400917 0.763182138246992
3165.248523037 47.00950779074182 1.4117550468511637 -2.5228931974272126 -0.10655133964250796 0.6259047043421029 0.03408769737441636 0.7718342710650533
3165.298523037 46.95103389205683 1.4091421873375283 -2.5147513740923113 -0.08875248270869732 0.6253824489756447 0.007664640663393341 0.7752167713677051
3165.348523037 46.89386888098471 1.4065782840534862 -2.5053409453194604 -0.07558422275846116 0.6346509118256772 -0.017842613173763233 0.7688867839571489
3165.398523037 46.837144959874344 1.40265400783416 -2.4993767974218546 -0.07826924185201732 0.6461928149763264 -0.03414828460376878 0.7583816099507565
3165.448523037 46.77962685285779 1.3977082629624824 -2.4993795164482164 -0.08191250286539614 0.6514761740960411 -0.04520938846867556 0.7528779766029817
3165.498523037 46.72086315689259 1.3919641922071362 -2.5010259969082913 -0.08161170556276286 0.6581430915032512 -0.05013955155630023 0.7467752178476555
3165.548523037 46.66043401145952 1.3856756195735231 -2.50258580293858 -0.08138336564529958 0.6652562635540722 -0.04939071086056629 0.7405210390522381
3165.598523037 46.59897026487775 1.3804930994560476 -2.502660714128808 -0.09177009419298014 0.6717570323611276 -0.052319290071891955 0.7332008123096673
3165.648523037 46.536636215292376 1.3774553968768966 -2.502135060506245 -0.10426159683235164 0.6748428698164245 -0.05734675329548716 0.7283048608724008
3165.698523037 46.47295640406691 1.3760769702437545 -2.4997525906157803 -0.1133459779206076 0.6723289722162278 -0.06726107735290403 0.728424594505992
3165.748523037 46.40713051704089 1.3755903834147678 -2.4921486070892387 -0.11863841789520224 0.6738691072039309 -0.07817869508635437 0.7250609931516764
3165.798523037 46.341095321035425 1.374697359989177 -2.480852054389103 -0.10758724817139793 0.6777258277019917 -0.08916690467463152 0.7219154726194069
3165.848523037 46.27768552710375 1.373678277442881 -2.467709145132511 -0.08745959728778668 0.6819705667982152 -0.10345535956735125 0.7187238366994444
3165.898523037 46.21662336663777 1.3712291026615002 -2.454780641225875 -0.07498225294386358 0.6848370534690617 -0.11488073578678532 0.715666324822094
3165.948523037 46.157103015752696 1.3659274641802477 -2.444203425856591 -0.0724932253058768 0.6871585445864544 -0.11582936798630178 0.7135414664884383
3165.998523037 46.09823259570301 1.3584200391101906 -2.4361439789445654 -0.07896701603005819 0.6884005658332616 -0.1126603059195857 0.7121632725785986
3166.048523037 46.03930442212986 1.3497883605994105 -2.4306036753021845 -0.08132921905791883 0.69363231549691 -0.10402732794612997 0.7081229300525529
3166.098523037 45.9796784196344 1.3417016271701456 -2.428115852393205 -0.08450173662174582 0.696756416792938 -0.1005817890324488 0.7051760460202877
3166.148523037 45.91930859967173 1.3336024416978416 -2.427848006073934 -0.08621814886051016 0.6998271183528751 -0.09738760788695311 0.7023703361155247
3166.198523037 45.85837223843188 1.3256417666690972 -2.4296797321685184 -0.08161039844387613 0.6976127879331866 -0.09483947976583568 0.7054655300265665
3166.248523037 45.798071525676924 1.3184982866896822 -2.4310668206200474 -0.0763427697911071 0.6915742792253782 -0.09530971819231279 0.7119078981389535
3166.298523037 45.739064635970735 1.3131988851336998 -2.429704244548952 -0.06482917222492182 0.6893588988061128 -0.0907896015709525 0.7157784121584297
3166.348523037 45.680772307596705 1.3113301401976964 -2.4279176757475183 -0.06137235432794989 0.6830290240260094 -0.10061669245749127 0.7208197192511013
3166.398523037 45.6239073565763 1.3101815367525784 -2.4257129966463555 -0.05689452066315604 0.6781941311142857 -0.1222419436653704 0.722407531279652
3166.448523037 45.569195597025185 1.3084182908264732 -2.424548315738802 -0.02711424810279324 0.6658741443715228 -0.12488682693475042 0.7350372248161875
3166.498523037 45.51590649298484 1.3084733274992872 -2.424315399199494 -0.0014019190648519655 0.6438167671904271 -0.11918933837536122 0.7558385452760708
3166.548523037 45.46395232766943 1.3106370041124902 -2.421539756737537 -0.0016491096087547642 0.6359342695374723 -0.1289729917819922 0.7608881998402537
3166.598523037 45.41282368931855 1.313829726572718 -2.4192261083151143 -0.004391114593462814 0.6345950160870275 -0.14106782656163794 0.759848505940038
3166.648523037 45.360201844129726 1.3184085505811038 -2.4226039532295873 -0.006678108330561046 0.6279555845694988 -0.1507316191371567 0.7634835726257609
3166.698523037 45.30566813854154 1.3256244322262674 -2.4321846478130196 0.005466635894996317 0.606379432458855 -0.16045296492490654 0.7787996827359877
3166.748523037 45.25012550175686 1.3382926505353852 -2.4400735256538053 0.037442445225938904 0.5944036047063089 -0.18141676530222986 0.7825409735438295
3166.798523037 45.19319009058873 1.3556432088860544 -2.4442252594836904 0.07973913856750743 0.5919862612951868 -0.21301439422392004 0.7731874313978951
3166.848523037 45.136581147035834 1.3747101892049138 -2.449059213204407 0.11656069217878334 0.5759448499558965 -0.25268382632650965 0.7686689916739697
3166.898523037 45.07723126582274 1.3898340806179763 -2.450409408263276 0.13616705156082232 0.5643654618815285 -0.27366835888149316 0.7668479568021236
3166.948523037 45.015824040819474 1.39944694753603 -2.445745387037286 0.14055100208808297 0.5588703356476095 -0.2849784206626726 0.7659612676250498
3166.998523037 44.95398841152926 1.4047179989380485 -2.429414950309341 0.14867924748011274 0.583890641215395 -0.28463374948482023 0.7456204323407688
3167.048523037 44.893047755043405 1.4069039202919567 -2.415212195012024 0.15658042785212767 0.5957628852534907 -0.2804790306142877 0.7361254428110403
3167.098523037 44.83280121320415 1.4079873416442266 -2.4048042745021223 0.15673742611401936 0.5929399907436693 -0.2855925793225285 0.7364050687413518
3167.148523037 44.77316515821186 1.4084659024750135 -2.39582648293007 0.16297170308287762 0.5910905839928315 -0.2867801979098786 0.7360769413560315
3167.198523037 44.71309437246923 1.407938733041879 -2.3897756825485534 0.16550257874038005 0.5927188563099924 -0.28479579410171796 0.7349725229332256
3167.248523037 44.652605219907834 1.4086652000688826 -2.3868610409241398 0.1761873789233792 0.5971578150574632 -0.28012722543129215 0.730677281018147
3167.298523037 44.59266264747077 1.4129532195335115 -2.385888953804514 0.19139465031230926 0.604647536444757 -0.2850620927580605 0.7186856390491674
3167.348523037 44.532805223239144 1.4203668627353476 -2.3889550113280826 0.20661607900262313 0.5982305499056251 -0.29752446008215294 0.7147791272204435
3167.398523037 44.474648610998905 1.4289596598081473 -2.390791753313739 0.21950705000993717 0.5902551222471889 -0.3139273628871536 0.710538638279164
3167.448523037 44.4184831334149 1.437891546948806 -2.3888603019841868 0.23169089963489042 0.5829770416471843 -0.3296751018781879 0.7055291795101595
3167.498523037 44.36412116178685 1.4493200763085798 -2.3843332369353543 0.24708427214771117 0.5717612174786426 -0.3471120924260801 0.7011074581946511
3167.548523037 44.31137768191989 1.4634482230715524 -2.3768879368473317 0.2636085578604932 0.5596378526829616 -0.37322205560420374 0.6913908440800237
3167.598523037 44.26123780147354 1.4777779715829016 -2.367627904935892 0.2842675750812994 0.5528129577288705 -0.39352421895617784 0.6772949642654861
3167.648523037 44.21444334919409 1.4949503165852416 -2.362511367816641 0.3030768419860636 0.5312695190074364 -0.412690755471669 0.674969233649642
3167.698523037 44.17239909550284 1.5149775843496207 -2.356697789358679 0.32127945723740325 0.5106078067091918 -0.44531739290756245 0.6616279903834781
3167.748523037 44.129206105816436 1.5347281407196263 -2.3499055230420525 0.34195866113250667 0.5064956300180339 -0.46379176063296684 0.6414231470862828
3167.798523037 44.08611464458913 1.5570138941749745 -2.3504818140647843 0.35666031862178216 0.4899792513464893 -0.4885564245336603 0.6277151984916637
3167.848523037 44.043806233976184 1.5814883089597789 -2.352490213999119 0.3720683500324856 0.47704440953339433 -0.5152267332085372 0.6070709905968972
3167.898523037 43.9997004688477 1.6054972860276269 -2.3541167123544766 0.3862473958613619 0.46820878949357264 -0.535487927934904 0.5872360323304957
3167.948523037 43.953469534254474 1.6282837129053853 -2.3537255771790955 0.3980450325778536 0.4642928755960347 -0.5501774880410656 0.5685921291784504
3167.998523037 43.90796776014365 1.6507438762281417 -2.3513863455716937 0.4152531702625424 0.4613157337665876 -0.560184036457016 0.5485858580614591
3168.048523037 43.86240703799034 1.6728471630996011 -2.349886954658427 0.42853937874066067 0.44733291746032516 -0.571983786702613 0.5376632864296597
3168.098523037 43.816005299333476 1.6955356923575777 -2.3495967376876816 0.42789225615020643 0.4204029533582023 -0.5932575946509311 0.5368565919529898
3168.148523037 43.77210872181406 1.7168857871372485 -2.3437785140501917 0.429993157196194 0.4028065135368618 -0.6144580316980783 0.5246847860367695
3168.198523037 43.72801634379497 1.7349565596122896 -2.331794594239939 0.4475577558893703 0.4022187765324428 -0.6175413154748075 0.5065124229766336
3168.248523037 43.68353875169402 1.7507598183595123 -2.3200403126485383 0.4678432444360524 0.4040657975936821 -0.6140280753774204 0.4907372540360374
3168.298523037 43.63859656859027 1.7660195104483545 -2.312522933644278 0.48453980305395367 0.4013804927696889 -0.6104822356308953 0.481067894646381
3168.348523037 43.59511406371074 1.7819997019862 -2.309414992119675 0.4953836625657408 0.3953771614009088 -0.6150986889468337 0.4689621839353342
3168.398523037 43.55240218961248 1.7979396590404324 -2.3095894561594026 0.5022953782760278 0.3877938484593646 -0.6237404809247822 0.4563585175225057
3168.448523037 43.508953282426596 1.8129011901339203 -2.311961142974789 0.5067891315341523 0.3786729156182445 -0.6326162594086939 0.44673064308125304
3168.498523037 43.4639475991152 1.8272776785186573 -2.314742154861313 0.5120638285249698 0.3720188052797466 -0.6379014677563878 0.4387190005787605
3168.548523037 43.41992809239738 1.8409887004933596 -2.3176977157576193 0.5198593459030628 0.36246199794409883 -0.6448181700821889 0.4272904024846209
3168.598523037 43.37509555405846 1.8534529959691581 -2.321719882362453 0.522421647264217 0.3504640805580483 -0.6538395515725842 0.4204097899760493
3168.648523037 43.328324171007516 1.8648782377291804 -2.324433137919714 0.5248354884560889 0.3417160310995639 -0.6603289943775557 0.414419453369345
3168.698523037 43.28053328509576 1.8764402847692094 -2.3257534142171457 0.5296181908477322 0.3313353098775084 -0.6624471421715827 0.4133827139349851
3168.748523037 43.23357522723437 1.8887975047126229 -2.3251942679092714 0.5256179269051561 0.3263728047189923 -0.6706949180643682 0.4091147933507357
3168.798523037 43.18772077323012 1.9009813177471047 -2.317910504321334 0.535139061770927 0.3323145635770106 -0.6674668481558936 0.39709094929800465
3168.848523037 43.14240666640469 1.9126285180431362 -2.3090952046852293 0.5353408511001438 0.34275217174353656 -0.6674351156425061 0.38789365593644026
3168.898523037 43.09506972816815 1.925465274925104 -2.298221140151104 0.5257889047921882 0.36836023380190847 -0.6649530919281895 0.3816990323356553
3168.948523037 43.04982279188703 1.9385217355878626 -2.284103555541701 0.5357717302125735 0.3963359809099495 -0.648134396023036 0.36849456988268886
3168.998523037 43.00672341800066 1.9513743657645493 -2.2699293466526305 0.5473952248850594 0.4309137495689475 -0.63115937239118 0.34104201331835593
3169.048523037 42.962524175903276 1.9665472091079048 -2.262235407766551 0.5598852736379687 0.45207725324662645 -0.6132646892338108 0.32567016811381416
3169.098523037 42.91627686911737 1.986548665411274 -2.2652691467060384 0.544224533777329 0.4620361367065188 -0.6177708578230025 0.3296990027840481
3169.148523037 42.86877171014546 2.0086841554134307 -2.2700300402796083 0.5288470587574666 0.4674899532181556 -0.6234830767947633 0.33621835915696024
3169.198523037 42.82274594807096 2.030043582446601 -2.2709364213056222 0.5313675096113782 0.4695486920690561 -0.6229212128425787 0.33036609707470194
3169.248523037 42.777633233365265 2.049456865969984 -2.268457377480657 0.5393721517804929 0.4773836172065926 -0.6184086670677121 0.31425035306577775
3169.298523037 42.730205474772504 2.0693072516820363 -2.2657415984877494 0.545381436160836 0.4794198976003846 -0.6143526614089694 0.3086850470879618
3169.348523037 42.68068812271035 2.0911489522907205 -2.2625092646068348 0.541561963690287 0.47912871608714863 -0.6168079027443675 0.3109571096095018
3169.398523037 42.630980462181434 2.1124233187622554 -2.255120547529889 0.5436874500737509 0.483421583116555 -0.6129471232803857 0.3082261404743055
3169.448523037 42.582584801329894 2.1306492901293206 -2.246064598801041 0.5512774577768027 0.48743531513399885 -0.6069198777617001 0.3002469651554996
3169.498523037 42.53298767579998 2.1469776375877165 -2.237401562521589 0.5548006215248079 0.491184224282362 -0.6009761698300466 0.29960302312932036
3169.548523037 42.48214087306824 2.1616131218254617 -2.2291993642783288 0.5514220517195797 0.499449691301746 -0.5957583616671758 0.302581726546073
3169.598523037 42.42963213274909 2.174262064329175 -2.221396553781912 0.5498341989691241 0.5085685784936448 -0.5880119637532285 0.3054214876134406
3169.648523037 42.37479478428409 2.185816685492276 -2.2139829558815785 0.547860590146946 0.5264979364996027 -0.5733530888655723 0.3064554325082322
3169.698523037 42.318395181465185 2.1975643172195585 -2.2094165262607226 0.5454434105002238 0.5421188277207569 -0.558432109062485 0.3110502244663739
3169.748523037 42.261473184029406 2.210575634104135 -2.2082812462946335 0.5391703353190574 0.5525179090239956 -0.5496528775679363 0.3192193977517252
3169.798523037 42.20587953007422 2.223288538532961 -2.209751082254059 0.535170186406873 0.5538348449922383 -0.5482138062197309 0.3260697145147515
3169.848523037 42.15205802907022 2.2344293015580563 -2.212286582158687 0.5358349277860592 0.548161818695115 -0.5512427851429423 0.3294403474336809
3169.898523037 42.097609791528456 2.2444020148422417 -2.214722255012118 0.5353565539793197 0.5392172378548534 -0.556605465650971 0.3358995178904491
3169.948523037 42.04236347974521 2.253964568864285 -2.214974394656656 0.5358879039304687 0.5307810243965986 -0.5560925830216246 0.34907978696831454
3169.998523037 41.987212323200524 2.264122249469856 -2.2136950692561705 0.5328044223850934 0.5234271077731673 -0.5584835384218751 0.3608873060207108
3170.048523037 41.93219283664791 2.2747577417029716 -2.211672313379021 0.52612838369777 0.5186649339912434 -0.5632463835789009 0.37003935128675325
3170.098523037 41.877761659236405 2.2851736071984763 -2.2105875060650693 0.5166914479311521 0.5095276379270943 -0.5704596601819527 0.38469118774458144
3170.148523037 41.82304153201187 2.295986916273288 -2.2096061366309176 0.5034559322174622 0.5030155368983971 -0.5737338965807702 0.40538489102100184
3170.198523037 41.768333701369 2.306094348468483 -2.2079028536801535 0.49192388565567385 0.5057413444987524 -0.571643071538105 0.4188803909811235
3170.248523037 41.71322285840255 2.315769501923581 -2.2065534398965454 0.4835369495766275 0.5205338153183274 -0.5636873877025683 0.4212992931982322
3170.298523037 41.656359783232205 2.3270684123656764 -2.2104390677889345 0.4754470056696528 0.5261247505923543 -0.5560512945794147 0.4335318320613276
3170.348523037 41.59650265212463 2.3411181306467013 -2.2198449152288005 0.4610143651290486 0.5181356284235092 -0.5501275973413908 0.4651460548539824
3170.398523037 41.535352363118534 2.3557556722724757 -2.2317597835550997 0.4401229522721128 0.5055563339978748 -0.5475262136267495 0.5009187812704411
3170.448523037 41.47600958541638 2.3688132016849575 -2.2394994263704 0.4239116791706362 0.5022199958416189 -0.5441056099007703 0.5215582894692466
3170.498523037 41.41809903444745 2.380344920968364 -2.241761067152424 0.4224065665896201 0.5035367937610377 -0.5364607705412758 0.5293705993924144
3170.548523037 41.35977583920683 2.392401470664108 -2.240799193952857 0.4241620545028129 0.4998888148333748 -0.5314858888741714 0.5363958186377565
3170.598523037 41.30004466924973 2.404745320079145 -2.233150893902569 0.42331543657603105 0.5030224641308765 -0.5271077999064271 0.5384513060750727
3170.648523037 41.24118575881909 2.4147621529146184 -2.221624894043587 0.4268578316938055 0.5156641996739706 -0.5237365571609635 0.5268613132404459
3170.698523037 41.18054438639317 2.4226086463445857 -2.215335965989819 0.43088733339682517 0.5087470269143889 -0.5239460905453627 0.5300877877542303
3170.748523037 41.11685977480995 2.4280819180427757 -2.210886962829282 0.4301329580392828 0.49549044164443884 -0.5199175970455463 0.5469557138651726
3170.798523037 41.05171991739183 2.430865247799989 -2.202874112182016 0.4239770902289972 0.5028017808493356 -0.507474812562726 0.5566894203684092
3170.848523037 40.98522367604004 2.4324320386466995 -2.194520098882954 0.4187593381143194 0.5172948243970114 -0.4879964116699765 0.5647177911057428
3170.898523037 40.918111109438016 2.4335297134908744 -2.191594059331108 0.4100965731942935 0.5267205153791576 -0.4726052420991103 0.5753525740565114
3170.948523037 40.85060828391966 2.433987958038735 -2.1941930857971963 0.40827243078497166 0.5214390590554189 -0.4586685000729446 0.5924847145649962
3170.998523037 40.78341454704895 2.4342629897845782 -2.1999948549983697 0.402000359595535 0.5159393411437188 -0.4507083406035979 0.6075066245363893
3171.048523037 40.717864093464584 2.433863336845984 -2.2061550778981176 0.3914161400499917 0.5125277528928617 -0.45179100587268134 0.616436205000574
3171.098523037 40.654294770968164 2.431695805314686 -2.2103578727856705 0.384939914324519 0.5109856740564647 -0.4529296925877341 0.6209425068726355
3171.148523037 40.59055381401573 2.4282026020506704 -2.2133640593379926 0.3753585744387191 0.5057905449367656 -0.45132194071471243 0.6321316089845597
3171.198523037 40.52702704317276 2.4261279576103294 -2.2117974132742493 0.3608679083753527 0.5045284067415308 -0.4490756486364877 0.6430835881107281
3171.248523037 40.463689001415624 2.425963056531483 -2.205124720649839 0.3448068014693138 0.5081397876678656 -0.4552298960116718 0.6447231713119671
3171.298523037 40.400318341222025 2.4253785079400623 -2.197776102158324 0.3317345821731997 0.5082418552633943 -0.4601554773231124 0.6479963890627279
3171.348523037 40.337009857041245 2.4236300445977905 -2.187302890677697 0.32826553749952403 0.5116488349435637 -0.45103507523806274 0.6534711680679093
3171.398523037 40.274114049259346 2.421129144673864 -2.1745563964022456 0.31835436702972847 0.5308002055096939 -0.4391878799626656 0.6511648369789841
3171.448523037 40.21149235432505 2.4190398512303024 -2.168179647571078 0.29734046475860393 0.5441397426668136 -0.43644678782128893 0.6519315837326106
3171.498523037 40.14797525196956 2.416999883612336 -2.166909313901656 0.2867087234262403 0.5521347809425255 -0.4253923139507769 0.657256929074505
3171.548523037 40.08412044163048 2.4158636989800333 -2.170328530849 0.2812567076936141 0.5533032916595785 -0.4135728302581025 0.6661138385353715
3171.598523037 40.01941735508082 2.4154657966356883 -2.173779366598793 0.2762459524391605 0.5559279887870063 -0.40228504976272006 0.6729033985511005
3171.648523037 39.953342869425015 2.4153290842915833 -2.173955260374685 0.26805450455483787 0.5708124023205645 -0.38785569864824265 0.6722261085163012
3171.698523037 39.88739468608116 2.4162715981097165 -2.174411620106662 0.25395787723667707 0.5858622488957393 -0.37445706265651274 0.672348667087936
3171.748523037 39.82230325815859 2.4188810249096924 -2.1756274125462665 0.2420393286277061 0.590081685561329 -0.36721304917952924 0.6770340791088902
3171.798523037 39.75569026302194 2.4228868580828564 -2.174159669976212 0.23123093625043006 0.5900478690114211 -0.3546093751523789 0.6874794232919773
3171.848523037 39.68831122602563 2.4287463112784216 -2.16711023344352 0.218015617116455 0.5936986690933128 -0.34883270704749014 0.6915972986529665
3171.898523037 39.622304860037886 2.433557620398485 -2.1551074876546106 0.21730250954916852 0.601107565099681 -0.3411710363680837 0.6892398990678746
3171.948523037 39.55658129253732 2.4333328363421383 -2.1449011428462526 0.21108470369052054 0.5992425193611308 -0.3294089581752969 0.6984564332379477
3171.998523037 39.49116149232807 2.427988920080263 -2.135301297311672 0.19413606029010386 0.599495317917476 -0.31025217903649815 0.7118006317032645
3172.048523037 39.42621515477901 2.4200356772536016 -2.12534834112978 0.17413752747629657 0.6078183092327063 -0.2822264180823508 0.7215131831244268
3172.098523037 39.36239911712243 2.412770511752856 -2.1164307853280686 0.15252263731535357 0.6195313163733204 -0.2568970038025345 0.7258937405546286
3172.148523037 39.29977777731002 2.407031056987142 -2.1106767848140473 0.13897130604712268 0.6290705738150755 -0.2361589742593705 0.7274518046800701
3172.198523037 39.23737992464276 2.401901392613756 -2.1079210224857503 0.13219913771022818 0.6364272584597482 -0.21729008310050196 0.7281955454850422
3172.248523037 39.17519025988906 2.3966453012334368 -2.1072025083800034 0.12090663865920684 0.6413657633584277 -0.20532278101271012 0.7292969888303394
3172.298523037 39.113977183138445 2.3911873840505082 -2.1083679505264055 0.10670477747385301 0.6431380667174754 -0.19521038043729988 0.7327212464318804
3172.348523037 39.053788019928746 2.386243805925515 -2.111674647346141 0.09495223325613036 0.6336123702939804 -0.19290771258392586 0.7431729623955348
3172.398523037 38.99572991636707 2.383156792256044 -2.1129205435014597 0.09097682748947512 0.6203498044967792 -0.1896713410396119 0.7555885913041525
3172.448523037 38.93774209575159 2.3822598200429703 -2.108590375621687 0.08512496773899934 0.6194167411808195 -0.1902514530485969 0.7568890441968793
3172.498523037 38.877997493487115 2.381728018866977 -2.1026169174500673 0.07609519510447024 0.6226094009534796 -0.20207749716757625 0.752151407806201
3172.548523037 38.81961483910276 2.381118160668269 -2.0993402801794305 0.08186441657468742 0.6111508748459449 -0.2083611897717745 0.7591959167901347
3172.598523037 38.76380824294958 2.3814543753084805 -2.090548385943394 0.10855245556307833 0.6138808381759567 -0.19937658771624153 0.7560526814860448
3172.648523037 38.70895600131632 2.3810884437640754 -2.0807529990300297 0.12053773888190966 0.6244482742852875 -0.2005616361235618 0.7451912750178997
3172.698523037 38.653627437256745 2.3798859518350923 -2.077461767134845 0.11042801488170409 0.6250841389793089 -0.2143848538413917 0.7423709363715605
3172.748523037 38.59865090804585 2.3802478267895943 -2.075681982214497 0.10407436770445007 0.6335001674465006 -0.22603163947346952 0.7326361728642056
3172.798523037 38.54238444547967 2.383058151146713 -2.077588349810752 0.10169255334512986 0.6380451728133097 -0.242004505085742 0.7238720892270865
3172.848523037 38.48356129263032 2.386981760982917 -2.0805155867852423 0.10938395993847072 0.6404004610916617 -0.25670439273003964 0.7155593989983415
3172.898523037 38.423594951652014 2.3909562602893506 -2.0831012817413126 0.11425590611542472 0.6440345057119639 -0.2730199951406983 0.7054255634887802
3172.948523037 38.36167291770305 2.3946943388169157 -2.0881587161303314 0.11867389537480456 0.6352182577073592 -0.2902754345802606 0.7058005693615145
3172.998523037 38.297635584721235 2.398848429846311 -2.0905721560533297 0.12920419589864987 0.6272040263255059 -0.2939920874270389 0.7095703190336741
3173.048523037 38.23160084488427 2.4037651463444982 -2.0863734415652697 0.13594635155650514 0.6295664583833676 -0.29608601549786484 0.7053351936517113
3173.098523037 38.16645462996422 2.4081956194565164 -2.0802402396522854 0.14375305825391418 0.6310495778155988 -0.30676397820165124 0.6978591192062323
3173.148523037 38.103576961518776 2.4111893325368134 -2.076121804004241 0.16338591433871213 0.616074735575311 -0.31815431357222457 0.7018082330216001
3173.198523037 38.042553888265424 2.413900930933875 -2.0708207442600375 0.18683845677165228 0.6025318330450368 -0.33081184652039686 0.7018620259284163
3173.248523037 37.98275198486059 2.418008091650221 -2.0666201022339252 0.2069880961752523 0.5919368523842984 -0.3452281163159701 0.6982723240513267
3173.298523037 37.924767942757235 2.424101747456717 -2.0614005913288005 0.24229171159579765 0.5843530187495778 -0.35815380821727516 0.6866965309579609
3173.348523037 37.868657133217624 2.4314940154396316 -2.0556820848193764 0.27727602536635004 0.5833571485283098 -0.37875433671278225 0.6628405505392826
3173.398523037 37.811893484955576 2.4382560439961747 -2.0538596273108776 0.29021521230355324 0.5814378257388854 -0.4056528629954776 0.6427681853446182
3173.448523037 37.752698601419375 2.44282057104787 -2.0544723155748543 0.29864126943391917 0.5772359078721203 -0.4215933398810865 0.6323536626144084
3173.498523037 37.692477125676334 2.4453313426145447 -2.0555826416857665 0.29859560775790495 0.5752720308207369 -0.4301478221431722 0.6283912831099415
3173.548523037 37.63330064635276 2.4470186311858093 -2.0573290229476333 0.29964659263148447 0.5677770940081773 -0.4385284608615679 0.6289148432485555
3173.598523037 37.575356137974914 2.449060093133195 -2.0553739169688936 0.3111429407576486 0.5622556636550202 -0.4379736664583493 0.6286793352684386
3173.648523037 37.51783827130144 2.453635543363777 -2.0519006453121085 0.3093800453066374 0.5558064005060889 -0.4499727510651653 0.626807590909184
3173.698523037 37.4613276992361 2.459126731699882 -2.0436685633727647 0.3236738688832254 0.5529896860206052 -0.44964674481864253 0.6222985124769267
3173.748523037 37.40790740655605 2.4660076091280745 -2.035052267433166 0.32150304179033395 0.5472631072207177 -0.45950435426068287 0.621284664232235
3173.798523037 37.35650549066622 2.4747511815289642 -2.0237678421927714 0.3322164217422582 0.5483860448380476 -0.4633402399080012 0.6117359046464813
3173.848523037 37.306412950029184 2.4847874653705064 -2.014922068647337 0.34058867104896257 0.5487932396472739 -0.4755666823490988 0.5972115771734694
3173.898523037 37.255535481868854 2.4945479114018063 -2.01031005608694 0.3554599976984806 0.5471678585848504 -0.48220682992537145 0.5845785642162988
3173.948523037 37.20309100058503 2.5038115747513796 -2.0119906671277668 0.3651139597494511 0.5387147292500025 -0.49268898155108254 0.5776987141610493
3173.998523037 37.14698466339058 2.51146775458673 -2.0147413317401153 0.36977878057709185 0.5385711958206822 -0.4948510501080619 0.5729983932561661
3174.048523037 37.08565498199255 2.516418969909953 -2.015672368814791 0.3733615111834468 0.5484023357111489 -0.48192959596900153 0.572363455055024
3174.098523037 37.021673212802824 2.5196802707164085 -2.01436489948009 0.3646048512751883 0.5707946086162117 -0.46844897701444316 0.5672850898229085
3174.148523037 36.95408144008539 2.5214768946618458 -2.0145069460879466 0.35422562013493075 0.5872078537473681 -0.4465203039103825 0.5747440862968607
3174.198523037 36.88142701730151 2.5227564267809632 -2.0146061908444177 0.32640293946214805 0.6030430384546371 -0.421420960210175 0.5934682714159222
3174.248523037 36.805705246623155 2.5228678559606603 -2.0102081682948487 0.29755584412788566 0.6224552178310027 -0.3835219377164857 0.6139388770150433
3174.298523037 36.73224757028916 2.5209247631572653 -2.005112188843266 0.27509705933654727 0.6339008692981092 -0.3508143361355187 0.63199730807123
3174.348523037 36.66092015179475 2.5166489012422297 -2.0013287363503087 0.25812213525335453 0.6324380890241416 -0.32680816509497174 0.6531396864921
3174.398523037 36.5908225429086 2.5102395421081116 -1.997765532434574 0.2411529640827495 0.6314011813238188 -0.30370725587805375 0.6715204381580748
3174.448523037 36.5212829032146 2.501831553313693 -1.9954110877667675 0.2201252312168005 0.6318285303059339 -0.28481300372085894 0.6864540361777296
3174.498523037 36.452791914477935 2.4924497092474485 -1.9939293431351648 0.20095589918862522 0.6347994306747622 -0.2649061738282148 0.6974748228172719
3174.548523037 36.385271834674306 2.4826185214287215 -1.9918928597559118 0.1853928777783875 0.6447700216113568 -0.2468892969655483 0.6992472918390145
3174.598523037 36.318436314341405 2.473281826871342 -1.9920124238097288 0.1664214973425916 0.6532970188776603 -0.23153743925734432 0.7013539082160757
3174.648523037 36.25224821406108 2.464958070418628 -1.9941702666613492 0.15164281346488037 0.6558075734309465 -0.22295998216813354 0.7051310020887288
3174.698523037 36.187844936855754 2.457892867989884 -1.9970841235844816 0.14657103446639416 0.6538428752206727 -0.2230507309224274 0.707993501250955
3174.748523037 36.1236698813373 2.450405468884818 -2.0003303713647442 0.1437895947179504 0.6448571637024826 -0.22154144294530634 0.7172190599322839
3174.798523037 36.060350255574484 2.4453877722026394 -1.9995662078495844 0.14309689845081414 0.638261101970719 -0.21223880100956846 0.7260170347250137
3174.848523037 35.997561052310445 2.4458361071634376 -1.995134179830314 0.13212331600024466 0.6396288178728946 -0.22244524542652833 0.7238345926403037
3174.898523037 35.935951930291466 2.4509556520491484 -1.9958962717670996 0.12866260590893877 0.6226482202547813 -0.2479999648423064 0.7309248559821245
3174.948523037 35.877237691537985 2.4577075428552226 -1.9930530800698913 0.14354921205702958 0.6115007124623388 -0.2665469864977168 0.7310357079957477
3174.998523037 35.81952291574704 2.4642826290988182 -1.989069493214263 0.14801798601157223 0.6065961847459911 -0.28418411266806465 0.7275789541869324
3175.048523037 35.76133608394626 2.470217599617553 -1.9857743530280496 0.14839573643522286 0.6069837728725697 -0.29684239030624454 0.7221038707793389
3175.098523037 35.701454858803686 2.4750360969773113 -1.9853069423009981 0.1500250831405634 0.6108708352390865 -0.3021154780984725 0.7162789505327513
3175.148523037 35.6383546644048 2.478385982719582 -1.9900374403293544 0.1511629855242045 0.609470384584478 -0.30093768820452377 0.7177270441748551
3175.198523037 35.57213380659077 2.4796153109635 -1.9948154719399571 0.14528967797894815 0.6123368349522748 -0.29279838125385826 0.7198636106711637
3175.248523037 35.50310032771806 2.4786058284034853 -1.9969464617341226 0.1337447916914395 0.6190792036651106 -0.2805561720439473 0.7212083642144156
3175.298523037 35.4335633149972 2.475134470965503 -1.993828429669019 0.12345267397718138 0.6348280945697586 -0.26608321578063404 0.7148093801235754
3175.348523037 35.36306057107123 2.4678395978095233 -1.9901300649040536 0.10602236451247697 0.646873088535797 -0.24880465230458648 0.7130292494301594
3175.398523037 35.28835069608641 2.45598765877627 -1.9872555102370286 0.07459847359496509 0.6483274502565445 -0.2221507271951001 0.724400192840834
3175.448523037 35.21308065284132 2.4424380272888793 -1.9793089734145721 0.036975858118393524 0.6543693925881298 -0.18911957419878364 0.7312094574163559
3175.498523037 35.141879751314214 2.4290025702210634 -1.9690876861746405 0.012588560579088068 0.6607922747403436 -0.16981967159730094 0.7309968378348937
3175.548523037 35.072495788521536 2.414302322827238 -1.9624421171815183 -0.001915323561113492 0.6526139532701859 -0.15871703496005088 0.7408780347305526
3175.598523037 35.0054649138886 2.396498336869754 -1.9547589114596002 -0.016226545419769634 0.6513722286312269 -0.13974540325283827 0.74560186511397
3175.648523037 34.93937472261858 2.374341112432382 -1.9504628089187492 -0.03959643216953919 0.6506683844944028 -0.11098789166985684 0.7501629582174577
3175.698523037 34.874076862212384 2.352951734995306 -1.951177832121539 -0.05273230308024761 0.6485137294108075 -0.07576739796102676 0.7555849048146437
3175.748523037 34.80781391253943 2.3342684670099136 -1.954385794480459 -0.06574575268186199 0.6459731051882495 -0.05409114809711678 0.7585976476863621
3175.798523037 34.741306834719865 2.3172627200374705 -1.9581280173611841 -0.07723022783577183 0.6435452244389486 -0.03700547912001 0.76060214996104
3175.848523037 34.67397157885574 2.3018940271873567 -1.9603025566737053 -0.08365101691256728 0.645418097786424 -0.02551798060759297 0.758806180183687
3175.898523037 34.606707264758704 2.287797063449799 -1.962907791799865 -0.08270722610614434 0.6436371362931478 -0.018867495569510895 0.7606147310860589
3175.948523037 34.54064315709416 2.27376743400615 -1.9619811383498522 -0.07833229541644854 0.6413183599905085 -0.007744346049010973 0.7632265965872442
3175.998523037 34.47581340471354 2.2616481695646407 -1.9531291595344842 -0.08122325466006135 0.6500269304570478 -0.004329394420876931 0.7555455174421749
3176.048523037 34.410590758977214 2.2515348277988005 -1.9480694621311678 -0.09308443156707003 0.6450169283434012 -0.016597049585548085 0.758296108848868
3176.098523037 34.34728936015467 2.243116834437801 -1.9455462244620316 -0.0858888381083072 0.6345301962161397 -0.022677299170091588 0.7677761898370269
3176.148523037 34.28741421922042 2.2354885875055555 -1.9392399436064784 -0.07964657138726033 0.6331058231068016 -0.024363568833585918 0.7695712162809912
3176.198523037 34.22884139844325 2.2281832747375865 -1.9317785262585003 -0.08632005475410036 0.6364002983245084 -0.029254665906135624 0.7659553988075588
3176.248523037 34.16982960067065 2.222281143949526 -1.9280936069936634 -0.09261383041546906 0.6410826476319222 -0.03284031318024028 0.7611551951811425
3176.298523037 34.10889219315628 2.217313022324992 -1.9310746055226842 -0.08945164299398903 0.6381385058323795 -0.037756989121115865 0.7637748756748955
3176.348523037 34.04732403581341 2.2138059881162975 -1.936031681713879 -0.07763543241110835 0.6339396227567811 -0.0445335364502748 0.768186213404382
3176.398523037 33.98522807189204 2.210535320378762 -1.9392860921941042 -0.07034629379995785 0.6362180509622947 -0.0520599269980353 0.7665296827777177
3176.448523037 33.92270284399256 2.207360405572524 -1.942823923251705 -0.06364568010976004 0.6360875691510095 -0.05361060512543503 0.7671165066618046
3176.498523037 33.86032289178194 2.2046366777343307 -1.9458235201578287 -0.0609010163231692 0.6295173912642597 -0.05753998304870506 0.7724558697151579
3176.548523037 33.798181098739875 2.2016483673996485 -1.944877741344299 -0.06182199128542857 0.624903311924303 -0.06452772595573919 0.7755707992972162
3176.598523037 33.73470244860543 2.1972304120938277 -1.9384779783964992 -0.06256186740603775 0.6167287104012789 -0.07126485085721829 0.7814429163705712
3176.648523037 33.671739311762614 2.1943681276764497 -1.9220276424572542 -0.0553723553719674 0.6280091068314734 -0.07457532752611479 0.7726428570314157
3176.698523037 33.611482742266624 2.194088389320394 -1.903826730963066 -0.04619947689038565 0.6395874048632605 -0.08691195347137552 0.7623908920095542
3176.748523037 33.5530704078227 2.1959399113731486 -1.8891139531105616 -0.03758155086824776 0.636656544729562 -0.10873285359409463 0.7625176966055529
3176.798523037 33.495778449783565 2.2000605347589204 -1.8741314402323932 -0.026570152122648613 0.6444137279569477 -0.13616030813578292 0.7519875961245484
3176.848523037 33.43856224476311 2.205069475987037 -1.863393138605621 -0.007035810119632125 0.6513286378149034 -0.16578553099083773 0.740430051154212
3176.898523037 33.38129881513652 2.2109293706841506 -1.8580176661162664 0.022015860755489843 0.6523810994862568 -0.1875457050752167 0.7339896534803045
3176.948523037 33.32353725769117 2.2173567696477354 -1.8565286600330921 0.04480337729691327 0.6512642210310541 -0.2094842236525921 0.7279862167845457
3176.998523037 33.26499593535182 2.223986265616011 -1.8590839242532824 0.0637026122408477 0.640989114360052 -0.2327041843145186 0.7286451091362126
3177.048523037 33.2070922758471 2.2309629931804027 -1.8608230330492255 0.09002882971863475 0.6344401801185553 -0.2512634837635029 0.7254289278748512
3177.098523037 33.150277186061 2.2386293903716314 -1.8614356604705866 0.120793325107313 0.6311299922973025 -0.27096844976308065 0.7167007776368872
3177.148523037 33.09354325107871 2.2471784181904764 -1.8617176117507477 0.14739694767846945 0.6213846105535857 -0.2850602863313426 0.7147698501888089
3177.198523037 33.03740680461664 2.2576307524007273 -1.8614119738112413 0.16411231689105316 0.6033296995365419 -0.29742528933036627 0.7215252028644216
3177.248523037 32.983516005327594 2.2697808204166474 -1.8561076757438362 0.17928263913877185 0.6037500460214824 -0.31729354788295483 0.7089911294962313
3177.298523037 32.93271067159591 2.282466214384962 -1.8515485413783432 0.20401283855870056 0.5969677997001721 -0.33435924203253353 0.7001514872452864
3177.348523037 32.88255135777639 2.2949539165437853 -1.8474280136154204 0.22298528344684207 0.5832606474982436 -0.3417958484967599 0.7023248382311714
3177.398523037 32.83243628165882 2.3076716321529407 -1.8426415858567717 0.22415181507669535 0.5760700680339619 -0.3518320908804927 0.7029320168692208
3177.448523037 32.782594155182686 2.3212579112206324 -1.8372434610749147 0.22953051731964985 0.5793592690997974 -0.3596740599022489 0.6944732893067637
3177.498523037 32.73204246700607 2.3357765687520757 -1.83497710305147 0.23721346433431276 0.5819957121650612 -0.36461249220393555 0.6870724080392344
3177.548523037 32.681145194158844 2.351643363825898 -1.83712832670325 0.24164424656222508 0.5793598583134592 -0.3762385512772326 0.6814651606730842
3177.598523037 32.62866505040866 2.3670435232328435 -1.8412373758549792 0.24778814286527479 0.5723810480748182 -0.386622242652835 0.6793410141793613
3177.648523037 32.57383728737839 2.3811317410716653 -1.8441986790142826 0.25425773339425073 0.5679065105700973 -0.3957663005212921 0.6754289271514837
3177.698523037 32.51837001392792 2.3938557170033614 -1.8449958640121111 0.25856895201571145 0.5667355939827937 -0.40844683725061387 0.6671761721662708
3177.748523037 32.46039310592782 2.404635013893891 -1.8443457146998794 0.25946203277114044 0.5630508529841808 -0.4146811171749248 0.6661026659326702
3177.798523037 32.40060546333007 2.4152915652399605 -1.8408431832150003 0.25733879473301574 0.5519811077933489 -0.42117316971046603 0.6720913349245214
3177.848523037 32.342742446990414 2.42549379751391 -1.8294925045089574 0.2601114404494129 0.5545620753915095 -0.4327170140637401 0.6614823722704593
3177.898523037 32.286562054369575 2.4327916680694743 -1.8150686476795779 0.270667203447503 0.5619686014933856 -0.4380950566185691 0.6473046247941144
3177.948523037 32.230180856466035 2.436665723774014 -1.8036605439652227 0.27581746740711865 0.5596353592934373 -0.441940805647333 0.644531856160279
3177.998523037 32.17218965965273 2.437826227399227 -1.7944152434073772 0.2771721835903441 0.5607408524953434 -0.43931046510403443 0.6447880211640358
3178.048523037 32.11225527808682 2.437493946678979 -1.7879237832442925 0.2759735016889232 0.5634872324123754 -0.4333216357076566 0.6469568187301504
3178.098523037 32.05194582857391 2.4374981499363697 -1.7820920555727182 0.27740467897498233 0.5728022206659484 -0.4279693810021517 0.6417059053862451
3178.148523037 31.990360068952352 2.4379882913277893 -1.7787277883044554 0.2831135225481029 0.5801470119459466 -0.4213153819445472 0.6370004135143987
3178.198523037 31.92931039957604 2.4404559239200063 -1.7772772521570603 0.2905379380650527 0.5824827414456163 -0.4225136358531569 0.630701030585057
3178.248523037 31.87011880090479 2.44371869029319 -1.7752380227704352 0.30242810657325886 0.5830111430724382 -0.4281627786437865 0.6207349534156384
3178.298523037 31.813093350423628 2.447736336405865 -1.7735478441435413 0.3153994353733837 0.5780876955249549 -0.4380193176537772 0.6119451689579036
3178.348523037 31.75786223666402 2.452436455770982 -1.772163997242305 0.3315655084920914 0.5679665803430686 -0.44771700965235917 0.6058281575329186
3178.398523037 31.705423476066454 2.4593782783591887 -1.7722816883080712 0.3488747461285895 0.546341866760566 -0.4667063249138465 0.6016495511705328
3178.448523037 31.65418780823689 2.465244229801588 -1.7731126823945782 0.358646095905243 0.5200311249419421 -0.489129694014203 0.6014089701834497
3178.498523037 31.605660773176332 2.470322422850508 -1.7695776002146426 0.3760075047437307 0.5017457914937244 -0.49538244536057185 0.6012202174938143
3178.548523037 31.56241725882397 2.478116303579675 -1.7646017442952382 0.38328743607211235 0.48960823353459754 -0.517023840685657 0.5882693831630623
3178.598523037 31.52049461789914 2.48713153668886 -1.7593050712530003 0.4026620201256438 0.48078883386474563 -0.530928825979427 0.5699297996450274
3178.648523037 31.477228286381358 2.497368268218229 -1.758196259031209 0.41524720104750135 0.47215068790511555 -0.54493376334606 0.5546987321947316
3178.698523037 31.433761594630205 2.5093206007437434 -1.7606852760804883 0.4316245673195361 0.45728815145406115 -0.5589994803251636 0.5404695740022263
3178.748523037 31.38748648392436 2.5215836157051967 -1.764176248226415 0.44078895014428887 0.4496952397138733 -0.57168186453843 0.525983971777888
3178.798523037 31.33926263645928 2.534227688968909 -1.765544096390764 0.45543342966494443 0.4479534396938811 -0.5789741030389189 0.5066627034036804
3178.848523037 31.287000647085538 2.546089621079491 -1.7670718033506558 0.4615053038355297 0.45452065055790003 -0.5844180236393897 0.4887529093453342
3178.898523037 31.232401430671434 2.5563101848302865 -1.7723013330599773 0.46324134202984446 0.448102035062262 -0.5906486153531921 0.48553706180764933
3178.948523037 31.173919909695808 2.5648807936328373 -1.7766105061907402 0.45861029799739916 0.4406519166212643 -0.5938105627006736 0.49284023635844965
3178.998523037 31.114828280109645 2.5745126768626543 -1.7747620282016412 0.45276276298179163 0.43784998714405154 -0.598870246433669 0.4946187391835498
3179.048523037 31.057999030675724 2.5826804570130464 -1.7656446394778995 0.4656214203859683 0.4410283286357397 -0.596806307769433 0.48219595314056346
3179.098523037 30.99835074581844 2.586524852101205 -1.7590678045643453 0.46834946723200443 0.43416443600827725 -0.5938560384947933 0.4893720717331371
3179.148523037 30.93675922738839 2.586781324220787 -1.7489718268808643 0.4690145714001364 0.44039694969546905 -0.5832719041041411 0.49585254299640596
3179.198523037 30.875845835062957 2.585442045635098 -1.7400389198467994 0.4682937645108522 0.44528647928034054 -0.574178894550746 0.5027320345301827
3179.248523037 30.81372114388622 2.5835527970803613 -1.7320461352832242 0.4576339047159546 0.4540936454969531 -0.566774769318839 0.5129683530563004
3179.298523037 30.75317279045092 2.580944981868951 -1.7216426526821353 0.4549770431136063 0.472981738761128 -0.557019728052092 0.5089333822799142
3179.348523037 30.692004457129336 2.5774804921686183 -1.7139477402505146 0.4549102830262462 0.49010875675262017 -0.5459213774696726 0.5047968805103661
3179.398523037 30.62938299703328 2.5732942922430806 -1.7120010449747163 0.44573880163350227 0.4978620663319982 -0.5407269576469941 0.510944851133455
3179.448523037 30.565862127130806 2.5684385662209404 -1.7099924950791303 0.4326517531916944 0.5113260999231796 -0.5333837339353446 0.5165848162409474
3179.498523037 30.503744707785962 2.5623267724031464 -1.7074352907568628 0.4286094358087415 0.52237515986237 -0.5210751296149047 0.5214392133233614
3179.548523037 30.44351434169128 2.556389101355623 -1.7077007511458135 0.4208158817891128 0.5216164518648777 -0.5151422264801934 0.5342834053898518
3179.598523037 30.384088797287497 2.5509906640950493 -1.7079719911057771 0.4124815216979216 0.5139401027074328 -0.5103084357740979 0.5525485186521035
3179.648523037 30.324952130528576 2.546569045865211 -1.7062376991383168 0.40549197223652905 0.5031732572231352 -0.5077406370781038 0.5697300932254782
3179.698523037 30.268310456514865 2.5415500587395887 -1.7014515431790278 0.40158232879152966 0.49699429323631816 -0.5088325959929427 0.5769035404190088
3179.748523037 30.213161342973304 2.5352172838161167 -1.693399249274782 0.3966922751308043 0.5022186413757754 -0.5062326573824711 0.5780485893985887
3179.798523037 30.15785233194907 2.5283219576914266 -1.6856498396519495 0.38409718137540866 0.5140603061401382 -0.4975198886750497 0.5836825483799732
3179.848523037 30.103139043277984 2.521200831586659 -1.6827003644968639 0.36506264280695455 0.5191889217526894 -0.494493792790664 0.5938417459623275
3179.898523037 30.047261533159237 2.5133812156872857 -1.6812520198510437 0.3437489156205762 0.5305373698821187 -0.4890376107772608 0.6010066533853934
3179.948523037 29.989839686688484 2.505504808210606 -1.682726674263229 0.328142862391585 0.5432072052950891 -0.4744167878977368 0.610063033905309
3179.998523037 29.93048919793075 2.4979021167524276 -1.6909963500540974 0.3108963569158734 0.5393134633004109 -0.4628953941012509 0.6310406466141479
3180.048523037 29.869303029879077 2.490315887339153 -1.698572895101665 0.29570797281948497 0.5376925439266482 -0.4536171833896396 0.6462777838904339
3180.098523037 29.807036347717037 2.483305683277825 -1.6999282069879138 0.28824130278775584 0.5545665766662029 -0.43840665586780037 0.6458888971818281
3180.148523037 29.744936721256757 2.47580075072316 -1.7040153683660386 0.2762182079221145 0.5594192072081579 -0.4298882673174673 0.6526482435751112
3180.198523037 29.682095320765583 2.4676463920725586 -1.7072902305132915 0.26265203651502445 0.5567758129973093 -0.42118538557915974 0.6660461491144817
3180.248523037 29.61840213085457 2.4603188558240294 -1.7066947917510669 0.24742519789199846 0.5552003086649936 -0.41733016847929966 0.6755508264989696
3180.298523037 29.55431397836405 2.452827843472039 -1.6992598850053608 0.2386155913990949 0.5599233118025161 -0.41698790238479616 0.6750330167525811
3180.348523037 29.490873129814496 2.442481820714152 -1.6881894368755856 0.2393438373589381 0.5726547858910934 -0.40962727088966666 0.6685705068710465
3180.398523037 29.426070193548405 2.4278630183799366 -1.6823359747234732 0.23249203713750105 0.5639837717198268 -0.3991564953246313 0.6845026297571769
3180.448523037 29.36133569816662 2.411146646164502 -1.6732392405134497 0.22233413559452184 0.5659158746975633 -0.38499897589652865 0.6943216426652369
3180.498523037 29.296628727192275 2.394115407775901 -1.6612621357387876 0.21459989340443905 0.582190609742678 -0.3680988871549632 0.6924624097765381
3180.548523037 29.230582055265085 2.3771878999370593 -1.653499557617213 0.20478221580962208 0.5921573464466412 -0.3508291081132056 0.6959402690158594
3180.598523037 29.163570939942566 2.360740573058785 -1.6490841842485349 0.19253346871807933 0.6001496578309414 -0.33437045571429197 0.7006765658805817
3180.648523037 29.0970895987836 2.345077396106897 -1.6475098183792432 0.184933671474214 0.6037949107951046 -0.3226229813204628 0.705085565571226
3180.698523037 29.032662188551562 2.3313436810804538 -1.6460011051929289 0.17868871064743866 0.6085107458194808 -0.3229638288986064 0.7024808767023676
3180.748523037 28.971444296209967 2.3199552987000693 -1.644490788428209 0.17871519627709748 0.6097608534408774 -0.3342238847538248 0.6960940849416505
3180.798523037 28.91307248179643 2.3096293951928164 -1.6433863390029009 0.187640568883864 0.6028642947444266 -0.3452330715802188 0.694377264402092
3180.848523037 28.8563776547276 2.300143430905645 -1.63878166340965 0.19435546509224533 0.5979070330684513 -0.34558178386964017 0.6966393354193664
3180.898523037 28.80039477686388 2.291997820988445 -1.6270677621587635 0.19218036975004876 0.6102060362385014 -0.35176749278064523 0.6833556393589286
3180.948523037 28.744664670584505 2.2834293685903164 -1.6202672854627893 0.2004087702051961 0.606531779738666 -0.3538211153712576 0.6832028566314156
3180.998523037 28.688620574947556 2.274030238267783 -1.6166687068642287 0.1997678892353737 0.5892104128982689 -0.3515720011159767 0.6995148374366356
3181.048523037 28.633982393278774 2.2660661727842926 -1.606872835957668 0.19406782138757975 0.5940981714479547 -0.34888776033597996 0.6983282709956822
3181.098523037 28.581138599622793 2.2593387056238425 -1.597139152561977 0.18748897291077493 0.6051544578358204 -0.351371616639429 0.6893286257065575
3181.148523037 28.528302953767295 2.2525190751559316 -1.5919304039922504 0.1830094035133323 0.6163558337473422 -0.3517839778364766 0.680338943004778
3181.198523037 28.47343256574869 2.2453995927355836 -1.5939983665660635 0.17773784423915615 0.618728839941857 -0.3499926003937372 0.6805064738994415
3181.248523037 28.416348659451618 2.2392230271353615 -1.6000115818636365 0.1744986683863912 0.6143494991695904 -0.3474429706420863 0.6865917926634808
3181.298523037 28.358054464184036 2.234897849582957 -1.604281479362374 0.1731351698721604 0.6177084947313642 -0.3458601149447454 0.6847198035550439
3181.348523037 28.2984186228107 2.230748691514971 -1.606697054960121 0.16978330802929784 0.6239695827518792 -0.34465905718568135 0.6804746302507919
3181.398523037 28.23773301605852 2.2260256957241302 -1.6078405643355125 0.16577657314111904 0.6289468722879902 -0.3405872612103752 0.6789287717706164
3181.448523037 28.175208390486723 2.2208135046113795 -1.609279145906554 0.16772080220968624 0.6237044467672599 -0.3331893249112836 0.6869114712639822
3181.498523037 28.111971671249684 2.215998829383089 -1.606142731098278 0.1720010157101036 0.6182135257698094 -0.32701455549869257 0.6937500757779753
3181.548523037 28.049544591680288 2.209739824495489 -1.5981888237114956 0.1700824733070404 0.6193321259984748 -0.3256644795433291 0.6938604447176263
3181.598523037 27.986363070496484 2.1997509217237767 -1.5901144541552272 0.16952053817976762 0.617950641955352 -0.31443608626168496 0.7003782827148803
3181.648523037 27.923174667017168 2.187062378415817 -1.5812785725469183 0.1668543200980845 0.620315118739791 -0.299544557373801 0.7054373448260156
3181.698523037 27.86009963110839 2.173075611589713 -1.5722122935857539 0.1638036787728654 0.626358212595406 -0.28268146399714605 0.7077675707795564
3181.748523037 27.796287878581357 2.1580490454522248 -1.5660303327809517 0.14988497688602395 0.6321244056202941 -0.2689051990138686 0.711085946610097
3181.798523037 27.731951292107468 2.142670195692966 -1.5618571445173726 0.13471603408071514 0.6389131339108344 -0.2547633063347111 0.7132581967444931
3181.848523037 27.666317116347773 2.126631520206488 -1.5599762090036795 0.11653312326801195 0.6454213719210145 -0.2412989668932725 0.7152804292200627
3181.898523037 27.599716107425927 2.1102241425343387 -1.5602025776629804 0.10447099101182211 0.6458259075641392 -0.22781712760626474 0.7211754748500498
3181.948523037 27.53415775318389 2.0942268227026752 -1.5596177407106706 0.09227215961985794 0.6475278868565983 -0.22071941154264807 0.7235167072503462
3181.998523037 27.469788779084233 2.0778966228767577 -1.5578231069706066 0.08767566604750278 0.6479808911629846 -0.2126245744741172 0.726102287973569
3182.048523037 27.40601959174511 2.060712282302138 -1.5544326325234195 0.08874005410000095 0.6453066211257109 -0.1958523564273477 0.7330391681291677
3182.098523037 27.343241663601862 2.045135916123512 -1.5461798830359406 0.08379451032956138 0.6527094213364377 -0.1831527705841304 0.7303450923807449
3182.148523037 27.280381409229037 2.030195251055433 -1.5406152722867543 0.07180874646532338 0.6525419290547854 -0.1864881102889774 0.7309273010890923
3182.198523037 27.2188849517525 2.0139388173367805 -1.5385109188983583 0.07394661160627301 0.642860540740083 -0.18272219649918792 0.7401856677198171
3182.248523037 27.159750719684073 1.9963375612378544 -1.5355200238219358 0.06779636842795483 0.6409944043220271 -0.1760532676592662 0.743999377017431
3182.298523037 27.10261791642018 1.9786129277731452 -1.5347348156929876 0.056309525449959125 0.6388709195449478 -0.15982273115801554 0.7504198025829184
3182.348523037 27.0456614304798 1.9628059458317224 -1.5338034414749557 0.042462077205445176 0.6452564139152803 -0.14851973993225692 0.7481864868808085
3182.398523037 26.98778942667383 1.9492516789315015 -1.537198070439148 0.03086854781796751 0.6469116006356551 -0.14395234178089528 0.7482180410912456
3182.448523037 26.929021654167205 1.9370812973995855 -1.544215246936096 0.029727609472825864 0.6404882153455018 -0.14244884028985266 0.7540553316160834
3182.498523037 26.870094401117353 1.9245422588095358 -1.5482927694160273 0.018515265585759128 0.6425184594218185 -0.1425128814585883 0.7526734304204394
3182.548523037 26.80981623180891 1.9100271102298196 -1.5527904619132327 0.007882289582953825 0.6441133139724216 -0.13126599065405908 0.7535417360518287
3182.598523037 26.749286903643306 1.8947069505976442 -1.556093339239007 0.0017965533238465045 0.6466024653831733 -0.11369845142958462 0.7543041073062452
3182.648523037 26.690133255578317 1.8809055500139373 -1.5569036823567568 0.00021610131016789458 0.6478509595382282 -0.10138781253364545 0.7549898005902219
3182.698523037 26.631649522074877 1.8674896814468922 -1.5555458743639035 -0.010892830610420116 0.6418209257813812 -0.09396820976845632 0.760997517094067
3182.748523037 26.573836451419005 1.8557939441952096 -1.548723653923847 -0.01752958794213279 0.6375144834294518 -0.09912474057168472 0.7638339366451679
3182.798523037 26.51869162477122 1.8421289297744736 -1.5377662721608616 -0.015391920717889078 0.6372124482877141 -0.10362857251026986 0.7635342189340799
3182.848523037 26.466496723867582 1.8260003582684383 -1.527401858795196 -0.00834206830148155 0.631914893042093 -0.09432060258354708 0.7692318257692738
3182.898523037 26.4168520598482 1.8107306721595262 -1.5149697939024251 -0.00656628306580076 0.6322999325179008 -0.08860014033147345 0.7696126911621204
3182.948523037 26.36781474687783 1.797081145301632 -1.5041769997788024 -0.007001119775750839 0.6254333610092883 -0.09673399261407212 0.7742264719908845
3182.998523037 26.319074403121174 1.7852628075094286 -1.4925345688273346 0.00011368168754035538 0.627871021092718 -0.1015798613123933 0.7716602229765485
3183.048523037 26.269518406517 1.7747050024087354 -1.4844275140035774 0.0027533263998374617 0.6276049995171766 -0.11467902071155531 0.7700344836326614
3183.098523037 26.21872215273356 1.765172955636754 -1.4799680284342367 0.004997203734046371 0.6250137950470482 -0.12721659692601534 0.770161490482542
3183.148523037 26.16715740823466 1.7570915202338833 -1.476601037784267 0.010503686868558813 0.6241035194655211 -0.13794621202975654 0.768996301772355
3183.198523037 26.115364257439172 1.7504976908196777 -1.4731033487510015 0.009519346602636862 0.6264671948224283 -0.1530956950357404 0.7642054331219454
3183.248523037 26.063435268874173 1.7452123767849368 -1.4717196274114142 0.02171605538610565 0.6230688436363974 -0.16275009498991502 0.7647391945028342
3183.298523037 26.013037321422527 1.7414928847675768 -1.4683748527205769 0.033466249028206906 0.6234211323749258 -0.17144557899831794 0.762123687682176
3183.348523037 25.962986180378635 1.7385282738571295 -1.4674105137291862 0.0369240010823659 0.6154011272906039 -0.1807237905414966 0.7663269421114179
3183.398523037 25.913392369826166 1.7373384051087688 -1.4644552009777494 0.04738031458088065 0.6090904568842729 -0.1835467656325631 0.7701133072143017
3183.448523037 25.86531481475794 1.7408385548345446 -1.4568560661277852 0.05802416952168223 0.6117278264215357 -0.1879359231836975 0.766226044265003
3183.498523037 25.81848443307218 1.749839756752061 -1.4505423074359667 0.06493183327269535 0.6072115546118457 -0.20411803306239903 0.7651233975983547
3183.548523037 25.77203183437696 1.7635854188719384 -1.4449070898081884 0.07526870003904261 0.6023748871661656 -0.23220867275851012 0.7599725326626698
3183.598523037 25.725948356063693 1.7807112469061877 -1.4410676373280544 0.0923801477315139 0.6011237042374018 -0.2659702110402554 0.7479144652620449
3183.648523037 25.680404104406275 1.7998083292936147 -1.4422762619049132 0.12589499437271945 0.5914826357970984 -0.2993884006260769 0.7380144493930793
3183.698523037 25.635356263052834 1.820510929798962 -1.4475309228522002 0.16506474583817324 0.5739085046491571 -0.33089772586212995 0.7306773248103562
3183.748523037 25.59101374569433 1.8428640771295217 -1.4514538853669878 0.20241220500263157 0.562556999619618 -0.3637193604254517 0.7143298595863442
3183.798523037 25.545457028012024 1.8652840342727595 -1.453715035322587 0.2313457453609804 0.5565522025476999 -0.39216399954672276 0.6949361045464502
3183.848523037 25.497099253523338 1.8864458112234805 -1.4554956827889558 0.24953519978989944 0.549785259295325 -0.41552332352833055 0.6803004632743959
3183.898523037 25.446607670286394 1.9061282046847416 -1.454413017878737 0.26418988934270865 0.5445126510519389 -0.4310279054332871 0.6692717086141249
3183.948523037 25.396161741062418 1.9257992895169922 -1.448278443216058 0.2805088368180834 0.5392719712889519 -0.45017029109094203 0.6541003305825418
3183.998523037 25.346607623279517 1.9440160072397636 -1.4360665726582929 0.29866295673242177 0.5366078563217632 -0.46788450392496006 0.6355600190355776
3184.048523037 25.298888966184652 1.9598861246445598 -1.418858324255389 0.32760824447414394 0.5402187633194253 -0.47925738901326165 0.6092198954288932
3184.098523037 25.251267802666792 1.972233533697273 -1.4039012926523646 0.34605087314331723 0.5412295976153626 -0.4914041298717902 0.588082729730103
3184.148523037 25.201998425501266 1.9803565455671408 -1.3936410790364213 0.3583930068983379 0.5374106370045092 -0.49767251177298316 0.5788491434444262
3184.198523037 25.15216608391018 1.9867448685639018 -1.3873981079778521 0.3721481488883066 0.5323340756085837 -0.4994443792992994 0.5733075084204803
3184.248523037 25.102425532023158 1.9927574302880557 -1.3851651637363658 0.3866498664821989 0.5277383426876502 -0.5047690556304125 0.5632071758106175
3184.298523037 25.05172591069213 1.9977127804319443 -1.386298725031795 0.40443601075646474 0.5221300456196272 -0.5073803547902214 0.5535132376353723
3184.348523037 24.999389417602682 2.002529566353875 -1.3937183302487068 0.41166992711461825 0.5081645521017137 -0.5155320924410245 0.5536454829221392
3184.398523037 24.947362543498212 2.0073916439483286 -1.4010580682352538 0.42254711711470794 0.49073354790009144 -0.527022435464106 0.5503470462362092
3184.448523037 24.89707273583 2.0130190150834015 -1.4052844322700708 0.4368902958227481 0.47390819204201756 -0.5391243797383473 0.5421095812685109
3184.498523037 24.849122193664176 2.0194498548518904 -1.4068715018914588 0.44756168348523956 0.44928359595321316 -0.5600955637971005 0.5330344728983448
3184.548523037 24.80232815546276 2.0257780428977887 -1.403270235140957 0.46051941374407657 0.4286078477260422 -0.5782049604804452 0.5195153569513307
3184.598523037 24.75505773053351 2.032546228450993 -1.396062184067677 0.4708209678089141 0.4134755624056183 -0.5951173712069354 0.5031907094259409
3184.648523037 24.70674884975957 2.0391790695441023 -1.3873997886633558 0.48481268642512854 0.40226600060547146 -0.6011001305834455 0.49174928251162064
3184.698523037 24.659354968280077 2.045523429504003 -1.3824019294355614 0.48263656734625515 0.38358452158947487 -0.61512236165814 0.49147669206719247
3184.748523037 24.612365199145678 2.052267347900432 -1.3743010358233543 0.48657758538603063 0.3771484956064967 -0.6190427664243225 0.4876344112133374
3184.798523037 24.56737808840395 2.0602392406871526 -1.368674544702504 0.4862912992862206 0.37266611197967014 -0.6313736882873149 0.4754029942679664
3184.848523037 24.52026114757073 2.068994000084871 -1.3655199011170385 0.4892791610937688 0.3719312298607839 -0.6370619570376358 0.46521513912275053
3184.898523037 24.471793852962893 2.0782143435273768 -1.363496243708613 0.49060833637832535 0.37781893912650466 -0.6419716678414478 0.4521379072830376
3184.948523037 24.42209101099646 2.0877083349638337 -1.3599855958434734 0.4945911268521407 0.38989026436277163 -0.6434159326154332 0.43517943040873425
3184.998523037 24.371212427222353 2.0972185481664805 -1.3539368328050556 0.5039189106044594 0.4057561883912893 -0.6405704891925977 0.41363884669230916
3185.048523037 24.31831807741927 2.1064687414880514 -1.3469814983677293 0.5111655342743177 0.42351941732721166 -0.6374148209126664 0.391207676046552
3185.098523037 24.262187475154132 2.114508675728386 -1.3402076915543528 0.5224427702674128 0.4318720146483235 -0.6294551974774932 0.37990297330697453
3185.148523037 24.203576485627487 2.122438132113143 -1.3339039204837473 0.5206223583034859 0.43591169684922393 -0.6301160705647019 0.37667902808710574
3185.198523037 24.14335428344516 2.128519232470279 -1.3226642049633115 0.5229372990008722 0.44348209088583757 -0.6255750611743824 0.3721774566169558
3185.248523037 24.083305164679317 2.1326327297393095 -1.3105340107099699 0.5246708741309237 0.4499968871873737 -0.6220901060140851 0.3677324779778785
3185.298523037 24.022204375675503 2.134968052491666 -1.2978944777981762 0.5272980770790702 0.4571549421419431 -0.6162948050570429 0.36489287475040283
3185.348523037 23.960178277729042 2.1354702183917675 -1.2845671653113746 0.5331198992327403 0.4675505327797601 -0.6048023950121414 0.3624827379710835
3185.398523037 23.89837554432385 2.1349272402822406 -1.272761790033167 0.5356285081821307 0.47952472436303284 -0.595334009867188 0.3587973754678221
3185.448523037 23.837170226363543 2.1339087375070545 -1.2627569148526911 0.5379793759901496 0.4932687475319679 -0.5864702856553462 0.3511648299030379
3185.498523037 23.775270755966368 2.133468886814559 -1.258185546731681 0.5351332963752617 0.5021139043332515 -0.5837504382808708 0.34749015524566446
3185.548523037 23.712589339626877 2.1324568934558945 -1.2563269068620129 0.5332931358102754 0.5079675590457723 -0.5827688008913504 0.34343545967529454
3185.598523037 23.64794355432844 2.129579667193521 -1.2542585781221824 0.5359943960439454 0.516041287364564 -0.5756509764211538 0.3391715649785251
3185.648523037 23.584458618786424 2.1260492023596482 -1.2541483164971925 0.5372815989850287 0.515346155731333 -0.575242622251389 0.33888456546495777
3185.698523037 23.52067056754479 2.1209789764283835 -1.2522727014162864 0.5406260511736888 0.5149735341002266 -0.5710979474587079 0.34113467483842497
3185.748523037 23.45863794935591 2.1168811182837763 -1.2495009095196747 0.5456788680037847 0.507662746679041 -0.5699543950503139 0.3459264317903891
3185.798523037 23.39749711361746 2.116226574320186 -1.2489597944256225 0.5400078162880092 0.49249470765222214 -0.5807060039080181 0.35863778148375397
3185.848523037 23.335970638630403 2.1156945120434174 -1.2490529939305726 0.5369436908009243 0.4752737137145778 -0.5874484349384834 0.3751142575927521
3185.898523037 23.27306431338683 2.1162920689673945 -1.2531671900067365 0.526634299430753 0.4491583895033721 -0.5942692115601929 0.40958168903583075
3185.948523037 23.210698069276482 2.1165854424300568 -1.2575428703383775 0.5093983490072688 0.43297155280408434 -0.6006361854698532 0.43850328299262814
3185.998523037 23.15027910039109 2.1161749040114186 -1.2622855946796165 0.4969246014593781 0.42178382041339574 -0.6078163468800917 0.45356767716324153
3186.048523037 23.08824168425597 2.115391032054645 -1.2687851521313291 0.49336326368464706 0.4141118732500432 -0.6056524677198378 0.4672142279775354
3186.098523037 23.02465404713271 2.1143182536773986 -1.2764709138026127 0.48649478535986396 0.41425550803306277 -0.6032150973542248 0.4773329490050548
3186.148523037 22.958515551655246 2.1133981949175804 -1.2837524083992622 0.48319761926785126 0.41915583597479605 -0.5930812640530138 0.4889612051394566
3186.198523037 22.890287240116308 2.1134939698276876 -1.2906703181776893 0.4741463464682294 0.4275846290655555 -0.5840900479375183 0.5011940173406391
3186.248523037 22.820648515466917 2.11327945806516 -1.2955821491325097 0.459128149914632 0.44152788103122725 -0.5770715566312855 0.5111192529686067
3186.298523037 22.749120665046995 2.1123777940393023 -1.298546088211059 0.44927795621465605 0.44958492134010636 -0.5643142610455446 0.5268511472359276
3186.348523037 22.673955844638375 2.111586639571258 -1.2993836786140849 0.42900278872392494 0.46031886414316586 -0.5518648257387342 0.5472735739037633
3186.398523037 22.59615129365684 2.110508232645892 -1.2944037596962468 0.4047152465518193 0.48230253797034417 -0.5338130405131486 0.5644762783802101
3186.448523037 22.519759126839688 2.1064641390620777 -1.285458307697926 0.3919792639331713 0.5069194702465893 -0.5092679815856044 0.574483272396204
3186.498523037 22.44512518990057 2.0986101256599254 -1.2766244022503581 0.3766596222929073 0.5182603632989892 -0.4934883643405722 0.5882201620378469
3186.548523037 22.370364563103728 2.0884939297442693 -1.266492871008747 0.3607821037940472 0.539647368821621 -0.47695963756659865 0.5925592755481782
3186.598523037 22.2950367379021 2.0757875208683134 -1.2592098381142796 0.3521357550383023 0.5575473040070704 -0.4546710344166584 0.5986782644129802
3186.648523037 22.21736146183543 2.061013152876416 -1.2575389321402337 0.32940150478209207 0.5707011861214091 -0.4328798164153172 0.6151502819207283
3186.698523037 22.13808944609174 2.0446022953534304 -1.2585909678247933 0.29828498008714194 0.5843135931451976 -0.4080253269578612 0.6349165520610504
3186.748523037 22.059172804220072 2.0261559894918206 -1.260088273419636 0.27073446285064134 0.598542089142938 -0.3812931367977227 0.650435055928211
3186.798523037 21.981432726091906 2.006877610688563 -1.2633867767995837 0.23858642369788932 0.6084831933736625 -0.3581753152369863 0.6667347038843313
3186.848523037 21.90634529176553 1.9872496492800764 -1.2683174896566394 0.21804823574257753 0.6073904732280198 -0.33613680336796636 0.6859619736858281
3186.898523037 21.834831260070032 1.9690839368709097 -1.2717083891010321 0.2134143069306469 0.5995106298441448 -0.31162432237581666 0.7056426999586983
3186.948523037 21.76634535496522 1.9545376907918213 -1.2722257703420163 0.20409464383305115 0.5910952295669927 -0.2918761858484699 0.7237127179180659
3186.998523037 21.698768278577504 1.9428739621083377 -1.2684260210055782 0.19563366696781803 0.5833799872070318 -0.28767490813469515 0.7339198907951351
3187.048523037 21.633209138124894 1.932512004027902 -1.2598998718245706 0.19910771816245582 0.5804649895562489 -0.28260809744597126 0.7372578760010452
3187.098523037 21.570705429061025 1.9222220376619013 -1.2518029384363538 0.19460332498967914 0.5767059695416523 -0.27472589721736523 0.7443557294708611
3187.148523037 21.510906776720933 1.9131311916723304 -1.2491196175740318 0.18262387555248946 0.5621592673982997 -0.2675462552642055 0.7609497220253757
3187.198523037 21.452641969216526 1.9064059025690252 -1.246334867918534 0.1780208241072366 0.5552705771901479 -0.26136234536958564 0.7692027669698087
3187.248523037 21.394700741813853 1.9019734685896854 -1.247589581934516 0.1714770459601344 0.5466517139090213 -0.2570185184500342 0.7782730931767237
3187.298523037 21.337206847138365 1.8999923384823663 -1.251349234346502 0.1669682412370757 0.536347461749285 -0.25533825683349964 0.786927811994548
3187.348523037 21.27949510177472 1.8994344375570344 -1.2544254733187317 0.15856549160034306 0.5323662951601803 -0.2545293379465863 0.7916172868093762
3187.398523037 21.21980486314569 1.8989027495693742 -1.2570509671819328 0.14656020559833438 0.5318527377146038 -0.2527406660235506 0.7948427059855471
3187.448523037 21.15877036365071 1.89820125351272 -1.2600695536111917 0.1311717213671033 0.5298674831239405 -0.24799826832248786 0.8003319865846542
3187.498523037 21.097451205678 1.897863151805609 -1.2621593395583166 0.12420857223276656 0.5257340302650386 -0.24202874295781596 0.8059764559758782
3187.548523037 21.035869633056816 1.896871626398075 -1.262985266182123 0.11739639996527604 0.5154312054721297 -0.2360127941197616 0.8153813333113059
3187.598523037 20.973561284196897 1.895661825355874 -1.255214253074878 0.12024715684547028 0.5188052063330896 -0.2250272009676027 0.8159316993333129
3187.648523037 20.911872590070413 1.8934494504735897 -1.243508443694379 0.12091155825500063 0.5274553879000512 -0.2137749584219912 0.8133089671257967
3187.698523037 20.85199033402492 1.891057220905605 -1.2346685922163088 0.11780250313779171 0.5232950064821028 -0.20665202689245368 0.8182785871734681
3187.748523037 20.793309850838973 1.8895955785493952 -1.2238022642292052 0.12352774933091434 0.5256534901051514 -0.20441484236244453 0.8164826242532348
3187.798523037 20.735022868952555 1.8873067656022569 -1.2138689324046974 0.12770807875296641 0.5299570472762476 -0.20461425906745026 0.8130001104856909
3187.848523037 20.67523146338955 1.8833033639556822 -1.2047375606994375 0.12816419980763408 0.5407741287633749 -0.2025455826006675 0.8062955825978697
3187.898523037 20.614121132971874 1.8782442630872693 -1.1960701973606165 0.12382533095970072 0.5618889373906408 -0.20255143320621652 0.7924146808059809
3187.948523037 20.551394102394436 1.872524679254975 -1.1923819621744363 0.12138784850531908 0.5758914963391856 -0.19811706432500475 0.7838135004595833
3187.998523037 20.487597508805123 1.867706982625911 -1.1891519449540906 0.11770510830346013 0.5895999467130012 -0.19787256753357402 0.7741859320169595
3188.048523037 20.42453154930648 1.865575261097563 -1.184804747052193 0.11099576273971756 0.6038888750633578 -0.20822672903111725 0.7613407887047312
3188.098523037 20.362789210696082 1.865276067069569 -1.1798058842963934 0.11535818242691187 0.6144173563388725 -0.21614329538218574 0.7499772515470317
3188.148523037 20.300870931295655 1.8663341054217064 -1.1746508748280406 0.11550970786810383 0.6166978653886298 -0.22002374204206895 0.7469476575712236
3188.198523037 20.23928575908758 1.8709578137499696 -1.167790551350746 0.11844820792765054 0.6170745687402621 -0.22822230330986115 0.7437093376613537
3188.248523037 20.18059581696514 1.8769988666323423 -1.1588064149864723 0.12733870107430947 0.6210134861169082 -0.237682780181789 0.7359578800955174
3188.298523037 20.125635555253005 1.8846166668097433 -1.14940336799082 0.13546859151503912 0.6246912533150375 -0.2405565376993624 0.7304393547138014
3188.348523037 20.073037600194642 1.8945845232926064 -1.1416032803793783 0.1388837108315443 0.6239192291729495 -0.2457902526450916 0.7287134292975221
3188.398523037 20.02103399433754 1.9062810871041487 -1.1349568723303183 0.13712394716797366 0.6268224379765929 -0.25178476789833554 0.7244964354753836
3188.448523037 19.968237901155156 1.91982491274616 -1.1325807562579255 0.14289742626694213 0.6311871340178673 -0.2566077212156804 0.7178687936030443
3188.498523037 19.913899184005576 1.9342081650530816 -1.1365539075085482 0.14646193313613276 0.625501562706491 -0.2610166883136809 0.7205324320358686
3188.548523037 19.8583370014782 1.9486545616157382 -1.1415379460763866 0.14494964751371864 0.6235961121899074 -0.2665313656565329 0.7204710401317632
3188.598523037 19.80134268929398 1.961205542499194 -1.145155076906978 0.1504688496717261 0.6267820472661139 -0.2615915376720445 0.7183823897630996
3188.648523037 19.742516229933006 1.9725721174664999 -1.1477357698502648 0.14219861983195003 0.6296642009015717 -0.2598011595566345 0.7181962852270276
3188.698523037 19.682290842711442 1.9848827599987797 -1.149264647999907 0.14037221491004478 0.6310284257845645 -0.25932296633110136 0.7175307423841443
3188.748523037 19.62134640321145 1.9970201490867354 -1.1539303861401007 0.14038463007154128 0.6108234183320105 -0.2634780916329333 0.7333254410467034
3188.798523037 19.561471377831033 2.00742771845761 -1.152104341684219 0.12395220863460346 0.5944611685329811 -0.2782159753363026 0.7442094061140831
3188.848523037 19.503303860636937 2.0165044841490616 -1.1367888018962191 0.13975894249755333 0.6250414237885679 -0.2678182585311015 0.7197666545052597
3188.898523037 19.446240840717252 2.0269705266892757 -1.1315242695317298 0.15196018622000065 0.6177118914805231 -0.2696368153560703 0.7229357569882497
3188.948523037 19.39166581950504 2.0371049710526803 -1.1278412865044547 0.15460271930952166 0.6015009439639423 -0.28560001754991365 0.7298816640854029
3188.998523037 19.337855195888597 2.04295767342278 -1.1185418157372704 0.16985051632744264 0.6136508292506476 -0.28111660512910996 0.7180229217678068
3189.048523037 19.283134703470004 2.0458262132810834 -1.1160626341508175 0.17053359703044485 0.6131356794343464 -0.2787788404585962 0.7192115745738529
3189.098523037 19.22743299126659 2.047193494904547 -1.1151926705283821 0.16998557726890878 0.6166503715362187 -0.27519589852620846 0.7177147345841189
3189.148523037 19.170222138813305 2.0479864964320997 -1.1159431655421552 0.17261254338547405 0.6220508068134504 -0.2688540589275572 0.7148252923665411
3189.198523037 19.111225082429996 2.049623832707735 -1.1190372590046787 0.17312266503093832 0.6209918702786724 -0.2695208472722201 0.7153713390862447
3189.248523037 19.05177941468004 2.0515208942940664 -1.1201341473160966 0.1799062919080911 0.6243661044010365 -0.2685755261085754 0.7111032840470201
3189.298523037 18.99263779792514 2.053335428102502 -1.1202544090666717 0.1878418219470792 0.6247025727806257 -0.2688940675835694 0.7086311635168412
3189.348523037 18.9334226526915 2.0539917921704935 -1.1198600716411964 0.1928743453892505 0.619444071556277 -0.2676111538302645 0.7123712511395196
3189.398523037 18.873539593261363 2.054700983457775 -1.1151177413537086 0.19795212441380122 0.6198507992681846 -0.26144036387647235 0.7129157588542938
3189.448523037 18.81361800910574 2.0578690903125376 -1.1090045671429063 0.20202049466037975 0.6194059781493513 -0.2633334244091546 0.7114629024474635
3189.498523037 18.75504495664128 2.0625267802079374 -1.1023758527538376 0.2103308285571579 0.6188523370507243 -0.2652070480184394 0.7088356291600061
3189.548523037 18.69768516212781 2.067689550344472 -1.0964878421421942 0.21321665698244782 0.6151299569871954 -0.26992892822296594 0.709430875357537
3189.598523037 18.64105461735473 2.072810313617854 -1.0901736903210915 0.214264930414702 0.6132394356374089 -0.2746081178374717 0.708955792550746
3189.648523037 18.584813087322697 2.0776704051045405 -1.0829373173701138 0.21660791866698265 0.6165860596627425 -0.2758788326897148 0.7048358037685738
3189.698523037 18.52879103590588 2.0834524216078334 -1.0764104300065045 0.2170319306163278 0.6212329327805926 -0.2802875977775328 0.6988602484430442
3189.748523037 18.472050588707198 2.089170011717579 -1.0709302978707242 0.21988830575238766 0.6298451234156549 -0.27926701659023895 0.6906186986663845
3189.798523037 18.41392043564887 2.0959301898332585 -1.0697464829704626 0.21916341718156893 0.6311419996471033 -0.28012121922535277 0.6893179784326355
3189.848523037 18.354512969202954 2.102435547515341 -1.0689291630748454 0.21996463329135219 0.6340385113656016 -0.2780672983162879 0.6872330782299216
3189.898523037 18.29443957049152 2.108281899231454 -1.068401262524456 0.21557076547602422 0.6347807425249163 -0.2770572247753782 0.688347258432372
3189.948523037 18.234930830345856 2.1134081888108707 -1.0655989399191372 0.2108442266888906 0.6374865965851854 -0.27816623974736165 0.6868617723465286
3189.998523037 18.175565921025232 2.115460937629443 -1.0639959608355092 0.20936666766867143 0.6335460013497991 -0.27577702145990396 0.6919046878564273
3190.048523037 18.115088902586425 2.113023474442125 -1.0605495431880096 0.19800118588679227 0.6260408413373991 -0.2684313752921928 0.7048496237664651
3190.098523037 18.055726101046613 2.1097585726123023 -1.0496256748221313 0.19497872761919943 0.6336311737054934 -0.2623280056059529 0.7011981524215536
3190.148523037 17.996552019860932 2.104704545158665 -1.0409607751889884 0.1923183928548593 0.6322901896549364 -0.2552594177366642 0.7057374734932159
3190.198523037 17.93848058209437 2.099155116456343 -1.0319345613018833 0.18852860260619045 0.6300181981058747 -0.25013793294074466 0.7106089294111885
3190.248523037 17.881618854664282 2.092920923635533 -1.0212012410425308 0.18454840032702954 0.6347595638527868 -0.24657430478806625 0.708677145287215
3190.298523037 17.824311979008343 2.0854116877587607 -1.0132822019785042 0.17722071125707325 0.6387010427770365 -0.24007245222667278 0.7092383345102937
3190.348523037 17.76680286523455 2.079575239422957 -1.0067538663877238 0.17152058634743714 0.6464518121382814 -0.2396445811206651 0.7037408740308216
3190.398523037 17.70770623492354 2.073976228688476 -1.0047685224287943 0.16555253064396522 0.652327450932854 -0.23930181097552572 0.6998541988304834
3190.448523037 17.646809555745428 2.0699578182832132 -1.0080588843328204 0.1622391494873967 0.6494562792691351 -0.24192060532994492 0.7023954871781926
3190.498523037 17.5856016824178 2.0660960913243747 -1.0102781032258359 0.1623487149744883 0.6498727113937431 -0.23970519632262927 0.7027444575290559
3190.548523037 17.525354477116288 2.0647152829174087 -1.010867147690108 0.16613260313137718 0.6494201573259619 -0.2393348751046423 0.7024046091777592
3190.598523037 17.464936520554684 2.065500268685123 -1.0109493369682951 0.17244129933710772 0.6433133897397625 -0.24099569362459922 0.7059270192582694
3190.648523037 17.404766545238104 2.068098100953751 -1.0083520405253612 0.1802720709578966 0.6365781509571612 -0.24549387678789583 0.7085216966446141
3190.698523037 17.34461393159918 2.071146066156956 -1.003147459009284 0.18411440225219136 0.6302125580960085 -0.24996014540196634 0.7116557764903138
3190.748523037 17.285960292658675 2.074790028434218 -0.995502233602924 0.18595011589368768 0.6239757065894622 -0.2526261339558439 0.7157212505073671
3190.798523037 17.22777357500128 2.076814744647025 -0.9848419606001338 0.18341843057717477 0.6289668207345762 -0.24954991079099412 0.7130801215598794
3190.848523037 17.16838755179539 2.077967781437702 -0.9776686218347419 0.1771015986268829 0.635244436457545 -0.23947384220406343 0.7125670555207854
3190.898523037 17.107536929833138 2.078522684198677 -0.9776326691067952 0.16678909028496045 0.630982161947104 -0.2286311246188181 0.7223369847391234
3190.948523037 17.046356039740317 2.0801584154061183 -0.9794395836352177 0.15500055599892168 0.6284855151315016 -0.21843521930363033 0.7302512169641975
3190.998523037 16.984908879862935 2.0826427078507166 -0.9816527828657159 0.14346568377744115 0.6278447644187031 -0.21193218680774664 0.7350600639166713
3191.048523037 16.922858302214102 2.0854559784251614 -0.983033995749877 0.12839857357901993 0.627965441362184 -0.2034141171942515 0.7401323582196322
3191.098523037 16.860602413021596 2.0886870235912447 -0.9821190059792502 0.11297504891935899 0.6323739483555023 -0.1968486115279158 0.7406689219229283
3191.148523037 16.798654304500072 2.091273073763034 -0.9812492207024576 0.1020095760732468 0.6339915202637151 -0.18460694219810056 0.7440222278368618
3191.198523037 16.73714692149208 2.093983855513727 -0.978476838784717 0.0882125640917651 0.6371486066084525 -0.17739426905978065 0.7448432519248663
3191.248523037 16.675083876415922 2.0951731797385067 -0.9761051137873735 0.08261299449759185 0.6328261577684576 -0.16269132738453684 0.7524876604822233
3191.298523037 16.614063839817078 2.0945250904913193 -0.9676409669034048 0.07384076907679257 0.6364025023327121 -0.14563264141176993 0.7538769989873951
3191.348523037 16.55553159318788 2.094350591053695 -0.9570396171358294 0.07182530431497436 0.6421340457192753 -0.1352058368763439 0.7511487034288382
3191.398523037 16.499691559618643 2.0907481600373954 -0.9484449775685171 0.06892570776649352 0.6426407212349174 -0.1191334232127618 0.7537037731716367
3191.448523037 16.446009723637275 2.0858797955140025 -0.9409590487682015 0.05993699423863792 0.6421870907295529 -0.10553265494686126 0.7568792215154392
3191.498523037 16.39315177811247 2.0808568579049616 -0.933647072006268 0.05179241090594539 0.6487122891563896 -0.09515878507909581 0.753282628030341
3191.548523037 16.340095830574924 2.0752448229966762 -0.9307341956209036 0.045760479892859335 0.6516185248677063 -0.08102813541802638 0.7528171875029737
3191.598523037 16.286321663623813 2.070135087614902 -0.9294158182125707 0.03882327963562273 0.6582613910812909 -0.07187465966915822 0.7483439899321039
3191.648523037 16.230597786390216 2.065168631914724 -0.9322324080103767 0.03207910405867111 0.6576809096839561 -0.06336433351512537 0.7499411399291688
3191.698523037 16.173523573094013 2.0609453784332885 -0.9343859302192541 0.029155383178201252 0.6597064730160611 -0.0571243720299444 0.7487817700856679
3191.748523037 16.115736092150414 2.0578852756027803 -0.935350931940135 0.024595113026837048 0.6597355070492107 -0.05602806377650903 0.7490026683685269
3191.798523037 16.05849818880975 2.0542122282868296 -0.9343657229218352 0.02450096469216806 0.6589839157294929 -0.049768068939963495 0.7501086860268751
3191.848523037 16.000600073249316 2.0521895437990847 -0.9302533225055156 0.02199891793386895 0.6548925482124366 -0.04764706209163953 0.7538975761863117
3191.898523037 15.943719412624118 2.0527331077953987 -0.921310115265534 0.024383336726850204 0.656210789188628 -0.05224746047832607 0.7523716208869584
3191.948523037 15.88840747091246 2.0527349560881207 -0.9120855061552042 0.018688250385194588 0.6558250923105208 -0.058727880391133525 0.7523930047908487
3191.998523037 15.834856439282246 2.053788045487034 -0.9052344378273178 0.023997566105345085 0.6568537771973635 -0.057562858881247334 0.7514344612007048
3192.048523037 15.781823171525192 2.05951150595958 -0.9022020626365971 0.028720691270252834 0.6490424229931635 -0.06644666877462928 0.7573003996148931
3192.098523037 15.72907304278818 2.0673409268281087 -0.8988954775408385 0.03284536798509578 0.6475803642266723 -0.0785571443184171 0.7572249525382202
3192.148523037 15.675455092025645 2.076196219147325 -0.89755152006543 0.041474782736514525 0.6502891134639354 -0.08723185981664787 0.7535214090788506
3192.198523037 15.620928043744176 2.0872294346276465 -0.900273968512552 0.04768278717873483 0.643842994677038 -0.09954715855307289 0.7571544843928355
3192.248523037 15.565706830834642 2.1000234678726515 -0.9008968466895632 0.05018011141784151 0.6484661346658812 -0.11181425128580447 0.7513129852591258
3192.298523037 15.508501899759535 2.1148681221285237 -0.9040590406923753 0.05890251940972548 0.6480937073499191 -0.12311733114878967 0.7492310474556054
3192.348523037 15.449342409602755 2.1305319325038 -0.9068802280411933 0.06264111855161031 0.6471930403907499 -0.13409795875270375 0.7478201630036052
3192.398523037 15.390046980908416 2.1470016416775075 -0.9080219416578496 0.07036737079127796 0.6454047076736037 -0.1461110304623473 0.7464266629869971
3192.448523037 15.330421231729899 2.1620319927746636 -0.9077003108573221 0.07591479176566217 0.6437394413752201 -0.15473613787086693 0.7455824593201639
3192.498523037 15.270861722754123 2.175409124878804 -0.9077162632094669 0.08270082500511672 0.6291452992016529 -0.1596788359436605 0.7562006581507407
3192.548523037 15.212209707685963 2.1861866291791543 -0.8979962180689575 0.08717410098386161 0.6352774628007307 -0.1578762415977637 0.7509316305191083
3192.598523037 15.15500547655575 2.196995966818021 -0.8878948982469381 0.09693777716256739 0.640700013453675 -0.15990109110028228 0.7446732177164561
3192.648523037 15.09972601826908 2.208090251908494 -0.8807390182706152 0.1123705117966943 0.6338159981827458 -0.16782704805049214 0.7466486660195789
3192.698523037 15.046249394869141 2.217409096865243 -0.8725398979549452 0.12253429298665906 0.6351472689233216 -0.17730974625994095 0.741710555205156
3192.748523037 14.993974752920398 2.224056344130872 -0.8657967762739663 0.13584474328086293 0.6384599569856103 -0.18345060664290144 0.7350244648793947
3192.798523037 14.94093168937722 2.227178435070981 -0.8620088727914065 0.14325414426815208 0.6421417516997877 -0.18564984027475762 0.7298399534691731
3192.848523037 14.886072241373784 2.2279648189345265 -0.8604728546743543 0.13872395395766585 0.6444970709584992 -0.18846868382064205 0.7279139683665795
3192.898523037 14.830670559876395 2.228027160626503 -0.8599814861423184 0.13314076605479924 0.646544201787109 -0.19586368227685796 0.7251838039523231
3192.948523037 14.775019626499686 2.2279824106797017 -0.859146782002881 0.13038799966276518 0.6498229268199158 -0.2029343387773067 0.7207959402411743
3192.998523037 14.719657131645095 2.227520819115192 -0.857675064273491 0.12475868466611906 0.6530651836621599 -0.21131516383016635 0.7164405334876854
3193.048523037 14.664412537036954 2.227138609071763 -0.8565258061928807 0.12543481799850123 0.6502050041808468 -0.213102110962484 0.7183919885934148
3193.098523037 14.610130033479306 2.2277244530607176 -0.8552253768279756 0.12767493254556078 0.6399305677705024 -0.2186907194996187 0.7255083385028378
3193.148523037 14.557497579182147 2.227947203999881 -0.8503541310664025 0.13050533484733653 0.6324720920913965 -0.21964668082454308 0.7312337149671629
3193.198523037 14.506823455403186 2.227877052336039 -0.8412823580353274 0.1315360538996833 0.6378333741223872 -0.21854337794999626 0.7267087761506364
3193.248523037 14.458834395405674 2.2305879091337295 -0.832223753093102 0.14415694265756854 0.642929565793399 -0.21374827965846083 0.7212295212034673
3193.298523037 14.412011431858403 2.2358044148266334 -0.8260400047971024 0.1445184563807227 0.6374527696204757 -0.22017296057417834 0.724080278491632
3193.348523037 14.36441088980338 2.2421836254062906 -0.8195925538221315 0.14525285610109934 0.6401189482330317 -0.22446688351838576 0.7202527043413682
3193.398523037 14.315441673817977 2.249547442366156 -0.8178753034608068 0.14739085930511417 0.6385264577202276 -0.22791499801035872 0.7201490478133653
3193.448523037 14.265244665163815 2.258697294757239 -0.8222678682857046 0.14249613076759915 0.6265222638299872 -0.2348775388970533 0.7293814141882657
3193.498523037 14.213640290549804 2.2694409932074535 -0.826740397431788 0.1460506295851589 0.620849889870359 -0.23529359871685368 0.7333836310203644
3193.548523037 14.160110505781402 2.2807862249155826 -0.8285070809428886 0.14863943557218023 0.6246026316941249 -0.23337415460988412 0.7302837630905396
3193.598523037 14.104130889966756 2.2918801957328756 -0.82791087857389 0.14825535067093693 0.6391592332998006 -0.22734531814829967 0.7195901137460805
3193.648523037 14.047195678711397 2.3054327921439755 -0.8306277835479989 0.1548030139004432 0.6419163974879605 -0.226530892172878 0.7160049723394232
3193.698523037 13.990295048761048 2.317844710738099 -0.8350804209869196 0.16021384924501636 0.6366767057457372 -0.22699750851293565 0.7193374910289125
3193.748523037 13.93394566115587 2.325910452330486 -0.8394303575469033 0.167106345369666 0.6217709224498984 -0.21323720093655216 0.7348511995429694
3193.798523037 13.87866172040618 2.331474488487801 -0.8369254445677925 0.1622157676788145 0.6198833070229817 -0.19301447311966602 0.7430855560142201
3193.848523037 13.82570916261907 2.340411906503088 -0.8301933454193224 0.1607955786381941 0.6261075099278871 -0.19278871279116733 0.7382185855982184
3193.898523037 13.77408084470328 2.3508590595262953 -0.826435651939151 0.16457339789945066 0.6193702787666128 -0.20335209197800191 0.7402323832233819
3193.948523037 13.723239368973392 2.3589495312153685 -0.8234835056204882 0.1631891128269732 0.6114937042824495 -0.21493823966220282 0.7438052945553608
3193.998523037 13.67247949607323 2.365087352818968 -0.8184132978490792 0.16756403155619695 0.6156835303228597 -0.21890221119752068 0.738199097636031
3194.048523037 13.619898982141 2.3686966065225574 -0.8150945385409404 0.16445132030674536 0.6237289722355098 -0.21640935848599052 0.7328607794138563
3194.098523037 13.564993164026976 2.371565701815263 -0.814567138706809 0.16334179703072874 0.6308957090564947 -0.20781473275467977 0.7294539728365156
3194.148523037 13.507409560703234 2.376274770585172 -0.8173763247239747 0.16179075539803248 0.6336621469141211 -0.2070189534247032 0.7276257196930723
3194.198523037 13.448052728535169 2.3841964621055456 -0.8188422016212222 0.16942370752668548 0.6397061093247556 -0.21381142230281824 0.7185794157317212
3194.248523037 13.386562003212907 2.391539943114567 -0.8215941730475365 0.1722204440119538 0.6397962834027651 -0.22018761044782414 0.7159037998318011
3194.298523037 13.324060799850905 2.397979416129618 -0.821559540001993 0.18118911205098714 0.6389630502435627 -0.2225088717021253 0.7137131973779556
3194.348523037 13.259238063621583 2.403490555299462 -0.8188081409011354 0.1900027511155376 0.6341667398441062 -0.22191743090299718 0.715879986104821
3194.398523037 13.193755082823678 2.4084191164355953 -0.8090617189462198 0.19560638713751508 0.6340644009975706 -0.2195709031303909 0.7151846581108302
3194.448523037 13.129438935496404 2.414766824171235 -0.796878512279539 0.18219202723798947 0.6407475092969164 -0.22860958883577684 0.7099199605822102
3194.498523037 13.067220367887241 2.424507224332654 -0.7854647300650935 0.16738522609431183 0.6457450775889403 -0.24167929272546163 0.7046890096508746
3194.548523037 13.007597279173051 2.4377607039139493 -0.7754159766937444 0.16820783493037783 0.6456495028168774 -0.24832905021797474 0.7022645702284805
3194.598523037 12.949971284660261 2.455513419327892 -0.7689934155917635 0.17229075774611788 0.6418045830454836 -0.2582853528706774 0.7012071366362093
3194.648523037 12.895517817328667 2.47868133562035 -0.7648993441110026 0.18518987219870278 0.6391620690297116 -0.27955498479368435 0.6921167323693955
3194.698523037 12.841112602242406 2.5032547316433833 -0.7643362530028651 0.19324759330913882 0.6374836079236968 -0.3019247489228734 0.6819908088065938
3194.748523037 12.784764158513541 2.5278693793350184 -0.7661550070953881 0.1994659723145951 0.6379325253454755 -0.31809708719160457 0.6723612586364225
3194.798523037 12.725843777271763 2.552858115276658 -0.7704042925406038 0.20873672735485824 0.6351959100194936 -0.326603616790245 0.6680458158294398
3194.848523037 12.666577058128444 2.5783242153500754 -0.775102034915212 0.22726312346853036 0.626587986924646 -0.3279316194907947 0.6694772739168912
3194.898523037 12.607634038821466 2.6034204160963235 -0.7797318488085587 0.2374744455224162 0.6157553565179708 -0.33417488572572035 0.6728880845976168
3194.948523037 12.548408599889699 2.625540824982592 -0.7804681118820891 0.24671433316949593 0.604902095029468 -0.3360946060549099 0.6784290007204045
3194.998523037 12.489667022180798 2.6447039394791125 -0.7742591123397344 0.25882731375215645 0.5999672559813963 -0.33045942967085173 0.6810611417102078
3195.048523037 12.433585599857913 2.66296893610982 -0.7638767881221982 0.25801807692495066 0.6039508748317105 -0.3379776793435073 0.6741224673867051
3195.098523037 12.381880067842186 2.6799239799972785 -0.7502770886524486 0.2642833694280901 0.61139175671977 -0.3479316632626299 0.6597711559003996
3195.148523037 12.332920803912424 2.69650867461449 -0.7396709952617364 0.28104063962972226 0.6072417559285376 -0.355625401616698 0.6525367288193863
3195.198523037 12.285198018519411 2.7129137941621835 -0.7295356514057585 0.31071251945458017 0.601645251229854 -0.3595501146344623 0.6420314922128805
3195.248523037 12.236003922479508 2.7294235543196153 -0.7229042660753489 0.32971619959739745 0.5973394444561355 -0.3693050726455404 0.6309410266721898
3195.298523037 12.184839419246213 2.7458072212129996 -0.7172607936301246 0.3428850103726992 0.5991533670162774 -0.37803012890649645 0.6168778923690732
3195.348523037 12.132703928107325 2.7626218623696825 -0.7146516796535813 0.354769700886356 0.5991682608126038 -0.3903464270243655 0.6023001921609499
3195.398523037 12.080462644107083 2.7800994609443874 -0.7153335452507047 0.37046560771863135 0.5922055857863553 -0.4058290509973535 0.5893645383187661
3195.448523037 12.028360924794672 2.7977587615123234 -0.7185608983344058 0.38536317782706014 0.5787407313801689 -0.42801774432963147 0.5773692038510118
3195.498523037 11.975745202336823 2.813772104302484 -0.720489452035735 0.40721057678950306 0.559487299012058 -0.4435577941114156 0.5695700059500742
3195.548523037 11.921778985876006 2.829615270746511 -0.720020494100621 0.4182032330200913 0.5480291692496613 -0.45737098811402127 0.5617667351976914
3195.598523037 11.867751477291414 2.8476366319497473 -0.7179041450913964 0.42345872498915604 0.5342099912448973 -0.46824837517911566 0.562179555504114
3195.648523037 11.817849359516797 2.8668518927502573 -0.7117003146711474 0.4345433871932964 0.5219124559899045 -0.47962299429778205 0.5556448652421728
3195.698523037 11.769145483452101 2.8874844642591007 -0.7042035220533392 0.4463777336345636 0.5097746459582055 -0.4860877604552902 0.5519016383278973
3195.748523037 11.72127636933547 2.9100317534253577 -0.694569651484987 0.4618417873501766 0.5000993439688484 -0.48533853076195366 0.5486796152372986
3195.798523037 11.675652760658892 2.93366838152224 -0.6853340392416641 0.4747397669842048 0.4923066583570589 -0.487875128804763 0.5424335595027515
3195.848523037 11.63191868455088 2.957920326699414 -0.6785519192081682 0.4861436219126808 0.48788374628645736 -0.49618385789783936 0.5286165038520163
3195.898523037 11.588520070186226 2.9833635288495794 -0.6779650522647803 0.4962883613149117 0.47662681857912464 -0.5109895652373554 0.5151838530593136
3195.948523037 11.542532953313927 3.008995506230764 -0.6793906180471933 0.5070046687298091 0.46721362915687736 -0.5223438570356138 0.5018113048082863
3195.998523037 11.493820431707451 3.034775340385332 -0.6820038909056412 0.5118872652639249 0.4628669657519774 -0.532078192006828 0.49052869158380863
3196.048523037 11.442863324749347 3.060204949468312 -0.6856007313177486 0.512196595382371 0.4586928508411647 -0.5410141336279676 0.4843131460952641
3196.098523037 11.391092778482935 3.0830942027655546 -0.6873366656520491 0.5130556004891693 0.45578062813215914 -0.5464620614302327 0.4800179009615921
3196.148523037 11.337818835813907 3.1040909558697027 -0.6861913970846903 0.5177093911108422 0.45014601263761356 -0.5446315420537517 0.482412724813775
3196.198523037 11.285319085895132 3.124657465860335 -0.6815483314417776 0.5165990853250483 0.4468822779369426 -0.5490620497251915 0.48161445187907753
3196.248523037 11.234431687737631 3.1435755532439678 -0.6742319268772935 0.5117944956851477 0.4478249529998033 -0.5583987416338748 0.47508951893176343
3196.298523037 11.184282698038778 3.1597945408369332 -0.6642852846040666 0.5171495459953658 0.446199531690466 -0.5551686696563116 0.47460517614964687
3196.348523037 11.135321714280678 3.1740416101381426 -0.6556162064897993 0.5228496511285848 0.4448179112376787 -0.5498374654283514 0.4758613556154696
3196.398523037 11.086595669614393 3.187485320380447 -0.6503912013455397 0.5274306170148276 0.44003441590007253 -0.546115927637647 0.47952481754265097
3196.448523037 11.038611241037794 3.1996823210487184 -0.6477674127544141 0.5330339372056578 0.43718382934363975 -0.5477342605721358 0.47405938546026255
3196.498523037 10.988190102811819 3.2108369102772265 -0.6506025566846526 0.5360953418781986 0.4301963746919414 -0.5519001394009596 0.4721642719939846
3196.548523037 10.933328815341236 3.220930044648177 -0.6536382045966365 0.5412436684916999 0.43079753009116234 -0.5456796065480731 0.47297203551852934
3196.598523037 10.876333380770925 3.230672553776211 -0.6596553515052543 0.5374461265308053 0.432239246739897 -0.5465352528714044 0.4749948547337648
3196.648523037 10.816266641673337 3.2390959654682145 -0.6641000116027426 0.5354740137935683 0.43345481082047793 -0.5465924548614243 0.4760474722303975
3196.698523037 10.751944993948927 3.2456505720117503 -0.6650954638954837 0.5298931368276909 0.4401673248962264 -0.5446846590273243 0.4783143441889416
3196.748523037 10.683499423352409 3.2506123292033564 -0.6607065304907807 0.5248580185309659 0.45341127309455226 -0.5358223124343854 0.4814942650873356
3196.798523037 10.611629770016169 3.2557880902018703 -0.6535234208799231 0.5157973375709163 0.4628594687402395 -0.5242165091093642 0.4948851082114407
3196.848523037 10.539408481407778 3.2606466605417332 -0.6429430917943673 0.48759920423342346 0.4862958432166301 -0.5242915839355109 0.5008809278816195
3196.898523037 10.467167315015562 3.2646958645757596 -0.6305042926636253 0.4636091561208551 0.506488384532006 -0.5171271578169848 0.5109946862181589
3196.948523037 10.39524835892125 3.268006246209607 -0.618440317495561 0.4467594485497253 0.5204790152084395 -0.4966882419236318 0.5317973111947919
3196.998523037 10.326140166077497 3.270104334923198 -0.6091766993325979 0.42314845013604274 0.5389032853103248 -0.4793216254617551 0.5484336036330237
3197.048523037 10.260667515532205 3.272228546100555 -0.6040431784829916 0.4014100617544927 0.5539067692867727 -0.46774921575650896 0.5597034254135983
3197.098523037 10.197719904326744 3.2747254811302127 -0.6038261972580644 0.3870008091021741 0.5603405728433628 -0.46106919953806014 0.5689147646327762
3197.148523037 10.13539677300472 3.277359812978408 -0.6045646407206859 0.3826293987614167 0.5690938442022109 -0.4508189503850259 0.5713923465258963
3197.198523037 10.071218332714103 3.2812099386915303 -0.6100168900799537 0.373669408941253 0.5737990302845782 -0.4437022546409422 0.5781471740763912
3197.248523037 10.005665656228144 3.2852544165653104 -0.6157425736257545 0.36237685119402174 0.5808944566205911 -0.43556846313433906 0.584401199441757
3197.298523037 9.940890878071905 3.2888448505356926 -0.6196462866569593 0.35052624842232377 0.588442956477376 -0.4270397587845129 0.5903416642558793
3197.348523037 9.877656233218557 3.2924644165653514 -0.620519099655407 0.34198929798020844 0.5934760393794636 -0.42013505973746745 0.5952445231405865
3197.398523037 9.814345291048298 3.293394793589148 -0.6169690884087768 0.3399446837234055 0.5948983420286776 -0.4063350631374549 0.6045042523628803
3197.448523037 9.750846219783234 3.2924857652457433 -0.6072478518063869 0.33356451401198023 0.6054742026170432 -0.38783795591467884 0.6096863332149827
3197.498523037 9.690554451391547 3.2919938344004716 -0.5982748159448262 0.31207222943908036 0.6138273836977137 -0.3852392267227641 0.6143432304744545
3197.548523037 9.632651945629167 3.289548214649682 -0.588085305113847 0.3065874764490704 0.616262833005546 -0.371444239866668 0.6230998448165773
3197.598523037 9.575198171532255 3.285888827704668 -0.5797215336187574 0.3027155199109505 0.6144206836030972 -0.35732558894100164 0.6349558733122422
3197.648523037 9.517164010804319 3.281455965476978 -0.5716922001883283 0.29454356858640685 0.6184929913620483 -0.34651672327527266 0.6408093837725678
3197.698523037 9.458481330363968 3.2767819773725444 -0.5667815864331966 0.28364168588676136 0.6229371336481373 -0.34059366448943224 0.6445872146259332
3197.748523037 9.400160810517512 3.272659628131918 -0.5649654744809434 0.2752933491827701 0.628600201715303 -0.33817242158141825 0.6439835180972985
3197.798523037 9.341726505727792 3.2699772692663034 -0.5673085609287694 0.27531647003088056 0.6282770110426155 -0.33930191327013604 0.6436948425894972
3197.848523037 9.2826123277582 3.267778703725503 -0.5719862370676386 0.27501755794174687 0.6246587866167268 -0.3468984994278383 0.643294780191003
3197.898523037 9.221437946067745 3.263749231011613 -0.5760221164056525 0.2710822451136018 0.624168601099892 -0.35144133766351415 0.642975085027758
3197.948523037 9.157511146848245 3.2574179170780897 -0.5772255554752341 0.27096837753058145 0.625956182226169 -0.342327618194687 0.6461940870453986
3197.998523037 9.091739244307568 3.2510581977783857 -0.5753652029849676 0.275277636181187 0.6242157186032122 -0.32615770799630733 0.6543684811952429
3198.048523037 9.02639287171035 3.247593550479398 -0.5685386143845699 0.27035721576185945 0.6258368526620979 -0.3178455896601618 0.6589456660978044
3198.098523037 8.963913400780104 3.248089856886046 -0.5590125857452372 0.2594045821640974 0.6311718485131527 -0.3209711203139619 0.6567411212351181
3198.148523037 8.903031961955786 3.251894516204063 -0.5510818793769465 0.25412215420262685 0.63008416199996 -0.3230585420058434 0.6588239962063338
3198.198523037 8.843692716621508 3.258409821756684 -0.5447306998639223 0.2550794391128453 0.6258967683102974 -0.32494287526039056 0.6615132976578116
3198.248523037 8.784575767358856 3.2670134650426608 -0.5380081042208458 0.2545972171384252 0.6277771520352036 -0.3258898816425067 0.6594481704053561
3198.298523037 8.726558450948156 3.2796692800316283 -0.5345439741847151 0.25421664020979257 0.6260191388618112 -0.33604952125605203 0.6561590179847716
3198.348523037 8.668632102712005 3.2940494627175063 -0.5321112980942677 0.260659408000231 0.625418646125112 -0.34432347398025315 0.6498842476673603
3198.398523037 8.609815979993217 3.309195238967773 -0.5319414431047185 0.2678254081032914 0.622866536345157 -0.34933828059668764 0.6467376549926893
3198.448523037 8.55230787464259 3.325210226666442 -0.5302407615485454 0.27949651014066024 0.6247186901786805 -0.3507060913049845 0.6392288295142871
3198.498523037 8.49590315723071 3.343529989559724 -0.5323682194898766 0.28537762513743853 0.6203900734084137 -0.36046077134430965 0.6354083727879921
3198.548523037 8.438412129855068 3.362019577732111 -0.5349589906771441 0.29256657514762696 0.6072192401426064 -0.3662684560904923 0.6415115054152272
3198.598523037 8.381220083574902 3.3793304068701633 -0.5302637170268218 0.30085933543409576 0.6029357861663726 -0.3728715103404453 0.6379019790050253
3198.648523037 8.32214479261015 3.3957913257056207 -0.5213012224434131 0.307590305590848 0.6034850096405426 -0.3743874260630683 0.63326779663232
3198.698523037 8.262100498916872 3.413009495955432 -0.5122222420542352 0.31101055998700683 0.6017279344343802 -0.37244317165886465 0.634414697483112
3198.748523037 8.204479024985474 3.430769411005552 -0.5043206714428088 0.31158394134072476 0.596718409089646 -0.37774771743613866 0.6357273391351744
3198.798523037 8.148087413662992 3.4467830089562956 -0.4960777191402118 0.31664672581080033 0.5934184848816781 -0.3807130632762335 0.6345446527115803
3198.848523037 8.09333212963388 3.462557154495308 -0.48899147485676264 0.3285286920609911 0.5895951297989476 -0.38512178776268596 0.6293867570902087
3198.898523037 8.040762491566877 3.477768928788957 -0.48507527378758636 0.3423557717663879 0.5855242622604397 -0.4003723862383299 0.6161621671122257
3198.948523037 7.986104890992148 3.491418163781578 -0.48631143073629657 0.35494478383926825 0.5784591228710554 -0.4141431776820331 0.6065349717633537
3198.998523037 7.928815606014062 3.5033508035257923 -0.4908510384479044 0.3700578934562281 0.5670967504894524 -0.421306319672481 0.6032904906254299
3199.048523037 7.870267440535157 3.513051213451183 -0.4942854975025508 0.3830262399620121 0.5592894723392194 -0.4277230993773876 0.5979457633348378
3199.098523037 7.81125857251774 3.520129077370926 -0.49528133216027836 0.3922200033098224 0.5584084141136585 -0.43670596011063634 0.5862008328675071
3199.148523037 7.749405358916474 3.524264926980664 -0.49497195662768095 0.4009442317754986 0.5563588310948016 -0.43841669738820876 0.580946962742725
3199.198523037 7.682593521094325 3.525982361307253 -0.4915984659446549 0.4023162132215741 0.5610447379220157 -0.42779429575445094 0.5834059539883213
3199.248523037 7.614391873921755 3.527900321374628 -0.4854406966650579 0.3923072837442686 0.5691721097989966 -0.41490527228081153 0.591600980037845
3199.298523037 7.549422299716405 3.529404398499405 -0.4763218271014696 0.37834295818904556 0.5820462591623403 -0.41223110460761514 0.5900375196357207
3199.348523037 7.484036987702385 3.5303654053755693 -0.46687916805804064 0.370618402404426 0.5902996361371489 -0.3994126515792299 0.5955315886953346
3199.398523037 7.41808740989135 3.5312850669421225 -0.4603457086152232 0.35291815988754865 0.5990604653036226 -0.3879483269120828 0.605038368186605
3199.448523037 7.35097026754033 3.5309221452235224 -0.4553062487966709 0.3299707561751554 0.6142420983213244 -0.3723113533891931 0.6125440399322486
3199.498523037 7.282362209705049 3.529993424281283 -0.45516285015334934 0.3011327696675925 0.6266556252648793 -0.3567494719747642 0.6239804456887532
3199.548523037 7.212012926158149 3.528644956863581 -0.45837581530335214 0.26934738202448655 0.6377562614626007 -0.33828181429986265 0.63740438724235
3199.598523037 7.141030777246073 3.526270596683791 -0.4631288601186354 0.24072319679630513 0.6492360736764888 -0.31993537054132737 0.6466731955461643
3199.648523037 7.068480140149604 3.523940632830117 -0.4684767209723335 0.22050257433656265 0.6568471688373176 -0.29003349514420046 0.6601598164049279
3199.698523037 6.997789657556881 3.5223993564351352 -0.4730222841566968 0.20214545244406898 0.6623095689980977 -0.2642663851359132 0.6713021142205156
3199.748523037 6.929921892088833 3.522872067973722 -0.47635471892906833 0.1868368836595128 0.6632151328137815 -0.25051420215193104 0.6800590423127844
3199.798523037 6.864245441333179 3.523509000552433 -0.4760841387796483 0.18229869596252937 0.6597543823936023 -0.2411947411572549 0.6879799686043792
3199.848523037 6.800046416972163 3.5233678721351183 -0.47134711446877514 0.17749353188315503 0.6582619706148941 -0.23276872219470193 0.6935459221635476
3199.898523037 6.740102744955545 3.5215521945655146 -0.4643351640823799 0.16924903771110233 0.6524229462855233 -0.23264763134881256 0.7011234855728128
3199.948523037 6.68318071506847 3.513743298867612 -0.4537209989165879 0.15690942854057408 0.6547819405930891 -0.2271142356664669 0.7036044097828377
3199.998523037 6.626412223619573 3.50147718031878 -0.4445301462071458 0.14210421396662798 0.6568777181327814 -0.2162058334290276 0.7082182526487557
3200.048523037 6.569896300162663 3.485934346115309 -0.43763219213300075 0.13453778869288455 0.6607988855109108 -0.20094038978699855 0.7105402001811131
3200.098523037 6.511594926157662 3.4669577601020305 -0.4358105525052685 0.12204805877764227 0.6631868443099466 -0.18187203279283443 0.7156885108555441
3200.148523037 6.45281743319397 3.4456282740181483 -0.4360030100060949 0.11208786960673428 0.6682694689613073 -0.15870904491803678 0.7180972534430143
3200.198523037 6.392925975674882 3.4218144797861303 -0.43885439484383604 0.09788589881261675 0.671427066376085 -0.13829788510720076 0.7214414323603311
3200.248523037 6.331550900718654 3.393660642103475 -0.4425873436884474 0.08155834450982781 0.672349958606601 -0.10823489244138332 0.7277217721497142
3200.298523037 6.2701765172672115 3.3634426339004984 -0.44587458106503736 0.06254851425922157 0.6717928397265484 -0.07484867361860159 0.7342885944324891
3200.348523037 6.208797902153916 3.333133761162511 -0.4518982401297046 0.04409321255110574 0.6591180591847863 -0.04173637540615027 0.7495847167808057
3200.398523037 6.148767408619219 3.304099332554676 -0.45459026390532487 0.04392456977421958 0.6434562766173554 -0.006147860091555046 0.7641968699675327
3200.448523037 6.089430747599491 3.2770338406004624 -0.4509626289744175 0.029555123810202907 0.6377469353122034 0.008638383301714235 0.7696302485547124
3200.498523037 6.031821226378246 3.2500963346755904 -0.44676006843982674 0.007890927350746249 0.6323804162288094 0.020072200862108754 0.7743577010583508
3200.548523037 5.976677505647638 3.2245457283743435 -0.444052064760468 -0.014014358294033153 0.6263768001418835 0.02866809882425042 0.7788670246681552
3200.598523037 5.923341648197301 3.1990356234978092 -0.44556294756311976 -0.031148978360902135 0.6164916434514413 0.044911899143141525 0.7854621034887485
3200.648523037 5.870322163280544 3.1757351819163944 -0.447081379924695 -0.03855523948286297 0.6119069024105817 0.061746712850070315 0.7875727139400635
3200.698523037 5.816607084855006 3.15458172452908 -0.4496016655353975 -0.05212008028850455 0.6084172910084504 0.06911861197643582 0.7888818128915822
3200.748523037 5.762402957112388 3.134071020974655 -0.4512481985802026 -0.06289983285759226 0.6100737269380211 0.07768110733364869 0.7860148244720695
3200.798523037 5.707160110281124 3.1131170806554067 -0.4529557162633287 -0.07333306404555039 0.6121692213257048 0.08820192637627071 0.7823627843671288
3200.848523037 5.652174800366982 3.0917053534410113 -0.45451163457575156 -0.08402433903289735 0.6125010134107776 0.10001117601949638 0.7796025806088975
3200.898523037 5.59929564760381 3.0705535333286713 -0.4542573804357954 -0.09113067525116322 0.6135082733300589 0.11457807541212184 0.775999138671359
3200.948523037 5.547149401639078 3.049929993269284 -0.45307636914689664 -0.10081764048107769 0.6104148668062674 0.1263141280212287 0.7754187480400199
3200.998523037 5.495255388919012 3.0296335129142036 -0.4479878517895607 -0.10362985134830677 0.6097792431211126 0.13713841787157233 0.7737074272047885
3201.048523037 5.444929524918717 3.007952159319965 -0.43985425512965254 -0.11588990599419219 0.6095282836497524 0.14407020399697765 0.7709011463475154
3201.098523037 5.398058925234192 2.9871063991486877 -0.43133411472722283 -0.11497228873957682 0.6079215696640524 0.1566700220451169 0.769848843703464
3201.148523037 5.3530657762792675 2.967722048876361 -0.42186487288710417 -0.11075753688705872 0.6077844177535526 0.1674835865198582 0.7682968943091805
3201.198523037 5.307113003246725 2.949174911112646 -0.41333634508947226 -0.11230810251786363 0.6081177182139939 0.1668663013711489 0.76794229494784
3201.248523037 5.259321681650382 2.9294590085674073 -0.4058676443069445 -0.11409808109032402 0.6120652963195631 0.16674939110909046 0.7645602275148107
3201.298523037 5.207864475248449 2.912211794973485 -0.4008329559235414 -0.10836836107417101 0.6171580900461066 0.1576212261582197 0.7632350485093824
3201.348523037 5.155009773043005 2.892714776078057 -0.3970380251921864 -0.1090180283377309 0.6229367710242099 0.15067484324283673 0.7598433657123232
3201.398523037 5.098898916383901 2.8739101130491695 -0.3942239278554773 -0.10628757790829892 0.6277169940193386 0.1391889446830327 0.758485836307928
3201.448523037 5.040576442261613 2.8544049166293806 -0.3901457898115229 -0.10516602780662906 0.6343775240683585 0.12703681620620214 0.7552263971025285
3201.498523037 4.981114840195729 2.836440286580649 -0.3847150895240298 -0.09798503244824376 0.6412023097546347 0.11484011206800021 0.7523764217741326
3201.548523037 4.920684593696514 2.8183925911774916 -0.37724237041738273 -0.09434847484669401 0.6476577399266442 0.10023821426013363 0.7493931662412954
3201.598523037 4.859182992238224 2.7958353802951983 -0.3693044452004132 -0.09363919614019957 0.6502242208402648 0.09316120945835482 0.7481718737236414
3201.648523037 4.799637059999595 2.77051369690602 -0.3589955255878421 -0.08820016924600714 0.6516021335284035 0.09841677806332153 0.7469601913903066
3201.698523037 4.743756272994986 2.747493024321822 -0.3475052130266435 -0.09265128860447501 0.6505447846445208 0.10195359574411633 0.7468685869726948
3201.748523037 4.688481760259224 2.729853094447266 -0.33868526918977765 -0.08966325941607119 0.6456223073288049 0.10374080616124523 0.7512457529512772
3201.798523037 4.632611239889687 2.7157978821521085 -0.33010752072602567 -0.08733829724544839 0.6427846129803617 0.0987477770952748 0.7546183404004266
3201.848523037 4.575302589488302 2.7034023653456423 -0.3229428441648441 -0.09022613013641895 0.6427940148473674 0.08758941339698556 0.7556475332969602
3201.898523037 4.517472731755674 2.692739341044288 -0.3195818576333653 -0.08333261719464799 0.6440947398429346 0.07914777096630438 0.7562626999721844
3201.948523037 4.458642478163205 2.6820587728213217 -0.32119407864281535 -0.07577947189889268 0.6409877996854544 0.07562450979650048 0.760048054935452
3201.998523037 4.39901185434002 2.6726835733589365 -0.32272953926592474 -0.06394906818327675 0.6422442350018205 0.06895899368323793 0.760708562115356
3202.048523037 4.339698454862106 2.661627311508726 -0.3245817824790189 -0.06262004261688554 0.6429161348372551 0.05892499157301218 0.7610948818621136
3202.098523037 4.2818854544289735 2.6479092608927366 -0.3265885215248241 -0.05962792070986945 0.6436493477123545 0.05941473787869883 0.7606772753172555
3202.148523037 4.224322675342965 2.6349655846361726 -0.32677422239618376 -0.04598216159067027 0.6447100185318311 0.060209331849969294 0.7606638345408017
3202.198523037 4.167567675540238 2.6200664983514477 -0.32355816086511424 -0.041705906212001057 0.6461585494964162 0.05209598545162891 0.7602800501128167
3202.248523037 4.110473658128229 2.6041695289391877 -0.3169255305343136 -0.04101515262451681 0.6502852612803173 0.037394114443100535 0.7576598949540576
3202.298523037 4.05543750951108 2.586724070437525 -0.3131115143797419 -0.04404546417300541 0.6460059884281234 0.025324959886350917 0.7616396171468122
3202.348523037 4.004917826360228 2.568522085127765 -0.3080544384061149 -0.028027995764883528 0.6411152254119695 0.037411821038609065 0.7660196177937862
3202.398523037 3.9556215679778717 2.550497378744619 -0.3010130119910436 -0.02310893136602771 0.6386153377077002 0.034632872985778385 0.7683989795961154
3202.448523037 3.9062828148631015 2.5282704472599695 -0.2925334784460536 -0.02784876945882828 0.6413015952967065 0.028663800224757285 0.7662474120453547
3202.498523037 3.857462891888306 2.5022537139598886 -0.2852564948889544 -0.027176979918879223 0.6466089192427313 0.03196479390655821 0.7616669674265435
3202.548523037 3.808609130751548 2.4765868646062503 -0.28007745962348785 -0.023487083272675617 0.6522589736324421 0.03378007384795311 0.7568787847774057
3202.598523037 3.758436055047367 2.453835044768375 -0.2794407154667786 -0.019811760944896062 0.6519580187407611 0.021448945963002397 0.7576926676726918
3202.648523037 3.708236310221548 2.4297145591757743 -0.2782302004749264 -0.007816317014718034 0.6552982042926516 0.01132060223701009 0.7552450017074878
3202.698523037 3.6593079390824816 2.4011205817778936 -0.2756755755967696 -0.004208895336048721 0.660957966517927 0.005372345881230922 0.7503918906786438
3202.748523037 3.61052800220002 2.3671391577469376 -0.27269396030871484 -0.005305535193870836 0.6646330034677326 0.01170248732725071 0.7470594847722122
3202.798523037 3.5595017393542863 2.3310182008101803 -0.27044846208813633 -0.008422245604141494 0.6606205374977874 0.017363324174622493 0.750471908993751
3202.848523037 3.5064273085724125 2.296262559389184 -0.262393988771985 -0.006070635854553676 0.6603939886842468 0.020170651109443938 0.7506237885411398
3202.898523037 3.4529667791791048 2.2668425446591898 -0.25098579489445355 -0.009302922515884451 0.661095276772616 0.00558936222792461 0.7502234665028059
3202.948523037 3.401052706310619 2.241144713982379 -0.2388804525488496 -0.0038751867916955868 0.6613956541415278 -0.0002214890667651681 0.7500271478770775
3202.998523037 3.348878128423668 2.220480589259022 -0.22845532411000744 0.009076682105476864 0.6583937146862022 -0.0073896444865311755 0.7525827020720197
3203.048523037 3.2954838709175647 2.2039573345136434 -0.21950809604067983 0.024681524608809794 0.6548299448822339 -0.022774476756150856 0.7550297271213889
3203.098523037 3.240748299753492 2.189844114295404 -0.21090133408417855 0.04215457477377004 0.6552090424345102 -0.03995410161493845 0.7532116384535215
3203.148523037 3.184868650470167 2.176642130398598 -0.20360643395329617 0.05176022822408911 0.6589632889665521 -0.05990846837444658 0.7479968168285228
3203.198523037 3.1277635472087395 2.163811896810748 -0.19837898994134323 0.06361924877877627 0.6623765897552288 -0.07574105901035444 0.7426123729840809
3203.248523037 3.069788274950974 2.1524259571480213 -0.19465126619132844 0.07647084990245356 0.666418748862352 -0.09596977818492125 0.7354101318006647
3203.298523037 3.012221811794011 2.14253821937612 -0.1909760553117783 0.09589432080026154 0.6721069731144388 -0.11640811971723244 0.7249314764811239
3203.348523037 2.9553497574597922 2.133167434593105 -0.19013800226836414 0.1202319786161643 0.6686231136004027 -0.13276159537971036 0.7217075322245011
3203.398523037 2.8985726758825705 2.123016420912216 -0.18887829281470042 0.13694911877178545 0.6590135338857839 -0.14984505719845603 0.7242185856881842
3203.448523037 2.844144280977261 2.111731031815824 -0.18205573100355488 0.15245274593138614 0.6531244513752623 -0.1670393397038162 0.7226925143275359
3203.498523037 2.791171079880511 2.1001956948087455 -0.17231334296581743 0.16009338478203752 0.652122241350541 -0.19003426350630084 0.7162357636830173
3203.548523037 2.7402792543575547 2.086879947962929 -0.1623094517294178 0.17799803784781607 0.6489589030762569 -0.20388221057153533 0.7110563162315999
3203.598523037 2.690298998114871 2.070649382016666 -0.15240402263009428 0.1888414806047733 0.6500007415083225 -0.20860349982501775 0.7059196208509734
3203.648523037 2.641377109102668 2.0548629641122487 -0.14735862067281533 0.19664691829600633 0.6417873337223013 -0.2132671172690612 0.7098986860743214
3203.698523037 2.5949496417569646 2.039202731077427 -0.14074089955789781 0.2112618919205822 0.6393457107164668 -0.21803633186576651 0.7064457751286463
3203.748523037 2.5487997853617235 2.023256673628286 -0.13693603547551114 0.22055902814261794 0.6388743985001133 -0.23153421458388604 0.6997035983349846
3203.798523037 2.500563914638859 2.005273574599217 -0.13612231099300204 0.2266901051104858 0.6372773763622048 -0.24065945375907336 0.6961121814321929
3203.848523037 2.4512070520135367 1.9860159671457827 -0.1359544962210788 0.230885206443896 0.6392031421135559 -0.24903393063823892 0.6899952651637442
3203.898523037 2.4016220104443837 1.9671733005265075 -0.1373798477221899 0.23076784015264343 0.6397076215976226 -0.26420905123097166 0.6838961471369953
3203.948523037 2.3520803810269895 1.9476184249964956 -0.13888781179514564 0.2322854025629519 0.6367592294643135 -0.2787195312771382 0.6803650478477223
3203.998523037 2.301580621993854 1.926248412572504 -0.13751467594303057 0.2333095405833229 0.6354831562278359 -0.2852097051655762 0.6785154681382524
3204.048523037 2.2510780509773336 1.9030528425079862 -0.13200931762564005 0.24225569946024303 0.6342925773713707 -0.283483874903434 0.6772163576290419
3204.098523037 2.1982189932530143 1.8788156165309404 -0.12238123224649614 0.24528755195851473 0.636386516846546 -0.2720442131541728 0.6788506198858824
3204.148523037 2.145969988147215 1.854885224545007 -0.11231418563878384 0.23275855944261103 0.6397570625077973 -0.27126806502806905 0.6804028151569643
3204.198523037 2.094942332657412 1.827697126377644 -0.10027837600645619 0.2200373052921841 0.64570354367259 -0.26705994736875005 0.6806831145840291
3204.248523037 2.0421214214505614 1.796560018774654 -0.08811581508028492 0.20563221420371083 0.6561977672468934 -0.24674061484631707 0.6828169240192665
3204.298523037 1.9884152137089812 1.7639730051191003 -0.08092941625602441 0.1876223761681425 0.6624459531963631 -0.22355422026423302 0.6899179035630492
3204.348523037 1.935819319009547 1.7316613742606082 -0.07664062833240229 0.17285326200614903 0.6685351000838072 -0.20394793735808764 0.6939652791149923
3204.398523037 1.8822866356041092 1.6986842897087613 -0.07517890574807032 0.1726653197884735 0.6687996911705781 -0.17982676916491727 0.7003970256391664
3204.448523037 1.8274541711995338 1.661101482265696 -0.07461821139876847 0.1824729785231412 0.6699352661532795 -0.13558747195807777 0.7067576591173564
3204.498523037 1.7741550680910052 1.6251391352032198 -0.07452571093844658 0.16060768110232426 0.6801881098618936 -0.12270051250540531 0.7046232271252132
3204.548523037 1.7223215228026616 1.5921680223614323 -0.07546975170774994 0.12242323133469465 0.6884414846303046 -0.1272687978617 0.7034653706902932
3204.598523037 1.671691445540661 1.5606442643067004 -0.07645096638690597 0.10745470737536156 0.6893652617552177 -0.1281675183658707 0.7048419035386375
3204.648523037 1.620207269198988 1.5276705260664452 -0.07617203942110429 0.10651164441663735 0.6866032009664631 -0.12044146333609401 0.7090311473664123
3204.698523037 1.569505094314599 1.4935741366121065 -0.07358274430339802 0.10117627500846657 0.6821072723394977 -0.11181670075497174 0.7155348040656406
3204.748523037 1.5213135783614615 1.4586838634714436 -0.06682549957675657 0.09012178730500085 0.6858509538725794 -0.10523842430846556 0.7144308270043339
3204.798523037 1.4749375049773403 1.4227494557951352 -0.06251913118284827 0.08009709622649046 0.6825229221116242 -0.09235406646912808 0.7205675834888148
3204.848523037 1.4318728259612723 1.3861833344431536 -0.057285816467124495 0.07232109060319099 0.6822127140539453 -0.07222149937386689 0.7239748114853897
3204.898523037 1.3903646206824134 1.35027689145601 -0.05346837004641068 0.05011841725731304 0.6845872411084469 -0.0638376179891179 0.7243985174561186
3204.948523037 1.3499226388127599 1.3149449648470701 -0.05154596397783874 0.033213252473737985 0.6861772498307974 -0.058929360156796395 0.7242823980922565
3204.998523037 1.310184193247859 1.2788049220656041 -0.05108620350222031 0.021500536583942933 0.6905462759569267 -0.05428748759473812 0.7209274834400988
3205.048523037 1.2687699744153371 1.241552047280718 -0.055402526418847804 0.006261515130483314 0.6894351937493802 -0.04858013211443568 0.722689336998803
3205.098523037 1.2264529848232182 1.2055457518275947 -0.06111229095591299 -0.005247045603181025 0.6891551884143521 -0.05073901298975919 0.722816122782857
3205.148523037 1.1843281471135751 1.1675344536208365 -0.06401073867661153 -0.006475331763937324 0.6952506667566505 -0.04518574507314238 0.7173164077972601
3205.198523037 1.1413855202584382 1.1284254086701162 -0.06871905635028135 -0.01705219280745217 0.6915448399375154 -0.04368390304686298 0.7208097347364603
3205.248523037 1.0986007002373577 1.0896068044399922 -0.07063080676319762 -0.03181228519133551 0.6890426056832808 -0.05143074406717274 0.7221932875822075
3205.298523037 1.0549294541350982 1.0489888637445735 -0.07057396950547225 -0.030098744389405796 0.6830805400360664 -0.04128962735314767 0.7285535039262767
3205.348523037 1.0123742343512194 1.0085071493843845 -0.06541235581697706 -0.037868481955025804 0.6815191945669101 -0.03297389832826736 0.7300755355032308
3205.398523037 0.9711479967582093 0.9653874376219225 -0.05860210446850061 -0.05499963616232957 0.6805114852598713 -0.021653313051761432 0.7303494317689977
3205.448523037 0.9301607866402023 0.9255305406242303 -0.052087153642061935 -0.055361903906155335 0.6803510509515245 -0.0058839456307558935 0.7307686954494261
3205.498523037 0.8886727590549995 0.8889208093236012 -0.045696128379605905 -0.05506849584173579 0.6794780001718039 0.005171635225711123 0.7316080660007427
3205.548523037 0.8474842545441551 0.8539162781329743 -0.037588743330646636 -0.07110328524661658 0.6810415941742575 0.003398695317284872 0.7287764531746788
3205.598523037 0.8066476425898719 0.8172622644684988 -0.030063559580237723 -0.08506599624935687 0.6879827034997738 0.007348432441678321 0.720686878268154
3205.648523037 0.7645502231839592 0.7785763207050213 -0.026940051299502606 -0.10048481102576065 0.6895526636355962 0.018276698602445185 0.7169978306204049
3205.698523037 0.7219262321379156 0.737083979673897 -0.024857282394217337 -0.12040029389754262 0.6932404398920677 0.03560127500301852 0.7096858537027474
3205.748523037 0.6777089529904414 0.6934541197941233 -0.02677884426675709 -0.13909016297341997 0.6894752277456317 0.06065663141353461 0.7082362670427854
3205.798523037 0.6331004058022096 0.6490977144917375 -0.02923916974474667 -0.15816762210922683 0.6822432300568771 0.08502925598185883 0.7087292882229742
3205.848523037 0.5885159807124085 0.6064068887194155 -0.029332510737419965 -0.1738197810806245 0.6784327532210505 0.10106228408502282 0.7066131174819127
3205.898523037 0.5441895665874135 0.5634976551783293 -0.029004426663927774 -0.1825740382058694 0.6721600976395631 0.11131757924861758 0.7088553591986188
3205.948523037 0.5026072928685315 0.5184176874191234 -0.02424136618961757 -0.19033121288180824 0.6718881711936573 0.13194166326884876 0.7035138323493237
3205.998523037 0.4613305370934225 0.47476086893893843 -0.019659644404980914 -0.19954297273377136 0.6662227558779937 0.14680571279575752 0.7034045239216409
3206.048523037 0.42169590001046736 0.4312475741689614 -0.01976680922526471 -0.20534797445535746 0.6475726539762968 0.16572526220265352 0.7148545339277348
3206.098523037 0.38456266087075064 0.39026187852596544 -0.017128841994657654 -0.21374574205100944 0.6348053496447711 0.175558850489984 0.7214665729138662
3206.148523037 0.34966178076017274 0.3491836709162006 -0.013991952658537027 -0.22169882758553663 0.6314329410868973 0.18337203198457452 0.7200810847699013
3206.198523037 0.3145286850252209 0.3074691571175361 -0.015432803361082607 -0.22686127295359743 0.6269928982504186 0.19202646275511748 0.7200970115055132
3206.248523037 0.2794594155021411 0.2643281002125606 -0.019795379661034188 -0.23663300600395737 0.6203477007732854 0.202245052704785 0.719910056375981
3206.298523037 0.24355567734075664 0.22045231769711476 -0.025156163626857846 -0.24285170110228355 0.6171100160145752 0.21017542020758578 0.7183485032675873
3206.348523037 0.20658587290465955 0.1748998796324837 -0.03030837702434755 -0.2539794299364574 0.6132764191875156 0.21377512269743124 0.7167193870360904
3206.398523037 0.1674785370580235 0.12940271260387212 -0.033841767827350176 -0.2541016664125681 0.6182646954344975 0.21889612845055015 0.710820367220161
3206.448523037 0.12613084409209666 0.08532949811915176 -0.03664576737292854 -0.25488822285829055 0.6170588839928123 0.21841230291623717 0.711734777475791
3206.498523037 0.0828255337361051 0.04284953216643933 -0.036462820453587425 -0.24944607767101878 0.6176243446904842 0.2192616431166164 0.7129103415142718
3206.548523037 0.03688644773936606 0.0036133432455433614 -0.03298211071386055 -0.24225560830527157 0.6145857101979912 0.21583917726084687 0.7190341261890386
3206.598523037 -0.009872720683702874 -0.03292300657740499 -0.02141580210969862 -0.23838528072061987 0.6212862548163783 0.20513941353906973 0.717700263706818
3206.648523037 -0.05717666612912144 -0.06761929121106985 -0.01022567101785061 -0.2326453546434369 0.6251073988521716 0.19119962383924913 0.7201108127967747
3206.698523037 -0.10475282617213669 -0.10025046316372875 -0.0010929058676251492 -0.2220178461974232 0.6268973466262366 0.1807734579066567 0.7245886762014099
3206.748523037 -0.15313366340076248 -0.12986862480870848 0.00816270534002405 -0.21261777317519132 0.6327530830837493 0.1639484169595956 0.7263182050275728
3206.798523037 -0.20200690476227431 -0.15812299807216973 0.016061942658905263 -0.20917509945668813 0.6408457290983064 0.1422914651058749 0.7247866363432541
3206.848523037 -0.25200576811905817 -0.1869022697990204 0.018851196932800865 -0.1995252237360312 0.6478663192921891 0.12604894532396382 0.7242724492914214
3206.898523037 -0.30330207743802357 -0.21638927973126065 0.017652207064153998 -0.18533303033967594 0.6524702090997347 0.11253464052851811 0.7261337678304036
3206.948523037 -0.35570944451194575 -0.2469408613336098 0.015306523393890853 -0.17459595878033488 0.6571130664639018 0.09882371140908436 0.7266034290610783
3206.998523037 -0.40864611309543164 -0.27879365082529994 0.013517515533454058 -0.1652025083012417 0.6632248763096995 0.09083729448903964 0.7242854966274511
3207.048523037 -0.4617701576496965 -0.30977598912700055 0.015250555972752622 -0.1542600927320653 0.6754088570819358 0.07790144790096491 0.7169086859429876
3207.098523037 -0.5146500520991248 -0.3419526823806054 0.017814346108578506 -0.14791020495135443 0.6831328334084863 0.06691878267667582 0.7120210528598251
3207.148523037 -0.5676517370332615 -0.3776714889107793 0.019764527307215354 -0.1376054958569361 0.6824585668163556 0.06692884848307135 0.7147276133812537
3207.198523037 -0.6198459218167831 -0.41576205918062703 0.027421146707693723 -0.13192059719848254 0.6849373552007101 0.07239286299114434 0.7128934344440252
3207.248523037 -0.6726679970333594 -0.4524869327500788 0.0390249284512762 -0.12635172824614177 0.6875273508635403 0.06977778254868744 0.7116687738311718
3207.298523037 -0.7263600773785117 -0.4877018090593874 0.05107047333356711 -0.11806295105728049 0.6860408282260276 0.0583332080598573 0.7155461958755966
3207.348523037 -0.7785910633207676 -0.5243503202311408 0.06132865334994902 -0.1160511862379669 0.680949880169597 0.047345827069045984 0.7215246049366025
3207.398523037 -0.8298486228603748 -0.5630933131734942 0.06904108872065401 -0.11308849054013503 0.6801497009322774 0.038726769526049025 0.7232617886707162
3207.448523037 -0.8797951581181287 -0.605233162654103 0.07345598519836403 -0.11307088360370804 0.6820870324281179 0.03736115305341903 0.7215098056970533
3207.498523037 -0.9298549716168845 -0.6492055185612481 0.07469999175597583 -0.11347981538594622 0.6864735315945762 0.036106463210637374 0.7173372604531713
3207.548523037 -0.9808143872070113 -0.6952439700865278 0.07288644134338235 -0.11245657973615952 0.6885466364773577 0.035986750195871275 0.7155151996150063
3207.598523037 -1.032170812255501 -0.7418913413864301 0.07226071678643266 -0.1130743134639195 0.6927106935749877 0.032694080522226214 0.7115456357397809
3207.648523037 -1.0843555519058492 -0.7883438158113182 0.0717169978071295 -0.1096141262088364 0.6933385009413889 0.029017501488900532 0.7116350546840443
3207.698523037 -1.136413343867991 -0.833684492448109 0.0726657582731298 -0.10740386728802286 0.6906755169421102 0.02329268030709014 0.714765129698167
3207.748523037 -1.1878295097921936 -0.8792755510593216 0.07499331601697684 -0.10083638207635667 0.6846559165092173 0.02234544805054356 0.7215115944945689
3207.798523037 -1.2377962668109417 -0.9236118120781569 0.08275840001867038 -0.09583710767630323 0.6845552651692288 0.023276794426402847 0.7222586299675199
3207.848523037 -1.2870821126734941 -0.9634943800603306 0.0930627021468793 -0.09223322498345675 0.6832772167886205 0.017948382065769482 0.7240877935775252
3207.898523037 -1.3348403044944586 -1.001115219311239 0.10448904351861225 -0.08751948375374038 0.6857195595466745 0.014734943858799587 0.7224347078096897
3207.948523037 -1.3842822257777898 -1.037932142675949 0.11248031098499195 -0.08250445022158437 0.6845472016326444 0.008913568080442413 0.7242297237304096
3207.998523037 -1.4353091655050494 -1.074780180271461 0.11687717327438953 -0.07909386503712106 0.6803479439872486 -0.0011999536196007354 0.7286078477048709
3208.048523037 -1.486762135893227 -1.1124131452186257 0.11832091004762796 -0.07758134752358534 0.6761169801443476 -0.007040466303938786 0.7326645859539929
3208.098523037 -1.5397272053835118 -1.1488977481279032 0.11750729559421533 -0.07322735103287886 0.6716743335084709 -0.01268466264116402 0.7371095197461086
3208.148523037 -1.593140403026955 -1.1849251552640556 0.11756960398096668 -0.07242706743471172 0.6716248116110939 -0.01626094836110625 0.7371634919673978
3208.198523037 -1.6467899569300433 -1.2210074945631066 0.11854254416901329 -0.07276458519649309 0.6741020176879905 -0.01765373952025423 0.7348334031405442
3208.248523037 -1.699934872845859 -1.2582059877374652 0.12049668813522382 -0.07533812684351564 0.677480384992742 -0.01587600053305227 0.7315001347921073
3208.298523037 -1.7531717195359646 -1.2972532917308497 0.12286894625075184 -0.08148136501742276 0.6783697189437203 -0.014493322237839334 0.730044693964435
3208.348523037 -1.8068335270053701 -1.3404254090090972 0.12314550843941371 -0.079900209926229 0.6685857073205702 -0.003984162648194233 0.7393194403425289
3208.398523037 -1.858744554399157 -1.3850252967832566 0.13180504782504668 -0.08293204113241 0.6720035614159853 0.007068600306148308 0.7358556413370468
3208.448523037 -1.9101575261418293 -1.423157532194861 0.14106718718258202 -0.07834411185742284 0.6735645892837698 0.0001512647876620865 0.7349645714721371
3208.498523037 -1.958104430760757 -1.462423694375523 0.1469401671561605 -0.07457086316806413 0.6672243021588102 0.0016493284733721802 0.7411128096927253
3208.548523037 -2.0032583595077766 -1.5035783213684049 0.1526292873677381 -0.07339230916565369 0.6675878611480551 0.0038929130455553343 0.7408946361198183
3208.598523037 -2.0473043681660674 -1.5463795686506598 0.15500226998836802 -0.07187433629818953 0.669901496583452 0.006082667577409993 0.7389377956310591
3208.648523037 -2.090634065646113 -1.591121290037105 0.15338570090606232 -0.07413821319421424 0.6684829502706187 0.012839682037541267 0.7399116252006275
3208.698523037 -2.135082550379443 -1.6349897790942582 0.1513776020970356 -0.07787581315668474 0.6719212838056471 0.00980357913678076 0.7364516521335704
3208.748523037 -2.181568008767943 -1.6794076169543741 0.14667948388872265 -0.07804619823253368 0.6741077967264992 0.004068826289100491 0.7344868371772378
3208.798523037 -2.2292733804056186 -1.7255235720611082 0.1385398055809683 -0.07566336878497228 0.6687481077487075 0.0005951558844817794 0.739628737135129
3208.848523037 -2.276079206373384 -1.7711179967133925 0.13284752337408692 -0.07353846743206419 0.6665025310172754 -0.004357782805203714 0.7418540824746683
3208.898523037 -2.3214865304022463 -1.816985966641353 0.13091607798537563 -0.07162420537381672 0.6664864579036978 -0.004056778694659702 0.7420574891355619
3208.948523037 -2.3695212294668035 -1.8608303869385272 0.1327213546137272 -0.07231961698461048 0.6632531536101853 -0.008452936755747043 0.7448447321996355
3208.998523037 -2.4184521467640154 -1.8997743475585163 0.1372914419579843 -0.06302575321326503 0.6685697959396051 -0.02414226522512186 0.740580403075166
3209.048523037 -2.465483770983765 -1.9411282479604897 0.13651207119714615 -0.048617643794350504 0.6647050972065335 -0.024059157236811117 0.7451339580321065
3209.098523037 -2.5109498998670983 -1.9839020684722684 0.1326155942542022 -0.03758645681428025 0.649984351354942 -0.012568658527185635 0.7589134536168605
3209.148523037 -2.556444984107647 -2.023228649775162 0.13442158460796808 -0.031036407327019185 0.6474497392076898 -0.011889439974829774 0.761383095318783
3209.198523037 -2.602255001288317 -2.0608930873399136 0.13787804772913553 -0.03224785364381903 0.6506028221162963 -0.019708356850185738 0.7584771746466362
3209.248523037 -2.648475646940074 -2.0985517412620567 0.1376635013375982 -0.033423250702271076 0.6507102316342621 -0.026397514561334434 0.758130761797701
3209.298523037 -2.6951612228031667 -2.1381919361455974 0.13438156489162492 -0.03924312097994787 0.6471266534876997 -0.026239838741274005 0.7609195375756861
3209.348523037 -2.742839166039691 -2.1791825013992403 0.13053601592940786 -0.048418596139786996 0.6429986180624978 -0.021365260632884076 0.7640366106121219
3209.398523037 -2.791774946911167 -2.219591566848381 0.12949853795802646 -0.05706270457089935 0.646425429822102 -0.01755919709658743 0.7606376838046406
3209.448523037 -2.842194182665824 -2.258063313825506 0.1285440287077755 -0.058355972710495675 0.6502401301157388 -0.019093949498474202 0.7572435372643523
3209.498523037 -2.892804114511814 -2.297584186365229 0.127250908233206 -0.0633104209454927 0.6456301188373644 -0.021656732718483503 0.7607131694520053
3209.548523037 -2.9422471250379836 -2.33803225265522 0.12876796940155635 -0.06377169621571048 0.6433030999235672 -0.023307486089372054 0.7625949471919506
3209.598523037 -2.9905779989147736 -2.380710505718649 0.13548753678430106 -0.06364926539561713 0.6442157326594359 -0.017820617862230492 0.7619824711813736
3209.648523037 -3.0399246030006113 -2.418681902727146 0.14651360902611874 -0.05815687829855262 0.6528707906544957 -0.02696019928734078 0.7547520492659346
3209.698523037 -3.0898529703873336 -2.4522862433724892 0.15396285691806 -0.03657910070687894 0.6537954512382912 -0.04406705549788209 0.7545008760441182
3209.748523037 -3.137730886819528 -2.4878950575146783 0.16074508418212383 -0.023230615984828944 0.6542486634801585 -0.053705185178395454 0.7540124520857372
3209.798523037 -3.184899284216487 -2.5222721094571026 0.16707727338302542 -0.00465987778425976 0.6611632017580594 -0.06736279638512975 0.7471972696973959
3209.848523037 -3.232070215248955 -2.5573338325051735 0.1688316979119471 0.009057124281809716 0.6630412916690104 -0.08086722609285914 0.7441469651793796
3209.898523037 -3.2799129240128924 -2.5917721153236055 0.1665452067723837 0.025170599976362847 0.6636319413714875 -0.0969089149246889 0.741328368198911
3209.948523037 -3.3278835090991272 -2.6270381031682124 0.16160256473864684 0.04021076073801939 0.6630324873180397 -0.11444491228889653 0.7386970810372208
3209.998523037 -3.3758087630615154 -2.663667652542591 0.15555221370083658 0.05169050325542333 0.661320193733033 -0.13049818275461667 0.7368540680025101
3210.048523037 -3.4231205400036853 -2.699976944969752 0.15005153424182552 0.06221331037841319 0.6588485306665637 -0.14643482607557398 0.735258430323982
3210.098523037 -3.4703278632750196 -2.7368479286286727 0.14614020139675196 0.0743535287241581 0.6562810834634852 -0.1575239069244172 0.7341341233054949
3210.148523037 -3.5195963241603865 -2.772136898612149 0.1435593269279704 0.08262598420649223 0.6450913031321872 -0.16840946107810065 0.7407215473958544
3210.198523037 -3.568706556955242 -2.8032650875565124 0.14787759203205617 0.09213378150929594 0.6431506492507536 -0.1866625654038885 0.7369027719787534
3210.248523037 -3.618332975175806 -2.8340435709664398 0.1520786007185525 0.0998254798998342 0.6410763015600647 -0.19810603128106502 0.7347176665297375
3210.298523037 -3.668028598996754 -2.861876195467599 0.15222559254865758 0.11913141169383065 0.6270756308252304 -0.2026408687220154 0.7426442878636861
3210.348523037 -3.717025550367987 -2.888156232515802 0.15633598557225872 0.1338836990118423 0.6256247219573705 -0.21373029258143486 0.7382331775582316
3210.398523037 -3.766677470725876 -2.9141018795180944 0.15965569967411616 0.14991750039385485 0.6296602882084602 -0.22460682568075946 0.7284260006249849
3210.448523037 -3.8175859244942316 -2.939866507156778 0.1577504529828301 0.16168658077377798 0.6284343371873798 -0.24030464768603216 0.721928950619128
3210.498523037 -3.870002271584752 -2.9679559380939367 0.15131773179725116 0.17172003793974167 0.6238769304895093 -0.24916811172170425 0.7205588499727152
3210.548523037 -3.923568552316218 -2.9989432839617325 0.14271072029353374 0.17118314960397543 0.6173239461570095 -0.25539115588524514 0.7241428258903069
3210.598523037 -3.977563365861871 -3.034536345353525 0.1375410045529638 0.1617314525686575 0.6188894545987571 -0.25798486758501765 0.724059796103627
3210.648523037 -4.031233890980996 -3.0709184425926432 0.1348327975691581 0.15751640979789963 0.6221920282381895 -0.2596986168434275 0.7215416059042187
3210.698523037 -4.085998727582006 -3.1090548929138855 0.13241994721048986 0.15181752060428474 0.6182398426146766 -0.26010291401187896 0.7260009721507794
3210.748523037 -4.141201586579986 -3.1500731247773746 0.13531275951538446 0.1471612788713781 0.6134863468472767 -0.25359499967439647 0.7332582330755424
3210.798523037 -4.1938440873272915 -3.1928368839002017 0.1478896510165279 0.14122857393467286 0.6249741730695346 -0.24879752683378636 0.7263343331702156
3210.848523037 -4.242934971815775 -3.236095129742843 0.16183388706327714 0.14037374103901218 0.6375624032367551 -0.24119349182883595 0.7180773595547343
3210.898523037 -4.290463070539345 -3.2803605166285985 0.17146515328082487 0.1376461123913863 0.6445091184123388 -0.23517302772095253 0.714391483053548
3210.948523037 -4.33769038433961 -3.3270140232767695 0.1757225278884307 0.1370239222497764 0.644815620511662 -0.22342223684505128 0.7179970503829396
3210.998523037 -4.384305388813755 -3.376435055176591 0.17784229871877402 0.12607962766942807 0.6468645510278973 -0.2118521122143747 0.7216570256434309
3211.048523037 -4.431015638654779 -3.4282178279738877 0.1775838418496517 0.10712145124870166 0.6499317371654739 -0.19680090061292804 0.7262114962084957
3211.098523037 -4.478057218349949 -3.480273596669116 0.1748222075964525 0.08968207409197528 0.6525765538738924 -0.18580474804218544 0.7290936582673151
3211.148523037 -4.525731377898238 -3.532299609353508 0.16969199372834642 0.07433928331185846 0.6519944271628868 -0.1727652546546939 0.7345264492782526
3211.198523037 -4.571624857520038 -3.584264858228548 0.1653314540228365 0.06282777653956018 0.6541132675566275 -0.16108157704217752 0.7363703071411096
3211.248523037 -4.616107176976997 -3.6362195964552444 0.16133255391746903 0.055622075272049834 0.6530485860986136 -0.14357537977087642 0.7414983744154
3211.298523037 -4.660563730213368 -3.6882457804402544 0.1604974816851692 0.045328150428557284 0.6505996697653291 -0.12396538710728433 0.7478622943291848
3211.348523037 -4.704575510474751 -3.736188095033938 0.1625512952638342 0.04091480427466292 0.6495618665605877 -0.11230911326536752 0.7508541958190275
3211.398523037 -4.747463677524325 -3.782121322777287 0.16385147330423933 0.04616887970790253 0.6446054738373664 -0.1003918310624693 0.7564877381037622
3211.448523037 -4.7893762472663575 -3.8265210609714613 0.1639625874816241 0.04679912946005374 0.632433173800306 -0.08560740356804529 0.7684461559621408
3211.498523037 -4.8304111505375875 -3.8683636963207606 0.16852107980868544 0.050247620674250884 0.6359648721037903 -0.0787015134976653 0.7660482555555904
3211.548523037 -4.871815930468603 -3.9106632055534156 0.1711660455585226 0.04709526959387137 0.6391433191057354 -0.07755882865466111 0.763716230888215
3211.598523037 -4.913500914480029 -3.9556540819867867 0.17051898298693952 0.042022161842993754 0.639692871156481 -0.0742089859617146 0.7638849356468246
3211.648523037 -4.954652901502905 -4.002613093886267 0.16902169285894048 0.03505149747702831 0.6414765088404436 -0.0686058532438188 0.7632643827869751
3211.698523037 -4.995967244772187 -4.051205823072255 0.16764129092669156 0.023319020293233322 0.6427065560591034 -0.06035835186604699 0.7633749900613885
3211.748523037 -5.038621784793304 -4.100451468058107 0.1680408350789322 0.01015736269548552 0.6484770790723834 -0.05285981843752302 0.7593287466542897
3211.798523037 -5.0822886696056155 -4.147553739058214 0.1684583578714176 0.0015801584255863421 0.6530554646374054 -0.047601203886553534 0.755810947654983
3211.848523037 -5.126744915802815 -4.196045108952393 0.16810740088172146 -0.010024674558545728 0.652937034908124 -0.04016299187081557 0.7562801520794841
3211.898523037 -5.172825780066959 -4.246189644314833 0.1666593731230543 -0.015239450931383094 0.6417180056959136 -0.023385021738236474 0.7664325808962399
3211.948523037 -5.218014991826464 -4.293664381697424 0.17549522540804777 -0.024636634006324546 0.6471698340780496 -0.015657105679554084 0.7617867793326211
3211.998523037 -5.2610276938306715 -4.337192286091702 0.18579876978504622 -0.028151865811494675 0.6560977238885084 -0.017662501759249823 0.7539438209782309
3212.048523037 -5.3013932976164355 -4.382898269543875 0.18985139693132713 -0.031500512047039554 0.6504512765141165 -0.010947411962494156 0.7588155301476467
3212.098523037 -5.339484471083206 -4.429829403566066 0.19239354219326993 -0.032570556799699876 0.64512427169097 -0.0003903781733975431 0.7633830496610696
3212.148523037 -5.37581042277351 -4.477165980585527 0.19656192745046874 -0.04146139478057744 0.648094554061889 0.002165715225782683 0.7604273215868373
3212.198523037 -5.411214914858743 -4.5263517910767606 0.19783572848473233 -0.04921166890199781 0.65091204422663 0.008989087544828633 0.7575030815974952
3212.248523037 -5.446953680701083 -4.576902934085567 0.19656241341395184 -0.05842305178802197 0.6518725471234763 0.013084866886954816 0.7559614511237172
3212.298523037 -5.483182438886132 -4.628563174504788 0.19382043362678436 -0.0660360397370956 0.6524526758652092 0.016554457457295835 0.7547653258798154
3212.348523037 -5.51916911161677 -4.68059322728691 0.19105706183615329 -0.07327467933610807 0.6536881542704113 0.017215338216891363 0.7530114544047865
3212.398523037 -5.55411330756702 -4.732879887314131 0.1875497261079981 -0.08048693149868086 0.6503486850280825 0.02249757414258391 0.7550247021772664
3212.448523037 -5.589047655596551 -4.783647845242751 0.18630998298939774 -0.08387705960104647 0.6488453131276464 0.02840442947070726 0.7557496853399364
3212.498523037 -5.625937989897719 -4.831278771647577 0.1878448847975095 -0.08330818524614339 0.648016404548407 0.03323066134799724 0.7563267870791861
3212.548523037 -5.666137146183597 -4.8759395015153 0.18921304267359973 -0.08063216836707891 0.6389938341845363 0.029103163598080684 0.7644202634461962
3212.598523037 -5.705866220178287 -4.920464572431328 0.19377351325741893 -0.07363907621022474 0.6368763320615088 0.030112627890647274 0.7668500855814667
3212.648523037 -5.744359008861627 -4.9640608322043205 0.19983102160332533 -0.07212135460760727 0.636267949357665 0.029998595347484117 0.7675035446868853
3212.698523037 -5.781916938119807 -5.008001961070866 0.20574749489379854 -0.07469902303925467 0.6382605331812647 0.03144505313043982 0.7655421323309203
3212.748523037 -5.818865954949838 -5.052990395036382 0.20958936171366932 -0.0835989976986739 0.6401617372388649 0.03169932396646247 0.7630198625325326
3212.798523037 -5.854758965525603 -5.099951565171246 0.2098796357654369 -0.09342289471604473 0.6410454104221198 0.03577357564048089 0.7609554492908935
3212.848523037 -5.8893491576134185 -5.149554019581047 0.20628553109910183 -0.10352990688504173 0.6385966333178691 0.04704960447271582 0.7610927887021519
3212.898523037 -5.923181284545364 -5.201215669540832 0.2016158878220177 -0.11591766381322194 0.6356251812753146 0.062292364462182115 0.7606992740068306
3212.948523037 -5.9566931264762575 -5.254899579518869 0.19868733808023625 -0.13349436347915086 0.6377730603740744 0.07659674132550881 0.7546904780098241
3212.998523037 -5.990874714936238 -5.309299949751873 0.19363107802122492 -0.1459617877535697 0.6358617417282072 0.0923980859733472 0.7522217729038523
3213.048523037 -6.025188717961038 -5.364072670799284 0.18800155891378473 -0.1564879838126309 0.6290070145689632 0.10854720522962252 0.7537102830545276
3213.098523037 -6.0593163015628555 -5.417542082680162 0.18474791103976376 -0.15718045189659147 0.624541805882157 0.12431453174553149 0.7548428548008698
3213.148523037 -6.0902109049397755 -5.47109976359403 0.18796920339040687 -0.16768130830528266 0.6237852975984334 0.1407500699107575 0.750309468929441
3213.198523037 -6.118838230113773 -5.52564977568455 0.19382488412871296 -0.18133138499759907 0.6260430878203224 0.16018440295738604 0.7413028652692734
3213.248523037 -6.14709733433885 -5.580792918676162 0.19656978726664834 -0.19162014768590183 0.6217960360349266 0.18136255002554946 0.7374001858016553
3213.298523037 -6.17401853082518 -5.635861004014641 0.19697154698464925 -0.19880461714275074 0.6160755560647192 0.20136628091135034 0.7351049274315897
3213.348523037 -6.19832261312757 -5.6915375454398776 0.19661055735760607 -0.2100565785706747 0.6113126827239841 0.22312434953179067 0.72964961617615
3213.398523037 -6.220511145762652 -5.74717332978786 0.1966283809052888 -0.22981692600602568 0.611506010739989 0.24062744891599402 0.7178739514553975
3213.448523037 -6.241817791352339 -5.803413995420904 0.19300716781586102 -0.25478391005344125 0.6047599930499334 0.2619057295689782 0.7076410804942475
3213.498523037 -6.2665342295495785 -5.858843397380585 0.188073987885593 -0.266777248140247 0.6053118488452102 0.2766454318652324 0.6970615256563868
3213.548523037 -6.293295421254463 -5.9143169456684035 0.1822126549131744 -0.27798988766071714 0.602344002035565 0.28566642309088014 0.6915909342151785
3213.598523037 -6.323344436365889 -5.967618849500949 0.17603138059769574 -0.2815641065268958 0.5979669947696394 0.2867946231781974 0.693473843196665
3213.648523037 -6.354186069381729 -6.019343413381235 0.17210301392758925 -0.28116765814404443 0.5917730912524861 0.2880706966418387 0.6984014821143756
3213.698523037 -6.386000752752878 -6.0681153555218215 0.17370146270489462 -0.2850089023445778 0.5869456615151244 0.28415470745957544 0.7025103687786217
3213.748523037 -6.419333078559044 -6.114753231909996 0.17674402570280523 -0.28363152296332933 0.5823584570719059 0.2775029636530255 0.7095096136220561
3213.798523037 -6.454057126994541 -6.159204657569027 0.17886293071863107 -0.27324344695826985 0.578075442604236 0.2760178823786027 0.7176217178705727
3213.848523037 -6.489804541853805 -6.201718867917485 0.1819314280468194 -0.26310775975093204 0.5764242306532927 0.27072272852662704 0.7247196819003219
3213.898523037 -6.526735010916587 -6.243688230385873 0.1865277299197812 -0.2553891667667517 0.5844494221176438 0.2667410527659539 0.7225264405223155
3213.948523037 -6.5680335254296915 -6.285508709439205 0.18807666977381193 -0.2534149660550075 0.586411172702513 0.2522022687371019 0.7268402899900787
3213.998523037 -6.6127972995383795 -6.326676226280639 0.1867626649006209 -0.24155218398608186 0.5919247795824569 0.2355579012581591 0.7319768253726789
3214.048523037 -6.659251343984353 -6.367435920331958 0.18480029503810444 -0.23114711287973735 0.5968221824858116 0.2142875740394382 0.7378720284117883
3214.098523037 -6.7060453083558444 -6.409274053519946 0.18386187971398077 -0.21685096827547268 0.6066158999426604 0.1966239899722711 0.7391426209211119
3214.148523037 -6.7528640152196076 -6.451132926645667 0.18533579555539348 -0.20437467254109914 0.6188029867591763 0.17651775202105338 0.7376688552616785
3214.198523037 -6.799035102551922 -6.494046333729734 0.1881554408126925 -0.2003361257875373 0.6238020614876789 0.1600418993532184 0.7383244647440423
3214.248523037 -6.845190926828838 -6.538590510375181 0.19197546804599266 -0.1902463080996447 0.6266410846272338 0.14842732751912635 0.7410105409217802
3214.298523037 -6.890399665474087 -6.584317822720625 0.20096190950140402 -0.18315554713434945 0.6309867958208497 0.14153057457252527 0.7404585103264231
3214.348523037 -6.932996112579524 -6.629072706845319 0.21472927552857746 -0.1891378341089379 0.639782849241218 0.126855770305293 0.7340384179766204
3214.398523037 -6.972958320186483 -6.673329335653099 0.2230416747056483 -0.1816331938362365 0.642040750194152 0.11924339798529915 0.7352374242541646
3214.448523037 -7.01003166555648 -6.717878929465042 0.22823113853908947 -0.16876107148799793 0.6419905806735557 0.11970837318701041 0.7382666865473296
3214.498523037 -7.045329282673544 -6.762234698566961 0.23377605421698616 -0.1656473204758823 0.6471867291406699 0.11392082362315181 0.7353450542353464
3214.548523037 -7.080436853040244 -6.806851603723406 0.23493054723600246 -0.16143797183687913 0.6496790410437036 0.10728706765016732 0.7350812267992956
3214.598523037 -7.115480055786591 -6.852780680115584 0.23286147753026473 -0.16237492774160509 0.6515903264385683 0.09948866965583976 0.7342795339260791
3214.648523037 -7.150631735271411 -6.900524718161139 0.2282082377449295 -0.16010197657097683 0.6568264030177955 0.09309535579500544 0.7309443810073188
3214.698523037 -7.185544196939309 -6.950410652299884 0.22133985256183816 -0.1604600067282172 0.6571275480093844 0.0911966232531704 0.7308345556931295
3214.748523037 -7.221354942747898 -6.998869064514008 0.21693167248029882 -0.16087037856563827 0.6624953251973004 0.0804893714428378 0.7271465646460887
3214.798523037 -7.258909972765802 -7.046295968278398 0.2108126835337729 -0.14799053491858338 0.6644842340329578 0.0710828076981595 0.729045086908822
3214.848523037 -7.297025947404375 -7.094849047414841 0.20249594160402426 -0.1310909729535125 0.6532742409991683 0.06888809998062063 0.7424973754419084
3214.898523037 -7.333313083721145 -7.143740498811904 0.20071232030058822 -0.11432859441252934 0.6554125573111776 0.06399956523877622 0.7438194726327925
3214.948523037 -7.3671053838421745 -7.193317013774861 0.2007378851131554 -0.10637772039561358 0.6551045013555694 0.06084544894483712 0.7455331677731079
3214.998523037 -7.399825648975178 -7.239723528431687 0.20177210878507604 -0.09520785680481561 0.6555470505154283 0.05765683469640108 0.746906431874802
3215.048523037 -7.431828151793331 -7.285123725916209 0.20374014317311448 -0.0865106929669293 0.6597396939641578 0.0541262215013915 0.7445332688043185
3215.098523037 -7.465775311036228 -7.330218686719077 0.20256869130180302 -0.07795780690745807 0.6567867617350104 0.04943949857785396 0.748404613783339
3215.148523037 -7.502220615200516 -7.374832843173574 0.20083557630704327 -0.06918486122051448 0.6535510947625567 0.040604438543306476 0.7526192271548375
3215.198523037 -7.540983605744384 -7.418562758515457 0.20012397954634406 -0.06314171033115021 0.6510688247440964 0.02742158853295045 0.7558905782883707
3215.248523037 -7.581202846602362 -7.4626851593982 0.2015674369591401 -0.0586828788698546 0.6545354109021873 0.015377934801895365 0.7535935474271789
3215.298523037 -7.623309668881687 -7.5077474571474925 0.20316774967005855 -0.05891385098282555 0.6556846641529344 0.0030524027385315233 0.752726684922588
3215.348523037 -7.666631753806658 -7.553544281646859 0.20595182676118523 -0.056019509255691755 0.6592639290393923 -0.00494316195954042 0.7498056092082376
3215.398523037 -7.711565620825776 -7.598464522380546 0.20946787733181482 -0.0546875656288948 0.6575340446337797 -0.01612943489044499 0.7512643287440464
3215.448523037 -7.757005363986664 -7.642773499756447 0.21342028780481498 -0.04724976767736262 0.6509161717300775 -0.024827484835690805 0.7572708847112961
3215.498523037 -7.801485369097145 -7.686980635850378 0.22234524930450725 -0.04289155361938099 0.6449298986625802 -0.030552176810761833 0.7624252782609675
3215.548523037 -7.843903697766118 -7.727785455435341 0.23891006626081807 -0.03856854114633259 0.6563288835839809 -0.044866004710555296 0.7521515178662883
3215.598523037 -7.885111578452369 -7.767410659547913 0.25230997314110226 -0.024918411657352868 0.6622412673527172 -0.056457584097186264 0.7467450152317395
3215.648523037 -7.924940702655217 -7.807641304487424 0.2606626955347785 -0.009938634864741334 0.6599804264186789 -0.06361912098526921 0.7485183148903611
3215.698523037 -7.96402421055459 -7.846771795222707 0.26669847866430846 0.009063519864906848 0.6580849942399255 -0.07551172408053554 0.7490927662781699
3215.748523037 -8.000993650054335 -7.888184420265382 0.2734454886111215 0.023695899327838846 0.666907487126558 -0.08491498365120259 0.7399069897771618
3215.798523037 -8.03735564551195 -7.929481952660865 0.2769673711578051 0.043889662346481825 0.6747622043473236 -0.0960554769751342 0.7304402853529726
3215.848523037 -8.073651273641767 -7.974840920397402 0.2761043136888103 0.05494687562589056 0.6777468469576546 -0.10077311588641302 0.7262815097553111
3215.898523037 -8.110362836664473 -8.023404993202115 0.2728482206516306 0.05914863675311899 0.6756065680298476 -0.10381161325529425 0.7275165654186246
3215.948523037 -8.145231666527858 -8.074609482136577 0.27358331211463693 0.045753770507074 0.6800370240852794 -0.1101572853136602 0.7234097116088145
3215.998523037 -8.177513282260804 -8.125451837904121 0.28110419472479653 0.04235993020852869 0.6969084959136136 -0.11616442683521977 0.7064205621116917
3216.048523037 -8.209640977975464 -8.17652613163742 0.28985624571726054 0.030769023916507876 0.7043026208865198 -0.12389126931079081 0.698328030919686
3216.098523037 -8.240935632934285 -8.227166920503425 0.3039024905933958 0.017463375801528173 0.7188518143483019 -0.12942449319891608 0.6827857644048922
3216.148523037 -8.273293939812085 -8.273714295862492 0.3177814663149821 0.002311241020154085 0.7240537722287755 -0.14202633697976688 0.6749587488805052
3216.198523037 -8.305477300408961 -8.317168207463155 0.3340870008684169 -0.01001803640614856 0.733672083212115 -0.15474261118751398 0.6615736070496091
3216.248523037 -8.338675321303858 -8.359358813898771 0.3487936323518761 -0.015536396985963714 0.7431968446473212 -0.16554739026475368 0.6480826583480609
3216.298523037 -8.373680296785304 -8.402315151515579 0.35985942354716727 -0.01844234827280086 0.7489240664854069 -0.17137102397662204 0.6398473212965348
3216.348523037 -8.409436223796185 -8.444990409774702 0.3692141122333962 -0.020028155159470797 0.7591880317770767 -0.1771769487762606 0.6259718318180867
3216.398523037 -8.446533976084805 -8.487381026661502 0.3753844830352664 -0.02032346242965681 0.7689872402270207 -0.1833227142397561 0.6120770896600113
3216.448523037 -8.48508347707757 -8.531258547831959 0.3777945913755256 -0.018610454720647887 0.7759738075839183 -0.18443955922622313 0.6029099019847355
3216.498523037 -8.524047786162392 -8.575650355691423 0.3790560970997509 -0.02220716160116434 0.7816122038981358 -0.18785015122386556 0.5943917272105067
3216.548523037 -8.562034898801343 -8.621851860443096 0.38064247720644123 -0.02144430824405664 0.7927515031419036 -0.1884872511484459 0.5792734691531186
3216.598523037 -8.603042221688574 -8.67102174581295 0.3787449049413071 -0.024666975360676434 0.792536500095085 -0.1850568418237192 0.5805440565864232
3216.648523037 -8.647176421818317 -8.720577525021739 0.37879308891754904 -0.022538706986961782 0.7897331807119671 -0.18004251671291643 0.5860018789608057
3216.698523037 -8.691308471369155 -8.766289931120353 0.38210224035832435 -0.015988216460083204 0.7872934930405676 -0.18287186736986857 0.5886180534736125
3216.748523037 -8.733896357432045 -8.813722067020588 0.38364801523321823 -0.010557219296369906 0.7792172011992344 -0.1794867361944761 0.6004112007667868
3216.798523037 -8.77402630695842 -8.864720621768843 0.3830318170754367 -0.0043655494415126 0.7675236491605515 -0.16711741192248544 0.6188377498098147
3216.848523037 -8.810511229637282 -8.917460218972419 0.3825226365256312 -0.007117389084796732 0.7573198485217798 -0.15347156882849808 0.6347144770437207
3216.898523037 -8.845092451438568 -8.97028678631487 0.3801908541987631 -0.006430484061447812 0.7506537434813854 -0.13822440899148308 0.6460430473513923
3216.948523037 -8.87933142884934 -9.023904632583768 0.37332904685999246 -0.00870802355402115 0.7417134227117562 -0.12501470187023128 0.6589056785392668
3216.998523037 -8.91394305421827 -9.078559286122127 0.361444317865251 -0.01185459504788106 0.7302619044294136 -0.11334250684671268 0.673595201628604
3217.048523037 -8.949523958497782 -9.133478780704998 0.3451841346772902 -0.009653436091130577 0.7125266559254012 -0.10498619381595997 0.6936789422171018
3217.098523037 -8.983906916578306 -9.189351770132044 0.3298120765574408 -0.0030481471798943713 0.695461504660383 -0.09423114791501214 0.7123513845686726
3217.148523037 -9.01602842226108 -9.245513450530652 0.32041248553846907 0.0008138115561202655 0.6887287546274891 -0.0865899217723628 0.7198293031736588
3217.198523037 -9.048847799446154 -9.301406727988182 0.3142084870340769 0.009500064220497385 0.6787733264270366 -0.07351087104569952 0.7305974760078799
3217.248523037 -9.08339086234002 -9.355003651915688 0.3124780386702958 0.0053994997838112055 0.6667927073861838 -0.07193836881584276 0.7417433531018689
3217.298523037 -9.117193821667696 -9.408549618397618 0.3144294357467621 0.006406547889784014 0.6625827835257496 -0.0701293958646627 0.7456707577443701
3217.348523037 -9.149452003313671 -9.46462299342292 0.31406158119275984 0.008142418851448563 0.6511804449685785 -0.054289154920902694 0.7569348827764156
3217.398523037 -9.181135741802118 -9.52091533388969 0.31194590791127663 0.010654962139548793 0.6354408886794767 -0.029940638422901122 0.771495241039678
3217.448523037 -9.211385647471317 -9.576882312002423 0.3126831189527248 0.005519779368850224 0.6299445108985772 -0.011525117178455502 0.7765350068725135
3217.498523037 -9.240971062416829 -9.633054293744971 0.31242839936306066 -0.00436769837698444 0.6263765909360545 -0.00032710378008238283 0.7795082953640272
3217.548523037 -9.270328214289176 -9.692038196954643 0.30529681818277066 -0.006765937945470923 0.6160791525113419 0.018895460291708077 0.7874285119964792
3217.598523037 -9.299868699204607 -9.753055645101663 0.29119481752314647 -0.004015857277412924 0.5977819654644874 0.04370117875807433 0.8004566207052678
3217.648523037 -9.329852251740169 -9.81388250627928 0.2781414404591801 -0.00564170131267426 0.5845475016013261 0.06045260679039087 0.8090845888472926
3217.698523037 -9.360173227486339 -9.875408042496673 0.2645241832963853 -0.000255526673169304 0.5712000615899335 0.07957390730658026 0.8169445621471138
3217.748523037 -9.390710038135813 -9.938479993781675 0.24906885265280712 -1.9182604548077794e-05 0.5465581464147217 0.10127519582095121 0.8312746398941565
3217.798523037 -9.422248245880898 -10.001538951478143 0.23707144013258988 0.002785916498590821 0.5265583483399049 0.12164689981427346 0.8413861041331682
3217.848523037 -9.454980449772917 -10.063851523755273 0.23033340252695367 0.0057305800736042875 0.5051961963586877 0.1407384725864025 0.8514321147165995
3217.898523037 -9.489424626967542 -10.124260307598588 0.23480228308231932 0.003511700378019022 0.5104966366505584 0.1440566790398513 0.8477196029070769
3217.948523037 -9.520180187076807 -10.183885819809047 0.24038134495263813 0.010116093779643249 0.5231943576551467 0.15002882339204623 0.838842464897944
3217.998523037 -9.543532250338446 -10.245594564601145 0.2408026611035737 0.006050309380047383 0.5155954793250065 0.16615544930520998 0.8405456930602918
3218.048523037 -9.562339607394815 -10.310084383079424 0.24459893245495268 -0.008929408771921308 0.517566802757857 0.1858851583874373 0.8351596124294272
3218.098523037 -9.57890205256955 -10.375823324160244 0.24871957403361536 -0.025473510413557856 0.5236404735492816 0.20462327046422724 0.8266081731466356
3218.148523037 -9.593000559483048 -10.444462880644837 0.25250654073964673 -0.054455274170459485 0.529827440355086 0.221635182734427 0.816820269298011
3218.198523037 -9.60571850641844 -10.514706081833532 0.2547683617168668 -0.08636039895619402 0.5365183356538483 0.23975854497762739 0.8044910174200598
3218.248523037 -9.617137698845351 -10.58553383098953 0.2545851006551106 -0.11974967219195377 0.5344838303697583 0.25739306003031737 0.7960752877281272
3218.298523037 -9.627959028106169 -10.655792312846588 0.2552510128909877 -0.14761092048927785 0.5362893286038183 0.27694997227148827 0.7835199327629107
3218.348523037 -9.638313749611958 -10.72461621033941 0.25662245754742286 -0.1709147482379484 0.5367501439544092 0.2946293056713801 0.7719332898892755
3218.398523037 -9.647669613732834 -10.792442586615085 0.25656045260563554 -0.19363740716295155 0.5217055199808637 0.32284488161408 0.7655710857812598
3218.448523037 -9.65716766725209 -10.858531291249305 0.2646893559638944 -0.21142754637413874 0.5245961372673178 0.34175671511532535 0.7505328993934931
3218.498523037 -9.66703922375943 -10.92219043920098 0.2755357657687869 -0.23786260092764025 0.5232106167489091 0.3504387852351184 0.7395030029716572
3218.548523037 -9.678653165182897 -10.981793396138844 0.2825061268244523 -0.2557075328999042 0.5087302376091523 0.36166074439919094 0.738247051413687
3218.598523037 -9.692010242581171 -11.040774349957237 0.28983337187056435 -0.26835041513993635 0.505299064328311 0.37283057106242184 0.7305191822015531
3218.648523037 -9.706712597038685 -11.100764690490971 0.2923255553666546 -0.27948438253846264 0.49351518876652967 0.38455750978929426 0.7283177603481106
3218.698523037 -9.723192074141311 -11.161200160156056 0.2955954965906392 -0.28596965145589753 0.4952901633908762 0.3948548926907581 0.7190261651794053
3218.748523037 -9.741311098573782 -11.221632981983948 0.2988384982534129 -0.3022652372053564 0.4949440277274547 0.39956336473196474 0.7099403167578139
3218.798523037 -9.762330522351164 -11.282010038442024 0.3011204669617753 -0.3192435847021512 0.4949566237042619 0.402203868978789 0.700951868573222
3218.848523037 -9.785779063283671 -11.343336405334272 0.3022730666460464 -0.3334995440670044 0.4954113211334616 0.4050361037856959 0.692308768996899
3218.898523037 -9.811055247025397 -11.405029533468005 0.3024784896967442 -0.34180064391875453 0.49417591022231744 0.4086091333089834 0.6870233371212003
3218.948523037 -9.837067455207434 -11.4669658340849 0.30265186807766026 -0.3497443618627334 0.4889856366464596 0.4097703030482968 0.6860468112588185
3218.998523037 -9.863109961926963 -11.52792737850395 0.3047333615474939 -0.34293299809347894 0.48221810053260794 0.41445610039702485 0.6914396598265339
3219.048523037 -9.886996611850842 -11.58794852768582 0.3180856128435967 -0.35164519768409436 0.4976849537352333 0.41231330351898887 0.677239308894966
3219.098523037 -9.909111744894656 -11.646533347178298 0.3296512864586182 -0.35534328636988594 0.5000681764105083 0.41320792866745004 0.6729949297429169
3219.148523037 -9.928004455437941 -11.703849914122907 0.34217047698817893 -0.35927583630252435 0.5030166883342337 0.4216948119111479 0.6633766428761294
3219.198523037 -9.945760456413884 -11.760223154717746 0.3548587073813146 -0.36892817207737577 0.505360621244432 0.42592085697816007 0.6535243453262303
3219.248523037 -9.963425613478922 -11.816247003125637 0.3653843655558777 -0.38048997740424434 0.5088376844714343 0.42665577405806737 0.6436430986343116
3219.298523037 -9.981532657216777 -11.871940388845475 0.37426414104827066 -0.39020623227904394 0.5174817318860189 0.42534397963572207 0.6316915801579802
3219.348523037 -10.000286290201347 -11.928028256125483 0.3816872971040771 -0.40920452580965605 0.5213578652433122 0.4143751603917399 0.6237233832847303
3219.398523037 -10.019995455021279 -11.985581059999905 0.3861709662901632 -0.41814049247429286 0.5306456730584588 0.40450953338888884 0.6163973844973668
3219.448523037 -10.040333463084234 -12.044477699812635 0.38696770286652654 -0.424473801339241 0.5268045830199429 0.39628223641066795 0.6206926070053985
3219.498523037 -10.061593797491271 -12.102099218725947 0.3891095994166421 -0.423413086343148 0.5317641360003397 0.3866663970264746 0.6232474303097822
3219.548523037 -10.084291924881526 -12.159735956751916 0.39270079028274174 -0.4210413699251913 0.532592486848404 0.37907784606981443 0.6287840602171948
3219.598523037 -10.10955332421438 -12.21778325273553 0.3985762274898513 -0.41645072186557125 0.5342412727437893 0.365470759145456 0.6384247668789056
3219.648523037 -10.134546755620253 -12.27367830649302 0.40912966919711785 -0.40669313645145044 0.558749501625329 0.34731065155939755 0.6338572382722433
3219.698523037 -10.159006745839973 -12.327749514556633 0.4171471484909749 -0.40024732722694006 0.5654493153407048 0.33379185212258183 0.6392590619498447
3219.748523037 -10.183133563059744 -12.37984585604491 0.4241189569291882 -0.3964398185870783 0.5666184420960283 0.32622891804578447 0.6444794056802678
3219.798523037 -10.208301479246416 -12.430489577016228 0.4316146988729024 -0.3968603834519797 0.5717999374100293 0.31309327174953716 0.6461573111939574
3219.848523037 -10.233555310444057 -12.480925502232502 0.43748367785472586 -0.39840815825259845 0.5783414959999127 0.2983391904529811 0.6463635052214933
3219.898523037 -10.257806080770708 -12.531431306449386 0.44094264299948055 -0.40042060090507925 0.5866943985184089 0.28877030518297186 0.6419226869043273
3219.948523037 -10.283401626397962 -12.582955911581111 0.44077488965215983 -0.4006181099039088 0.5888495709763462 0.2856582796702581 0.6412181064457095
3219.998523037 -10.309866521146024 -12.635499921316917 0.4404415257616233 -0.4042114541421043 0.5883125156028696 0.28496055076405213 0.6397647761744915
3220.048523037 -10.33786011800756 -12.68826804921972 0.4429534213329352 -0.41070413117560783 0.5920913965706567 0.28239142231008324 0.6332495395560798
3220.098523037 -10.368727459096956 -12.74253122540751 0.4449791944274036 -0.41646348651599335 0.5875162305419489 0.2783313136953973 0.6355426996396994
3220.148523037 -10.401579514764764 -12.79832705331028 0.446310743978357 -0.41081627764346057 0.5826657880229016 0.2759005869039747 0.6446777734937545
3220.198523037 -10.432876097120774 -12.854114948603423 0.45243174801214225 -0.40942167190922546 0.5776680561098926 0.27796749687284855 0.6491591347300871
3220.248523037 -10.463876958942977 -12.906859807616776 0.4639856609110272 -0.41249401401996816 0.5876235976346373 0.2671090362145738 0.6428063150538751
3220.298523037 -10.492588363812995 -12.960383381013234 0.469098973974444 -0.40177632031062416 0.5862984668944401 0.2711764268599739 0.6490710605706752
3220.348523037 -10.519574189230724 -13.011880046905796 0.4736403425125806 -0.39116430540182323 0.5839518387899969 0.2768952062270746 0.655224984964521
3220.398523037 -10.546711853764533 -13.061133876134965 0.4780900003697413 -0.3879002560614906 0.5830781698004218 0.27127446864353666 0.6602752470839621
3220.448523037 -10.571672092697957 -13.111301212415194 0.47908734431364985 -0.38558228653686877 0.5837798427982743 0.27175870360894533 0.6608135913131687
3220.498523037 -10.595829969605905 -13.163336163411792 0.4761239634195592 -0.38457052030378697 0.5850356850652378 0.2722251457535649 0.6601001682570404
3220.548523037 -10.61955349264858 -13.218230100342115 0.4686166920940624 -0.3796935285572195 0.5816993974868946 0.2773036548055072 0.6637479328530221
3220.598523037 -10.642642221682667 -13.274667893601755 0.4611162499981999 -0.3732615822071033 0.5794890805374265 0.2833925738090897 0.6667509624260003
3220.648523037 -10.666255855061301 -13.331335198981819 0.45544571253961175 -0.3650549765070622 0.5761192052259704 0.2895967877489841 0.6715319992544618
3220.698523037 -10.690159150628558 -13.38733344026085 0.4536953579998343 -0.35965938750607634 0.5750074704958317 0.28988530677567903 0.6752614625227106
3220.748523037 -10.714877310640457 -13.443785954665914 0.4552280074283509 -0.34838777291826206 0.5728465342588089 0.3001202972929062 0.6785282713502383
3220.798523037 -10.744338112827435 -13.498114275039978 0.46206529494999105 -0.3420508584433219 0.5702830258180013 0.2948540016726707 0.6861775268832871
3220.848523037 -10.776133075996935 -13.548998969784677 0.47347635706163016 -0.33851991240501206 0.5775297498053421 0.2798151616355434 0.6881621410059965
3220.898523037 -10.809056339553525 -13.59716821268931 0.4834775544993553 -0.32898804389096775 0.583510367287097 0.27290911114321315 0.6905093303499189
3220.948523037 -10.843460580902937 -13.64369133827417 0.4893955800508421 -0.3192274075878815 0.5794922685169399 0.2656324886097921 0.7012288884300047
3220.998523037 -10.877781314959957 -13.688770615324055 0.4944298697285491 -0.3070432899239245 0.5829330439992386 0.26069668313052347 0.7056562362306579
3221.048523037 -10.913428760708527 -13.732813415149286 0.4979285354116194 -0.3030127541613101 0.5874958466330591 0.24693797433367176 0.7085573638291154
3221.098523037 -10.951257888967932 -13.77658515066774 0.496217940364962 -0.29039413059160313 0.5900807436843998 0.23226364291804144 0.7166097717930264
3221.148523037 -10.989296742511458 -13.820375995687867 0.49070700583657256 -0.27405728553665687 0.5911799314066046 0.21941708232034735 0.7261232932032876
3221.198523037 -11.0257627064445 -13.865630842935882 0.48606153347179604 -0.26373457087902386 0.5953458892992995 0.21252327245780442 0.7285885031219675
3221.248523037 -11.061580970446316 -13.912780073554732 0.48283972383351126 -0.2596488310724387 0.5990711007941122 0.2067315105700511 0.7286689119575994
3221.298523037 -11.098766172642922 -13.960935575049861 0.48089810911687836 -0.2507785513522373 0.6020573385936023 0.20108518366585837 0.7308911192081415
3221.348523037 -11.136441846400688 -14.010953452286508 0.48095888566455935 -0.23999421927806064 0.599139406947647 0.19662948043580308 0.7380864401810145
3221.398523037 -11.172774112515665 -14.061580052720165 0.48775858214356427 -0.22948646120824112 0.5992187725077347 0.19304760608526766 0.7422974124845038
3221.448523037 -11.207772595457824 -14.111784714021722 0.5031895667718094 -0.230368233432265 0.6147229639217928 0.18329172984894657 0.7317446934699865
3221.498523037 -11.242267249733766 -14.161335007699506 0.5148257962708673 -0.2236074142613866 0.6212240281900894 0.17184745094397136 0.7311285008058948
3221.548523037 -11.275170932612912 -14.211329963610167 0.5226071185385439 -0.2093203435490536 0.624594242107408 0.1688761644968679 0.7331765596141256
3221.598523037 -11.306749991239158 -14.261072083884672 0.5276476243457449 -0.19730958599933096 0.6246158607916795 0.1639826816574238 0.7375863568672363
3221.648523037 -11.336499202668868 -14.311741037850918 0.531940017171483 -0.19267170486436713 0.629826516669886 0.1610993956533382 0.7350123521167963
3221.698523037 -11.3664975069581 -14.363860997545471 0.5318059433087055 -0.1898889304495206 0.6318725887191955 0.15846172706026287 0.7345536786206427
3221.748523037 -11.397722073008497 -14.417182809031106 0.527576939937436 -0.1848869659069514 0.629959381599257 0.15470249358348345 0.7382649428571398
3221.798523037 -11.430283276021997 -14.47081707019767 0.5225957169344466 -0.17766545666309053 0.628971708022373 0.14824802588672237 0.7421941112921902
3221.848523037 -11.464486012739346 -14.52273384270933 0.5189251863517234 -0.16513371993806122 0.6300033653215983 0.1368376121648006 0.7463927130672663
3221.898523037 -11.498967556798135 -14.572584284178513 0.517875729359645 -0.1510278105692149 0.6327373482049302 0.12281605715358329 0.7495000098242228
3221.948523037 -11.533878626393758 -14.620881859437745 0.5177922693530992 -0.13315419417321941 0.6307846136168556 0.11221837539088936 0.7561664949089879
3221.998523037 -11.56932308953767 -14.667530960935922 0.5201668946077864 -0.11884844063062902 0.6266749241070521 0.09740869328459414 0.7639797995547241
3222.048523037 -11.6046793879576 -14.71199578700903 0.5259340671302184 -0.10439579896481382 0.6299327417203767 0.08145310923634323 0.7652788047913517
3222.098523037 -11.641344969323237 -14.752046552064186 0.5288952652630243 -0.08751323308852563 0.6223747573910564 0.06529458254781512 0.7750662635457203
3222.148523037 -11.678632509442016 -14.787100815547992 0.5339039757276127 -0.06913330574551065 0.620464305253704 0.04080149350990392 0.7801152928061965
3222.198523037 -11.715528561857248 -14.821214541625926 0.5394020127676747 -0.05225797460630946 0.6277540274705969 0.017825253228050005 0.7764510579758696
3222.248523037 -11.753167812901996 -14.85517133387434 0.53901372401238 -0.030520319886546684 0.6271020979857117 -0.002973178090694084 0.7783332377510181
3222.298523037 -11.791281222000036 -14.888882993484915 0.5374721486667915 -0.009654065317512698 0.6311429200115712 -0.025824543098253154 0.7751764357331039
3222.348523037 -11.829463994158498 -14.922968394389361 0.5332761628247799 0.010702159514468191 0.6299634141208471 -0.050480549127132776 0.774908558999548
3222.398523037 -11.867243540732847 -14.959753950772082 0.5288295192573247 0.02665406129973099 0.6268813594752545 -0.07128526137342528 0.775388762924515
3222.448523037 -11.904574411367253 -14.999554192159867 0.5286432928599675 0.036464524784487376 0.6334338786884518 -0.0904437341964003 0.7676273775123946
3222.498523037 -11.941504700056317 -15.04036475982242 0.5278279463448291 0.051439504874634105 0.6333214387533579 -0.10472731732451629 0.765042561926877
3222.548523037 -11.978534006015428 -15.082026754413278 0.525797350539977 0.06773860061843913 0.6168402617124853 -0.11631060845626841 0.7754943042197416
3222.598523037 -12.013635388018695 -15.124845360641368 0.5307656193256804 0.08222819647864732 0.6080499074499278 -0.1237700960571379 0.7798684485706613
3222.648523037 -12.047314428127828 -15.167363159404696 0.5421461919829289 0.08426699622311325 0.6117960838265528 -0.1345158620818592 0.7749258725906637
3222.698523037 -12.080306820220898 -15.207587219157421 0.5528225447611075 0.09532907674981783 0.6160006844209155 -0.1468623801907 0.7680409918772
3222.748523037 -12.11313865842177 -15.248505301376168 0.5584789555244701 0.10722443088070491 0.6112588862344442 -0.1564461107881456 0.7683684727010857
3222.798523037 -12.14527323025685 -15.290250179159981 0.5617800218099679 0.11644658977652725 0.6052876726638255 -0.162251897247975 0.7705461354714974
3222.848523037 -12.176919963094928 -15.330873289382577 0.5660292988041686 0.13246262755535357 0.6097196748673597 -0.17202948322139774 0.7623000900454833
3222.898523037 -12.209075477085895 -15.374751776568226 0.5677216594459841 0.1375015372541316 0.6119414537527713 -0.17991867085448604 0.757793016799212
3222.948523037 -12.242207661480462 -15.420130145638888 0.5678462231574667 0.14404846502710436 0.6143442215422769 -0.1849166300085198 0.753416921184573
3222.998523037 -12.27598583042732 -15.46544115864187 0.5665998757488151 0.14933208109013224 0.6111899978285585 -0.196007580954314 0.7521487514581506
3223.048523037 -12.30931301504719 -15.511150357803007 0.5674022581880236 0.15621342601158522 0.6113200605960692 -0.20223632400299457 0.7489897317722701
3223.098523037 -12.342010102777355 -15.555652813341007 0.5698074979730751 0.16330954573785972 0.6096394893950726 -0.21289664317540738 0.7458851818917255
3223.148523037 -12.376179171992804 -15.602228039992609 0.5738073462541614 0.16477032235861166 0.6060061975079346 -0.21450128737356491 0.748061780314231
3223.198523037 -12.411033393180537 -15.645757014253405 0.582122415061958 0.16504236823466314 0.6032120861647782 -0.22446076622009795 0.7473376480682054
3223.248523037 -12.444770264597997 -15.687561381249198 0.598383030586533 0.16588110250430912 0.617831663469679 -0.23370609693366584 0.7322219306346105
3223.298523037 -12.476969228635154 -15.726527394262735 0.6190670593550031 0.16753503735124628 0.6418592484328153 -0.24471610752475945 0.7071511459220784
3223.348523037 -12.50982833392165 -15.764442919450381 0.6383043845931367 0.16125127400699443 0.6662909236307459 -0.2599755917691826 0.6800493536521244
3223.398523037 -12.545353549201954 -15.802770427169008 0.6510913989109327 0.15626350734020977 0.6805621282529564 -0.26754930818046585 0.6639535176152749
3223.448523037 -12.582104395119336 -15.840242305857013 0.6594037761661441 0.15566449965305795 0.6882645060145548 -0.2762974800611728 0.6524724023436929
3223.498523037 -12.619067533603946 -15.878474524493877 0.6678872312531102 0.15169826025429894 0.7009550797054812 -0.2834992558622479 0.6366143149477974
3223.548523037 -12.656456742268443 -15.917318755650259 0.6760274276695513 0.1465042580034975 0.7144434256833352 -0.29035781920608245 0.6195154806060889
3223.598523037 -12.694609876573947 -15.957722633274903 0.6839667618747658 0.1392206016333292 0.7301661183713875 -0.29417250875364964 0.6007808242253567
3223.648523037 -12.734238272449764 -15.999002130343 0.6881806654024633 0.13239360826159743 0.7370188292475109 -0.2976215870232222 0.5921963937444077
3223.698523037 -12.774655125611837 -16.042123497649 0.6912972091910048 0.128841584598606 0.7396448961062747 -0.2962059319041495 0.5904128383147278
3223.748523037 -12.8161133120949 -16.086724636936026 0.6960701346746494 0.12548830460255522 0.7393843400794718 -0.2906847805026169 0.5941934377266093
3223.798523037 -12.85555841457033 -16.130685532543936 0.7058959105633245 0.11761669209099786 0.7443336779006763 -0.2874415789183964 0.5911945774390382
3223.848523037 -12.891435352548276 -16.174339134073946 0.719509990321017 0.11885337177846295 0.7574940989881387 -0.28264017728115765 0.5763602139300686
3223.898523037 -12.9280078376688 -16.220691458834875 0.7300152470310611 0.11974612816353683 0.7648286897208508 -0.2698440367915722 0.5726099335304592
3223.948523037 -12.964619856018851 -16.265589012216324 0.7374714855158551 0.11454826109517854 0.765053179703235 -0.2640484419420338 0.5760648821218188
3223.998523037 -13.000400168469566 -16.310851060094404 0.7439370493141398 0.10966607197650277 0.7688686850388665 -0.25670071490975793 0.5752556308187413
3224.048523037 -13.037096983852914 -16.354369173378853 0.7467505511032536 0.10493630656349857 0.7680807379008608 -0.2556121415727165 0.5776701348616615
3224.098523037 -13.073925307844329 -16.39948198838168 0.7475581794706484 0.10094197282905054 0.7703450276906882 -0.25259174029523296 0.5766946065017756
3224.148523037 -13.112532552021996 -16.446322979143883 0.7446387541211152 0.09896025685873608 0.7686590411071142 -0.24880729622576203 0.5809174428708187
3224.198523037 -13.152616579633778 -16.49445295034102 0.7400698488684118 0.09477357219362326 0.7638205478642074 -0.2440286699556165 0.5899543617211208
3224.248523037 -13.191924386705686 -16.54237487265766 0.7364130424460562 0.09496235494253415 0.7596069548812316 -0.2393326932407029 0.5972430721121694
3224.298523037 -13.230635457278476 -16.58984111256542 0.7345886329972946 0.09822445357698237 0.7551698653957037 -0.232621287687948 0.6049444335078543
3224.348523037 -13.270962339894481 -16.63535206209201 0.7337593710103635 0.10051592616035898 0.744365259523558 -0.2315830329949486 0.618212105859641
3224.398523037 -13.311770492369675 -16.68172523125262 0.7364629881664195 0.10255421557430439 0.7340442671447622 -0.2327276912711685 0.6296820375836044
3224.448523037 -13.351427463085386 -16.729317838951953 0.7427995517360919 0.09943555688314104 0.7294484372489963 -0.2307701312614514 0.6362096304991849
3224.498523037 -13.390909152572785 -16.775526539642367 0.748336734382559 0.0976506034185556 0.7245238267820177 -0.22704817296601315 0.6434117742394277
3224.548523037 -13.431462805950988 -16.82163914567399 0.7484445885069358 0.09324784521728767 0.7121319369193821 -0.21705127016503625 0.661106413447583
3224.598523037 -13.472561548249642 -16.86656402409408 0.7444841587210701 0.08863913397217393 0.7001146443649637 -0.2060566753170736 0.6778814315436422
3224.648523037 -13.514567170156687 -16.910503872285954 0.7357366791094461 0.08427189716223639 0.6866336539732583 -0.19611160750939294 0.6949623802624795
3224.698523037 -13.556716304213632 -16.95402723829448 0.7245258595798978 0.08317948946007794 0.6775260719035346 -0.18554790507261726 0.7068320658737056
3224.748523037 -13.599337840449943 -16.998975608219745 0.7109154471477992 0.07816383999961085 0.6692148674618534 -0.17367862756211666 0.7182462040363798
3224.798523037 -13.64311470223618 -17.047293688848185 0.6953401040532018 0.06977116385071326 0.6578109073011498 -0.16026938344371888 0.7326189457426865
3224.848523037 -13.688317792574946 -17.099168908894114 0.6807311215589953 0.06567001617915448 0.651007426179375 -0.14001775156643048 0.7431499238246725
3224.898523037 -13.734562038535275 -17.151013126954997 0.6655519709513751 0.06071852432357917 0.6330526533968229 -0.12528465819051396 0.7614862790971975
3224.948523037 -13.780100968444069 -17.204249251270646 0.656787356880555 0.0559566687798039 0.6219285536762327 -0.10962625758232797 0.7733406810647878
3224.998523037 -13.824234564534049 -17.258226109058995 0.6572667359244041 0.05177794417236381 0.6262150079993932 -0.09195215329546663 0.7724756369995953
3225.048523037 -13.866694300658038 -17.310680098093563 0.6605871906024325 0.04697593938761419 0.6323465607105617 -0.07713980465434883 0.7694027156269103
3225.098523037 -13.907189252296385 -17.36077345340164 0.6636882753559954 0.04630838533719308 0.6362070184132875 -0.06512658452536929 0.7673686800731425
3225.148523037 -13.946575896953098 -17.408553908110907 0.6640996458064814 0.04318976491962344 0.6274119534803542 -0.05760623507859486 0.7753517953266268
3225.198523037 -13.984643996802655 -17.45582221105032 0.6666574403511245 0.03746854863944068 0.6266155026017675 -0.052059652635183806 0.7766845642405238
3225.248523037 -14.022433943474752 -17.503076992705708 0.6678180674022013 0.03440831646200342 0.6296754875483102 -0.048380206963030525 0.7745864727151276
3225.298523037 -14.059972836870012 -17.552455520110755 0.6657385545431044 0.027433320347116853 0.6283511308946622 -0.04188234043675515 0.776317034978411
3225.348523037 -14.098548627836374 -17.602115746684447 0.6632967806243643 0.017709739121400017 0.6280408313348967 -0.04028700436300625 0.7769350272679686
3225.398523037 -14.137689658194434 -17.65164187954952 0.6618114819176928 0.012545451276306654 0.628188100013377 -0.03993600434852367 0.7769346421743156
3225.448523037 -14.176526509583882 -17.700330825969377 0.6627744818779717 0.0034015611751507524 0.6285620424615291 -0.041315177377588774 0.7766538767536161
3225.498523037 -14.214887365607657 -17.745846080947 0.6671293345214154 0.001249846469669441 0.6320875175950214 -0.043370261228831246 0.7736813481177562
3225.548523037 -14.25468827489012 -17.78915302477344 0.6734196947912726 0.006346791405288134 0.6342992150339719 -0.04035296208513417 0.7720076829262134
3225.598523037 -14.295702749521565 -17.829346905482048 0.6806036130408777 0.010730733354606196 0.6295030160553964 -0.048869172553339266 0.7753854577645777
3225.648523037 -14.334511284755816 -17.872107828376638 0.6919112745036073 0.016159638191010066 0.6370216951162118 -0.04213934267788588 0.7695235550933316
3225.698523037 -14.372965400702059 -17.912105079135994 0.7014340583254483 0.01667363569481715 0.6368148150304388 -0.03590137878724075 0.7699999819685969
3225.748523037 -14.412254990578678 -17.948276995325294 0.7111253204382093 0.019200442932577368 0.6416735357561182 -0.03608209456825989 0.7658880459655979
3225.798523037 -14.453636244974287 -17.982967472289484 0.7164274166775192 0.01981212653456198 0.6438765903875701 -0.039872449632972866 0.7638328375720186
3225.848523037 -14.497535722351511 -18.016932211325546 0.7166248771369821 0.02225403876878631 0.6444668486850258 -0.04612475105678554 0.7629152941476657
3225.898523037 -14.542931451844767 -18.05139558856157 0.7131076867733732 0.03371459567894964 0.6486169101146761 -0.04554880591041788 0.7590024612816683
3225.948523037 -14.59016261860619 -18.086495924370006 0.7040888522646008 0.032849952158020244 0.6388716744748398 -0.052509630731026144 0.7668158859057508
3225.998523037 -14.638020781713625 -18.12445624261375 0.6965593202139305 0.032938199949131323 0.6350299859332014 -0.05241319167400631 0.7700031488820892
3226.048523037 -14.686211803211654 -18.164119210277054 0.6924864794644899 0.03029588397699745 0.6374691705086222 -0.051600283440217554 0.7681488311609873
3226.098523037 -14.734942107562414 -18.20479152437867 0.6897585924348043 0.02139393398299746 0.634000038815984 -0.05258795435321577 0.7712462365723454
3226.148523037 -14.785152888214384 -18.246728209852137 0.6910960609227146 0.01613486939436029 0.6316398288580298 -0.0479446632978332 0.7736097865533266
3226.198523037 -14.835435441499111 -18.28766917273755 0.6989820200352221 0.011906588513667785 0.6344999114408395 -0.04676475479725284 0.7714150330660443
3226.248523037 -14.882912561692665 -18.327532532188563 0.7111480893196387 0.012336648818596432 0.6433302984600019 -0.045928680329112626 0.7641102606970528
3226.298523037 -14.927095168810867 -18.368859446389003 0.7220011792183582 0.013338170266785705 0.6481045998546214 -0.03778306809641368 0.7604965224288911
3226.348523037 -14.969718515514018 -18.409834005412065 0.7280909067905252 0.011515917054561876 0.6437705699568035 -0.031141118025253878 0.764497918689137
3226.398523037 -15.01001112768462 -18.45222193906811 0.7308883603979787 0.0118709591244744 0.6379252092298204 -0.017335833238676265 0.7698116501096067
3226.448523037 -15.049225104524844 -18.496509008918053 0.7333454840846593 -0.0022314530447892986 0.6368106723190272 -0.001395481240774099 0.7710157202482997
3226.498523037 -15.089411045269673 -18.539746727425392 0.7337887774120269 -0.017465658107074747 0.6353331186891755 0.010296987463054685 0.7719719885674341
3226.548523037 -15.131430390659652 -18.58162672124971 0.7336185345622754 -0.03333269949288392 0.6355454574829507 0.018149363272882135 0.7711300170724086
3226.598523037 -15.175947913712902 -18.621564912770488 0.7321611823476839 -0.05014276834613114 0.6293094417277005 0.019947563364124732 0.7752789330626692
3226.648523037 -15.221410781943952 -18.65965951009873 0.7325341237112233 -0.06376495584383877 0.6306074945265998 0.017180257269380717 0.7732871762891687
3226.698523037 -15.267963007098956 -18.697158312054267 0.7324125261238336 -0.0686656414673133 0.6256322419914531 0.02495335139837912 0.7766895504103422
3226.748523037 -15.31707889798713 -18.731590748917107 0.7367236048869232 -0.07606929759749557 0.6219224021934161 0.027329670073541694 0.7788960628650434
3226.798523037 -15.367776357198984 -18.76148746717965 0.7450139989890594 -0.07843877979140347 0.6267815102942882 0.015142249803943682 0.7750890325949154
3226.848523037 -15.41767465250283 -18.789461289818128 0.7523963343593865 -0.06549386442591222 0.6305845186120723 0.013382515499406718 0.7732364624668506
3226.898523037 -15.467422696835795 -18.815135880978737 0.758747501559271 -0.057080744112386284 0.6244788267369596 0.015114756045075672 0.7788064764487417
3226.948523037 -15.51739551107903 -18.837692975361616 0.7669294073476037 -0.05319441993406673 0.6279848448058746 0.005125234735437577 0.7763885112177579
3226.998523037 -15.567201022032727 -18.859866487088464 0.7726654997625717 -0.045362550584483706 0.6342142604146483 0.0004927440500660517 0.7718252833993402
3227.048523037 -15.618044107557884 -18.882597272587443 0.7741880864845029 -0.046484131672418244 0.6381317221166602 -0.009093769594007928 0.7684688894715634
3227.098523037 -15.66988557673441 -18.905903628193002 0.7711647919962388 -0.0410854704464449 0.640506708740647 -0.014057225260401648 0.766723897237067
3227.148523037 -15.72248177912538 -18.930467523906945 0.7651650862402788 -0.04083253082436321 0.6380435754702888 -0.018223198400472596 0.7687008620182656
3227.198523037 -15.775636750511667 -18.95595263424255 0.7609589105271909 -0.04172778541015332 0.6406785451176243 -0.02169203829198152 0.7663675679629637
3227.248523037 -15.829529591729576 -18.981770152607194 0.7576743793560426 -0.04068043547748763 0.643643764885326 -0.02299936365408017 0.7638971366389015
3227.298523037 -15.8845566516069 -19.007093640451316 0.7540981921495404 -0.0406238115908021 0.6381060284076138 -0.030060251835280105 0.7682882165576251
3227.348523037 -15.939445056672467 -19.033535218910348 0.7527740771887755 -0.03413491836643616 0.628382488712381 -0.03033318169789423 0.7765630388550783
3227.398523037 -15.993481304112652 -19.060321967464425 0.7597686698648469 -0.031809324688728755 0.6343972439017578 -0.031521730016143834 0.7717089375726384
3227.448523037 -16.04668496721221 -19.086220903314917 0.766364812205622 -0.02435920747211617 0.6387714527251497 -0.03717954680818252 0.7681115423516758
3227.498523037 -16.098911117911907 -19.112826098232055 0.7699196670968338 -0.009955337454743585 0.6332837534985823 -0.03546244884111721 0.7730426854534621
3227.548523037 -16.150417941694833 -19.140521025960474 0.7744442103555501 -0.0061380748478189265 0.6332794802373725 -0.036033981918362934 0.7730594906568015
3227.598523037 -16.20167474453732 -19.168331820246152 0.7770669115106507 -0.003980984733304333 0.6346592477228082 -0.04130650291161286 0.7716771111402004
3227.648523037 -16.25241825377862 -19.199066493469438 0.7790245764804967 -0.001971277315257168 0.6466107245526092 -0.040378740115271594 0.7617481488694275
3227.698523037 -16.304212312270398 -19.231534498582434 0.7767819518001153 -0.0035525708212281798 0.65411606965143 -0.04178240530878607 0.7552309430041502
3227.748523037 -16.357910267962552 -19.26517137080549 0.771180599940497 0.001240382080028607 0.6566558747147285 -0.03916525909088436 0.7531716976462103
3227.798523037 -16.41238650034494 -19.297343915263546 0.7665304403783388 0.000517464038764695 0.6544390830597375 -0.04451875228983149 0.7548028215961142
3227.848523037 -16.465770801381954 -19.32807734082125 0.7657496945813974 0.004288561447303059 0.6586805381350472 -0.04987959445094692 0.7507553416261828
3227.898523037 -16.520400010123865 -19.357721851114594 0.7663920943921982 0.007904866443657114 0.6585412855624362 -0.052766746104394635 0.7506507568782146
3227.948523037 -16.57697718552079 -19.382764985969448 0.7697397939393104 0.016545012699326754 0.6573421934337097 -0.06352192846545457 0.7507279586445201
3227.998523037 -16.63338136721173 -19.405448177391335 0.7754215000749439 0.03195090648392488 0.6573322138500324 -0.0777910842226978 0.7488938826197794
3228.048523037 -16.687854783027408 -19.42818724661771 0.7823080634568141 0.042818891398069936 0.6549687435730579 -0.08016552775513164 0.7501706310177116
3228.098523037 -16.741741096979606 -19.446114989956754 0.7911748904239001 0.048793220126034285 0.6556781089781791 -0.09107784304928944 0.7479373406790307
3228.148523037 -16.795438894725716 -19.461204898739332 0.799073444476166 0.055745818467043046 0.6582249840201213 -0.10372891575547843 0.7435540237073185
3228.198523037 -16.850222039121522 -19.476102917894462 0.8030856756258848 0.05932487649890948 0.6609515884099731 -0.11662290473791376 0.7389334576923786
3228.248523037 -16.906940142377227 -19.491370032671515 0.8009559976478853 0.06714060313190123 0.6609091471990828 -0.12853410307698923 0.7363220918224983
3228.298523037 -16.965719027514726 -19.508417138457304 0.7933509567088721 0.07497256252121 0.6556479345190979 -0.13643618899679574 0.7388437366330413
3228.348523037 -17.025750223114393 -19.528255125400765 0.7853118581668098 0.07697845659019356 0.6512984941116052 -0.14187834300066665 0.7414547353522886
3228.398523037 -17.08532073930481 -19.551342666238153 0.7807719072700787 0.07591598177817005 0.6564107332591003 -0.1439637784300122 0.7366384075467837
3228.448523037 -17.144771464460113 -19.577615022370367 0.7751406385050923 0.0707796865178808 0.6534354152711045 -0.14351653297075584 0.7398752589524561
3228.498523037 -17.20427828823773 -19.606839921103678 0.7709247072460823 0.07264419100847197 0.6460575577811665 -0.13368987010953293 0.7479702348199799
3228.548523037 -17.26214841247641 -19.636665152714862 0.7740539085884672 0.07055837316090165 0.6462792741496058 -0.12581367714667577 0.7493434022024733
3228.598523037 -17.317773613943977 -19.66486636544966 0.7817046142561279 0.07303242576929711 0.6530263806522479 -0.1257982198769687 0.7432345651503727
3228.648523037 -17.371945920874676 -19.693994748126222 0.7866640129417276 0.07638872133918778 0.6474466810603783 -0.12201701445234114 0.7483912122815193
3228.698523037 -17.424682735692123 -19.723681790646665 0.7939565584247793 0.07854455140306339 0.6524460555808823 -0.11866456015569846 0.7443544989888182
3228.748523037 -17.477721575094133 -19.753599366030226 0.7975456421132661 0.07822117851200515 0.6519094386466879 -0.11583404302880232 0.7453039685330778
3228.798523037 -17.53129255375518 -19.78529408366129 0.7990009351570893 0.07632939158608558 0.6549561142285516 -0.11032694945699636 0.7436627438820961
3228.848523037 -17.586565989694467 -19.816245988123267 0.7973297554722338 0.07613849838041178 0.6564919197768537 -0.11205217631060388 0.7420684591842822
3228.898523037 -17.64316219219357 -19.84837131195093 0.794018800600149 0.0726282169909771 0.6583525535516607 -0.11509479197528089 0.7403041578897732
3228.948523037 -17.69976293685672 -19.87983322739394 0.7906437486283604 0.07368569737018683 0.6587200246900516 -0.11602198859297402 0.7397278183483023
3228.998523037 -17.754964484233216 -19.90975211598839 0.7907395888617079 0.07407262745238888 0.6608715014749146 -0.11747566553389033 0.737537505763579
3229.048523037 -17.810559228381507 -19.938331013937486 0.792895644018713 0.07961649032079898 0.6625861548413574 -0.11494106149640382 0.7358188325013318
3229.098523037 -17.86626035884242 -19.96376606729299 0.794541407203319 0.08839123147677765 0.6532942255017519 -0.12029279599755036 0.7422420685700701
3229.148523037 -17.919626154551874 -19.990948050998664 0.8007719778259296 0.09396694163033392 0.652814918897625 -0.11801994347059419 0.7423437131737068
3229.198523037 -17.971590783514166 -20.014908567398294 0.8060404700660257 0.09434116757020188 0.6434978465662176 -0.1193527975845513 0.7501767626865505
3229.248523037 -18.023140025534452 -20.0342230445792 0.8132668602102961 0.0996121530975672 0.6442554188463208 -0.1262753815790423 0.7477077652729615
3229.298523037 -18.07566396815602 -20.05106658437832 0.8156755673117511 0.10864219794690372 0.6411693123671044 -0.13152909606533023 0.7481970880671732
3229.348523037 -18.129752071542196 -20.067065808842592 0.8135726445364597 0.1125345086982743 0.6353443224189835 -0.13910784792454786 0.7512140726635794
3229.398523037 -18.185510828871934 -20.082532330265742 0.8101636118666645 0.11921214412093083 0.6357217614597035 -0.1444590759134476 0.7488510413205656
3229.448523037 -18.243523465164845 -20.097118390496643 0.8040705038040092 0.12256377607393847 0.6322794932665902 -0.15107025301113042 0.74991902352467
3229.498523037 -18.30350979835129 -20.111881663892987 0.7992691602650351 0.12406398353612193 0.6331270883704128 -0.1569257435949678 0.7477516492512196
3229.548523037 -18.364371611577212 -20.12805403644222 0.7969561296745173 0.12348903071275727 0.6401235114756636 -0.16284268856473183 0.7405907156660144
3229.598523037 -18.425512729779378 -20.146530945925626 0.7932659715028079 0.1168969302401109 0.6382725292536053 -0.16806371458753616 0.7420902060664077
3229.648523037 -18.48774899094061 -20.1681199295754 0.791512582703114 0.11419014107765614 0.6337980004793801 -0.16339764535407098 0.7473699992384965
3229.698523037 -18.551399677044195 -20.189928076285113 0.7967831254225568 0.10688745549810147 0.6343282523192149 -0.1618978938225487 0.7483260065924575
3229.748523037 -18.614382158975 -20.208705446975543 0.8080307003073302 0.11260011354860425 0.6456091602780009 -0.16409693267187725 0.7372802881412589
3229.798523037 -18.67523359295955 -20.223792717378775 0.8142448655849491 0.11702771779049301 0.6334020055847753 -0.1765685204083403 0.7442647178193674
3229.848523037 -18.733424288225294 -20.240776386491028 0.8230844715446134 0.11937963081705558 0.6371000596155041 -0.18433327229870478 0.7388323642799877
3229.898523037 -18.791778894813806 -20.259628889330735 0.8258339152869045 0.12706194501852994 0.6407612626115694 -0.18785568772681935 0.7334783616803017
3229.948523037 -18.851245480960664 -20.28194312314236 0.8218186152661514 0.12770324969499414 0.6370043660183013 -0.18539178118511293 0.7372565395844051
3229.998523037 -18.910781630400606 -20.304791093991383 0.8195298287837209 0.12695652846090277 0.6441657387784262 -0.18421581342451435 0.7314349423903298
3230.048523037 -18.97150126798101 -20.326069749213946 0.8154553452140978 0.12611833343309387 0.648734331869055 -0.19075446860825418 0.7258447942449215
3230.098523037 -19.033255090352 -20.348066874844555 0.809762472848585 0.1234041135262908 0.6475408823991212 -0.1976437117518168 0.725533730154238
3230.148523037 -19.093970546046926 -20.37046121840614 0.8079642412680667 0.12336735005520923 0.6546120019780288 -0.20369883547538972 0.7174750227238876
3230.198523037 -19.15426557034849 -20.393083592646228 0.8081177235906127 0.12267497064515362 0.6608993677275113 -0.20590725824790315 0.7111716236714017
3230.248523037 -19.215997736900775 -20.412389882749025 0.809235603600276 0.11625486765755791 0.6608330982462465 -0.21300145015284608 0.7102216585270935
3230.298523037 -19.276913613707684 -20.42747923009046 0.814336766064682 0.12019251931261649 0.6684611415441294 -0.22693069375650146 0.6980085391870208
3230.348523037 -19.33735150607967 -20.441645642669137 0.8169169043129465 0.13266387557765752 0.669241491692046 -0.23254950778679956 0.6931355194640065
3230.398523037 -19.396888972244163 -20.45263871105066 0.8158634325553576 0.1410135707535943 0.6559020513441883 -0.2408205546899832 0.701365191854155
3230.448523037 -19.455185387960253 -20.46382215855275 0.8170209163432635 0.15947871853860418 0.6580881832080582 -0.23790933217177168 0.6963372969479545
3230.498523037 -19.514398067765928 -20.472521635980247 0.8131942490275191 0.17293125896512934 0.6542773545800052 -0.24185407800947933 0.6953578416230813
3230.548523037 -19.57518045751815 -20.481288081719065 0.8065948808931014 0.17120312178372737 0.6455650590190082 -0.24878405204433718 0.7014568704586842
3230.598523037 -19.635776159854103 -20.490389020416043 0.8043585125045956 0.17611727455579274 0.6525930605366219 -0.24906559335534825 0.6935930601938234
3230.648523037 -19.698284546911882 -20.499614854965877 0.799852628289823 0.17816033187382652 0.6526263819694126 -0.24877930531616055 0.6931425242693822
3230.698523037 -19.762499291077756 -20.509482044457346 0.797538362647658 0.177902758309885 0.6560593068999697 -0.24807459608895788 0.6902143067127532
3230.748523037 -19.82786484770647 -20.519702915886167 0.7965263081113336 0.17871226491511846 0.6555653294594885 -0.24500947966073564 0.6915680588748707
3230.798523037 -19.89235288703048 -20.52792354774017 0.7962222289836544 0.17556289178925452 0.6478922524639565 -0.2529603311641219 0.6967240279200317
3230.848523037 -19.95627492222997 -20.53863256475272 0.7991642835181265 0.17749854822360417 0.6379776916202935 -0.25256872569109634 0.7054698924660998
3230.898523037 -20.01892513934918 -20.55237782641635 0.8094641277693561 0.17517795478035733 0.6421046961629171 -0.2490931651736973 0.7035387966475256
3230.948523037 -20.079861186979137 -20.566556601384278 0.8215315982735643 0.17702459115738098 0.6470832504839746 -0.24550316919260068 0.6997669290449824
3230.998523037 -20.13974345428508 -20.580343983986715 0.8306117038205888 0.17915402722675575 0.6435763509181242 -0.24462169749035037 0.7027613678797988
3231.048523037 -20.198657273303297 -20.59461627006886 0.8371891963619499 0.17970537523453883 0.6367699158634167 -0.24657586670370604 0.7081175003644714
3231.098523037 -20.257281879045575 -20.612208817296377 0.8431030155488748 0.1789831962427843 0.6354311108044873 -0.24199216847859292 0.7110781316279673
3231.148523037 -20.31657273241363 -20.631434016798643 0.8474792195916092 0.17275239303999412 0.6372979559980011 -0.2388447100992449 0.7120120296998732
3231.198523037 -20.377315780909424 -20.65127814256249 0.8495412341237347 0.16972335241278863 0.6410476202241252 -0.23592074760181989 0.7103473327195285
3231.248523037 -20.440147563884395 -20.67166003829823 0.8460045489386214 0.16735124322403336 0.6310929752863018 -0.2326530873493865 0.7208243606333326
3231.298523037 -20.503965538811393 -20.692933999675017 0.8427879328533323 0.16230776586230033 0.619904822531745 -0.22651364504762292 0.7335296645330127
3231.348523037 -20.567458237946113 -20.712623262492727 0.8427880860058619 0.1616762394485213 0.6108144027620325 -0.22144978313219343 0.742782978081048
3231.398523037 -20.629622895765092 -20.729402285655706 0.849156283912365 0.16776951247047203 0.6110709211637785 -0.2193794439881298 0.7418344691027309
3231.448523037 -20.689335616483437 -20.744989737452993 0.8565348277629986 0.1732388753773771 0.6031537888095994 -0.22319728636436753 0.7459066767781272
3231.498523037 -20.748442255629595 -20.76438390111473 0.8694111053518432 0.1690967983820908 0.6116624582168677 -0.2155268003170823 0.7421748502409024
3231.548523037 -20.806043039809865 -20.780486111369363 0.8789127387569213 0.16729163552106008 0.6089358130766955 -0.20671375029572298 0.7473152679264555
3231.598523037 -20.86314026959704 -20.79353262636802 0.8882145276335047 0.1560192099810846 0.6060312352385095 -0.20566535317845283 0.7523868091175887
3231.648523037 -20.92087360604476 -20.806891548270233 0.9010153050867628 0.1470953808569169 0.6247685411336964 -0.1988711325982953 0.7405926623720376
3231.698523037 -20.980262099460095 -20.81922542255413 0.9080690315433037 0.13745416781666492 0.634756269711155 -0.19383117134948846 0.7352688670313011
3231.748523037 -21.041008919703664 -20.831275475446304 0.9128582480935022 0.12058606916491175 0.6447995712646513 -0.1881349127719767 0.7309567479793574
3231.798523037 -21.102229829079345 -20.841540101740666 0.9174827942794858 0.10275860523295563 0.6575503585577513 -0.181057686010478 0.7240761764812329
3231.848523037 -21.164081189631304 -20.850560052842376 0.9226645167347901 0.0856680345348344 0.6738158003525919 -0.17719622498594925 0.7122041511426785
3231.898523037 -21.228398312380435 -20.859099806462787 0.9259623936524256 0.07075299980991884 0.6832123820546186 -0.16688197328941456 0.7073650125756735
3231.948523037 -21.293576799262706 -20.866101836944843 0.9283809449318906 0.057332069349203506 0.6839897121702291 -0.15703475580759754 0.7100783005682357
3231.998523037 -21.358474254679233 -20.872504199579875 0.9320983303886436 0.03582517958685022 0.681991335783689 -0.15089835049824346 0.7147265646668375
3232.048523037 -21.42449701833352 -20.879842095591243 0.9384599618567877 0.025906577503609342 0.6769602907323847 -0.13435366404981483 0.7231892608231708
3232.098523037 -21.49010345987328 -20.888494847200853 0.9486913599150981 0.012322115457720832 0.6766449895108663 -0.11546863263215826 0.7270947108310898
3232.148523037 -21.55415566691131 -20.897425334964417 0.9588584045041837 -0.00330354970857627 0.6730363803491176 -0.09494461550341843 0.7334825405371208
3232.198523037 -21.615877981595574 -20.9052162772104 0.9689546844159115 -0.009015515160011414 0.6686385739715107 -0.08005773628881795 0.7392103467512169
3232.248523037 -21.67546715387162 -20.912074744310942 0.9787759652631982 -0.006630187943931672 0.6726086970139855 -0.0714435019681311 0.7365116477935068
3232.298523037 -21.735944863604658 -20.92036000050646 0.98117776717851 -0.012004127023368096 0.6626067306370749 -0.06728744046913587 0.7458422231303122
3232.348523037 -21.795999948289424 -20.931223366361177 0.9836655330213151 -0.021937516761670293 0.6633386007599066 -0.05909497430049565 0.7456597281016621
3232.398523037 -21.856858336501336 -20.94385793731936 0.9844458710640746 -0.032229266592804326 0.6689728813595371 -0.04462431393401939 0.7412457278030861
3232.448523037 -21.919791679968167 -20.9574235112432 0.981091935057226 -0.046363715792027416 0.6640172015225523 -0.02989493742567384 0.7456794583843849
3232.498523037 -21.98338538971967 -20.970748856170587 0.9791202009461827 -0.052381726730186165 0.6621994791372809 -0.013763025543698012 0.7473677700188587
3232.548523037 -22.047181437830915 -20.982732012041968 0.9793186628728658 -0.06049914313603101 0.6609296284342336 -0.003439316250258062 0.7479973603170821
3232.598523037 -22.110694725481743 -20.99223159696152 0.9788654898874123 -0.060362397632887206 0.6500286182712557 0.004358096742800245 0.7574959956152587
3232.648523037 -22.173674206402193 -20.999801676645312 0.982993102632144 -0.059077156870493086 0.6399926555227399 0.008900754199039462 0.7660548720475181
3232.698523037 -22.235466284465968 -21.004685584944532 0.9920999892309603 -0.06054059029553538 0.636288402669838 0.0023314242059433994 0.7690685730256478
3232.748523037 -22.294346799143725 -21.00732781517573 1.0025995885773393 -0.05452254641772422 0.6332936469331423 -0.00040197915875833645 0.7719885278286223
3232.798523037 -22.35123324251436 -21.008836277214797 1.0134323586469334 -0.057569179004915885 0.6310565239389142 -0.000693330524719371 0.7735974227695036
3232.848523037 -22.408345820974834 -21.00868897189767 1.0227442979703836 -0.0664331466668656 0.6348902299164935 0.00019605923846355283 0.7697408619407545
3232.898523037 -22.467690743008976 -21.006637290092286 1.0257176037461755 -0.06637663045730995 0.632724080041801 0.00489151056468784 0.771511798087875
3232.948523037 -22.528728526471433 -21.002254996207647 1.026049113436636 -0.0630770560255963 0.6306874783913817 0.0061485413971600344 0.7734447524174897
3232.998523037 -22.59113973005756 -20.996004476324394 1.0261983085170867 -0.06590352750964545 0.6348816872214362 0.00145828425035599 0.7697920769270707
3233.048523037 -22.655479441019114 -20.98924233771134 1.0234103973195197 -0.06665021249673858 0.6335591791127608 -0.0042656487542142565 0.7708062791498327
3233.098523037 -22.720877910540228 -20.984212517994425 1.0211960640043494 -0.06644345460230197 0.6327543478823572 -0.005774191298614673 0.7714751203320376
3233.148523037 -22.78679785314949 -20.980400644318323 1.0199283637534686 -0.06745630977914373 0.6233272235529728 -0.005777517335336934 0.7790246715875964
3233.198523037 -22.85260978594691 -20.977175627866504 1.0259014059712157 -0.07275854255024454 0.624065579847473 -0.011650559122826754 0.7778898450344542
3233.248523037 -22.918553281602044 -20.97538965296396 1.0386232400150517 -0.06961292359331044 0.629297275657746 -0.017689093691021285 0.7738385333407231
3233.298523037 -22.983191790053546 -20.974604736479158 1.0588535227208136 -0.05932079116669108 0.6490625206349204 -0.022745448710141447 0.7580775241394351
3233.348523037 -23.046672561646847 -20.973565587096815 1.080905142231452 -0.05577059746124184 0.6644571540139973 -0.031825217623914714 0.7445626141981787
3233.398523037 -23.108926994139306 -20.971561337417025 1.1027216065525578 -0.05194305324228517 0.674862497694343 -0.04900782515624569 0.7344799258652868
3233.448523037 -23.169437851516 -20.96951968088482 1.1221877568717988 -0.0407334130694981 0.6847321715056954 -0.06645709750550077 0.7246144468308295
3233.498523037 -23.228780167326143 -20.971118848858033 1.1363601150470215 -0.04223503876269507 0.6896896804357834 -0.08014432692224656 0.718415780076747
3233.548523037 -23.287636104571153 -20.976248630847103 1.146046403739419 -0.04919466130088733 0.6944402295863469 -0.085680982911221 0.712735169609947
3233.598523037 -23.346668584169112 -20.98400913659271 1.1528812408881355 -0.05365270767395822 0.703658431161294 -0.08310183963351479 0.7036194166340246
3233.648523037 -23.40676297946063 -20.991244321778225 1.1584400124128045 -0.058777107949646384 0.7148280106039498 -0.07773734335767513 0.6924760445566084
3233.698523037 -23.46850510455788 -20.994928571606106 1.163142599385733 -0.059875675719103565 0.7201401290546109 -0.08236360234424012 0.6863157691553278
3233.748523037 -23.529947292259287 -20.996013082441785 1.1694676879192536 -0.05542558160332206 0.723819313644308 -0.09113151015588905 0.6816954260930049
3233.798523037 -23.591698931254065 -20.995337110565295 1.1767042568880544 -0.04060559612299272 0.7195299004629953 -0.0962664141742407 0.6865571246482278
3233.848523037 -23.65281178769663 -20.992193572450326 1.1873820500111152 -0.029898298559621225 0.7107248901490661 -0.11479330894870624 0.6933965088507762
3233.898523037 -23.710195927711357 -20.98890337793399 1.2033345229880075 -0.0181000902700093 0.7153621570532576 -0.13194490043850915 0.6859445416625167
3233.948523037 -23.765023019732638 -20.987100066619075 1.2167712599941651 -0.0038892343799937987 0.7119313535545195 -0.13415167579560472 0.6893054109487305
3233.998523037 -23.817487048979253 -20.983259630959484 1.2280186451489667 0.005507109608643624 0.7003766510358622 -0.1347633291025553 0.700914448101011
3234.048523037 -23.867878036418283 -20.974761134054194 1.2413002188452933 0.01903279475401639 0.6960222852492484 -0.14363892084101326 0.7032485987045368
3234.098523037 -23.918837336275804 -20.963740640888428 1.2530184452209117 0.02857179077515254 0.6926975210621261 -0.15893575775468438 0.7029176495104037
3234.148523037 -23.97076391218644 -20.951788477518704 1.261846262201051 0.03696816487850044 0.6968349950869104 -0.1741361610342262 0.6947884151509751
3234.198523037 -24.026059870400882 -20.940120594447205 1.2624178156018036 0.04707312491669052 0.6947557436907141 -0.18503403071250552 0.6934414070400067
3234.248523037 -24.08556784416954 -20.928390613856408 1.254379124895978 0.06457119787723634 0.6770774484882328 -0.19175159442754647 0.707550715629528
3234.298523037 -24.145809169735404 -20.91543066499082 1.2457902193092598 0.09370870832294856 0.6584345265965124 -0.1983430658409498 0.7199601936238447
3234.348523037 -24.205032712690503 -20.90167774631078 1.2398714806235642 0.1115782641891512 0.643756419382331 -0.2169098732498238 0.7253123950073664
3234.398523037 -24.263796660230444 -20.889282650617222 1.2403090117941118 0.1190979359392092 0.6424821647799528 -0.23764178758662757 0.7187202031300622
3234.448523037 -24.324556992254642 -20.878406248814603 1.2409804305105778 0.13244250764567894 0.6257942468051403 -0.25277923347458764 0.7259085355319301
3234.498523037 -24.38446082676661 -20.869895826144315 1.2481527615179642 0.14609560439583685 0.6126713021737727 -0.26333212009542833 0.7307161859401745
3234.548523037 -24.441578913217413 -20.863268384487277 1.2634965496374952 0.15836417616985446 0.6194211641374566 -0.26617171543425416 0.7213811939795962
3234.598523037 -24.4967422704548 -20.85851487003678 1.2782474074063674 0.16599443217101123 0.6188375976431916 -0.2682033865432573 0.7194114397743165
3234.648523037 -24.54979589150735 -20.854075236617877 1.292135634842736 0.17438333049505378 0.6166534224611041 -0.2729010207654256 0.7175333047863693
3234.698523037 -24.601463375160936 -20.850055699876556 1.3048453931382127 0.18354909703223815 0.619374334762058 -0.2785803867322678 0.7106884905110031
3234.748523037 -24.653693395429322 -20.848727001869374 1.3144856690769353 0.18613658150238205 0.6261488607309807 -0.2789501626684953 0.7039016863022294
3234.798523037 -24.707269935064847 -20.848059088084053 1.3205498354219367 0.18542410863685443 0.6354075592059888 -0.2763932267858199 0.6967653247880798
3234.848523037 -24.762145785657 -20.845933886180777 1.3225622459197526 0.18686885758044228 0.638392035097628 -0.279300573408257 0.6924787572801842
3234.898523037 -24.818165249748866 -20.842989312679784 1.3251144887341249 0.19081401112150778 0.6426840220475906 -0.2834686116598595 0.6857060647012575
3234.948523037 -24.874296187345447 -20.839012724892786 1.330084603199059 0.19795489904665103 0.6477747003618707 -0.2900862906447594 0.6760560180151369
3234.998523037 -24.93005742786828 -20.834435856178526 1.3367043040122575 0.2094145726874552 0.6462491200507978 -0.2968292939188878 0.6711184559012773
3235.048523037 -24.984608913541603 -20.828971280194175 1.3490483937013868 0.22599354064156832 0.6451193691858588 -0.3010144451363728 0.6649347508656538
3235.098523037 -25.038259872777253 -20.823488379434192 1.3665647183506044 0.23481237617981027 0.6485490069597994 -0.30909960696170735 0.6547555013441028
3235.148523037 -25.09158442878013 -20.819238057578662 1.3852721376410808 0.2393255591255307 0.6562071935776699 -0.31354539651360525 0.6432765192133914
3235.198523037 -25.14335245203118 -20.814031282713067 1.4012417074018295 0.24685878596085647 0.6616690473703498 -0.31378508534001176 0.6346603278637379
3235.248523037 -25.19264462115013 -20.80438086586795 1.4112945350424568 0.252129812210309 0.6525883720705179 -0.3268047720762028 0.6354192437921334
3235.298523037 -25.24115235648791 -20.79437444891056 1.4171879474812783 0.2565915510541149 0.6396785286487721 -0.33974381375043805 0.6399580431025875
3235.348523037 -25.28943789468326 -20.785562313681325 1.422028849709412 0.26080288186168893 0.6318082398105886 -0.3499359216111262 0.6405818102992432
3235.398523037 -25.33936620155164 -20.778317570298526 1.4259613013130916 0.25990756464068593 0.631881840736734 -0.35636213650157156 0.6373220730978488
3235.448523037 -25.39053676832302 -20.76976878230561 1.4278358545091299 0.26065610292512736 0.6362175445001103 -0.36330905620926823 0.6287226429471636
3235.498523037 -25.44493724189047 -20.76010952404767 1.4241687826926104 0.2632759535697187 0.6322303578436272 -0.3696514101089813 0.6279557165097841
3235.548523037 -25.50230631053504 -20.75076554615821 1.4194036071360892 0.2594654611900903 0.6288216393159147 -0.37632115127661037 0.6290019169122667
3235.598523037 -25.56098752504427 -20.742498895586245 1.4168249828000832 0.25508179469721903 0.6259370958966849 -0.3800586639601104 0.6314201786000556
3235.648523037 -25.620409879920228 -20.73554599975213 1.4176973564540216 0.24949478749891804 0.6288130348761586 -0.3799640182097319 0.6308516965552359
3235.698523037 -25.680866800147463 -20.727690920382482 1.417577024144974 0.2544289033380895 0.6155258809952535 -0.380420971027939 0.6416180388465977
3235.748523037 -25.741700034253007 -20.722519818744153 1.4222696563881003 0.24572594630020422 0.6014697710729254 -0.3833610548494388 0.6564199687890959
3235.798523037 -25.80043563952453 -20.721544635449504 1.4387932790920754 0.2495203680229755 0.6088005035647095 -0.3722424292386371 0.6546274564021536
3235.848523037 -25.857945177298284 -20.721931292279525 1.4587900949724375 0.2470608061187862 0.6182462318760706 -0.3604525271935579 0.6533043169080951
3235.898523037 -25.9127195673785 -20.718932792698677 1.4778065126725792 0.2500752427852741 0.6215386185566721 -0.35969275533426 0.6494407134978512
3235.948523037 -25.967586776403735 -20.716686269914124 1.4922267419732238 0.2460798909600382 0.616673161063864 -0.36263419890335324 0.6539536202777079
3235.998523037 -26.022646136257546 -20.717654410676452 1.5064135205883253 0.24003131309845327 0.6227521887941239 -0.3583456973367263 0.6528039838149089
3236.048523037 -26.07882819900729 -20.720110713461427 1.5166620243609545 0.23687649262389138 0.6315798718180813 -0.34908291030709593 0.650490210908656
3236.098523037 -26.136531722266813 -20.722389086472326 1.5213926952727401 0.23138739954362358 0.6379854254065451 -0.3401435861309153 0.650950696378205
3236.148523037 -26.195183056072015 -20.72220515314708 1.52191935536148 0.23065628329518478 0.6378512699030169 -0.33481230792790684 0.654097970429162
3236.198523037 -26.254845112503915 -20.720608137395573 1.5219526854522856 0.22574206184686588 0.6382063390365978 -0.33428275761155707 0.655734876524226
3236.248523037 -26.314117975478684 -20.7178615439289 1.5221076768680493 0.22666932145659058 0.6365519784704788 -0.33418108815860886 0.6570735101439229
3236.298523037 -26.372012666485766 -20.71460123848735 1.5229356231797688 0.22748903046268631 0.6289304769297974 -0.3361008811802422 0.6631224576787228
3236.348523037 -26.428064671370908 -20.710052455208082 1.5268872623302845 0.23168134911601157 0.6168161091723044 -0.33737896217888946 0.6723370254689385
3236.398523037 -26.481500718739973 -20.703831374413916 1.537977034994983 0.23710113471165029 0.613841454309839 -0.3423797517960367 0.6706398634508047
3236.448523037 -26.53320070895714 -20.696159141092092 1.550896460500398 0.23856815375683685 0.6146031095219917 -0.35561696558147915 0.6624838319306925
3236.498523037 -26.585209876575757 -20.689628323692155 1.5605127499363316 0.24415657984735173 0.604655232572563 -0.35779356744076285 0.6684036036242442
3236.548523037 -26.636717779530358 -20.682805573632734 1.5721829947029264 0.244985768367676 0.6001559130244296 -0.3560502723459171 0.6730698752146845
3236.598523037 -26.688714874541766 -20.674122248052235 1.586234111084587 0.24733446882960894 0.6047884658291498 -0.3509708410274194 0.670727993211335
3236.648523037 -26.741454633467896 -20.66136636494207 1.5986938978523015 0.24841329883006258 0.6088464934017372 -0.3507554131465808 0.6667588923930043
3236.698523037 -26.794648092864787 -20.64667855344096 1.6092565161251071 0.2498911804573421 0.6159261660256617 -0.351033828766122 0.659518466001038
3236.748523037 -26.849059214403972 -20.631320816902505 1.6156514449742427 0.2516777133147193 0.6204392030166426 -0.347746182497892 0.6563429869655729
3236.798523037 -26.90474594489298 -20.614868844943555 1.618345955825287 0.25500922130252424 0.6200217464402702 -0.34366805826613966 0.6575983551678173
3236.848523037 -26.961684661411706 -20.5982396491773 1.6206995293613977 0.2534985282117678 0.619160255775327 -0.34016185915914876 0.6608093397010144
3236.898523037 -27.018592486546375 -20.582299891171004 1.6248847166721943 0.2546903412386061 0.6186159047340223 -0.33358478431725364 0.6642050768865599
3236.948523037 -27.075221444743335 -20.56650811641413 1.6308250026200388 0.2461393848408132 0.6179616765399154 -0.3367444632650393 0.6664397467277171
3236.998523037 -27.133764693823455 -20.554235286900866 1.6366787045987077 0.24618093308784456 0.6093857998215724 -0.3302476293368444 0.6774809211167612
3237.048523037 -27.194285929128462 -20.546082375181662 1.6493715515848784 0.23689374219526943 0.6121639247203874 -0.3152932137684484 0.6853662331419726
3237.098523037 -27.252398633243544 -20.535941919917818 1.6680411170353722 0.23655650749735604 0.6263353746218882 -0.30947914935020276 0.675253784421374
3237.148523037 -27.309465546956073 -20.52577609351641 1.6819546369590626 0.23733169723123476 0.6235011179526165 -0.3079750993326766 0.6782856032617876
3237.198523037 -27.364883630679138 -20.517389036614706 1.695120446435492 0.23420032935964963 0.6197590224440682 -0.3085335446388743 0.682536454454688
3237.248523037 -27.418946030766083 -20.510311804292655 1.707374190979556 0.23538852024747003 0.6191361860543265 -0.31112322508841034 0.6815166663144749
3237.298523037 -27.474670153789397 -20.506975729872654 1.7161184663649205 0.22721107077104846 0.6191553510102198 -0.3103187794014553 0.6846342350374223
3237.348523037 -27.531038209750818 -20.504934661097163 1.723480138851114 0.22692213065513603 0.6278819381384895 -0.3052086002119762 0.679056940716339
3237.398523037 -27.589141853447344 -20.50294548026969 1.7239465907460843 0.22273160636697442 0.6263379053512085 -0.30304710119189304 0.682827880438869
3237.448523037 -27.64807507215729 -20.501347187402107 1.7251757729961488 0.22542030790952258 0.6307421723953338 -0.29462106160117973 0.6815778948916881
3237.498523037 -27.70696279983688 -20.497505462255628 1.727418036346991 0.2286417904319362 0.6343211232857473 -0.2934674782501188 0.6776698926698032
3237.548523037 -27.765816826027944 -20.49291986960458 1.7295790496689034 0.23577573929969758 0.6323823900773708 -0.2936398548823855 0.6769622951851637
3237.598523037 -27.825288598721762 -20.487410702686113 1.731525178664988 0.24088782267447195 0.6208240996192429 -0.2955210218605128 0.684994759000116
3237.648523037 -27.883613034760792 -20.479071225655495 1.7362777924405752 0.2484160111567174 0.605028074675448 -0.30914955253189264 0.690403554759705
3237.698523037 -27.940752025155668 -20.471995121950965 1.7478994077832144 0.2612327919686448 0.6060572521087528 -0.32189591393240724 0.678848330748684
3237.748523037 -27.996841990682142 -20.46815269510383 1.7583662542367866 0.27026809158622134 0.6058223641478786 -0.32464433928107306 0.6741961693315773
3237.798523037 -28.050647009427216 -20.463971879091407 1.7666435387180532 0.2761939523086978 0.6004478010905732 -0.32792859075040814 0.6750127245038035
3237.848523037 -28.101771892341866 -20.45601049700641 1.7748018968760004 0.28371031359949905 0.5964405860063181 -0.34011260725694065 0.6693956227124584
3237.898523037 -28.152534714283146 -20.44607342077487 1.7809380807849546 0.2912750028369683 0.5905873071325198 -0.35472573633270604 0.6637282255257059
3237.948523037 -28.20418662707284 -20.43500379471088 1.7850581921262227 0.29775853933552415 0.5864701246346201 -0.3692414983866505 0.6565465414066315
3237.998523037 -28.25624439097575 -20.422359356148903 1.787397014913274 0.308350162359077 0.5817684896506072 -0.38245754365172613 0.6482220523298096
3238.048523037 -28.3084534435361 -20.408019800964325 1.7886657224453306 0.3183848848123262 0.5773261808298361 -0.39764634732311566 0.6381245399701077
3238.098523037 -28.359837960732712 -20.39132929663808 1.7892934136985097 0.33988356911281564 0.5715560665549712 -0.411408866029947 0.6233342339253448
3238.148523037 -28.410198047796765 -20.372874690695937 1.7867362060408993 0.3564682916819671 0.5555578982796033 -0.4335250773398981 0.6134670211200641
3238.198523037 -28.461189964701582 -20.35657221704996 1.784858184892472 0.3630027572319768 0.5427526080270529 -0.4529411863401694 0.6070361492024792
3238.248523037 -28.514808073128403 -20.343839817953576 1.7851014045686333 0.37122127060883775 0.5330368464763672 -0.46226537715576954 0.603636653649465
3238.298523037 -28.571622994312495 -20.334170565926943 1.7860285754222274 0.3699666351857768 0.5161028831244435 -0.46769174558755827 0.6148389496357678
3238.348523037 -28.627322159718652 -20.32443348413945 1.7985383739349423 0.3747122709921111 0.5162737187264378 -0.4714780973679951 0.6089011126796904
3238.398523037 -28.680240991145666 -20.314629068824004 1.8160102374582716 0.38361035602580545 0.5224723935541932 -0.47913444244609105 0.5918579886977794
3238.448523037 -28.731443095673217 -20.304857399133297 1.828908062146303 0.3940577139527189 0.5134394442186072 -0.48760478792428874 0.5859522386578573
3238.498523037 -28.780538578668324 -20.294940746818256 1.8375947933850518 0.4034798396818217 0.4953151015962051 -0.5000592609056794 0.5846432285450145
3238.548523037 -28.830074429512244 -20.28670906600517 1.8460815993825568 0.4125009572296233 0.48391679778865027 -0.5069341254451536 0.5819667392229392
3238.598523037 -28.879635394175065 -20.2795445703398 1.8563749217695302 0.42291164538291265 0.48636013568411934 -0.5107717089523145 0.5689567821467417
3238.648523037 -28.92975371718753 -20.272666567220462 1.8642715658585558 0.4294872328582367 0.49300034635413503 -0.5164855050331436 0.5529322728844251
3238.698523037 -28.981355248339245 -20.265587189649374 1.8683774654481777 0.43408076095508413 0.4943362057377824 -0.5217945910528152 0.5430801169380566
3238.748523037 -29.03216441352962 -20.25743872964182 1.8738042671189494 0.43985122956367634 0.4986281254701501 -0.5314391288002268 0.5248555427177105
3238.798523037 -29.084834875339027 -20.250399872772114 1.8809104251853395 0.44558442024044204 0.5044236315989518 -0.535890991231181 0.509737353782099
3238.848523037 -29.136948479995414 -20.243775195950622 1.8915533952689538 0.45648534650602984 0.5098195882115282 -0.537408937791498 0.49284556352158815
3238.898523037 -29.19009985833248 -20.235310047883694 1.902624620666883 0.4654453021373098 0.5049465220823168 -0.5384784558692757 0.48829359315878923
3238.948523037 -29.24040185858833 -20.22373059459683 1.916092181904471 0.4674938495709431 0.4940319545791345 -0.5537461925998924 0.4803614083678905
3238.998523037 -29.289570423546994 -20.21498627954268 1.936686031465098 0.47792007429108246 0.49685531509625036 -0.5587599040685636 0.46099302386858476
3239.048523037 -29.339521310019578 -20.206949395166767 1.9548405209465658 0.48231325447603124 0.4986963086323894 -0.5592659817372841 0.45375927316651
3239.098523037 -29.38743310646061 -20.196976181863747 1.9694040459157005 0.4846042069380982 0.49310146638814867 -0.5635119678118287 0.45217692178681
3239.148523037 -29.434154218692466 -20.185584761628334 1.983405157760347 0.4794306337922005 0.4897467241380718 -0.5736101292817819 0.4486266077296061
3239.198523037 -29.47980412967636 -20.174906911724094 2.001512209067852 0.4797834921149388 0.5013117399401321 -0.5785759111639562 0.42865400396239123
3239.248523037 -29.527006017292923 -20.16365328475776 2.015839663865623 0.4825183366724711 0.5116744176334722 -0.5806152119377033 0.41018449602686696
3239.298523037 -29.577966464309196 -20.150475748870168 2.024184348049186 0.48148473812057496 0.5166418084352756 -0.5827865236475808 0.4020118861283297
3239.348523037 -29.630616344235673 -20.134872248017192 2.0303174464439837 0.47837542118278437 0.5203732205969607 -0.5866080123317162 0.39529698653287704
3239.398523037 -29.68273510303977 -20.117626731084176 2.037851514276391 0.4742634593433495 0.5242864808094335 -0.5920418124357731 0.38689061697061555
3239.448523037 -29.732746971457466 -20.101894552562662 2.0512658690216576 0.47552070412564434 0.5371700347628511 -0.5935367667500857 0.3647499420378067
3239.498523037 -29.78599147474037 -20.086055967666425 2.0644523835447837 0.48056715488033663 0.5449193438038011 -0.5898865408936024 0.352352078568062
3239.548523037 -29.841450152056865 -20.06776588825244 2.073430159161169 0.47090332968030596 0.5410148888306213 -0.5982489737147069 0.3572829545456813
3239.598523037 -29.893750080673907 -20.051315570897877 2.0892550499597196 0.46941694340878204 0.5451132066388003 -0.5994650323051479 0.3509145198365393
3239.648523037 -29.93970880407447 -20.03806685569485 2.1123479390923627 0.48506328789436326 0.555490424371215 -0.5925750833170954 0.32403513050398564
3239.698523037 -29.984091453321223 -20.025582360316726 2.1329856084088523 0.49619611140765574 0.5575093417941177 -0.5909456983579595 0.30619590857559553
3239.748523037 -30.02854820043635 -20.01354162618925 2.150128363407839 0.5047102426640717 0.5535176574045837 -0.591959331031919 0.2974389421302439
3239.798523037 -30.075417219777055 -20.002562343991624 2.164224314410244 0.5083651576293522 0.5544801972057937 -0.5909435535422735 0.29137998205425586
3239.848523037 -30.124141112278156 -19.992375418938977 2.175697132493568 0.5144980786599797 0.5593888624048396 -0.5844161001011945 0.28431259137632203
3239.898523037 -30.172967465571663 -19.9815300763153 2.1842937052305738 0.5198927985347068 0.5650181047224483 -0.5801635839361101 0.2718018308290276
3239.948523037 -30.222549459676664 -19.969369307225087 2.1901880560737954 0.5279244224829273 0.5676408602239368 -0.5757903904609105 0.25989437124179704
3239.998523037 -30.27189805943135 -19.95526767241876 2.1933562670069033 0.535874116128052 0.5638839285441656 -0.5770419466698474 0.2487899487058324
3240.048523037 -30.321964332693824 -19.939573830597297 2.1948872310062573 0.5446291444623775 0.552517185229137 -0.580632064831882 0.24692156713765495
3240.098523037 -30.370819552990937 -19.923456590313844 2.196577183644166 0.551364351892075 0.5351176150204061 -0.5893547958319421 0.24961453120240154
3240.148523037 -30.417125390129524 -19.90879166819912 2.2022899577778188 0.5638893095127251 0.5189693002408986 -0.5933724944644804 0.2461885351468145
3240.198523037 -30.461925048364726 -19.89426319159863 2.2078823220716437 0.5751391648071195 0.49887146529959053 -0.601183417297851 0.24273586669647074
3240.248523037 -30.508574727693237 -19.87899534181398 2.211863832762618 0.5775866514217025 0.4809460703912697 -0.611250279801073 0.2479065003540056
3240.298523037 -30.554202859681222 -19.862461346458357 2.2132977610152116 0.5785200316817525 0.45774986483190927 -0.6228897039692091 0.2603613851523765
3240.348523037 -30.598468683827473 -19.845459957123136 2.212313696403709 0.5766030564710882 0.4331313955666289 -0.6361889200433248 0.2742075262585106
3240.398523037 -30.644164580646287 -19.828511393481545 2.208912560584732 0.5753284346741036 0.40926694958386134 -0.645540938790859 0.29116087061757323
3240.448523037 -30.691822280831484 -19.811659239928215 2.2035094242539106 0.5678351372093635 0.3949491337846533 -0.6543060415147027 0.30571562392284707
3240.498523037 -30.741303319349687 -19.79502547891736 2.197493802328445 0.5673021689939212 0.3836563497725065 -0.6553958682000899 0.31848439566214093
3240.548523037 -30.791600265377806 -19.777643286796287 2.1878704191951854 0.5595221188449445 0.37294819574270893 -0.6626861294939226 0.3296842968536507
3240.598523037 -30.84569099015579 -19.759002369982028 2.174740562228635 0.5501182188670338 0.3592687817025201 -0.6671974449764181 0.35091802059952526
3240.648523037 -30.902331518733284 -19.740156256951295 2.162976292062342 0.5405460286551816 0.355494231113502 -0.6676808453908867 0.36828810902368625
3240.698523037 -30.959651287332633 -19.7219832748693 2.155428135413613 0.5324898594317997 0.3584012283799669 -0.6649563246434506 0.38188505523875504
3240.748523037 -31.017787031484552 -19.703595105501492 2.151604412347128 0.5328780619707328 0.3608392822577278 -0.6578151293628672 0.3912994237554634
3240.798523037 -31.078224582595585 -19.685257576324748 2.14636080364872 0.5246855393578035 0.35401326066596406 -0.6566876046166036 0.41005010182216833
3240.848523037 -31.143559429301607 -19.66852705465889 2.1433824936229287 0.5053723221108364 0.3526381053030931 -0.6522081381093832 0.44144051390469113
3240.898523037 -31.210675415515855 -19.65672715590454 2.1488882624386565 0.49757527066999246 0.3655526908713131 -0.6370226340831788 0.461510827478787
3240.948523037 -31.279423930631012 -19.64933138482133 2.1556053119399174 0.4848801964619412 0.38165136082821516 -0.6194433385481464 0.4853075150719668
3240.998523037 -31.35123135807495 -19.645493505923934 2.1601187984673413 0.4673052304105603 0.39407358011766763 -0.5984941461500614 0.5178190727544576
3241.048523037 -31.42439028954984 -19.644268216840118 2.161831725898071 0.44462633683314245 0.40385236009815517 -0.5762617183545051 0.5541959254601246
3241.098523037 -31.4984597019424 -19.645853188104603 2.158561923664368 0.4177115101314918 0.40431733620513116 -0.5568255137410901 0.5932873951084977
3241.148523037 -31.574248031044448 -19.650542173649125 2.151299325172295 0.39028224615589036 0.3993303887766536 -0.5343261027657012 0.6345948509389412
3241.198523037 -31.65136668738715 -19.656293299815616 2.1485765828029653 0.37244396848661676 0.41498833684697095 -0.5080059092267136 0.6565060295303198
3241.248523037 -31.727193619121987 -19.663066653669457 2.1465283640747073 0.36145046350143617 0.4253727295060973 -0.4828084746801509 0.6747648332598224
3241.298523037 -31.802478098106118 -19.671762746877185 2.144639731274806 0.343123841709264 0.4312270557920242 -0.4644619004117044 0.6932419481462202
3241.348523037 -31.874917382739465 -19.68179779323287 2.1478420020964086 0.3376061036177094 0.4371490041788248 -0.44111631567456294 0.7073466356682767
3241.398523037 -31.944614620547718 -19.692125897002942 2.1528379108281706 0.32974759772683687 0.4352926649618789 -0.42508454244342475 0.7218656034189674
3241.448523037 -32.013612496479304 -19.701682687445402 2.1632499093045965 0.32186736661445225 0.4383696779750125 -0.41173087886156157 0.7312394321510897
3241.498523037 -32.081403167226505 -19.71122214153551 2.1773187288639297 0.3122833269901874 0.44665892325803674 -0.3996448928078271 0.7370609809307038
3241.548523037 -32.144241814916995 -19.7203112721364 2.191140480089661 0.2977425605885846 0.44734003641066544 -0.390386868069045 0.7475522407681617
3241.598523037 -32.20501458086378 -19.729337620602582 2.207804353632517 0.28657793844411916 0.4562961342349968 -0.3775060011948213 0.7530976976071645
3241.648523037 -32.26324287724186 -19.73746288434817 2.2206554417580517 0.2733156187625166 0.4585573604091468 -0.36332997287526697 0.7635542224135207
3241.698523037 -32.31947139814041 -19.742598613957263 2.233506077423348 0.264026977841054 0.46489942225756925 -0.3540218065202242 0.7673505344136115
3241.748523037 -32.37479673183371 -19.74560399281867 2.2457298953495135 0.25892923963255066 0.4752722152360716 -0.3438723478930446 0.7673485379163963
3241.798523037 -32.42956471152594 -19.747498919260657 2.255782853125358 0.2527665224120487 0.4851167552176556 -0.3337504163147146 0.7677118460493931
3241.848523037 -32.48441817620992 -19.749580176429667 2.2615620338329507 0.24459924248971704 0.4865450377700234 -0.3258767712680897 0.7728191682034733
3241.898523037 -32.54153344777335 -19.752491808695883 2.2697669196031462 0.23523016802022884 0.499937730269524 -0.3103521471592465 0.773570021820764
3241.948523037 -32.59809709103038 -19.754876797047928 2.2747273550818443 0.21821976514050273 0.49939478323327513 -0.29770624168442944 0.7838086362394497
3241.998523037 -32.65422795174016 -19.754769623644652 2.283272093505905 0.20879564901526992 0.5012259277386462 -0.2834125344541988 0.7904772492798722
3242.048523037 -32.70908781341334 -19.751820566230652 2.2958659059406608 0.20118690764035974 0.4993739944465088 -0.27956290231094394 0.7949805189538479
3242.098523037 -32.765001404343224 -19.75074453127839 2.3148856845815393 0.19400135434146418 0.5110931750685125 -0.2685592845739777 0.7931097979354297
3242.148523037 -32.82160411508076 -19.752499570307815 2.333964592020029 0.18904570339674015 0.5252115054368202 -0.24869811506990383 0.7915578590000215
3242.198523037 -32.87545619275293 -19.75212074515178 2.3465976528231254 0.18363444037588467 0.5157415295890477 -0.2364018135575101 0.8027473136122634
3242.248523037 -32.92681288236257 -19.74915580561925 2.3632848820385877 0.17915329628584734 0.5134941540203118 -0.23752427160965783 0.8048664924154696
3242.298523037 -32.97838061529735 -19.747148688187565 2.3812208356265825 0.18068496220334063 0.524242907732013 -0.23476005800276223 0.798379629808277
3242.348523037 -33.03076599033336 -19.746325911576932 2.3928429031161054 0.18066156265614158 0.5313401377662871 -0.23186946260608204 0.7945285457980167
3242.398523037 -33.085258980528906 -19.746352768755777 2.4012053548641368 0.18454986519425293 0.5442399520319781 -0.2274398839872444 0.7861395048214295
3242.448523037 -33.141105302784005 -19.745899419827033 2.4043029698281932 0.1815665746427233 0.548010018525691 -0.22790043143468727 0.7840790724919673
3242.498523037 -33.199289296529315 -19.745595459014776 2.404406006838272 0.17658412613897523 0.5460031239311275 -0.2281637035195109 0.786536686651961
3242.548523037 -33.259527439779085 -19.744134379550225 2.406526379677038 0.18078758262915434 0.550096696004014 -0.22492193237310712 0.7836578330815827
3242.598523037 -33.32002772322556 -19.74075456478833 2.4100375380955064 0.18843502125955622 0.5552431033804077 -0.2289419652539114 0.7770346938567682
3242.648523037 -33.379071879364425 -19.736388655534068 2.416414179024769 0.20695379818676213 0.5590296928844931 -0.2300517974607086 0.7692412484875205
3242.698523037 -33.4360579678663 -19.731636596011356 2.4244217416107454 0.2163889185570023 0.5558758113027029 -0.24133370974487436 0.765464537960492
3242.748523037 -33.493588678455176 -19.73063142261937 2.438089493792275 0.22683799103688412 0.5693391644999828 -0.24443192818700865 0.7514322817603681
3242.798523037 -33.55038107933208 -19.731491262721168 2.449297885905641 0.2253497555410796 0.5720093336580467 -0.24646257612956274 0.7491855634308717
3242.848523037 -33.60611553408086 -19.731908869304664 2.4628030879420897 0.22302011653524567 0.5812239805017997 -0.2445947327033842 0.743380204770082
3242.898523037 -33.65933852071556 -19.728062457949033 2.4772347580400242 0.22271164784119224 0.591642314081202 -0.254538449862559 0.7318258478942014
3242.948523037 -33.71124617735831 -19.72205918766345 2.4895982754570616 0.22486074046123194 0.6011567209065996 -0.26678114842370154 0.7189409316166261
3242.998523037 -33.7630566042241 -19.715135443938102 2.497452317591055 0.22674276497901158 0.6058669925802403 -0.27895563566580517 0.7097159003162705
3243.048523037 -33.81648322152849 -19.70886506631452 2.500460155383218 0.22475466580549028 0.6076980754348406 -0.2847153156193539 0.7064882011493363
3243.098523037 -33.871241356517224 -19.701452486929433 2.5016324006400055 0.22851976321370512 0.6114557375732296 -0.28612864309688346 0.7014492129934045
3243.148523037 -33.928306496918445 -19.6931243521858 2.5007206137264673 0.22743341602076533 0.6141361781671312 -0.28972052553519256 0.6979776594039433
3243.198523037 -33.9874215713007 -19.68369743550283 2.500721176073192 0.22827916230775225 0.6171163442084369 -0.28959698172933424 0.6951184287156721
3243.248523037 -34.046185512524765 -19.67225868018249 2.5030386220638983 0.22575699456825038 0.6180171521352747 -0.29507848111771756 0.6928327857797845
3243.298523037 -34.105032238340925 -19.661066801783495 2.5084410497120526 0.22557383140671983 0.6216622491132906 -0.2971468453064091 0.6887352517015134
3243.348523037 -34.1641820248409 -19.650522296706004 2.5136225108634305 0.23277675438750184 0.6123467535829774 -0.29757969798976963 0.6944730083577955
3243.398523037 -34.22469599112022 -19.642357597255373 2.525023127112705 0.2278828548988074 0.6084041203019149 -0.29492006105873453 0.7006682441983043
3243.448523037 -34.2839190240418 -19.6354087432316 2.544295865599854 0.23240199337219586 0.6212518619324283 -0.2936461366891918 0.6883366791982201
3243.498523037 -34.34274226302156 -19.63113340749308 2.562420698629956 0.23431844220815684 0.625831013306 -0.2905947288027249 0.6848248783576709
3243.548523037 -34.39987669661245 -19.627642244543896 2.5790396163793012 0.2315781936007917 0.6260964972275338 -0.29421045228827025 0.6839699746131687
3243.598523037 -34.45495263144617 -19.62587993201047 2.5941360230500834 0.23525744436052143 0.6281450134411903 -0.29643541490143693 0.6798630904484637
3243.648523037 -34.50953919563218 -19.62653951125824 2.60527865801314 0.23229647181928914 0.6299786547276138 -0.3005117719683003 0.6773905215430522
3243.698523037 -34.56498451802091 -19.630321068404616 2.613571994580896 0.22371384771566305 0.6359519811421888 -0.3041311340742515 0.6730686780026894
3243.748523037 -34.621758742876835 -19.636476439886835 2.619037187287661 0.21838126067959907 0.6453714908505349 -0.30262134344447134 0.6665025028259162
3243.798523037 -34.68014090099552 -19.643295436710382 2.620023262621819 0.21136966971955248 0.6496871010489407 -0.3036014511882757 0.664120239331436
3243.848523037 -34.738859657893634 -19.650108074003004 2.6204055185496546 0.21311108096763776 0.6522770267798513 -0.3001596863151272 0.6625877377489313
3243.898523037 -34.79673436389919 -19.655266632320465 2.62068255389517 0.21105453009626055 0.6499081783291087 -0.3051219673117031 0.6633068144762438
3243.948523037 -34.85339282298963 -19.65950891029059 2.6245536308370205 0.21996476082526256 0.6465828541199401 -0.30515139088333065 0.6636480583827291
3243.998523037 -34.90934424174849 -19.661667984607227 2.631512459474988 0.231176062963935 0.6367176258184252 -0.3079209836941434 0.6680815524211651
3244.048523037 -34.965728917361886 -19.666601312318615 2.643973638578441 0.23792754422975917 0.6332466865569952 -0.30608817512108727 0.6698500927165909
3244.098523037 -35.02153273005094 -19.67382232065837 2.661444990935807 0.24030511352237177 0.6405854325552747 -0.29161169813097476 0.6684806455882929
3244.148523037 -35.07346835663452 -19.675707273013067 2.6794918795332507 0.2376525260150518 0.6439793373681969 -0.28946123913572885 0.6671012524043797
3244.198523037 -35.12150362749279 -19.672337813441516 2.6971698798984107 0.23829809717239075 0.6489146697722827 -0.300247424153533 0.6572482426964075
3244.248523037 -35.16928506445324 -19.6668419243561 2.709454241374784 0.24111420634963981 0.6504515365355099 -0.31330645168905097 0.6485490000339172
3244.298523037 -35.219917060603564 -19.661882382713802 2.7148721494508163 0.2438574601956963 0.6444201535182557 -0.3182432500636783 0.6511354994433337
3244.348523037 -35.27256071425032 -19.65655063437949 2.7173784729903385 0.24453301055502685 0.6466846026149219 -0.321751614283946 0.6468991654001037
3244.398523037 -35.32822560904945 -19.65081202187785 2.7148507190877704 0.2552586700918133 0.6444894837092771 -0.3181692628146965 0.6467183598221571
3244.448523037 -35.38684187257389 -19.644150825009863 2.7092908349648734 0.25369819788641174 0.6415747873751513 -0.3188451235595611 0.6498898397236296
3244.498523037 -35.44664013428948 -19.637772386030576 2.707538793512783 0.2601672172985227 0.6467450834963339 -0.3128491822031753 0.6451040266586995
3244.548523037 -35.506654382155325 -19.630109283508965 2.705801176239738 0.25252356269034393 0.6458404731273436 -0.3193367771188804 0.6458683738472969
3244.598523037 -35.566784255113284 -19.622669964052527 2.7084082613872185 0.252902217915772 0.6506194689152965 -0.3244774123212245 0.6383174631286403
3244.648523037 -35.630251465543324 -19.616158734393924 2.709733859084087 0.2583042899789847 0.6387096273451444 -0.32548821483359924 0.6476004383256054
3244.698523037 -35.695768137773875 -19.613260834347315 2.714935439048806 0.25444701504501865 0.6246816311256639 -0.32002913854865017 0.6652901072078775
3244.748523037 -35.757954394879 -19.612124891368126 2.7321731449162616 0.25691161799612006 0.637617183778973 -0.3100870463997101 0.6567242733015822
3244.798523037 -35.81754795242008 -19.60834369499635 2.748676409083424 0.2578525490010372 0.6424976758208891 -0.31192152259781597 0.6507025151931438
3244.848523037 -35.875408306919326 -19.602740272438613 2.762248328456902 0.25945836598809385 0.6371960859780478 -0.32001236211977896 0.6513482881097978
3244.898523037 -35.93121814315883 -19.59974186817742 2.7768583873013526 0.26345511665611593 0.6414648353190523 -0.325530153057376 0.6427630869980439
3244.948523037 -35.988393730565086 -19.60051688418512 2.7868903616267033 0.2595845198259392 0.6445616447648554 -0.3253932200886169 0.641307582588201
3244.998523037 -36.04608232321561 -19.60275785901964 2.7935202838048547 0.2532719751195505 0.6524350702428782 -0.32630857504057853 0.6353774465553523
3245.048523037 -36.10571402918483 -19.605766960294144 2.7952329427630676 0.25259875565852863 0.6564151385578112 -0.3242025043688777 0.6326181871182969
3245.098523037 -36.16736814816276 -19.607460536524357 2.7927508000126187 0.24754269506789972 0.6503054718663203 -0.3274734698002129 0.639207739280629
3245.148523037 -36.22819058610542 -19.608148675603704 2.793512498183971 0.2450118645906989 0.6483437707258636 -0.33561137003708974 0.6379534069762349
3245.198523037 -36.28913988157537 -19.608966398941547 2.79901121079096 0.24960633840294588 0.6453530954633878 -0.33603786608451447 0.6389793506540439
3245.248523037 -36.34950107795726 -19.606805715622325 2.809312334173906 0.25872773589621434 0.6368629110544356 -0.3360852935444681 0.643826270560947
3245.298523037 -36.407726123059504 -19.602451554578625 2.8255258998934556 0.2616536185683065 0.633602684462414 -0.35002482098816357 0.6384102496234989
3245.348523037 -36.46433260882993 -19.60145029698416 2.8455022651737494 0.26648993417827865 0.6435093654800282 -0.35593270944903416 0.6230495308283426
3245.398523037 -36.52169072301045 -19.60277307354138 2.8599978172812475 0.27209869852999474 0.6438946980301996 -0.347887965600694 0.6247686607834066
3245.448523037 -36.57775630719037 -19.60031468543455 2.870531055107221 0.2716702253148799 0.6376466145851852 -0.3479350519729514 0.631302845862423
3245.498523037 -36.63093989403554 -19.59343640339931 2.881288226993422 0.2763380763527726 0.635592284971514 -0.35584970821859635 0.626921605946931
3245.548523037 -36.684382071024885 -19.585528177116945 2.8895155521680875 0.2734119002611055 0.635433767250904 -0.3655106157353478 0.6227935854018587
3245.598523037 -36.73899214096405 -19.576686506481114 2.8941328908828643 0.2771321907783935 0.6347777709979188 -0.3693487575368511 0.619545337798023
3245.648523037 -36.7963892649512 -19.567835401158714 2.893150245932496 0.27758163553112886 0.6328413195728548 -0.3688981183688156 0.6215902815529686
3245.698523037 -36.85626173775598 -19.557831968894455 2.88851023989828 0.275155137174961 0.6305782964367165 -0.369536542523046 0.6245825856436521
3245.748523037 -36.91737123909563 -19.546989791053164 2.8844170900954964 0.27419809188731575 0.6280341783836064 -0.3721477417708948 0.6260148045231896
3245.798523037 -36.97746373782381 -19.536862454991503 2.8844286908748087 0.26876641918582866 0.629959459761021 -0.375993576669093 0.6241350184689313
3245.848523037 -37.03647353680348 -19.527440250246315 2.8879222131576174 0.2685595511178234 0.633834978759929 -0.37750117414485274 0.6193721423530859
3245.898523037 -37.09826113337734 -19.518021505040327 2.888812994461933 0.26904511757214444 0.6140814204114656 -0.3802640253508131 0.6371169475379101
3245.948523037 -37.15982512222205 -19.511304866808157 2.898347157001939 0.26198481528222234 0.6020388163071017 -0.3786992689594607 0.6523036746107246
3245.998523037 -37.21670498496716 -19.505296865400943 2.9215507381165717 0.2637009855910397 0.6115107050181121 -0.3729666432843954 0.6460745551743519
3246.048523037 -37.27042985780017 -19.498268119423443 2.9479950241268247 0.2596632456639972 0.621043914581402 -0.3760130178160182 0.6367838451511926
3246.098523037 -37.32416344290857 -19.492393110372753 2.971622317424279 0.25556135344272957 0.6254970391855236 -0.37818674704406513 0.6327848235829399
3246.148523037 -37.379171821817394 -19.48831802716324 2.9899376963894184 0.25023374021665473 0.6259079318425876 -0.3800275240394392 0.6334046235118369
3246.198523037 -37.436386593832054 -19.487426857491382 3.0024137865247003 0.24701405416253142 0.6227883189800265 -0.3753553596733017 0.6404897507007815
3246.248523037 -37.494666562857326 -19.489536132864643 3.011252518755882 0.24108679563563534 0.6251941517714523 -0.365827853470203 0.6458942724520008
3246.298523037 -37.55330880097118 -19.492102729207716 3.0152342599580266 0.23860479255392833 0.6251476986422667 -0.35767709691688515 0.6514024886302505
3246.348523037 -37.61295511845652 -19.49529090596164 3.0182120103856893 0.23598577931677514 0.627512086791283 -0.3486679003024315 0.6549580049055034
3246.398523037 -37.673294500021115 -19.497617316959996 3.0217023886702172 0.22684102424567962 0.631662852428966 -0.34641271064569723 0.6553956244006927
3246.448523037 -37.7329424597362 -19.497912800662863 3.0261316164744314 0.22862653252675447 0.6308355633381835 -0.3475783002191882 0.6549547510090521
3246.498523037 -37.79255398893111 -19.49733014380847 3.0324930527207234 0.23632062135058882 0.6267387754034025 -0.34660743501497926 0.6566691383966906
3246.548523037 -37.85119397068782 -19.49471646572312 3.03985693677764 0.24824975259519938 0.61518848431577 -0.3482409098592616 0.6623016365690799
3246.598523037 -37.90882588814374 -19.49289293315938 3.051334487133712 0.25099579191266463 0.6060019433076339 -0.35140497262836135 0.6680398957858479
3246.648523037 -37.96257293191014 -19.491369109406634 3.068337585144507 0.25337844379272234 0.6079099891058318 -0.3519427286781418 0.6651173769321544
3246.698523037 -38.01278356601999 -19.488262146612264 3.08373181402676 0.25375476539210534 0.6066107092589595 -0.35508120008271415 0.6644917665411357
3246.748523037 -38.06270829358348 -19.48374716290926 3.0956093818116317 0.24888124132223127 0.6070759133872395 -0.35880908410833195 0.6639073762689296
3246.798523037 -38.11326977730806 -19.477396471646298 3.1001334817551336 0.24912045454148274 0.5987332770834917 -0.3632631664598378 0.6689524152998328
3246.848523037 -38.164989863563726 -19.471145766431917 3.102290093269426 0.24724292056879119 0.5942376371929905 -0.36383599654662946 0.6733319659639125
3246.898523037 -38.217363514852316 -19.463664136054216 3.1042217436748727 0.24715257468635896 0.5984091927516615 -0.36546320176232455 0.6687740208873542
3246.948523037 -38.27177650673608 -19.455999837364764 3.103189015154145 0.2494530040695797 0.6019983648450853 -0.36352775821711175 0.6657467510173424
3246.998523037 -38.329040003421916 -19.448537049416334 3.098242282881211 0.2476983051929198 0.5970626850725398 -0.3609144458717173 0.6722369094743577
3247.048523037 -38.38748585945989 -19.44193238118594 3.096731772538788 0.2438473736900829 0.5983969193183183 -0.3567389267131824 0.6746828317530555
3247.098523037 -38.44738091906264 -19.43549941843853 3.097967902226217 0.23912178466898634 0.6008915733828143 -0.35259327600851587 0.676334289274045
3247.148523037 -38.50771128538808 -19.428124612580458 3.099943395999959 0.23898373726293048 0.5957742862379259 -0.35264711883301686 0.6808669346945148
3247.198523037 -38.56879235917393 -19.42166239856274 3.1042552397804433 0.23429064986774695 0.5839125736128693 -0.3550991544936822 0.6914178101836954
3247.248523037 -38.629348070613965 -19.417541952149907 3.1181257596179783 0.23351171485907743 0.5890542785981889 -0.34838613275096086 0.6907347091290333
3247.298523037 -38.68687899842261 -19.413234074502515 3.1350321581646803 0.23543905207117113 0.5948821817933311 -0.34584316975687185 0.6863498703118943
3247.348523037 -38.74224813057867 -19.409508385184818 3.1509074862884168 0.23185532941340875 0.594158056758032 -0.3503193744748502 0.6859268515517297
3247.398523037 -38.79694350901202 -19.40905498060659 3.167024983227827 0.2322306727502808 0.5991100179769527 -0.34892847151360373 0.6821913388198267
3247.448523037 -38.85301665944116 -19.411746270087225 3.179584669030564 0.22969580770420997 0.6052878583041159 -0.3428406995688687 0.6806810554377548
3247.498523037 -38.91057515275026 -19.416744313753618 3.1877844371870934 0.22624265741471383 0.6130616381502184 -0.33442373346444404 0.6790658688891689
3247.548523037 -38.96947981844581 -19.423281319305147 3.1912331947864607 0.22366645711259225 0.6195781264154258 -0.32408534270583 0.6790176373802793
3247.598523037 -39.02938652879645 -19.429852161866155 3.191177153490654 0.21898036234917656 0.6198039715712069 -0.3170272546749885 0.683655145174248
3247.648523037 -39.088773800388466 -19.435168225152406 3.1941297094634873 0.22017159500052008 0.6270302571459955 -0.31066513166798 0.6795915695063253
3247.698523037 -39.146480276963665 -19.43775255063072 3.19755380521332 0.22439850625497929 0.628727133212627 -0.3141922654454609 0.6750042390141077
3247.748523037 -39.20373599260931 -19.439976803241137 3.202689896573544 0.23606587026995973 0.6247848900488897 -0.31242235494320414 0.6755064901183601
3247.798523037 -39.26087409801132 -19.438738288342535 3.2108222845222896 0.24590397742436718 0.6133980011290115 -0.317864928615684 0.6798794108177978
3247.848523037 -39.316957995546794 -19.43530412151005 3.2249310297374296 0.25151661650951845 0.6067632667233231 -0.3323210084173533 0.6768607516611662
3247.898523037 -39.37248011658935 -19.43407936536436 3.243163779284469 0.25856513601310993 0.6087270691817788 -0.3369468006457076 0.6701210929514948
3247.948523037 -39.42673639234846 -19.433573816406632 3.260340179543913 0.2635843326789839 0.6095696000152748 -0.33388415413499906 0.6689316661071958
3247.998523037 -39.477834184118315 -19.430327599340924 3.2760883657877766 0.26522543317657093 0.6112125982591197 -0.3377767429549352 0.6648168930197187
3248.048523037 -39.52673618135701 -19.42416421365599 3.2893959328483304 0.2685215263218606 0.6133418709161746 -0.3474125672452691 0.656515382457164
3248.098523037 -39.57602715026419 -19.416733760705252 3.2972251338872898 0.2691464746767794 0.612320889748795 -0.36022288679159836 0.650278997798509
3248.148523037 -39.62690338573408 -19.409231434766408 3.3000824778007827 0.2713743806375765 0.6125594106618764 -0.3679455827902375 0.6447813288614203
3248.198523037 -39.68044547260359 -19.400611921638227 3.2970465973489684 0.2735555992289471 0.6084934247238191 -0.37467272997790096 0.6438349412770922
3248.248523037 -39.737077015722356 -19.39146816872883 3.2928442143782273 0.27673159356648813 0.607292750433169 -0.37756672777232486 0.6419178346741646
3248.298523037 -39.795662391080235 -19.38162677826006 3.289075579015811 0.2794952689103726 0.6053385549700454 -0.3830902634337335 0.6392882593836433
3248.348523037 -39.855509218913255 -19.373740350529168 3.288723061496958 0.2797398707702758 0.6069067049589615 -0.3870241216780129 0.6353126674454463
3248.398523037 -39.917130785858134 -19.367425734768222 3.291221443573909 0.2812778428878491 0.609673138448139 -0.3887848169383263 0.6308944487577831
3248.448523037 -39.97991862907178 -19.36126038713678 3.2933037872122592 0.28459819099938927 0.5970255060478886 -0.393157161942412 0.6387424056859898
3248.498523037 -40.04231359688118 -19.35782620446895 3.3030053083223048 0.27645139515441647 0.5936458138603112 -0.39462695537783987 0.6445376947025845
3248.548523037 -40.10133835353926 -19.354672698118076 3.3204278789113735 0.27997468040101586 0.6012439621372699 -0.3919269640870161 0.6375838228416411
3248.598523037 -40.158547526840096 -19.352429320330938 3.3362885325157294 0.2772157921929592 0.6008252166517225 -0.3948817261381009 0.6373608757653978
3248.648523037 -40.214455877688515 -19.35296300483947 3.352213330829165 0.2749939865342067 0.6010299758244567 -0.3937214407915335 0.6388463841891232
3248.698523037 -40.26945463205671 -19.355739199476652 3.3666280519732528 0.27367838944098216 0.6029491469903447 -0.3899507123686985 0.6399147655897233
3248.748523037 -40.32508502058392 -19.360677555343685 3.3777777071263895 0.267573083721101 0.6070231458533825 -0.3823795100014328 0.6432056091152408
3248.798523037 -40.38089135902149 -19.36546132485509 3.3858531023790306 0.2643944580535345 0.6154307312802698 -0.3737121625357181 0.6416227903677418
3248.848523037 -40.437395237860756 -19.368945677306357 3.3892836803841773 0.2620658615937334 0.6200290808936159 -0.3689712267625754 0.6408944194285611
3248.898523037 -40.495224180855516 -19.37159770958044 3.3898665329397706 0.2584634155274781 0.6221748582106579 -0.36811193764507405 0.6407719641242172
3248.948523037 -40.55429833525962 -19.37386361436628 3.3905790799833353 0.2614195223911597 0.6252893147302423 -0.36592308583573935 0.6377878969135524
3248.998523037 -40.613905851849424 -19.37489367046101 3.3902538795495003 0.2646715595929463 0.6217737475606804 -0.3698791522063473 0.6376015881019265
3249.048523037 -40.672478141850256 -19.375453427619643 3.391800695826705 0.2725426640027014 0.6137308332417074 -0.37486997586537946 0.6391615303046954
3249.098523037 -40.73016409597048 -19.375963597140505 3.3965048133761555 0.28095342719891253 0.6016623854002879 -0.3799943462326121 0.643950186404873
3249.148523037 -40.78706381493015 -19.37681705231356 3.408319333210005 0.2848544442093343 0.598412668317164 -0.385497650924576 0.6419904868012899
3249.198523037 -40.84146010291779 -19.37853466576562 3.423918959587066 0.29036782178393544 0.6010749925294628 -0.3885248314424805 0.6351722890529395
3249.248523037 -40.89407657915999 -19.380809724236883 3.438386235707651 0.291122262534902 0.6009298122207388 -0.38675851388381277 0.6360416975162021
3249.298523037 -40.94445963873397 -19.380089808082644 3.451753572258949 0.2910013032236251 0.6019684547370704 -0.38816667738314503 0.6342545637147162
3249.348523037 -40.9939196371146 -19.376481588173107 3.4625415739283003 0.2959019408770547 0.599017258392416 -0.39011285659523137 0.6335868722222188
3249.398523037 -41.043015678038415 -19.371394729961793 3.4720599949539395 0.29227876197077285 0.5991408183602005 -0.3961653485020372 0.6313924466777863
3249.448523037 -41.090620131802055 -19.363449709743378 3.4814341247485987 0.2997200129205527 0.6035057099660415 -0.4018747692945141 0.620036645447484
3249.498523037 -41.13873610117901 -19.35260057399135 3.4859370077573923 0.3054019865877922 0.6044563131115505 -0.41156817843075655 0.6098965704371606
3249.548523037 -41.18811797634869 -19.338873711087153 3.4855066330766156 0.31667407811160625 0.5989787520107398 -0.42229837152468264 0.602167807425324
3249.598523037 -41.2385370237994 -19.323481576507785 3.4831416908066193 0.33078846050390853 0.5899468014396128 -0.43374285766224163 0.5953225170406514
3249.648523037 -41.28934408930891 -19.308029000603316 3.4813234124340244 0.34343679958759965 0.5820798718203419 -0.44428258889721406 0.5880877219543276
3249.698523037 -41.33845946319525 -19.293501318691465 3.483144316603938 0.36795505828000435 0.5721075353499533 -0.45248043512014813 0.5766831876476388
3249.748523037 -41.38892899476272 -19.279135849071686 3.484612317117148 0.3785883010383389 0.5565317123116207 -0.46861447747704804 0.5721396883692941
3249.798523037 -41.441670192682466 -19.26637361735334 3.4890673928764704 0.387991862862157 0.5285873346112512 -0.4809638212267473 0.5820064833936921
3249.848523037 -41.49356624093623 -19.254724670988885 3.505294957782119 0.3935564429271017 0.5293136928681047 -0.4869862382156705 0.5725248855390016
3249.898523037 -41.54129998708474 -19.2428056015816 3.5251883624054483 0.40933075477074177 0.5298172557096859 -0.49626234314992224 0.5526895109574826
3249.948523037 -41.58882170287251 -19.232097784947147 3.540889332405828 0.41516189933102204 0.5219807803140661 -0.5095194914965584 0.5436603260416063
3249.998523037 -41.63603339843864 -19.22285033061637 3.5531056969455554 0.4206559145093396 0.5140172940565703 -0.521268689721631 0.535829988069879
3250.048523037 -41.6843345920407 -19.21515839628495 3.5599691987751307 0.42684051438367787 0.5051108094894742 -0.5311568841321103 0.5296627321764611
3250.098523037 -41.733670846171194 -19.20981865316404 3.564387177877882 0.43273354544810616 0.5041430163871102 -0.5352383335342391 0.5216334191628338
3250.148523037 -41.782933441319535 -19.20428048639878 3.565716380314551 0.44247704841029317 0.5035753052128509 -0.5391126292162436 0.5098858172468109
3250.198523037 -41.832572056316316 -19.196849887809314 3.5632396555560937 0.4522886418139407 0.4952777405509285 -0.5469642260073213 0.5009641500836962
3250.248523037 -41.88223264395218 -19.188236116728618 3.561527592088077 0.4661443183351472 0.4835938909907226 -0.5567581611887376 0.48873998509437494
3250.298523037 -41.93317502357552 -19.180539669709937 3.5621215342115513 0.479506436722287 0.47033689728512135 -0.5638687814989659 0.4805296842495499
3250.348523037 -41.984697615511365 -19.174056715451126 3.566579585681289 0.48599838270624274 0.45896877632655286 -0.5700783920977361 0.4776650094234273
3250.398523037 -42.03416165778551 -19.167624400936514 3.5771691887985524 0.49628626102584766 0.4477538483354706 -0.5760133983406036 0.47055818274669275
3250.448523037 -42.08430911581755 -19.160868417683385 3.592645428674707 0.5001796531172017 0.44385448544769057 -0.5824969012944792 0.4620723648281201
3250.498523037 -42.13330100125805 -19.15412038463756 3.611564823358934 0.5062104914949025 0.4482586584770714 -0.5860311946259376 0.44652273438888
3250.548523037 -42.18025211029092 -19.146151672106 3.627539466077039 0.5089082521504003 0.4461702435828521 -0.5909622142144743 0.4389853824504513
3250.598523037 -42.22522749023345 -19.136436889565182 3.6405757918680326 0.506229810754547 0.4447932680310676 -0.5994046971818648 0.43197724062035436
3250.648523037 -42.26744777036369 -19.125612110876656 3.65413591656708 0.508629363171243 0.44859544004116186 -0.6061831240005516 0.4154519494131952
3250.698523037 -42.30849570882402 -19.114277499935692 3.665905409270833 0.5138704703682466 0.4553731610396803 -0.6122585432441517 0.3920610923220966
3250.748523037 -42.3526531446418 -19.10223748094059 3.6748563941612478 0.5202729359380589 0.4642280695476947 -0.6121868402264342 0.37287483721483194
3250.798523037 -42.3995265951403 -19.08862819147152 3.680829756385255 0.5264997927485395 0.47351361718533647 -0.6098251266337645 0.35594400894230077
3250.848523037 -42.44845243978844 -19.073229943672484 3.6849617280987226 0.5307416834403842 0.4797613679469796 -0.6100516054311957 0.3405573872276602
3250.898523037 -42.499119779494904 -19.05765632661968 3.6914009337857028 0.534789308302883 0.49110278232521715 -0.6074340199401578 0.3222458135285772
3250.948523037 -42.54986286400988 -19.04308701720058 3.699823746478131 0.5411426628758566 0.49852893198731674 -0.6052160813996862 0.3038865202710063
3250.998523037 -42.602465678887526 -19.02876068659858 3.710266253760561 0.5478233162770192 0.5029716225889411 -0.6018552739668116 0.2909972340278013
3251.048523037 -42.656554600804164 -19.013259223167818 3.72268813576913 0.5464110536737299 0.5047034236497193 -0.6041225505400767 0.2859114522161868
3251.098523037 -42.70894103467909 -18.998597548986524 3.7399458950794946 0.5445413869232316 0.5109247995103021 -0.6058700891676203 0.2745031187893882
3251.148523037 -42.76001929660289 -18.986555928767213 3.760901895678201 0.5550829613562595 0.5165085886378281 -0.5982510821786861 0.25922466423424173
3251.198523037 -42.81191220320024 -18.975007329719293 3.7787285324047875 0.5579800900515541 0.5176216544783842 -0.5963300231518025 0.2551794376686539
3251.248523037 -42.86541982763005 -18.96569423352905 3.7959370000051855 0.5612745001163939 0.5203645494109508 -0.5905960005154431 0.2557108433574793
3251.298523037 -42.919201772200935 -18.959034193022703 3.812864554622569 0.5653401238079813 0.5307932919475012 -0.5801288330663753 0.2491978384363653
3251.348523037 -42.974352701457555 -18.953220105663924 3.8260152423103 0.5684510615848914 0.5434369738943634 -0.5682082738923823 0.24223749393474664
3251.398523037 -43.02989874891615 -18.94705998054116 3.833520614241975 0.5711775641699312 0.5536813619523464 -0.5583655507995101 0.23541676086434155
3251.448523037 -43.08629051469279 -18.93783457231204 3.832567882124948 0.570200780262083 0.5514935528918966 -0.5596080500081809 0.23992657558767005
3251.498523037 -43.143790347875985 -18.927051967387 3.827258206570024 0.5628660819353137 0.5441061058368465 -0.5692051507179512 0.2512684138406686
3251.548523037 -43.20142515019782 -18.919260796095745 3.8257997912686212 0.5663259122625395 0.5385528160451926 -0.5697341962583018 0.2542415604178483
3251.598523037 -43.257591596268455 -18.91193958586681 3.827900620722959 0.5708479263654475 0.5284519594150332 -0.5718728668624694 0.26044691532283704
3251.648523037 -43.30915454585342 -18.905080855153813 3.83638381967106 0.579894269592124 0.517741195581785 -0.574167123655451 0.25690232502837923
3251.698523037 -43.36014978677234 -18.895949590139093 3.845989418888851 0.5822335567693468 0.5068364754876995 -0.5833661443261035 0.2525961483099422
3251.748523037 -43.414926296993535 -18.88480652616269 3.8553111100519284 0.5801060877055055 0.49883102587713984 -0.5886520606876308 0.2610235354859379
3251.798523037 -43.466995707904786 -18.8739828127213 3.8667829480196145 0.5770546087267292 0.49638019980871745 -0.5915027924090994 0.2659682732156924
3251.848523037 -43.51538802741818 -18.863257179038317 3.8791917244652847 0.5798038082977489 0.49693207384916716 -0.5900945633819736 0.26205813120456933
3251.898523037 -43.560443773357235 -18.84996313524357 3.886955147946988 0.5741998858097481 0.49279140909617736 -0.5997803475081506 0.2602203931287447
3251.948523037 -43.60528574683928 -18.83632893817979 3.8930417580093732 0.5728880858716304 0.4923165453865466 -0.6044764413007682 0.253045237294352
3251.998523037 -43.65161476210287 -18.820602895936332 3.894092144659509 0.5717716558142766 0.48842405627359475 -0.6096332927434732 0.25073165583826773
3252.048523037 -43.70117312992699 -18.802530215751023 3.890956800245691 0.5675138319549078 0.484385877225252 -0.6148815639652677 0.25538017695233567
3252.098523037 -43.753833680385355 -18.783357814628353 3.8870401408489803 0.5664006915333974 0.4819233069965958 -0.6156158510323789 0.26068622280748555
3252.148523037 -43.808493053164355 -18.76239610128015 3.8814871191688307 0.5602545724085181 0.47808321272127685 -0.6203890243708063 0.26957135279864247
3252.198523037 -43.863126284465146 -18.74089022151173 3.876994920881196 0.5549246154228703 0.47342231786051653 -0.626265906833795 0.27517447935264605
3252.248523037 -43.9188044689775 -18.717983602219583 3.874452951913456 0.5572957320022314 0.4630327643507443 -0.628997764635288 0.2817515542346062
3252.298523037 -43.97515187639769 -18.69240382471687 3.8707406495189507 0.5425328394562308 0.4445803098984339 -0.6474240309462352 0.29807480657630286
3252.348523037 -44.03251239663042 -18.66989906590549 3.8759899422104445 0.5375439693347182 0.43816172948972243 -0.6521547260568498 0.306194371476953
3252.398523037 -44.08973113184485 -18.65113000512525 3.8864219295636366 0.5429542517343675 0.4356780326149094 -0.6475784507295225 0.3098830143314191
3252.448523037 -44.14842243436287 -18.633492894565908 3.8946086917943763 0.5357043568747268 0.42830946592876923 -0.6486607932008518 0.329865152426396
3252.498523037 -44.20772082332197 -18.6182540571641 3.9042008224912443 0.533034765890318 0.4251892316668022 -0.6424826339006722 0.34972006056688165
3252.548523037 -44.267726457540384 -18.60361511825391 3.912105983072237 0.5257289279197084 0.4295050151577929 -0.6371600618865094 0.36491312916840585
3252.598523037 -44.328799756550964 -18.589510955785858 3.9167524426419487 0.5156833920750089 0.4378646964664667 -0.6335215624657665 0.3754937770686427
3252.648523037 -44.39205268969178 -18.575721810199003 3.9190033373123456 0.5081651842425944 0.4458452510336411 -0.6273397029108206 0.3865683054858519
3252.698523037 -44.458509081454245 -18.56173614847588 3.9199941933590674 0.49841611777544104 0.458978137450543 -0.6165561801166908 0.4009724674388544
3252.748523037 -44.52646631921323 -18.547853983559115 3.9195915838826103 0.4863873638508926 0.47225668924067243 -0.604375100650222 0.41848738268632696
3252.798523037 -44.59344774584246 -18.535710009084912 3.920129016642883 0.4810233131899587 0.4806391673646626 -0.5929921015962095 0.43123419438545174
3252.848523037 -44.659093976474196 -18.52486488204596 3.9206965544767773 0.4751665176453217 0.4785331933223986 -0.5888252381104744 0.44554191987020647
3252.898523037 -44.724260952547006 -18.513567437244728 3.9255700899567714 0.4676791670281584 0.47664767231962984 -0.5846690851646354 0.46070082922963695
3252.948523037 -44.7904476753065 -18.50209618120397 3.9349944797367877 0.4596003078962663 0.48073760891784517 -0.5855630233569786 0.4634380800394424
3252.998523037 -44.86139584366444 -18.493142248720766 3.9462390665555502 0.44958808973158204 0.4850992387507105 -0.5825921560712778 0.47237237198973453
3253.048523037 -44.93511534165242 -18.4867036560533 3.9609624352794905 0.4313987293850976 0.49854131998829787 -0.5635222924919342 0.49778942778436336
3253.098523037 -45.00803721723451 -18.481738359602264 3.9769773834507642 0.4033123853994867 0.5316016367239652 -0.5376316442749202 0.5154522622804394
3253.148523037 -45.0802036807745 -18.477827437490923 3.9847477362401515 0.3673791557013087 0.5517057972344573 -0.5179693649926859 0.5407041762213042
3253.198523037 -45.15091050596444 -18.475094053164547 3.986681068460863 0.3419699914819063 0.5556440470255607 -0.49695551694855805 0.5721463380161697
3253.248523037 -45.21861616110749 -18.4718780927683 3.9871820716462447 0.31845094167572435 0.5660928740476527 -0.4817401790169234 0.5882637636460839
3253.298523037 -45.284456478988844 -18.467092165054176 3.9836994944114723 0.29783608636587594 0.5722052629262823 -0.47205219175400076 0.6008673156346306
3253.348523037 -45.34976347001582 -18.460116589856412 3.976690767738192 0.2926449063969734 0.567902412529785 -0.46230909859430686 0.6149114618867305
3253.398523037 -45.41426892747821 -18.45083571668891 3.9688491905580405 0.289780313583886 0.5566609896703657 -0.4629602358520986 0.625958251370012
3253.448523037 -45.478482066012546 -18.44112271113441 3.964897025901008 0.28318093270403133 0.5521070641253472 -0.4653045380881384 0.631251167072465
3253.498523037 -45.54408379034554 -18.431667484275685 3.9624854098797555 0.27274820804239086 0.5463932074950191 -0.4727597213409033 0.6352646091910372
3253.548523037 -45.61109648503251 -18.42224340036082 3.960744766440089 0.2632522786251904 0.5293178965208571 -0.4880898585424468 0.6420974164481543
3253.598523037 -45.67595431618373 -18.41387724318215 3.9739931986329564 0.2715391335708166 0.5378806971715155 -0.4963419909155355 0.6249763856370071
3253.648523037 -45.739002785312756 -18.40664076144698 3.9963117281457885 0.284487558063137 0.5648394381253629 -0.48705998489032676 0.6023253353164986
3253.698523037 -45.80038750812923 -18.40006469965713 4.017218285185048 0.2846087269910539 0.5836644850885667 -0.48257035076805954 0.5877580266797062
3253.748523037 -45.85895683011388 -18.393944041219978 4.037286703588303 0.28164575367805333 0.6021030038648291 -0.4812491457480205 0.5714428246892872
3253.798523037 -45.91528766459161 -18.388418514414134 4.056181272593527 0.29170689157869756 0.6212885745593453 -0.4737463933317569 0.5517897709568955
3253.848523037 -45.9709974748752 -18.383020046822164 4.070484566532836 0.30084803610918853 0.6390417824195728 -0.46641905381224735 0.53251227754123
3253.898523037 -46.02735772836189 -18.37768725594625 4.080704567494915 0.3016236053375179 0.6608753682078725 -0.46014277073603654 0.5104268595388273
3253.948523037 -46.08636633063886 -18.371852402855275 4.086075695467141 0.30534082675996643 0.6769445212558411 -0.44805140951007416 0.4977580025386593
3253.998523037 -46.14726009460679 -18.364796700295642 4.088386665624127 0.3007494886604721 0.6888247559764831 -0.44153828221683156 0.4900144344418977
3254.048523037 -46.20756460367974 -18.35648422969844 4.090146416968259 0.30512871373931094 0.6930193083846738 -0.43965180092267964 0.4830393360827529
3254.098523037 -46.26797247875283 -18.348552873792293 4.092863082875745 0.3087558017784461 0.6926255967860983 -0.4405105179287901 0.4805102716269024
3254.148523037 -46.329646873306864 -18.34062696944502 4.0990814583201285 0.31655736144321894 0.6897495457915108 -0.4360715478304997 0.48360997319040466
3254.198523037 -46.39123894638966 -18.33292607436569 4.108376991217851 0.3159940544649352 0.690899624403194 -0.43793903808995194 0.48064005810916827
3254.248523037 -46.45296177294899 -18.327282559651835 4.118700000425917 0.3239095831261148 0.6926666939521273 -0.4302127929681025 0.4798045287563273
3254.298523037 -46.51477825906632 -18.31955488130126 4.124671918321276 0.3201258155907864 0.6785361088778875 -0.4301536184981312 0.502071783347913
3254.348523037 -46.573891444543435 -18.310952906126367 4.130461535145332 0.3123561188361545 0.6680065557980499 -0.43200199320978344 0.5192062926228987
3254.398523037 -46.63088300967884 -18.302601267753406 4.135074691357635 0.31343263670257504 0.6620864818914578 -0.43225857959589825 0.5258840110822924
3254.448523037 -46.689870579613576 -18.29448478624835 4.133714788327471 0.30701305829277803 0.6524970253818475 -0.4335235695560201 0.5404145895004712
3254.498523037 -46.75021914503559 -18.286470425755642 4.127713399129754 0.30287271507651464 0.6439780062142707 -0.4325066127583886 0.5536230449455102
3254.548523037 -46.81208910883286 -18.278124582251458 4.114614449306597 0.30153790340591524 0.6239626404052803 -0.43268165605313574 0.5766559639014859
3254.598523037 -46.87515180740862 -18.27034325537845 4.099153589783236 0.2941283230872855 0.6056211715166169 -0.43570685293567635 0.5973868633252583
3254.648523037 -46.93937253949165 -18.26448771325913 4.086039971677745 0.2923080136031756 0.5919556596085609 -0.4331340475839289 0.6136280787776275
3254.698523037 -47.00612790040964 -18.260323922691448 4.074888271504797 0.2840084183261756 0.5805808448239308 -0.4269669878510886 0.6324273019318214
3254.748523037 -47.07400805374462 -18.25762424581805 4.066320392966547 0.27293271463453755 0.5706832935904402 -0.42187927973714395 0.6494968706833454
3254.798523037 -47.14124955468199 -18.256628867005027 4.062821929844718 0.26269652117308245 0.5589287801869434 -0.41451613540884313 0.6684052138695611
3254.848523037 -47.205734623838225 -18.25703570061007 4.0692978276251175 0.2565625233702728 0.5671389820989854 -0.4065108484710078 0.6687884393894578
3254.898523037 -47.2672233647312 -18.259489259513714 4.075576182028616 0.2607616212569256 0.5642337836694462 -0.39801801454194374 0.6747038419526077
3254.948523037 -47.3279776733139 -18.266181079934007 4.080738771340426 0.2540960427558667 0.5577835259224582 -0.38976066782369145 0.6873131463044698
3254.998523037 -47.38776452634295 -18.27552393562468 4.087017432499141 0.2522552146582241 0.5585081861957318 -0.3760018537235126 0.6950241137015101
3255.048523037 -47.44755664431249 -18.286850774595713 4.092016354116096 0.24521720069717723 0.5666014709780046 -0.3659467428443516 0.6963578670262955
3255.098523037 -47.50836536093421 -18.300308445922283 4.092402041180057 0.2394860965973033 0.574185678558831 -0.3505154826725555 0.7000686484062457
3255.148523037 -47.56990951904349 -18.313643731144687 4.086908054431959 0.22766698771976376 0.5745480979817762 -0.3432177083333253 0.7072933129151955
3255.198523037 -47.63211730593379 -18.32715414078574 4.0825667597644895 0.22264738518748375 0.5808216823397717 -0.33396244250493495 0.7081972904419443
3255.248523037 -47.69383071671489 -18.339624712804326 4.077672218606389 0.21685709601349773 0.5822257994589224 -0.33113722214299907 0.7101649515883119
3255.298523037 -47.75425853701162 -18.35194755551992 4.074328342133993 0.21880998081239939 0.581082484402808 -0.32713070640315417 0.7123558377281057
3255.348523037 -47.81464669772774 -18.363429898536282 4.0715785744036985 0.22213751654386207 0.5699602083375576 -0.3218925036387924 0.7226240383191549
3255.398523037 -47.87591329243454 -18.373813059994987 4.073987944329072 0.21889854308599593 0.559969680811101 -0.3242119638537338 0.730345114929406
3255.448523037 -47.93663174147549 -18.384932666703918 4.086544330748969 0.22680903940443492 0.5720757026507787 -0.31858391185909923 0.7209655617195659
3255.498523037 -47.995997742193744 -18.395954899489187 4.09620561580878 0.22221626142656364 0.5728845332215857 -0.3132888335482489 0.7240672285962573
3255.548523037 -48.053091477101006 -18.404374833514698 4.105495904136551 0.22044399627109806 0.5732356705279179 -0.3101995851717697 0.7256593745702584
3255.598523037 -48.10899679217857 -18.410720775837728 4.113507425621312 0.21942663247401387 0.5796351975951146 -0.31138526758928664 0.720356998854273
3255.648523037 -48.16507268383368 -18.41651962760442 4.115797112110426 0.21747724057628415 0.5788368210337052 -0.31200786291130383 0.7213200939447344
3255.698523037 -48.221943733395555 -18.422173335888736 4.11602843413692 0.21287161800738008 0.581889929933797 -0.3109563002333456 0.7206913091149014
3255.748523037 -48.27957211002224 -18.427146747893076 4.11449463701695 0.2083213529393166 0.5856595859661677 -0.31036709687525005 0.719219944420828
3255.798523037 -48.339431972797335 -18.43223640283091 4.111388995387346 0.19735485648126042 0.5885063856632765 -0.30960175032331755 0.7203180206364035
3255.848523037 -48.40059766231299 -18.437914160421595 4.108325846348212 0.18514252420993774 0.5908250609462329 -0.3094444460522132 0.7217285694043791
3255.898523037 -48.46209447053488 -18.445405602780383 4.107328823449842 0.17292879139369782 0.5967408863231124 -0.30626340688521514 0.7212479970859417
3255.948523037 -48.525420850689116 -18.455496405210344 4.106570656285437 0.16052152984259355 0.6011475695139091 -0.2961244166099235 0.7246825291201284
3255.998523037 -48.59120570126952 -18.468010522999414 4.105372868648371 0.148601135212256 0.5906756027376595 -0.28192850528310304 0.7413071919609082
3256.048523037 -48.65571516824918 -18.480917947719696 4.112082838831001 0.1384450644481882 0.5931264206913923 -0.26791144106113196 0.7464968003657498
3256.098523037 -48.71626653229778 -18.49272842585191 4.123674498398538 0.13641533077294635 0.6058562751153997 -0.25697790601394227 0.7404670061887231
3256.148523037 -48.77278636029062 -18.50489419557884 4.132181599008368 0.1371106657066382 0.603749505030063 -0.25311165063004804 0.7433852923220698
3256.198523037 -48.82706952439617 -18.51954897146379 4.140248044880257 0.13551560478888225 0.6050670140392953 -0.24666916768653033 0.7447709386738377
3256.248523037 -48.881088855644194 -18.537752340683692 4.145748363995062 0.1283588125319778 0.6087057154058085 -0.23900702232446447 0.7455715998864739
3256.298523037 -48.936611598013975 -18.560384338600837 4.148394322003298 0.12190077960384282 0.6155723725999346 -0.221825682544521 0.74632715385903
3256.348523037 -48.993509853475004 -18.584489380010375 4.147831728598111 0.1093491299416538 0.6222891996960501 -0.2066952464238062 0.7470448412434524
3256.398523037 -49.051321186279154 -18.608328907119393 4.1440935028518515 0.0988630637442561 0.6225982843611765 -0.19834380840692747 0.7505046332996584
3256.448523037 -49.10895238352433 -18.631977086693567 4.140929014739062 0.09439079749309405 0.623370499091463 -0.19270195143861796 0.7519079439152287
3256.498523037 -49.164606395942705 -18.65585301901054 4.140394059140027 0.09146848338124697 0.6291551941709086 -0.18985425013664597 0.7481661726520071
3256.548523037 -49.2193715425941 -18.679898982508 4.1392220425799735 0.09517704397285923 0.6294605966910527 -0.1811008954725969 0.7496153368047882
3256.598523037 -49.27475098664882 -18.701254442290953 4.137112361225445 0.09546926436436912 0.6175660498142274 -0.17903319012584998 0.7598979605920383
3256.648523037 -49.33030186337985 -18.720564316020948 4.139853454282393 0.0982164183089031 0.6161682325001946 -0.18636832443266163 0.758918369839813
3256.698523037 -49.38538463819831 -18.739634024131032 4.142384823800539 0.10282731596839378 0.6135381809300451 -0.18827129136596946 0.7599680022732389
3256.748523037 -49.44007691206703 -18.757888573932835 4.142937865004738 0.09901243936586047 0.6033476708341925 -0.18990564395771378 0.768182251384906
3256.798523037 -49.49451308060346 -18.77417130969714 4.144859537700892 0.09741602244226452 0.6016767458918587 -0.1939862873153777 0.7686771314135132
3256.848523037 -49.54912020979183 -18.789546897973885 4.145482191193766 0.10074895724940504 0.6041931227448719 -0.1976480803224507 0.7653336229291169
3256.898523037 -49.604662365512375 -18.805294638162724 4.1425813997481145 0.10345446824499734 0.606834026563233 -0.20037933581129724 0.762166490332015
3256.948523037 -49.66089650540302 -18.822176857528365 4.136519019896955 0.10671632689602567 0.6059293018674516 -0.19863025527191525 0.7628940479534869
3256.998523037 -49.71800406703525 -18.840146904307918 4.130137925958573 0.10373815151059704 0.6056109472991702 -0.19549358982909082 0.764366425720218
3257.048523037 -49.77580255720448 -18.85887459811423 4.127229623446423 0.10150580823646332 0.6123683606566415 -0.18837645304742998 0.7610623323343689
3257.098523037 -49.83408765055083 -18.878215238453812 4.127381373228724 0.09755414142083532 0.6216763769519864 -0.180788144719915 0.7558553555808324
3257.148523037 -49.89327305340485 -18.898182386948598 4.128297826852446 0.08716776026209268 0.6265225972959314 -0.1768040312418961 0.7540633601926733
3257.198523037 -49.953633504187444 -18.918261125074768 4.12749268858326 0.07790387632669324 0.6154003716156251 -0.17885603217645366 0.7636909639525149
3257.248523037 -50.01466458917951 -18.9397100984546 4.132989189514126 0.0722379959592741 0.6134122174551361 -0.17405958862181944 0.7669487486301572
3257.298523037 -50.07460817093565 -18.961984144802706 4.142946500961686 0.07062226229117091 0.6291009565720417 -0.16795339909181095 0.755669331283549
3257.348523037 -50.13325638787065 -18.985788240027457 4.147677813724312 0.07014387402339753 0.6275311989298893 -0.1601458785647405 0.7587079338489436
3257.398523037 -50.19045536929608 -19.01079933712563 4.147611723011594 0.06604574559313886 0.6145291376379651 -0.15232377367930067 0.7712258854934023
3257.448523037 -50.24576118858902 -19.036149375518917 4.1485880024118575 0.07004494704496832 0.6116331878712142 -0.1416811324057767 0.7751935278420354
3257.498523037 -50.300666726292675 -19.06282135310051 4.150067905738155 0.07039670671950868 0.6207035865081854 -0.12990977247295632 0.7699966314179225
3257.548523037 -50.3560072561043 -19.090175319042917 4.1483692989554175 0.06676082678610021 0.6260487478180501 -0.12198641821368411 0.767284348291873
3257.598523037 -50.412571090781434 -19.118205763903656 4.143288642305338 0.05737048495038781 0.626478303088627 -0.11760413687967586 0.7683767501717751
3257.648523037 -50.47007812848506 -19.146039560247253 4.1345684847310915 0.05158686183718264 0.6160937267759713 -0.11332123590628812 0.7777696400643045
3257.698523037 -50.52615643233201 -19.169918901345135 4.1302643336806 0.060573306415715865 0.6169569843066073 -0.11468467794481352 0.7762360328597605
3257.748523037 -50.58221502648519 -19.19145792062253 4.128758181912671 0.07693117392401565 0.6190489849833423 -0.11592447484744034 0.7729304398205002
3257.798523037 -50.64006716167576 -19.210446497801268 4.129947918852097 0.08043358393076626 0.6170543377179305 -0.12256860334266109 0.7731437902189786
3257.848523037 -50.698046889588454 -19.227010204229398 4.1339205019265295 0.08963985554155732 0.6184403489985144 -0.13511355259952482 0.7689216858256892
3257.898523037 -50.75386179133927 -19.244086828796174 4.136865653538934 0.09653926884810457 0.6167912479449229 -0.1389660095954734 0.7687243811704744
3257.948523037 -50.807700918328685 -19.25781096887256 4.1382900449916225 0.0935912458983613 0.6079415749559255 -0.14864531850494397 0.7743076193722138
3257.998523037 -50.86051227667545 -19.2701255158654 4.138813924327433 0.09772825120942907 0.5956773291753346 -0.15518276795421057 0.7820076834354998
3258.048523037 -50.91393824654591 -19.28477500725448 4.141661930566663 0.09797667856552877 0.5970713238361197 -0.1513880992777536 0.7816572446455796
3258.098523037 -50.96958366390297 -19.301154047371362 4.145226403436177 0.09155362085543799 0.6111515133408243 -0.14396653199881812 0.7729071094987499
3258.148523037 -51.02644853058439 -19.31832696217763 4.145734732570087 0.0851609841031099 0.6235643014375719 -0.13696275322577928 0.7649551444287941
3258.198523037 -51.084674840697 -19.336705211132877 4.140899972130425 0.0766064900338727 0.6236302192361918 -0.13101102609754775 0.7668460773721002
3258.248523037 -51.144096022301326 -19.357849892434366 4.136010849504479 0.07034379508530855 0.6268000444013336 -0.12036691473072952 0.76660632704778
3258.298523037 -51.203568214580166 -19.380707563013278 4.133419576556165 0.06125054706285767 0.638649097207534 -0.10640110102136568 0.7596410381370557
3258.348523037 -51.25945030390583 -19.40201841822655 4.128578627605166 0.05915225996268277 0.6418905245320138 -0.09812178184655036 0.7581884202390469
3258.398523037 -51.31116867515237 -19.423308064047305 4.121335181728235 0.06127954930524294 0.6165014135438358 -0.08944929902182547 0.7798523237382208
3258.448523037 -51.36187693591755 -19.448598012992516 4.123992166402126 0.04259153912199091 0.6244370343487058 -0.08657935784292298 0.7750924884970312
3258.498523037 -51.41208772355031 -19.47773078401591 4.127058245997105 0.04703916128760659 0.6400754086551337 -0.06553356061832027 0.7640655344752879
3258.548523037 -51.460837706187384 -19.509434535669108 4.12479948138901 0.04826065315908208 0.6270494526624663 -0.04273222189288034 0.7763078322962212
3258.598523037 -51.508006681689885 -19.54135798646112 4.1232708164890965 0.023864366762131793 0.6066328014928914 -0.042472363163730376 0.793488017880054
3258.648523037 -51.554646327202754 -19.57535528559294 4.126998986631306 0.011021943547629552 0.6136945327703589 -0.03707502783492411 0.7885955741184727
3258.698523037 -51.60090455657672 -19.613322870217395 4.127813566315234 0.002296084836935622 0.6210370824250472 -0.02076954510872392 0.7835025821548922
3258.748523037 -51.64767169815499 -19.653071971403048 4.124779969027614 -0.012594433922743259 0.6217400416375243 -0.0061729604351163925 0.7830980752231497
3258.798523037 -51.69580445672342 -19.69233524371432 4.120902856290466 -0.01864891194750338 0.6197420600262593 0.010050860928195793 0.7845195837658769
3258.848523037 -51.74448536119902 -19.72933806712444 4.1202852619227315 -0.030223347978448608 0.6205190052064857 0.01435924842149999 0.7834772015823412
3258.898523037 -51.79290620446812 -19.763739965176875 4.124524665538459 -0.03372632997101554 0.6292899765468507 0.015713181476469603 0.7762794316560486
3258.948523037 -51.841842436947246 -19.795808235916628 4.130013367832076 -0.037415391253152505 0.6316577187624519 0.016796354146599857 0.7741618030570683
3258.998523037 -51.891635008753845 -19.825267388201198 4.137016379040774 -0.03679330457997388 0.6292451816814834 0.009378547387850931 0.7762788139049114
3259.048523037 -51.939795928032964 -19.855586633859204 4.147266878607872 -0.03511355306665732 0.6367190054988702 0.008190409683360544 0.7702524674525774
3259.098523037 -51.98656272250511 -19.88443626782783 4.156021129613213 -0.033181160210460844 0.6371013599361461 0.016789935747702323 0.7698824363707677
3259.148523037 -52.033505601807846 -19.910416464702962 4.164066043356217 -0.03952737264956396 0.6353814671915547 0.013284290060021627 0.7710716604820405
3259.198523037 -52.08104515732198 -19.936090011739726 4.170240104800453 -0.04239194855590099 0.6416204344604617 0.013443960784459141 0.7657319378861172
3259.248523037 -52.12999646057772 -19.960829187007345 4.1704353877674425 -0.04050185802371597 0.6437742029715611 0.013208521129217384 0.7640287364062539
3259.298523037 -52.17966874680718 -19.983871744600197 4.168414244825975 -0.03798593619665569 0.6442056133929646 0.008694166328136408 0.7638590235089957
3259.348523037 -52.229186588412894 -20.008127991748246 4.166518819017032 -0.03932926311003625 0.6455748317307883 0.008303888505498513 0.7626384406353213
3259.398523037 -52.27939126999188 -20.034589428684093 4.164372018378226 -0.04329807292818139 0.6460692485343661 0.013610519927995446 0.7619281834439748
3259.448523037 -52.33058097500026 -20.062150363296972 4.164433595431294 -0.048257484963164364 0.6509100565949365 0.02187057963641237 0.7573037640966628
3259.498523037 -52.383447885768994 -20.08774293739748 4.164857638290383 -0.05631090775263167 0.6499621290931947 0.019430080296235493 0.7576283946582241
3259.548523037 -52.435916445064116 -20.111983228445393 4.166976147360327 -0.054265259968507555 0.6515464701565841 0.011260342094776998 0.7565815775466349
3259.598523037 -52.48555129575822 -20.140189117489896 4.1703539070397015 -0.056264457708781634 0.6498638602324631 0.014270963349304722 0.7578308607912331
3259.648523037 -52.53259658048978 -20.17149709366764 4.176038849089056 -0.06404566797034301 0.6567572213022449 0.022013642775797922 0.7510549275607784
3259.698523037 -52.577871346764105 -20.20473487883132 4.177684382628181 -0.060927138292056 0.6543905487285911 0.032517830068343904 0.7529963374956616
3259.748523037 -52.62102448964783 -20.240492790264774 4.176844903176703 -0.06301426336679193 0.6412787839577655 0.04478362440606515 0.763403661795676
3259.798523037 -52.6622791898418 -20.277124227057563 4.177844775727906 -0.06780440155235139 0.6362587466155039 0.0521036325907433 0.7667219717448068
3259.848523037 -52.70229837236464 -20.316275393434093 4.178298451757109 -0.07299759984880913 0.6383839091410306 0.06293460201989631 0.7636599837851443
3259.898523037 -52.74198286628762 -20.35871939919344 4.1750892865484355 -0.0818699345838886 0.6372102150057356 0.07550686459413579 0.7626002682288651
3259.948523037 -52.78257665569679 -20.402975517405633 4.168698068227309 -0.08948772971306723 0.6343954370646073 0.08817641412339738 0.7627314702139583
3259.998523037 -52.82459475358826 -20.446969339059216 4.162097149364042 -0.09013379693433884 0.632396728422339 0.09649796132951172 0.7633075526877551
3260.048523037 -52.866460711617435 -20.49005577996604 4.159259076313833 -0.09561132610825748 0.6371752541300577 0.09866905618803032 0.7583736461633408
3260.098523037 -52.908681199658055 -20.53192549487397 4.158796179892717 -0.09557644337924938 0.6407504787277996 0.1031165195334135 0.7547654939651017
3260.148523037 -52.95215175836851 -20.570598566613537 4.160893198024528 -0.09176231731986295 0.6423415111384592 0.1050740955822644 0.7536156146378729
3260.198523037 -52.995978554318526 -20.608020292849172 4.164217649272155 -0.08419379898761237 0.6382196964798663 0.10482760420130616 0.7580225568112042
3260.248523037 -53.0389172804749 -20.647241840371002 4.171023946056134 -0.08594173310595143 0.6375302539143307 0.10785176024938226 0.7579823161959548
3260.298523037 -53.08214809741763 -20.684275716982356 4.1779047476000235 -0.08312505175792875 0.6331422473527312 0.10644512332443501 0.7621617650524203
3260.348523037 -53.12441586159531 -20.721512857510593 4.185508740187022 -0.08976100938851161 0.6319163360013239 0.10258537912935212 0.7629554020236731
3260.398523037 -53.16785665923887 -20.757251947039116 4.1904979462364995 -0.09069222676192842 0.6332715898134009 0.09680644180414708 0.7624765743059856
3260.448523037 -53.21193949794561 -20.793049565365486 4.191635578881745 -0.09165676588938954 0.633863936874146 0.08733865293186294 0.7630121273617831
3260.498523037 -53.25610271890616 -20.83058884512415 4.188534379530875 -0.09172273669862742 0.630962152784265 0.0839818729235318 0.7657811347549742
3260.548523037 -53.30104086649532 -20.86954430265814 4.1837657727750495 -0.0906707038688081 0.6275332767894692 0.08266004337143285 0.7688615787068823
3260.598523037 -53.346683943294465 -20.910374391334184 4.180605414284129 -0.08956321785987653 0.6283940763813807 0.08338505957187597 0.7682097673263278
3260.648523037 -53.3925772253044 -20.952665042223494 4.183582289032304 -0.0936111077920527 0.6432732450246563 0.082466850209656 0.7554043363324648
3260.698523037 -53.43897424328222 -20.996193904760652 4.187439189191688 -0.10422248154768932 0.6524556413342031 0.07990325958819028 0.746361024932571
3260.748523037 -53.485643593470634 -21.040311213605914 4.189780221948737 -0.1077702960096446 0.653676542858487 0.07800274951788866 0.7449886654723145
3260.798523037 -53.52996073204496 -21.086861419908825 4.193015070725585 -0.10868352193097217 0.646238167072012 0.08638410919294769 0.7504011654835212
3260.848523037 -53.570691364224494 -21.133821684559152 4.203236561299628 -0.11964396307900668 0.6531915327935318 0.09101227422455238 0.7421205491873007
3260.898523037 -53.608443094537336 -21.181454470970706 4.20967525148524 -0.12067649444106138 0.6565527266985889 0.10223775616914432 0.7375114520924834
3260.948523037 -53.6439468407731 -21.230239707788737 4.210491666798224 -0.12448698054983075 0.6450987919214569 0.11588863473431674 0.7449297716392326
3260.998523037 -53.67848624130508 -21.277839301259778 4.210930407293714 -0.12716816372608694 0.6375477691459055 0.1235426591342409 0.7497321598848853
3261.048523037 -53.71171833700571 -21.32532519879184 4.2111206865845565 -0.13003800449593977 0.6335108531079378 0.12872676571104658 0.7517868954502602
3261.098523037 -53.74426607455224 -21.374721933878607 4.210770413186064 -0.13743463878733686 0.6357744314945041 0.13644781446432958 0.747184439243178
3261.148523037 -53.77948661564793 -21.42392990400422 4.207245735767633 -0.14150112926280273 0.6366276897584162 0.136558921423177 0.7456770588062583
3261.198523037 -53.81676134748925 -21.473382496562344 4.202124513399654 -0.14220659690479545 0.6379056377810906 0.13548118968723924 0.7446465794756513
3261.248523037 -53.8560960240082 -21.519268456935457 4.198955887756579 -0.13099932814272972 0.6452164647628158 0.1286151010001558 0.7416151599177617
3261.298523037 -53.89564150140544 -21.56172337696777 4.19751613540469 -0.12011978109306926 0.6512714079799043 0.11356713591558393 0.7406208861340311
3261.348523037 -53.935536964799915 -21.603912141321718 4.196247304039563 -0.10679362871961709 0.6491758771476637 0.10875371684801785 0.7452103263282114
3261.398523037 -53.97533351594123 -21.645234504367433 4.198094419821835 -0.09776733042593944 0.6439598234802496 0.10051676995153122 0.752099510572359
3261.448523037 -54.013557590760065 -21.685811250339444 4.204892699396168 -0.09322898465587351 0.6498676180070517 0.09615319499516967 0.7481543948798915
3261.498523037 -54.05243751842794 -21.722787069483587 4.210410861509019 -0.08884042467700148 0.6462242884566864 0.09298930597882243 0.7522330336574142
3261.548523037 -54.09351801792719 -21.756165681864754 4.2157636576692745 -0.08717654421000627 0.6451009537760292 0.08419844553557075 0.7544240394806171
3261.598523037 -54.13773230755829 -21.785147503132357 4.219751714264597 -0.07598847338767434 0.6456764724605385 0.06764452929451982 0.7568037146312439
3261.648523037 -54.18296510321323 -21.813731897017554 4.222719890085811 -0.0713608693765889 0.653265607160692 0.04563265258840487 0.752375792965547
3261.698523037 -54.228802577334484 -21.84338420176342 4.219383704527575 -0.06027024388072947 0.6524042118872561 0.030785739985825178 0.7548433481377782
3261.748523037 -54.274463204832855 -21.87565078114522 4.21276633942317 -0.053059308573933886 0.6476816047405225 0.02242282231414694 0.7597305217600949
3261.798523037 -54.31967263581396 -21.911158107488017 4.207513879280898 -0.047360831892944405 0.6487975648694021 0.019893716778996647 0.7592252047019115
3261.848523037 -54.36442264375648 -21.94953948598117 4.204704647077738 -0.04886488417828 0.652448215781298 0.018990790315700334 0.7560177899370023
3261.898523037 -54.40958048199586 -21.98766470364971 4.203603282220074 -0.050164921384945285 0.6530574516339787 0.012409687855998719 0.7555431458064409
3261.948523037 -54.453238527914394 -22.027651183806164 4.203916393642645 -0.048228108913158 0.6499378761965193 0.0024250132907845385 0.75845166352666
3261.998523037 -54.495732982435186 -22.073410882700582 4.209656137607711 -0.05288969760089968 0.6568128749986868 0.00390667186921123 0.7521863233524996
3262.048523037 -54.539364051010715 -22.116606780859268 4.214401199689899 -0.051394363818762376 0.6627212606677105 -0.009025058569378797 0.747045981412446
3262.098523037 -54.582106832060376 -22.157409106589423 4.214007187962556 -0.03266028317740718 0.6511667532978518 -0.02489493146088534 0.7578228075809438
3262.148523037 -54.62245150880935 -22.200299266762844 4.21441272230197 -0.020696543123805887 0.646149520517447 -0.03658498968199292 0.7620524842606096
3262.198523037 -54.66120583632695 -22.244415348119162 4.211515364229425 -0.007482102464925061 0.636523591256044 -0.04322326553843908 0.7700087565952783
3262.248523037 -54.699054414603964 -22.29043979715294 4.208885991361658 0.004772501599986281 0.6352484564713243 -0.04098049121117492 0.7712050447963688
3262.298523037 -54.73730955359984 -22.33525498132561 4.206231361626312 0.009708648457832557 0.6400611156387268 -0.05131656697823056 0.7665468807228947
3262.348523037 -54.776130473727 -22.37995428051113 4.203919238396461 0.018645805514835127 0.6498730091945888 -0.0612653099076097 0.75734006077785
3262.398523037 -54.81524894091779 -22.42362739489508 4.200535595902182 0.02579223875273679 0.6533377402910185 -0.0746676861238505 0.7529337913657865
3262.448523037 -54.853465944501515 -22.464752007096127 4.198662334714019 0.04114932305237661 0.656461710255538 -0.08556175083491818 0.7483608374138566
3262.498523037 -54.89140829832355 -22.504246230034454 4.198297398137804 0.05387028735640566 0.6566792270434887 -0.09961130063397555 0.7456191881220013
3262.548523037 -54.929818963180985 -22.541816417307786 4.1992179947453 0.07096973896724804 0.6488119268381155 -0.11199445950365894 0.7493087619826796
3262.598523037 -54.968774711311596 -22.579067780022225 4.204129707479966 0.07946651397303961 0.6457640325678344 -0.1263034799749813 0.7488132733498462
3262.648523037 -55.00750849848386 -22.612786759797046 4.207864098653405 0.09761794271154708 0.6349846776896462 -0.13571065207583913 0.7542200045565562
3262.698523037 -55.04599398275868 -22.644215745898105 4.21317769046057 0.11371740295207239 0.6245214049319873 -0.14815249103318093 0.7583483410994422
3262.748523037 -55.08604766921191 -22.67537561185623 4.221094844433294 0.1231051040948759 0.6278917946179693 -0.16284630354570823 0.7510513358078228
3262.798523037 -55.128029719494464 -22.705239160445874 4.2249859190264605 0.13231859339863208 0.6300057129058 -0.1834213890304643 0.7429274430206476
3262.848523037 -55.17105142518996 -22.734284534630852 4.223595510627 0.14653073328789626 0.6290397835150694 -0.2033877284229972 0.7358472170799855
3262.898523037 -55.21370822345567 -22.764069257179695 4.218246708304564 0.16206908269888598 0.6233917680471261 -0.22579086361734238 0.7308452653408618
3262.948523037 -55.2578206731813 -22.80082097040267 4.210805954115819 0.17248847497047995 0.6181348070831206 -0.23326490461022462 0.7305782439628588
3262.998523037 -55.30352120336447 -22.842370639292668 4.203401151697219 0.1754322790619821 0.6148599824313408 -0.23578557698805722 0.7318304989217512
3263.048523037 -55.349529021822704 -22.885209936556645 4.196525457330356 0.17811650646680952 0.6065503414465669 -0.23967195739558755 0.7368368518561484
3263.098523037 -55.39520665758416 -22.93187005584667 4.193998299164535 0.17885149777143997 0.6008231105329553 -0.23878040956569835 0.7416250047038964
3263.148523037 -55.44054079348616 -22.981238904662685 4.196720539147122 0.17391149967450956 0.5988971365549562 -0.23473256822647104 0.7456390759080713
3263.198523037 -55.484259738450845 -23.029927179566187 4.204358414445307 0.17830222837117848 0.6085869368838709 -0.23011581723266122 0.7381578193526938
3263.248523037 -55.52645626247134 -23.07937925312448 4.207053042643434 0.1817925826772875 0.5994455690289275 -0.22245137898676245 0.7470822248199958
3263.298523037 -55.56721527741573 -23.130811492804597 4.211965126483493 0.18250310720995117 0.596678160066135 -0.21165720612843714 0.752242657825724
3263.348523037 -55.607679841628695 -23.182310766511126 4.218602143658685 0.18104206622954847 0.6057181228070092 -0.20508895410769667 0.7471732375169093
3263.398523037 -55.64921482547088 -23.23453078555187 4.221311174479651 0.1762283250671628 0.614198244129164 -0.20062532078389345 0.7425992021360072
3263.448523037 -55.692234849939986 -23.286642433455345 4.218922713869953 0.17204936709647084 0.6200901223199542 -0.19918113362855508 0.7390630091469684
3263.498523037 -55.73580810301331 -23.33775859486656 4.212494047401669 0.16873486965590376 0.6189796934254084 -0.20454265970273858 0.7392935704109176
3263.548523037 -55.7791267825497 -23.389898976504625 4.206160962059424 0.16636402142236778 0.6201870149428246 -0.20654908261556493 0.7382604928771113
3263.598523037 -55.82006332336019 -23.44150133843817 4.201470399552317 0.16502949458557825 0.6217642238403011 -0.21110347651387554 0.7359414637543208
3263.648523037 -55.86048680426695 -23.495157959699082 4.199684227061788 0.1678999905024744 0.6253549020310257 -0.20584937594949196 0.7337348799915677
3263.698523037 -55.901713618991536 -23.549416524051885 4.199321718020622 0.1643485900723384 0.6180562738238482 -0.20157240793366665 0.7418655859979207
3263.748523037 -55.94322808229844 -23.602969249919518 4.2069919158261255 0.15572835841773905 0.6233263059610438 -0.19624880002719336 0.7407424675076772
3263.798523037 -55.98406527316609 -23.65297443956257 4.216188486274966 0.14840819722345597 0.6304334904754394 -0.19307080716934616 0.7370565002106794
3263.848523037 -56.024425499021184 -23.69992549396458 4.22126873502171 0.14023832619751914 0.6258846332748068 -0.1906430579772757 0.7431398671453792
3263.898523037 -56.06436717822263 -23.74541724795567 4.226848236274829 0.13009649406332988 0.6275172448216005 -0.1919246049625403 0.7432778455556914
3263.948523037 -56.10552375770228 -23.791333619368064 4.232720889885258 0.11767801183930443 0.6441643931839419 -0.19217902126293762 0.7309386731251343
3263.998523037 -56.14803733977937 -23.83709535777239 4.23296091137159 0.10879111004421904 0.6521469088441254 -0.1917407485147542 0.7253305377684028
3264.048523037 -56.191671463617226 -23.882787758406046 4.230743094135215 0.102612787499747 0.6591097542650588 -0.19173253317784 0.7199191505963668
3264.098523037 -56.23629132054688 -23.929654416131168 4.229066937114602 0.09547442560461761 0.6679997475217055 -0.19059133656177263 0.7129767975144796
3264.148523037 -56.281136720152574 -23.97783702551062 4.230091402895713 0.08599824989302297 0.6832021503751182 -0.18759167998831308 0.7004630499443308
3264.198523037 -56.32525633012249 -24.026461865911024 4.2308331088159745 0.07416842432655976 0.6933803243608736 -0.18748341710832983 0.6917895192408664
3264.248523037 -56.36857596873669 -24.077238775121906 4.2300150778137695 0.07101662502500293 0.6911527284548258 -0.1810993798533716 0.6960370389111721
3264.298523037 -56.410875695327796 -24.132079014004947 4.233708307269868 0.06456387994900598 0.6912884298979717 -0.1622769591373034 0.7011547622517283
3264.348523037 -56.4510037222577 -24.185730700528595 4.240229251224008 0.05249141463135765 0.6986061905097263 -0.14951850269673672 0.6977379589235583
3264.398523037 -56.48933510695307 -24.237321725170442 4.244310198749921 0.051537627707106015 0.6963041306976474 -0.14209150802084652 0.7016512195187002
3264.448523037 -56.52641984206206 -24.289959273714103 4.245653361021013 0.04701103707842209 0.692017059612479 -0.13531762792722704 0.7075249049823326
3264.498523037 -56.56237243210546 -24.34427066292876 4.243470629972062 0.04151573246463206 0.6873901705842668 -0.1266879222221985 0.713947734575214
3264.548523037 -56.59777264387289 -24.400793300878604 4.237873870578458 0.03348759956861983 0.6833564395545345 -0.11463065531674013 0.7202516019115379
3264.598523037 -56.63361991729386 -24.457647857149933 4.229486708368841 0.025605286530890503 0.681091313768237 -0.10459265891448069 0.7242370933004794
3264.648523037 -56.67093916899296 -24.513798490733695 4.218261729663154 0.021220490591060074 0.6750208509151066 -0.09854050258768501 0.7308805038846548
3264.698523037 -56.707878549022794 -24.56960323705301 4.208213459086551 0.02012975669331079 0.6732378030374933 -0.09246161506217726 0.733346100553355
3264.748523037 -56.74357879545531 -24.623713132462463 4.19831197549834 0.014662959342320106 0.665967512290158 -0.09119449512092492 0.740240389506695
3264.798523037 -56.77891661136604 -24.67682907112634 4.191046290706228 0.012700459231365625 0.6589631102020043 -0.08402402358592875 0.7473595394377762
3264.848523037 -56.81438311354906 -24.72740059596424 4.185864335865314 0.015904410335826267 0.6457677090672475 -0.08256270310701695 0.7588903186321269
3264.898523037 -56.84925762308975 -24.777380237703355 4.187839248404214 0.01435853250014911 0.647726513115071 -0.08465077588974879 0.7570194468397081
3264.948523037 -56.88296137360007 -24.825311129659436 4.189005696148811 0.015005368935964446 0.6414130817189879 -0.08413290114377718 0.7624209811173732
3264.998523037 -56.915296298607196 -24.87381936817174 4.190419411773636 0.011457001596001054 0.6357695125954884 -0.08008093322776148 0.7676281053361028
3265.048523037 -56.947988536085255 -24.922990880569092 4.192889742970201 0.008888086094208476 0.6393460555726428 -0.06627203331300767 0.7660062928918042
3265.098523037 -56.98195585430493 -24.970558782226767 4.192968600862475 0.0051895939397423934 0.6456330081261197 -0.06186648313693198 0.7611199808157885
3265.148523037 -57.01816950622111 -25.017526651955183 4.1871914117209466 0.00145094386117927 0.6452072398588216 -0.06216352094139915 0.7614730520903816
3265.198523037 -57.05568653483318 -25.06556785400406 4.177343249452756 0.0008611234343282245 0.63857079365807 -0.0607483584825903 0.7671611544486623
3265.248523037 -57.09368794358277 -25.116397636933527 4.168086004031359 -0.0021441455624313377 0.6317597753800901 -0.05390096047008647 0.7732849897107195
3265.298523037 -57.13142715521841 -25.16993548652443 4.164951831362647 -0.012697684627305382 0.6391057965411898 -0.04591758531537371 0.7676419249828415
3265.348523037 -57.16908196424227 -25.22298201537302 4.16332216724922 -0.020549344421795845 0.6448112916786648 -0.03942546087112947 0.7630476758385583
3265.398523037 -57.20747635033337 -25.276119282465384 4.161889541305282 -0.02619507216156425 0.6443924726226454 -0.035098534759461786 0.7634397502615793
3265.448523037 -57.247932292470665 -25.33015858412475 4.161659084656678 -0.0318016554122721 0.6369711574381506 -0.02866489600518085 0.7696978128083476
3265.498523037 -57.28824567205818 -25.382421343403042 4.167553094024026 -0.03594840983471672 0.6444325733572364 -0.030222012350962328 0.7632175313735813
3265.548523037 -57.32646329741406 -25.432999030073795 4.171636821303096 -0.032148301878297175 0.6447985906148083 -0.033270084956538874 0.7629510899621832
3265.598523037 -57.361491483646375 -25.48574602357573 4.1749642046949464 -0.030208762420075523 0.6410477004195398 -0.028219811370645775 0.7663869249315731
3265.648523037 -57.394002810083805 -25.539752990797925 4.179272218220988 -0.03139142501203642 0.6453217601899883 -0.02018725655080333 0.762998610047201
3265.698523037 -57.424689000570304 -25.5953717002236 4.180633190153096 -0.037631100201332375 0.6482284660077254 -0.013943142294593036 0.760387628080482
3265.748523037 -57.454525151933794 -25.653814936110503 4.179258816807725 -0.04531526713525822 0.651159231230475 -0.0016499379224884643 0.7575852822307524
3265.798523037 -57.484919046270974 -25.711629034370276 4.175782072442481 -0.0502667050255164 0.6529576958506293 0.004939554559932945 0.7557083475760104
3265.848523037 -57.51529566189055 -25.76888629684864 4.171940181997793 -0.05807337326828804 0.6535922760338456 0.006962436134487436 0.7545834244861284
3265.898523037 -57.54445474540563 -25.82432268635879 4.168491749082193 -0.06127835391546618 0.6552264454095003 0.008024866547493958 0.7529003055480434
3265.948523037 -57.57213892453627 -25.878561718717382 4.165861821368802 -0.06249029148805933 0.6518441124695157 0.014304585787443033 0.7556385348392554
3265.998523037 -57.60098396627045 -25.930784103117325 4.166782245422676 -0.0654625109736199 0.6499191139891747 0.020709488789258934 0.756895581967977
3266.048523037 -57.6320737893072 -25.97918539859768 4.172198507442263 -0.06294384852537332 0.653114466696452 0.015978643653049573 0.7544695144746624
3266.098523037 -57.66501206873469 -26.02590392952829 4.1768579122762475 -0.06437401406257375 0.65228516452896 0.00664022378187795 0.7552059042916875
3266.148523037 -57.69848960349262 -26.07102781088168 4.177014235136429 -0.05044963215599598 0.6390394383130801 0.005986509507261982 0.7674943599791123
3266.198523037 -57.7310852941283 -26.116694883594107 4.178851071063906 -0.04231489986368948 0.6349789400148816 0.006625887661515116 0.7713412296771126
3266.248523037 -57.763454955770385 -26.162785329597845 4.18071662176069 -0.04097010929721861 0.63366459839372 0.005665825869800911 0.7725014726872129
3266.298523037 -57.79612697769484 -26.20992966070158 4.1820645181981435 -0.04444998314165916 0.6410421945137473 0.002932469486001177 0.7662117882638058
3266.348523037 -57.83013690342646 -26.257806255451733 4.1775488821240145 -0.042753386185965234 0.643831683953543 0.001194083383381006 0.7639708665073903
3266.398523037 -57.865221222931545 -26.308247220088894 4.167918985424788 -0.04319727360500487 0.6369091283279743 0.003970922705970658 0.7697174738684691
3266.448523037 -57.90035103466923 -26.36120033547334 4.160765280919141 -0.04473909432149496 0.6380871392556436 0.008254573359383233 0.7686189421127325
3266.498523037 -57.9349916578706 -26.416225213108113 4.156562608297614 -0.05521860288850046 0.6431326245027436 0.01118161799689854 0.7636794514809382
3266.548523037 -57.970064502736605 -26.47103533050229 4.152110241825868 -0.06325829177080144 0.642342690117056 0.012292168473745202 0.7637035809590245
3266.598523037 -58.004638591300534 -26.526069155345507 4.147649634023408 -0.061986737018046245 0.6322970188886298 0.01751522408066813 0.7720436135762093
3266.648523037 -58.037316783768006 -26.582249404835533 4.150405860665513 -0.06805383158974389 0.6304673959403044 0.02547949549387201 0.7728067895480628
3266.698523037 -58.0687382669274 -26.636838199189825 4.156308443792145 -0.06906021378524295 0.6367460719050314 0.029878565119354328 0.7673932486879578
3266.748523037 -58.09835012976302 -26.69250530288017 4.159915027964115 -0.06676209352688858 0.6370849341375227 0.04072347119327346 0.7668162807719108
3266.798523037 -58.126654550243316 -26.747908979190676 4.1619204183673 -0.06276305177609999 0.637287461493711 0.05159331469901195 0.7663312734275047
3266.848523037 -58.153584161202765 -26.80268970026027 4.162670970099276 -0.06591375484506488 0.6348353224937314 0.05575159672140423 0.7678093837011363
3266.898523037 -58.1785132389184 -26.859034772569373 4.164131461911989 -0.07220723977000654 0.6418775270241951 0.06106179060365541 0.7609538833295852
3266.948523037 -58.20370579428216 -26.916660856606654 4.161485323845682 -0.08071396132392653 0.6448050568302319 0.06279537689486703 0.7574750397037469
3266.998523037 -58.229977230348986 -26.974980440282213 4.155919575630795 -0.08372369884505534 0.6443933200635438 0.06574874342062931 0.7572481060047587
3267.048523037 -58.256352059786316 -27.03224585918403 4.151503007961324 -0.08778297950086625 0.6462923253146481 0.06354911200430641 0.7553554720214847
3267.098523037 -58.28131168222423 -27.0873649895298 4.148428344585014 -0.08784809974335754 0.6466942036704243 0.06292443717452995 0.755056179046848
3267.148523037 -58.30646223315819 -27.141283992564837 4.148504014884824 -0.08828080876628565 0.648138721538638 0.06477695230308324 0.7536090782999861
3267.198523037 -58.33416511840283 -27.193898595583857 4.149748393462006 -0.08589120288737527 0.6474767867429108 0.05904631168804385 0.7549238670036028
3267.248523037 -58.36266670311579 -27.24763443019843 4.149379372131097 -0.07860083988056747 0.6410431352177846 0.05856798995517776 0.7612196774340723
3267.298523037 -58.390469266858595 -27.30040851777712 4.149185276506894 -0.06790446753241695 0.6273419808305204 0.06600381669847727 0.7729647589366619
3267.348523037 -58.4184645477837 -27.352471260095705 4.156269287800199 -0.07219563127071617 0.6356991439843771 0.06459208931696518 0.7658343496870731
3267.398523037 -58.44910959349629 -27.403225580578084 4.1594663541663754 -0.0712373956989487 0.6406328761866319 0.06103071545246209 0.762095796586122
3267.448523037 -58.48137562347695 -27.454407430559396 4.15807619054221 -0.06991520706308937 0.6400265763368962 0.056106111851161045 0.7631054642818003
3267.498523037 -58.51405226822992 -27.50637722840097 4.154826045585892 -0.06846883415197597 0.6411889948357198 0.051185495953108895 0.7626065411832389
3267.548523037 -58.54643075523954 -27.55986814038112 4.149756015716812 -0.06841444822818919 0.6381017872178805 0.04813698462829613 0.7653942795277965
3267.598523037 -58.577539422541136 -27.616189871265767 4.147592572605013 -0.07385599912105915 0.6447833218667646 0.04634765825278624 0.7593758317268026
3267.648523037 -58.607715076665 -27.67502486347088 4.145113236847461 -0.0810256043263678 0.6490777323393679 0.04955836327124391 0.7547694465561031
3267.698523037 -58.636901163769245 -27.735149300892946 4.141757495701367 -0.09055141325009097 0.6459764504443755 0.05209288821361213 0.7561753751791055
3267.748523037 -58.66415814929434 -27.79682986279553 4.139269504043362 -0.09458098143014176 0.6389938568024418 0.06068626218931367 0.7609589124926139
3267.798523037 -58.68918637975623 -27.860644249564945 4.140256318198499 -0.10756746422530936 0.6336061921485717 0.07368519742100732 0.7625896180726245
3267.848523037 -58.71304013529643 -27.923506147487828 4.1418057750501776 -0.11636399685023106 0.6277354770469842 0.08607702122935712 0.7648518402343787
3267.898523037 -58.73463151674784 -27.98545399804542 4.142972003191639 -0.11436021561072654 0.617753536824802 0.10223651206675938 0.7712651972093253
3267.948523037 -58.753228436553435 -28.04903944920072 4.145669112585809 -0.11927193186568906 0.6153728983989253 0.12329110596945803 0.769343684821004
3267.998523037 -58.76915754357347 -28.11382166627022 4.146832217320242 -0.13000555732119373 0.6128169758992519 0.14255095991720584 0.7663113811904303
3268.048523037 -58.78297250017492 -28.18018878945833 4.147392562378801 -0.15397884913323276 0.6159250100802145 0.15976686384768415 0.7559110034875589
3268.098523037 -58.7954021528571 -28.248384352621123 4.142727845390407 -0.18088074711563418 0.611932313384261 0.179667014946047 0.748692702581943
3268.148523037 -58.80721289416815 -28.317168159349475 4.1341219350854645 -0.20118190776223438 0.6015784235927819 0.205031472023246 0.7453799941887039
3268.198523037 -58.81906254480894 -28.383935999383123 4.125563954638634 -0.21650267271566123 0.5912510862078719 0.22476721521729975 0.7436588228001112
3268.248523037 -58.830823207546295 -28.448186326498956 4.121478130945811 -0.2305866163520393 0.5895958609013741 0.2367544472280992 0.7369897318721628
3268.298523037 -58.84289448402379 -28.513322653530835 4.119043182698154 -0.24615472747970096 0.5809376799457319 0.2559272021029495 0.7324073520810812
3268.348523037 -58.85681536394879 -28.57818263829137 4.119804048400438 -0.2595095689864697 0.5722781635072328 0.2688246814632144 0.7299902587113385
3268.398523037 -58.87322849223696 -28.639484494207696 4.122653807926685 -0.26132259963285015 0.5706630358979267 0.26909258837332006 0.7305089850668764
3268.448523037 -58.889468911837724 -28.698847583013638 4.125653213794752 -0.25826907161969986 0.5707289572173069 0.2745538603550686 0.7295106043111872
3268.498523037 -58.90614863030306 -28.757443986874645 4.12545304058431 -0.2605762496082673 0.5624424452232683 0.28367536389141806 0.7316329693722341
3268.548523037 -58.92511710666561 -28.8143389271398 4.1247656816762 -0.25626444824945 0.5607764583407965 0.28577982851123584 0.7336131037203784
3268.598523037 -58.944579905201515 -28.87117285291638 4.124337604093156 -0.2592249007960333 0.5670872987855278 0.2824435984224567 0.7289993553313984
3268.648523037 -58.96436697350124 -28.928387104483047 4.118498664081795 -0.2581345545910168 0.5646796043330421 0.2792967023395464 0.7324594516003131
3268.698523037 -58.98303968280446 -28.986805102617083 4.111519584946224 -0.2568917583941973 0.5631069434694179 0.2804983679791623 0.733646958861477
3268.748523037 -59.00068049345896 -29.047293573461832 4.1069635125910215 -0.2613402941524678 0.5703883269985749 0.2833173147048729 0.7253204162744135
3268.798523037 -59.01867799745311 -29.10844816887182 4.101393341143207 -0.26884080159596 0.5701358540069411 0.28799292561850653 0.7209228850346694
3268.848523037 -59.03650283485952 -29.167712369649067 4.096050571652721 -0.2718481263990218 0.5646178541939996 0.2831111056245069 0.7260532878313921
3268.898523037 -59.05208543981988 -29.227517312785775 4.095641628759195 -0.2681225923418599 0.5680166850485782 0.2877669212387855 0.7229505654075222
3268.948523037 -59.06512889855664 -29.28801197769401 4.099764863872061 -0.27553425396895337 0.5769221610550579 0.29311175663522104 0.7108636951593105
3268.998523037 -59.07762802964818 -29.347165159015198 4.099663398605594 -0.27017775103415337 0.5712350513136828 0.30096637329955545 0.7142224731410333
3269.048523037 -59.088590639870034 -29.404852926585118 4.1006817059331775 -0.2622715253694581 0.5638536389947274 0.3061752936089045 0.7207908228857264
3269.098523037 -59.0985430865434 -29.461502208870684 4.104841508541343 -0.2678973310140091 0.5691994511414921 0.2955193066223007 0.7189654680645443
3269.148523037 -59.10855936002002 -29.51695701274785 4.107044324317972 -0.26412000999070084 0.5841035281040372 0.2816458993434383 0.713960276319316
3269.198523037 -59.118259238286136 -29.572758599414904 4.105076297936619 -0.2549635502698201 0.5997441143089799 0.2707720672368414 0.7085076379191926
3269.248523037 -59.12860505259741 -29.630772997561074 4.097203222366602 -0.24690018929855703 0.6007021910639149 0.26435251437359747 0.7129620763544902
3269.298523037 -59.13864109862314 -29.690771379385495 4.0882117350912575 -0.2385636706554058 0.6004022051920398 0.26381199836646474 0.7162456258587884
3269.348523037 -59.147716161645576 -29.75097186641289 4.081479610786746 -0.23207223813739375 0.6021243460194704 0.26617963150010643 0.7160566681422593
3269.398523037 -59.157086095071136 -29.810457371979066 4.079227740109759 -0.23788376405004644 0.6041296839527048 0.2636035535036806 0.7134085830355695
3269.448523037 -59.169491375569514 -29.868715740862473 4.078774607334843 -0.2343644614159329 0.6040185281090377 0.26479043302976435 0.7142275152233506
3269.498523037 -59.18612275702549 -29.92604221619294 4.081344844156678 -0.23264962547424717 0.6025286883169615 0.2570309579869739 0.7188660641301917
3269.548523037 -59.20507684522929 -29.98116690540822 4.085360780968643 -0.22420041726776083 0.6073671871913561 0.24394961291683648 0.7220303727530774
3269.598523037 -59.22340919061609 -30.035069164552436 4.086469077804677 -0.20677269715007757 0.6002997294318451 0.24092016097091412 0.7340591002058927
3269.648523037 -59.240328698799836 -30.091022009355097 4.089345138934987 -0.199959668146534 0.6002180366554722 0.24423318679423467 0.7349180839090236
3269.698523037 -59.25889378301804 -30.147625147028954 4.090206792992399 -0.19510910944139934 0.5998344477679269 0.24200182726991418 0.7372694122788175
3269.748523037 -59.27847530917846 -30.204712780879625 4.088259680956649 -0.19275813215630372 0.6029539388702028 0.23277574821353517 0.7383131457126778
3269.798523037 -59.29855375738589 -30.261593606768017 4.0813052858772885 -0.17948892483204612 0.6029241123361445 0.22416721380884133 0.7443220411082085
3269.848523037 -59.3181847070124 -30.319537278875487 4.071474120203868 -0.16814290805937498 0.5959662770852516 0.21562531021806566 0.7550217775931002
3269.898523037 -59.3354900153163 -30.37995200956144 4.065232240247709 -0.16585647304918594 0.6026240517311006 0.20460022569366737 0.7533091199958866
3269.948523037 -59.34954825599345 -30.44367841136149 4.0581470199463885 -0.16959532620380868 0.6035652711702727 0.20467773230534286 0.7517003489857654
3269.998523037 -59.361139262685754 -30.508776570277256 4.049910254736393 -0.17016951803752714 0.5948133603527236 0.21448036548312108 0.7558026027336792
3270.048523037 -59.3725178424248 -30.572787558735858 4.048035243994306 -0.17035465627357488 0.5892318619047396 0.2239276435244666 0.7573912558696234
3270.098523037 -59.38422772181357 -30.634549085573582 4.0535606284766805 -0.18162712699176342 0.599062403575692 0.2155543083055957 0.7494479058171616
3270.148523037 -59.394939981881855 -30.695394150011985 4.054972976455498 -0.17598136314858165 0.6007381893486048 0.2185597013565922 0.7485825569871664
3270.198523037 -59.404120693201165 -30.75617973882727 4.054658330908379 -0.17171801328618397 0.5937461105632443 0.22449332637282987 0.7533798686705981
3270.248523037 -59.412014503007775 -30.8158777516346 4.057370195880058 -0.1695671495540271 0.5988047554966806 0.2268894207949273 0.7491335243586589
3270.298523037 -59.41848961888087 -30.87626233931868 4.0594308045416865 -0.17633445885782326 0.6063470154378864 0.22827455219554785 0.7410399343549633
3270.348523037 -59.425639111617215 -30.93714963242362 4.056854612417524 -0.1799179701546538 0.6103041784470208 0.22873040459800417 0.7367772633557373
3270.398523037 -59.43315887290323 -30.99905593883775 4.051706109482105 -0.18445883451891662 0.6108872291016467 0.2268827558083416 0.73574176638631
3270.448523037 -59.441057927292874 -31.060917579565313 4.047852648621165 -0.1904523773154309 0.6142009535738798 0.22078315586038944 0.7333074925924081
3270.498523037 -59.45013451696677 -31.121175177156154 4.045134541460772 -0.19571157956867413 0.6155985749729428 0.21063632099332957 0.7337354512304907
3270.548523037 -59.460204567769644 -31.179815070089678 4.042853130375727 -0.1922471394660472 0.6175090601923684 0.2022927914578071 0.7353918849645191
3270.598523037 -59.469736042157095 -31.238246148524965 4.039587258574667 -0.1807166770824367 0.6089497568269241 0.20200607777435828 0.7454630915256183
3270.648523037 -59.47678266485722 -31.297530053355693 4.043888056809455 -0.18113342819754485 0.6116517802801748 0.20070922609930214 0.7434975369348018
3270.698523037 -59.485766454881734 -31.35490215513596 4.049545633371534 -0.18280633815553998 0.6163201280627449 0.1971654211623332 0.7401737222927899
3270.748523037 -59.499898532076905 -31.41013929173033 4.049591219180084 -0.17101202979418997 0.6143973384591026 0.19461011871478073 0.7452500908110383
3270.798523037 -59.5179413622701 -31.463943172717972 4.048053120708905 -0.15780617788514392 0.6101066698394428 0.1863207513853674 0.7537583427345264
3270.848523037 -59.53684690761518 -31.51783676450777 4.048187596068522 -0.15267306559116636 0.6141559575797881 0.17217274432322235 0.7548906814396764
3270.898523037 -59.555634179836254 -31.573391194929805 4.04533443757026 -0.14786956507105786 0.6163742125184347 0.16255198776083185 0.7561707962775198
3270.948523037 -59.57448284032149 -31.63100952025876 4.041003301221847 -0.14509587125428042 0.6199734858720662 0.15611780171910716 0.7551207168042695
3270.998523037 -59.59266721581809 -31.690521886044525 4.039205051240049 -0.14895037059317406 0.6323258934478722 0.14903588348603844 0.7454971877941877
3271.048523037 -59.61095729866302 -31.75052589287297 4.036268981872437 -0.15495874811675237 0.6408595459881022 0.1411351678841965 0.7384901442025561
3271.098523037 -59.62902608504498 -31.810076295759895 4.031111792508067 -0.15250260326864426 0.6409918032572882 0.13756756842346016 0.7395590769311895
3271.148523037 -59.645314303473235 -31.87027978007874 4.029473773984921 -0.15102750477952842 0.638249085494703 0.13948104142636247 0.7418718465798945
3271.198523037 -59.65977516787601 -31.92880154552345 4.036936210782345 -0.1533582977593184 0.6565229131896176 0.13489123311276072 0.7261289501147168
3271.248523037 -59.67274578290184 -31.985614398037292 4.039942175102604 -0.14463392844977627 0.6586731201741866 0.13983722148961822 0.7250353777487345
3271.298523037 -59.68358805349264 -32.04161370439204 4.0417035155944365 -0.13934538602801727 0.651959414056859 0.14825839095238882 0.7304459154020567
3271.348523037 -59.693659241812405 -32.09625782391379 4.044469732859776 -0.13441604287115008 0.6531307202111182 0.1502179241516253 0.7299227116612715
3271.398523037 -59.70280808329699 -32.151795351314625 4.044277389766685 -0.13611168835443607 0.6512543639279607 0.14938878062535044 0.7314535897658603
3271.448523037 -59.711753182940534 -32.20804038377274 4.042165517987265 -0.13771280802675975 0.6546125835855702 0.1456215299932758 0.7289114609602646
3271.498523037 -59.72197448166101 -32.26469634084096 4.035660901676116 -0.1362379846894781 0.6543746376152229 0.1372878971498011 0.7310164693561159
3271.548523037 -59.732534730718235 -32.32220763012967 4.027280909262217 -0.13208687859766158 0.6529536574952493 0.12890776440096618 0.7345661072654037
3271.598523037 -59.742757321018026 -32.379543771959916 4.019103986881679 -0.13119400982948431 0.6481472324879131 0.12036046052110105 0.740409789472201
3271.648523037 -59.752496096965956 -32.43607103717727 4.014484242697288 -0.1265237629064056 0.6464680801214873 0.11608470773615767 0.7433674054152852
3271.698523037 -59.76388807899376 -32.49145088607214 4.014934866255631 -0.12385427132322735 0.6477718904693449 0.10927032376620896 0.743714793275481
3271.748523037 -59.777003546428816 -32.54543103162411 4.020082932668866 -0.1224912695255016 0.6499413506603977 0.0996121497513957 0.7434040282468709
3271.798523037 -59.792796553686486 -32.597290494201246 4.02686611264113 -0.11526328783556106 0.6539407309982503 0.09077260250366702 0.7421834203574762
3271.848523037 -59.81162564646152 -32.644872333624626 4.031695211060802 -0.09717398754725781 0.6508897943067152 0.07973163223173069 0.7486939018271697
3271.898523037 -59.83160606034668 -32.69212876444604 4.03616136827073 -0.08270001617563845 0.6487180181293098 0.06763398268651022 0.7534927236973763
3271.948523037 -59.85299837175524 -32.74019097447703 4.038868684597544 -0.06921517505641984 0.6461778229396236 0.0555661079214506 0.7580078418679976
3271.998523037 -59.87550724685097 -32.78886082629387 4.038950550971861 -0.05752633828738281 0.645072523684659 0.039496963116831756 0.7609284785674003
3272.048523037 -59.898230349271586 -32.83748352978678 4.03801277889048 -0.045316220515226824 0.6480526590476385 0.022408376253040097 0.7599158216100009
3272.098523037 -59.92092343816962 -32.886387459109706 4.035784598052426 -0.03538747191653176 0.651814336652003 0.0033703767077495894 0.7575450071956874
3272.148523037 -59.94248364826124 -32.937583886715224 4.0333192676813825 -0.03261867538760629 0.6571829824874548 -0.01692746648484261 0.7528346501212975
3272.198523037 -59.96260157579866 -32.99216244831039 4.030734930400257 -0.03314132971919325 0.6650496247911987 -0.029615025627855333 0.7454754181638663
3272.248523037 -59.981177497696656 -33.0477289787296 4.026058971645067 -0.027254918929476697 0.6639899730835073 -0.03771546607953591 0.7462921871875079
3272.298523037 -59.99775742316297 -33.105252181655516 4.021871436619864 -0.0197935158637614 0.6588576993125884 -0.04000651830281015 0.7509422263260741
3272.348523037 -60.01386813678109 -33.16351084428176 4.020650097188254 -0.015602449547869098 0.6536766849562482 -0.03808663015365615 0.7556538650177438
3272.398523037 -60.02898311697064 -33.21871693987574 4.021840547360394 -0.005616225824260315 0.6524045499524 -0.04163056901974038 0.7567057928494998
3272.448523037 -60.042717963769796 -33.27266260409464 4.022863936144374 0.00952176256092991 0.6522609119621484 -0.04809351179196453 0.756407332650574
3272.498523037 -60.054897971062154 -33.327952489121635 4.01980586762744 0.021759029165206594 0.6437942051665559 -0.04780890599670766 0.7633936563472009
3272.548523037 -60.065390292912554 -33.38363026756436 4.015639716004296 0.02866450909183056 0.6358356978171231 -0.05025299540595046 0.7696531346994347
3272.598523037 -60.075281920524226 -33.43997790080875 4.013496955745549 0.03141322080112307 0.6428298291591641 -0.05500685960907385 0.7633853978810751
3272.648523037 -60.08629314561774 -33.496239103230714 4.00825102068382 0.035920987185676705 0.6489932255771648 -0.06724924423474214 0.7569643419504051
3272.698523037 -60.098318756752406 -33.55478400182142 3.998752545600118 0.039941259254103786 0.6486338714523642 -0.07591118470488178 0.7562514718336857
3272.748523037 -60.110657785145065 -33.613975768801524 3.9881909717627755 0.04364878573309309 0.6453770611946741 -0.0840802399526268 0.7579668499593244
3272.798523037 -60.12327987669853 -33.672368375274594 3.9791802053384835 0.04537864982564366 0.6386477290784823 -0.09093670383344626 0.7627583969900347
3272.848523037 -60.13639951509971 -33.730473565080594 3.9739820923348623 0.04719338263803464 0.6329970454862958 -0.0953008403689698 0.7668150199792443
3272.898523037 -60.14881386744021 -33.78803727322225 3.972721168217586 0.04881859722909458 0.6265100566051036 -0.10312654218306158 0.7710167377136624
3272.948523037 -60.160714385494316 -33.848353128275846 3.9784488851509687 0.049713748795724044 0.6389880731348998 -0.09487250348111309 0.7617230426180174
3272.998523037 -60.17327884144226 -33.906221455497956 3.9805571187999638 0.04633199269159531 0.6306382025102162 -0.09066120794652104 0.7693694491995293
3273.048523037 -60.18610562842548 -33.96426903792646 3.985127535841801 0.04362067389424443 0.633626382953436 -0.08246257592419898 0.7679939890430807
3273.098523037 -60.199129696248185 -34.02155375870342 3.988578737831459 0.04079335735668042 0.6400352674512685 -0.0806731886914484 0.763008908886723
3273.148523037 -60.21269899259596 -34.07993534209098 3.9887936839141007 0.03721787791331826 0.6479122393892436 -0.07817899338502941 0.7567777775586095
3273.198523037 -60.22675467410775 -34.1406750900723 3.9852992373266827 0.028338629560935302 0.6526079940350804 -0.07274409679569714 0.7536630709922669
3273.248523037 -60.240654322312416 -34.2034261670287 3.9801949468194273 0.01623301855981009 0.6575096495752322 -0.06892629537600231 0.7501111355190193
3273.298523037 -60.25431388569387 -34.26980436500851 3.9749033047204123 -0.0006883904616164019 0.664594693056088 -0.06346278988436566 0.7445037907091875
3273.348523037 -60.268192363544586 -34.33928723658957 3.9691263721401904 -0.01949286810740639 0.6682851918684205 -0.051212073790289026 0.7418842591135316
3273.398523037 -60.28136003265439 -34.409778637368596 3.9623884179695037 -0.03358695739031933 0.6622793765162736 -0.03836914304003014 0.7475197339180089
3273.448523037 -60.293140304112406 -34.480560491447974 3.957495088228452 -0.03765029200725886 0.6498124445193179 -0.018569067359802904 0.75893440572752
3273.498523037 -60.30291065969579 -34.54963438067417 3.9582495076616526 -0.04520603536596295 0.6463469189939963 -0.0046923543231015 0.7616889499555355
3273.548523037 -60.310934696953254 -34.615650121600254 3.958878803041598 -0.04386920111668013 0.6408485782657668 0.007518948754447474 0.7663759249466008
3273.598523037 -60.317143888632096 -34.68128198898911 3.9577901912943547 -0.03822799745972945 0.6285875694085056 0.024543795588531703 0.7764109027399311
3273.648523037 -60.32204808453061 -34.74610552784323 3.956681133888894 -0.037152949651255304 0.6192656787023517 0.03684074736194276 0.7834363004401447
3273.698523037 -60.32541474377221 -34.810999746150365 3.957107325636265 -0.04162527293693643 0.6218962919582132 0.043560669699311154 0.780778333944339
3273.748523037 -60.32844294724835 -34.87671397249789 3.955787668695711 -0.05073580248432223 0.6299362560731234 0.04615220737600483 0.7736124128949653
3273.798523037 -60.3322142269151 -34.94251700351599 3.950151920339175 -0.0569826545175838 0.6325523691376314 0.04736723545571113 0.7709648645611437
3273.848523037 -60.33671142656697 -35.00750087855978 3.943379637062814 -0.06247873703921939 0.6350532913007183 0.0460001788071091 0.768562104306362
3273.898523037 -60.340964898276596 -35.07040503917383 3.9381866787623037 -0.07095766750323819 0.6423140899128195 0.038845184782433206 0.7621605283279798
3273.948523037 -60.345074619113305 -35.13035537042208 3.9346117050739946 -0.07491715501268842 0.6486262717883176 0.02796898436900363 0.7568943885009051
3273.998523037 -60.349709730080676 -35.187822715331215 3.935993964494201 -0.0754452618245146 0.6592270034601738 0.012487058574207118 0.7480453487224654
3274.048523037 -60.35496562627828 -35.24481875324422 3.9399620966534514 -0.07661388069227579 0.6667287322528698 -0.006951572717456278 0.7413196250676929
3274.098523037 -60.36087103422 -35.30176658529387 3.9449128682902534 -0.06615218654776504 0.6697499157845963 -0.012436028574746068 0.7395297720273093
3274.148523037 -60.366986792542136 -35.35981857592245 3.9514200988349812 -0.06404506313004134 0.6679571931245049 -0.011625893804217744 0.7413475950154254
3274.198523037 -60.37382503646734 -35.41826766481242 3.9622428999846084 -0.07267501472241897 0.684178566854203 -0.011256678014968434 0.7255972147772431
3274.248523037 -60.381274638080605 -35.4747955836 3.9719873747771954 -0.08383041390102845 0.7033267245446966 -0.027746328078138253 0.7053609866760362
3274.298523037 -60.389944785124236 -35.53224513779988 3.9757647189013405 -0.09069399992416097 0.7155353245478442 -0.04424314167468584 0.6912498405907385
3274.348523037 -60.3989748101765 -35.593408278410486 3.9735983450861663 -0.09561953003077726 0.7190144137952553 -0.05418819501062666 0.6862498216778267
3274.398523037 -60.40728127301576 -35.65796476411326 3.9701601053875346 -0.10332269608967405 0.7227578910758233 -0.05801770036709597 0.6808666519991292
3274.448523037 -60.414920393677555 -35.72373861063682 3.9676026061200993 -0.11719780545623343 0.7276855276595378 -0.06681049364903761 0.672513795523538
3274.498523037 -60.421534195504464 -35.79101590991022 3.9657543119996075 -0.12547289831682285 0.7338166527994296 -0.07090182269534268 0.6638844804638045
3274.548523037 -60.42685256882609 -35.861343917087595 3.9651597595219186 -0.1383575138572635 0.7370506172968798 -0.07021205781501298 0.6577870877714969
3274.598523037 -60.43240208248501 -35.93264455928214 3.9672365067174895 -0.15315811467448615 0.7392580506212989 -0.063405917122332 0.6527019351701281
3274.648523037 -60.43581689720623 -35.99973902027897 3.9709942647207455 -0.15515920416907306 0.7538039865752583 -0.06639586822055427 0.6350565013194548
3274.698523037 -60.43898402012338 -36.070184063983135 3.9664854413457373 -0.14381119414358967 0.7493243787849275 -0.04743891063748351 0.6446556177953515
3274.748523037 -60.44055421425783 -36.13991096468225 3.9591806134653327 -0.13849028989748727 0.734288651660086 -0.0256233373370775 0.6640663071042179
3274.798523037 -60.43927209813646 -36.20621123029003 3.953549408690408 -0.1315859054024151 0.7333919841283827 -0.008830663314257801 0.6668908205254372
3274.848523037 -60.43772545716119 -36.272333505301496 3.943465593030161 -0.12866346808786902 0.725891604016533 0.00802738541240372 0.6756201982485041
3274.898523037 -60.436005973403105 -36.33963480546595 3.930093901664423 -0.12287495737121737 0.7191945070052133 0.028624283953963936 0.6832581183657264
3274.948523037 -60.43620281638372 -36.4072526281121 3.912237589172804 -0.11375758601401906 0.7043682691006512 0.047270189185400324 0.6990637183567693
3274.998523037 -60.43711712583063 -36.47436137494642 3.893641259085701 -0.10698775957746992 0.6899512486756194 0.05662274057467215 0.7136629169302273
3275.048523037 -60.43721782690293 -36.53982714057171 3.8781643039780724 -0.0988768352814638 0.6803326247752227 0.060703448384104804 0.7236615109741963
3275.098523037 -60.436199497135654 -36.60393590418274 3.8659919148272155 -0.09059846515255326 0.6722795914109374 0.06406493311747619 0.7319342548542173
3275.148523037 -60.43531799977519 -36.66755111399294 3.855902012177071 -0.0787402141691169 0.6578102810350689 0.07228629657411416 0.7455603960543804
3275.198523037 -60.43407479684876 -36.73105760489427 3.850530298853733 -0.07100700962463553 0.645072992582974 0.07803281849792441 0.7568022978701131
3275.248523037 -60.433332445049224 -36.79323679756069 3.848658499796452 -0.0664088342342764 0.6330802929865507 0.08564522646328088 0.7664620698715372
3275.298523037 -60.433653557480184 -36.8544764758846 3.8479308782439654 -0.061807089083761306 0.6267298896627621 0.09475366257957407 0.7709807212700265
3275.348523037 -60.43507719474442 -36.915363094830745 3.8463576284403156 -0.05501506311885388 0.623481167907381 0.10330165020626847 0.7730286832708982
3275.398523037 -60.43674471914944 -36.97833209441929 3.8434435356823453 -0.058168859497764756 0.6230869291119041 0.11003825880994461 0.7721856280407595
3275.448523037 -60.43945939249372 -37.04207662028851 3.838184973435586 -0.0616841160687883 0.6255194866042582 0.11486411232647142 0.7692377248956329
3275.498523037 -60.44290908683835 -37.10688894237213 3.8289477631604774 -0.06259447665064172 0.6226794834021507 0.12265894764099336 0.7702642241506916
3275.548523037 -60.44596571598212 -37.17442712482525 3.8195619727630175 -0.06699832355495436 0.620047530336363 0.1310244434817107 0.7706392670860411
3275.598523037 -60.44782348510621 -37.24476379616888 3.8134759383199137 -0.08163565329918404 0.6240835657568334 0.13811491724608646 0.7647088287032903
3275.648523037 -60.44833562411802 -37.314779201792774 3.8109433979612177 -0.09603850856399009 0.632502318068731 0.14114408491894578 0.7555102711432053
3275.698523037 -60.44616686888503 -37.38515277055748 3.8079594636952265 -0.1024747013762756 0.6294725521389672 0.15380090137639188 0.7547241379585706
3275.748523037 -60.44155981024352 -37.45630734045582 3.8098230526496404 -0.11617899103547563 0.6284662174125357 0.16919920966415733 0.7502694736307634
3275.798523037 -60.43575580091337 -37.524038626859124 3.813315126104015 -0.1177840505728229 0.6312770260462555 0.18250451550647484 0.74451886184072
3275.848523037 -60.427878339247364 -37.589855451042276 3.8146746004884236 -0.11707153883408197 0.6163453218287748 0.19739912740944154 0.7532903049640259
3275.898523037 -60.41701210013453 -37.65623947254731 3.8208144166986306 -0.12622434063160465 0.6159770419350271 0.20979302339256028 0.7487500163451748
3275.948523037 -60.40496310617834 -37.72251802430773 3.8257106591837577 -0.13752032315726115 0.6153638679098635 0.21815250219738458 0.7448657305681037
3275.998523037 -60.391755934916574 -37.79069685070682 3.8286240289839517 -0.15494005782845102 0.6138169392589089 0.2295372036698508 0.7392800658007537
3276.048523037 -60.37998491377576 -37.85956777196447 3.8287475149396566 -0.1747974270907567 0.6111851552677621 0.23654685785534368 0.734808920401445
3276.098523037 -60.369833712852966 -37.927257776041365 3.8266007521610956 -0.18604584520362086 0.6101057632751643 0.23957088978891064 0.7319588033944596
3276.148523037 -60.36193106451639 -37.99202070765901 3.82436304282544 -0.1931792668422579 0.6106789850924351 0.23852190235097562 0.729972773552297
3276.198523037 -60.35662690191289 -38.05234930937699 3.823258045070266 -0.1971598701617283 0.6114274557529006 0.23005041495474338 0.7310001768320551
3276.248523037 -60.35228524948734 -38.11116888946061 3.8235119494996623 -0.19544704995328838 0.6133734627071543 0.2282287857965832 0.7304006210601203
3276.298523037 -60.34972910979003 -38.16971683436582 3.823764053349784 -0.1892930722017 0.6075734472079745 0.22836767578660747 0.7367976952461807
3276.348523037 -60.34709770110985 -38.22857401809305 3.8272212774458985 -0.18740263759862122 0.6117879475177251 0.22667357222494144 0.7343125018327779
3276.398523037 -60.34586662104011 -38.28450645023644 3.8259901882128116 -0.1706837424936133 0.6006125893502465 0.23587230365958234 0.7446447702956679
3276.448523037 -60.34456136241661 -38.33929301000589 3.8282760651581222 -0.16834930332369402 0.5923278065481641 0.2352149713297013 0.7519841746490651
3276.498523037 -60.34273485003266 -38.3962691329977 3.8339227860412857 -0.17322377289031826 0.6055760412035117 0.2307296583605112 0.7416434504387995
3276.548523037 -60.340630254744944 -38.455731499816764 3.831081452364335 -0.17281904338783138 0.6088530051962174 0.22665658168197456 0.7403096583770146
3276.598523037 -60.336059023229836 -38.51954943762803 3.8221369969573513 -0.1668767006745532 0.6082119650651008 0.23560800220677303 0.739404653501557
3276.648523037 -60.32997973402789 -38.585281659796884 3.8113646273890063 -0.15942336404816015 0.6014676389963385 0.2471324989623438 0.7427963369540573
3276.698523037 -60.32143559553122 -38.65250701605186 3.807609297701573 -0.17267389231304886 0.5989693615673064 0.24774533738496102 0.7416479478978736
3276.748523037 -60.31142214345592 -38.719915178534706 3.811675578374503 -0.19789795745858338 0.6120287069004118 0.2406458448834914 0.7268747056431674
3276.798523037 -60.3021549905792 -38.78660507050088 3.812088209314512 -0.21465221342210766 0.6085427261533105 0.23358205668590631 0.7273510847680569
3276.848523037 -60.29219877702774 -38.855069150168745 3.8102649502999353 -0.2188033927955861 0.5996628911381767 0.24055443846276278 0.7312065743883932
3276.898523037 -60.28354409812494 -38.920991245999865 3.8106804233830087 -0.21339464812168268 0.5884407982749321 0.2533707252839135 0.7375658795305594
3276.948523037 -60.274233955496285 -38.98171915043683 3.817933581984151 -0.21076412740995565 0.6001402105644318 0.24812187466936864 0.7306474837918473
3276.998523037 -60.26113434140855 -39.04127365904016 3.8223091846443924 -0.1995316857480258 0.6071436768606562 0.25851387683015326 0.7243854205579504
3277.048523037 -60.24531773558278 -39.10061944349223 3.8209850485252184 -0.19880132919140303 0.5964061869785678 0.2742885362674835 0.7276973893849411
3277.098523037 -60.22814993722583 -39.158320269949144 3.8193977760075626 -0.19963375034688718 0.5931570201260898 0.28701904615263557 0.7252111294948564
3277.148523037 -60.20957157938809 -39.21609071820189 3.8171982470733163 -0.20903121136447278 0.5982244918678359 0.2957175155819978 0.7148318410528324
3277.198523037 -60.191718043889935 -39.27475981573139 3.808924583957243 -0.21893211174228547 0.5934575257068616 0.30735684616982933 0.7109209975394518
3277.248523037 -60.175473595718984 -39.33380362601766 3.7964247891694334 -0.22388767235396348 0.5819673242282251 0.31651929317422883 0.7148453544278306
3277.298523037 -60.16010429130898 -39.39231279572934 3.7856080726282104 -0.2337193331337272 0.5762610431348931 0.31578551656269194 0.7166435592495369
3277.348523037 -60.14572139235294 -39.4489940082767 3.776572933928583 -0.24246401320993 0.5754479006612835 0.31261085212537254 0.7157830474774497
3277.398523037 -60.13139274919969 -39.50494466927911 3.7679036395223995 -0.2452583407434363 0.5723887610853831 0.31965656098010964 0.7141702426601702
3277.448523037 -60.11883686476934 -39.55961414473162 3.759307533909398 -0.23498424642915694 0.5616656454742197 0.33457530051084877 0.7192867821058752
3277.498523037 -60.10647792719996 -39.615415114234885 3.757944735825027 -0.2322130529380489 0.5581302116753147 0.34199101687723277 0.719451116640829
3277.548523037 -60.09511975482529 -39.671024829195105 3.760887383843001 -0.23171615933516698 0.554894999974 0.34934138364706646 0.7185817686097855
3277.598523037 -60.085989677878395 -39.72452869195539 3.765740242585127 -0.2355828706210908 0.5511473149466288 0.3484967388939547 0.7206159665711874
3277.648523037 -60.07531780796719 -39.7778213508001 3.7711695927267126 -0.23888519220253285 0.5576653991162688 0.3469713541280093 0.7152300657756407
3277.698523037 -60.062767030616286 -39.8328093744613 3.7729522677331215 -0.24938195944977892 0.5592152532459087 0.3515257918165686 0.7081783366679877
3277.748523037 -60.050251827334876 -39.888752543848845 3.7712619192138392 -0.2652776933692573 0.5592693706757254 0.35113640445648786 0.7025302426871275
3277.798523037 -60.03863035902827 -39.94639774449461 3.7649227549281488 -0.2761901381705441 0.5595850955092865 0.35428682477179513 0.6964656303467659
3277.848523037 -60.02715074409265 -40.00587110598828 3.7563054133662934 -0.2878433408864544 0.5590046012792504 0.35555395839251824 0.6915500340014178
3277.898523037 -60.014840859598074 -40.06654809210286 3.7479158284281113 -0.3084690490451463 0.5567062197285145 0.3512132939418754 0.6867126421257062
3277.948523037 -60.0010335099629 -40.12722610146942 3.7380446728084697 -0.3190686247323717 0.5522945257895652 0.35476012611790014 0.6836016547749749
3277.998523037 -59.98408299154412 -40.18722504091557 3.730057402449503 -0.3289453866686561 0.5412125903299134 0.3652122856482419 0.6822784263549455
3278.048523037 -59.965559697173646 -40.24619338973884 3.728713591881077 -0.34079392811031506 0.5375049099581087 0.3769379729043856 0.6729529960679271
3278.098523037 -59.94840615477511 -40.30398015282225 3.7281238714748444 -0.337421095130426 0.5365898604792584 0.3903769967504304 0.6677006264786253
3278.148523037 -59.93278652269121 -40.35853355719883 3.727958309298725 -0.32252370830666327 0.5274443835142915 0.4032591594474807 0.674657639251983
3278.198523037 -59.9147875378615 -40.41218259140291 3.7328645696854945 -0.3192658794425307 0.5274881950355438 0.41033363345245966 0.6719016383218859
3278.248523037 -59.89384231708885 -40.46695990823602 3.7343230733622446 -0.3208983378162133 0.5229052567652943 0.42034094894062646 0.6685116572489269
3278.298523037 -59.8718577075331 -40.52253179454274 3.7302741231659686 -0.3181341279762983 0.5163088519081919 0.43346511174959357 0.6665762094118853
3278.348523037 -59.85065141695841 -40.57877948947806 3.7210159236432694 -0.309535846650551 0.5045043321595274 0.4457303955921681 0.6715559194258103
3278.398523037 -59.83021705749225 -40.63706628639024 3.7113973544873384 -0.30896436872645566 0.4981802875918101 0.44919814659432444 0.6742243284016293
3278.448523037 -59.8105992694741 -40.696536359401996 3.7038878043149133 -0.3168424715544752 0.5037809861262914 0.44518402558662884 0.669049138404166
3278.498523037 -59.7936357300876 -40.754466450649595 3.695411450131217 -0.3238963995834871 0.5069073361426925 0.4358300232844361 0.6694686443034218
3278.548523037 -59.77669691366818 -40.81121392416557 3.6871103910584466 -0.32504192689539163 0.5136784938701872 0.4295139931200333 0.6678322247462092
3278.598523037 -59.759920809950344 -40.870217454969506 3.6814480746490803 -0.32961686544983404 0.5127380777377029 0.42685641605711244 0.6680164561743586
3278.648523037 -59.74875095538945 -40.930962950987535 3.6797063407902293 -0.3291279722437565 0.5167216676554949 0.4163782622660466 0.6717906212313066
3278.698523037 -59.742328844518994 -40.989338538406216 3.6766364743372506 -0.3047300748463375 0.5179777306159006 0.4054788633776737 0.6887855569218166
3278.748523037 -59.73116542677675 -41.04832848917042 3.678846249187442 -0.2916829176379738 0.5280488599888956 0.4022992829285945 0.6886514096244671
3278.798523037 -59.718825760317294 -41.10795977832157 3.678513792438266 -0.2842489950365582 0.5221027681012521 0.4047332123270124 0.6948397190728051
3278.848523037 -59.70638263149705 -41.16741251439517 3.6754649342310617 -0.27654617599820325 0.5200746855347125 0.4047665299613591 0.6994344788683076
3278.898523037 -59.69108784528301 -41.22747701427933 3.6678918029910244 -0.2745072501447171 0.5235253966983061 0.4067943351120754 0.6964806512392082
3278.948523037 -59.67320892697302 -41.28775563373586 3.6535487195231466 -0.2752149175121591 0.5219779626084814 0.41363448132189223 0.6933269586504218
3278.998523037 -59.65322111424127 -41.34853026980126 3.6371662726433778 -0.2831157985082123 0.5228375204124954 0.4174115976607586 0.687207341362317
3279.048523037 -59.632189499533 -41.410011907012084 3.6211705271296726 -0.2976687508967259 0.5280230358674922 0.4116197852883735 0.6805542893054258
3279.098523037 -59.60732002744833 -41.47330815287733 3.6019882089562354 -0.3014507101161223 0.5244809641556625 0.42020565606309324 0.6763685343223897
3279.148523037 -59.57844220116636 -41.53858921696898 3.58925969482146 -0.3144296172991029 0.5140317561236436 0.43493916276500477 0.6691287575309101
3279.198523037 -59.55207985553246 -41.60301060688253 3.586886221303023 -0.33204914767192234 0.5244932673252872 0.4316829222384603 0.6544463543396498
3279.248523037 -59.52973720174003 -41.66065945546553 3.576504294153269 -0.3111296710643647 0.50493856999466 0.44385241323101265 0.671736855907233
3279.298523037 -59.5021557642635 -41.71623767354127 3.57313526071231 -0.3027820124093298 0.500376564837778 0.4613014033110344 0.6671936462720339
3279.348523037 -59.47353568747385 -41.773123137503006 3.5735430518369653 -0.31096311317043185 0.5088829963777493 0.46589321933938355 0.6536692943825203
3279.398523037 -59.446633549133786 -41.828421837045404 3.5662804868036635 -0.30383833975872787 0.5065180869027385 0.47331458625447187 0.6535250518318392
3279.448523037 -59.41780071044645 -41.88417046108096 3.5573156731238793 -0.3094233803199168 0.4990747816058782 0.47898227893230216 0.6525009659343499
3279.498523037 -59.3903826158144 -41.94128212478768 3.5479229082481916 -0.3232674799785825 0.49898010354769223 0.47011205704173403 0.6523125374203845
3279.548523037 -59.36316069282725 -41.99906332936473 3.5342742159198086 -0.33586878266378545 0.49899291774698507 0.46214265794198905 0.6516305644923442
3279.598523037 -59.33655545918324 -42.056311089832455 3.516317135290247 -0.34805592099985383 0.4970218944499243 0.4573374309300324 0.6501298228543818
3279.648523037 -59.31252181600151 -42.11208193659542 3.4945410054321218 -0.344026307064477 0.48875996725398896 0.4612045735821179 0.6557819269882289
3279.698523037 -59.29146139621091 -42.16854809823708 3.479270693214454 -0.3420431336714499 0.4826226661872397 0.4603130112841738 0.6619620747694169
3279.748523037 -59.2767937999049 -42.22487372811186 3.4732397903405103 -0.34101892294734126 0.4943398592732515 0.44477792057757987 0.6644597798905674
3279.798523037 -59.26475290150391 -42.278314797431214 3.465788974800963 -0.3229162329349757 0.5008398008770925 0.4376905301708204 0.6732841897469931
3279.848523037 -59.24870007827711 -42.331753948022346 3.4573751245278443 -0.30771185735958706 0.49206869898141925 0.45036951622329935 0.6784903147281013
3279.898523037 -59.23365370406212 -42.386686917299194 3.4526788756348363 -0.29901911164292216 0.4914407393956629 0.45644248642468976 0.6787737672604687
3279.948523037 -59.21837274762468 -42.44310462292873 3.4498703439049163 -0.30002762167022795 0.4988229067505932 0.45169788636873 0.6761125301204064
3279.998523037 -59.199805767991144 -42.500634599490475 3.446295181184844 -0.31431909452479234 0.5086652084960295 0.443409829794167 0.6677207015846621
3280.048523037 -59.17939211339439 -42.55833693451232 3.438219963508943 -0.32854473423502895 0.5143406003898348 0.4404178450941387 0.6584407536898773
3280.098523037 -59.15687197407812 -42.61655656085105 3.4304559175041223 -0.3512557001387205 0.525661931889631 0.4320516836863937 0.6431409714097452
3280.148523037 -59.1328110474722 -42.67373231442131 3.420973705812167 -0.3714025091547552 0.5331058391444243 0.42498279634587544 0.6302761008270197
3280.198523037 -59.10728224301754 -42.730188165207814 3.409908348751157 -0.3850017415164316 0.5266233265274451 0.4268987200059286 0.6262579451342576
3280.248523037 -59.081621290582945 -42.786708371442074 3.4034811910416103 -0.39503776251913025 0.5223872709415776 0.4331732323680278 0.6192072804012603
3280.298523037 -59.058621044377986 -42.84246492267518 3.40288809303787 -0.40280786812634645 0.5299438445161618 0.42394758537294086 0.6141447613481622
3280.348523037 -59.03424356452383 -42.897346693860754 3.3979772165747533 -0.38848127081745165 0.5317976744745133 0.43243914112410814 0.6158489464725917
3280.398523037 -59.009377522865535 -42.95011058203017 3.3920388776773667 -0.3641321192047378 0.5248321402354037 0.44893612942160566 0.6248322783270239
3280.448523037 -58.981928379043694 -43.00055173301152 3.392272444517746 -0.3605632065519059 0.5306502464144693 0.451961108529338 0.6197867749784619
3280.498523037 -58.95310167542519 -43.04958532529252 3.389808059620658 -0.36169562351854684 0.5320656538317639 0.45593948514815985 0.6149809767976065
3280.548523037 -58.92496173205836 -43.09826114781408 3.3838794864069794 -0.3657635958160611 0.5329833534211026 0.4539713988094332 0.6132338102344879
3280.598523037 -58.894727035584026 -43.147922826507994 3.3741679172102232 -0.37786742954285635 0.5332240850108713 0.4507760039685811 0.6080207850897134
3280.648523037 -58.8648653774409 -43.199096069000404 3.359088373596338 -0.3855332762260014 0.5350393251785803 0.448964876455895 0.6029324615111031
3280.698523037 -58.83685796950128 -43.250157410277076 3.3405559881979716 -0.38520264469212384 0.5357341911703113 0.45004368625754443 0.601721263869748
3280.748523037 -58.81060927767096 -43.300015848190355 3.3230023155750565 -0.386105645347269 0.5297699464969907 0.4494674837093785 0.6068321147628098
3280.798523037 -58.78547413038823 -43.34912016082566 3.309320096473682 -0.3805922190681594 0.5306588875914718 0.45132716336202855 0.6081566405265509
3280.848523037 -58.76237683077583 -43.39881404138847 3.300022094742317 -0.37905558716775006 0.5253015500554781 0.4477174635340321 0.6163799284474447
3280.898523037 -58.740193476432445 -43.449046835275034 3.296076501210695 -0.3788692921529855 0.5392422809997571 0.4407154350338811 0.6094634748437119
3280.948523037 -58.72035963480421 -43.500080336337746 3.28511905338727 -0.36429184701578804 0.5286809750134344 0.44576538091766443 0.6237636587939375
3280.998523037 -58.70043940417596 -43.55039891938691 3.27649370288517 -0.34938263857065655 0.5237190023717669 0.45734512223916024 0.6280809005089828
3281.048523037 -58.682541128819814 -43.600672173894836 3.275132172907094 -0.3507462508582525 0.5261443064587039 0.45011816588305215 0.630510010255227
3281.098523037 -58.661648832567465 -43.651935315335564 3.272198866171813 -0.352923163272727 0.5319005134038164 0.4486759519922352 0.625473400529703
3281.148523037 -58.639260879830694 -43.70474848232556 3.2654544888544335 -0.3579742365236333 0.5300876215630965 0.4473724766568853 0.6250755366999944
3281.198523037 -58.61369761433493 -43.7589280750435 3.2572962743765888 -0.3697307681055293 0.5298684473385741 0.44772486501763925 0.6181270361956682
3281.248523037 -58.58609591669901 -43.81473658844184 3.2480065174218327 -0.3840090317689412 0.5304897818791781 0.4465296171886669 0.6096957895664075
3281.298523037 -58.557598138208064 -43.87144203830945 3.2371940624867026 -0.39439590484024695 0.5285836635550798 0.44633148674251444 0.6048465795639003
3281.348523037 -58.52734481114771 -43.92878306828949 3.2281648479226526 -0.4070415338788074 0.5223156016966185 0.4494485816813284 0.599582833598936
3281.398523037 -58.49859431006897 -43.98536838017123 3.2237992028986735 -0.4171204769669129 0.5266571197228668 0.444898075374642 0.5922064576379158
3281.448523037 -58.47032583067458 -44.039293744686994 3.216037431049178 -0.40585640742630663 0.52553067028247 0.45234485450366924 0.5953840976609337
3281.498523037 -58.4404405884539 -44.09043822311919 3.209870016759861 -0.39613061107608366 0.5217812461654238 0.46186183881020987 0.5979201551790989
3281.548523037 -58.41029105762598 -44.14058912205199 3.203974580866971 -0.3873950611738308 0.5227308891422763 0.46582118232174696 0.5997400355279101
3281.598523037 -58.3789858158778 -44.18826389133467 3.1963453553057435 -0.3716502584831729 0.5209630131486664 0.4735503166005125 0.605164210729623
3281.648523037 -58.34498156834038 -44.23400471138076 3.192456573246756 -0.3770211052848442 0.520199926462649 0.4748930708551287 0.6014346963152646
3281.698523037 -58.311220257231334 -44.27905808141865 3.1882978897650447 -0.3869944262191097 0.5254850595817642 0.46444849643199926 0.5986554605060803
3281.748523037 -58.273504001359534 -44.324698087230864 3.1784071673662666 -0.39531845189353443 0.5233765626282408 0.46635331849119643 0.5935611827067158
3281.798523037 -58.238062640146495 -44.371004427493695 3.166946838266827 -0.40173588638595525 0.5230250788209966 0.4625043786476861 0.592572986429266
3281.848523037 -58.204221088688726 -44.41727413923267 3.155638003136936 -0.40655076660147105 0.523504164515835 0.45950680818566303 0.5911965469633245
3281.898523037 -58.17162630734058 -44.4641339437923 3.1450035897188426 -0.4093277556754922 0.5190960906950998 0.4567496522596245 0.5952896708489417
3281.948523037 -58.13947860212481 -44.51307706163983 3.1378510925982543 -0.41335856217896644 0.5115571023083296 0.45632160566405444 0.5993451612847325
3281.998523037 -58.10992668290252 -44.563075701498434 3.13397464332215 -0.41929853005838474 0.5076589746501203 0.45589556605766923 0.5988575297990533
3282.048523037 -58.083775387433874 -44.612861261303316 3.127386937111419 -0.4080116304651067 0.5047649365146298 0.46281537107243526 0.603772142922867
3282.098523037 -58.055996340612346 -44.66238544743372 3.1190748594680024 -0.3916941438032873 0.5007179900331483 0.4750363244829964 0.6084387254186401
3282.148523037 -58.02506836313372 -44.71170421104471 3.1126380727331258 -0.3865522177393728 0.49552597695329675 0.4897064418663773 0.604333508850722
3282.198523037 -57.99131713007555 -44.75969068109682 3.107671473378404 -0.39674679185005723 0.4907041275194162 0.493140698126386 0.5988436308783092
3282.248523037 -57.95454841474584 -44.80740442160996 3.1013859813320344 -0.41694381848531303 0.4875513706615073 0.49359826818758756 0.5872071719888872
3282.298523037 -57.91556386837866 -44.8554093627378 3.088727955184297 -0.4282703961548243 0.4782146273457372 0.5036857415505944 0.5780968013478326
3282.348523037 -57.8731414204108 -44.90361180030935 3.0734397940970224 -0.44243493035021647 0.46663048393777357 0.5163648992717427 0.5655745880660494
3282.398523037 -57.828530885034645 -44.951360573704605 3.0552601678237 -0.4547819205903749 0.4490590172358725 0.5293826022186878 0.5579188688433588
3282.448523037 -57.78282647504905 -44.99828307019303 3.035118062064215 -0.45556336597928593 0.42504750564987087 0.550104622334172 0.5560409535322235
3282.498523037 -57.73592933337595 -45.04348608085478 3.0252738762341873 -0.4688057972511303 0.42246469732637476 0.5589297457490034 0.5379054222571297
3282.548523037 -57.692363257727415 -45.086670273461756 3.0177782291188877 -0.47328928327695563 0.42949182410178455 0.5591292493194944 0.528117893959603
3282.598523037 -57.65081124870826 -45.12584456704803 3.0084995046456906 -0.44719245013365255 0.4237521789586831 0.584694266637637 0.5278121047610642
3282.648523037 -57.608570295755165 -45.1615986263848 3.011296846694977 -0.4538030840603579 0.4187992355471726 0.5916190229883906 0.5183212255355495
3282.698523037 -57.566230818565536 -45.19615046412785 3.014239611854736 -0.4662052975857737 0.4176811779754225 0.591632067694781 0.5081009255484799
3282.748523037 -57.52296007224259 -45.23046016170995 3.0088306915132352 -0.46030556714008125 0.41417757040194897 0.6077073710149061 0.49725996847719217
3282.798523037 -57.47701420728116 -45.26431019866446 3.0006302672998486 -0.4640144332181967 0.40412109556169046 0.6228192439197355 0.48319037168642304
3282.848523037 -57.42828080338607 -45.29901284688474 2.9920419980896606 -0.4830212826546037 0.39298652579266546 0.6327539053564906 0.460298301435299
3282.898523037 -57.38012997967702 -45.335008328900024 2.9817451099875547 -0.499635913350424 0.3825124403672349 0.6397341196097247 0.4413484374753813
3282.948523037 -57.33488029170895 -45.371725738716435 2.9697547865430516 -0.505594663503418 0.37144509209239646 0.64836676986969 0.43130396650863434
3282.998523037 -57.2898624169378 -45.40936596516602 2.960621704856145 -0.5142549288518228 0.35781942426109525 0.6551360901454345 0.42226038313109404
3283.048523037 -57.245347936308505 -45.449194696471785 2.955871598836286 -0.5272082421137333 0.34688741319598787 0.656401258139205 0.41334970706027124
3283.098523037 -57.202986090560934 -45.490816766083825 2.9506748635837323 -0.5251507686063238 0.3391009048043964 0.6599651479992145 0.41674122668558017
3283.148523037 -57.162387912458236 -45.53109989648487 2.9462061301489264 -0.515395040252507 0.33925418784314254 0.6678517950603701 0.41623133994048067
3283.198523037 -57.12057260642962 -45.5685371104894 2.9429495280401983 -0.5142117382423487 0.33206466957581976 0.6752751539392904 0.4114885295431108
3283.248523037 -57.079156376986965 -45.60575496752143 2.9398010856650183 -0.5172936974602139 0.3274694476909014 0.6808678678306942 0.4019825095108507
3283.298523037 -57.03866623956301 -45.64410212151772 2.9358704621348677 -0.5282560190786705 0.322200963973607 0.6760162032158384 0.4001677274734633
3283.348523037 -56.998046973747314 -45.68245129770895 2.929021513603894 -0.5400890976100184 0.3192484094468262 0.6669464136513336 0.40195360556423915
3283.398523037 -56.95563725309463 -45.71940934706785 2.9179139912391654 -0.5441640647063166 0.31956271436023675 0.6659480108493712 0.3978421660894974
3283.448523037 -56.910540053051754 -45.755421263380256 2.902990660209909 -0.5466432199522162 0.3105465726677085 0.6723515340029337 0.3907498317447043
3283.498523037 -56.862990853981024 -45.79041545365018 2.8889451348138206 -0.5564784550536535 0.30084054574470315 0.6756746009493624 0.37853735446987036
3283.548523037 -56.81489373372651 -45.824591595335164 2.875366863568374 -0.5595052796887194 0.2914832688449671 0.6835027281620235 0.3671721211897377
3283.598523037 -56.76869194341201 -45.85717290177266 2.8658832778087993 -0.5499489226936237 0.2899391921246832 0.6973338111227944 0.3566749264570863
3283.648523037 -56.72242398589002 -45.888691455837616 2.865477917285814 -0.5652304562719835 0.28962950839581264 0.6931138211846809 0.34091422682507055
3283.698523037 -56.67911926720495 -45.92104312982414 2.86345402337232 -0.5642478516549871 0.28540311221823217 0.6925682348974047 0.3471579834167323
3283.748523037 -56.63543125703119 -45.95239602042529 2.862428793684978 -0.5517625853718662 0.2914174900738444 0.7008086670516479 0.34568932301722527
3283.798523037 -56.59063923022222 -45.98416236646733 2.86334845338377 -0.5473220904511567 0.29640946092477133 0.7022205863316263 0.345638841727213
3283.848523037 -56.5457445629638 -46.01674058532973 2.8618302219713856 -0.5446432856624224 0.29578404944231484 0.7009833278823699 0.3528425449252189
3283.898523037 -56.49955580704661 -46.049882796782086 2.8579347705932143 -0.5440347085841726 0.30257389389430167 0.6979337382892637 0.35406746750718
3283.948523037 -56.45222740614736 -46.08446938317512 2.8500491981913196 -0.5492603111316182 0.30833717145629613 0.6890971774289756 0.3583104511081803
3283.998523037 -56.40406293976459 -46.120033485272074 2.836641809946942 -0.5461982086948535 0.3150550964330963 0.6871635477045571 0.3608518556640006
3284.048523037 -56.35708837372172 -46.156259358844984 2.823081473432097 -0.5464028214330704 0.3194723884909296 0.6825903019849675 0.36531059299991786
3284.098523037 -56.31215198817591 -46.192735404176105 2.8116453102602104 -0.5461198533272688 0.3188488989531992 0.679128650878507 0.37265635778029366
3284.148523037 -56.26927093603132 -46.230512528258366 2.804460546963029 -0.5466309499629743 0.31754157371313296 0.6759168661449279 0.3788117521503036
3284.198523037 -56.2294266702584 -46.27048184874442 2.800840758275095 -0.5470725252287595 0.32220570894283174 0.6688664979261737 0.38666877455575793
3284.248523037 -56.190324784873916 -46.31181430863209 2.795227676388484 -0.5370749460503385 0.33256359422027554 0.6682129923387833 0.3929928179928578
3284.298523037 -56.1522416620562 -46.35472644605584 2.786773948960145 -0.516774156285264 0.3406684491943806 0.6734084811322704 0.40424064201695253
3284.348523037 -56.11590821780851 -46.39818036417547 2.781246753424984 -0.4956537239298141 0.3469578880852546 0.677842584828309 0.41770448889520506
3284.398523037 -56.07892784247713 -46.4418320831358 2.780667171161925 -0.4915998237685226 0.35434534881773994 0.66885170458265 0.4305884163779553
3284.448523037 -56.03938307684397 -46.48510138656832 2.775702282195943 -0.4853220606834386 0.36732975298338433 0.6627638740048756 0.4362056823348316
3284.498523037 -55.99729633230094 -46.52884812421086 2.765351194215358 -0.4794272180484543 0.36940274282876806 0.6597132336294264 0.4454992767211961
3284.548523037 -55.954920115384 -46.57412510063689 2.754590206083969 -0.4786060351587328 0.37858001648716605 0.6492950421524809 0.4539045962120486
3284.598523037 -55.910394528579666 -46.61957554460945 2.7448121787511326 -0.48710099044229327 0.38943843032295583 0.6320263762211751 0.4600141235423745
3284.648523037 -55.86504355385811 -46.66437473517997 2.736124792720846 -0.49244983454716484 0.4039041755686784 0.6146834569413708 0.4653158337895479
3284.698523037 -55.81767907040987 -46.70695977532195 2.730129261835404 -0.4959282483257071 0.4124133384474481 0.6025858312522727 0.4699582180973474
3284.748523037 -55.76956862000902 -46.74815563153792 2.728969793302669 -0.4941209398667545 0.42046235744644556 0.5934834969158583 0.4762701351589214
3284.798523037 -55.7222546317817 -46.786880061561774 2.732355642882529 -0.4946261504927753 0.436000136031592 0.574091567402478 0.48545620283038715
3284.848523037 -55.671430037976876 -46.82191357521374 2.733065853733654 -0.48254598473640575 0.4419745248344797 0.5747903404087802 0.4913491188400229
3284.898523037 -55.61821176264756 -46.85460144222561 2.733659080506582 -0.4723747677677827 0.4431207650997495 0.5796681634139801 0.49446019722320333
3284.948523037 -55.5667222310285 -46.88609901883705 2.7329516645819476 -0.46030417862585915 0.4491399181798067 0.5785202881399577 0.5017047670168884
3284.998523037 -55.514099968848925 -46.916075964192615 2.7293482939101836 -0.45071236467263925 0.45617930706272164 0.5748660331998241 0.5082202750895242
3285.048523037 -55.45918866821982 -46.94594875593588 2.720088652092084 -0.4403362834103367 0.4600488008689634 0.5722909362648715 0.5166644390709288
3285.098523037 -55.402145653258884 -46.97604706627295 2.707891451034496 -0.43636453746309284 0.4675365098668618 0.5633903918298209 0.5230553209556098
3285.148523037 -55.344673029697574 -47.005338662408604 2.6934730383316956 -0.4333349943963589 0.47597728922238264 0.5529292478101426 0.529089453393403
3285.198523037 -55.28988492019741 -47.03378373871745 2.67743818801927 -0.4252469737880125 0.47752753961482575 0.5466092327209291 0.5406947446552312
3285.248523037 -55.23699782794337 -47.06115297421284 2.6638146709129717 -0.4115843655534035 0.48469843497116527 0.541800273165008 0.5496528005630719
3285.298523037 -55.18538198091706 -47.087466605264396 2.6512758755069337 -0.38524106426129684 0.47597657382067765 0.5520791082108562 0.5659013004560584
3285.348523037 -55.133271121294555 -47.11502736475088 2.653104313079918 -0.3850466242475574 0.4865136540173678 0.5452735336512204 0.5636668653644106
3285.398523037 -55.08230044698193 -47.144263211692305 2.6557856044858177 -0.38019007363414437 0.4852598475938578 0.5500808656831289 0.5633732594226932
3285.448523037 -55.03267165729222 -47.1749577269822 2.6624599195524254 -0.38135245483701186 0.48590727137823697 0.5480924788578506 0.5639672538640854
3285.498523037 -54.98040794515404 -47.20626446136807 2.6741857154635382 -0.40169187187459793 0.4891238863132307 0.5375629075368262 0.5571602860472712
3285.548523037 -54.92708575183987 -47.23825911158754 2.6864184613530413 -0.4350467131839539 0.49365048591161104 0.5184672651504506 0.5461091924464201
3285.598523037 -54.874905100915235 -47.271096250556866 2.692602249738339 -0.46076151281385924 0.49598114074447397 0.49885146017193766 0.5411550212458718
3285.648523037 -54.822460486211334 -47.30498787611942 2.690633313155542 -0.4769433445070423 0.4867644741188803 0.48607732803299164 0.5470961743957948
3285.698523037 -54.76810992265801 -47.33840279132249 2.687670695190463 -0.49768133221606586 0.47879315464629524 0.47100289336909634 0.5488412166241073
3285.748523037 -54.712287734142016 -47.36966809136319 2.6867120048807176 -0.5244303001878378 0.4753101190456162 0.45205957818819525 0.5428584426404802
3285.798523037 -54.654286296749234 -47.398797084764205 2.685550534084069 -0.5439454103276004 0.4718600527824199 0.4422931768516099 0.5346477596345289
3285.848523037 -54.59290410223569 -47.426798983410855 2.683448762113721 -0.552797280927824 0.45788877045517756 0.45230067404186214 0.5293176176466521
3285.898523037 -54.53114937136096 -47.45131307795254 2.687353826194092 -0.5728986742250437 0.45506725149189314 0.453587341207382 0.508880565149839
3285.948523037 -54.47104155018815 -47.473544051367455 2.6876364491941276 -0.579161866878148 0.4598500462967247 0.4604978847952198 0.49096961716001036
3285.998523037 -54.409337984094066 -47.49589645386136 2.6794978678739034 -0.5677062976813249 0.45351648842381775 0.4870263038330973 0.48460059190570953
3286.048523037 -54.34680127270059 -47.51702857909001 2.664514621684397 -0.5410747504322758 0.4460655623192553 0.5269424910520937 0.4802033316015948
3286.098523037 -54.283817126540015 -47.53555830047175 2.6445594236901586 -0.5102268142515928 0.43002713901052614 0.5705332299753352 0.4787871042822724
3286.148523037 -54.21946905120428 -47.55252981691961 2.6267474307135794 -0.5058950340557862 0.4139747759560919 0.5944390405939642 0.46833463080101784
3286.198523037 -54.154297389579085 -47.56900038861355 2.6108916061021783 -0.5137592943074893 0.4120957498352527 0.6034910711702028 0.4494741455281186
3286.248523037 -54.08880764242434 -47.58672513717584 2.5933916673237736 -0.5205158872516598 0.4093086864528191 0.6118438809139787 0.4326391980634745
3286.298523037 -54.02468321315145 -47.60615786012446 2.5741539921478824 -0.518710790954548 0.3974629949096078 0.6241865562158602 0.42819788190062
3286.348523037 -53.96102473809747 -47.62728834503224 2.5585368409821876 -0.517744332902586 0.3803216414662307 0.6360877302675048 0.42742093325294944
3286.398523037 -53.89722435190079 -47.65157902136864 2.5494561566463756 -0.5266581687695642 0.37196720921800003 0.6373511964763185 0.42196566315882544
3286.448523037 -53.83648542528141 -47.678689608615294 2.5396328356488835 -0.5186524695799025 0.3665912104492544 0.6456762699122434 0.42392529376321786
3286.498523037 -53.779854980424794 -47.7051818081409 2.531210927224518 -0.5032046674524175 0.3663431167300392 0.6554897253229632 0.4276809599159743
3286.548523037 -53.725524672836094 -47.730223341996144 2.52671065018267 -0.49435516819970476 0.3730056081391917 0.6598384730106355 0.42555020092340023
3286.598523037 -53.67095283600141 -47.75411718120479 2.5219233574797326 -0.48493420147144933 0.3707304235185955 0.6691449459825202 0.42384291263039997
3286.648523037 -53.61488137468965 -47.77772803051669 2.5189257959719686 -0.48908240157586885 0.36599525079131356 0.6668182920009282 0.42684803656564785
3286.698523037 -53.55572629995592 -47.80092243335309 2.5141426734373797 -0.49954768291907403 0.3646926369188562 0.6605383565638485 0.42560600627256856
3286.748523037 -53.4947007058415 -47.82407051645085 2.5031109785788805 -0.4987186861273338 0.3579156525065934 0.6651080559253457 0.42521445382467016
3286.798523037 -53.43169862945946 -47.8467930814382 2.4916698853682946 -0.5032336827352595 0.34844311077919665 0.6668682749832742 0.42500583870349024
3286.848523037 -53.36534989651335 -47.86721710508507 2.4845472687622294 -0.5256568550054178 0.3445797474681923 0.659240517797852 0.4127367297856954
3286.898523037 -53.29777952560592 -47.88694322782261 2.4740815404927146 -0.5327905560655996 0.3345838317592466 0.6630896129742782 0.40558605505888806
3286.948523037 -53.23047120854886 -47.90533477662247 2.4636866075355695 -0.5271384038525809 0.32652405559698416 0.6740166219934554 0.4015080790927907
3286.998523037 -53.16371912414094 -47.922694250157164 2.46057277054329 -0.5224080335041683 0.32439211897234377 0.6839508135415978 0.3925186420219135
3287.048523037 -53.10021937464695 -47.93850182972949 2.463957748441291 -0.5348407349478171 0.3338520580044786 0.6703809641574054 0.3912512677321834
3287.098523037 -53.03834850809267 -47.951606758440185 2.4635935240751023 -0.5252205545502233 0.34274180940738946 0.6767578532673895 0.38557778618978966
3287.148523037 -52.97859259354179 -47.96364944510865 2.460954005531997 -0.512023969892986 0.34292545769454497 0.68607130948614 0.3867036889143763
3287.198523037 -52.92063607330242 -47.974518453154054 2.4572412078658927 -0.5027395635049899 0.3404571916412759 0.6899363529668816 0.3941188409620964
3287.248523037 -52.85987492717227 -47.98238975516908 2.4547965611079454 -0.5124252167610637 0.34097727439641207 0.6866360198490906 0.38689258434140394
3287.298523037 -52.7948303456816 -47.98798500016983 2.448134906923211 -0.5264884768294991 0.32955024750711964 0.689702997230622 0.37217777169633187
3287.348523037 -52.72766282849065 -47.99324863311591 2.4374300008104 -0.5365114308923546 0.3137201465683468 0.6984967092107122 0.354735819139792
3287.398523037 -52.66121282158284 -47.998703017093824 2.425648277039821 -0.5380149739866171 0.3021603653938779 0.7109515442852303 0.33732314333538455
3287.448523037 -52.59721700032208 -48.00510695455904 2.4177971370624354 -0.5448279699639977 0.29245467979714784 0.7145064058880455 0.32728174308171337
3287.498523037 -52.53560127317354 -48.01164683853562 2.4122353465698008 -0.5501839244165553 0.28725876102078307 0.7149489483797777 0.32191311675831563
3287.548523037 -52.472681064113054 -48.01625880782366 2.4065935829941694 -0.5414851912428631 0.2837007816738967 0.7273056312003585 0.3119842511514777
3287.598523037 -52.40786454350021 -48.01935856574169 2.402844652597015 -0.5373877930196813 0.2683075539278001 0.7448706430055125 0.29050497690619886
3287.648523037 -52.34556383759717 -48.02396277453707 2.398611873046211 -0.5268541347842796 0.2412847145854375 0.7673737326463891 0.2744885455032333
3287.698523037 -52.28399243242808 -48.029828001786385 2.397587194726417 -0.5294543091995474 0.2210128324801625 0.7735768484767218 0.26909166068451223
3287.748523037 -52.22133883669941 -48.03579307409019 2.39484757739036 -0.5413716232387388 0.20624947629734247 0.7717142814331948 0.2623642256691503
3287.798523037 -52.15722702600686 -48.040752044388206 2.3850364325853595 -0.5423227838445321 0.19541321261488181 0.7784654554899035 0.24837715085640424
3287.848523037 -52.09165497060713 -48.04503539086467 2.3717908801777408 -0.5408849240708629 0.17909232883490966 0.7899483866128428 0.22660755316871595
3287.898523037 -52.024114686215434 -48.048725246207425 2.362702923884195 -0.5538334659085327 0.15494560761136056 0.7917038477771607 0.2060712695562555
3287.948523037 -51.95524967128318 -48.05062343534124 2.3552365966262006 -0.5739955652371722 0.12222282634442674 0.7890030675905557 0.18183737553410886
3287.998523037 -51.88691697387675 -48.051063233827136 2.346054224964735 -0.5806522208888698 0.09375135082596275 0.7953525772995202 0.14651948804900078
3288.048523037 -51.819642898322584 -48.05267127926141 2.3393079066911113 -0.5830983369940863 0.06860104099905623 0.801640973499785 0.11252544678824412
3288.098523037 -51.75322223027347 -48.0581333738882 2.340922986835056 -0.5941326359909501 0.04637232747965996 0.7982289207550868 0.08767330360340053
3288.148523037 -51.69104258832729 -48.06757609395583 2.343482776507062 -0.6036216692438205 0.023559682496393904 0.7925943885855153 0.08294550598269962
3288.198523037 -51.63209147935806 -48.077055367917175 2.339967960562679 -0.5801102812956441 0.015711476397781657 0.8100454857083541 0.08397334176991872
3288.248523037 -51.575187904004856 -48.08655460345645 2.3379936801066066 -0.5647139797271863 0.013123268342921483 0.8206562932208693 0.08630845454337192
3288.298523037 -51.51918694826263 -48.09511912936506 2.3352361086128393 -0.5620758186820345 0.003617930299887131 0.8228708651039701 0.0833140084038078
3288.348523037 -51.46389219921719 -48.10331264798719 2.327881309763958 -0.5563568392449112 0.002340994550686301 0.8277355890214831 0.0729066652452589
3288.398523037 -51.40841253458998 -48.113043789856555 2.3210717194374824 -0.5637572894360255 0.008040911627691355 0.8233303863447172 0.06511633642489284
3288.448523037 -51.35200890090861 -48.1263579398088 2.315555251736462 -0.5843847386583806 0.016402191230331313 0.8078128225873562 0.07525881350027036
3288.498523037 -51.29487316322143 -48.144355810277546 2.3128652148140327 -0.6175595748334545 0.02791067910797172 0.7807738143994288 0.09073817427864227
3288.548523037 -51.23974812440242 -48.16603543732459 2.3092785395461433 -0.640335805553657 0.03890153889358806 0.7595949250664342 0.1071087121152054
3288.598523037 -51.18518951537824 -48.189965462363595 2.3010280201554902 -0.6364312775165823 0.047190455675020046 0.7591521686053648 0.1281260113855372
3288.648523037 -51.130232321071816 -48.21460902139631 2.2913780929454832 -0.6072409831062751 0.06027838867760141 0.7764500718319756 0.15732193186799
3288.698523037 -51.07792276961383 -48.24019942504396 2.2880099611397835 -0.5921841189184589 0.09585922029637808 0.7776893318936144 0.18795819280840845
3288.748523037 -51.02765871674502 -48.26764216807494 2.285761221880905 -0.573963795624979 0.14051107094050364 0.7797305084368371 0.20698438218317758
3288.798523037 -50.979262415227076 -48.29586689426937 2.278466344776589 -0.5431252345108765 0.1652932043763383 0.7844944136827203 0.2495228469000636
3288.848523037 -50.92941999728949 -48.32434645651918 2.274495444806472 -0.531625978443104 0.18967971579910187 0.7774528780647303 0.27742106417439183
3288.898523037 -50.8773030889635 -48.351690250105584 2.2715107433146478 -0.5400120150030745 0.21355120746755807 0.7567971938495803 0.30006818029052706
3288.948523037 -50.823002569046935 -48.376892047827084 2.262214670889509 -0.5368779241847317 0.23290986297249872 0.7471609925362033 0.3150643449924814
3288.998523037 -50.76665219550511 -48.399905401872964 2.250261281516265 -0.5298780137052057 0.2500091830603712 0.7430277085254907 0.32347260060269445
3289.048523037 -50.707135733411434 -48.42041512872797 2.23877469278132 -0.5340810293639976 0.26202113676615446 0.7369822987574064 0.3208729799773018
3289.098523037 -50.64527291747226 -48.43979936308952 2.2251044005794216 -0.5330440328381069 0.2641268705581449 0.7412579450963982 0.3108660710600521
3289.148523037 -50.58646087940464 -48.460277292033126 2.2114266079860463 -0.5182733040659381 0.2681534313761079 0.7486059939543657 0.31476274453847136
3289.198523037 -50.528660629964335 -48.47974023007879 2.2087377671517383 -0.5133399199447787 0.2731939929776509 0.7513575805291763 0.3119438330426777
3289.248523037 -50.47022867339666 -48.499000747837904 2.2148869867670653 -0.5361994183450877 0.2734297543812792 0.7352508732963593 0.31166088381817225
3289.298523037 -50.41431384170565 -48.51774915775175 2.2150167213658825 -0.5219013082460391 0.28664850214368076 0.7394788723390855 0.3140424462297604
3289.348523037 -50.3561029211388 -48.532910325469935 2.2172038225645365 -0.5187769182029806 0.29582514569969837 0.7419179258548869 0.30482090414988416
3289.398523037 -50.29706983487575 -48.54725274752011 2.218170501851828 -0.5183569017432964 0.29646225619250766 0.7440974595874122 0.29955838112778266
3289.448523037 -50.23723052177112 -48.56127240494771 2.2190765209391246 -0.5295810414242035 0.29302457975629936 0.7379253204109653 0.2985745094931495
3289.498523037 -50.177170572570134 -48.576959841572055 2.213435712567416 -0.5311629015977112 0.2899002438547897 0.7365963175782332 0.302075628790905
3289.548523037 -50.1164145181157 -48.59434820127761 2.201788147758977 -0.5238577368007096 0.2892028157204747 0.7379705134299158 0.3119844936553328
3289.598523037 -50.05463687291874 -48.61161395635657 2.191023689310065 -0.5205597525071328 0.29780444989276983 0.7350917139606672 0.3161806853053269
3289.648523037 -49.993686038124864 -48.62888024150068 2.1815820708047093 -0.5115460009394501 0.30094259545985635 0.7345549561554476 0.32891223684777926
3289.698523037 -49.93135947727222 -48.64348764647628 2.1777827518027197 -0.5109925113909075 0.30299503410954753 0.733730912854337 0.3297265687343209
3289.748523037 -49.86922014887595 -48.65988098399832 2.177272674348119 -0.5070882856161362 0.30519890832346386 0.734619320327505 0.33173717179509554
3289.798523037 -49.80929140867785 -48.6795186072055 2.1769513902414697 -0.4936796448448634 0.30662292501062316 0.7392716369628728 0.3402061682362828
3289.848523037 -49.753269709304256 -48.7015005395895 2.175536683793561 -0.467100562584624 0.31266678070059656 0.7487614068132853 0.3513017283567543
3289.898523037 -49.69776083333696 -48.723114128783244 2.176533981937795 -0.4498094384185698 0.316305368185432 0.7525571153965078 0.3623260565191751
3289.948523037 -49.64106480832845 -48.743273023128225 2.177026883975772 -0.43705989403299145 0.3168086722298541 0.7575441615662938 0.3670664211074724
3289.998523037 -49.58159218225097 -48.76443068143126 2.178797895573908 -0.44593536576613996 0.3212224798995754 0.7494254084905667 0.3692144702946149
3290.048523037 -49.52046279603979 -48.785623673747 2.170469677807858 -0.44006172139617017 0.32115264666120863 0.751807846039153 0.37147223521860884
3290.098523037 -49.45742062811952 -48.806591873399825 2.1556499582240733 -0.4260371625648332 0.3155497920180217 0.7623382502190461 0.37116176678646784
3290.148523037 -49.39149929604708 -48.82781512599542 2.140958868968141 -0.4203423562543706 0.30532111082729363 0.7700254141909759 0.3703406328256831
3290.198523037 -49.324860217855935 -48.85003812667596 2.1284241654368463 -0.41783615187807727 0.30876170136936487 0.7728526206062798 0.3643871413390175
3290.248523037 -49.25859972673327 -48.870200992408186 2.119520859012073 -0.4127643196843326 0.3046857552590883 0.7794150234936148 0.3595892491304172
3290.298523037 -49.19217852917781 -48.889680244424106 2.120064621779714 -0.4225151699354928 0.29999383944645636 0.7793812089022858 0.3522066987985424
3290.348523037 -49.129366791559626 -48.91040641225573 2.119001853615886 -0.418370183726034 0.30440862241632943 0.7793033219480165 0.3535365785437527
3290.398523037 -49.069227539936996 -48.92703844714278 2.115853652848314 -0.39613624257535623 0.3057754578528782 0.7912793364301423 0.3513608663921112
3290.448523037 -49.00653844191296 -48.94048845818483 2.1199904556095 -0.3975095003641134 0.3101333898064065 0.7938375894614044 0.3400372909043464
3290.498523037 -48.94367464057192 -48.953732643318034 2.1215468896380396 -0.39976987329262265 0.31722997643376816 0.79369917344618 0.33104503097053456
3290.548523037 -48.87864777698215 -48.96449988023055 2.1176769306045804 -0.4015776077669182 0.31955669822974897 0.7974651443762861 0.3172826579906463
3290.598523037 -48.81036259001375 -48.974958619632254 2.1122276821392676 -0.4160635786427383 0.31348908105617435 0.7956507647754363 0.30912061577613503
3290.648523037 -48.74062237930922 -48.98769284231167 2.1044049484677325 -0.4355831436025371 0.3117100980419773 0.7872733672037062 0.30545831970946674
3290.698523037 -48.67105556944405 -49.002404653996486 2.0948612377893863 -0.45032738137979444 0.31085531444897335 0.7777459648542907 0.3093306276645034
3290.748523037 -48.60232655053385 -49.01691942684769 2.0894931741869973 -0.46833521802343314 0.31079826148730094 0.7647272686912422 0.31505359660770044
3290.798523037 -48.53441315995329 -49.02996166040828 2.0873665270163637 -0.4839799994610354 0.30957976036549234 0.7554936366041298 0.31488584779949597
3290.848523037 -48.46696055324984 -49.04424907617027 2.088483569891992 -0.49645253118154375 0.30605470240535826 0.7475273347025658 0.3179123893331056
3290.898523037 -48.40236657070225 -49.06060283572538 2.0922740699442977 -0.49760673549135326 0.3105627695254361 0.7433976831733555 0.3214003541236642
3290.948523037 -48.34034065926457 -49.07801791783163 2.098260329151696 -0.49346190750730484 0.306607833748042 0.7432381880764184 0.3317890563422304
3290.998523037 -48.27742426752338 -49.09620821914006 2.1071966820463595 -0.5029705593649044 0.3132298888508898 0.7336655548024701 0.33262968424209854
3291.048523037 -48.21387341673619 -49.115699223606796 2.1092182725554913 -0.5054426415192914 0.31151791792183486 0.7275157205961984 0.3438098300413189
3291.098523037 -48.147117678163895 -49.13417948863168 2.106943691094916 -0.515964837495329 0.3120909132409904 0.7179070271875455 0.34783480081148344
3291.148523037 -48.07869670187591 -49.15286677558677 2.096828162868952 -0.5163415281389105 0.31133290459529533 0.7144655602690436 0.3549679028093571
3291.198523037 -48.00702093396768 -49.16907869027681 2.0836616270636803 -0.5173169094779365 0.3063949502595528 0.7143961932138007 0.3579712680443397
3291.248523037 -47.93204503881871 -49.182304159690034 2.0735486783164685 -0.5297072545461415 0.3034849552393421 0.7079809126395537 0.35506356298926056
3291.298523037 -47.854347910119785 -49.19094563344178 2.064115115200682 -0.535184104479235 0.29410091798723315 0.7116017375852106 0.34742710230713886
3291.348523037 -47.77571133144709 -49.19609983498759 2.063213564969128 -0.5499295618967421 0.28230786278279785 0.7105193520939912 0.3362171885299758
3291.398523037 -47.69788642616209 -49.19965322172196 2.068963034788386 -0.5733207784753578 0.27878523336506716 0.7007569205474433 0.32019028238042924
3291.448523037 -47.62431196022016 -49.20288040069303 2.0665634836516267 -0.5567899639213342 0.28559797831785094 0.7141385148593508 0.3137274493118457
3291.498523037 -47.55292226663328 -49.19983215595019 2.0689568084240695 -0.5443138431125929 0.2841006854645389 0.7286883463019272 0.3033521628047863
3291.548523037 -47.48063710053191 -49.19182755768839 2.078644574495687 -0.5647900945086699 0.2850743936646827 0.7217359234315879 0.2807881693553959
3291.598523037 -47.40759177094109 -49.183933109473195 2.0753376314023915 -0.5586939832994113 0.27918544454725197 0.7341402042898648 0.2663731987704957
3291.648523037 -47.332996875552865 -49.17487389947321 2.070217713815401 -0.5594263227019328 0.26762391389176615 0.7419872306453766 0.25470488754762843
3291.698523037 -47.25713240385922 -49.164334641617025 2.068604055291445 -0.5851015169411421 0.25287890480317565 0.730877268590822 0.24398133665495866
3291.748523037 -47.181726791603765 -49.15425599436485 2.0620990457661685 -0.6007464933677948 0.236939800023222 0.7245576555963879 0.24078908942873653
3291.798523037 -47.108910659792 -49.14521233040867 2.053638330487113 -0.6078824963722687 0.2253861322060755 0.7214728197983927 0.24322198154270613
3291.848523037 -47.039844176212576 -49.13670214199569 2.0487527282328233 -0.6133649175738555 0.21531865230813854 0.717785963349923 0.24940863392362278
3291.898523037 -46.9717214979228 -49.12845573927648 2.0484941069219653 -0.6222218348092987 0.2081662037038495 0.7125975442427487 0.24841811500227023
3291.948523037 -46.905544162847846 -49.12195281724018 2.0490094251824873 -0.6234590130496214 0.20205659199046933 0.7107533126426799 0.2555420146430838
3291.998523037 -46.84153705303515 -49.1162455137012 2.050202056424971 -0.6161706913964664 0.20700985445579598 0.7173081734327174 0.25089755588448776
3292.048523037 -46.77923508288145 -49.11362148616257 2.049650897632842 -0.6034752671996365 0.20156516948880893 0.7265002165035728 0.25958913642049264
3292.098523037 -46.71687212527649 -49.11158618681478 2.0473430688827605 -0.5949130912248014 0.2106959824154842 0.7289928021782639 0.265056807600951
3292.148523037 -46.651738824467145 -49.1070857902059 2.0395281027840286 -0.5835213442455985 0.21506992192234636 0.737454210461094 0.26345598677450865
3292.198523037 -46.58428050232182 -49.10190880712489 2.0269567519610274 -0.5692203476062363 0.2139580335985978 0.7486311304434518 0.26412418719348046
3292.248523037 -46.51435055108971 -49.09526274648187 2.016807519148925 -0.5750686673097373 0.21640581721164756 0.7451956411888404 0.25912932390741644
3292.298523037 -46.442140606329886 -49.08575800231128 2.005023750148644 -0.5819054010860484 0.21528863110370486 0.7428007892935178 0.2515629084926975
3292.348523037 -46.36909740083348 -49.07353223549111 1.9925269349184576 -0.5825421473521603 0.2090403161389756 0.746834340682039 0.24328020956270854
3292.398523037 -46.295981506064436 -49.058537817994825 1.9853557981700503 -0.5853470231489786 0.193731605263564 0.7509546911552754 0.23644022382944269
3292.448523037 -46.222352952777875 -49.042181817452956 1.9863386798917069 -0.5997137828759221 0.17612235556160008 0.7467747556990207 0.22727023287433135
3292.498523037 -46.151772470643465 -49.027481049701 1.989336779350806 -0.605853710243866 0.17541440156226834 0.7439145080531289 0.22082181553543206
3292.548523037 -46.08720267078342 -49.01123473619374 1.9914528021937306 -0.583887736336963 0.18335415320066958 0.7598579080053072 0.21925402049029974
3292.598523037 -46.02312023958231 -48.988709958768204 2.0030614478457376 -0.595556267869413 0.17510425208438882 0.7556180538948045 0.20902772383502477
3292.648523037 -45.958108553043424 -48.96308884245354 2.0129014273424284 -0.6140542633399353 0.15512874507588648 0.7499245800959417 0.19101193233187225
3292.698523037 -45.89236232262925 -48.9367335661836 2.014047129045572 -0.6183022689260619 0.13070676072197518 0.7555412880220902 0.17255552450261755
3292.748523037 -45.82561477080754 -48.91034443303046 2.0086076772544854 -0.6179666910695892 0.10029896378530903 0.7646238064031232 0.15299582109879745
3292.798523037 -45.75921715717562 -48.88527769348627 1.999170274692101 -0.6195677036241342 0.0761415647686285 0.7695534268883307 0.13463226175374285
3292.848523037 -45.69387275247757 -48.86235642205907 1.9871201451173266 -0.6186237873848713 0.06516847438413659 0.7741271560384941 0.11740879827250895
3292.898523037 -45.63143345431182 -48.84262955547553 1.9748785532749713 -0.6105160646178293 0.0612398023216435 0.7817570824643052 0.11124605823157248
3292.948523037 -45.5708113679286 -48.82418521559671 1.9690261424394258 -0.6172945252155384 0.05304966803169195 0.7779606104004029 0.10445329351477067
3292.998523037 -45.510663513593904 -48.80810442122866 1.9607732391785073 -0.6050843347918043 0.04782394277512504 0.788118070296274 0.10225324229323278
3293.048523037 -45.45215462900962 -48.793959530101816 1.9566042344179593 -0.5929358271388183 0.05823002181117676 0.7971963770235061 0.09754130363938901
3293.098523037 -45.396136169839096 -48.784692807659766 1.9579889304599936 -0.5859110169331936 0.06662483561359774 0.8013120339457759 0.10083866207688232
3293.148523037 -45.34076488758076 -48.780898872006375 1.9593229005496937 -0.5805419052836852 0.06993684467942808 0.8020956681526785 0.12133619862424605
3293.198523037 -45.28532206756551 -48.77898757818737 1.9596193302217546 -0.580271128908757 0.08843240356157764 0.7977023363389583 0.13833332770755766
3293.248523037 -45.22883521238495 -48.77752413658968 1.9562817217863868 -0.5805519287517953 0.10287924899179651 0.7930855758176969 0.15293981685410288
3293.298523037 -45.17072136894089 -48.77727405717866 1.9490157806931012 -0.5762186610109921 0.11393340676690583 0.7917251900226201 0.16781673637880157
3293.348523037 -45.110019651617776 -48.77754952172819 1.9421013118600148 -0.5840237232688128 0.12433145153868486 0.7813795414513867 0.18139457825066724
3293.398523037 -45.04726018184823 -48.7786580763139 1.9338095961369384 -0.5932561532051017 0.1370720147175097 0.7682342066383003 0.19767297037376957
3293.448523037 -44.98280628291952 -48.78017647290601 1.9251793325114834 -0.6003622256040365 0.15318877573703663 0.7556277231446037 0.21242678990950742
3293.498523037 -44.9173526529382 -48.78213787081586 1.9171477693708483 -0.6006210787843037 0.1682060092533682 0.7475027569569995 0.2284746955632505
3293.548523037 -44.850037717151274 -48.78391115033466 1.9124648958681845 -0.6008144566986526 0.17466289146071082 0.7435945327950534 0.23575842247053044
3293.598523037 -44.78425667576122 -48.78631064801735 1.9121652134901386 -0.6064192155974876 0.18345321642308735 0.7335287501515668 0.2460411043692335
3293.648523037 -44.723311639839274 -48.78847731102484 1.912159174214378 -0.5887558106978148 0.20772066258756844 0.7393582744246867 0.2521270785605745
3293.698523037 -44.66425598939722 -48.78970278496128 1.9182644474575579 -0.5903311340852038 0.2164287140495619 0.7331133156166612 0.2592539880697618
3293.748523037 -44.60492479656836 -48.79053246794459 1.9215916351540563 -0.5910650888792244 0.2208238077949135 0.7294269180138364 0.2642258085350212
3293.798523037 -44.544409897983655 -48.78996498183616 1.9194828717972627 -0.583242139073229 0.22414711510363095 0.7348862160978364 0.2636833847427784
3293.848523037 -44.48211585371762 -48.78924664628545 1.916254670155834 -0.5829930578258208 0.2211227056869264 0.735892730543068 0.26398055362177697
3293.898523037 -44.41840168516306 -48.790217807816134 1.9125331841603237 -0.593145875551327 0.21866571238202434 0.7265348251817434 0.26927759718002003
3293.948523037 -44.35388621400464 -48.79122110813819 1.9048285518000228 -0.599556119855544 0.21214761659015438 0.7222573838035168 0.2717905801535089
3293.998523037 -44.29130256840418 -48.793854194662075 1.8946051086061921 -0.5967025028224238 0.2071658041014835 0.7236630251373266 0.2781012024165558
3294.048523037 -44.232909220565325 -48.798677391819744 1.8864788390978342 -0.589191319537447 0.21198864357013691 0.7245725161878134 0.28793935605310483
3294.098523037 -44.176656544584965 -48.80423188432043 1.8828042029218124 -0.5805191861690248 0.21857429966445716 0.726631464231405 0.2953463478778255
3294.148523037 -44.12075573769872 -48.81106103657841 1.8855676041598548 -0.5791131063284829 0.22569548212206936 0.7241805519862552 0.2987508787487408
3294.198523037 -44.067694882634754 -48.82313494620516 1.8917424250078083 -0.5722427806222561 0.237242833729476 0.7246072358290749 0.30199071451596704
3294.248523037 -44.01716574923885 -48.84003568585449 1.8998850271920187 -0.57224607908218 0.23664550660305358 0.7151105577586558 0.3242687455826726
3294.298523037 -43.96607722331104 -48.856810493617616 1.9060279086988574 -0.574960244021352 0.2518943866872148 0.7041555208837398 0.3318658436165561
3294.348523037 -43.911736736984786 -48.872470503418356 1.9053825488122271 -0.5757208437605181 0.25290895344916303 0.699774626954995 0.3389661381243321
3294.398523037 -43.85500304941884 -48.88899553109474 1.8992553543813613 -0.5709865785787741 0.2607410188664183 0.69936622230607 0.3418703486129561
3294.448523037 -43.79504174655318 -48.905037856567745 1.891244061022833 -0.5704148286044961 0.25780836478277414 0.6986589573592316 0.34646418524552697
3294.498523037 -43.73198828924598 -48.91986105243045 1.885799152175428 -0.582093907615834 0.2526749345152839 0.6915514690697154 0.3450777098158393
3294.548523037 -43.667937494716604 -48.93512443937773 1.8805729971463483 -0.5896577998303059 0.24532758596201312 0.6870089047995929 0.34660758703669203
3294.598523037 -43.603306315213615 -48.949778859251424 1.8761761014953293 -0.5913396552407899 0.23462118261718518 0.6865377855679344 0.3520457098083913
3294.648523037 -43.5366422983442 -48.96176709205463 1.8768121891723204 -0.6002567090022781 0.2293339132111076 0.6853744632478556 0.342577997946086
3294.698523037 -43.469719979100184 -48.97345226858601 1.877831879143566 -0.6064530645437027 0.23542009369756958 0.6845129526229559 0.3289894795892146
3294.748523037 -43.40392641639926 -48.98393582349347 1.8732962320728166 -0.5822524040375436 0.23781428695129134 0.7088788486527132 0.31924486033005073
3294.798523037 -43.33961279689091 -48.99328622560464 1.875795105756879 -0.5814234526232135 0.2361469326531282 0.7151311165132985 0.3078455475277561
3294.848523037 -43.27714970003921 -49.00528246916847 1.8738275766818715 -0.5670154488018228 0.23959202262984985 0.7261047140699933 0.306367569624362
3294.898523037 -43.21455285723322 -49.015988432206505 1.869716167494718 -0.5536707079402627 0.23432854630135325 0.7370532707721892 0.3086929795140164
3294.948523037 -43.15062869951402 -49.024670997964314 1.8670694537825274 -0.5577953112865572 0.22902199668577877 0.7367159034022133 0.3060441037090124
3294.998523037 -43.08533639989994 -49.03258395263997 1.8607622580225158 -0.5628155742948369 0.22172236077744994 0.7364871704942689 0.30276141061864714
3295.048523037 -43.0204339117563 -49.041886461550384 1.8521380600640418 -0.568502066432256 0.21684834527650115 0.7345968121109325 0.30024942839171814
3295.098523037 -42.95984940836948 -49.054050451205335 1.8441500381356768 -0.5721579862513674 0.21926686350441338 0.7292283760931949 0.3046034419342614
3295.148523037 -42.90256798319187 -49.06655923537134 1.8365776773939877 -0.5700041825195903 0.2206028922381989 0.7280706014542142 0.3103913580375817
3295.198523037 -42.84693928449932 -49.07904968082787 1.8301285871106647 -0.5515242429276259 0.22224185022024698 0.7387550038583001 0.3172863277043524
3295.248523037 -42.789455538910794 -49.08980261227118 1.8373004549822776 -0.5647084790845938 0.22117270567194575 0.7307893717217886 0.3132632472764552
3295.298523037 -42.73438519367602 -49.10391854848517 1.8444527701732996 -0.5701855769567864 0.22536003192568843 0.7244924505105359 0.3149792897860877
3295.348523037 -42.680391339192 -49.118392005510415 1.8474229338214643 -0.5643233757873298 0.22318149117162323 0.7278367175065603 0.3193475570404107
3295.398523037 -42.62614304876809 -49.13384305018913 1.8492470281624909 -0.558049776453466 0.2229056209487202 0.7316814897331163 0.3217696827416
3295.448523037 -42.56930191423637 -49.150301578248126 1.8510892773384306 -0.5624912418788913 0.21997093359929296 0.7275411562027011 0.3254231971022272
3295.498523037 -42.50861714571249 -49.1667393796339 1.8481201017748012 -0.5642452770197957 0.2224579615013594 0.7269362498452184 0.32203014049384243
3295.548523037 -42.4449356637098 -49.18332198561756 1.8427639147423376 -0.566004694830718 0.21948318559808058 0.7275590163630606 0.31956798083994614
3295.598523037 -42.37885236818751 -49.19876406865083 1.8404609806166523 -0.5818119632094045 0.22008041291058403 0.7183123221297725 0.3115876428808747
3295.648523037 -42.310214870904154 -49.211103695513884 1.8370767725213786 -0.5980169371955693 0.2152373714973165 0.7100120675138832 0.30320204603995954
3295.698523037 -42.239735965997895 -49.21960195835894 1.8320128266313767 -0.6036293365857863 0.2072739385570103 0.7120238503594092 0.2927305500412113
3295.748523037 -42.168666034541864 -49.22539469536011 1.8321708765492597 -0.6110416537575541 0.19194329700555002 0.7146855659316823 0.28108790432315606
3295.798523037 -42.09892590461818 -49.231245867365004 1.8376962231523548 -0.6247298252672845 0.18876655512320775 0.7077582530388301 0.27047751910990425
3295.848523037 -42.031839993669124 -49.236574363520376 1.8386962210546274 -0.6068202026434664 0.1923059269247061 0.7243740574669955 0.264707191066231
3295.898523037 -41.96716136966416 -49.239123023631635 1.848499802145172 -0.6071693813209937 0.18641100991406367 0.7279601197129962 0.2582060066623953
3295.948523037 -41.9035301842614 -49.24383797907255 1.8578885069026667 -0.6137970355062909 0.18675752860224668 0.7217547019033584 0.25970170387285535
3295.998523037 -41.83962836918955 -49.24726944351231 1.8572254474031018 -0.6074321346434642 0.18682655436865941 0.7269141026798412 0.2602266852388123
3296.048523037 -41.77637916717942 -49.248870744592445 1.852246191567638 -0.6068307963427416 0.18672899863525497 0.7286824257746215 0.2567305748171074
3296.098523037 -41.713759865458954 -49.251255799471195 1.8427656954651257 -0.6070616519341653 0.18399341984185508 0.7288239344369423 0.2577561731515217
3296.148523037 -41.651682747116844 -49.25521429310414 1.8303572551871523 -0.6044766628775111 0.18522696525775037 0.7303015583601788 0.2587635392294795
3296.198523037 -41.591880868110145 -49.26167145157961 1.820026892016977 -0.6024749995461097 0.18196859202030327 0.7301829389593989 0.2659777849608465
3296.248523037 -41.53417815859526 -49.270003337236936 1.8141618179411454 -0.6063077530138244 0.18931060256481108 0.7239591019419823 0.26913866891852223
3296.298523037 -41.47692266224682 -49.280228177687015 1.8086623749304702 -0.6027705413490907 0.19724824090711277 0.7229134223468554 0.2741477516441286
3296.348523037 -41.419532376083566 -49.28965361324349 1.8042808686658667 -0.595973378680137 0.20487502970851976 0.7238526230385218 0.2808546496442014
3296.398523037 -41.362362928332495 -49.29464892429719 1.8024313151284448 -0.6018551917351088 0.21271688277130424 0.7198326155843665 0.2726955472803402
3296.448523037 -41.307957989184764 -49.30264456155208 1.795115563579828 -0.5848842032232341 0.2146996923724812 0.7332670047326578 0.2722756152972225
3296.498523037 -41.25654845306728 -49.316113353050596 1.7897829343561358 -0.5699512620329106 0.22046135416727 0.7387537896007962 0.284244944680268
3296.548523037 -41.20470808225088 -49.33154572728748 1.7865740151791143 -0.5695296300328401 0.23436087765531338 0.7310444698274147 0.29374302148994424
3296.598523037 -41.150382570306455 -49.346675212956924 1.7783289964901643 -0.567168293227626 0.24260766225009883 0.727507189042497 0.30032472303539753
3296.648523037 -41.09288376233579 -49.360681240884304 1.7652670650583608 -0.5588653426900756 0.23911989181511759 0.7318078875205414 0.30813701796595894
3296.698523037 -41.03189620584149 -49.37366386644053 1.7550614475451924 -0.5635103467168938 0.24311177171286755 0.7267543190177735 0.30851404406712035
3296.748523037 -40.96846858115689 -49.384367521494454 1.7452307116006804 -0.568384927899684 0.24197223311663088 0.722317882088316 0.31087761153301413
3296.798523037 -40.903475723547125 -49.39004576925781 1.738159823340047 -0.5766914370817209 0.237594222018833 0.7184059945551283 0.3080077905624176
3296.848523037 -40.83528014285831 -49.390534862022065 1.7345817020410421 -0.5888238473020612 0.2299877373934547 0.7194930827833653 0.28761401447761187
3296.898523037 -40.767140776446205 -49.389836532546056 1.7339094620250939 -0.5958295123966423 0.21110704088086185 0.727430097203386 0.266957792788257
3296.948523037 -40.702985833579355 -49.38816291826329 1.7347059797273248 -0.5947179761875961 0.19319109156675152 0.737156992569152 0.25610017423848036
3296.998523037 -40.63916879341208 -49.38354985879503 1.7339766770417175 -0.5898318258103689 0.17401323277053532 0.7508023737964099 0.24106764109608414
3297.048523037 -40.574633984352666 -49.3758025413926 1.730721877223 -0.5840225914734507 0.15631657027693316 0.7644403725665795 0.22386080339300332
3297.098523037 -40.50941451131659 -49.36468128386442 1.7263533459137166 -0.5839957723412671 0.14089812211305522 0.7728937061701247 0.20428405722216905
3297.148523037 -40.442872399930096 -49.350615381231215 1.7177197180135755 -0.5825223508723619 0.1189671959946941 0.7824962079642386 0.184970812651305
3297.198523037 -40.37620505226768 -49.334776771284616 1.707229191744368 -0.5823413037991789 0.09781620132202676 0.7897038715298383 0.16636824197900754
3297.248523037 -40.31030711371982 -49.31803794130202 1.6995415599785955 -0.5924906932456332 0.07461601023856439 0.7891074144403007 0.14386353919159325
3297.298523037 -40.24657959946688 -49.30180126690893 1.6950687109744063 -0.6094368548078053 0.05235907491664306 0.7823489166112276 0.11736873498969838
3297.348523037 -40.18491483697167 -49.28977961918648 1.6915415011457469 -0.6183168328029102 0.03352925183274485 0.7789609276678301 0.09889366365439373
3297.398523037 -40.12360116149667 -49.28185893253432 1.6890076577229258 -0.6216859265605981 0.015887607685897406 0.7777734621756864 0.09122847238530163
3297.448523037 -40.06236774583235 -49.27631036811812 1.6868338928170057 -0.6163178816972232 0.012689241108004297 0.783159632709589 0.08156127484616815
3297.498523037 -40.00428738852317 -49.27441775923145 1.6879826886912104 -0.6088427061858496 0.012536719254044898 0.7897258871317883 0.0740703246148322
3297.548523037 -39.94891635732131 -49.277148618567615 1.6937630972806323 -0.6080441694792699 0.009119248170572709 0.7900588113381162 0.07749968969016274
3297.598523037 -39.893685552958026 -49.282587167579024 1.6990776995372525 -0.614155936312004 0.0076654918861204305 0.7845972658065428 0.08462184479061453
3297.648523037 -39.837138636588826 -49.28817129000318 1.6992361530052886 -0.619113319464101 0.005687638537728101 0.7805308365588733 0.08624361779698157
3297.698523037 -39.77810542010848 -49.293660368941396 1.6931651208674199 -0.622969290164556 0.0037245452390684717 0.777670360923416 0.08440498217448514
3297.748523037 -39.71650501445865 -49.300313726161605 1.6807696499823563 -0.6198104248938171 0.014651244317858882 0.7805033607304721 0.08021771700393157
3297.798523037 -39.65260052242736 -49.307962661069304 1.6695722517232778 -0.625417871344196 0.02302211044215114 0.7756773231299865 0.08153011110002625
3297.848523037 -39.58625429749707 -49.31430367040585 1.6560831727677903 -0.6278534618196904 0.027453613044529177 0.7736515756618201 0.08068190062098782
3297.898523037 -39.52022666255009 -49.31934293833235 1.6422685111851405 -0.620681764151621 0.038703098600266404 0.77856393077898 0.08422840078235719
3297.948523037 -39.456085894312785 -49.32065427272716 1.6374014636136955 -0.6261801217039143 0.04707474816496329 0.7742926122637571 0.07844344371484135
3297.998523037 -39.39235323697155 -49.32029706647016 1.640075925029224 -0.6353450212086664 0.039930713363823644 0.7679475860103178 0.07070181961265994
3298.048523037 -39.32859073464963 -49.321292945465686 1.6422830247632192 -0.635152502688477 0.032542448641066514 0.7677124609223289 0.07835728880958936
3298.098523037 -39.26543125705914 -49.32279252798549 1.6432631624203318 -0.6245328602555434 0.04765476621283418 0.7753330747604728 0.08090953528911975
3298.148523037 -39.20259287988698 -49.32355621038339 1.64611879526896 -0.6228945254304799 0.05240201078455958 0.7753995763861585 0.08950942070328792
3298.198523037 -39.139512872431084 -49.32413372477301 1.6486974180126246 -0.629962555234204 0.050978596512314206 0.7682941316170158 0.10135328817203225
3298.248523037 -39.07617390830129 -49.32485965779232 1.6486787935909295 -0.6376580866093947 0.056168107520322 0.7609664217398335 0.10567598243548607
3298.298523037 -39.01188145215094 -49.325186312213845 1.644460821122343 -0.6435033364992339 0.056163488784509275 0.7558286157176631 0.10710845953624357
3298.348523037 -38.94642088141858 -49.3251905097223 1.635713148141508 -0.6455952783988843 0.05625784477057448 0.7545759801216554 0.1032321734454926
3298.398523037 -38.88163554123423 -49.32689363304092 1.6273879929457578 -0.6482950045082991 0.05226882450350472 0.7523648792669189 0.10454016242708394
3298.448523037 -38.818917059364146 -49.331136790346825 1.6225058189730885 -0.6523730233654697 0.050002073388551185 0.7479746120382779 0.11154914068709879
3298.498523037 -38.75723379167963 -49.33684649964246 1.621293989833915 -0.6541053136647318 0.05233236649423788 0.7449439622086476 0.12027491518000231
3298.548523037 -38.69565495463059 -49.343728234520434 1.6245937329902531 -0.6595097986603489 0.049797814941271314 0.7377349129903856 0.1353299717473156
3298.598523037 -38.63522227712797 -49.35288884689878 1.623956557438248 -0.6539111463884687 0.060379997970276704 0.7412035360957673 0.13918256555028305
3298.648523037 -38.57555295485921 -49.36529972554305 1.6171374268300833 -0.6212209114321205 0.06857778060088399 0.7644696849204475 0.15801192374290776
3298.698523037 -38.51868161318919 -49.37885925303473 1.610872501064399 -0.6004087374802269 0.08908565228917754 0.772525145796978 0.18648858845776453
3298.748523037 -38.46131678656286 -49.393191873157406 1.60778071607035 -0.5972666938972866 0.12754870164821733 0.7667781087403158 0.1976237764680241
3298.798523037 -38.40088128838514 -49.40728798188702 1.600223848638663 -0.5996414177577041 0.14553213607828827 0.7564693045539146 0.21680580883762807
3298.848523037 -38.34126229938466 -49.4223591977659 1.5908278291937343 -0.6000504229558584 0.16744683025060794 0.7424958874234655 0.24617251290255818
3298.898523037 -38.281346245301066 -49.43708226164007 1.579700081956851 -0.6013445892821411 0.19297037282295304 0.7239051802560952 0.27768401133672477
3298.948523037 -38.21601515687117 -49.44688907256659 1.5658294637541772 -0.6003548034918721 0.20743705973638762 0.7165836859747847 0.28818708709265445
3298.998523037 -38.14825083105715 -49.45105226742584 1.5517197679615649 -0.5894913085285731 0.21157436551249423 0.7262542084864044 0.28335685924826753
3299.048523037 -38.082540968360355 -49.45472430340306 1.5470586030411986 -0.5866163716645948 0.21936974426441314 0.7258917522164967 0.28432254898353765
3299.098523037 -38.01660157155318 -49.45546562740385 1.5525879364674005 -0.6129792937274443 0.21648184389145284 0.7039907066499748 0.2859879047743617
3299.148523037 -37.95023495984398 -49.45327120819569 1.5511553884662832 -0.6121511286588902 0.22557328373045618 0.7043197088621245 0.2798596738672406
3299.198523037 -37.88405440256548 -49.44768241078926 1.545080316879117 -0.5875858842011304 0.22548911230859642 0.728496742006655 0.270536477768796
3299.248523037 -37.81802281703989 -49.443182344784724 1.544938380121466 -0.5884140938399837 0.22870655371350507 0.7295159150192743 0.26318946824018946
3299.298523037 -37.752698182280106 -49.443157712931566 1.540658021226699 -0.5790601829624014 0.24296449873044207 0.7307909851749881 0.267585673852667
3299.348523037 -37.68571168136977 -49.443346478928845 1.532564152128819 -0.5682258079952587 0.2460802212533156 0.7354295282098776 0.27514971356163814
3299.398523037 -37.61773644565701 -49.44325173398478 1.5254648194802745 -0.571012667786421 0.2482418469276802 0.729570357899626 0.2829268660547817
3299.448523037 -37.54877178843636 -49.441836205330794 1.5169003707055304 -0.578456516560352 0.24211957099725476 0.7236854249430729 0.28817629589182525
3299.498523037 -37.481490367464225 -49.44241474275132 1.50839802634467 -0.5850818387832459 0.2415747485969559 0.715264955464255 0.2961704344647707
3299.548523037 -37.41577424620692 -49.443447793672995 1.498947195388689 -0.5846700395103009 0.2530495935343195 0.7106623400484995 0.29847258927400677
3299.598523037 -37.351225409157585 -49.44351346416658 1.4879471860271192 -0.5608302204079666 0.2629877825723191 0.7241765356322865 0.3031092795254975
3299.648523037 -37.28562000144579 -49.440858700101764 1.4890910231243701 -0.5615895462783485 0.26709404939242176 0.7253905927246171 0.29510411429979455
3299.698523037 -37.22229811504378 -49.44599042511359 1.4946610803857363 -0.5652137983840972 0.2674599820446153 0.7182950436647091 0.30504221079652044
3299.748523037 -37.160061029447 -49.4545920569585 1.4960349848084156 -0.559753750466575 0.2766421432290182 0.714877362312124 0.31479393304496656
3299.798523037 -37.097233126412625 -49.46296504426686 1.4905752280886722 -0.5419281469500743 0.2829964565289317 0.7228528552942692 0.3220413618283368
3299.848523037 -37.03467499921257 -49.472432012643196 1.4855846937032504 -0.534518045087321 0.2935023953507395 0.7201079273439617 0.3310458825839564
3299.898523037 -36.97315574536924 -49.48403666012326 1.4788223745186213 -0.5290653178486578 0.3113204183500833 0.7118668488578764 0.3411965358340928
3299.948523037 -36.910967399066756 -49.49487764264818 1.470837882355534 -0.5255999778457459 0.3278491193183645 0.7018173600064989 0.35172718326031166
3299.998523037 -36.84581606181578 -49.502329081657855 1.4652364958418915 -0.5386285549529068 0.33565829560735627 0.6858332636995554 0.3561537909141556
3300.048523037 -36.77954524445831 -49.50825695636202 1.459020709025139 -0.5500759935609754 0.34546941554021954 0.6716977173470953 0.3562154695474452
3300.098523037 -36.71413046664436 -49.513443776858146 1.4475820584216172 -0.5395528826390258 0.34809702335312626 0.6775363352021728 0.35868602377207226
3300.148523037 -36.64945181630609 -49.518561306547845 1.4392597920612606 -0.5290923180667233 0.3433961365084375 0.6863926352401477 0.3619469058880676
3300.198523037 -36.587334985235785 -49.52413463421079 1.4382314475945739 -0.5355554582497476 0.35720758034594524 0.6727175202342407 0.36473858262074793
3300.248523037 -36.525750498790046 -49.52826222055836 1.4331038313668758 -0.5234553573503802 0.36413498747289 0.6750562693356446 0.3710784728193564
3300.298523037 -36.46470371977646 -49.531697844424286 1.4285179165796387 -0.5146119514248919 0.37770456661558094 0.6735897744810342 0.3725461253630086
3300.348523037 -36.405689050747995 -49.53611522408342 1.4201779360456839 -0.491634165379889 0.3852754132607389 0.677890107762523 0.38771601097414327
3300.398523037 -36.34446446414064 -49.53823845403356 1.4172508201071574 -0.492610179559534 0.3872646732253534 0.6686507388156406 0.40033420207032266
3300.448523037 -36.28283096241864 -49.5410986505079 1.416011417471497 -0.503700957843694 0.3960491446407713 0.6468421915296557 0.4135524142763174
3300.498523037 -36.2200634421187 -49.54521636845311 1.4093077599214885 -0.503747008187124 0.40124879255883955 0.6317762111269417 0.43138982054133007
3300.548523037 -36.158251518235275 -49.550636661255524 1.4017158231424285 -0.4978684973361294 0.4032031701031412 0.6209387539679474 0.4516516653348849
3300.598523037 -36.09874413723367 -49.55685025357902 1.3985070398423476 -0.49342799597881826 0.404530199360671 0.6082827211857995 0.4720977247311644
3300.648523037 -36.03870695204809 -49.561518519881936 1.4001619898513955 -0.49752513960777445 0.4053576963734959 0.594407946119592 0.4845957769511882
3300.698523037 -35.979754270374954 -49.566483210476555 1.4023732591771783 -0.49299323636712655 0.4153584083092207 0.5854294157050496 0.4916375298635584
3300.748523037 -35.922404208515324 -49.573578199857195 1.4003349263517815 -0.46730343484207454 0.41502409069700186 0.5991558512572354 0.5003946141098478
3300.798523037 -35.86957898772628 -49.58505061595901 1.4017866533436807 -0.4417098754064552 0.4200541308085388 0.6048288196527454 0.5124734257271917
3300.848523037 -35.818067365120214 -49.59901829719459 1.404239745371331 -0.4212235361081143 0.4335309064797843 0.6003559663537767 0.5236357507073172
3300.898523037 -35.763223456021144 -49.612059832336456 1.4012644909777605 -0.4011725329191635 0.44167139769220853 0.5996178874998823 0.5333341956803561
3300.948523037 -35.704846956365664 -49.62431493925388 1.39450994947545 -0.391848724889467 0.4484466693269704 0.5962277137609331 0.5383889624755106
3300.998523037 -35.645567957260816 -49.636634789580405 1.3847152849940494 -0.38428878205035555 0.4512619752122614 0.5937989301735144 0.5441393132668992
3301.048523037 -35.58302650468882 -49.648790385240396 1.3766642576564616 -0.3909120155947014 0.45306674424703935 0.5856881019276147 0.5467062909657286
3301.098523037 -35.5163707460375 -49.65948596486666 1.36870816004825 -0.39927018886290927 0.44900688210507794 0.5869807361240587 0.5426138143531839
3301.148523037 -35.447554542018274 -49.66782311917266 1.3614327841041325 -0.40579943812854946 0.4290640847192724 0.5962359484570068 0.5438138661216174
3301.198523037 -35.37284895779774 -49.6710659135378 1.360275938454592 -0.4198233291701282 0.4170056515188115 0.6130752083777424 0.523443834387673
3301.248523037 -35.295568312512025 -49.67334409748959 1.3636120676663654 -0.43627666577708524 0.38721018611111396 0.634982506286961 0.5064860900160592
3301.298523037 -35.22403222100145 -49.67828151091698 1.375879208010014 -0.46446922378437566 0.38245570497197323 0.6350235757355834 0.48450080717324323
3301.348523037 -35.160915360111844 -49.68557144520313 1.3824904158208038 -0.46473693660796184 0.380817036851352 0.6396466310976017 0.4794268990383124
3301.398523037 -35.098927159187944 -49.69207124336465 1.3863674687081327 -0.46424414426647176 0.38014760667694225 0.6451018128964568 0.47308437159748684
3301.448523037 -35.03504674766353 -49.696176851546944 1.3882848181936929 -0.47155110914788295 0.3780182239699441 0.6493799294019096 0.46157066750171794
3301.498523037 -34.96828010264872 -49.69808636426943 1.3867366401795382 -0.4845287598286481 0.3659442509188495 0.6571924735485045 0.44655877421628665
3301.548523037 -34.89946019932148 -49.69957307217551 1.3821807605724727 -0.5018941411795222 0.34750577682377864 0.662778053660549 0.4336672200082762
3301.598523037 -34.83120775117076 -49.7032125004467 1.3741829643474586 -0.5154166958923576 0.3326892225405432 0.6636532999004287 0.4280511748985693
3301.648523037 -34.76584072429913 -49.70925506798771 1.3649208388072516 -0.5221957503590103 0.32222436784258085 0.6601912647104844 0.43316342074950265
3301.698523037 -34.70319767453562 -49.716314436426885 1.3628902124794557 -0.5386892095791576 0.31556751146982676 0.6447623314681944 0.4410358456037576
3301.748523037 -34.642849013253326 -49.72545428452211 1.3689907382099473 -0.5623810270263696 0.3161576517149782 0.6178895898209326 0.44942671760116354
3301.798523037 -34.58274095044065 -49.73523499558396 1.378462850220437 -0.5791885063214505 0.3186659753192129 0.5935360836154474 0.4590289617937179
3301.848523037 -34.522316163674965 -49.744938250617 1.3894169413167998 -0.5922850295512491 0.32462007548737704 0.5784600035271951 0.4573885379842428
3301.898523037 -34.464825790748726 -49.757456124487334 1.3976172612684092 -0.5898056379376889 0.3167900715774957 0.574776463778326 0.4705373276301507
3301.948523037 -34.40855803569249 -49.76954843491315 1.411874400134041 -0.6076551545499179 0.3268719400733798 0.5519171329163249 0.4682920310393974
3301.998523037 -34.350144953326215 -49.782007259057494 1.4211780690895321 -0.6232023043481796 0.3319258702041457 0.5303690938585032 0.4692043572091483
3302.048523037 -34.286959980214654 -49.79350386207934 1.423260843344328 -0.6368237971006094 0.3361483641794395 0.5179279367354653 0.4617470964226984
3302.098523037 -34.22010781242595 -49.80695945812579 1.4157166783595436 -0.6378117083664636 0.3363285221970521 0.5180194527461266 0.4601469291476406
3302.148523037 -34.14977222069548 -49.8199336861672 1.4025585207768352 -0.6368771184061081 0.3301190133308711 0.5241235085874436 0.4590245318435305
3302.198523037 -34.07705065209338 -49.83054171063529 1.3886585600497015 -0.6374673015960185 0.32761540121125154 0.5325908858919558 0.45016723175938
3302.248523037 -34.00444362020277 -49.84078743146581 1.373702779269376 -0.6291330205580059 0.3150565072330771 0.5504615402391873 0.4493585788778883
3302.298523037 -33.93311491132188 -49.847989214155554 1.3646470355670093 -0.6218388512975053 0.3144388928573845 0.5669190730718544 0.43937158563449574
3302.348523037 -33.864048834783944 -49.85304401338723 1.361328700546713 -0.6237841550090285 0.3146602430161394 0.5742928236082462 0.4266966278010227
3302.398523037 -33.79740812721102 -49.858227251426 1.351845671398103 -0.5962043012927252 0.32015018491403097 0.6046142525005057 0.42010224457008055
3302.448523037 -33.733101772195674 -49.86149469302172 1.3407888088745108 -0.5630863216463972 0.31493832911512687 0.6400349009813778 0.41725647838548907
3302.498523037 -33.66953682677041 -49.86246778829408 1.3321162215878501 -0.5485459096601335 0.31468969013147857 0.658126307480293 0.40857991546629613
3302.548523037 -33.60516285559785 -49.860573328581566 1.3233417916053885 -0.5466740327146474 0.31758914907942776 0.6675306329691544 0.3933033033045997
3302.598523037 -33.538349127570754 -49.85795088318471 1.3069242061147301 -0.5391643751201284 0.30895086240576863 0.6842598208347219 0.3816276179881214
3302.648523037 -33.4708621209043 -49.85712327933956 1.2848018529004455 -0.522930430588534 0.30572570698074575 0.7023490144908461 0.37387353302868503
3302.698523037 -33.40386757759745 -49.857392207319116 1.2563727892429486 -0.4901431641386514 0.3036597362605638 0.7276734932417382 0.371539675479863
3302.748523037 -33.33737681516923 -49.857800740673966 1.2319216392866963 -0.46371263739006985 0.29864690876878536 0.7452528705376567 0.37467155318088585
3302.798523037 -33.27110331631692 -49.857643937054746 1.2210497239816624 -0.4645852442662776 0.3015639328652625 0.7436261758812506 0.3744861222383363
3302.848523037 -33.20503554406244 -49.857066768655486 1.2128987534242477 -0.45773596502205055 0.2984025625974619 0.7470880924696219 0.37854072310743775
3302.898523037 -33.13939161586501 -49.856195584246336 1.2098022126099672 -0.45254516888794966 0.3004681980864177 0.7501629217184551 0.377064083324983
3302.948523037 -33.076647658742296 -49.85593140279509 1.206993315393101 -0.435860927918963 0.29710901387119 0.7628523947352929 0.37390869104199537
3302.998523037 -33.01628172326364 -49.85814295308661 1.2037061369191338 -0.4139407792422019 0.28704921494936086 0.7771410644964125 0.3772367232265398
3303.048523037 -32.95466694131037 -49.862321457459 1.2020660465684152 -0.4063025717042789 0.2888276673422484 0.7816311994006451 0.3748992757096686
3303.098523037 -32.89024039511745 -49.86671187971175 1.1960518935977575 -0.40228745821982764 0.28666443096714 0.7861158153207756 0.3714972811204256
3303.148523037 -32.82276943960406 -49.871751033827515 1.1849449166429136 -0.40183564165112734 0.285565152667934 0.7890451646390899 0.3665902192370085
3303.198523037 -32.75412603259548 -49.87756312461573 1.169042457427289 -0.3950626239000797 0.28530667112862457 0.7947306547516882 0.3618408669631442
3303.248523037 -32.681195763547684 -49.88220937929091 1.1553552313652082 -0.4052407096141022 0.27900918029590516 0.7933773822333128 0.35844968118646975
3303.298523037 -32.60561344245857 -49.88460767259187 1.1419567366585721 -0.42037131828192104 0.28212784915004224 0.7915189662997058 0.3423296035807249
3303.348523037 -32.53198860677463 -49.88615316627997 1.1229346231822364 -0.4046854244605074 0.2711064614781112 0.8073751185427802 0.3329810981603432
3303.398523037 -32.45835711458373 -49.890219372851156 1.1133397155365128 -0.40335034671888365 0.2713456000100901 0.8122832438691423 0.322297990819589
3303.448523037 -32.38803360362016 -49.89489412078838 1.1071314376203436 -0.40045460708712954 0.2793882167790946 0.8131510378853724 0.31680233833359234
3303.498523037 -32.32402105191826 -49.89485326771169 1.1003607293676152 -0.37714333832305597 0.2853929191077179 0.8270519024988885 0.30380739730079925
3303.548523037 -32.261434189796034 -49.892782267173686 1.0988175211582092 -0.36593015017739755 0.284202506024098 0.8350427816314577 0.29669447855659126
3303.598523037 -32.1979979906917 -49.8875633761057 1.097479235277661 -0.36072341323353013 0.2826316902810654 0.8430046989484083 0.2816753882484649
3303.648523037 -32.13225454061068 -49.88259813325746 1.0927962466528698 -0.35965285098369526 0.27628331413099977 0.8492370812689716 0.2703955193967709
3303.698523037 -32.06443397165173 -49.8814414738209 1.0838279421057797 -0.3587836308117586 0.27145219833444223 0.8517188299110354 0.2686318020188732
3303.748523037 -31.994319713630347 -49.88245166891426 1.0719203854374755 -0.3601522247235597 0.27005781348607066 0.8511830076059212 0.2699011670310665
3303.798523037 -31.92357675323883 -49.883558115569016 1.0617709412183807 -0.3642196723699828 0.26834203683271257 0.8494299671629443 0.2716713315989244
3303.848523037 -31.85461441353766 -49.88591899777224 1.055522042010321 -0.36779392751070566 0.2668734656180008 0.8466487512580805 0.27693333535062264
3303.898523037 -31.787416973965694 -49.890595219081646 1.0548791184089437 -0.37230302091213074 0.27169383844176836 0.8411191294586152 0.2830044678644864
3303.948523037 -31.71945129079363 -49.89516583652825 1.0587682824777398 -0.38023106251184424 0.2767433928389598 0.8352421453945164 0.28497016015341153
3303.998523037 -31.651989171074106 -49.900645414366075 1.0642993341159686 -0.38572205422171035 0.2796095637195453 0.8325916676812002 0.2825386764168538
3304.048523037 -31.58721415956317 -49.91076406220592 1.0715130276995368 -0.3881130617798783 0.2813506002823285 0.8286902675953898 0.2889334376449067
3304.098523037 -31.52113029534594 -49.92244118409258 1.081786698399536 -0.40641312882310154 0.2851076588511092 0.8155121895934941 0.29745900593036617
3304.148523037 -31.45265250839968 -49.932805202151954 1.0892209738024838 -0.4336217710195659 0.28283254345579906 0.7999087545548295 0.30351918629095015
3304.198523037 -31.382202542013218 -49.942460174761656 1.0902541555722587 -0.4622149075462422 0.27919517653246695 0.78435096093076 0.305288392720747
3304.248523037 -31.311063126973142 -49.95203917792043 1.083566641678285 -0.47891382417304235 0.2703729511039046 0.7761876172668557 0.30833877331422216
3304.298523037 -31.23803165364848 -49.96178695249684 1.0759141742774951 -0.49917773363194307 0.2591221369418341 0.7652979684913889 0.31304365161384023
3304.348523037 -31.16379186947122 -49.970085246329354 1.0708764397393586 -0.5263063407302792 0.25415555194738465 0.7488988535196114 0.31234131702103596
3304.398523037 -31.089605781910066 -49.97583453356849 1.0653667999417762 -0.5408379529383712 0.24161377914429957 0.7432469609038879 0.3109679171493041
3304.448523037 -31.016501968817572 -49.98181682907467 1.064684906508708 -0.5457733430043342 0.23841894819562157 0.7450335451904218 0.3003545900234569
3304.498523037 -30.946466015304935 -49.9894299531738 1.0709231946525635 -0.5570607232091985 0.23506596792733694 0.7370321690516167 0.3020114619730486
3304.548523037 -30.879960794771655 -49.9938791530499 1.076838200430696 -0.5555850700471122 0.2442089068297455 0.7361587880830608 0.2995955248227939
3304.598523037 -30.813980684824127 -49.992996702239004 1.0834417406200312 -0.5576646056802455 0.24882902192129136 0.7390116769315086 0.2845277610006963
3304.648523037 -30.748685537125894 -49.992651557546544 1.087005317091198 -0.5517047502933111 0.2509368310736562 0.7466782648547053 0.27408784013172366
3304.698523037 -30.68326658464786 -49.99287857273088 1.0942736801367885 -0.5662990255660797 0.2563728637636583 0.7360988007255572 0.2678374953939901
3304.748523037 -30.616357700537055 -49.993459037721024 1.0998668882644909 -0.5880229957006631 0.2579846380812594 0.7195393506364751 0.2644541660230359
3304.798523037 -30.547687837855474 -49.993933982960655 1.0980937900833339 -0.6010711532785565 0.25292247183844346 0.7102800315641276 0.26503956062591866
3304.848523037 -30.477561960761808 -49.9938450556393 1.0919033692770996 -0.6104986710308293 0.24814424027429968 0.7052768646650291 0.26134336199059727
3304.898523037 -30.40785621064802 -49.993865166158194 1.0830602829944609 -0.6114223779487482 0.23596741220261902 0.7092556493041597 0.2596891989514239
3304.948523037 -30.339502574875358 -49.994547271265276 1.0759595464470038 -0.6050420906867419 0.22436233645873668 0.7185758722556875 0.25929582774925464
3304.998523037 -30.270254724808336 -49.99678226487811 1.074937787964192 -0.6060694677319797 0.211345596694972 0.7217147733497029 0.2591150805520747
3305.048523037 -30.201695427843656 -50.00135351157689 1.0758092857908812 -0.6019854648700442 0.2087320568034908 0.723698521502336 0.2651506713608588
3305.098523037 -30.135777242092743 -50.00786376740121 1.0756672827787541 -0.5849829786310655 0.21646707073344526 0.7340842464884808 0.2684347985218148
3305.148523037 -30.071339839435456 -50.01502891788249 1.0785949958923395 -0.5745522398595739 0.21957028392810557 0.7394923967587832 0.2735500122903088
3305.198523037 -30.006705442339843 -50.02207656691291 1.08440675988438 -0.5788333150720829 0.22057010749309827 0.7332054218662678 0.28055414876464463
3305.248523037 -29.939347842182507 -50.026863300400905 1.0843699423230833 -0.5817023478490315 0.22371857161072142 0.7290445179930877 0.2829601915598895
3305.298523037 -29.869116157169884 -50.03084157412968 1.0746705248476198 -0.5701349465687057 0.22862218194460351 0.7373795136849982 0.28097952491536377
3305.348523037 -29.796765969585422 -50.03449826733897 1.0635521709852649 -0.5658081845607951 0.2262737458629385 0.7417386565206225 0.28015184389925724
3305.398523037 -29.722641063175086 -50.03603723490056 1.052993845408322 -0.569074972858579 0.21658805591784416 0.7429733005100269 0.277909992675639
3305.448523037 -29.647965172774743 -50.035595806855945 1.045415447088565 -0.5824424932822998 0.20583542939889984 0.7354129655359094 0.27849647779630554
3305.498523037 -29.57353085406934 -50.03068799521641 1.0370063737383317 -0.5882797966137426 0.19760885347127377 0.7359317617652201 0.27070660123277657
3305.548523037 -29.50236473202744 -50.024929125093976 1.0301812457863788 -0.5741547883031102 0.18423880827377076 0.7516821362257838 0.26716344561618827
3305.598523037 -29.435594324622812 -50.01855078644093 1.0351732048874667 -0.5835162746997714 0.18269759558031515 0.7456440206300458 0.2648496558961944
3305.648523037 -29.372352305783068 -50.00877742358731 1.0378188397377421 -0.5723166545761834 0.18036306400460483 0.757307317210667 0.2576983495034047
3305.698523037 -29.309596529448697 -49.997717373907086 1.0425149087378764 -0.5736710535214005 0.17704042263101838 0.7605979506534352 0.24708089478563808
3305.748523037 -29.247441919972704 -49.98771077444754 1.0439994648492943 -0.5720807881189333 0.18145820860101455 0.7643170887614483 0.23583018938158684
3305.798523037 -29.18548242014275 -49.97802822634074 1.042367260592604 -0.5686487203292363 0.17788655378140442 0.7685881612077171 0.2329533114232077
3305.848523037 -29.122392486980505 -49.96690010090533 1.042150236801021 -0.5836374404420462 0.1734377226886687 0.7601183305097408 0.2269511358991402
3305.898523037 -29.057786544978242 -49.95458756070548 1.0361816875251304 -0.5926096063969386 0.16538668622653807 0.7562542985292113 0.22257703021911432
3305.948523037 -28.992283128933092 -49.94203736744821 1.0282699873984258 -0.6000373151410132 0.156365188041771 0.75404531353264 0.21661212696081616
3305.998523037 -28.92875098304916 -49.93260344374525 1.0229461638530413 -0.6093895735791002 0.1497299539763565 0.7478168352198822 0.2167839234284696
3306.048523037 -28.866460762512858 -49.92605759698144 1.0200669841533576 -0.6167053832985031 0.14458392004463816 0.7418291906925951 0.2201349861142967
3306.098523037 -28.80314292908958 -49.922705502708304 1.019332599767022 -0.6256378719753104 0.1395851221265559 0.734275348601382 0.22345683983140613
3306.148523037 -28.741399833021553 -49.9235319349949 1.016525171921835 -0.6215404727790169 0.15188961190270261 0.7325639263236545 0.2323081581498033
3306.198523037 -28.682474501523092 -49.925086623917714 1.0117568280717684 -0.6083458896920537 0.16547426812319932 0.739158153916937 0.23702060792678153
3306.248523037 -28.625696442654238 -49.92729071282732 1.008476978106632 -0.5972998539115921 0.17748960888519055 0.7445018058821734 0.2396818397233204
3306.298523037 -28.568365536977062 -49.927394673413424 1.005263488385988 -0.5909926784858038 0.18328354619121862 0.7470947389095115 0.24286672634487363
3306.348523037 -28.50777793560861 -49.92295284830367 0.9990217327136645 -0.5893264044636038 0.1865796901867275 0.7496451401227975 0.23646262305509724
3306.398523037 -28.444182259099925 -49.916254846386956 0.9886748071418162 -0.587360138501291 0.18977048101914176 0.7531249760863329 0.22759174551918318
3306.448523037 -28.378785731842033 -49.90762561811307 0.976998609031902 -0.5836041465795331 0.18751293901387484 0.7582629510612966 0.22199638475742683
3306.498523037 -28.311562953924295 -49.89511659743258 0.9691279347262386 -0.5907915536807996 0.176812942022778 0.757298345403218 0.21494589943105444
3306.548523037 -28.24377609060192 -49.880155963602576 0.9645769349496311 -0.6008633445230919 0.16146816544421191 0.7549966095241678 0.20705408077025686
3306.598523037 -28.176890493818757 -49.86500990788478 0.9620093497847391 -0.6043276736963623 0.14376670732603541 0.7570994676207307 0.2022859184367005
3306.648523037 -28.110497389695578 -49.84930473707488 0.9631944403920918 -0.6082423866906951 0.13234092741196538 0.7592187464964864 0.19003676731846308
3306.698523037 -28.045360704445066 -49.8345863529783 0.968381605783242 -0.6230418127826123 0.12330682769215619 0.7511088001991086 0.1801385467702812
3306.748523037 -27.983709349949713 -49.82253460394898 0.9670790542048696 -0.6143123173895862 0.13030283039740725 0.7597405487922079 0.16862932015155463
3306.798523037 -27.925167185577646 -49.8105672375416 0.9669913418812102 -0.6011048642791916 0.12403734567017077 0.771494619303357 0.16758201396618233
3306.848523037 -27.867277793058044 -49.796338235206356 0.9719521076125933 -0.6135447530711372 0.12504517235518015 0.7637581013549273 0.15684420124524054
3306.898523037 -27.808269832454346 -49.78009028110237 0.9692806231589493 -0.6151727071560699 0.11676557979062141 0.7655389149847943 0.1479138580063965
3306.948523037 -27.748154279200733 -49.76364166646107 0.9613286697642082 -0.6113810430828618 0.10700855665671069 0.77158220946929 0.1393674387783899
3306.998523037 -27.687613389882497 -49.74724631037149 0.9529222409300164 -0.6101414767179162 0.09447455969399898 0.7743626096262565 0.13843585074654383
3307.048523037 -27.626373478726663 -49.729116913540324 0.9445231559503701 -0.6113183470533219 0.07688856359113974 0.7763477353048037 0.1328992898099464
3307.098523037 -27.564759535809614 -49.71416569886051 0.9377426433958835 -0.6150324548746182 0.06766592944567529 0.7745815236317843 0.13107198286215574
3307.148523037 -27.504111692754012 -49.70065871815554 0.9317215543437402 -0.6191524464195487 0.06077555359318233 0.7719989325069891 0.13028518099231068
3307.198523037 -27.444458645963625 -49.68972625733021 0.9233149746964834 -0.6076968031572998 0.06028982245857771 0.7816909696584934 0.12660553184863446
3307.248523037 -27.383990572094113 -49.678456496991835 0.920706247203338 -0.5985930683157736 0.05425217016493204 0.7892197837326639 0.12599672044013652
3307.298523037 -27.32539765851219 -49.66597336986372 0.9254477388781497 -0.6080908744365114 0.041662805739210114 0.7841677736712713 0.11649292588143464
3307.348523037 -27.268981675322085 -49.655909928407404 0.92642162959359 -0.6059919837720107 0.036881678331838794 0.7876090159589735 0.10528767918245525
3307.398523037 -27.212999198810547 -49.644420968652554 0.9266032589193306 -0.6081833222605485 0.024962791992625546 0.7885295939932923 0.08781221405264918
3307.448523037 -27.15533478914114 -49.63441715343332 0.9235005559570456 -0.610484699933228 0.02013795245180978 0.7888679725332574 0.06775113231344015
3307.498523037 -27.09635736980656 -49.62589524379935 0.9174344417182408 -0.612541696708997 0.013118737166839353 0.7885659143282828 0.05276710421853632
3307.548523037 -27.03640908303279 -49.617740023208135 0.911080032994457 -0.6173769782091025 0.0030384820335074315 0.7857402483503562 0.038061746237530975
3307.598523037 -26.975836287944055 -49.60725784291578 0.9067571113048813 -0.6303987152090739 -0.014581301298022042 0.7759261765172778 0.017983717927155717
3307.648523037 -26.915261065273086 -49.596264295830686 0.9006988316212527 -0.6374589185413426 -0.03383549026080446 0.769727669564285 -0.004538885110660105
3307.698523037 -26.854652715144656 -49.585603563387075 0.8943706368695792 -0.6409439731178023 -0.049929914004542136 0.7656213121252786 -0.022843673763910152
3307.748523037 -26.795098175271583 -49.57530346796255 0.8878198949971438 -0.6370660991126923 -0.05510222464281761 0.767562923523152 -0.04424577531631287
3307.798523037 -26.73646428355026 -49.564806790074506 0.8872010610302921 -0.6363059736804518 -0.06701460536598933 0.7661840331010003 -0.05988136560983122
3307.848523037 -26.67880282129901 -49.5548652578632 0.8856040792035255 -0.6358126002401091 -0.07418766192885261 0.7651245182637341 -0.06944782030510688
3307.898523037 -26.621616807893282 -49.54407889312907 0.8759159008251017 -0.6078625293676228 -0.06590551405378688 0.7861514761402794 -0.09014136215168954
3307.948523037 -26.565219848118772 -49.53305367811876 0.8730688499704641 -0.5985290758601247 -0.06669172266860972 0.791828322230884 -0.1016024979542412
3307.998523037 -26.509444385531843 -49.52067550745636 0.8711980350921671 -0.5947939428792645 -0.0737788967599043 0.7926382467439335 -0.11180988196815606
3308.048523037 -26.454276932428446 -49.507033969730074 0.867078964791568 -0.5923979787877018 -0.08470562028676208 0.791178146172055 -0.12620116338540902
3308.098523037 -26.397397106540527 -49.49381878993173 0.8621928404363802 -0.59831364524112 -0.09866461005679657 0.7830808985867903 -0.13809555716651006
3308.148523037 -26.337387030047303 -49.48335859762009 0.8552351263659117 -0.6059379256550598 -0.10474885660025432 0.7753332048449226 -0.14396294231045648
3308.198523037 -26.277038848820393 -49.47553480269663 0.849564594197489 -0.6130669839705482 -0.11016857475351423 0.7689777213024432 -0.14382288567031704
3308.248523037 -26.21839945218685 -49.47027756832504 0.8484755115174942 -0.6238114134571408 -0.11668376988999002 0.7598990264521734 -0.1407042568009334
3308.298523037 -26.15891058032739 -49.46834774320368 0.84741567256858 -0.620636019686655 -0.1207453310469351 0.7638789116715392 -0.12930778940720056
3308.348523037 -26.09985163961498 -49.46735851550357 0.8500488785249344 -0.6188924740314762 -0.12060393460110624 0.7670904216867374 -0.11831771423753182
3308.398523037 -26.039295743802832 -49.47005530714451 0.8536560950145987 -0.6167408456615768 -0.11257811235102211 0.7717595964853448 -0.10650832429862767
3308.448523037 -25.977120776451994 -49.47704002422478 0.8555668421790303 -0.6108888898378224 -0.09494517955285765 0.7816343649943853 -0.08275201878028567
3308.498523037 -25.916345113250948 -49.48220412429211 0.8590699932654868 -0.6182765070975185 -0.08735071131734948 0.7778017799188608 -0.07161288402722918
3308.548523037 -25.853593613657498 -49.486767332763904 0.8566746141721101 -0.6189373069671675 -0.08622286556544402 0.7784827882179116 -0.05870924924047231
3308.598523037 -25.790094230769938 -49.4915277344632 0.8490524782502888 -0.6177451389611262 -0.06893044032951944 0.7815290926633358 -0.053402387649811756
3308.648523037 -25.727014909501467 -49.495287134021375 0.8436187027341162 -0.6249205851341981 -0.06755397754936765 0.7764026105508253 -0.04593156564558189
3308.698523037 -25.66395851593489 -49.49736096928456 0.8389064472906154 -0.6374770016249958 -0.0717391516417955 0.7658420975387673 -0.04429952774400219
3308.748523037 -25.600540846380696 -49.498426409425406 0.8333695833195609 -0.6453394347510255 -0.07639024661082992 0.7582821857765989 -0.052054499438828575
3308.798523037 -25.53566297352858 -49.50279569699131 0.8280360052393156 -0.6445298410009468 -0.0784190572273766 0.7590327908512764 -0.0479683013602368
3308.848523037 -25.471549259535394 -49.51075898731465 0.8272776350493902 -0.6417811442510198 -0.062157258572718484 0.7626836718478226 -0.050666110836522504
3308.898523037 -25.408651289263254 -49.52150282370903 0.8339440847780135 -0.6501698609581318 -0.06863040956830585 0.7560697438037178 -0.030455890871076058
3308.948523037 -25.347824062492993 -49.53237534665785 0.8369348295624184 -0.6532335519363678 -0.055371256475627906 0.7549405156532654 -0.016875082402426897
3308.998523037 -25.2895892812921 -49.541538269233314 0.8356304937551033 -0.643559630408227 -0.02964507760675729 0.7646168716044346 -0.017697772186443535
3309.048523037 -25.232619307726626 -49.549255489483606 0.8359308552794082 -0.6420435183245642 -0.02388341369743827 0.7661835817805547 -0.013130961026992159
3309.098523037 -25.175162541027923 -49.55602094775948 0.8331752381354247 -0.6408678116768136 -0.01960123061833088 0.7673519482023649 -0.008673367561367282
3309.148523037 -25.11573748563204 -49.562945086820264 0.8266792696046851 -0.6357677510766396 -0.015784018941710436 0.7717021636761567 -0.005099217051458909
3309.198523037 -25.053070956115725 -49.57201295783954 0.8221309320648704 -0.6444868109120131 -0.012724390195000716 0.7644454242871412 0.009901198971906278
3309.248523037 -24.987398720967867 -49.58327523031641 0.8168476829356864 -0.6523210277968048 -0.0013539823750223015 0.7574024684090974 0.0285822370302714
3309.298523037 -24.921739455150117 -49.596881311020404 0.8130220135414751 -0.6582868425281962 0.017879259477299233 0.7510790203911015 0.04710700758002302
3309.348523037 -24.857912431016807 -49.611991615627105 0.8128939142911705 -0.6659638116307288 0.03387432332245191 0.7423945298574113 0.06476954419718021
3309.398523037 -24.79512597624117 -49.62822983421047 0.8137976472490868 -0.6622805620419236 0.05045910287310855 0.7432615309963388 0.0800039537751318
3309.448523037 -24.733115149388773 -49.644813384400784 0.8197536099814399 -0.6646146212758753 0.05622467437445854 0.7385249869221295 0.09852428568368037
3309.498523037 -24.67257510247578 -49.66289897254341 0.8263344467037967 -0.6722884202891803 0.06769983075746573 0.7278175512382472 0.1171606801365134
3309.548523037 -24.612865239283366 -49.68259177906495 0.8265437690532169 -0.6616804363658036 0.08641607477527798 0.7334579400166819 0.12942454318126317
3309.598523037 -24.553961163521986 -49.702680797447364 0.8243052878658736 -0.6528823695137931 0.09909450471841162 0.7376032093675858 0.1409482041152186
3309.648523037 -24.494544853698237 -49.723181395494116 0.8195572686965478 -0.6498638703800937 0.10864710637802258 0.7363229125278483 0.15395234566837318
3309.698523037 -24.43401740598253 -49.74383754314673 0.8090414147120348 -0.6438850015022345 0.11886681366449034 0.7372416108134798 0.16660610053315733
3309.748523037 -24.372416694951088 -49.76536621987939 0.7933381569971473 -0.6314293643550883 0.13405871237766034 0.742308105318633 0.1797328468701094
3309.798523037 -24.310026071072503 -49.78661522944948 0.7771455303019581 -0.6187120901577771 0.14859434115431 0.7471578450725297 0.19201621237823932
3309.848523037 -24.24655393977553 -49.80681790506184 0.7655961551586725 -0.6171166770040227 0.15889300070635168 0.7433599469520464 0.20331259320931144
3309.898523037 -24.18227198253717 -49.82762082343912 0.7562347378371431 -0.6133875512769523 0.1625997931259689 0.7407699969821953 0.22040152173897276
3309.948523037 -24.119068074393542 -49.84772034950965 0.7489007828439993 -0.5946214176762139 0.1787444142094016 0.748859943804795 0.23169934957687435
3309.998523037 -24.055384347503047 -49.86475857639015 0.7516578197138418 -0.5888885001320723 0.1848253904761126 0.7503179905520436 0.23679700695214462
3310.048523037 -23.992253877768736 -49.87920815871498 0.7600458556705568 -0.5953894688724252 0.18654578291128798 0.7427668490676907 0.2429186266219218
3310.098523037 -23.92862044670763 -49.89096072646834 0.7655836704973457 -0.5960223854341682 0.1906781723004665 0.7412681387099912 0.2427358589144649
3310.148523037 -23.8640350899773 -49.90289598581115 0.7651111025517076 -0.5881322308362542 0.197164343118143 0.7456661644267556 0.24332832158105466
3310.198523037 -23.800222173487008 -49.91603723931743 0.7611303219869084 -0.571376095684889 0.20740639536202057 0.7520704489114403 0.25475867859009393
3310.248523037 -23.735034806185578 -49.92406191522828 0.7608215546020157 -0.581149079004083 0.21248836435062118 0.7421602226333017 0.25751242092216065
3310.298523037 -23.668303917490604 -49.93000689791296 0.7562328896022303 -0.5890941311880333 0.21628436321400987 0.7338236080743773 0.2601770379215454
3310.348523037 -23.6004741257792 -49.93582540902116 0.7459817838392013 -0.5825803982128387 0.2187310149973341 0.7355740694049249 0.2677454222120058
3310.398523037 -23.53290028679429 -49.94132648014506 0.7386604300472885 -0.5806499248477741 0.22158410074252383 0.7336765139463572 0.2747087984683455
3310.448523037 -23.467824177854713 -49.94760173500488 0.7357621831184381 -0.5798550678770649 0.22361468078561456 0.729961209463378 0.28446653137617944
3310.498523037 -23.405723248300614 -49.955465163716134 0.7353321152590584 -0.5723824596185424 0.23093648674975062 0.7299464893309835 0.2936405655254101
3310.548523037 -23.344565008607766 -49.962187012682236 0.7382347466372017 -0.5634359850124565 0.23448600918578816 0.7311555623874325 0.3049061263390468
3310.598523037 -23.284005373138825 -49.96739473975803 0.7461273173241834 -0.5669999125373102 0.24084838614896673 0.7282575022277196 0.30024017805943953
3310.648523037 -23.226796499182733 -49.97863080564203 0.7515689553970112 -0.5552373930903522 0.23813788764801697 0.7326876021700087 0.31332197721694094
3310.698523037 -23.17024963521021 -49.99310847315391 0.7583588382673181 -0.5536862447765903 0.24168464614923782 0.725972089261275 0.3286101029708842
3310.748523037 -23.111126446371802 -50.006796643093175 0.7622373872500173 -0.5609005071465301 0.24734755938000907 0.7165430726497473 0.3328300331838723
3310.798523037 -23.050728975000737 -50.021844670042015 0.758945773556393 -0.5569672075168282 0.2556571294145794 0.7135459980834326 0.3395277169091233
3310.848523037 -22.988040062603616 -50.03574990630579 0.7534390134615747 -0.5551337108957822 0.2554253894298954 0.7123178299822236 0.34523577820249235
3310.898523037 -22.922570858843834 -50.04913422288554 0.7490310930779306 -0.5633176192841471 0.25668228198757903 0.7043235983489724 0.34744169975183625
3310.948523037 -22.8538623815982 -50.060816818360976 0.7442929866021976 -0.5740192120153322 0.2530731366198365 0.6973487331400665 0.34664199997495837
3310.998523037 -22.7838443623666 -50.071809421941985 0.7380617608126759 -0.5768307840866619 0.2508923039764163 0.6961331881341758 0.3460027206735817
3311.048523037 -22.711989098363528 -50.080318791764114 0.7328018844730685 -0.5756341607137654 0.24757003407408318 0.701201503444267 0.34010416465461835
3311.098523037 -22.63882956015181 -50.08725723150733 0.7336870122167513 -0.5828247411761812 0.24344133364776868 0.7015664781992488 0.3299335005903708
3311.148523037 -22.568084950169613 -50.09440755738038 0.7387603101715782 -0.5976864162087137 0.2582526340229325 0.6913849952911443 0.31315062379958
3311.198523037 -22.4992544915868 -50.10240457394482 0.7355784339039169 -0.5795265657093376 0.25670456378116746 0.7079481280512712 0.3115464244053565
3311.248523037 -22.43168751158965 -50.11106329597715 0.7346270382863754 -0.5693133357820962 0.2638405977352818 0.7152818535701755 0.30763994318125454
3311.298523037 -22.364165255468677 -50.11948254209967 0.7318839327919173 -0.55950261518844 0.2663109253897894 0.7204728057364808 0.31137477548692616
3311.348523037 -22.294441572967305 -50.122702308948874 0.7279387070218558 -0.5585847659521146 0.26256967912125817 0.7251652340382757 0.3052467955517208
3311.398523037 -22.222815113491457 -50.12368806129095 0.7230107717074019 -0.5652438203031466 0.2575745700203293 0.7261023107543924 0.2948392762253339
3311.448523037 -22.150600325901625 -50.12581482780175 0.7165017095045572 -0.5703337877245129 0.25205579486771307 0.7258502258783465 0.29039403651895
3311.498523037 -22.07878100211351 -50.12974111496341 0.7106022464545378 -0.5761601200945023 0.25223295344690444 0.7223103693984533 0.2875513579651649
3311.548523037 -22.010246478823316 -50.13564366715364 0.704593341380305 -0.5678022446245017 0.2534038527075711 0.7270964769845095 0.291063243280652
3311.598523037 -21.94576192043761 -50.14280391288858 0.7044740180374012 -0.5636095143431767 0.2533339636813783 0.7281670354060618 0.2965450838157291
3311.648523037 -21.882158709073597 -50.14931168620407 0.7084106779227101 -0.564506642727987 0.25423439890815386 0.7250033003821069 0.3017736488874386
3311.698523037 -21.81921384189215 -50.15672191057818 0.7110734921730715 -0.5600272392473896 0.2584918734189237 0.7286484412685474 0.2976959719482922
3311.748523037 -21.759470387221352 -50.16999026606126 0.7135360293942064 -0.5456891482494525 0.2598568200118218 0.7342148659881881 0.3092350516000377
3311.798523037 -21.70002318274782 -50.185488817418474 0.7197601656015004 -0.5479518597493893 0.2669575644964019 0.7256447613292258 0.31925240564604385
3311.848523037 -21.638885998069874 -50.20031057511454 0.7223012936340076 -0.5475432037946519 0.27189561201675794 0.7206943859665881 0.3269079659178768
3311.898523037 -21.574937404383597 -50.21319299629038 0.7221844643924631 -0.5505141122796318 0.2699430276709563 0.7175016403595349 0.33053951363518275
3311.948523037 -21.50867535530587 -50.22380691793583 0.720334979396609 -0.554780501097139 0.26882640868193347 0.716823976839216 0.3257519667262083
3311.998523037 -21.439583835867836 -50.23164876094289 0.7172998755775934 -0.5586824638222118 0.25829085858062567 0.7209615519558188 0.31839311800458847
3312.048523037 -21.369094493525875 -50.23917590587925 0.7164714579682551 -0.5690579004513598 0.2473432467359468 0.7187550410655617 0.31366481340892166
3312.098523037 -21.29956359541036 -50.247586135395586 0.7153943987637269 -0.5700776414719188 0.23675221306573788 0.7190942616230327 0.3191603283666619
3312.148523037 -21.229319948382493 -50.251156181086415 0.715876204230538 -0.5665450128847359 0.22867000730045212 0.7262034611674528 0.31522263422073227
3312.198523037 -21.15736796295937 -50.25116412109808 0.7233444701342657 -0.5785864203872854 0.21962497220637642 0.7255827740770081 0.3008857984177544
3312.248523037 -21.08734079409656 -50.25268663900763 0.729964181365543 -0.583994927103603 0.22136207791067744 0.7245769095156267 0.29143962972991194
3312.298523037 -21.01876817635037 -50.25283444501257 0.731427019559487 -0.5637994731706333 0.22073887317792462 0.7434280348901731 0.28411135292344813
3312.348523037 -20.95004753869626 -50.25104225680201 0.7392075769592084 -0.5664908992212084 0.21985125399790625 0.7454566275033954 0.2739487246299185
3312.398523037 -20.88063320879479 -50.24916856476736 0.7458646960543738 -0.5768557829390998 0.2196092665098176 0.7402699869625655 0.26647611929623505
3312.448523037 -20.81029630198119 -50.24641368320171 0.7455325522699177 -0.5773325171789496 0.21508170560876655 0.7440395497800126 0.2585191924855832
3312.498523037 -20.73889694229195 -50.244373357395126 0.7432203285131207 -0.5857809292963578 0.20855990920689577 0.7403685106415971 0.25537802488595257
3312.548523037 -20.667441642728384 -50.24457315491215 0.7366814916824784 -0.5907135225212945 0.20842158903688443 0.7361491963369903 0.2563246696403364
3312.598523037 -20.59796350883614 -50.24669027839679 0.7268710964432301 -0.5854862424356343 0.2123395003724232 0.738265929292529 0.25900041340899443
3312.648523037 -20.531673500868745 -50.25356071902109 0.7220990578004053 -0.5831369172845375 0.2332263003301853 0.7333702956657768 0.26023996228341234
3312.698523037 -20.46852428653611 -50.26554988904936 0.7203330074447905 -0.5769226024965153 0.24603359964186225 0.7244042667154851 0.28612276550515153
3312.748523037 -20.406466305950065 -50.277518171632956 0.7215349742044926 -0.5671731506117474 0.2584118475257949 0.7172325559815838 0.3116334303690379
3312.798523037 -20.344684607471212 -50.28787236502844 0.7251943623002257 -0.561173710378473 0.2673555911149893 0.7142387364353221 0.3216645489557201
3312.848523037 -20.285615027216142 -50.30194314429747 0.7256014376953045 -0.5409525603078237 0.2696276639954437 0.7207234174518081 0.3394539819200201
3312.898523037 -20.228823191537725 -50.319077956421516 0.727192941692858 -0.5295457881587164 0.2876007459333674 0.7113561431919018 0.36171744044914017
3312.948523037 -20.169906150859898 -50.33503840388565 0.7253439968805488 -0.5217805078373394 0.30120705223767863 0.7025381906040502 0.378760483770527
3312.998523037 -20.10894646623679 -50.34988210976007 0.719016628858288 -0.5148833853194128 0.3103244111037564 0.6946206537430997 0.39508987178696076
3313.048523037 -20.047019556854007 -50.36392193882119 0.7100719795184146 -0.5066751586570336 0.3208764843363121 0.6865489968333959 0.4110584390897434
3313.098523037 -19.983521903032084 -50.377496028489034 0.7013581423640267 -0.5024440272823073 0.33089996510633196 0.6769612750349565 0.42400311867250534
3313.148523037 -19.919124594266997 -50.39022478104012 0.695463566427353 -0.5104826251065472 0.33960335171088046 0.6574571324604757 0.4379807894735943
3313.198523037 -19.856050984766984 -50.399735143548405 0.6880568529968558 -0.5067692353958898 0.34080769767702757 0.6503889324354908 0.45169601705767976
3313.248523037 -19.791211018959967 -50.402497414645104 0.6838343059148427 -0.5050952585850296 0.3349509171929565 0.6550159789724218 0.4512656979178888
3313.298523037 -19.726340129131746 -50.40528845475482 0.6876969684000055 -0.5208155254714741 0.329840585547013 0.6473204883448639 0.4482550188484709
3313.348523037 -19.66588589974508 -50.409336017014255 0.6911851881658395 -0.5261333478910575 0.3402896560583911 0.6397861228229704 0.44503973671994795
3313.398523037 -19.604532741834884 -50.41223350982135 0.6872375423269735 -0.5084385899385058 0.34207667517034934 0.6562936495563468 0.44017314106809635
3313.448523037 -19.539791999744953 -50.41323157580894 0.6826760552284324 -0.4986736234009817 0.3431411935734135 0.6723220139049038 0.4261007489033593
3313.498523037 -19.476852080582947 -50.41650482071809 0.6761170628366622 -0.48429195006609677 0.34312329739745395 0.6849835243474615 0.42252252159714104
3313.548523037 -19.412765704215783 -50.420618778380806 0.6708129249645295 -0.48033660732749084 0.34633117900229277 0.6880199436929962 0.4194758815387173
3313.598523037 -19.347329604172852 -50.425679504315866 0.6631043380227136 -0.480351730026148 0.348081224698786 0.6860249540391246 0.4212735915158901
3313.648523037 -19.28084090607605 -50.43153279281011 0.6517990426873097 -0.477255029533324 0.3540540823813797 0.6845822347997236 0.42216170756102656
3313.698523037 -19.212938761820936 -50.436084022743806 0.6385852027406905 -0.47670860485324645 0.3468349813787901 0.6847338325681083 0.42847868125197963
3313.748523037 -19.146206890105628 -50.439967797153194 0.6288306889659775 -0.4789347892882426 0.3472263803454948 0.6832305070097997 0.4280787108613607
3313.798523037 -19.0824289816754 -50.44511580389013 0.62048403391461 -0.467996024293486 0.3491896177059275 0.6861245013908738 0.43391185824197515
3313.848523037 -19.01922803539468 -50.450090292717945 0.6161903237424511 -0.4524394687146825 0.3518440666431037 0.6906781783772776 0.44098518550022126
3313.898523037 -18.956868426596888 -50.45664706328779 0.6165536645896541 -0.44468725098351164 0.3550693598641864 0.6919225342424693 0.4443221861508192
3313.948523037 -18.89956368291221 -50.46880774362233 0.6169020817115718 -0.43026279638922593 0.3667075147031439 0.6870488524747623 0.4564683987054079
3313.998523037 -18.841144111153756 -50.482700799849866 0.6161562576989772 -0.42378183905914213 0.3821137122353785 0.6772699739257481 0.464438850898551
3314.048523037 -18.78165545062677 -50.497467807762455 0.6103493793507899 -0.41291243639190206 0.3928174416795135 0.6706254819847063 0.4748254840444498
3314.098523037 -18.720161827947887 -50.51240082511364 0.6033119502395476 -0.4097535170048036 0.4008323039597712 0.6594802056701043 0.48633463554821266
3314.148523037 -18.657521785400384 -50.52846302235998 0.5957892422262838 -0.41368014676193965 0.4090399270888793 0.6424923396062264 0.49875712302629027
3314.198523037 -18.59202880030215 -50.54459320558354 0.5885243868745534 -0.42822886985674674 0.41989514188260435 0.6205892000465284 0.5051506207362424
3314.248523037 -18.52523651918935 -50.55946945692421 0.5759024527911737 -0.4293116167431608 0.4207624924474574 0.6126198660451492 0.5131738111065298
3314.298523037 -18.456927506049016 -50.57243564272096 0.5647110385432587 -0.4303003296898802 0.41459724771804873 0.6108007671810975 0.5194931869277807
3314.348523037 -18.385769705319078 -50.58339112716878 0.5604950291784505 -0.44173389882098285 0.40399324355981175 0.6102088529534501 0.5189467964711518
3314.398523037 -18.316878121260388 -50.596123008467266 0.5671399054153955 -0.4661654401513101 0.4131491390145565 0.591179957247671 0.5123512754826594
3314.448523037 -18.254691776839433 -50.60873757798107 0.5733154065647681 -0.46942524463238045 0.42793450218956897 0.579230903432993 0.5108850771414196
3314.498523037 -18.19493884015977 -50.61894573657775 0.575946814553613 -0.4538295976432777 0.42705371431210953 0.5861462690827631 0.5177802358486939
3314.548523037 -18.134495329461988 -50.626461164119895 0.5832163916842096 -0.4575540766494998 0.43410628014053865 0.5804194384441111 0.5150818187047478
3314.598523037 -18.073847755554965 -50.63234058155283 0.5887674092120978 -0.46332571833212716 0.43762724135651443 0.5732855127762215 0.5149324200277257
3314.648523037 -18.011191233785812 -50.636365256989016 0.5920626838928875 -0.4747542893674434 0.4361992699536936 0.5648862331759729 0.515016606710249
3314.698523037 -17.946578985287598 -50.63835846264872 0.5946732203333099 -0.49626015235999527 0.43807612930678075 0.5486009107331439 0.5107369252893196
3314.748523037 -17.881173087856 -50.63811657483785 0.5957231732822329 -0.5233579617836595 0.438599261963532 0.5299128015977819 0.5029110795612767
3314.798523037 -17.81739115384666 -50.637497595083474 0.5918999036906061 -0.5354375258100348 0.4355792830030519 0.5217242442360445 0.5013792548054853
3314.848523037 -17.752709251842187 -50.636387049260605 0.5879238068312223 -0.5437788544663664 0.42565761958140536 0.5242536427849969 0.4982752917356018
3314.898523037 -17.68978635432546 -50.637566968296284 0.5867335244772441 -0.5503894006453067 0.4236113235961692 0.5205345615847586 0.49665755241832865
3314.948523037 -17.62559043274865 -50.639805222133425 0.5854947131909365 -0.5465454302415432 0.4215074298936875 0.5249086176342445 0.49808686226381355
3314.998523037 -17.55961258708064 -50.642457590579646 0.5856723041801261 -0.5465442147623547 0.4251105565306064 0.5299019371790644 0.4896676148265414
3315.048523037 -17.495104226226008 -50.64808912303077 0.5799472582196434 -0.5264553189231781 0.4165938647384803 0.5533671670543369 0.49303055429254
3315.098523037 -17.43096984053838 -50.65306365414554 0.5770446101370132 -0.5160625953680167 0.4133508434326346 0.5678919265578692 0.4902236608385483
3315.148523037 -17.366727829834684 -50.656978159425776 0.5780662161161799 -0.530152825432118 0.41363270729584906 0.5592839897250426 0.4848168561206255
3315.198523037 -17.30073066683847 -50.660376460207516 0.5745515838251815 -0.547690713506728 0.4099747915890678 0.5486703439512255 0.4805376221155172
3315.248523037 -17.230941383426508 -50.66324986664809 0.5633027857966232 -0.5526954852876296 0.4035500195541288 0.5544199503141753 0.4735964536967746
3315.298523037 -17.15778151663311 -50.6643058680397 0.5511909098768193 -0.5671244028145984 0.38428449945406895 0.5595475356915868 0.4664781779601198
3315.348523037 -17.0855118574125 -50.6628185417872 0.5442045307500032 -0.5922187198803732 0.37320545490729357 0.5494943484891787 0.45612568139619736
3315.398523037 -17.01309736867947 -50.659250320818494 0.5405950499480481 -0.623385421134972 0.3530317813468205 0.5349737304598332 0.4478418088938929
3315.448523037 -16.938842802253607 -50.65642879248919 0.5371079258778454 -0.6421735135416246 0.342708223228105 0.5311820472353317 0.433601066571938
3315.498523037 -16.864976058907196 -50.656466047259705 0.5329692833741119 -0.6460089095911211 0.3389722126440436 0.5362472855630173 0.4245105140163054
3315.548523037 -16.794125706218285 -50.65756451069735 0.526603731661846 -0.6283009168674653 0.3387747753811233 0.5558791769968187 0.42599055155051446
3315.598523037 -16.72528467321678 -50.655111571809066 0.5252248832132385 -0.622534660252218 0.34059349536545264 0.5675927372973212 0.41747473248896544
3315.648523037 -16.658770020731584 -50.65293405225473 0.5216089309250935 -0.617922876771242 0.34195725158252244 0.5741293981776314 0.41426077608321893
3315.698523037 -16.590799270482247 -50.64960424852899 0.5082502995084253 -0.5969854435393352 0.33670530835580453 0.5985464214601103 0.41470483103583655
3315.748523037 -16.521110744098156 -50.64277338099327 0.49019301630863227 -0.5800978600168601 0.33144978650928897 0.6244739283477184 0.4045489150161877
3315.798523037 -16.451834355413418 -50.63535813288386 0.4695583708078166 -0.5669926934875681 0.32077826695124245 0.6440688358423673 0.4009936703741442
3315.848523037 -16.3823180911536 -50.62608662533971 0.4514423252969676 -0.5684983199217288 0.31383192113282005 0.6525675342463811 0.39048021559594204
3315.898523037 -16.313815261044628 -50.61678348767132 0.4335005984748005 -0.5682473934078154 0.30357572856237963 0.6625481929906614 0.3820557143635642
3315.948523037 -16.246500561951905 -50.6067963704645 0.4193482113730165 -0.5675465511632161 0.29389430271297395 0.674388248377007 0.36975335231284406
3315.998523037 -16.180373762046543 -50.59775522048244 0.41097897118995635 -0.5756441527241862 0.28195021328627584 0.677842553083157 0.36009354325228454
3316.048523037 -16.11538794566336 -50.59089036785893 0.40539368172058965 -0.5811138026213977 0.2765640597116421 0.678775777792293 0.35367006200862183
3316.098523037 -16.051816654367904 -50.58631828757391 0.39662126679955034 -0.561745452009469 0.2723988302836078 0.6981864293479444 0.35039496897239764
3316.148523037 -15.989242976210921 -50.583527355008606 0.3886903763635957 -0.5383859554048258 0.26274210009639426 0.7199306460035505 0.35043832097058075
3316.198523037 -15.926305019608165 -50.579623548324896 0.38875875902127477 -0.5428796951458508 0.2695339029955092 0.7187230417329373 0.3406909171323915
3316.248523037 -15.860966762228328 -50.57368121345031 0.38683638449245095 -0.5515237430645386 0.26419071557072593 0.7189246172259871 0.3304121992130085
3316.298523037 -15.793163667648251 -50.56692264737544 0.37983305868983397 -0.5609592211990811 0.2511217838313993 0.7195510097648611 0.3232784344546123
3316.348523037 -15.723541994464076 -50.55920042812147 0.3701631002839295 -0.5687006812173442 0.2451844639222519 0.7221339057920172 0.30819918225013615
3316.398523037 -15.652405058257864 -50.550067700845965 0.3603719518135376 -0.5810988536008744 0.22708985577226215 0.7228248471441231 0.297117081468161
3316.448523037 -15.580074993661285 -50.53865998896049 0.35300372980367745 -0.6005767822232361 0.20863587305913464 0.7183437129580381 0.282419742902114
3316.498523037 -15.507837191711415 -50.526585708983845 0.3439805158416031 -0.6013364498315676 0.19167053232618325 0.7288020749215691 0.2655266780038871
3316.548523037 -15.43603252077851 -50.514035651897444 0.34129029957578355 -0.6076828836931523 0.17306902192934945 0.7342218948061409 0.24836834681994735
3316.598523037 -15.364665707720388 -50.50257502656107 0.3440315807452919 -0.6259258456378707 0.1630585987152544 0.7266860348032791 0.2314219867891158
3316.648523037 -15.295851386495992 -50.49477407860846 0.3392066235618012 -0.6045435192409995 0.16702448259659441 0.7441471750686554 0.22994550961996935
3316.698523037 -15.22870489768849 -50.48854516762202 0.33845040259843373 -0.5925183107684509 0.18090987206223033 0.7520252285548844 0.22505938152297286
3316.748523037 -15.162958286206353 -50.485735161111506 0.33687085076230694 -0.5777800071511578 0.1910339621912807 0.755763241424104 0.24186403523062314
3316.798523037 -15.096843464705548 -50.479672373623146 0.3373906690133932 -0.5772342369156626 0.19219491088189006 0.7524488965995286 0.2523537397576015
3316.848523037 -15.02890172391064 -50.47045806621528 0.338415785742793 -0.5923377481012929 0.19013617419857928 0.7420726514227259 0.2496245329406996
3316.898523037 -14.959041678986488 -50.46055391045703 0.33388910512248904 -0.6071738448564152 0.17603478778751877 0.7333014399364652 0.25024123121098113
3316.948523037 -14.88870526857496 -50.45212281068217 0.32497178070859806 -0.6161893319971709 0.17780493431090993 0.7275667117584502 0.2436037610722989
3316.998523037 -14.82015691075996 -50.44654466676268 0.31214227521682564 -0.6062904360258589 0.17484166695813252 0.7355071009298464 0.2467217119765675
3317.048523037 -14.753564602568975 -50.442508127383626 0.30658094806076125 -0.60464864742897 0.1711095694504478 0.7360532427724005 0.25168860166688795
3317.098523037 -14.687212270123128 -50.44047416638478 0.3097653300513268 -0.6154727924016264 0.1705590313366256 0.7254761044498697 0.2564903127119976
3317.148523037 -14.621965516572494 -50.43973418426879 0.31372132067858294 -0.6157058287593192 0.1715893694725736 0.7231056353566512 0.2618810050982285
3317.198523037 -14.558974994853777 -50.440924506892 0.31902296915563044 -0.6062254695593141 0.17678378139613804 0.7318602785234015 0.2561614869813979
3317.248523037 -14.497017219103778 -50.444801440348925 0.327112947664394 -0.6105607455456681 0.1700122977857103 0.7294437570910015 0.25733868702801976
3317.298523037 -14.43521491034901 -50.45020708590978 0.33106605735264344 -0.6117488743333229 0.16890849428176855 0.7293564386582182 0.2554846780125554
3317.348523037 -14.372343762006707 -50.45530390722355 0.3294096128121603 -0.6141940088718405 0.1718251855962449 0.7297969323152084 0.24624837592167947
3317.398523037 -14.307979729114216 -50.46027159263882 0.3191728397771692 -0.6058201537831788 0.16668007386138212 0.7404598320829192 0.238576887647201
3317.448523037 -14.242492116448348 -50.46420797061958 0.3073962460702524 -0.6022219475358422 0.1582249857642038 0.7491579550977614 0.22595561090576075
3317.498523037 -14.175987565338358 -50.466408290556075 0.2995182232372531 -0.6130758870721058 0.15069997915374822 0.7461484018645637 0.21140017826096616
3317.548523037 -14.108274501345983 -50.466180692733495 0.29179865166952423 -0.6236383526612297 0.13441699326453627 0.7435037560329395 0.20052292082607545
3317.598523037 -14.039537997236074 -50.46412609808863 0.2822334600038582 -0.6182222662940311 0.12632524641470189 0.7538829302788382 0.18304012950915777
3317.648523037 -13.97014563272275 -50.46025145611101 0.27918456390442925 -0.6159508141413558 0.11310828156049203 0.7619872148620935 0.16488358192295277
3317.698523037 -13.900703226455766 -50.45411583251734 0.28219119426317457 -0.6251068868705711 0.09519517892211601 0.7593705481569198 0.15341326047258294
3317.748523037 -13.832325030310134 -50.44512260031057 0.2806628896851595 -0.6110787390500019 0.09288380067838752 0.7740128430682246 0.1373298693585686
3317.798523037 -13.765444558797443 -50.433294036547515 0.28235874988531945 -0.6071283834431144 0.08690103278744005 0.7808144916008698 0.1190464876605028
3317.848523037 -13.700643544057412 -50.41987589237261 0.28471972946211216 -0.6033825281180903 0.06846336395769977 0.7874987377815346 0.1052997177104834
3317.898523037 -13.637103449281335 -50.404304533577154 0.28845580398919374 -0.6141679257637163 0.048317518154901644 0.7828504670227329 0.08722569968039244
3317.948523037 -13.573791376520647 -50.38781561946725 0.28516195718522896 -0.6192713501840886 0.020940655278317212 0.7821893330345544 0.06514853094774824
3317.998523037 -13.509025484310948 -50.37165176729729 0.2748616501969517 -0.6197112051396868 -0.0014259040673611327 0.7837141474919198 0.04181057333882661
3318.048523037 -13.443571817982967 -50.358220147235485 0.2615844237803272 -0.6160742067792754 -0.012518424085099032 0.7872293902378364 0.023785456595923363
3318.098523037 -13.37835459855894 -50.348025117391 0.25271277327403363 -0.619704645016719 -0.015846682116399103 0.7845264655397588 0.01527286738951469
3318.148523037 -13.312892508345751 -50.338627893847686 0.2473875935796299 -0.623749661947738 -0.02796296175540756 0.7811025460296642 0.005765810951167591
3318.198523037 -13.245924731573162 -50.331402255932275 0.24447603889587377 -0.6253389039411933 -0.03878310439258464 0.7793887280574732 -0.0005801795023271348
3318.248523037 -13.178773242641102 -50.32798073787277 0.24144156419727442 -0.6138922447810654 -0.037966054934135136 0.7884751344504979 0.0013611846575154044
3318.298523037 -13.111965787250295 -50.328702044525535 0.24242166764155826 -0.6010594125903389 -0.03769742120305207 0.7981180826957033 0.01772041323815916
3318.348523037 -13.046198400204938 -50.33056871514702 0.2456513282653412 -0.5963454355903899 -0.03912037010288548 0.8007087606371994 0.041318261487649666
3318.398523037 -12.981830392231295 -50.33048904014776 0.24649750494515862 -0.5999196837178132 -0.03097872321258059 0.7981044296759124 0.04654042466204928
3318.448523037 -12.918120585773712 -50.327535847676764 0.24182005674822488 -0.6013311956471247 -0.03220476492937499 0.7972187071220733 0.042496814845975
3318.498523037 -12.854263100987392 -50.32411090225001 0.23288492331280097 -0.6025518235953968 -0.031645680262414475 0.7966901101266092 0.034852822397078
3318.548523037 -12.789907010333362 -50.3200668196468 0.22457197914016372 -0.6144495077796566 -0.026808079807462235 0.7882499893296069 0.019876709190646286
3318.598523037 -12.723613012290324 -50.31474513202611 0.21585613524042216 -0.6233609547004854 -0.0397221340954968 0.7808236632848848 0.012557032777355908
3318.648523037 -12.655557009963688 -50.310141234843755 0.2064218609550043 -0.625071415672933 -0.04514480141860874 0.779216638224637 0.008312817055918485
3318.698523037 -12.587667223214922 -50.30473456725582 0.20129551758561007 -0.6268612166277312 -0.048862221213034004 0.7775722692255007 0.006234144499031837
3318.748523037 -12.52099386135813 -50.29612724936821 0.2026798691983496 -0.6369456964723912 -0.059046799675910644 0.768593749800574 -0.008792210235543663
3318.798523037 -12.454599997052101 -50.28909203305979 0.20048627019600085 -0.6273414137143538 -0.05260782487865785 0.7767024251000434 -0.020211636354428932
3318.848523037 -12.391304317108224 -50.28554001294179 0.20319357949916556 -0.6181158044230204 -0.03560490706891734 0.7850055523414956 -0.020770789780837823
3318.898523037 -12.329751249108694 -50.28061960154936 0.2126099560118673 -0.6324966585465894 -0.041150448150428884 0.7733280579019426 -0.014776075460946596
3318.948523037 -12.266921735782272 -50.27366704990305 0.21054855395672634 -0.6308293213678625 -0.04634919627922408 0.7743749199786236 -0.01579881688393549
3318.998523037 -12.202507986855508 -50.265901553167105 0.19944615826156684 -0.6219348222868814 -0.036842234245794456 0.7818223055200061 -0.024364096415539712
3319.048523037 -12.136576954999445 -50.257808966646024 0.18835013510155144 -0.6220812887102681 -0.039943740630949104 0.7816651055653285 -0.020470236015331173
3319.098523037 -12.069158883761395 -50.24967454973472 0.1766638685697005 -0.628287565410552 -0.04220906366907663 0.77669419739074 -0.014807222366652953
3319.148523037 -12.001008856229632 -50.24238252643301 0.16289871262163513 -0.6306039139379492 -0.03717002991909479 0.7751348101745923 -0.011095884712456247
3319.198523037 -11.933206381344828 -50.23635550571253 0.1514537216959157 -0.6282300764267686 -0.03326978025885523 0.7772361762525788 -0.01113638714370158
3319.248523037 -11.86430043544356 -50.2320953594779 0.14650026098826172 -0.6291358005407849 -0.03682013073241936 0.7764141352225545 -0.003676013787505361
3319.298523037 -11.79596492303524 -50.23093561618846 0.14626951222285828 -0.628010638740747 -0.030480999345710535 0.7775143044108672 0.012043784447216224
3319.348523037 -11.730670986128462 -50.23167144295042 0.1494533136102652 -0.6283780570881907 -0.0140592764149002 0.7775550839675379 0.01874688008696307
3319.398523037 -11.66688075688338 -50.234985747467675 0.1526003787568086 -0.6206303120216755 -0.009114306396290572 0.7833547867819144 0.03301852880813856
3319.448523037 -11.603462091355802 -50.23884997290784 0.1559999260446029 -0.6235424538710455 -0.005090416369222087 0.7803830294350999 0.04659638667707511
3319.498523037 -11.538991545477616 -50.24342754389606 0.15511397160916407 -0.6266761958112265 0.007783844775657097 0.7773806695339436 0.0538112627526553
3319.548523037 -11.473026209590865 -50.249323888640454 0.1494244797787137 -0.6280501246370248 0.0178027606180662 0.775173432686305 0.06589576553257663
3319.598523037 -11.407017611611158 -50.25726480517411 0.14210645456847887 -0.6329234382049911 0.03392427254415906 0.7694667795566464 0.07859987443912106
3319.648523037 -11.340968595577912 -50.265436747754414 0.13354786712224326 -0.6413930525992849 0.04225177976438869 0.7598443908191592 0.09729460891937036
3319.698523037 -11.27394823913703 -50.27204725937871 0.123025193615211 -0.6449258555204206 0.047744645819889076 0.7547000492800344 0.11053924775164982
3319.748523037 -11.206608849356941 -50.277621179182994 0.1117124462014152 -0.6391888235626854 0.051979814545286204 0.7577028765962953 0.12092186531015528
3319.798523037 -11.140641791536053 -50.282613558378266 0.10279544075312685 -0.6224993934224666 0.06593225540909603 0.7701808202436267 0.12234764817594743
3319.848523037 -11.074111750790728 -50.28466215891765 0.10565654444419277 -0.6373897523732668 0.0692627303686095 0.7577301820849425 0.12158103844329947
3319.898523037 -11.008029132363887 -50.289405179395395 0.10340351331262518 -0.6176581901448532 0.08360832001461492 0.7715152942024093 0.1275623760483007
3319.948523037 -10.944047142611891 -50.295064769960966 0.10647104463271753 -0.6001120721895309 0.10133296769692443 0.7815935474491273 0.13677959298086198
3319.998523037 -10.880231768673243 -50.300098256863116 0.11591981740149976 -0.6076435607493315 0.10868868208648103 0.7710908014791062 0.1561251079759012
3320.048523037 -10.817545696109025 -50.305498991936034 0.12096263182495298 -0.6139314343621738 0.12023514621412029 0.7596056053634594 0.1778511394882957
3320.098523037 -10.755335595030417 -50.31092547785823 0.11929703837974653 -0.6135472362905532 0.13818360952438768 0.7533745824466858 0.19207242754314793
3320.148523037 -10.691306782485231 -50.316747180162 0.11273946469085266 -0.6188121886290051 0.14268149090496632 0.7430185545027321 0.21127445425793256
3320.198523037 -10.627731944583699 -50.32385068950635 0.10179712112525136 -0.6216510674034412 0.16742179864012519 0.7303345870102091 0.22832276004133914
3320.248523037 -10.564252410141979 -50.33039600594495 0.08562179339972213 -0.6112338017600868 0.18229734158514876 0.7293199954861581 0.24749396562536438
3320.298523037 -10.5020698287289 -50.33651681568476 0.07018233894914512 -0.594835896008287 0.19565646195429393 0.7341862908050413 0.26241054877706743
3320.348523037 -10.44055028722396 -50.3431086120649 0.06503135574142502 -0.5974827538014289 0.21579207552536694 0.7235435679871554 0.270060815881779
3320.398523037 -10.380154443081738 -50.35183572777798 0.061067977915431275 -0.5888843282352284 0.22729951497222214 0.7229447246474586 0.28089340247992034
3320.448523037 -10.320700999887453 -50.363265538482295 0.0560029092050339 -0.5710637079847316 0.2419672147853021 0.7312145813377665 0.28401293004158734
3320.498523037 -10.264203207103867 -50.378338298858985 0.04264661444294737 -0.5207388110430282 0.2518279505362695 0.7607458366427547 0.2944139025808914
3320.548523037 -10.206582179736504 -50.391888811178696 0.030759699147942198 -0.484219843322633 0.26649744529603714 0.7805115552244595 0.29208212397267
3320.598523037 -10.14555200218655 -50.40550599903739 0.022309539227567617 -0.475945991604792 0.2697221144741519 0.7817933371457939 0.29920657083922253
3320.648523037 -10.082788000168659 -50.41895520810465 0.011721442645538132 -0.4731998192466836 0.26974093354866674 0.7799555180166229 0.3082063428104965
3320.698523037 -10.017192439698471 -50.4308859698664 -0.00440334750258585 -0.46976322423335604 0.27156499382177485 0.7823022762639191 0.30590540341869066
3320.748523037 -9.948696528836336 -50.442342659468984 -0.026852459669516816 -0.4625553064290453 0.26744160405453393 0.7866624443960862 0.30932147596286325
3320.798523037 -9.87754396978137 -50.45237431211726 -0.04947470468565558 -0.46243155701471833 0.2708309082444168 0.7848230501806521 0.3112241220111081
3320.848523037 -9.806782848278743 -50.46021925644111 -0.07018471389056168 -0.45228258468835664 0.2713274522809557 0.7901636727578992 0.3121910432413022
3320.898523037 -9.735379822595124 -50.46646840553856 -0.08041397398104805 -0.4502250073628256 0.265725348585812 0.793943230885183 0.31038947790749827
3320.948523037 -9.663906319728332 -50.47370843065873 -0.08254552632315765 -0.46618438655763966 0.2751120381370187 0.7810251154504382 0.3114245546478356
3320.998523037 -9.597538094542243 -50.47839660869303 -0.09127362495898322 -0.44600194297219437 0.29005561799094276 0.7901417519292864 0.30434522699565664
3321.048523037 -9.531935889040914 -50.47919925659611 -0.10029867816064049 -0.4265325155856324 0.2962152703189006 0.8037949740164662 0.29024156581020844
3321.098523037 -9.468862679936365 -50.481026605740034 -0.11072613993343054 -0.40351513808069434 0.29386788796023067 0.8173937816654835 0.2875493061374192
3321.148523037 -9.404676283911648 -50.48333045853891 -0.11743967706988165 -0.39904951691237917 0.2972589565525587 0.8207395690514221 0.280683372493931
3321.198523037 -9.337366010701878 -50.48613865024095 -0.12235542280770052 -0.4168438358564191 0.2919339574638445 0.8127789869210151 0.2835596928472967
3321.248523037 -9.26975688316024 -50.49130923703171 -0.13008159726178783 -0.43377929288404526 0.2962643008018535 0.801499510404167 0.2857648053159926
3321.298523037 -9.201810552716832 -50.49729592277544 -0.13963943366688178 -0.4516281806558178 0.293581618810981 0.7887115396435461 0.2962700234025492
3321.348523037 -9.136644278463985 -50.50357582771181 -0.15049099259308557 -0.4572577190519846 0.29312304350095847 0.7816712051904389 0.3065687308129095
3321.398523037 -9.07082852542179 -50.507913877105516 -0.1574053834827543 -0.47000684203964216 0.2945947278309659 0.7720388660840926 0.31026360409450277
3321.448523037 -9.005127312732904 -50.51315694299967 -0.16415256166612857 -0.47906577552630736 0.29038737186836167 0.7660398064480591 0.31520496810136694
3321.498523037 -8.94352420807701 -50.5216550899841 -0.17150109647626693 -0.472702480752709 0.2958056097691013 0.7658245801722007 0.3202563322144271
3321.548523037 -8.8842424462616 -50.53107560315465 -0.1781460150702546 -0.463354986482176 0.2940352929084839 0.7697790301659276 0.32601479681623086
3321.598523037 -8.824523266163837 -50.541449014691075 -0.17957534894566723 -0.4704211976143527 0.3021292963045155 0.7661510553918873 0.31691378239438217
3321.648523037 -8.765824267985094 -50.554434567501836 -0.17999814078561474 -0.47656831676564726 0.30154363955539937 0.7589548046840064 0.3254868312941446
3321.698523037 -8.703983408938978 -50.56605144496248 -0.1762291340269805 -0.5101874855935766 0.3020839267384756 0.7340161484816644 0.331171140829195
3321.748523037 -8.640152017432202 -50.57509209830783 -0.1795965580836861 -0.5344780597525814 0.29691379495387454 0.7187316569315884 0.3310592202817769
3321.798523037 -8.574602826879351 -50.58373505241332 -0.18801706883428815 -0.5524273707521498 0.28509906117205464 0.707890849981725 0.3353104082411268
3321.848523037 -8.50615516460159 -50.58968361126673 -0.1973049434661664 -0.5718034494612222 0.2725397884858057 0.6973784475059991 0.3353001339553601
3321.898523037 -8.435376801673725 -50.59246591512901 -0.20692941768729928 -0.5816111066786538 0.26209309338802084 0.6969783425846565 0.3275010243560699
3321.948523037 -8.366465104015155 -50.594522930411635 -0.21343384700229165 -0.5760254903299612 0.2524644654631412 0.7055011708691085 0.32668704607139737
3321.998523037 -8.298230451419775 -50.591037863165894 -0.20928454501321192 -0.5944795312934672 0.23758628304521726 0.6990943446320516 0.3184555577868598
3322.048523037 -8.230369648014522 -50.58573561623577 -0.20761358774339492 -0.6017349469357951 0.23291226052611408 0.6994115063595501 0.3073930339234391
3322.098523037 -8.161917928197735 -50.57938425226994 -0.21100898769052295 -0.5910089118665874 0.23113817283268687 0.715028785385907 0.29328731173270034
3322.148523037 -8.093492670187372 -50.57299417453774 -0.2129032934258991 -0.5895538621613658 0.2353121627620629 0.7217845448521747 0.27582875208976476
3322.198523037 -8.025119102364762 -50.56758320625934 -0.21527695985985057 -0.5867408792902128 0.230210565771051 0.7290502884642717 0.2668780861503671
3322.248523037 -7.956039901524698 -50.562406241634385 -0.21531089589583535 -0.5975036296784344 0.22298078040546176 0.7255431554066837 0.25856549215504465
3322.298523037 -7.8855995275876385 -50.55894545776683 -0.21803609940560742 -0.6117748998189343 0.2138237507860998 0.7172194363181867 0.2561389383102839
3322.348523037 -7.814025443984114 -50.55665920806998 -0.22575915440943622 -0.6219703244419457 0.20886102606259896 0.7105704089540158 0.2542040149655037
3322.398523037 -7.743036527129984 -50.55586068543596 -0.23748162375574855 -0.6203523724472171 0.2101920709604224 0.7120022279349726 0.25305148630291313
3322.448523037 -7.673969313719208 -50.55634338319271 -0.24487904708863392 -0.6200887604890922 0.20934484619880886 0.711262634078146 0.2564568771729777
3322.498523037 -7.605872614857107 -50.55813591245093 -0.24810320767475455 -0.6199028897655369 0.21244768507802173 0.7089842084051484 0.2606295850387126
3322.548523037 -7.538491006855804 -50.56052991102523 -0.24955168759595392 -0.6157588772752964 0.21713151444609954 0.7100866251332418 0.26357521753361585
3322.598523037 -7.472921432998689 -50.565491716619015 -0.25015187314440446 -0.6088360788123367 0.2219939154035011 0.7151505703857701 0.26191027535617833
3322.648523037 -7.409654924505286 -50.576816387627964 -0.252002207226343 -0.5934785431928254 0.23136050564984675 0.7214612674595893 0.2715679928687692
3322.698523037 -7.347109699021031 -50.587588557932754 -0.2524037298555776 -0.5867000912990332 0.24320113530359266 0.7207040464141641 0.2778882655654976
3322.748523037 -7.283643493742494 -50.5956133058168 -0.2542744602665921 -0.5870415539090922 0.24410647487701256 0.7176227069038571 0.2842743277946456
3322.798523037 -7.219011058811296 -50.6020491780137 -0.2591215909589245 -0.591632322554496 0.24907507811529753 0.7119303220985148 0.28475957727060947
3322.848523037 -7.1526026474223965 -50.60732090011549 -0.26702490545723445 -0.5977085351171213 0.24786488325424777 0.7087880297268417 0.2809395586481993
3322.898523037 -7.085757304918159 -50.612486307382795 -0.27549812211772207 -0.6097532500349127 0.23680764428036763 0.7014541479781139 0.282993271945717
3322.948523037 -7.018888914551284 -50.61756721873898 -0.2845599880025719 -0.6176631578239681 0.2300933316788837 0.6952124103919853 0.28675597050593576
3322.998523037 -6.951308345318352 -50.62060592194119 -0.29395957305954246 -0.6169820869272397 0.22281538512403112 0.6973082668847309 0.2888729642890637
3323.048523037 -6.8838042284825205 -50.62086769637476 -0.29708132262558207 -0.6172314138679762 0.2161296752471033 0.7012183105973068 0.2839123563622758
3323.098523037 -6.818324938681657 -50.61969854690761 -0.2904201237176098 -0.6331901358102693 0.21649195448095612 0.6901378851288382 0.27551984514274674
3323.148523037 -6.754742721617295 -50.61881328166879 -0.2872612950546796 -0.6212972444075588 0.21541715331435668 0.7015915010655855 0.27450783191386696
3323.198523037 -6.691674417161027 -50.61695368744471 -0.2810322244990219 -0.6188364636277082 0.2079098505152651 0.7054020039009982 0.27608501994119294
3323.248523037 -6.62816181601334 -50.61400288192767 -0.2750666156910217 -0.6232137582014838 0.20911898719245053 0.7033211159981927 0.2705795050905427
3323.298523037 -6.563664820581503 -50.61064886520021 -0.2719093275875726 -0.6285986980358265 0.20198500749681172 0.7026110290569662 0.26533653239176846
3323.348523037 -6.498840895529839 -50.60767732074864 -0.27053084615552647 -0.6404526250526407 0.1962240812094554 0.694596770733277 0.26239640070624115
3323.398523037 -6.432626171510047 -50.60463000388662 -0.2723420320048966 -0.6568743201978138 0.187604725976933 0.68287175118264 0.25885665085628856
3323.448523037 -6.366078138543551 -50.603347964803106 -0.27948454788191807 -0.6671018527430973 0.18636356626277456 0.6741978589261696 0.25632203622770383
3323.498523037 -6.3016322858947875 -50.60427020538399 -0.29021380985495937 -0.6614157320253288 0.18307260542366757 0.6771406691921285 0.2655073722118187
3323.548523037 -6.240440878031752 -50.60375494892998 -0.2942221026679747 -0.6683025881604198 0.18077409625537588 0.668818353804959 0.27087706878722917
3323.598523037 -6.180580097984123 -50.60461733870636 -0.2939983715449517 -0.678367807872794 0.1811913619260182 0.6562482210088938 0.27626994050731774
3323.648523037 -6.1206570259605515 -50.608041211915435 -0.29441217554484483 -0.6822728602069073 0.18943303696841846 0.6482658760464177 0.2799468211710549
3323.698523037 -6.0603075410169325 -50.61366912054814 -0.30021300451801763 -0.6643885959397554 0.19994589091843254 0.6632790636504442 0.2804822953646534
3323.748523037 -6.0013750201594 -50.61956166176669 -0.3028905655597377 -0.6552817961783681 0.19677010896379793 0.6722779010940201 0.2827184385855402
3323.798523037 -5.943424372131735 -50.625023039816945 -0.3007031620971171 -0.6706316446279437 0.20187279387736054 0.6579788690484547 0.2767026927976755
3323.848523037 -5.88380879592993 -50.631498142793205 -0.304539444187201 -0.6787228705243259 0.20493603103907068 0.6489296532377972 0.27609200161874425
3323.898523037 -5.821895245528682 -50.63769137372161 -0.31437261902901475 -0.6797170966584833 0.2042428309051863 0.6474469883077613 0.2776363302329279
3323.948523037 -5.758197911182578 -50.64297712618268 -0.3258977327735032 -0.682579702762776 0.1973751094277131 0.6471481891315869 0.27627384396353283
3323.998523037 -5.693040081865499 -50.64829978095362 -0.33834571550776393 -0.6858324143654142 0.18930879137076476 0.6446824941025996 0.2796078731243075
3324.048523037 -5.6259260287167105 -50.64981528516583 -0.3501534465312525 -0.6927876969922558 0.1830271171914545 0.6412862564884282 0.2744052086018228
3324.098523037 -5.556721835921364 -50.6499788253003 -0.3620553856950259 -0.6895815338658827 0.17789684801709482 0.6500231317662093 0.26514137320608494
3324.148523037 -5.487645454266454 -50.65115179002084 -0.36646652587775264 -0.6878893054320611 0.16697578768507657 0.6574236630568833 0.2583050852229097
3324.198523037 -5.420848733950046 -50.654104365229124 -0.3646603291411505 -0.7001043215174634 0.1637586970676745 0.6430343561350343 0.26371167011960583
3324.248523037 -5.352894863573851 -50.65404839290492 -0.37096233015418684 -0.6733260420763172 0.17606547971477418 0.6665857204242783 0.26701397948626987
3324.298523037 -5.287410535722996 -50.64745192195496 -0.37087337292344347 -0.6616658880244668 0.17569504440398348 0.6832048743323671 0.2540877873593511
3324.348523037 -5.224410634788941 -50.64127371617268 -0.36604677730873775 -0.6671182525615129 0.17074454505976863 0.6811062002602812 0.24878480942092884
3324.398523037 -5.16103117465286 -50.635243019112295 -0.3652146068699274 -0.6729520411803291 0.16298379814611108 0.6782980025706469 0.24593424227172417
3324.448523037 -5.0964527610495685 -50.62861770175533 -0.3702445270789695 -0.6768800042705858 0.15741003532206874 0.6776694588664736 0.2404571585920821
3324.498523037 -5.030945960193924 -50.620164055068855 -0.37954164806225216 -0.6815427625797925 0.14834121261361194 0.6777898429268581 0.23258391225665848
3324.548523037 -4.964962766438813 -50.609489193728216 -0.3916754352686383 -0.6868110262131414 0.14421623674420259 0.6790937227797396 0.21523012570861438
3324.598523037 -4.89964864065856 -50.59917720047697 -0.40705345048631314 -0.676950608972859 0.13065912176560926 0.6944835128344343 0.2058123351790639
3324.648523037 -4.837624495190698 -50.58868402649935 -0.4159546248974854 -0.6766778004873967 0.11910898565639337 0.6991544385706282 0.1977454800758642
3324.698523037 -4.776791194488714 -50.57716822365985 -0.42089427663294 -0.6774266788764138 0.11210649298768116 0.702958089635057 0.18540537530801637
3324.748523037 -4.716965006336394 -50.56644345004414 -0.42256402724538134 -0.6776468833456917 0.10365987071459873 0.7070035234896103 0.17376809393147902
3324.798523037 -4.658464370656618 -50.55908739125362 -0.42326521125510375 -0.672751222170291 0.09759450869866433 0.7142635414690097 0.1664592991346361
3324.848523037 -4.600048006373136 -50.55427182352144 -0.4240598471972554 -0.6667508038985744 0.09118183948764069 0.7213187984007607 0.16379386045251446
3324.898523037 -4.541492350297311 -50.54926944078719 -0.42467381064245724 -0.667430895679669 0.07891565271030858 0.7235516587916455 0.1574208255263553
3324.948523037 -4.482030293236027 -50.54548612512567 -0.42831672966879825 -0.6717344441236863 0.06545682760576954 0.7217671391089141 0.1534289320831123
3324.998523037 -4.42089504764358 -50.54250297060141 -0.4384859337746024 -0.6711389758430318 0.06066322511755973 0.7245714178969992 0.14452926551198883
3325.048523037 -4.35935482158996 -50.541502027830774 -0.44901829846920643 -0.6754312183633469 0.05749774151435757 0.7219972325284151 0.13858814957370172
3325.098523037 -4.297031934408927 -50.54388006742813 -0.45814754099449173 -0.6851265283182376 0.06094351218872748 0.7124210020699071 0.13908214956065026
3325.148523037 -4.23305664136199 -50.546355141855614 -0.4685809426401269 -0.6886098953546969 0.06133881069298103 0.7080994711997051 0.1436979513043322
3325.198523037 -4.169633289970522 -50.544809314390555 -0.47764189582669864 -0.6832353922746968 0.06218852923898925 0.7141054681679379 0.13919542344122973
3325.248523037 -4.108283806529566 -50.54039647441109 -0.4766021887591939 -0.6912552164521674 0.04787842704489525 0.7099580447894035 0.12583106369327626
3325.298523037 -4.045587770544902 -50.539736492842806 -0.474121758548656 -0.700641127947933 0.047254715619131846 0.7003319173867752 0.12807890993042714
3325.348523037 -3.9804380144443967 -50.54122369788712 -0.4785848205837607 -0.6768970036006252 0.07264793876677732 0.7206406979318541 0.13118577664413145
3325.398523037 -3.9184205827453726 -50.54167558915645 -0.4751808590717751 -0.6658118962255904 0.08187630085175515 0.7284928406521588 0.1388847411412243
3325.448523037 -3.8587147783923728 -50.540632515088284 -0.46663317755589334 -0.6763145966531684 0.08041238774530493 0.7163993679351341 0.15134186424483276
3325.498523037 -3.7985049250065486 -50.534907827811594 -0.4654878229277265 -0.677249386226572 0.07611111905648117 0.7160026545074445 0.15126323132207273
3325.548523037 -3.7374031146139415 -50.525325571729226 -0.47035054416622163 -0.6790449803934755 0.06341229994616591 0.71783753734268 0.13995022257845333
3325.598523037 -3.67428799374607 -50.5174299853579 -0.4796364712110614 -0.683798064764686 0.05668039411362172 0.7152756793446287 0.1326206699020751
3325.648523037 -3.6094683599653576 -50.51171814617319 -0.49290167695486464 -0.6827477176508279 0.06038605944849549 0.7173216210557593 0.12513500642428577
3325.698523037 -3.5457128619352787 -50.50902105219512 -0.5039338400393396 -0.6815147169721758 0.062007863722569216 0.7186098553227753 0.12366321692354026
3325.748523037 -3.482912711375942 -50.510199798247726 -0.5109141971053757 -0.6811992256364197 0.07197680111835199 0.7174658284767634 0.12660860974382032
3325.798523037 -3.4200330606560154 -50.514111080794166 -0.5151621667834533 -0.6701335299742828 0.08026324493353294 0.72536991038838 0.13534162929453913
3325.848523037 -3.3587086001043223 -50.52055848813925 -0.5125829345288403 -0.6698675749755699 0.08857157261705641 0.7223129012877175 0.1472975938493595
3325.898523037 -3.298196058127772 -50.5289668940062 -0.5130302575673784 -0.6595817627276528 0.0967459348673422 0.727770100384069 0.16106769803622503
3325.948523037 -3.2382784754941345 -50.53677913919043 -0.5166376719377208 -0.6510849660938742 0.10887685744537454 0.7323242830317389 0.1671386888826405
3325.998523037 -3.1776834409162023 -50.54484378458403 -0.5251150141084717 -0.6408193242115905 0.12226172276970595 0.7384901135801583 0.1703966461135582
3326.048523037 -3.1162200939528035 -50.55368165079986 -0.5354179001846517 -0.6359633415715439 0.12848759341842725 0.7398095298415117 0.17811071295791892
3326.098523037 -3.0540371032147733 -50.5644095618819 -0.5467924391621604 -0.6352713217737969 0.1451893698472033 0.7363948796395146 0.181859769756398
3326.148523037 -2.9912733284845343 -50.5778994311944 -0.5547863042436665 -0.642202989984433 0.1578764061989978 0.7239144355227433 0.19646437351980994
3326.198523037 -2.9272818641639073 -50.58761239668935 -0.5607408597107814 -0.6579225511910606 0.165753659515766 0.7059175522635995 0.20333236436324226
3326.248523037 -2.8615277372384424 -50.59310768378284 -0.5693038481276318 -0.6582979998505627 0.17216933247090882 0.7053864523217068 0.1985734555026598
3326.298523037 -2.7955595163301425 -50.59740392256279 -0.5737127400053559 -0.6566371967215942 0.16302037749116177 0.7074943723373633 0.20421474362838296
3326.348523037 -2.729499226265656 -50.59729570030371 -0.5694231386772552 -0.6727846967242956 0.1601610706457804 0.694779800360634 0.19745939408909527
3326.398523037 -2.6620931288206857 -50.59700108385428 -0.568672408696891 -0.6732387432743566 0.16340653644855171 0.6951388197764701 0.1919112285407749
3326.448523037 -2.5954235436959694 -50.59935058611069 -0.5721573179993713 -0.6521862338093974 0.17350287035467082 0.7124777279949638 0.1921597187740932
3326.498523037 -2.530632160242204 -50.60234724521879 -0.5743142029326611 -0.6325762803519179 0.1821316054879708 0.7259710247566036 0.19910147923195579
3326.548523037 -2.4682694968161143 -50.60414741276203 -0.5731704717497946 -0.6269979220040719 0.19354871922855896 0.7270558639438732 0.20199571726249188
3326.598523037 -2.406529184789409 -50.6047913524118 -0.5729895546775091 -0.628991264724814 0.19492787126536035 0.7232135309759044 0.2081713297195338
3326.648523037 -2.3435732114422763 -50.60542561437109 -0.5765871161892806 -0.636783043386643 0.19155690361590666 0.7155593777447735 0.21398150680337638
3326.698523037 -2.2785776921594083 -50.60836763425323 -0.5872023450706858 -0.6391678252283062 0.19415972610531665 0.7095723494139592 0.22421769086934254
3326.748523037 -2.213054515648332 -50.613942948683004 -0.6026529136838634 -0.6345339955042384 0.20571971306213396 0.7061423622766827 0.23750573131056574
3326.798523037 -2.149297423748881 -50.62149742708904 -0.6193942222728479 -0.6167472824561825 0.22161928185328816 0.7117205916941053 0.25290607515901903
3326.848523037 -2.085718945679193 -50.62935737197107 -0.6298232615727372 -0.6083740184560648 0.2292027991136026 0.7118418177590549 0.26575996131019036
3326.898523037 -2.022648843532323 -50.63789426982154 -0.6345760613340301 -0.6051493646275272 0.23296952621086348 0.7082860316389192 0.27901674453906533
3326.948523037 -1.9638539032515063 -50.64890350594704 -0.6357269100636262 -0.5958824722236706 0.25103211081353344 0.7055633140819115 0.2899782206629635
3326.998523037 -1.9084575444966303 -50.660034375344516 -0.6354233890553977 -0.5878317350948224 0.26365288251921354 0.7001176516805804 0.3078575686254764
3327.048523037 -1.8541134441986638 -50.66873756619378 -0.6353122341880211 -0.5776213481174927 0.2818219069381022 0.6980283359526919 0.3157315840644044
3327.098523037 -1.797924142539827 -50.67433121876884 -0.635239980986898 -0.5795306792486674 0.28246407879043667 0.6932603660302082 0.32209983063378067
3327.148523037 -1.7399070119997846 -50.679377351740115 -0.638709790575288 -0.5860403798300081 0.28324049960230596 0.6845253245426574 0.32826296265875893
3327.198523037 -1.6795763902851388 -50.68367223695866 -0.6482045544116497 -0.5866202146052467 0.2857596317065328 0.6816454115540207 0.33102520993240186
3327.248523037 -1.616098849971506 -50.68730033192587 -0.6615244741058757 -0.5845771306986187 0.278733786391579 0.6852806989334717 0.3331177243216526
3327.298523037 -1.5499868369688101 -50.690366303284094 -0.6734752568250391 -0.591076004059351 0.27731156299315257 0.6811300369853903 0.33134472558319966
3327.348523037 -1.482987297042536 -50.69184352255688 -0.6861555949750581 -0.588961009596175 0.2727243883534365 0.685293854160345 0.3303311529704062
3327.398523037 -1.4157873939995356 -50.69004081651121 -0.6927507759301432 -0.5958300289695876 0.2705409840383425 0.6854758663418001 0.3192444035478532
3327.448523037 -1.3498174067954047 -50.684458608643055 -0.694481694169629 -0.6052584822590124 0.26781754010731657 0.6840482053181116 0.3066170048536991
3327.498523037 -1.2854435277316951 -50.67753503588347 -0.6960837273854583 -0.6017546788949408 0.2655842852103433 0.692510120884215 0.29628706747053224
3327.548523037 -1.2221987244942984 -50.6719555216493 -0.6975430715949992 -0.5905185000991875 0.2620596866945258 0.7031828221351162 0.29689483037645953
3327.598523037 -1.1595786086150126 -50.66687765262346 -0.6974959255967977 -0.5853067939147473 0.2543336223836244 0.7080230717912713 0.3023800511503956
3327.648523037 -1.0974345767594154 -50.66071843179975 -0.6957043130606896 -0.5951763675074353 0.2584535108188093 0.6999846675764144 0.2983091340606635
3327.698523037 -1.03397459674567 -50.65280480420101 -0.701439254902318 -0.5997157451164508 0.25359009040538316 0.7008862427498618 0.2911899136845088
3327.748523037 -0.9696789643880134 -50.644829909105944 -0.7142221629770877 -0.6003667250124636 0.24612608818100135 0.7052720065593971 0.28561012058085183
3327.798523037 -0.9055063315516061 -50.638790304228856 -0.7292086443266247 -0.6040901324546434 0.24052351658128465 0.703479268961085 0.2869502883502323
3327.848523037 -0.8413922539929678 -50.6340954835405 -0.7456616196033824 -0.6068325375988523 0.24352346962158977 0.7013031294649205 0.28394455736553426
3327.898523037 -0.779709234666767 -50.63662026540737 -0.7600623241946344 -0.5999686370009635 0.24964352235533074 0.6964937937741804 0.30432243031902684
3327.948523037 -0.7193879586364729 -50.63881038968 -0.7659465689721161 -0.5968254049919955 0.25483802791179355 0.6923057933345934 0.3155466748383316
3327.998523037 -0.6607279414907611 -50.643425590926505 -0.7644876702740471 -0.5992169731711253 0.27228196862003307 0.6805668844163943 0.32191654891259697
3328.048523037 -0.6004379975601177 -50.64903722477943 -0.7686061661063618 -0.5700030252721909 0.289106694205327 0.7007227320759962 0.3170197522208503
3328.098523037 -0.5406946009623407 -50.65386969753258 -0.7681722067326278 -0.5442891311572333 0.3109617738094887 0.7163183643751811 0.306496521664155
3328.148523037 -0.47978644249620417 -50.657788662390885 -0.7652140219787302 -0.5482765865017318 0.30803977237755853 0.7123425174263698 0.3115644735752992
3328.198523037 -0.4190488472420933 -50.66311416985867 -0.7658042178561666 -0.5564448468201154 0.30382424615911163 0.702495557911097 0.3233573116667732
3328.248523037 -0.35767895456668664 -50.66934144880888 -0.7719361958961666 -0.557269410351723 0.3102478190125225 0.6947569046366279 0.3324303514180796
3328.298523037 -0.2935923610513106 -50.67517730177216 -0.7831587727430311 -0.5584813894548278 0.3084352359723873 0.6899953645257446 0.3418664063289163
3328.348523037 -0.22840898012993127 -50.67942199601086 -0.7929473684710491 -0.5688159699009276 0.3037235963885553 0.6798764068534319 0.34923980412681443
3328.398523037 -0.16277737390789945 -50.681898390243326 -0.8003401500754425 -0.5804059209978072 0.30119683341578646 0.6713031191540842 0.34894348629110095
3328.448523037 -0.09780345361269968 -50.684702377885195 -0.8046673816193071 -0.5938040765670806 0.29639665665857684 0.6606771410682177 0.35078690945339
3328.498523037 -0.03455927536881086 -50.687346125765856 -0.8067315701324029 -0.6034925267163318 0.28731664141238566 0.651556103667331 0.35877647851955197
3328.548523037 0.029965548127715007 -50.687133437721656 -0.8068330630113633 -0.6098162291223499 0.27886585277047793 0.6500399804910177 0.3574996875814425
3328.598523037 0.09720777412753251 -50.683712750319614 -0.8087826175786962 -0.6031826272276777 0.27340157811991345 0.6668140803003557 0.34173275758324384
3328.648523037 0.16299437978404432 -50.67824910454173 -0.8080754620465601 -0.6007952747138717 0.27093913421932087 0.679145260155567 0.3231079371327723
3328.698523037 0.2266610459061556 -50.67396875652306 -0.8073352795408459 -0.6072763671811995 0.2609332258527502 0.679538274128164 0.3183661406371586
3328.748523037 0.29028845952781945 -50.67156584802988 -0.8099470258326231 -0.6113645428733633 0.259960324698533 0.6768042073378322 0.31715940823139
3328.798523037 0.3560284915124945 -50.67078372247714 -0.8186901378524792 -0.6120543645358308 0.2550669930251189 0.675324250586833 0.3229046925814128
3328.848523037 0.4227921521470148 -50.669750308498976 -0.8278153368012195 -0.6165504995535189 0.2530280362049306 0.6691680052476784 0.32871944747371706
3328.898523037 0.4905762659465701 -50.66831755269549 -0.8364960541792018 -0.6271293438850182 0.24769814234516851 0.658711532553879 0.33384657134321327
3328.948523037 0.5582490048439461 -50.66845736160051 -0.8460495344446758 -0.632271415360183 0.24135672993076548 0.6528646143687213 0.34021696245299005
3328.998523037 0.6234407900996981 -50.67037915861557 -0.8520561891227456 -0.6287687631527449 0.24847712731770158 0.65129175486474 0.34456931048559414
3329.048523037 0.6851469577512775 -50.672542597778644 -0.8504476937868319 -0.6304107470708921 0.2569804907271066 0.6423937647978311 0.3519567705159884
3329.098523037 0.7474803588511303 -50.67432044360404 -0.849365304803577 -0.6347012095688058 0.24830479650192264 0.6379935725171341 0.3584177786227382
3329.148523037 0.8095870972145621 -50.676110083882094 -0.8504842077589888 -0.6223607351011853 0.2579484030116168 0.6523239351557515 0.3472797437383644
3329.198523037 0.8700525271821048 -50.67913799484774 -0.8536882279583928 -0.6123076007456526 0.25848742647488854 0.664945091415194 0.34075163657175767
3329.248523037 0.9291161042765086 -50.683020189286765 -0.8579425386556613 -0.6047381213363908 0.2593594427995095 0.6743330386581414 0.3351110815943549
3329.298523037 0.9879161939595389 -50.68803108569599 -0.8643343002738254 -0.6026767127195327 0.25678569014217395 0.6779272827804064 0.33355132820266237
3329.348523037 1.0470013613503881 -50.69448509641136 -0.8735518309240895 -0.6039669585790788 0.2551556669436284 0.6770974467555847 0.3341534769658365
3329.398523037 1.1069874036656744 -50.702249871339355 -0.8854875630022161 -0.6073926173434785 0.2523427812661544 0.6728802658022421 0.33856975209460843
3329.448523037 1.1680903047526987 -50.70909151596753 -0.8967704548078487 -0.6136668808872497 0.2506574244284593 0.667152224503521 0.3398407336106267
3329.498523037 1.2294916474263735 -50.71470996964138 -0.9079391300239558 -0.6178263108879026 0.24609764676628465 0.6663048519438526 0.3372898488048851
3329.548523037 1.288847534034279 -50.72100058854609 -0.9190770727608458 -0.6131567638506924 0.24211884355632585 0.6712216444991957 0.3389376823176923
3329.598523037 1.346021890807293 -50.726142863106915 -0.9227297769951555 -0.607131060586843 0.25282715267927486 0.6773325823925163 0.3296829976936497
3329.648523037 1.4024925488559081 -50.73225755636632 -0.924947600035651 -0.6140007889319152 0.23877911323231774 0.6711174761920133 0.3399836752325562
3329.698523037 1.4603954001205839 -50.736690517111576 -0.9278203009730812 -0.6040654513197963 0.24520455698321014 0.6819718966986176 0.3315026212110073
3329.748523037 1.5187750191303755 -50.740015019890095 -0.929765599628431 -0.5996793577515095 0.24929565118269398 0.6896030912793881 0.32044332211179816
3329.798523037 1.5768933987796 -50.74444469738137 -0.9351208729604764 -0.5963842726650712 0.24360428550098026 0.6948425082031484 0.3196508097866618
3329.848523037 1.6340975818238686 -50.7505306381334 -0.9415252518654815 -0.5923871151456519 0.24869872273325663 0.6962221038368729 0.3201581378775457
3329.898523037 1.692224773744417 -50.757504389721376 -0.9507236603179107 -0.5907257794378612 0.24771902135787807 0.6935439140757624 0.32965918645397724
3329.948523037 1.7524286288271416 -50.763238003861204 -0.9586990389157634 -0.593549589010238 0.25200641295474113 0.6869272230076859 0.33514570489029255
3329.998523037 1.8162513659398276 -50.76704670057862 -0.9669527548920049 -0.6005651234471447 0.24857973604011058 0.6800073380745948 0.3392928933736288
3330.048523037 1.8820576319663862 -50.76966340849152 -0.9736014527939961 -0.6074620709215378 0.24749761256241246 0.6775260676074047 0.3327058639099545
3330.098523037 1.9459456904074497 -50.77402787668022 -0.9776479316808414 -0.6100904265745475 0.248032055003656 0.6768185992884604 0.32891694202329647
3330.148523037 2.0065792231856494 -50.77927394535344 -0.9752047814893395 -0.6190766822524494 0.2459979946472822 0.6671186565801775 0.33343926907830573
3330.198523037 2.0693718089692683 -50.78329151316809 -0.9732100704370353 -0.6318207259902887 0.22822024320688883 0.6611770901828473 0.33401039836663216
3330.248523037 2.1323823967490423 -50.78681994239717 -0.9748536383337164 -0.6168429751961143 0.2323070474034548 0.6818741805969643 0.3171526154915225
3330.298523037 2.1933420738742297 -50.788894148289515 -0.9715764140231612 -0.6149649956337105 0.23178551423986998 0.6909806354053348 0.3010635996407223
3330.348523037 2.2552588641491074 -50.789769114924006 -0.9703423697223809 -0.6283063593582293 0.2072127678175717 0.6892350011129669 0.2953795877920436
3330.398523037 2.3188752869805582 -50.789431874235405 -0.9754645068367522 -0.6344813242148304 0.1937915061471388 0.6938966093118871 0.2799746362677968
3330.448523037 2.3842677195782267 -50.7879075840399 -0.9876314229522343 -0.6360321993692106 0.18315676351869567 0.7030740582568066 0.26000674981474253
3330.498523037 2.4516040474630088 -50.78524763490254 -1.0038623067078725 -0.6367586591904499 0.16766493961939513 0.7135723904912015 0.2392515861955308
3330.548523037 2.518210978814045 -50.78271552018892 -1.0183889046452879 -0.6391161779387806 0.15755219132961243 0.7198857899315682 0.22016418318782974
3330.598523037 2.582458796714186 -50.77905587826403 -1.0296638145873305 -0.6465926147668315 0.1406460340938824 0.7200485447674498 0.20896597043761014
3330.648523037 2.645566961203186 -50.77411622647575 -1.0394363211155726 -0.6482443165262736 0.12387481792661137 0.724373484566072 0.19929222371342073
3330.698523037 2.7075826910185246 -50.76519746609167 -1.0443653914622582 -0.6461129383839912 0.11954808105474604 0.7325582388330069 0.1777772591948031
3330.748523037 2.7692298264836652 -50.751662333900015 -1.0455395365547169 -0.6520783112626043 0.09314160571601737 0.7351469331276442 0.16024201689498077
3330.798523037 2.8299021103683284 -50.736302258857904 -1.0480680289890494 -0.6497497690656259 0.06897134981162824 0.7438227516877126 0.14069791958677763
3330.848523037 2.8893415815945125 -50.71812139946841 -1.049976598395414 -0.6458886816087556 0.05204484340608099 0.7529292867727897 0.11496362191736334
3330.898523037 2.949072714543943 -50.69812368717788 -1.051197829086983 -0.6485761029131043 0.024957331521855006 0.7550932634180123 0.09252207236165251
3330.948523037 3.0096681949648363 -50.67888750329349 -1.0534859950194282 -0.6550866161702632 0.0017966093983523865 0.7518466801493261 0.07473196811071495
3330.998523037 3.072704122218445 -50.6610004436049 -1.059313601995901 -0.6604622092356361 -0.01660571060363444 0.748300701242577 0.05966557689990854
3331.048523037 3.137970716984534 -50.64526269813585 -1.0675291339956983 -0.6664330507599574 -0.026602312560073883 0.7436778257600544 0.045854086993753984
3331.098523037 3.2042668947014072 -50.63164721447172 -1.0774577750658678 -0.6696094137083837 -0.04076982397992352 0.7404209705870337 0.041687418254384184
3331.148523037 3.270583277458138 -50.6175728236464 -1.0865714144206444 -0.6693463690777192 -0.056849034275624 0.7400046588532369 0.033715432370167504
3331.198523037 3.3356141019889556 -50.60463670275863 -1.0932900117859439 -0.6595976313896483 -0.05737585558070279 0.7491576458052421 0.02004488945081736
3331.248523037 3.3981158178232733 -50.59232651070777 -1.0914231636954594 -0.6612553499682502 -0.06761128887779272 0.7470871206559526 0.005559667674318616
3331.298523037 3.4600956441798094 -50.58455585462268 -1.0907636714598512 -0.6534601526694008 -0.08494904100033088 0.752163557716395 0.004844765197908201
3331.348523037 3.520027360338112 -50.57884318960708 -1.0872120868387256 -0.6492758177296452 -0.08061210649259243 0.756229156455654 -0.007750079012342256
3331.398523037 3.5790605184715636 -50.572999752144774 -1.0832589131099317 -0.6489106051526979 -0.09134301220820717 0.7551904351854575 -0.016089973445916297
3331.448523037 3.638404776684945 -50.569853687648425 -1.0812935395594558 -0.6516559501750824 -0.09102801137495496 0.7525517561217119 -0.026912415437099626
3331.498523037 3.698368062484978 -50.56810900123621 -1.0824818299432146 -0.6547850166367798 -0.09392431097253873 0.7493562845979027 -0.029999408826393358
3331.548523037 3.7572877699951146 -50.56391218248357 -1.0829692847033123 -0.6646101936492237 -0.09964001995366217 0.7393817468026683 -0.04098523412413289
3331.598523037 3.8156958955084836 -50.55936060371907 -1.0846362529878453 -0.6741647754903565 -0.11435481123986585 0.7279125207163254 -0.050677360021387494
3331.648523037 3.8735956852640316 -50.557679173267914 -1.0889805166958473 -0.6764456372314117 -0.12376674581651308 0.7238296009978288 -0.056336499890427154
3331.698523037 3.930867881606851 -50.558310773467035 -1.0925557882926045 -0.6768197674688627 -0.12854764540397057 0.7224748231737037 -0.05848619584667373
3331.748523037 3.98706508328363 -50.55824106014702 -1.0950142956533613 -0.6716073743292652 -0.13258367304105 0.7268580878424398 -0.05515817734050419
3331.798523037 4.041506543917834 -50.552666374331515 -1.095345146934293 -0.6646048720539972 -0.14622141400428965 0.7300003095031777 -0.06339724169032153
3331.848523037 4.096418800581178 -50.54648482706937 -1.097503585643314 -0.650116095850745 -0.14787938799974054 0.7410656247592271 -0.07938821273226698
3331.898523037 4.150604334331546 -50.54095462409713 -1.0957024750270266 -0.6421486643842946 -0.13900618455161895 0.7474531307267391 -0.09816410164955487
3331.948523037 4.2049943065415425 -50.53417953092642 -1.0906192092628224 -0.639830895543651 -0.14756711220407887 0.7459713066379523 -0.11120783325119091
3331.998523037 4.262262052558922 -50.5298533889736 -1.084976060292966 -0.6463625716538635 -0.16106648128510645 0.7376760486490266 -0.11003209450427615
3332.048523037 4.322599203326739 -50.526219995607036 -1.0848355585255882 -0.6513691686750736 -0.17253691838719767 0.731447720991592 -0.10456313570852462
3332.098523037 4.3848679107913 -50.52125136400568 -1.090269113246608 -0.6540995924711543 -0.17375648695282966 0.7280848238903396 -0.1088801891597099
3332.148523037 4.4490168326577155 -50.51728636396636 -1.0974794258221987 -0.6582285069213365 -0.16998955169976382 0.7248535035742599 -0.11147279195006214
3332.198523037 4.513858772671144 -50.51451085878912 -1.1037336363868275 -0.6608088468947615 -0.1711326023456255 0.7229376444776301 -0.10680104155468534
3332.248523037 4.578953508994415 -50.51274327652671 -1.1070585814085263 -0.6614521668608987 -0.1674535373931035 0.7240376223622329 -0.10104387746718316
3332.298523037 4.643179868863484 -50.510966090708045 -1.104518343004001 -0.663096983717749 -0.15656468354616215 0.7250225377775729 -0.10065887822284462
3332.348523037 4.708242552411745 -50.511684640329285 -1.099119611375392 -0.6621600983774654 -0.16792855529625908 0.725540862395641 -0.08327341368676158
3332.398523037 4.775141642799314 -50.51852438773007 -1.09505632803357 -0.6568644847149082 -0.1508205522485049 0.7352981375898565 -0.07154619903644553
3332.448523037 4.843278857060487 -50.53345006519055 -1.0894006898882254 -0.6549432591088585 -0.12062489699625274 0.7443771724711054 -0.04900598612855847
3332.498523037 4.910501559339875 -50.55108369075491 -1.0819631930788558 -0.6581567750693852 -0.10079070776018342 0.7459195516520496 -0.01658056460660114
3332.548523037 4.9768564371075845 -50.56907227096766 -1.0738382897635572 -0.6686682869110564 -0.07409693901431012 0.739821447101488 0.007522773212265217
3332.598523037 5.042820530170479 -50.58799579096613 -1.070224821866495 -0.6771370019277502 -0.043628537921713596 0.7338240230488485 0.03292923466336141
3332.648523037 5.108975909660196 -50.60501453401937 -1.0709738418617707 -0.6847280703962072 -0.016356648067761687 0.7270226452663667 0.048145643056967904
3332.698523037 5.175701694036875 -50.62317289699554 -1.0760643430783525 -0.6892508266913996 0.008245044097250447 0.7215740880037718 0.06477771742336955
3332.748523037 5.241769695165553 -50.643382140818346 -1.0843551383958554 -0.6846657890257891 0.033001976979949665 0.7227808182269128 0.0879290376175186
3332.798523037 5.305441017850064 -50.66333471870683 -1.0884325595015918 -0.6802693404961981 0.057289298765747815 0.7221659528044714 0.11148047917822541
3332.848523037 5.368511087690084 -50.67983961343917 -1.087696453844937 -0.6760529588807526 0.06955764394438768 0.7219272742253676 0.13013509014488156
3332.898523037 5.430689463036779 -50.69512160915151 -1.0818486967029148 -0.6751756851825047 0.08705707246423028 0.719202357222221 0.13894901812641242
3332.948523037 5.490853890580624 -50.71102065995923 -1.0769197996232556 -0.6687024102563662 0.09661342235043267 0.7204574239461105 0.156345877527993
3332.998523037 5.54953458395896 -50.72399086350284 -1.0703737871627779 -0.6648403664481609 0.11200932862467897 0.7207731435967746 0.16101947991391335
3333.048523037 5.608589461806238 -50.734986449997685 -1.0657207838485385 -0.6652658379199557 0.12048958954668038 0.7182832908458537 0.1642337900652065
3333.098523037 5.668180354861307 -50.74632069115252 -1.065420776557328 -0.6668895852816801 0.13021707256524984 0.7126935145988355 0.17426918633001345
3333.148523037 5.730018256579907 -50.75612322471455 -1.0699206546155908 -0.6655362787992077 0.14046958133504078 0.7097862850449927 0.18312069212322749
3333.198523037 5.793881579092907 -50.76401711371383 -1.0756683947726169 -0.6662420828321505 0.15091123381085503 0.7058800466904206 0.1872982815123867
3333.248523037 5.858536718575174 -50.771936029619475 -1.0820795172978892 -0.6676105001793962 0.16001429206327358 0.7002458902861504 0.19582476738927243
3333.298523037 5.924590415991235 -50.78007416992275 -1.0899036668798927 -0.6650201684863999 0.16639189869125873 0.6975707214861298 0.20846342624441044
3333.348523037 5.992549417399923 -50.787828315299066 -1.0981146213943775 -0.6561450728077868 0.16501065440018423 0.7019744012273067 0.2224344114251469
3333.398523037 6.060796417092159 -50.79517019490579 -1.0988245360603877 -0.6499021331814864 0.16950650316704025 0.705975210511572 0.2247081770060396
3333.448523037 6.126841897648211 -50.80665973290738 -1.0954137813103995 -0.6510352501810043 0.16350009978212623 0.7000758356049016 0.24354598086417048
3333.498523037 6.192880668220622 -50.82055042930333 -1.0946129914441527 -0.6391050159971534 0.1649402782642599 0.7060727902065973 0.2565164674309573
3333.548523037 6.257499810978729 -50.83670795937736 -1.0881381472874079 -0.6319010475812172 0.1830670535622037 0.7089078318353205 0.2542384823907633
3333.598523037 6.320820532968284 -50.856559086709666 -1.0845342166872778 -0.6316734413184606 0.18127613361732062 0.7031360662590513 0.27152771357523686
3333.648523037 6.38359517500074 -50.878742292830296 -1.084643868015438 -0.6276147543373846 0.1967128009698056 0.6985789527682736 0.28176451306333833
3333.698523037 6.447105758733733 -50.90223241965873 -1.0891028577935993 -0.6235204120177364 0.21006902717251708 0.6932774104795629 0.2940403573300376
3333.748523037 6.511871887448595 -50.92470754705823 -1.0951198226213068 -0.6217959797891197 0.21909783027284557 0.6872825670336672 0.304973069859345
3333.798523037 6.578765199077204 -50.94464221252343 -1.1001996354549681 -0.6256581148685556 0.22542665260720582 0.6806828171032613 0.3072550245216563
3333.848523037 6.64644979176862 -50.963662304439325 -1.1068434737377237 -0.6271233107244205 0.2254548046062264 0.6777129694769073 0.3107919162861271
3333.898523037 6.71343446162673 -50.981601089070516 -1.111594029381237 -0.6251885348346985 0.22841396718861504 0.6785365483152155 0.31073221285356717
3333.948523037 6.779133012838206 -50.99947704504102 -1.113411924213441 -0.6227061419802847 0.2280135203210641 0.6780205962731481 0.31707249379318586
3333.998523037 6.844423920824549 -51.01669027278676 -1.1113104734226311 -0.6219387205360362 0.23148347546492218 0.6755280036552967 0.32135579154913135
3334.048523037 6.908737051099983 -51.03286055231141 -1.1094268392506323 -0.6152054606594918 0.23181126360436255 0.6796465641557424 0.3253710605941862
3334.098523037 6.970097540829514 -51.04834945556638 -1.1053392910326365 -0.609191378999376 0.236872163902736 0.6814218579865234 0.32930486358246913
3334.148523037 7.028554878237003 -51.06446401352548 -1.100879094497143 -0.603067479944521 0.25360271029417353 0.677691837389338 0.335751475798212
3334.198523037 7.086123515685348 -51.08134760947064 -1.1002031518814215 -0.5947699064591089 0.27181382897945716 0.6707219995647534 0.34999714291120726
3334.248523037 7.145786994835864 -51.09797502180684 -1.1019280765683102 -0.5926931507057693 0.2912724761161237 0.6578799900972772 0.3620346563428107
3334.298523037 7.207785326772482 -51.11554376541105 -1.1087517617488332 -0.5839363347290139 0.3126734096388315 0.6488138596207232 0.3745587690231444
3334.348523037 7.270486286438548 -51.13437364990311 -1.1141795784863748 -0.5750089957178001 0.34077984027873787 0.6368197109439728 0.38431030568596514
3334.398523037 7.330289144172029 -51.15657921811587 -1.11843120395902 -0.565442924383012 0.3706709127391235 0.61552332111681 0.40497952402024584
3334.448523037 7.386385823267903 -51.18212434209478 -1.1246563290280576 -0.5386412257967947 0.4019777669702811 0.6004082471872374 0.433346791199914
3334.498523037 7.440070006426824 -51.20817760628059 -1.1280337264566695 -0.5086692585567295 0.4216050787888903 0.5883112960466529 0.466255897424009
3334.548523037 7.492296103903979 -51.233910850390856 -1.1246844642432348 -0.49625149055656553 0.4365892643130818 0.5617693514548155 0.49753338397838703
3334.598523037 7.547139847551087 -51.26099767621316 -1.1235900553558282 -0.47062465909901385 0.45076176540040813 0.5567433870213323 0.5151340234434719
3334.648523037 7.605466117987978 -51.288646181887245 -1.1211397189808703 -0.45593039065959223 0.4607348538815133 0.5577095122621182 0.5184698382973907
3334.698523037 7.664148414836888 -51.31645333005679 -1.1225504315385126 -0.4496653091493307 0.46080844358689 0.5557244926437567 0.5259533975006762
3334.748523037 7.722181060848111 -51.34420814430254 -1.1249589684619372 -0.4440303874153316 0.467905102110556 0.5498756158426085 0.530602146219192
3334.798523037 7.780954607776573 -51.3725001350853 -1.129576930438494 -0.4438406735928357 0.47169773711520074 0.5394973724671077 0.5380049129572552
3334.848523037 7.842675417394237 -51.40145450838936 -1.1336128606554035 -0.4539083989154471 0.4724648144702112 0.5276271401667326 0.5406974805204102
3334.898523037 7.905754980077534 -51.4300235558934 -1.1361640089169547 -0.47047418312086947 0.47216358595230934 0.511808767207114 0.5420031152376718
3334.948523037 7.969576476301923 -51.45674732163464 -1.1367035928835758 -0.4885527270800662 0.46794899323765615 0.49902259910599256 0.5415869442407142
3334.998523037 8.032055867667413 -51.48011380645475 -1.1310809753116762 -0.5088739113953685 0.4699029782267787 0.48015255456897704 0.5382304875196756
3335.048523037 8.094618475476901 -51.50106889566851 -1.1234265465367468 -0.5238225728694252 0.46894549730642515 0.4632050600592677 0.5395749299624434
3335.098523037 8.160406879169868 -51.51887890853472 -1.113365540987078 -0.5321449511053677 0.4621907488507458 0.46565640090431437 0.5351313661024674
3335.148523037 8.226784134039042 -51.53228470017041 -1.097250081675914 -0.544997224880319 0.4592642211869112 0.46865300775256713 0.521937504242417
3335.198523037 8.292608607379345 -51.54415417161307 -1.0816360342530507 -0.5642649378731766 0.450822636260345 0.466923477483692 0.5102416061992487
3335.248523037 8.355902795298197 -51.55532950725976 -1.0692224012492615 -0.584260295400359 0.44429757332672687 0.4562167251021345 0.503096286302881
3335.298523037 8.418137628290687 -51.56706837804085 -1.0627428082960906 -0.6007785445581754 0.44430739097444394 0.43886790588711727 0.4990501416754629
3335.348523037 8.483253917264003 -51.58108952958105 -1.0645000213325364 -0.6096897505771203 0.44227955255508933 0.4303651064445694 0.49744656053473063
3335.398523037 8.549890815723273 -51.595565875242706 -1.0685317110527073 -0.6162379526227613 0.44485283763321026 0.42197201915627996 0.4942634455896573
3335.448523037 8.616903711786634 -51.61031179199679 -1.072717542658275 -0.6268637016252848 0.4431148936930815 0.4091097455366398 0.49327508215899274
3335.498523037 8.684768229424762 -51.624857057576506 -1.074065690766569 -0.6358247990777008 0.44438353605353326 0.39852178370924574 0.4893163451914934
3335.548523037 8.752951814266346 -51.64065598824023 -1.0714820251706043 -0.6403214629122584 0.4457912192433537 0.3947424126117357 0.4852185493825394
3335.598523037 8.815292906975504 -51.65738106987905 -1.0628783795728147 -0.6429475155963116 0.45341802951869886 0.37892649295514763 0.48728358851147824
3335.648523037 8.876988890811637 -51.678551950994 -1.0545619862271354 -0.6418052622362269 0.4525917129430531 0.36948266363588217 0.4967185400341876
3335.698523037 8.941514043575532 -51.70129515367933 -1.044340345734019 -0.6323431261433327 0.4530412331813555 0.38178110496924383 0.49913825714450827
3335.748523037 9.005489116842197 -51.720685405699996 -1.0322924707262051 -0.6353394109121425 0.45317434707541104 0.38403319704815503 0.4934524776101134
3335.798523037 9.068358311813471 -51.7387768453699 -1.024899109918372 -0.6429225972881867 0.4540313716277053 0.37952002439223764 0.4862824267433404
3335.848523037 9.129158041229223 -51.758003071757784 -1.0270668597133465 -0.6463822352081137 0.4534399049218169 0.3704582637935951 0.4892268731569144
3335.898523037 9.192131880313829 -51.77754282685348 -1.0359693809427204 -0.6461697926627401 0.4546332831899864 0.3639711794129614 0.4932526304266638
3335.948523037 9.259939191107797 -51.797539698639575 -1.0482129680280692 -0.6452910477902155 0.45483442767571786 0.3678721132009644 0.49131987072757904
3335.998523037 9.329988111077112 -51.81676368538707 -1.0612352015078075 -0.6432389895351968 0.4532224395336777 0.3768045735912955 0.48872419212226753
3336.048523037 9.400597505143647 -51.833511200227136 -1.0713965873987792 -0.642979474977915 0.4531888604128956 0.3842365857584882 0.48327993722008133
3336.098523037 9.47251509419872 -51.84989243807879 -1.08040693675696 -0.6406151831733806 0.44822049661781527 0.39773965609992623 0.4801184639908442
3336.148523037 9.544210345787125 -51.86361000027497 -1.0866017412601185 -0.6380602194670544 0.4428670596421337 0.41216426946509216 0.476307189525722
3336.198523037 9.618890999478928 -51.87490756307442 -1.0937240180015158 -0.630543918623462 0.4296427665277683 0.4414080109632926 0.4722080343606665
3336.248523037 9.695162042795399 -51.881607546853374 -1.0981452266868184 -0.624354886108264 0.42518077840580704 0.4710316271447659 0.4555562403220082
3336.298523037 9.773004086922004 -51.887139177113795 -1.106131967511621 -0.6227834693109419 0.41089355651107623 0.4988316395046964 0.44099232532977584
3336.348523037 9.850702085206892 -51.891449854931295 -1.11688237312786 -0.6191377988816034 0.4020913340357991 0.5242417836510906 0.4244543525088157
3336.398523037 9.92819800942648 -51.89631780620176 -1.132483045715503 -0.6172099123909863 0.3891768137890238 0.54335953977761 0.41515508209342483
3336.448523037 10.006387096770782 -51.90246394154365 -1.1531441030190903 -0.6103359878224631 0.3756024259699765 0.5628170366427269 0.4118856429143243
3336.498523037 10.083236705035315 -51.90795321950465 -1.170289528651896 -0.6046704086906962 0.38002048698300706 0.5726166024358723 0.40257713911972526
3336.548523037 10.159971006828114 -51.915824232686745 -1.1883899676487357 -0.6023414461374503 0.37054979653156267 0.579551970319994 0.4049656087295259
3336.598523037 10.235455965836932 -51.92524494641998 -1.2031447370915225 -0.593396893037133 0.36938359876564275 0.5889055536532823 0.40574146099843067
3336.648523037 10.307822714258583 -51.93635741150751 -1.2116254649429634 -0.5770015387060993 0.3763424047885684 0.5995305570274535 0.4074294170517178
3336.698523037 10.378017970728601 -51.950799471593534 -1.216565403682747 -0.5760623109595967 0.36383961830826367 0.5985168042594211 0.4213675130575158
3336.748523037 10.447352525107469 -51.9660471752911 -1.2231854497397532 -0.5625009585168061 0.3564285924526432 0.6103730332124595 0.42894765470500457
3336.798523037 10.515896927801748 -51.97994198573375 -1.228597760135156 -0.545662438063582 0.35773780520051524 0.627176039210402 0.4253544195811042
3336.848523037 10.582031006935578 -51.99472780661226 -1.232262964243507 -0.539426228707602 0.3558795911032413 0.6335742486957991 0.42538539209525894
3336.898523037 10.645278320095938 -52.01224749220669 -1.2347967369542894 -0.5433106776652484 0.35646505763257025 0.6244204185751677 0.43341124937909636
3336.948523037 10.710733994322792 -52.03114896385369 -1.2408984544739037 -0.5488434069412932 0.3563765400704761 0.6143028234013675 0.44090669932036525
3336.998523037 10.780945402265846 -52.04870489971124 -1.2491702389597978 -0.5536893626187737 0.357217833019189 0.6125103946026148 0.43664004168152054
3337.048523037 10.851884519211454 -52.06476957052352 -1.2565729593730257 -0.5655910102762488 0.35563602659730736 0.6079344513551366 0.42900527798186905
3337.098523037 10.920433076363153 -52.08068409830676 -1.264686362214341 -0.5685223146251246 0.356059997582766 0.6081664857753027 0.4244257078386866
3337.148523037 10.986265487197306 -52.095296958019 -1.269347198075665 -0.5700767929449935 0.35362666295526274 0.6061848347801468 0.4272008654898094
3337.198523037 11.052666626196286 -52.10718006476784 -1.2678994476615804 -0.5721846529291179 0.3512040592871168 0.6075349936173603 0.42445454788821657
3337.248523037 11.120232119309497 -52.1161503397469 -1.2663450086769508 -0.564955383499613 0.3390537828070679 0.6202007768814605 0.42569818342888854
3337.298523037 11.189241011052397 -52.12122761638125 -1.2594524802117542 -0.5593201493387774 0.33498464486942003 0.6351519879126114 0.41415964373175534
3337.348523037 11.259230634950615 -52.12526363172636 -1.251843645430698 -0.5673945046788014 0.32492331305176625 0.6405250840514064 0.40276039204060315
3337.398523037 11.32904206357732 -52.13107608243513 -1.2493303195699745 -0.5738627928968422 0.3218645280305684 0.6426481662604265 0.392540513738909
3337.448523037 11.398647062656464 -52.13925323591053 -1.2542450029669319 -0.5767320799226543 0.32237844881689165 0.6429591720028205 0.3873702968271465
3337.498523037 11.468734646129198 -52.148986179653896 -1.264166909335528 -0.5797732192144348 0.3219850605077296 0.6398586995714415 0.38829045787182087
3337.548523037 11.540457631345465 -52.158551571664276 -1.2739583108029748 -0.5875497072865562 0.32637049830057163 0.6322128465531678 0.3854537014476049
3337.598523037 11.613410346877387 -52.169059378978574 -1.2865312262825341 -0.5922268374945265 0.3251502434259004 0.6274651173483017 0.38708166924099047
3337.648523037 11.685381499550452 -52.180952492501355 -1.2975471490056403 -0.5888884449583061 0.3284752400945706 0.626634795262777 0.3906958528131312
3337.698523037 11.754831760909154 -52.19416417201386 -1.3005761632254378 -0.5857813403474219 0.34130401883445943 0.6217469740171673 0.3921766034948041
3337.748523037 11.821796062026815 -52.2106491353084 -1.3038188259810952 -0.5807223002122156 0.336906539934907 0.6176060018423117 0.40965646568030223
3337.798523037 11.888096650656646 -52.22667714391111 -1.3066018432953679 -0.5595005173151989 0.33398097873041305 0.6309197121442026 0.4211367875146708
3337.848523037 11.953715110749974 -52.24044948224784 -1.3006885285900784 -0.5564440621808543 0.3332817010627019 0.6323562098155613 0.4235787262223157
3337.898523037 12.021500633514831 -52.25370493537955 -1.2979761594330397 -0.5555488769041206 0.33212420800171355 0.6370773569810748 0.41855871398384836
3337.948523037 12.0883056870954 -52.26887158979888 -1.3006008333618888 -0.550570367824388 0.34062244597647096 0.639934885482397 0.4139226518485742
3337.998523037 12.155190069492896 -52.28572283138593 -1.3084740112090174 -0.5539230274658113 0.33859523615519627 0.632930191305846 0.4218079167460732
3338.048523037 12.22530709582429 -52.301886323111674 -1.3182808435786895 -0.559905764248034 0.3390549870455505 0.6265223990134976 0.4231039286697045
3338.098523037 12.297766564287414 -52.31544878334436 -1.3277426874573117 -0.5698176089166868 0.3410018271197378 0.6207938089263434 0.416702163743114
3338.148523037 12.370685472779755 -52.326705873370734 -1.3374198378160336 -0.5796630121044835 0.33938378106221134 0.6195726019224148 0.4061271137180616
3338.198523037 12.441519167118484 -52.338037847238766 -1.3465471994025795 -0.5826137498062107 0.34013200246034775 0.6187432413219892 0.4025273167841143
3338.248523037 12.514218536911393 -52.34707072810861 -1.3544899278462876 -0.5770610165801158 0.3366958797874016 0.6288383083998396 0.39774218982468973
3338.298523037 12.587549500943988 -52.35142723152616 -1.3560333712020187 -0.5692123673081428 0.33172827238989944 0.647948197150437 0.38225223087664395
3338.348523037 12.657414556252427 -52.35342595239049 -1.351521661941008 -0.572742677845812 0.3198152315594338 0.655010719317176 0.3750266660068185
3338.398523037 12.727495921617901 -52.35430691323689 -1.3509232005738838 -0.5716230597944703 0.3045695293101628 0.666187792208547 0.36970029055884635
3338.448523037 12.798994556486848 -52.35367524071663 -1.35184254688718 -0.5667579099433309 0.30503641782008784 0.6794287509700744 0.3522993438475307
3338.498523037 12.872824979062615 -52.35299403861435 -1.3558998573766676 -0.5758456591147728 0.29244372143988545 0.6834001647780498 0.3403566679975555
3338.548523037 12.947559824213632 -52.35366052658521 -1.3646436451038082 -0.585547066807365 0.28148608446659723 0.6830289591081231 0.33372392456134903
3338.598523037 13.024777784160175 -52.35450084017933 -1.3760567777656783 -0.5957141521647122 0.27253938641408276 0.6820873486327406 0.3249673531277746
3338.648523037 13.104765047403296 -52.35524884732398 -1.389750413700164 -0.6048920761420401 0.2602894348379726 0.6838547852944704 0.3141617719617632
3338.698523037 13.185468576192633 -52.35529281902477 -1.401371314218425 -0.606496101498521 0.2560351318672542 0.6929897446357843 0.29389403523454494
3338.748523037 13.265281459552387 -52.35540102722284 -1.40582866980481 -0.6151143187644216 0.24534934669049727 0.6966599765333223 0.2758676313490198
3338.798523037 13.343450760062266 -52.35722587854655 -1.4080420116681327 -0.6276559533963798 0.2132463691040781 0.6961946648579794 0.2754759133813598
3338.848523037 13.420590481383313 -52.35601375851355 -1.4108993894608726 -0.6187203108265149 0.1903568131463784 0.7167167212638572 0.2593580577508281
3338.898523037 13.495616720088089 -52.3520584146293 -1.4079468504864434 -0.6143870397138858 0.1729349867419934 0.7345386429711578 0.23038020265258252
3338.948523037 13.56760467023897 -52.35033331155303 -1.4056455724040582 -0.6208494784477961 0.13986840284315405 0.7389858382310308 0.22109429185572724
3338.998523037 13.639125428953905 -52.35079028980913 -1.4086450499419125 -0.6223166876496219 0.11815412133204622 0.7441460782763364 0.2121512622423069
3339.048523037 13.711628331116815 -52.35141510166224 -1.415598764561828 -0.6251858281769466 0.10249970980057638 0.7474245707841389 0.19998250104858886
3339.098523037 13.785667596452203 -52.350667814066774 -1.424809243448831 -0.6338113310028112 0.08895287652628849 0.7471156605055789 0.1794122968958835
3339.148523037 13.859890075746904 -52.349106386991714 -1.4378902177905655 -0.6391887696622894 0.07253835451194014 0.749277283668947 0.15735137762343676
3339.198523037 13.932033764746055 -52.34564700742071 -1.450935083886429 -0.6407506981044335 0.061316228774495767 0.7546041458141071 0.1274811597363187
3339.248523037 14.002255497667846 -52.341568909960955 -1.4600137429670053 -0.6444222596375829 0.04220605637463511 0.756219466619691 0.10521748141028191
3339.298523037 14.069247531681615 -52.334679825026704 -1.4668307645196892 -0.6380714002747414 0.023461914055624374 0.7648537256902359 0.08551727917820362
3339.348523037 14.133529154651882 -52.32162568367685 -1.469879762661677 -0.6232819561538308 0.0021409887098753945 0.7797037721112172 0.059808419607423974
3339.398523037 14.194754994664857 -52.30338405521837 -1.4648457413390297 -0.6144160654710613 -0.018030857273472773 0.7883286659203769 0.026565036518758033
3339.448523037 14.254364835272822 -52.28360332702852 -1.453892908401682 -0.6164565270111088 -0.04909946988951163 0.7858562815934691 0.0007050120974116739
3339.498523037 14.31448157189553 -52.26721197818937 -1.4440939486692561 -0.6257423817422395 -0.08953087468001555 0.7748566470278463 -0.005279273372781661
3339.548523037 14.376524251586005 -52.253960940280564 -1.4428986153121148 -0.6326387962607342 -0.11657751978144965 0.7655498112444573 -0.010550917066815674
3339.598523037 14.441403799997294 -52.24329192673734 -1.4521391518007998 -0.6307792165390559 -0.11969439471673485 0.7663169116562398 -0.023435502243646756
3339.648523037 14.508514245370508 -52.23581417273393 -1.4620544487775489 -0.6373867251894039 -0.10714216711151685 0.7621131265697643 -0.0379776366962708
3339.698523037 14.576948592507518 -52.23021469865139 -1.4703210514803442 -0.6471486650136689 -0.11825585431500671 0.7522827420121143 -0.035844586229848076
3339.748523037 14.646223849121757 -52.22605814346153 -1.4795922822503396 -0.6480497753866852 -0.12006280209432219 0.7509659069309522 -0.040824242820892934
3339.798523037 14.716712234685993 -52.22769713901871 -1.4867968151667992 -0.6400376563657557 -0.10112906234570841 0.760230158747474 -0.04663493233295429
3339.848523037 14.787251649230619 -52.237451991670525 -1.4829678320714366 -0.6425104757453282 -0.0878005102816309 0.7605042327676654 -0.03323658969060694
3339.898523037 14.857572237887817 -52.25348834849647 -1.4770633115363618 -0.6399590563403799 -0.0928192539052135 0.7627811294780755 0.0013931347966038461
3339.948523037 14.926621326759186 -52.27181559911891 -1.4703666948236105 -0.633241151951169 -0.06728863360471093 0.770851680839508 0.016296300502662255
3339.998523037 14.995372268848364 -52.29108384955661 -1.4616400014750508 -0.6336956716585497 -0.05337905088063882 0.7709440476378133 0.03501068494227216
3340.048523037 15.064978690470861 -52.3129267454984 -1.4535204122468477 -0.6425466799869277 -0.03555619994653289 0.7634380963146172 0.05506172698574112
3340.098523037 15.135647119125247 -52.336917497249885 -1.450324102858425 -0.6523125841473717 -0.017879195505609364 0.7534367396492481 0.08063315867409473
3340.148523037 15.207105078906862 -52.36031093205815 -1.4513147357238727 -0.6614339903815494 0.008823122228650199 0.743530039449999 0.09793012466836781
3340.198523037 15.278946017787174 -52.38101770155938 -1.45628833787526 -0.6661347977022362 0.02736559933453875 0.7369570408468753 0.111399619431484
3340.248523037 15.349649674389797 -52.400311278321006 -1.462106022167116 -0.6701171875563388 0.045650126449421354 0.730695848686219 0.12223991823238875
3340.298523037 15.418240061161354 -52.416943495358275 -1.4688382708304573 -0.6667375403057291 0.059153282778008485 0.7306237184045149 0.13472536356756115
3340.348523037 15.486082550098333 -52.43012544671601 -1.4722094034553779 -0.6616617903256956 0.0785921238927316 0.733452706316774 0.1344398783160157
3340.398523037 15.551918013683807 -52.44380479990631 -1.4725777634367365 -0.6540787222819909 0.08956265009107808 0.7374860892944062 0.14238618213810178
3340.448523037 15.61202200069291 -52.45871268651132 -1.4708991114594003 -0.6452240978907698 0.1041652568449356 0.7388527678213959 0.1641098724944162
3340.498523037 15.671554574880915 -52.466746755243776 -1.4697419652991546 -0.6348002487960335 0.11379716595232647 0.7449403870330069 0.17071224009082278
3340.548523037 15.732024860744955 -52.47230151101283 -1.4655601478200153 -0.6342065535107394 0.1329448139100652 0.7440098652308125 0.1629633221853195
3340.598523037 15.794276663814305 -52.478376176208236 -1.4646975608229567 -0.6394259640411489 0.1371966808946355 0.7375070113934813 0.16850790903396337
3340.648523037 15.860042682900385 -52.48519927176367 -1.468516284000672 -0.6466638389654119 0.1440537484473599 0.7284903454064263 0.17428773216266966
3340.698523037 15.928312877781556 -52.49315694353627 -1.4773405268612785 -0.6493216106594735 0.1592667360210549 0.7213834922411952 0.18061398021660577
3340.748523037 15.999078786537638 -52.5012945163016 -1.4884067612882637 -0.655932254337636 0.16808944111675642 0.7109457386693923 0.18988147401059347
3340.798523037 16.071132067886275 -52.51026299024245 -1.5013567361889415 -0.6562816585451595 0.17692421351056284 0.7064385269388253 0.19732413685960032
3340.848523037 16.142691635533595 -52.52166444767782 -1.509032139252997 -0.6588638355627277 0.1947823612293437 0.6977054130373131 0.2028926675854129
3340.898523037 16.21274650077024 -52.53623478870388 -1.51341649315885 -0.6597886392567412 0.2048285750435605 0.6874989770206336 0.22376184426515794
3340.948523037 16.2832618449258 -52.55067443574067 -1.51739639495064 -0.6561715930304003 0.2045234368998712 0.6848229708943884 0.24212910356666162
3340.998523037 16.352906217729956 -52.56399336448762 -1.5199052150844212 -0.6338056521730344 0.2168929805984622 0.7029599943696668 0.23894576069984513
3341.048523037 16.418597006075785 -52.57737155776637 -1.5139352326885378 -0.6342761705823919 0.219272923653473 0.7009104916283311 0.24153179316422502
3341.098523037 16.484883393333753 -52.59211209242771 -1.5163068983515635 -0.6283733703907837 0.21134838595461758 0.7056967745861599 0.2499416521446475
3341.148523037 16.55002752284433 -52.60887192807588 -1.521094143293605 -0.6176650587746348 0.2316266084188578 0.7094256618683726 0.24810122878358623
3341.198523037 16.615606222914696 -52.62742484623423 -1.530960940399238 -0.6150797896620833 0.23394079454798877 0.7054862719831533 0.2631305323196372
3341.248523037 16.681673564818055 -52.64594049083683 -1.5430759624484824 -0.6133930110892866 0.24380006800491777 0.6991092655199673 0.2748759277414955
3341.298523037 16.748179897216367 -52.66233648577308 -1.5557882537505037 -0.6144547530982997 0.2507242211699503 0.6922233784805552 0.28356571654308915
3341.348523037 16.814218257485408 -52.67544703841822 -1.566337295799103 -0.6200217835124429 0.2506443170737909 0.68560586301537 0.2875674092932167
3341.398523037 16.879569075732157 -52.68747015791482 -1.5761020863771418 -0.6246205615797118 0.24698904512667988 0.6782744213218911 0.2979754604320802
3341.448523037 16.94801111859548 -52.695513212359884 -1.5869806136926385 -0.6137061709446262 0.24542395847136098 0.6895915582034382 0.2959650303790757
3341.498523037 17.017388169561954 -52.699904293137905 -1.5920713512787363 -0.6020271793006476 0.24366511779122382 0.707301228308211 0.27913358484566325
3341.548523037 17.082403329258113 -52.70588935352076 -1.592575412562541 -0.5974039930691682 0.23480124960616217 0.7132310115107474 0.28156414272373925
3341.598523037 17.14816385162503 -52.71033776719949 -1.5953315519041968 -0.5919440023567 0.22661182439589156 0.7196169755470607 0.2835503264367685
3341.648523037 17.216738191113176 -52.7125412667052 -1.600123961880271 -0.5882734581957235 0.2249764964097509 0.7273088530036124 0.2726568297112832
3341.698523037 17.285407030231436 -52.71676902594738 -1.6079831008246177 -0.58924911566077 0.22069941004925 0.7280791167017118 0.27198906213259555
3341.748523037 17.35429072442809 -52.723248376412045 -1.6177346548789857 -0.5919956807293523 0.22076517023543193 0.7240810671669132 0.27660524539338677
3341.798523037 17.42460238673791 -52.730325677359566 -1.6275714742807652 -0.5997982745851324 0.22326897758892483 0.7151861206199627 0.2808946534266233
3341.848523037 17.49605699643354 -52.738249558799055 -1.6385486539433733 -0.6048820122224041 0.225573068975032 0.707649855809495 0.28716932882144997
3341.898523037 17.568666881683843 -52.745007446723 -1.6462061319140808 -0.607439670616324 0.23120817144449785 0.7041677343215303 0.28584546517184145
3341.948523037 17.64118544294374 -52.751876619094766 -1.6505628053772718 -0.6042368091053109 0.23157714524665388 0.707771476587178 0.28342448950513816
3341.998523037 17.710512479735197 -52.761206407028965 -1.6476095545654525 -0.6077228363170278 0.23193045029363835 0.7020030147309165 0.2899534234219036
3342.048523037 17.78063618366245 -52.7718591024036 -1.649808658663087 -0.5952905184180873 0.22425444215304616 0.7125735995580788 0.2959358191719853
3342.098523037 17.848570598660082 -52.783637086880155 -1.6479323431963453 -0.5820847944331841 0.23590562982404759 0.7210597416231412 0.2925725122381909
3342.148523037 17.91634435592347 -52.79584923547009 -1.648683498265661 -0.5754530877520679 0.23129290692097929 0.7240636522728972 0.3018098117389282
3342.198523037 17.985209039273222 -52.807395415280325 -1.6498863748113497 -0.5699748488852864 0.24018302799553523 0.7265914218425034 0.2991750163465869
3342.248523037 18.054329859151213 -52.81988248083665 -1.6527402471977013 -0.5757464979876608 0.23981623075087152 0.7185542479261751 0.3077075532232486
3342.298523037 18.12478831293835 -52.83160598229965 -1.6589454130815 -0.5851970817047487 0.23730360908230294 0.7080805941595852 0.3159956405638662
3342.348523037 18.19662782868726 -52.841065792072186 -1.667472282929028 -0.5951165856020774 0.23875633896208803 0.6996910830265161 0.3150619756173809
3342.398523037 18.268058093469214 -52.84836475849193 -1.6770694751378965 -0.6013659767928852 0.24272875122887588 0.696812001694665 0.30642250174731595
3342.448523037 18.337103551666456 -52.85687403159465 -1.6862078508420826 -0.6037724003636996 0.24414651573418708 0.6958556055008068 0.30271495454803415
3342.498523037 18.402180744858708 -52.86678725661496 -1.6910451610432415 -0.5952488147747586 0.2522673386287517 0.7004070779562688 0.3024400163985796
3342.548523037 18.46560849746442 -52.87446066366089 -1.6889855936847564 -0.5936031011356522 0.2444475269460585 0.701559448497153 0.30934625440833025
3342.598523037 18.529356650198736 -52.87787172609615 -1.6838584007567199 -0.5875841263757124 0.23841724954217097 0.7087137731199624 0.30923598972646066
3342.648523037 18.59441086174657 -52.876739424196444 -1.6758793562757313 -0.5825738772001359 0.24822185468315242 0.7173196947510694 0.2905960150860467
3342.698523037 18.66127470124041 -52.8742024311901 -1.671795897744425 -0.5846780474991766 0.24152983818313833 0.7220262532753632 0.28016603580898003
3342.748523037 18.727378175380878 -52.87370178262586 -1.6721378361044401 -0.5867998559072285 0.24313830576931394 0.7213601962876541 0.2760238406129454
3342.798523037 18.793363417267788 -52.875719119214224 -1.678025847527501 -0.5895261297846499 0.24802379519004616 0.715038838719668 0.2822456349407142
3342.848523037 18.860791790081144 -52.87901186131625 -1.690025207451947 -0.5885573907578905 0.25308489103097315 0.709939205158969 0.2924629219137967
3342.898523037 18.9289711161033 -52.88267440449792 -1.7012842557476802 -0.5902469907798042 0.2624188663820154 0.7013165322088548 0.30149618586759974
3342.948523037 18.99710280374204 -52.88616224519158 -1.7101785528594893 -0.5900328981981657 0.2680651876910909 0.6943551872489051 0.3128467806012253
3342.998523037 19.06555677084778 -52.889016601415996 -1.7129952582195231 -0.5879680574211797 0.2724693870582603 0.6923242897589931 0.3173973446299862
3343.048523037 19.13195682175479 -52.8944111267195 -1.7078887544147399 -0.5956252420439171 0.27440818593473826 0.6811774203917329 0.3254658822067158
3343.098523037 19.197371204565364 -52.902944666015316 -1.7078745778645417 -0.5796262339591766 0.27290681246266846 0.6922338467932528 0.3322161976357916
3343.148523037 19.257758285621605 -52.91312535683891 -1.700035049150085 -0.5635322556318029 0.2917233178442346 0.6989556898458227 0.32983305825922676
3343.198523037 19.31628374448059 -52.92405317839611 -1.6905932661591543 -0.5671546255182983 0.2897023960081654 0.6907672393056598 0.34241608256967765
3343.248523037 19.37414333107684 -52.936701592465475 -1.686053432452092 -0.5661051269199193 0.29962685312984516 0.683537428913379 0.35003616589286246
3343.298523037 19.431309965569607 -52.95199835562887 -1.6889304902282387 -0.5566846741291327 0.3142604250025298 0.6775720096301324 0.363646436298714
3343.348523037 19.48972997248418 -52.96711514976342 -1.6934127575832227 -0.5557210401149055 0.3245558766205851 0.6656408076207253 0.37783584233722434
3343.398523037 19.54744935046828 -52.98137094509608 -1.6984147908644982 -0.5559656893923277 0.3397228778765879 0.6502439535191242 0.39073433350242165
3343.448523037 19.60467330920292 -52.99321089460549 -1.705066560076292 -0.5543726508105085 0.35016461131179294 0.6379854316177602 0.4037701054581572
3343.498523037 19.66097742189814 -53.00302348634912 -1.7104557559632703 -0.549436511451339 0.36431294483881893 0.6281815032976689 0.41325972102508507
3343.548523037 19.717260063386423 -53.01175032752887 -1.7162300906043417 -0.5380206851517141 0.3702699983453317 0.623576141015123 0.4296355048537258
3343.598523037 19.775890495946715 -53.01794743824379 -1.715974376637173 -0.5323225123640127 0.3751318348181262 0.6225259516689539 0.43401646147941775
3343.648523037 19.83117735817879 -53.023798583412 -1.713962918459652 -0.5171333726893487 0.38600256614400846 0.6256446120338685 0.4383422329803164
3343.698523037 19.883118364194353 -53.029357521975264 -1.709308741821714 -0.501441751044276 0.40593943154890433 0.6225830438253244 0.4428992004560373
3343.748523037 19.935162304972696 -53.03501770447005 -1.7058939271301767 -0.48998827893149055 0.4254331230950882 0.61411947266646 0.44919418693387425
3343.798523037 19.988369955606228 -53.04187617428239 -1.7075697008125217 -0.478516063022806 0.4408833233210095 0.6062658417865123 0.45725922815124015
3343.848523037 20.039986727711064 -53.04968642953843 -1.7136091652392724 -0.46642670906763783 0.45562742309117543 0.592101573731623 0.4735667880881892
3343.898523037 20.089374379125797 -53.057052532320235 -1.7214276039921823 -0.4520057693223324 0.47689754336739604 0.5673869076744325 0.4963180579317201
3343.948523037 20.138580393818618 -53.06429168917392 -1.7309009201947978 -0.4394125837127374 0.49375656344934 0.537519912092824 0.5236347786666937
3343.998523037 20.18843776437204 -53.071127749042326 -1.740681939475328 -0.4240267323621801 0.507557113556977 0.5064408551567693 0.5532673557585361
3344.048523037 20.242664407953093 -53.07839949193167 -1.7458968316117092 -0.41188546791694264 0.5181713942601754 0.48404284228348654 0.5723209714167663
3344.098523037 20.29848294136256 -53.086098177493874 -1.7436467413207681 -0.4036570740584239 0.5295086825732734 0.464771035748635 0.5836689181130427
3344.148523037 20.35084389580549 -53.09355242805332 -1.7384340685108632 -0.39640750038990424 0.5393684483904673 0.43706335271498353 0.600764842703887
3344.198523037 20.403730909499544 -53.10411948178061 -1.7360391922921798 -0.37324530247349297 0.5390220050037632 0.4340882873989412 0.6178273068149774
3344.248523037 20.45565126202392 -53.11374778391286 -1.7265424897712325 -0.3587083934676921 0.5418503962038559 0.42875876580786454 0.6276084426873723
3344.298523037 20.507860538130085 -53.12035163649306 -1.7126710471304942 -0.36126159147684367 0.5535799142658877 0.4074147367324825 0.6301210783160586
3344.348523037 20.561536555244416 -53.12550404701081 -1.7029561883260256 -0.3600966488281231 0.5734633171937912 0.3849168439492855 0.6271437240218306
3344.398523037 20.61911941761787 -53.13182369097509 -1.7034557634205787 -0.359601422929579 0.5831865266360041 0.36519401459921297 0.6302488583711717
3344.448523037 20.68017527975868 -53.138672153444936 -1.7092722491665047 -0.3482611673976702 0.5943958546151036 0.3588422352627094 0.6297935991186756
3344.498523037 20.74300390988432 -53.14443594873769 -1.7201887558787994 -0.3413753310863454 0.5978113091662052 0.3496352758331188 0.6354838281591241
3344.548523037 20.8084553214312 -53.14932269590468 -1.7319653183003128 -0.34314716372288295 0.5973570102990395 0.348572482112309 0.6355405974362285
3344.598523037 20.875098734571104 -53.15283712237164 -1.7411306636533568 -0.34426444218094343 0.6044916272727722 0.3482075279403478 0.6283497305582552
3344.648523037 20.944597948424526 -53.15965562251827 -1.7496661674982763 -0.34283874016598936 0.599675666986089 0.3705197420843315 0.6209394603276129
3344.698523037 21.015306802094454 -53.16439203433123 -1.7525585364061071 -0.3582765316384735 0.5852247062445669 0.3868550649875981 0.6160301362526898
3344.748523037 21.09006044056546 -53.1659730365453 -1.7503147085383706 -0.3716994101736761 0.5729537851479449 0.418163613195913 0.5989179419253715
3344.798523037 21.16665247000713 -53.16308179639575 -1.7438316336235815 -0.3906485224114878 0.5696599277201293 0.44420422164024476 0.5705820783766371
3344.848523037 21.245239104461398 -53.159109577501034 -1.7436034640498848 -0.41899775916692306 0.5501247795162619 0.46930805203980397 0.5491389232843418
3344.898523037 21.32282349478604 -53.1524013842974 -1.7462331358799494 -0.4414336215781554 0.5360453975274192 0.48858012506452575 0.5282813179755624
3344.948523037 21.40053238941217 -53.14434232393468 -1.7542785464791597 -0.4624952474228142 0.5186805899902207 0.5032510835290107 0.5136213961719113
3344.998523037 21.47964023741779 -53.13515374014829 -1.7643137296537228 -0.4876335493045969 0.5043392891020477 0.510205903429771 0.49753928404303277
3345.048523037 21.558938713317666 -53.126644677879646 -1.7776730174478328 -0.5076226721752155 0.48681096588704625 0.5179039125577979 0.48693926063025533
3345.098523037 21.63809906083528 -53.11858722126011 -1.789831755882957 -0.5157101257164768 0.47347094074192425 0.5300086194950866 0.47849681061357685
3345.148523037 21.718057958402234 -53.11056308628205 -1.7952598451953974 -0.5275934693427613 0.4592214954931384 0.5389734273066491 0.46932759757043757
3345.198523037 21.796037961142332 -53.10302529288509 -1.7939986433801818 -0.5425433933987753 0.44213037902334323 0.5427911187774058 0.4642684520839088
3345.248523037 21.872135979160777 -53.09770020972632 -1.7919308184293206 -0.5521381518890812 0.4199454133815371 0.5511317248013988 0.463727433872264
3345.298523037 21.946995016434563 -53.09227443305782 -1.7867254806206756 -0.5487738024884335 0.40698854098061715 0.574658995460416 0.4505271136671795
3345.348523037 22.017595972591177 -53.08616534267456 -1.7785003620818582 -0.5654869185961161 0.3897569496666943 0.5739878166414885 0.44592830301554137
3345.398523037 22.09028632564619 -53.08057382708017 -1.7773731083217215 -0.5797169471980876 0.36765813259964747 0.580085542921098 0.43847066214127095
3345.448523037 22.162978866001563 -53.075294328476716 -1.7806854905287008 -0.5844500929571673 0.3621491241847359 0.5889872279635698 0.4246882927399542
3345.498523037 22.237008237758094 -53.07066364204856 -1.7878179146895037 -0.591890457233348 0.3559352443381727 0.59628364219702 0.40917185450893345
3345.548523037 22.310480205156495 -53.06721780161162 -1.7978286975831785 -0.6034152717577576 0.34519468186903185 0.5979686198434093 0.3989538458285844
3345.598523037 22.383138348925534 -53.064036889155666 -1.8114212420202245 -0.611470986919189 0.3293881874879772 0.6028041316120025 0.3927261552417384
3345.648523037 22.454018704688057 -53.05973260713816 -1.8230110534250696 -0.6147752648601469 0.3261295263562938 0.6083113742939623 0.38163880523257415
3345.698523037 22.525441435643543 -53.05461225585406 -1.8350927358659956 -0.6138393861696304 0.3132638234417725 0.619955627067711 0.3751293182045555
3345.748523037 22.5959324377802 -53.04652562589451 -1.8428921467658186 -0.6101796865555925 0.30299749137461174 0.637147236210497 0.36043955072235934
3345.798523037 22.66313214598857 -53.036341272278406 -1.8493212845293028 -0.6062123697904476 0.2741724219880494 0.6563757105810656 0.3556781864178035
3345.848523037 22.727140217521974 -53.02346400546613 -1.848576228922897 -0.6064813835233794 0.2716401249464759 0.6657491396645645 0.3393671418899049
3345.898523037 22.79514751940099 -53.009795773792845 -1.855500981722867 -0.5985938366786528 0.25874630219797873 0.6872185653771835 0.3201037537894995
3345.948523037 22.863113189116174 -52.99750600016416 -1.8626971022057501 -0.5943870102932015 0.2551456371187146 0.7018751202240255 0.2982886210778154
3345.998523037 22.930100709706526 -52.98899416244435 -1.8733436664544016 -0.5921088266531215 0.24416150115399013 0.7093679130910441 0.29426087512707333
3346.048523037 22.996189635049454 -52.98355348663028 -1.8831648590367671 -0.595655828661126 0.24233453424074766 0.7056532225862828 0.2975258589600933
3346.098523037 23.064346612650223 -52.97889567442478 -1.89655015001441 -0.6008545189437268 0.2295682062859606 0.7008065975391897 0.30845161463849324
3346.148523037 23.134965247701242 -52.974129736363516 -1.908688127586372 -0.6050674566919741 0.2222886230377707 0.6991715077081115 0.3092577302662685
3346.198523037 23.2062845140862 -52.972339702621284 -1.9168076315001312 -0.6055973478286841 0.22180762902292162 0.6995493758009488 0.30770748906485357
3346.248523037 23.27617789778353 -52.975057474771106 -1.9189676357993963 -0.6034778367760935 0.22383477935077276 0.6992417996181423 0.3110842293331815
3346.298523037 23.34493758258153 -52.98192458774606 -1.9164432609559627 -0.6028674837725907 0.22594691570628558 0.6970715704588956 0.3155788553602583
3346.348523037 23.413294480508327 -52.99209168623824 -1.9138553169684178 -0.5874159020542483 0.2287441841916067 0.7092426952044973 0.31558430808798277
3346.398523037 23.47907631861571 -53.00426563215817 -1.904961658353251 -0.5846100507063411 0.23189226337506355 0.7085429442464576 0.32003743993239425
3346.448523037 23.545405285696294 -53.01697295469579 -1.898855526207444 -0.584135288274945 0.2308789916663953 0.7074103435720768 0.3241164327927415
3346.498523037 23.610965372472993 -53.03082871317312 -1.8968875830021097 -0.5840810686661616 0.23660608290341234 0.7030300801903402 0.3295687684026843
3346.548523037 23.67679462880735 -53.04465133185284 -1.9014555523485748 -0.5857758148833093 0.23669471537298223 0.6967323604624733 0.33971506339385077
3346.598523037 23.741275267823507 -53.05730426720147 -1.9100416450507036 -0.5877746678855337 0.23863701486954433 0.6885849054515002 0.35131772359297814
3346.648523037 23.805346735218855 -53.06721646018512 -1.9176116184130385 -0.5962193920929272 0.2438707026942746 0.6780113725586435 0.3540481542684348
3346.698523037 23.86934168181267 -53.075480784466905 -1.9253125153126933 -0.6070349665040935 0.24230183752838313 0.6688620962937587 0.3541494954299129
3346.748523037 23.93245857704762 -53.08384707547297 -1.9328606983383592 -0.6117401762390465 0.23689989745952883 0.6642167150885107 0.35842509783176946
3346.798523037 23.997992973050348 -53.08944396003601 -1.9361571838128266 -0.6115668359987756 0.22919123441706185 0.6734781476871463 0.346243509340927
3346.848523037 24.061729241324112 -53.093476047829796 -1.9338754493040522 -0.6102922038525201 0.22440145359690886 0.6855250930651304 0.32747940441877044
3346.898523037 24.12318201252521 -53.0978063857455 -1.9322517840021693 -0.6075100094372475 0.21641171003199955 0.6942991838752075 0.3194467145938457
3346.948523037 24.18564310997486 -53.10068651172447 -1.9319503174267447 -0.6017914585600295 0.21673778140836947 0.7058528352971206 0.30437402881551195
3346.998523037 24.247777910476405 -53.10482600921004 -1.933868551975036 -0.6025900697064482 0.21321391404720602 0.7083420207001803 0.29946054240623116
3347.048523037 24.308859049089367 -53.11186617227336 -1.9405756799546798 -0.6029905352487578 0.21085583117477524 0.7053105874214365 0.307374703141361
3347.098523037 24.37120613508867 -53.119394344021174 -1.9491849197165314 -0.6060051447410298 0.21665710541484928 0.6990750942946011 0.311627142203077
3347.148523037 24.43503811151932 -53.12785120692083 -1.9640588756323516 -0.6024133928223734 0.21538684865321123 0.6972860053013243 0.323262797714796
3347.198523037 24.499561289399296 -53.13530314748881 -1.976031434942776 -0.6037379142630325 0.22416282831358447 0.692031510709578 0.32610419419074804
3347.248523037 24.56578279667716 -53.142588288349856 -1.9883805791599065 -0.596771258977486 0.22920998642707474 0.6966651964230157 0.3255525313577021
3347.298523037 24.629880520285088 -53.1518317726784 -1.9957877962729527 -0.5942877431609888 0.23213772393842483 0.6929234260482589 0.3358441321310371
3347.348523037 24.693879427717793 -53.16142656936815 -2.000290471055809 -0.5982973831536367 0.2392947584439098 0.6849241184411562 0.34008412469620874
3347.398523037 24.760513111281355 -53.170109646493124 -2.010878195723169 -0.5713680254398761 0.24903879307643542 0.7137358044199895 0.31953006202377926
3347.448523037 24.822764119080713 -53.18033579345951 -2.0131548686995755 -0.5708686493634991 0.2487522111060464 0.7149398892895753 0.3179501177014365
3347.498523037 24.88591534280923 -53.18949184603299 -2.0185175823723296 -0.572643163795869 0.23871641779287778 0.7149376918423822 0.32242576760718256
3347.548523037 24.950010932292496 -53.19847400270212 -2.0223120666055387 -0.5719372965815811 0.24570720872690455 0.7177669110143362 0.31197172598093564
3347.598523037 25.012762620244054 -53.20975522512822 -2.024902048764313 -0.5836309513550983 0.24402991593336826 0.7053925692306411 0.31975871532155525
3347.648523037 25.077227050936262 -53.22127448494982 -2.0292399136865473 -0.5937230862820255 0.23941251920745366 0.6954635335741899 0.3263510624021148
3347.698523037 25.14099844550891 -53.23205860871861 -2.031834403058017 -0.6069084940653741 0.2408986907393667 0.6812638699386219 0.33092210586120036
3347.748523037 25.206136463316906 -53.240750291718264 -2.038224814992255 -0.612000526060706 0.23454272503803902 0.6786257822206309 0.33152995933789625
3347.798523037 25.26925120769549 -53.2488922267884 -2.04266006787154 -0.6079958203431396 0.24038014181481232 0.6834566857749865 0.32472361869108773
3347.848523037 25.328077987096233 -53.258579257765035 -2.043296615859906 -0.6032677130200454 0.23498380096163166 0.6852022582152443 0.3336892941793583
3347.898523037 25.38428855094118 -53.26769367291192 -2.039333018494532 -0.6028162453253231 0.21922670479326298 0.683037621293247 0.34930192409351324
3347.948523037 25.43913635625169 -53.274113853056505 -2.0308285282586276 -0.6000917865834582 0.21636407787004444 0.6840719432773122 0.35372589656868575
3347.998523037 25.49612758336367 -53.277236114704735 -2.0215225907704926 -0.6043253473164142 0.21441082560054786 0.6819502294965889 0.3517993134526229
3348.048523037 25.557432058505103 -53.277216543851004 -2.016132709283947 -0.6122552916870887 0.20668955232217223 0.6846483468077558 0.3371639482142554
3348.098523037 25.61818868805992 -53.27691619646372 -2.0146542775859055 -0.6215981907604196 0.20754923112451643 0.6825181689582922 0.3235860858331447
3348.148523037 25.6814263912546 -53.274743840297845 -2.0211290484790516 -0.625929059279755 0.20147274082205063 0.6863971423466985 0.31061312018827886
3348.198523037 25.746438647781485 -53.27110788258539 -2.031506040389451 -0.6320899696361717 0.19411939871184167 0.6890282514302359 0.2966816442924778
3348.248523037 25.812251694782155 -53.267076599559715 -2.0454271331791074 -0.6338554971730521 0.18155881762433795 0.6947089968508114 0.287476980193014
3348.298523037 25.877757212746435 -53.26294033507056 -2.0553558075767695 -0.6328230559028329 0.18238792141142357 0.7025133307460283 0.26971215427774464
3348.348523037 25.943094000421734 -53.258632885919 -2.0599201186934977 -0.6322283765813191 0.17764418065734075 0.70954183445498 0.2554999218829505
3348.398523037 26.007851064307854 -53.253728434140115 -2.054982052611328 -0.6418329444706944 0.17541516817306285 0.7073062952172647 0.23874210963489964
3348.448523037 26.074604319464473 -53.24986945012613 -2.0533311054624543 -0.6468866762292931 0.15354185016418004 0.7114123124757259 0.22771703937808097
3348.498523037 26.13979103137237 -53.24621801960618 -2.054736429384253 -0.6314323849659207 0.1543630969543795 0.7322934277276738 0.20300619010699292
3348.548523037 26.201926064764802 -53.242662569865246 -2.0532868265955804 -0.6228015331817479 0.1492540374276869 0.7448795221612925 0.1870721252425479
3348.598523037 26.263427653758715 -53.23763939356454 -2.0525249483789865 -0.6281665146448075 0.11434310212833196 0.7462889444481069 0.18810979844015388
3348.648523037 26.32484587850278 -53.232117765981634 -2.0526255033726026 -0.6402477203968628 0.08985048970327629 0.7409123151274066 0.1818204810224871
3348.698523037 26.38735444068076 -53.22650530098164 -2.0583901009152963 -0.6482086575550412 0.07409241296657142 0.7387253505011465 0.16917655611354884
3348.748523037 26.45019950204701 -53.22119927938209 -2.065645935248984 -0.6589204347121673 0.06555385071949067 0.7338394162515127 0.15167816101935808
3348.798523037 26.513170203197166 -53.21519738784495 -2.076573271560479 -0.66548054619689 0.04784349440015108 0.7319007767578076 0.13844816957399464
3348.848523037 26.576036628360566 -53.20957235628735 -2.087856352433531 -0.667270777064498 0.044043093265322145 0.7341890092646852 0.11737297255460215
3348.898523037 26.640659192680335 -53.20541972343185 -2.0968423411978523 -0.6699618859326487 0.03494884125047786 0.7339121156314209 0.10631395215224361
3348.948523037 26.706017919723134 -53.19884031530593 -2.104901113942663 -0.6621175825435688 0.029074322661404296 0.7434695294571046 0.08948770539729088
3348.998523037 26.769039715253943 -53.19037800290408 -2.1089306257548746 -0.6505932797368207 0.014633940648379123 0.7560132074721579 0.07041492931223053
3349.048523037 26.828275026461576 -53.1824058486917 -2.1075237890877356 -0.6435090118148975 -0.00915559737203485 0.7628409748569602 0.06233757958934591
3349.098523037 26.88629032992711 -53.17606485110441 -2.1024657578442594 -0.6427234233266397 -0.022263075608938764 0.7637820297458466 0.055208401616336056
3349.148523037 26.944846382385606 -53.171849569547355 -2.0980372423980276 -0.6474252673013934 -0.03465868482450916 0.7595282680557638 0.052498655698661155
3349.198523037 27.00526003559906 -53.17222497925292 -2.098531950848354 -0.6542677332445594 -0.037284259603579145 0.7532977526794341 0.05555279496977014
3349.248523037 27.06754241436534 -53.17629100703792 -2.1051308626382146 -0.6572362139140108 -0.025081425000258326 0.7506534113541878 0.06269718703621265
3349.298523037 27.130216104932803 -53.1809362606474 -2.1133486240737795 -0.6629799500080921 -0.013942950439623975 0.7448836693232613 0.07356289279127431
3349.348523037 27.195015753668624 -53.18483608670058 -2.1248035693006657 -0.6654800742418792 -0.01625605822200674 0.7410992007408241 0.08742989202451097
3349.398523037 27.2606723308063 -53.19005219102783 -2.137678357931925 -0.6594322458657043 0.006292053506729123 0.7460320493233591 0.09244298003402447
3349.448523037 27.32536421328288 -53.19521730490922 -2.1449899590331998 -0.649356053107856 0.031743486071224306 0.7536718299203262 0.09647714842790628
3349.498523037 27.38789037267188 -53.19990436514888 -2.1389775274121097 -0.658392461083683 0.04218830576910679 0.7439194062721053 0.10641161128496278
3349.548523037 27.4505161842336 -53.207990631221655 -2.1363931861289385 -0.6575082419943128 0.033024276364880006 0.7419521263442852 0.12688321832818594
3349.598523037 27.510239344615204 -53.220781842382976 -2.1338476148208243 -0.6461187992670455 0.062574089668174 0.7484908798081362 0.13555951969505137
3349.648523037 27.56901910401721 -53.23407901424978 -2.131720802179833 -0.6407356562287987 0.06994666937463945 0.7479685383122733 0.15845613896421729
3349.698523037 27.627732329290822 -53.245239113528555 -2.1324158127206787 -0.6338223869010142 0.09069550626552114 0.7508500491392704 0.16207316469390387
3349.748523037 27.685784727277706 -53.259534553980295 -2.136364974057095 -0.6290429343751711 0.11217257829248416 0.7495437263835412 0.17293496358737293
3349.798523037 27.743420054138536 -53.27545065009566 -2.143728449356692 -0.6260086999975022 0.12900422579895438 0.7449427333978218 0.1911317378439062
3349.848523037 27.801795707199325 -53.29046440437584 -2.1505947989314214 -0.6286776210553157 0.14630037893413878 0.7357464566320122 0.20503121582187211
3349.898523037 27.859225202129245 -53.304611672077385 -2.158855463770117 -0.6315688891944332 0.1523282213153908 0.7253658355087403 0.22751100164454968
3349.948523037 27.91635485793657 -53.3150122814429 -2.164404780337246 -0.6395124964406889 0.16078447695400833 0.7134810731209987 0.23689001069047216
3349.998523037 27.974190543851414 -53.32495354602523 -2.170930932778795 -0.6409822050797169 0.16679857441957655 0.7067934336417813 0.24852181092129877
3350.048523037 28.033740672760178 -53.33188552820607 -2.1751496378547652 -0.638356307211372 0.1718831924345598 0.7063893130839038 0.2529259408657308
3350.098523037 28.09437189236166 -53.333456719827765 -2.1787530736533105 -0.6273639219300756 0.16872025523149156 0.7194474313449762 0.24564889266237333
3350.148523037 28.153613248940978 -53.33370797502082 -2.178692807461788 -0.6185736732736502 0.17075375036758736 0.730876539050567 0.23244193282110742
3350.198523037 28.211445879521026 -53.336191782626365 -2.180744477042692 -0.6112620657798573 0.16369783529545143 0.7369510934128738 0.23762321346134188
3350.248523037 28.27011191095731 -53.338100066747025 -2.1827382787719576 -0.6074789469773003 0.1651002292664859 0.7398528352774424 0.23733736622671495
3350.298523037 28.33026143891553 -53.34021592952167 -2.18648099830334 -0.6108137189182036 0.16390981819944325 0.7357461358186665 0.24231755179317868
3350.348523037 28.393086265779203 -53.3417668427909 -2.1947175915352997 -0.6137445147041529 0.1597496475682969 0.7321788869729011 0.24841859480218614
3350.398523037 28.45731556632858 -53.342938729602835 -2.2040040784207253 -0.6170355383084037 0.1638272932059041 0.7275115335253673 0.25130605056952704
3350.448523037 28.521888831116122 -53.34423573605579 -2.2134728366296272 -0.6185093411648358 0.16481541582984865 0.7242011726304023 0.25654382697197253
3350.498523037 28.584252638998976 -53.347493863052215 -2.2163972793872806 -0.6233719778529168 0.17468524870466523 0.7150832072234758 0.26372039712490863
3350.548523037 28.646829284756983 -53.35291915200731 -2.2156152573891004 -0.6250766111051219 0.18517223264094998 0.7072742788678701 0.27341098909889605
3350.598523037 28.707576335715885 -53.36125760369479 -2.2098064417099623 -0.6246629527604116 0.19816548560566113 0.6987503879225694 0.28683537289074956
3350.648523037 28.76656561442931 -53.37041975404395 -2.203976603858913 -0.6259136200801587 0.19658943065113263 0.6884545747860947 0.30921680809831786
3350.698523037 28.82695216264593 -53.37742954734615 -2.2000125550765155 -0.6118324751389077 0.2071597913818123 0.7000924485247052 0.30432943781160054
3350.748523037 28.884097936602984 -53.386211581620124 -2.1944475100575356 -0.6054310594667388 0.21555280451264544 0.7005845594738296 0.3101152942480839
3350.798523037 28.94261030995444 -53.39386576748289 -2.192630328593255 -0.6023565398406648 0.21418995581474137 0.7003857746889633 0.31740987437791135
3350.848523037 29.001635979634585 -53.401324193144035 -2.192606968129813 -0.6048182022741384 0.22021831311550866 0.6948766838750075 0.32069491884548496
3350.898523037 29.06245893386594 -53.40833429895981 -2.1976805223010354 -0.6077042388267893 0.22081781447688423 0.6905402959857331 0.32417456800548256
3350.948523037 29.124684234580638 -53.41417954009486 -2.204398746020113 -0.6122159063531901 0.2278707165643311 0.6870175058897304 0.3182350815696699
3350.998523037 29.187366820689817 -53.41961595830975 -2.216168927815119 -0.615482728577834 0.22049209971918313 0.6856277256439309 0.32012320536340516
3351.048523037 29.24830491020212 -53.423292371699816 -2.2275860684689044 -0.6143699284274887 0.22263878620109423 0.6893718313724939 0.3126468295585928
3351.098523037 29.306541717306633 -53.42590793358724 -2.2397933028431027 -0.5961853460726827 0.22555062431711523 0.7102059922559398 0.29882670155478314
3351.148523037 29.35964787995208 -53.430985567308774 -2.2374737645290224 -0.5979319651261916 0.23178614222567723 0.7083440287649719 0.29495980449118453
3351.198523037 29.411440812589376 -53.436926036592176 -2.237389523028785 -0.5945434752326743 0.21444031441199163 0.7078671245017732 0.31536889774156857
3351.248523037 29.4623967665349 -53.43722935012798 -2.2320163449421746 -0.5855068295756973 0.23320621155804216 0.7134867158905337 0.30615898101917915
3351.298523037 29.515958990340977 -53.433912829635005 -2.22533331614714 -0.593316869483471 0.23283873438146263 0.7104346453909088 0.29840212932595883
3351.348523037 29.572914026833523 -53.43023809933983 -2.2262301596309473 -0.5973438534072206 0.22002501002795075 0.7132311565565116 0.29337796964985974
3351.398523037 29.63010375276066 -53.428322880937394 -2.2329548559046795 -0.5952398217453128 0.2146123002025047 0.7169702346381464 0.29254879567914743
3351.448523037 29.687840592906422 -53.426148666779675 -2.241152696247289 -0.5947684254220819 0.20816173274612326 0.7183564678040011 0.2947595601591713
3351.498523037 29.747035302894815 -53.4236191456226 -2.2481003083208946 -0.5999399387530738 0.20454635894129142 0.7140891701894745 0.29716916722790454
3351.548523037 29.808030976659815 -53.42229576583497 -2.2566443197649573 -0.6000390357190928 0.2058372948857975 0.7108372203447209 0.30380027949294175
3351.598523037 29.87173191594417 -53.42043244040179 -2.262658397433812 -0.602072147414707 0.20828249315869488 0.7074616376504124 0.30598294659022823
3351.648523037 29.937379198101098 -53.418986001062656 -2.2675240718395075 -0.5965308272836188 0.20758720517588977 0.713489224596411 0.3033012540897199
3351.698523037 29.999958063543875 -53.41994382658318 -2.264251239795236 -0.5922734552561019 0.21640984305488947 0.7150796403627526 0.3017284241940638
3351.748523037 30.063247571025475 -53.42343754701961 -2.2561966598141456 -0.6020669778909765 0.2194160317805321 0.7048216374526766 0.3042998825327394
3351.798523037 30.127647543689623 -53.42893117505041 -2.254594875199529 -0.5867753651585983 0.22099901855834497 0.7192372495433145 0.29925220719087464
3351.848523037 30.18808860674426 -53.43794552194579 -2.246363950392808 -0.5880515189472107 0.22706086620299643 0.7140039003345563 0.30469198284507654
3351.898523037 30.24911053176055 -53.447490190168516 -2.241718585918576 -0.5921961352989982 0.22319093692338426 0.7071677594616895 0.3152828935894344
3351.948523037 30.311023353714628 -53.456807416930594 -2.2397352822201255 -0.596843662361851 0.23278747365720884 0.6990633298020255 0.3176446060188834
3351.998523037 30.375157550252393 -53.46558361698454 -2.2414237202485485 -0.6049394678494612 0.23705763979490882 0.6892922009420571 0.3205123669584888
3352.048523037 30.44265754173884 -53.47341293287444 -2.2460004907039726 -0.6136456519870506 0.2382681753282655 0.6822057898107927 0.31821777255797523
3352.098523037 30.51192057878966 -53.48124768143593 -2.2531085873915595 -0.6184973135774638 0.23537739341109482 0.6796740310957827 0.31638863320680155
3352.148523037 30.579498535741738 -53.48859857670583 -2.256590632390753 -0.6160926846394121 0.24707828066655296 0.6824154728881369 0.30609026367972364
3352.198523037 30.64402718927021 -53.496462098689584 -2.2568515620669496 -0.613633839162827 0.2548009589420066 0.6826951116101854 0.3040680307761413
3352.248523037 30.705491915548247 -53.502933034749574 -2.2506196567713403 -0.6136595866812827 0.2679079799291476 0.6794715683160318 0.29994268421582304
3352.298523037 30.767842987038375 -53.50622730189826 -2.241348303068501 -0.623472675594257 0.26179300780946546 0.6749755621875643 0.29521895992465147
3352.348523037 30.830621938986024 -53.50765127532163 -2.237691717109895 -0.6163739753057998 0.249130328666349 0.6889196472223253 0.28880256504295304
3352.398523037 30.889826239934184 -53.5087382594762 -2.2290183440502336 -0.6191016884293012 0.24659719389558515 0.6894853405145659 0.28374793137981624
3352.448523037 30.94992517632779 -53.509722457116176 -2.2235570901896535 -0.6263050667658082 0.2342155826197177 0.6867850724854838 0.28497594356838524
3352.498523037 31.00972770954069 -53.51160175669994 -2.221573482383957 -0.6313519400822365 0.2361835836489542 0.6814490720663632 0.2850249195228835
3352.548523037 31.071749616798147 -53.5132958606509 -2.2256614635758516 -0.6346703571833219 0.2355489046010609 0.6774136499860877 0.28778637574868166
3352.598523037 31.136374275979353 -53.5133941804123 -2.232650523644341 -0.637639693146622 0.2357358545985076 0.6756268955837075 0.2852587010846737
3352.648523037 31.201007585337926 -53.51368393400809 -2.2389621822395562 -0.6434137196570615 0.23522155014733964 0.6699111521995033 0.2861968830404711
3352.698523037 31.26631496202336 -53.51355488538093 -2.244561430334272 -0.6453366809980735 0.23660800219033096 0.6687494919259996 0.28342783650624126
3352.748523037 31.330934727725527 -53.5159121128097 -2.248532499240801 -0.6428559530338597 0.23913341079958067 0.6678376255405452 0.2890403802250711
3352.798523037 31.3945216304035 -53.520673388139514 -2.250196752630755 -0.6441167773655117 0.2328518916544174 0.6589463951017378 0.31093925781678333
3352.848523037 31.45833523785105 -53.52647707656733 -2.2545699274891553 -0.638265336734846 0.23256323529181677 0.654017194467139 0.3328561413804607
3352.898523037 31.52529339741417 -53.52892192880268 -2.264271011116284 -0.6092085600645113 0.23676576925722748 0.6818125430269605 0.32854003869127935
3352.948523037 31.587433868008034 -53.53029775235555 -2.2604340322805028 -0.6088268793081231 0.24123887430758445 0.6854465357415324 0.3182713986437893
3352.998523037 31.648690031286183 -53.53328635682785 -2.257259471424353 -0.6219587681679345 0.2342638188502572 0.6754287016449098 0.3195055912984795
3353.048523037 31.711561271395656 -53.53891447540782 -2.265388748339623 -0.6117365673380115 0.2458080027030879 0.6824828598391783 0.3155533932860837
3353.098523037 31.77463769838131 -53.546611544292574 -2.276393566280937 -0.603652131094909 0.25352541126100236 0.6855557065550025 0.3183431225570701
3353.148523037 31.839691200827335 -53.55437989245392 -2.286425062243417 -0.6071099048001941 0.24819762265540143 0.6814734423118357 0.32466821683891894
3353.198523037 31.905745046623373 -53.56162692603405 -2.296177126030166 -0.6095861284827191 0.24973999863214572 0.6788807006066043 0.3242771644574315
3353.248523037 31.971276803981436 -53.56718006034284 -2.303895535852915 -0.6142414628541375 0.2506419956793106 0.6768314744582411 0.3190378825396527
3353.298523037 32.034487102794586 -53.5736679196484 -2.3079878223232875 -0.6217007846333618 0.2538178864789734 0.6692268034928749 0.31811963217682476
3353.348523037 32.09544045325147 -53.58161805712357 -2.3119533866663584 -0.6183746264659545 0.2569152172147159 0.6662344899693324 0.3282361906949174
3353.398523037 32.15601208241186 -53.587330685548096 -2.311316106922489 -0.6225124584449051 0.25198801774470214 0.6584637475052533 0.33971424935571104
3353.448523037 32.219750107923716 -53.59006782381063 -2.3164259230010007 -0.61428927574095 0.24094617414970504 0.670370569759082 0.339406726617436
3353.498523037 32.28092156689986 -53.59243394175841 -2.3238880528939587 -0.5963382647915394 0.2452613148837192 0.6857603348197877 0.3375801009460979
3353.548523037 32.343243870423734 -53.5921784124531 -2.3312734014615923 -0.5835384950981931 0.2466939701053746 0.6995604124925049 0.3305149605169198
3353.598523037 32.4070574376183 -53.590619618700025 -2.3356740757866974 -0.5838221854313315 0.2453603816236215 0.7049463847474895 0.3193752237715688
3353.648523037 32.47121535550228 -53.59083287494237 -2.3422623430991614 -0.5881283159416293 0.24218274012984767 0.7030183719625462 0.31814740774363226
3353.698523037 32.53735709228983 -53.59240199488045 -2.353292200333847 -0.5905208212659101 0.23968425853943506 0.6999392078481732 0.3223689209224551
3353.748523037 32.6058466366409 -53.59435343071516 -2.365906682186594 -0.5958386045899141 0.23674545003397895 0.6939919760077284 0.3275714981579462
3353.798523037 32.67558699756657 -53.59656788514652 -2.378691522105122 -0.5969384727380238 0.240881526375635 0.6910220398929071 0.32882988063493473
3353.848523037 32.74485960707578 -53.60046335359198 -2.3878049540023376 -0.5977602092648335 0.24466851316551985 0.6866964178680736 0.33356870442562897
3353.898523037 32.811087157744076 -53.60682607494169 -2.3916218201224297 -0.6010567894398839 0.24510520527325363 0.6736730860100674 0.35329696772240726
3353.948523037 32.87888970632416 -53.6108918428042 -2.393480663683571 -0.596670005044636 0.24771094495441473 0.6739590649789414 0.35833416186924755
3353.998523037 32.94950939962991 -53.61227256864791 -2.391878080510324 -0.5842793266721017 0.255513722090985 0.6941825568085811 0.3338277760605125
3354.048523037 33.0152753593129 -53.616977795357016 -2.385459327827156 -0.5907508606650063 0.25021324381502386 0.691152191916399 0.3327392385221123
3354.098523037 33.08022322242162 -53.623973623967764 -2.3866225383175173 -0.5821547274714903 0.2573386336886243 0.6952234597599052 0.33397161839493866
3354.148523037 33.14616836338118 -53.631688629730306 -2.392106212977615 -0.5723033830038308 0.2649332205380057 0.7010838558451965 0.3328072317888585
3354.198523037 33.21113359415253 -53.64061962880553 -2.398159018571418 -0.5753542664185811 0.2594648226868346 0.6954576222734545 0.3434882378244984
3354.248523037 33.2765587341313 -53.64950012403794 -2.40749915067182 -0.5770109836286537 0.25683873803730733 0.6898928053645439 0.353751472818894
3354.298523037 33.34380345968699 -53.656504243727596 -2.4208195708466547 -0.5780169778867406 0.2500784089115058 0.6874300655749007 0.36165877234578003
3354.348523037 33.41193850558372 -53.66086133351266 -2.431097374686021 -0.58353545997255 0.24549584628346005 0.6862976891866805 0.35806932042443235
3354.398523037 33.47846046458742 -53.665611743568185 -2.437918035028564 -0.5962894312118995 0.2270541636871768 0.6763794629391429 0.36796214899288626
3354.448523037 33.54455597591739 -53.66681556686091 -2.442860477303276 -0.6044711295560179 0.20236855603803383 0.6711636982283992 0.37841896258080326
3354.498523037 33.613407992623024 -53.6615822720826 -2.4421033372413037 -0.6037196276997792 0.20475080772495147 0.687794610728525 0.3471862487467166
3354.548523037 33.680782941970385 -53.657267264243174 -2.442988610451698 -0.599794816887012 0.19672804274841008 0.7047677205016623 0.32380042459939196
3354.598523037 33.74426256567494 -53.65598972066588 -2.4476234405372645 -0.590061588100587 0.19171745847274183 0.7169633662378527 0.3178604565494937
3354.648523037 33.80776602418708 -53.654533321542615 -2.4525177000482636 -0.5799921593525429 0.19353151671744057 0.7296925826026027 0.3061100815415354
3354.698523037 33.870664225057816 -53.65506704809401 -2.454114788472477 -0.5872972632068519 0.19330660001248445 0.7248235411088009 0.3038837232822017
3354.748523037 33.9346032508734 -53.65776921055266 -2.4609631243179066 -0.5930128022475957 0.1915062176395616 0.7179005630570978 0.31029013284045137
3354.798523037 33.99955696620161 -53.66215700833908 -2.4716478059434106 -0.5955559402688123 0.1962231747839885 0.7101792226536213 0.3200860187501501
3354.848523037 34.06570515047225 -53.66664062260234 -2.4826523949928196 -0.6004470927501485 0.19683931080418515 0.700375585567268 0.33195122182533787
3354.898523037 34.13206417750168 -53.66975690710274 -2.4880624099259827 -0.6068455868144679 0.20534083657000535 0.6931050838123558 0.33042233186333214
3354.948523037 34.1955556558515 -53.67494701639327 -2.4876256999560615 -0.6189945102541962 0.20372262766007604 0.6765854261905117 0.34289218177299646
3354.998523037 34.25681438764413 -53.68172428635413 -2.485270365505895 -0.6315614961925233 0.19789101735815878 0.655069757746193 0.3644898273784312
3355.048523037 34.323866663706916 -53.68677143919106 -2.486852795469048 -0.6239726712593274 0.20745308934791098 0.6658667872816799 0.3524808403823972
3355.098523037 34.391254166172466 -53.69340449061904 -2.488325116905359 -0.6087033172226191 0.21630598386856306 0.6866564141509676 0.3334590857214234
3355.148523037 34.454220400393346 -53.703971859558195 -2.4879937452029397 -0.6055961040412826 0.2160534612533422 0.6884821324184024 0.33550948420436677
3355.198523037 34.51678085903921 -53.71497090931149 -2.491162391671093 -0.5997401417625435 0.22333400045474344 0.6914506469984231 0.33515621636035214
3355.248523037 34.5799978887369 -53.725125084054405 -2.497698223973012 -0.5982857109387866 0.2266229406528314 0.6919037768206368 0.334612334616751
3355.298523037 34.64327001499732 -53.73448251502405 -2.5058236877754467 -0.5998750274066021 0.23002667235853935 0.6900999224063149 0.3331662927013833
3355.348523037 34.7063975816129 -53.743701285517695 -2.5159868296806294 -0.6069052107405651 0.22445705481031855 0.6830208720120668 0.3387736473188313
3355.398523037 34.76916392522882 -53.7512693042575 -2.527652270606516 -0.6086510110129959 0.22448531869285876 0.6819280935887146 0.33782297680691425
3355.448523037 34.83054472143378 -53.759016876582045 -2.536637990872409 -0.6128275483187873 0.22433197754328146 0.6793780551333957 0.3355041252745934
3355.498523037 34.88785162074091 -53.76995279854125 -2.543987652446531 -0.6173592928339872 0.21417563964569925 0.6689405071012957 0.3542808164337104
3355.548523037 34.94587986847571 -53.77885146064966 -2.5481385367175076 -0.6091993403258081 0.22343304912278497 0.6697324027895282 0.3611264944033609
3355.598523037 35.0069312161168 -53.78451530296782 -2.5489482818057323 -0.5958543696285762 0.22984921168627998 0.6860623642879101 0.3484900893704306
3355.648523037 35.06436649527396 -53.791474270843004 -2.546022550336943 -0.5909210818188042 0.2306875316917661 0.6883102202417251 0.3518871672778686
3355.698523037 35.11991532978889 -53.79813829558414 -2.541045625358376 -0.5942097789359225 0.2385969125370177 0.6780441737933183 0.36089105049815445
3355.748523037 35.17791061869894 -53.803029406443486 -2.540171851696495 -0.5949111079096361 0.2506862066829058 0.6716423361655276 0.36350209316423104
3355.798523037 35.2378419560997 -53.80756406579912 -2.5467249495259527 -0.5889143705246063 0.2605850020882944 0.6684668273902719 0.37205835772770246
3355.848523037 35.29639552270978 -53.812846800456654 -2.556197926889802 -0.5746073908154198 0.28543019755494226 0.6643638331029355 0.3833753330729783
3355.898523037 35.35389560728469 -53.818573592428834 -2.5658383722421227 -0.5634084144269059 0.3096721158783385 0.6511241256007986 0.4033751507728115
3355.948523037 35.412840064952626 -53.82361802841295 -2.57359484141808 -0.5572763770317694 0.3310304377253529 0.6347113695463978 0.4207176800067269
3355.998523037 35.47333540160855 -53.8286553077457 -2.580608266279774 -0.5464472329606928 0.349985980240997 0.6257009441879924 0.4329013324842116
3356.048523037 35.533745336961736 -53.83329402921624 -2.5848796370317504 -0.5287671967522196 0.36470794611115687 0.6262693732773135 0.4417918489255115
3356.098523037 35.58870952138598 -53.83957251966012 -2.579328479651571 -0.5221008007911071 0.3888147318789983 0.6094276610241367 0.45258345536022115
3356.148523037 35.6399750220215 -53.84952213253256 -2.5779454121884804 -0.4982492610069276 0.41126147829908916 0.6026189087273252 0.4684678443795114
3356.198523037 35.68714614191616 -53.86091999203751 -2.5774603668670366 -0.4701748198223827 0.42408543536282844 0.5969153753826629 0.49272631038933234
3356.248523037 35.73602225522924 -53.87013288905182 -2.5738938335049992 -0.458708560542128 0.43498898994915297 0.5835842369969448 0.5097062619166829
3356.298523037 35.79275707070002 -53.877689852207304 -2.573228938775732 -0.4550700242267086 0.4417635643753992 0.5813323264552359 0.5097145794057575
3356.348523037 35.856193969440085 -53.884779587565454 -2.578912442594731 -0.46261196638104274 0.4320497780628087 0.5865245355910617 0.5052842041728912
3356.398523037 35.92269095866749 -53.89065288359783 -2.5873515639359317 -0.4726276417836993 0.4223749801552181 0.5948667381933447 0.4943238332834752
3356.448523037 35.990410544383224 -53.895144043838684 -2.5975538227255144 -0.4916160706782022 0.4069342300748525 0.5980185907977126 0.4848628017332637
3356.498523037 36.05983440914665 -53.89745258550748 -2.60980568715208 -0.5087870579272442 0.3905621611088973 0.6077359059039079 0.4682456584644893
3356.548523037 36.1288982300304 -53.898452788354426 -2.6248360039793748 -0.5188827957655817 0.3736790960999061 0.6224272314090066 0.4513412445112566
3356.598523037 36.195795440434566 -53.89887123284209 -2.636818639477827 -0.5354739028901186 0.349298345494087 0.6283558862240383 0.443201134256582
3356.648523037 36.26106980868668 -53.89742440561756 -2.6412172334530903 -0.5485157259885187 0.34161233693097176 0.6322954997227109 0.42735688906376096
3356.698523037 36.32776256158163 -53.894505245256724 -2.643675356379118 -0.5514995675793364 0.32997138920899616 0.6523364158479285 0.40177644259210726
3356.748523037 36.39228966083223 -53.89210189223734 -2.6453490917268474 -0.5598011338674267 0.30361991065698185 0.665145850582777 0.38989567556707255
3356.798523037 36.45793252888435 -53.88761643186602 -2.6481124826441453 -0.5576851432938431 0.29209006839177837 0.6862466192234911 0.3643298649583107
3356.848523037 36.523021028250106 -53.88282911917215 -2.6509451296573783 -0.557951296978218 0.28254808232055345 0.7027044643144967 0.3392099161430553
3356.898523037 36.58673019944203 -53.87839495141226 -2.6546906941394006 -0.5697624485272926 0.2638391550829364 0.7040760659437483 0.331717569414828
3356.948523037 36.65069617115169 -53.874466869369385 -2.660789469885123 -0.580091088689665 0.2577645760780878 0.7010086728358194 0.32502091125200927
3356.998523037 36.71605837111276 -53.871293575501156 -2.6718108892622663 -0.5875038142895367 0.2478685323398722 0.697600472134794 0.32673236776945735
3357.048523037 36.782882265964155 -53.86804144471923 -2.682656570763018 -0.5964838917751626 0.2400393704406564 0.6921707988581344 0.32785309621734793
3357.098523037 36.85005169772145 -53.86444935033885 -2.690947446302556 -0.6015426756920658 0.23675944761463233 0.6909874157549084 0.32346215320311894
3357.148523037 36.915556090287225 -53.86344626249726 -2.6940632049113007 -0.6039403065376462 0.2359019304300665 0.6884812364006245 0.3249614938463472
3357.198523037 36.979741324263955 -53.86358487484815 -2.6902957227615136 -0.6119442711895917 0.2357893069058688 0.6795993447252269 0.3287435814675806
3357.248523037 37.046248379716005 -53.86327317782997 -2.6899894386227428 -0.6190969319061177 0.23042641614318324 0.674745513197832 0.3291521655211078
3357.298523037 37.115130690016805 -53.862961424962 -2.6995425484014404 -0.5897995629500078 0.23710963491505863 0.7078712343945752 0.3079509897550707
3357.348523037 37.179229974605875 -53.86451366622883 -2.7028781686007712 -0.5756458645299094 0.24500800418814295 0.7219187279553111 0.2956962406943005
3357.398523037 37.24268544352157 -53.8664854696759 -2.705885264920355 -0.5778329168195345 0.23558452586718337 0.7224759376126522 0.29772062572566677
3357.448523037 37.306702482203946 -53.86930029525263 -2.7108426843701885 -0.5777211719104586 0.23804320577209237 0.7227192634233929 0.29538203396432244
3357.498523037 37.37164299806733 -53.873570589819415 -2.718583687624458 -0.5799736446892859 0.23903041136255967 0.718352953290188 0.3007724528758188
3357.548523037 37.43886995958176 -53.87717161178774 -2.725492886884239 -0.590975148187591 0.23700644254154574 0.7081793287648165 0.30505468153868703
3357.598523037 37.50705785186517 -53.87936344726787 -2.7316025784650746 -0.6078003807122407 0.22884452684017303 0.6947142153248386 0.30916183264909386
3357.648523037 37.57499950158724 -53.88004197940797 -2.7344921611404973 -0.6286315209686768 0.22231817296069487 0.679273965845802 0.3065679698535757
3357.698523037 37.642750003935376 -53.88174376521062 -2.735895310717454 -0.6478794724020718 0.21313894422154078 0.6629758018738551 0.30868603114792714
3357.748523037 37.70877868022005 -53.884052601771366 -2.7344376761580813 -0.6601135921401525 0.20771018074631362 0.6506602569895068 0.312646375735442
3357.798523037 37.77430039797109 -53.884361599773484 -2.7298223385909943 -0.6642416060101175 0.2062044514008085 0.6494845991580859 0.3072988261026263
3357.848523037 37.83799683689526 -53.88289855528733 -2.720096884185983 -0.6724569838268205 0.1965744231767559 0.6478916178301798 0.2989925627848517
3357.898523037 37.89840645077204 -53.88111584550025 -2.7078562622977658 -0.6880219430956955 0.18990852962368596 0.6342608007290195 0.2971090588547852
3357.948523037 37.960397632870816 -53.87791054184947 -2.6999540534524344 -0.7032260529357475 0.1834874823078757 0.6204893736805892 0.294615680944169
3357.998523037 38.024853744647075 -53.87476196332833 -2.6988645553640502 -0.7169857891006094 0.1745316312187956 0.6078262358462081 0.2932871544219293
3358.048523037 38.09049984118667 -53.87312505453194 -2.7045351409696035 -0.723342577674104 0.17191929969938236 0.5991563079926828 0.2970370150456579
3358.098523037 38.15613377175553 -53.87255841039364 -2.7127849979942966 -0.7301278030488094 0.17174979394659756 0.5862138873501701 0.3062167170032077
3358.148523037 38.222150479056765 -53.87190095239189 -2.721817834997591 -0.7375434789832154 0.17017891933679732 0.5705530591954144 0.3186502136598204
3358.198523037 38.28987116246177 -53.869865643741264 -2.728842813322162 -0.7414785661608433 0.17581707295863072 0.561697941669178 0.32216969923462463
3358.248523037 38.36035907076775 -53.86771567389919 -2.7337442716888005 -0.7396109105397439 0.1699189606625797 0.5644675681224297 0.32477624967948276
3358.298523037 38.42700407304979 -53.86589100147062 -2.729954241068606 -0.7411574011515115 0.18031744494675406 0.5607352810316465 0.3220982309367319
3358.348523037 38.49530960403134 -53.86646709709347 -2.727015923163409 -0.7416302691940324 0.17911799477726542 0.5623504221988205 0.31884681339942356
3358.398523037 38.56492018671643 -53.872134513782385 -2.7273626271498848 -0.7197557293396472 0.19084010937917478 0.5897080260913705 0.31269183983327253
3358.448523037 38.62860223265945 -53.8806964852632 -2.7262347025932336 -0.709925456581256 0.1985195496969867 0.5944281331016945 0.32132698153630834
3358.498523037 38.69280770338548 -53.889365419476775 -2.7287279611189725 -0.7083327418585449 0.1970166438521449 0.5918821170174834 0.3303403221093292
3358.548523037 38.75858314806354 -53.89973951214275 -2.737981330426892 -0.6946111612376656 0.21200913028834922 0.6010510704298715 0.33362415094465964
3358.598523037 38.82379597305116 -53.91141161242908 -2.7508683954994178 -0.6807640151222472 0.22837027790419606 0.6062689589710055 0.3418264490539175
3358.648523037 38.89031328433182 -53.9219422275677 -2.766248531537806 -0.6712991258186951 0.23432227226341393 0.6091403223385162 0.35128140300575983
3358.698523037 38.959534275997896 -53.92942198359435 -2.7811168268750954 -0.6656547129780563 0.24054159750735102 0.6168037735058274 0.34437864037667204
3358.748523037 39.02910683431451 -53.936109072389144 -2.795719023717713 -0.6603846177811269 0.2393647946236502 0.6283330856011623 0.33435637459419754
3358.798523037 39.0955630941244 -53.94379126945218 -2.8066942087756392 -0.6511332374241887 0.24689062222239264 0.6382808217833698 0.32812820714422136
3358.848523037 39.160825516319576 -53.95111061997909 -2.812547731469081 -0.6431130264302084 0.24815410394247023 0.6473436644622292 0.32522508515319165
3358.898523037 39.224378299278165 -53.95575369093191 -2.815699915973398 -0.6338238454256824 0.23521324539589644 0.6581769849039308 0.33127800817878233
3358.948523037 39.28788935261944 -53.95471357672347 -2.815074051259223 -0.6284775198121411 0.23409726537169293 0.6683811082452937 0.32168489485375007
3358.998523037 39.35394729311694 -53.95075718595931 -2.8187385878872733 -0.6217332964836856 0.2309195053511301 0.6845434491376191 0.3025295957996354
3359.048523037 39.41907945093776 -53.94823129569562 -2.8269867923184044 -0.6160771889031229 0.22094327998796445 0.6958689286832475 0.2956338925675057
3359.098523037 39.48383532458178 -53.94721697846191 -2.8373807682619554 -0.6165837698330001 0.21364133277030795 0.6976053335028194 0.29585238613043596
3359.148523037 39.54946138290527 -53.9474549975608 -2.851100537318405 -0.6177072540275595 0.20754470075426937 0.6958476060481837 0.3019255780280378
3359.198523037 39.61651732353068 -53.94817793825968 -2.8647313651478528 -0.6237899571546272 0.20677317135548537 0.6884734038913028 0.30681479282287966
3359.248523037 39.68587552408721 -53.94990593366313 -2.882316852200401 -0.6246266413181166 0.19270541632289953 0.6860259882677833 0.31949104040125803
3359.298523037 39.75537861900981 -53.95377539442694 -2.8963548927012224 -0.6194669264411713 0.18717205679459498 0.6888468703554697 0.3266761965651678
3359.348523037 39.82187818848862 -53.96028964064652 -2.9010050138686547 -0.6153911624108473 0.19451055089433583 0.6901635303069865 0.32731279267942703
3359.398523037 39.8853750221108 -53.968470152099975 -2.8979927400621492 -0.6217974920442216 0.20113440118720033 0.678801784222626 0.33487455753276035
3359.448523037 39.95125627714424 -53.97650586903451 -2.9003530284845183 -0.6076996205632765 0.2086229740852683 0.6914034286011227 0.33036180888486405
3359.498523037 40.014140765383715 -53.98603164705987 -2.9013416379881356 -0.5899820833988193 0.21899266215406002 0.7025174062399386 0.3323140820383264
3359.548523037 40.076991771639335 -53.994213099837985 -2.900399419155887 -0.585988958700566 0.22406177155333734 0.7022137433337843 0.33661420273446696
3359.598523037 40.142598989305796 -54.00093544448342 -2.9032072249914838 -0.5797396319022294 0.2338521072935408 0.7071795909132895 0.3303213243373042
3359.648523037 40.20871858728657 -54.00932559529662 -2.9103231380597134 -0.576557156150523 0.23514200979903357 0.7073625045476325 0.3345569728452738
3359.698523037 40.27547000857105 -54.0188276947557 -2.917678279942733 -0.5771790762381586 0.23605939256997388 0.703268197926095 0.34140023274471243
3359.748523037 40.3430463814718 -54.027380747775595 -2.922864163323022 -0.5878232203896641 0.232936852158715 0.6919637160854067 0.3484113949031919
3359.798523037 40.411739588359005 -54.032949650506865 -2.9279606267228586 -0.5965659986608215 0.23307352207082355 0.6879724495084212 0.341291153223609
3359.848523037 40.47872884283074 -54.03916720411006 -2.931626488420077 -0.6045788813276539 0.2348757580493629 0.6842500575668631 0.33334608630233603
3359.898523037 40.542296158418125 -54.046652579010704 -2.935613233684517 -0.6053662549637571 0.22829790926476498 0.6805138631820472 0.3439660506409587
3359.948523037 40.60534366505356 -54.049865871586675 -2.93318677045296 -0.6046534836195374 0.23230876009187515 0.6822764280875897 0.33900690318542737
3359.998523037 40.66893219064445 -54.049279326626504 -2.927887096769625 -0.6068660018054198 0.22688104378469562 0.6878712765152367 0.3272182066590581
3360.048523037 40.73082948917065 -54.04854124004742 -2.9243928009769404 -0.6002743076244537 0.22427867667690485 0.698402824382552 0.31875276577390455
3360.098523037 40.792085569093146 -54.04728395105042 -2.9218462353511274 -0.5972320899396371 0.2245438467148597 0.7034137219473323 0.3132140281421446
3360.148523037 40.855794835263985 -54.045246479239175 -2.9241533461652067 -0.5990597947959101 0.2159206756946494 0.7060398165262498 0.30986029359410944
3360.198523037 40.92010255186109 -54.044521889080826 -2.931803135566954 -0.5965368441188402 0.21653157482579177 0.7092101665635553 0.30704854722843317
3360.248523037 40.98553050690237 -54.045418527271224 -2.9420536515995894 -0.5982394367028361 0.2160128508985649 0.7063014906891202 0.31078325062730544
3360.298523037 41.05275783784738 -54.047722218220116 -2.953872558809094 -0.60127111590256 0.2151325190002286 0.701165475967342 0.3171088452903786
3360.348523037 41.12016461738003 -54.05131966498752 -2.9633653985460646 -0.6061866486054228 0.2183842530764984 0.6925178984820848 0.3244457201793588
3360.398523037 41.18817421678078 -54.05433837874394 -2.970619481958776 -0.6089961544467128 0.2173719863459268 0.6874009414719743 0.3306857255531075
3360.448523037 41.25613499359323 -54.05614184728276 -2.974228797514666 -0.6013480959485682 0.21569956775825547 0.6967492470579656 0.3261819288251442
3360.498523037 41.31941274364429 -54.05971007463547 -2.96654373909382 -0.6155108366895877 0.21799281612492666 0.6812964764853134 0.3308483839529888
3360.548523037 41.386725945974845 -54.06359446248555 -2.967648587203293 -0.6038559683150586 0.21945588255210244 0.6950233019195015 0.32270682504786696
3360.598523037 41.45189104925302 -54.070568984261236 -2.9684946197529327 -0.5806272835230316 0.23750177569630435 0.7146987237057741 0.30930664154380044
3360.648523037 41.51362010480418 -54.07956242620798 -2.9664915869955526 -0.5817516339126044 0.23584921773221348 0.7079164884256838 0.3237196755684878
3360.698523037 41.57818914328681 -54.087402297489824 -2.9688574926263227 -0.5801227402579002 0.23729202014487946 0.7072897657074669 0.32694233549160284
3360.748523037 41.644394288226636 -54.09571958335729 -2.9753091150290336 -0.5781988264892314 0.24217352455944727 0.7069564198902659 0.3274915593185092
3360.798523037 41.711500280221124 -54.10464328918012 -2.9840402883670323 -0.5805094110481414 0.23959036614959406 0.7030255265851576 0.33370704083448016
3360.848523037 41.77962196282973 -54.112936902435315 -2.992795846130368 -0.5866853016565925 0.234556922705289 0.6972499995832939 0.33856438813353473
3360.898523037 41.848115576181414 -54.11942500402711 -3.0008007508101753 -0.5915043903988713 0.23050719817931298 0.6958395882581818 0.33585153734807704
3360.948523037 41.91615479428134 -54.124495923264476 -3.004971913010552 -0.5970131912048038 0.23172399902155985 0.697036355015286 0.3225206312655314
3360.998523037 41.98185206431604 -54.13039447757548 -3.007787856502447 -0.591935927463892 0.23344424469816236 0.7066099523249163 0.3095448556673913
3361.048523037 42.04336928857732 -54.13866612356423 -3.0030071299986623 -0.5954912862874061 0.23647018577434406 0.7029576259031136 0.30874351066909245
3361.098523037 42.10359431343502 -54.14596101013857 -3.0018247864120355 -0.5870799615556318 0.22472796220638347 0.7084009395764282 0.3209401354608641
3361.148523037 42.16367194870725 -54.14862795006497 -2.993396101970524 -0.5843096906141851 0.2356716236642469 0.713010941405926 0.30766291406220553
3361.198523037 42.224652570020226 -54.150018327021414 -2.9874907570629112 -0.595196319630031 0.22620127800806575 0.7079077233339104 0.3056811707818845
3361.248523037 42.28632785491619 -54.15203838027368 -2.9917711600167776 -0.5924091946776168 0.21987298996517995 0.711069312863046 0.30836284901016403
3361.298523037 42.34881180183191 -54.153489558732375 -2.9989593983674876 -0.5896831573630145 0.22698618726718203 0.7120302102709539 0.3062091186979832
3361.348523037 42.41415002471642 -54.15347642569383 -3.0092948161393696 -0.5928118518092679 0.22195583061605817 0.710054704592361 0.308434813366224
3361.398523037 42.481087281453796 -54.15293994229073 -3.019597166109935 -0.5984548096974024 0.22435274293170193 0.7048731704914398 0.30768734294802114
3361.448523037 42.54968424999865 -54.15234647044766 -3.031376675278613 -0.6032031554531134 0.2249976061425504 0.7000402755206119 0.30897514969743894
3361.498523037 42.618638640112685 -54.1517506010759 -3.0429749706461706 -0.6009204122091204 0.22500249224656033 0.7011212795382181 0.31096219714291556
3361.548523037 42.6862808676196 -54.14956738801864 -3.049435598999477 -0.5860465584480582 0.22364684235141005 0.7162348432888329 0.3058417409322205
3361.598523037 42.74926025446889 -54.14795056708138 -3.0373556312467818 -0.6082311949039968 0.22345015977466598 0.6978623768757385 0.3051441341131715
3361.648523037 42.814595900833666 -54.14757715258365 -3.034925245732125 -0.6110119282383543 0.2107127730560372 0.6998289335002014 0.30414472649949764
3361.698523037 42.87812112890084 -54.15084304632486 -3.0366014300600725 -0.5801416800406208 0.23405382895689783 0.7262573965676655 0.28496426119957186
3361.748523037 42.93742191692434 -54.15683869908804 -3.032554608638102 -0.5796087286332224 0.23371726056478923 0.7223860734197594 0.2959532475501025
3361.798523037 42.998442012115696 -54.16284250384953 -3.0318176636730767 -0.5861055136282343 0.2241865729230033 0.7159185404725303 0.30607409368207683
3361.848523037 43.05991136021703 -54.17077623502689 -3.0381754775023233 -0.5810946407664258 0.23101621270848927 0.7156388464184307 0.31116164518665
3361.898523037 43.12310038068624 -54.17943258624255 -3.0489354381738454 -0.579833481249583 0.23242499331212 0.711472816968072 0.32183565250196694
3361.948523037 43.19002233059959 -54.186275268052384 -3.0608357665934127 -0.5849744414492788 0.23169446375938327 0.706193458730382 0.32467426316352305
3361.998523037 43.25943736712412 -54.191960217610465 -3.07410676111047 -0.5895989320196355 0.2263050322133668 0.7050518102174625 0.3225849913825682
3362.048523037 43.328005106656 -54.19779752026811 -3.0840037563729417 -0.5930650860382185 0.22481899744787406 0.7056675610319314 0.31585362973418385
3362.098523037 43.393501213215146 -54.20628821005613 -3.087780933658479 -0.6044729438047745 0.22084982920649415 0.6943294166783952 0.3220938904768173
3362.148523037 43.45706155671956 -54.21492843665196 -3.089250445550818 -0.611131152932574 0.21536412059064355 0.6827208568806423 0.3376821598155333
3362.198523037 43.52310071086511 -54.218766355144105 -3.089253514160437 -0.6083019557075787 0.2189499076880561 0.6864614181732078 0.3328669253100331
3362.248523037 43.59154407949081 -54.21902670702694 -3.0872974735027388 -0.5984944586593134 0.22024259531203505 0.7058400156537497 0.3083625373910214
3362.298523037 43.65690923827759 -54.22036922902799 -3.0841179755996073 -0.6021844182206685 0.2078088354796121 0.7071353166426966 0.30683718533690774
3362.348523037 43.72343822511018 -54.22026833689861 -3.086361787158492 -0.5970325081810199 0.20559301704577426 0.7146826718786937 0.3008527447663189
3362.398523037 43.79139893695403 -54.21995063342166 -3.0907537487123156 -0.5980899489748649 0.2086168271937 0.7167335222680814 0.2916513164792287
3362.448523037 43.85978819065171 -54.22185822967595 -3.0998748740204722 -0.6028160652987408 0.2034303601478761 0.7117606111339074 0.2977007094820842
3362.498523037 43.93012703525573 -54.22480648431106 -3.1127108016655294 -0.6055581014222587 0.20411199873066052 0.7069346563320058 0.3031189031597885
3362.548523037 44.001829534714936 -54.228916051511824 -3.1253723847256176 -0.6095471419733498 0.20762873009370228 0.7000415881502614 0.3086816596622763
3362.598523037 44.073485014771286 -54.233502628400544 -3.1350721664532273 -0.6142126329859268 0.20976545874073796 0.6913019273976313 0.3175577726589339
3362.648523037 44.146047484859835 -54.23608951510411 -3.1392667014804294 -0.6131371782728133 0.21919761290355402 0.6929381105479536 0.3095997126408032
3362.698523037 44.21568736981735 -54.23829198296887 -3.133143203904105 -0.6252074857132428 0.22344942230540282 0.6823062284771286 0.30601334294573423
3362.748523037 44.288502175928066 -54.24011630566108 -3.132074237178351 -0.6304558446634869 0.21119399203048952 0.6829755671468714 0.30243495224640343
3362.798523037 44.36411099463029 -54.2433591892294 -3.1380477923064247 -0.5983705140625282 0.22581995336072738 0.7185869771086567 0.2731132235805287
3362.848523037 44.43559594762383 -54.25104596506001 -3.141175393016228 -0.5868984582469794 0.22279042715741149 0.7279618846428352 0.2756557994702601
3362.898523037 44.50747572271489 -54.25998937605727 -3.14632007266196 -0.5861924099874082 0.2106997364564319 0.7259494854623824 0.29151573557399413
3362.948523037 44.581167052228544 -54.26977238912592 -3.1541570401112264 -0.5813067721098006 0.21823111432812453 0.7272837269403558 0.2924311850096281
3362.998523037 44.65434049916214 -54.28134761889644 -3.163694538908286 -0.5810417506024992 0.2218222447189589 0.7215042425177495 0.3043304188435886
3363.048523037 44.72832429176542 -54.2922926738656 -3.1712478934786423 -0.5903242850484534 0.2201540655497244 0.7104204652305235 0.3136115247971715
3363.098523037 44.802095106509356 -54.30152519578945 -3.1772296644818607 -0.5999584793201019 0.22079847059598712 0.7023313343695238 0.31309512170761783
3363.148523037 44.874647232496336 -54.31096846939222 -3.1816437433100275 -0.6067625563936146 0.2201824522312986 0.6978525027141913 0.310420315610363
3363.198523037 44.94562343336282 -54.32142538594044 -3.1851450934703216 -0.6036166213230993 0.22019579438091524 0.7006608330917798 0.310217961392594
3363.248523037 45.0143531817934 -54.331683286098745 -3.181101380226037 -0.598943559523954 0.2258119666791879 0.7043362806564569 0.3068973313019877
3363.298523037 45.081926463601455 -54.33915295757626 -3.170579921572317 -0.6043698243287088 0.21620736875878382 0.701906267856154 0.3087378828060045
3363.348523037 45.150414864710434 -54.34352552384609 -3.1588000178635913 -0.6038313253172285 0.2160434620162432 0.7102871161599237 0.2901812635283238
3363.398523037 45.21711611024113 -54.349682341070434 -3.149769665366969 -0.6077235824856735 0.2089497120226158 0.7101949121178381 0.28746347931238314
3363.448523037 45.284478922104476 -54.35707674062972 -3.147926124557666 -0.6075912800525003 0.20077394149098393 0.7109381253210723 0.2917012903421897
3363.498523037 45.352083275375875 -54.365030948575104 -3.1523798149458733 -0.6007076458811967 0.1994013003657961 0.7145115347503743 0.29809849429503155
3363.548523037 45.42068984151853 -54.371328299026565 -3.1580169211955904 -0.6017427503852306 0.19261231194095066 0.7109768711936004 0.30873621147403296
3363.598523037 45.489867016773516 -54.37545719996574 -3.1624383682992647 -0.610190630350705 0.1874724918154477 0.7027881658858599 0.31402269557391116
3363.648523037 45.557064142293285 -54.37892232217854 -3.167466312233902 -0.6159292858820528 0.1889456845477009 0.694712896284988 0.3198509571956115
3363.698523037 45.62441363408298 -54.380685177466056 -3.172450904578585 -0.6173178909838419 0.19255620352971212 0.6936524378162832 0.3173121892789703
3363.748523037 45.6889066905184 -54.38262166212507 -3.1744480776196946 -0.6075971818071529 0.19760213157643175 0.7003052841164413 0.31835761541864604
3363.798523037 45.752125891983596 -54.38586604556141 -3.1667048657428354 -0.6224851358407029 0.19667718831303094 0.6841468214560298 0.32522832894179704
3363.848523037 45.8185460692177 -54.39034830007502 -3.1691843948995944 -0.6080210786029008 0.1931989507611718 0.6972812713396145 0.3267772361079615
3363.898523037 45.88304486763833 -54.39686295551528 -3.169732822022551 -0.5856035022116506 0.2095803338298206 0.7154583215229606 0.3182200685575601
3363.948523037 45.94713645389939 -54.40402483614544 -3.1658572690361675 -0.5845629635782329 0.2038307210242488 0.7163472486287691 0.32184747654962426
3363.998523037 46.012395116356785 -54.410473643576196 -3.161389624433741 -0.5894119085098489 0.20283820636230515 0.7139664508756179 0.3189077784729852
3364.048523037 46.079491353986356 -54.41673672531576 -3.1605289649061317 -0.5909966700746008 0.20479738297924857 0.7152672930117083 0.31172691162825106
3364.098523037 46.1484665903664 -54.42214465121429 -3.161004317739407 -0.5960471427093265 0.20290539109305641 0.7149543778734043 0.30396947789716505
3364.148523037 46.21877681658135 -54.426667180940434 -3.161153127232246 -0.606312563556142 0.1977017170310331 0.712795720991767 0.2919269882912296
3364.198523037 46.28733238567521 -54.43247155804349 -3.1613412457379266 -0.6158592010919132 0.1930301902501485 0.709344417310569 0.283350115074534
3364.248523037 46.35322845217099 -54.44063842094026 -3.1615919256849185 -0.6192985826255696 0.1936890314517161 0.7052566257301398 0.2855992235931226
3364.298523037 46.41832559877338 -54.44802497405488 -3.1584845246272177 -0.6184536580958748 0.2057149549893935 0.703398777743644 0.28359582075603706
3364.348523037 46.48462370581908 -54.45379778009138 -3.152500566489142 -0.6213577207865832 0.20772381250514907 0.7014508447706189 0.28059243202163076
3364.398523037 46.550807500046744 -54.458256502849366 -3.1475774331127764 -0.6233600145664061 0.19812428878901203 0.7021746922215888 0.2812823493131683
3364.448523037 46.61644313394219 -54.45998302042501 -3.142807693390152 -0.6162040647488444 0.20077831330419196 0.7125499534109988 0.2687995226701666
3364.498523037 46.680765709624765 -54.46139975240453 -3.137636978697381 -0.6151882114716877 0.19963359889032442 0.7162335524970893 0.26210568276510593
3364.548523037 46.74435095851122 -54.46319052709935 -3.133189203957776 -0.6216332676336951 0.1952645086851417 0.7125330706566575 0.26027000487877927
3364.598523037 46.80854227501867 -54.46502421491215 -3.133458895926116 -0.6295064034674651 0.1870031329682697 0.7067783909612987 0.26308900076526687
3364.648523037 46.87493027374392 -54.46601203702171 -3.1390325254241613 -0.6313463909189123 0.1840868373514662 0.7059877628925844 0.2628593723524486
3364.698523037 46.946246765817165 -54.46268542918003 -3.1466562395642423 -0.6348068034652754 0.18496129917456386 0.707382353520808 0.24983964058815683
3364.748523037 47.017659469097794 -54.45964729294431 -3.155494234165657 -0.6344845907379009 0.1850917036731903 0.7101861822825046 0.24249938524152068
3364.798523037 47.08621118719952 -54.459134271982315 -3.1572012325225183 -0.6444505068265536 0.188130760936288 0.6983561106594104 0.24817152081814928
3364.848523037 47.156131703630834 -54.459911397830275 -3.157002111478079 -0.6487989624216745 0.18170595796773706 0.692678010758372 0.2573713748873604
3364.898523037 47.22480420863582 -54.463571717278306 -3.153254399931592 -0.651031397380353 0.1838121506651978 0.685481639431708 0.2692324922717124
3364.948523037 47.29351484745508 -54.46723316067242 -3.1538018195622772 -0.6432160214602879 0.17718799511488376 0.6903498257841061 0.2798118692332778
3364.998523037 47.36040555012035 -54.4698119676807 -3.152858451178104 -0.6266069995391153 0.19186102511261796 0.707826602778093 0.26369398091527724
3365.048523037 47.42436050325066 -54.47688331770257 -3.1513530795639015 -0.6223853234773676 0.19353577641393838 0.7111906828135933 0.26341644794310287
3365.098523037 47.486156705548716 -54.48830661642605 -3.1546693678746314 -0.6177322803332905 0.19214417164584288 0.7097378618802963 0.2788541097964155
3365.148523037 47.54910669052071 -54.49828410770836 -3.159118195232185 -0.6138350900729004 0.20230945220288502 0.707920798089711 0.2848254050757931
3365.198523037 47.61507272679586 -54.506214215383594 -3.1657092085595657 -0.6185924834451804 0.19936265113256063 0.7019295032081194 0.2913637679680232
3365.248523037 47.68310370223619 -54.51348780205149 -3.1741563822450334 -0.6236089531687143 0.20351331493424288 0.6967375139672514 0.2902602983582673
3365.298523037 47.752997120354784 -54.51880925732736 -3.1850713156213675 -0.6214099001856115 0.21127206681358993 0.7005158951708015 0.28016304243899315
3365.348523037 47.82143846170858 -54.52345120160229 -3.193179680555818 -0.622838290074646 0.21408652275824466 0.7010235919198112 0.2735056649541667
3365.398523037 47.889420912077085 -54.52635380312422 -3.196097452646186 -0.6277636191335683 0.20953376971497933 0.7021356008731782 0.2627052261143949
3365.448523037 47.954427794488765 -54.5321410090106 -3.1943331950251843 -0.6278936048786578 0.21153391925651432 0.7032297412048953 0.25781961337601605
3365.498523037 48.01760071991659 -54.539556620671746 -3.1930439473573284 -0.6216555698048356 0.20921589687858594 0.7049792162612725 0.26977280378784685
3365.548523037 48.08288722202766 -54.54136242123691 -3.192461696293167 -0.608948062809644 0.20619664804561508 0.7183142558388705 0.26587558931535
3365.598523037 48.14675676585846 -54.54175691900188 -3.189140492562844 -0.607570522931482 0.2007975558039778 0.720993588069058 0.265907215417746
3365.648523037 48.21132040600087 -54.54092671414525 -3.185695540980789 -0.6187513425435415 0.18946324330693456 0.7144330702491883 0.2661500397717439
3365.698523037 48.279169065314065 -54.53817672348976 -3.1879866615025696 -0.6281410473510511 0.18580929139605395 0.7117814950858693 0.25353665438540757
3365.748523037 48.349091020574726 -54.535254624863796 -3.1951182388422685 -0.6356570238593972 0.17952995849485656 0.7099294979803694 0.2443547624221587
3365.798523037 48.41950096203137 -54.53246732725401 -3.201322180624877 -0.649929908469122 0.17524480134381165 0.6996817891725947 0.2394280008259761
3365.848523037 48.490209832709155 -54.53166994748346 -3.2106160227935825 -0.653994727353807 0.17449237311493962 0.6956050229580683 0.2407840533624306
3365.898523037 48.55938570703525 -54.53283364087749 -3.217957252604584 -0.6512995893429155 0.17652090368380854 0.6953189118740498 0.24734758190588546
3365.948523037 48.62820824233984 -54.53515121499097 -3.2206665560395615 -0.6438935147460957 0.17573990429738615 0.7003802199941709 0.2529509342666718
3365.998523037 48.695519770981406 -54.53977262934735 -3.215717936323772 -0.6409137947121334 0.1799305239731362 0.6990742120104749 0.261055090722973
3366.048523037 48.761696225249025 -54.54667657041252 -3.2083826258665495 -0.6386556012712877 0.19774199453753274 0.6945255676160346 0.26580324017730367
3366.098523037 48.82813647603758 -54.55524699862329 -3.208268309947195 -0.6176912311716692 0.20101798765521484 0.7091409979388649 0.2741684821691696
3366.148523037 48.893058609275414 -54.565767945768 -3.204784585511365 -0.6125501671226953 0.2088942123626395 0.7075139587040301 0.28384766872092243
3366.198523037 48.95965992570369 -54.575520986798836 -3.2055021009047326 -0.610932746773394 0.21354251383827896 0.7047651622006392 0.29063179428935737
3366.248523037 49.029305615664306 -54.584110927549474 -3.2115777686225333 -0.6123026127764852 0.2144473146004685 0.7021373159265469 0.29342980290216253
3366.298523037 49.10125312029092 -54.59364521599388 -3.2223022894089257 -0.6127692915805338 0.21420001773640124 0.7014613740662051 0.2942517432246881
3366.348523037 49.174972072945735 -54.60360032425329 -3.234842255990462 -0.6148954716999595 0.21035798284385138 0.7009795136251457 0.2937359348370649
3366.398523037 49.24956456638157 -54.61345371331867 -3.245948742152967 -0.6263353344587175 0.20703107944790333 0.6914328251476329 0.2945553076410022
3366.448523037 49.324928749450386 -54.6211677278751 -3.2580244011712525 -0.6336127690603685 0.1944951173340646 0.6875224708193239 0.2966805695278219
3366.498523037 49.400740924823786 -54.62406194745992 -3.2654698133951947 -0.640739989438597 0.18601003831869498 0.6880673087447046 0.28533473363003614
3366.548523037 49.47377956813863 -54.627948030854576 -3.2641103072018267 -0.6516899201629285 0.1786031827803565 0.6811689405016809 0.28179784519151363
3366.598523037 49.54328013059855 -54.63196614445192 -3.2625857896621318 -0.645253362438087 0.17856639775620867 0.6874487303650674 0.2813829827373565
3366.648523037 49.61038476642687 -54.63405867396282 -3.259143614391243 -0.6372529505969746 0.17732985185542194 0.6966882513856109 0.27764776422230397
3366.698523037 49.67704803157869 -54.63653042081644 -3.256339060834339 -0.63088407037212 0.18936346150107056 0.701667177668949 0.27164303963313724
3366.748523037 49.744795977497965 -54.63860305165651 -3.2586448307870874 -0.6199076631063819 0.18954964445504 0.7118094572489172 0.27039363542797085
3366.798523037 49.81219865388311 -54.6403105447046 -3.2600664569883984 -0.6240620978202812 0.19355629564696542 0.7078709929388848 0.268330236528222
3366.848523037 49.880374466809364 -54.64163858706817 -3.267391899341687 -0.6264429562785802 0.19096630942365245 0.7036619651530072 0.2756101050235112
3366.898523037 49.94975411073159 -54.640066389370816 -3.277882164475439 -0.629900750264264 0.1918827596358124 0.7011949095889222 0.2733710850431071
3366.948523037 50.017511470212106 -54.63962254325133 -3.287486429313527 -0.6355141597491717 0.18555984206409926 0.6945853045092739 0.28149698494159797
3366.998523037 50.08338280677742 -54.64081347469249 -3.2942540931953452 -0.6375327804477117 0.18076063505113849 0.6913087673332455 0.28804467514381793
3367.048523037 50.148774791113574 -54.64449612564335 -3.295318816865307 -0.6442080930381264 0.17146668671686224 0.6847014923003454 0.29458271275178777
3367.098523037 50.21366060531198 -54.649715358808514 -3.294226305898359 -0.6446108712614336 0.1676322899293113 0.6832508313142398 0.2992399397357098
3367.148523037 50.27895136067256 -54.65250237452439 -3.2906420022737386 -0.6447989220227284 0.16557563696565675 0.6893357163302387 0.28571896820690995
3367.198523037 50.344006774221114 -54.65543736558851 -3.2884583416781235 -0.6427020799154303 0.1526170869841593 0.701145048004668 0.26839836603709327
3367.248523037 50.408193111615184 -54.65962455521672 -3.288716700860857 -0.6410642378242751 0.15097950697932197 0.7093399316946055 0.2511547187662506
3367.298523037 50.473550088458126 -54.66298363294273 -3.29366979253694 -0.6388682745238782 0.14803700851887383 0.7195892520956764 0.22830611070238754
3367.348523037 50.539705929330864 -54.66593414777155 -3.3025983623905977 -0.6396352045524821 0.1350942810302554 0.7249850675256078 0.2168247960794907
3367.398523037 50.60680803520717 -54.667648008576776 -3.313563902697406 -0.6471702116864981 0.12311681739527101 0.7248552235374092 0.20148913442328656
3367.448523037 50.67556965886506 -54.66712739831064 -3.3271449491350182 -0.6565549670816232 0.11162117445046923 0.7240359547927433 0.17957790727733586
3367.498523037 50.745237032768024 -54.66582198689155 -3.341650882384649 -0.6660132238669196 0.09533413757563983 0.7221450402015953 0.1607617142211969
3367.548523037 50.81477301762676 -54.66174683029703 -3.3568481277417908 -0.666384821557308 0.08184490579544329 0.7281759265688831 0.13781328295530265
3367.598523037 50.883600536643094 -54.65480766185528 -3.368479786525834 -0.660255669510953 0.06748444125596455 0.7401142189554766 0.10834779170309959
3367.648523037 50.95031375932549 -54.64651867950108 -3.3675313592759086 -0.6722816929139789 0.04976090789843551 0.734139656580766 0.08124125831936184
3367.698523037 51.016302350178144 -54.6394875513035 -3.3710397379387564 -0.6634592111670079 0.0365184938665879 0.7444615655337614 0.06530889806442017
3367.748523037 51.08116864733907 -54.63507055226866 -3.3769776036069197 -0.6412268347448146 0.028289758517286635 0.764460670236068 0.060230553944005005
3367.798523037 51.14582413928988 -54.636361592439115 -3.3797028602028623 -0.6329499285166594 0.03836858671732057 0.7702434629527941 0.06802387318110392
3367.848523037 51.211222716761874 -54.63975672870541 -3.3852870509089996 -0.6242820124273255 0.0505023554902551 0.7752799186906207 0.08162431454345737
3367.898523037 51.27755554370541 -54.64364460764338 -3.3916503179867536 -0.6244940321288611 0.06495049854349792 0.7725750013240209 0.0944272413214383
3367.948523037 51.34525207982873 -54.64849057346561 -3.400104640311367 -0.6287652539732106 0.07807291868121062 0.7655723825052507 0.11161452374057337
3367.998523037 51.41450556420249 -54.65574150276145 -3.4127638540415925 -0.6246969735418124 0.08828138493405666 0.7633440245271752 0.13880197599631136
3368.048523037 51.48241446452888 -54.665719487136165 -3.42474156362646 -0.6197741058080043 0.10526367979150923 0.7585295359148319 0.1715591986209699
3368.098523037 51.54802796624415 -54.67755116274049 -3.4362510463371727 -0.6051483188174884 0.1300042166813329 0.7584161304023532 0.20420428257742546
3368.148523037 51.61347819948266 -54.68893175739506 -3.442177056224831 -0.5967004617155739 0.1481218836379281 0.7550856581115923 0.22771498740784807
3368.198523037 51.67764241289477 -54.70038381660563 -3.4441497800888787 -0.5891897130865923 0.16818806081062973 0.7501351109387702 0.2487279106384688
3368.248523037 51.73992034909286 -54.7112820301782 -3.442952205100379 -0.5820608246830049 0.18490991585109853 0.7497705623770974 0.25467159869528283
3368.298523037 51.80038259992779 -54.724118460033424 -3.4400791679089804 -0.5754482170761601 0.19464028016030946 0.7496282933388884 0.26273928642060823
3368.348523037 51.86246536261605 -54.736635383466435 -3.4358009575192496 -0.5802843545639069 0.21601704442820263 0.7421372128589112 0.2565912345635779
3368.398523037 51.92714799500377 -54.75081834139625 -3.4366565345592646 -0.5797879660496923 0.22055908669108915 0.740398375781051 0.25886260611130185
3368.448523037 51.99253204962212 -54.76707731866949 -3.4390218275406927 -0.583551933463558 0.22261532029484793 0.7320112163507235 0.27215646098834356
3368.498523037 52.05895969244785 -54.78197810744198 -3.4430488033125184 -0.5904074157823818 0.2220518683667103 0.7224446128682456 0.28317103044215813
3368.548523037 52.126941024733235 -54.79556082791603 -3.4489871939753405 -0.5962296366012403 0.21932405026204588 0.7154136100083829 0.2908445427196084
3368.598523037 52.19603965169278 -54.808286292313305 -3.45596025613626 -0.5984522936561015 0.2158778883776554 0.709650875659734 0.3027329255345853
3368.648523037 52.26650706011036 -54.81804969762848 -3.459967617671721 -0.5983857991154119 0.21371518568280667 0.7078795804556055 0.3084910929015124
3368.698523037 52.337842175239736 -54.82409205099863 -3.45598106918458 -0.6068689464443152 0.21197791193587326 0.7018311947142556 0.3069339030130671
3368.748523037 52.40915537025733 -54.82877454160452 -3.443486863516705 -0.6311301874584887 0.21153196766682922 0.6812939237040683 0.3045775806876268
3368.798523037 52.48096020077597 -54.8339689020839 -3.436546278027454 -0.6387126607100522 0.22522822310437143 0.6700185583106468 0.30396301762756567
3368.848523037 52.55348834649464 -54.839040417803574 -3.4407645995040523 -0.6128615983380192 0.22978726327143323 0.6918036144126193 0.3049692345244511
3368.898523037 52.62397185212146 -54.844708475417235 -3.4389474307138808 -0.6102564048781198 0.24466351067272285 0.690555247211515 0.301430485185514
3368.948523037 52.69377962549578 -54.85334890107357 -3.442032537994434 -0.6027986399808105 0.25228336697325227 0.6893507617208787 0.31270182234961297
3368.998523037 52.76397898486752 -54.86379947580886 -3.4498939592340054 -0.5913529720171322 0.26697134610269496 0.6873778040560948 0.326404223835478
3369.048523037 52.833719882819686 -54.876689971779875 -3.4608630561765974 -0.5810315203054515 0.2854208307592378 0.6782306407461282 0.34776503523692365
3369.098523037 52.90216678078358 -54.8900601486379 -3.4726478017540217 -0.5724728829337068 0.3007888504863149 0.663854981162144 0.37562937813075997
3369.148523037 52.967424217439294 -54.90167494735511 -3.4808447457716523 -0.5681990796374159 0.31445496817900515 0.6452696007017519 0.40236180397365806
3369.198523037 53.032371689792775 -54.91037013228799 -3.482373366230561 -0.5743605560430731 0.3282348969145106 0.6242130543455938 0.4156078282395046
3369.248523037 53.095984708662996 -54.92077349890725 -3.4817485771814107 -0.5704002130785563 0.3443366907132296 0.6111822189314212 0.42723779749767427
3369.298523037 53.158324211598085 -54.932967671937625 -3.477195808910644 -0.5645135804707141 0.35760147659678615 0.6005715977456281 0.43904368504876173
3369.348523037 53.217572458866 -54.949956732177505 -3.4706283934160393 -0.5543089023306739 0.37389413421710765 0.5932232054366484 0.4483648578183521
3369.398523037 53.27268996557377 -54.969493014156185 -3.4687416252493035 -0.5332400121270546 0.38842045943039144 0.5884419277315858 0.4674620132696962
3369.448523037 53.3313513753079 -54.986432078537014 -3.4670109586528115 -0.5261350900119763 0.4066163424216684 0.5799105315096775 0.47068969882277817
3369.498523037 53.39350898218964 -55.0031876235817 -3.4714070840413966 -0.523914470255809 0.416856329848017 0.5706929267306 0.47545137659058073
3369.548523037 53.457000544710034 -55.02078398564228 -3.4835523805241846 -0.5153140408212862 0.42707804307430997 0.5634503554645288 0.4843340596975934
3369.598523037 53.52598509417005 -55.03671537173452 -3.5009065670830264 -0.5117173282991239 0.42043962784780564 0.5662374424047126 0.4906638911440042
3369.648523037 53.59731321854344 -55.05085475475361 -3.5181718896955303 -0.5145698619286017 0.409525512016473 0.5672597160741712 0.49570467692152786
3369.698523037 53.67234281034319 -55.0610743237373 -3.532063140525043 -0.5224663661701273 0.3937790529229421 0.5707887833110453 0.49615231385774045
3369.748523037 53.75215423474811 -55.06671829739223 -3.538315823271988 -0.5362269399088297 0.3739921613512812 0.5800872009992047 0.48589028741138457
3369.798523037 53.83307954422138 -55.0711675915494 -3.535100429334043 -0.5541271609632059 0.3556301806675434 0.5855584511833931 0.4728546968455886
3369.848523037 53.91040830372461 -55.073397184671045 -3.524948209077528 -0.5722333163850529 0.3572527605259831 0.5753956996447868 0.4624276003287596
3369.898523037 53.98972085923965 -55.072878594161665 -3.520182228294818 -0.5707233802831337 0.3529252112768783 0.5910145010833454 0.4476834573139471
3369.948523037 54.06934251351613 -55.071300744482755 -3.5174816765746733 -0.5713168282948007 0.34711598576882324 0.6067653659972126 0.43005042118009357
3369.998523037 54.147195434253774 -55.07003825670435 -3.518365569727286 -0.5708133055512159 0.3427437967436921 0.6208156151897506 0.4138681335111274
3370.048523037 54.224386906482465 -55.06788363679606 -3.5226782361352265 -0.5759785952988404 0.3280548189023319 0.6302784159852106 0.40420021263688943
3370.098523037 54.30069851265468 -55.06611574279755 -3.5281470555337493 -0.5882160661195573 0.3210404598369414 0.6291758563188038 0.3937926161471513
3370.148523037 54.37685263347129 -55.064809255619444 -3.5379544618317915 -0.5991388391322615 0.3081634134133933 0.6261414891828277 0.3924471908430012
3370.198523037 54.45204966534845 -55.06336949664476 -3.550244508385644 -0.6050972058302321 0.3027720986420277 0.62638063045665 0.3870836260668715
3370.248523037 54.52606109376636 -55.062102344185284 -3.5639897575555395 -0.6005313910877734 0.29401459514250605 0.6359916954329643 0.38526877566404927
3370.298523037 54.600271303360856 -55.05944253995464 -3.5692263097907437 -0.6107952725607272 0.28674025249712803 0.637705952907909 0.3715377238466723
3370.348523037 54.6735359987946 -55.058761086672156 -3.571148838335003 -0.6172138704665409 0.28009990193103423 0.6409588552729912 0.36022608024555064
3370.398523037 54.742384649052084 -55.06152854834879 -3.5728587321229974 -0.6009918210192998 0.2827626688225087 0.658584707096062 0.35372346228017215
3370.448523037 54.8071950148446 -55.06740989412683 -3.5676375066337043 -0.5956129611462148 0.2807786271287165 0.6626591325150591 0.35677925550225104
3370.498523037 54.8715718450131 -55.074042522691364 -3.5640918577531204 -0.5907808164272802 0.28949977083034356 0.6621209294921692 0.3588367098822542
3370.548523037 54.93976808485467 -55.078636700747104 -3.5660826574653335 -0.590685685307212 0.28293857083589885 0.6653307869196158 0.3582891713175452
3370.598523037 55.010156803238885 -55.08193868679142 -3.5731601543219234 -0.5953264547664764 0.2717865647845568 0.6662842967046306 0.35746847612426536
3370.648523037 55.082027095962715 -55.08360195636022 -3.5859371356048753 -0.5966561547161656 0.26829560380727707 0.6700899313718832 0.35071125714900075
3370.698523037 55.156334416578375 -55.082728698273264 -3.600271270832035 -0.60474834229289 0.25112707786177607 0.6741166452874764 0.34173291004081846
3370.748523037 55.23302365447247 -55.08060790713256 -3.614208294407253 -0.6119851046643054 0.2428488109787422 0.6762529134412723 0.33042500470972447
3370.798523037 55.31128821550678 -55.0781043515458 -3.6275776896189615 -0.6084184502884513 0.22882031772123357 0.6877398884098592 0.3232369060558334
3370.848523037 55.388244397202016 -55.074125949623564 -3.6325032846301766 -0.6051118596260134 0.2198567203830786 0.6968280140603365 0.3161224108839364
3370.898523037 55.46328350538844 -55.06886218567233 -3.624795986373415 -0.6230036345882655 0.21222413719366912 0.6885455854811359 0.3045198903136768
3370.948523037 55.537237800418005 -55.06413675148765 -3.620934371639546 -0.6206471040771394 0.21170774331530925 0.6926311813925448 0.30039815276357373
3370.998523037 55.61074982543181 -55.057961449706355 -3.616552773096212 -0.6191959012453563 0.21624685684494843 0.6957006119182589 0.2929750695233155
3371.048523037 55.684102647422534 -55.05138629378422 -3.6138479956300276 -0.6196211910917487 0.21984990810434285 0.6989971996449126 0.28131568094424614
3371.098523037 55.75715410447109 -55.04722691679269 -3.6156534809687444 -0.6165282378539756 0.21808639983834496 0.7031614816785329 0.2790970885155765
3371.148523037 55.83061282844528 -55.044214771155005 -3.619148629668789 -0.6208912598292172 0.21544234163727646 0.7002530745106431 0.27879073251441877
3371.198523037 55.90536705982545 -55.04211851139094 -3.626330235616545 -0.6268327906957812 0.2086137908509297 0.6946446644084887 0.2846572131251229
3371.248523037 55.97960402504199 -55.040498271706035 -3.6357719417215604 -0.6329640532249801 0.20748565771480862 0.6864687528429835 0.29166223707888017
3371.298523037 56.0523771065278 -55.03929627186603 -3.647736192073649 -0.6293735466557213 0.20995147530960392 0.6854743237468801 0.2998904271047622
3371.348523037 56.124412329734795 -55.037937050033804 -3.65570962233099 -0.6278260621069062 0.20395960544858205 0.6868755811856647 0.3040342925649163
3371.398523037 56.19496442481494 -55.039585215709266 -3.6572558870546734 -0.6302520787160393 0.20755660593371997 0.6805440268090294 0.3107449117555056
3371.448523037 56.26441518479226 -55.041343376047045 -3.65679286979543 -0.6247008948725784 0.21430811147888199 0.6821978882017299 0.3137305637531273
3371.498523037 56.33150221023359 -55.04448259415784 -3.6529319120917916 -0.6188947466448053 0.21962776149022725 0.6898780837453691 0.30463284216589614
3371.548523037 56.39606198420158 -55.05262767233709 -3.6483713179100445 -0.6155390322429155 0.22433829280288145 0.689404901131782 0.30903869088387903
3371.598523037 56.46143090089288 -55.06279424858617 -3.6475634962792864 -0.6099881992007998 0.2349600429314151 0.6903221015637538 0.31010251716817056
3371.648523037 56.528326097929586 -55.07408869202215 -3.6494615768363063 -0.6116329961712228 0.23629804808264093 0.6847714309486502 0.31805093589468464
3371.698523037 56.59634942642635 -55.086370403370495 -3.6569440155876833 -0.6086560038970816 0.23696690506016893 0.6815769478298379 0.3299051666967388
3371.748523037 56.66647618056383 -55.0968828718748 -3.6664262043232245 -0.6080903807065795 0.2351468543230933 0.6791206667430736 0.33723458570633663
3371.798523037 56.738080516928 -55.105439596925876 -3.673429163463372 -0.6173052075501245 0.23024429381966013 0.6705678824777669 0.34097002930502235
3371.848523037 56.81111442690093 -55.11177442753103 -3.679903161046368 -0.6220359684274653 0.22521947897550518 0.6665968499732395 0.3435055747411703
3371.898523037 56.88639981726947 -55.11396416736962 -3.684816925158432 -0.6177804289865366 0.21569021548759923 0.676936859090912 0.3370186364405604
3371.948523037 56.96100823682943 -55.114677667127076 -3.6804796686981973 -0.6238503117308083 0.20370946399186945 0.6797361049707489 0.32752415244179156
3371.998523037 57.03321614125891 -55.11544507245182 -3.6732835447525547 -0.630457717083444 0.20795217810433644 0.6747970805462095 0.32237844015676204
3372.048523037 57.1064005146327 -55.11244163060406 -3.672952355808818 -0.614860016838941 0.2075358742517544 0.694034501962347 0.31175652467471204
3372.098523037 57.17902351580369 -55.10703107464207 -3.6705720823693166 -0.6088823846220413 0.20231290532038726 0.7078673851777377 0.2953904112178206
3372.148523037 57.249854452524964 -55.10554985351762 -3.668069538148773 -0.6136427196649086 0.20513081028627791 0.706068216113415 0.2878048600492524
3372.198523037 57.32149017832454 -55.106597568831354 -3.6726310905640434 -0.6109309092429932 0.21000829366228993 0.7073351261147178 0.2869441759103318
3372.248523037 57.394223343867786 -55.10757751818267 -3.6790595909430674 -0.6147705055540741 0.21012445383592032 0.7034480066015185 0.28821145259911973
3372.298523037 57.46723377463264 -55.10796122483272 -3.686314072154101 -0.6228934449146382 0.20671500924562616 0.6956682467984444 0.2920930530350455
3372.348523037 57.538525069875064 -55.107390584510696 -3.694088074453497 -0.6287642221421368 0.20605321066371965 0.6903820461945122 0.29252394367204354
3372.398523037 57.60714017218443 -55.1070843518418 -3.700628780293296 -0.6294919196568407 0.20167908187448214 0.6908353273441634 0.2929368899853591
3372.448523037 57.674808108995016 -55.108927393760304 -3.7003912147318236 -0.6375164741523731 0.2024493306149549 0.6840942784105927 0.2908642844416861
3372.498523037 57.741728653716635 -55.11496371671853 -3.699031199547169 -0.6375689530058016 0.2077933191507219 0.6788787555239529 0.2990842723676076
3372.548523037 57.80814688581782 -55.12165788531449 -3.699729793547357 -0.6249124143162483 0.21908367003327658 0.6873910262214173 0.29829582133924487
3372.598523037 57.8734393515468 -55.13001326843003 -3.6999119872291244 -0.6140660996972448 0.22304002223344727 0.6956335567055254 0.29878073644386366
3372.648523037 57.937078653635695 -55.141942595836056 -3.7031968248098126 -0.5978235445530308 0.23247877504509895 0.7043389820598067 0.3040842433973458
3372.698523037 58.000794904374246 -55.15406451081507 -3.704539934549975 -0.597725826625914 0.23848392481504066 0.6996768466983574 0.3103249329065026
3372.748523037 58.06575101559461 -55.16569408443617 -3.7093120559458646 -0.6041911432870839 0.24668998473809572 0.6887516853650798 0.31578193379312686
3372.798523037 58.133669389921835 -55.17605101252636 -3.7231579707130114 -0.6014809000833065 0.24568815981912762 0.6883940953896552 0.3224463124185556
3372.848523037 58.20440550525384 -55.18418930054443 -3.740719283730765 -0.5967141741550313 0.2378366800712426 0.6939856922499286 0.325191892468979
3372.898523037 58.27644167737505 -55.190285220214356 -3.7557608074601525 -0.596505524118479 0.22702024663663636 0.6956980409069808 0.3296167519883789
3372.948523037 58.349377514866305 -55.19297084354543 -3.766365507259988 -0.5952647168834174 0.21157681548706014 0.7009196048709607 0.33106929107000554
3372.998523037 58.42219504640983 -55.192315163381515 -3.7675450163813498 -0.5995930938570737 0.2041021691810884 0.7035118955878642 0.3223374615226207
3373.048523037 58.49268507062885 -55.191589751393686 -3.7602318498931835 -0.6132576396714781 0.20100368076389324 0.6951227020893596 0.31672861686927184
3373.098523037 58.5605175123737 -55.191310448242675 -3.7576918613405206 -0.6054595862169225 0.21362491483791032 0.6984653465578771 0.31611587254725637
3373.148523037 58.627629201028356 -55.1883547748524 -3.756155446104713 -0.5937148153996571 0.21582743281174957 0.7088659032383067 0.31373614462949695
3373.198523037 58.694032959833805 -55.183559844831294 -3.753343616403712 -0.5911867780523286 0.2176483741019698 0.7123347324082561 0.30936484563009764
3373.248523037 58.76016440235827 -55.17622289662425 -3.7538063760404747 -0.5884982860605606 0.21581107892837906 0.7196863887159773 0.29857469318833224
3373.298523037 58.825788552120386 -55.168827735048076 -3.7536120331207403 -0.5995909576081883 0.21069105094794927 0.7153115173626028 0.29056737210732286
3373.348523037 58.89213746675683 -55.16290930173905 -3.757155937041553 -0.6125240738283825 0.2057626701269861 0.7061095916288013 0.28962946530472866
3373.398523037 58.96046874538852 -55.15727560251093 -3.7669906815286707 -0.6184074979992839 0.2006474232447609 0.7027838838886709 0.2888037231578896
3373.448523037 59.02793253002037 -55.15349732853194 -3.78083708052468 -0.6117732666630312 0.19991261451648126 0.7071938074169914 0.29265224329344863
3373.498523037 59.093999108909635 -55.15002312108152 -3.7902577853654287 -0.6077089924176458 0.1961825184609879 0.7103834451419543 0.2959012687591623
3373.548523037 59.15880974929914 -55.14875303769394 -3.7960852054102685 -0.5974572373989772 0.19445990171524627 0.7183015047480673 0.29878611811987094
3373.598523037 59.2222807018623 -55.15005952457407 -3.793928889707918 -0.5940477742175563 0.19376766227625722 0.7198351011842457 0.3023222818553549
3373.648523037 59.2832673403599 -55.155874927112585 -3.785819761479508 -0.5993066055539157 0.2088114325165381 0.7110916284194304 0.302618694369065
3373.698523037 59.341131593733074 -55.16439108004485 -3.7849221106956255 -0.5820304590799941 0.2184749057097893 0.7176176494137303 0.3139015283940854
3373.748523037 59.39880159848547 -55.16947215615636 -3.779661606549437 -0.5826700951623985 0.22677000392652244 0.7155401881644063 0.311565666664754
3373.798523037 59.458082379395364 -55.17380673361688 -3.7745787807058466 -0.5950158554933335 0.2299245618701248 0.7059402476473426 0.3077973266810099
3373.848523037 59.51918714634498 -55.17885554741281 -3.7758636467434252 -0.6028971433397704 0.22944621881108543 0.6985173175267239 0.3097467099765711
3373.898523037 59.582846171013756 -55.182630796575545 -3.781090665816169 -0.6106335861782708 0.2235202392446269 0.6945485274719863 0.30784357889289266
3373.948523037 59.649119215018196 -55.18437972074321 -3.7892290039345182 -0.6173983903079984 0.21237340160346463 0.6949394909874045 0.30129034136963884
3373.998523037 59.71760656139607 -55.18277749636656 -3.799014088439286 -0.6223224432048032 0.1964969240508796 0.7013144119611346 0.28681323382604845
3374.048523037 59.786715083951975 -55.17815045905549 -3.8062895874462765 -0.6284975125846928 0.17550563842461392 0.7089056106552516 0.2676592661155737
3374.098523037 59.85603705105428 -55.170530096085194 -3.809301105673323 -0.6311991209985871 0.1571427833679351 0.7200133800113634 0.24181511096414443
3374.148523037 59.92409991879212 -55.15863800183278 -3.803544455780967 -0.646809941987899 0.12549179325573442 0.7210118347970417 0.21454753052336487
3374.198523037 59.990764702162316 -55.142114148190686 -3.7987713843732673 -0.6566363134614086 0.10744394296839899 0.7235300029868799 0.1838175338236806
3374.248523037 60.05703346555057 -55.11971561207654 -3.801507206737798 -0.641980440967586 0.08130288696028422 0.7474426964857993 0.15026765938492687
3374.298523037 60.120771679931586 -55.09599495614073 -3.803911600210155 -0.6305397271966937 0.051449726487961825 0.7646775010383621 0.1226413367374921
3374.348523037 60.18155051472894 -55.07281660343483 -3.8046333913854498 -0.6319384957289875 0.03181152825559965 0.7682943709086301 0.0967756369957854
3374.398523037 60.24104299941255 -55.0491080875685 -3.8080111989974954 -0.635602761667639 0.00916793334119314 0.7688963238764954 0.068727879990101
3374.448523037 60.30052528282602 -55.025779737770996 -3.81202788322919 -0.6457489638888088 -0.0221677082047578 0.7618169158929098 0.04638809124003833
3374.498523037 60.36043512418941 -55.00310325171826 -3.8201732932365924 -0.6532181033555367 -0.04847102275539664 0.7554034693459155 0.017951821684610066
3374.548523037 60.42024669593903 -54.982960405964285 -3.8305823210812626 -0.656912829384315 -0.06722511843713323 0.7509080531587738 -0.009133112432661794
3374.598523037 60.48081796666943 -54.96718786393994 -3.8399881871474495 -0.6548578561612144 -0.08179399630789058 0.7507329305969794 -0.02951266353946835
3374.648523037 60.543367560185644 -54.95600996347138 -3.842880244373005 -0.6625635840072865 -0.08787558367254598 0.7427097414021354 -0.04086097120727752
3374.698523037 60.60877222557359 -54.94819143463689 -3.8448915358277076 -0.6610717929345301 -0.09004817594632934 0.7437152855013254 -0.04198791143587635
3374.748523037 60.674962689357805 -54.9454753754471 -3.84778535686632 -0.6446992385304082 -0.08188252678680594 0.7590707236288885 -0.03833771217528941
3374.798523037 60.739733166468916 -54.94776877293128 -3.844369878394352 -0.6377658312745964 -0.07880511497354187 0.7657881559898821 -0.02475880567083218
3374.848523037 60.80426508139107 -54.9498693998101 -3.8409560568709322 -0.6382300808579582 -0.073338551973525 0.7661716546173732 -0.01627317864916121
3374.898523037 60.870308983789776 -54.95103991302957 -3.840703226932137 -0.6433841132716261 -0.07176186285601395 0.7621174949627028 -0.009167426077860929
3374.948523037 60.938865251700996 -54.95179988260181 -3.8468849117220385 -0.6449823609167008 -0.07047221950306833 0.7609357959027996 0.0028521743289880402
3374.998523037 61.008608749186294 -54.950512803317594 -3.857386587052714 -0.646689674289309 -0.06520785288509254 0.7599287281927568 0.006980627267157882
3375.048523037 61.079339716480504 -54.94785602158339 -3.8672681757453224 -0.6542962248103792 -0.06370110574808321 0.7534948076902108 0.009175734807067657
3375.098523037 61.15251541250253 -54.94443170024543 -3.8783048612663036 -0.6607652630547964 -0.06095630566075588 0.7480683455781139 0.008206478193592454
3375.148523037 61.228632511621235 -54.94333259978859 -3.890806240866374 -0.6585871054331346 -0.05194783225608593 0.7505717116373989 0.014371950835024298
3375.198523037 61.3051817409525 -54.943046516183436 -3.897490668082745 -0.6631007957414217 -0.035289914448098134 0.7471632836882033 0.028266307392387113
3375.248523037 61.379867016130795 -54.93844206127743 -3.8987835510466518 -0.6702854565169072 -0.027031997590048033 0.7409786892743955 0.030614701197497533
3375.298523037 61.453968451894106 -54.93283384097528 -3.901661283452516 -0.6600309539207524 -0.023958210592285138 0.7497129543453742 0.041420165359500376
3375.348523037 61.52580400595593 -54.9268656987724 -3.9023025684828823 -0.6483658807553238 -0.014625981111866474 0.759290738029468 0.05371536550703428
3375.398523037 61.59598880323028 -54.92048456112922 -3.8990727164964962 -0.6488576774378491 -0.0024184014764372266 0.7584011784779869 0.06168888268934373
3375.448523037 61.66690156474727 -54.91363256530021 -3.8974993062765693 -0.6522938575296736 0.002539159429898314 0.7543898732854968 0.07349962709252146
3375.498523037 61.739492444554195 -54.905264827587196 -3.9004215571506995 -0.6556838753578507 0.004803600305206535 0.7507651472250433 0.08004545416185477
3375.548523037 61.81419481755917 -54.89763592714073 -3.9056955008064014 -0.6609464357854752 0.0031337477221348954 0.7448020278743043 0.09170565916024406
3375.598523037 61.890327964527415 -54.89199010287099 -3.9126717166986227 -0.6678922121858436 0.005260860819832532 0.7363314212429605 0.10820514930102285
3375.648523037 61.965619075021785 -54.8881979087365 -3.9206788394088203 -0.6695142297323672 0.010044273346426411 0.732190291933317 0.12468835213211243
3375.698523037 62.03901199184317 -54.88611708012194 -3.9242255811613465 -0.6747666509033988 0.010330241333041982 0.7246639049302209 0.1394470431163599
3375.748523037 62.11151879486006 -54.88701225459375 -3.925654218280439 -0.6766792614285653 0.014849886268973243 0.7191232285957876 0.15731001279086082
3375.798523037 62.182112165040266 -54.88984233315942 -3.9262612966544146 -0.6700825530688098 0.030202325037702666 0.7208272392699105 0.17460035155068312
3375.848523037 62.24968846711074 -54.895048164561466 -3.9247051212655775 -0.6568408551055955 0.05494264424885374 0.7296850849935688 0.181937004606051
3375.898523037 62.31563797714589 -54.902758406565674 -3.919995910642484 -0.6503933412254757 0.060638789229492576 0.7301750998805862 0.20038902775531214
3375.948523037 62.381394979065355 -54.91192744565877 -3.9144258156946985 -0.6597451719441457 0.08097434973475051 0.7154442021935077 0.21521862449406973
3375.998523037 62.449247969360016 -54.91979504038526 -3.917711613833959 -0.6609106385841977 0.09403622827484799 0.7084618633602306 0.22898930923127953
3376.048523037 62.51877844721335 -54.92636383014722 -3.929242739248088 -0.6527616680101985 0.10203064442274437 0.7113887355500811 0.23962057363189815
3376.098523037 62.58875660172052 -54.93149228323659 -3.9428469111311633 -0.6469810551893462 0.11767475492297325 0.7134371861444293 0.24202385772112928
3376.148523037 62.65891735761084 -54.93448354369322 -3.9541535839875506 -0.6517872100587729 0.12508762417042185 0.7071216495195635 0.24393747531679547
3376.198523037 62.730628810114816 -54.9357087440786 -3.9654930542353357 -0.6546947349506016 0.12621215096689534 0.7027492081086881 0.24817100450875182
3376.248523037 62.80469516652426 -54.934132226112744 -3.9768478002093786 -0.6486385543134021 0.12820312655315977 0.7081658252145699 0.24765530117157117
3376.298523037 62.8788494252817 -54.93014775075072 -3.982517013968666 -0.6394930859231853 0.12588888797193545 0.7191484397710793 0.24088607788009125
3376.348523037 62.94925090731297 -54.92711046493739 -3.9799300231148993 -0.6442176011223422 0.13014694284151135 0.7122532802222274 0.24645632571687137
3376.398523037 63.018315490248476 -54.919665655363254 -3.9842744643648174 -0.6223477403105296 0.13472063203416093 0.730546317193239 0.2466489810846363
3376.448523037 63.08668090268901 -54.905702698886806 -3.9829022597400536 -0.6202193022362329 0.1399170322173063 0.7364869376395564 0.23095071317363353
3376.498523037 63.15541794532658 -54.889940784557915 -3.9844488456744727 -0.6180281991033169 0.13946795992581199 0.7422537637699083 0.2182869291475059
3376.548523037 63.224526500958255 -54.87323683236301 -3.989508894991171 -0.6170627051617249 0.13839156847348658 0.7471545952260096 0.20455171108206496
3376.598523037 63.29382003983499 -54.856472470209184 -3.997044567552096 -0.6174389326159305 0.13177073438814324 0.7499872627180556 0.19729354730854232
3376.648523037 63.363126830027625 -54.83844780447741 -4.003734371986593 -0.6278064518964791 0.12775524551797438 0.7433491780459196 0.19227494818163882
3376.698523037 63.43200498484797 -54.817530664018115 -4.012834257007808 -0.6347147731823756 0.12022776020629253 0.7408263026700551 0.18400769454574398
3376.748523037 63.49890402422819 -54.79393884373507 -4.022535215448481 -0.6346845985977602 0.11119606708549137 0.7452151472980345 0.17165453447284088
3376.798523037 63.56444960153859 -54.7699204632052 -4.028782455600709 -0.6341634614985061 0.10285479591310315 0.7492558488532948 0.16085169572322008
3376.848523037 63.62848688556308 -54.746888692297 -4.03121625931718 -0.6295078300134486 0.10206316435348325 0.7541446528189317 0.15674452162205224
3376.898523037 63.690227646144955 -54.72346957545246 -4.027920997697707 -0.630930654560826 0.10406693551621857 0.7555497732839964 0.14227129773152583
3376.948523037 63.749746251429215 -54.70468610502398 -4.026062385187254 -0.6177920789359879 0.09653768116564264 0.767114071003118 0.1433507076652713
3376.998523037 63.80864075257843 -54.685295159210376 -4.021009120077264 -0.6214013886692492 0.09490219154580212 0.7640290277018378 0.1453049656024089
3377.048523037 63.87031589757569 -54.661423166234876 -4.022579771925869 -0.6238221467866304 0.09042207409408891 0.7647860032785581 0.13331221581030128
3377.098523037 63.93466121580085 -54.63744670975632 -4.0324486088398555 -0.6175805889800523 0.08242759042035797 0.7718193749301444 0.12686512891644555
3377.148523037 64.00027363288403 -54.61467991398689 -4.042864156428956 -0.6202127933131306 0.0852513188242681 0.7699018201508019 0.12377193130079733
3377.198523037 64.06582819640187 -54.58958733845811 -4.0524242365676475 -0.6277325639220105 0.0880772569618978 0.7647531209325383 0.11552873677968416
3377.248523037 64.1319840522603 -54.56038171341443 -4.060260912064132 -0.6368296859392693 0.07354940048018598 0.7603096913513833 0.1047263578697425
3377.298523037 64.19907417091018 -54.52944737378981 -4.065693180179119 -0.6434102221809778 0.06223971239547363 0.7572815881305395 0.09313485100885421
3377.348523037 64.26486762395933 -54.49673529233813 -4.068201294286604 -0.6393168317275458 0.05514983382696702 0.7628149977530543 0.07966030191832403
3377.398523037 64.3271899555237 -54.46037373793135 -4.05882558230919 -0.6526945202636422 0.03760505296444075 0.7540180123332245 0.06350244315307127
3377.448523037 64.387320059535 -54.422213213621966 -4.050823457257743 -0.6606578050377614 0.02372071333069164 0.748357736895823 0.05412291594077995
3377.498523037 64.44609801825004 -54.3787256505823 -4.0514066532293205 -0.6441010194145068 0.014995246178992328 0.7641628594147098 0.031050662993871596
3377.548523037 64.50246213665716 -54.33175831901587 -4.049789650933048 -0.6375775475047003 -0.0008491129017602246 0.7703584809767352 0.006477708884245533
3377.598523037 64.55744860834655 -54.28487378611061 -4.049677484263624 -0.6339893024787033 -0.01555508821957522 0.7731360429003218 -0.0087328541428527
3377.648523037 64.61099399290264 -54.23571257590372 -4.053268473101848 -0.6316535607514366 -0.028055915630887007 0.7742125265419102 -0.028663714583700223
3377.698523037 64.66397188086253 -54.185275434839845 -4.058259702331576 -0.6346169329611195 -0.04147481251796734 0.7703998493067152 -0.04500289450482077
3377.748523037 64.71608730434946 -54.1342271440766 -4.063974157610284 -0.6426006755285547 -0.053231688318597536 0.7622107449298826 -0.05714489900621275
3377.798523037 64.76605255764946 -54.08285700849074 -4.070516348010897 -0.6491607831994233 -0.0677394204389096 0.7542919854052577 -0.07102991783682817
3377.848523037 64.81350435406988 -54.03231008488499 -4.076394524522852 -0.6515566835935004 -0.08121999978959704 0.7488581161421667 -0.0899373203226687
3377.898523037 64.86042954238476 -53.9826967918216 -4.080007078321736 -0.6502487147243894 -0.09420689855170977 0.7463014729981701 -0.10646962320450551
3377.948523037 64.90711259045185 -53.93424239361883 -4.0816507843613286 -0.6416535458984957 -0.09884327639377963 0.7510341329503197 -0.12024335695243873
3377.998523037 64.9517342821648 -53.8890475894165 -4.07695793686479 -0.6376066433486033 -0.09984439669888152 0.7520164288751661 -0.1340155047276458
3378.048523037 64.99526173618737 -53.84556208827186 -4.070846389968482 -0.6304875388055088 -0.12050616184622677 0.7541775820307105 -0.1384915272873188
3378.098523037 65.04066833740974 -53.802915040039615 -4.070122443942055 -0.6248475800882722 -0.12422716370513456 0.7559092065527478 -0.15077925886673998
3378.148523037 65.0874825405316 -53.760135661279996 -4.073134624128549 -0.6190769703780463 -0.12941500686711152 0.7587986272778194 -0.15562809510632078
3378.198523037 65.13331033298391 -53.715449621624686 -4.078403938845088 -0.614355183628271 -0.1452211153403255 0.7587733853738905 -0.16044153345262854
3378.248523037 65.17771752006085 -53.66921398856282 -4.086351583042129 -0.6151332669802407 -0.15537623648387539 0.7530538100882949 -0.174296437432969
3378.298523037 65.22115530134747 -53.62187736475375 -4.095242698397339 -0.6162953802255925 -0.16990212757567405 0.7445341134438014 -0.19230763187222824
3378.348523037 65.26455608975267 -53.574354762239246 -4.103612186013385 -0.6188422028532318 -0.1841798807174181 0.7337881308230115 -0.21134587426762869
3378.398523037 65.30865121662123 -53.52680798661358 -4.1115043511895175 -0.6131640629159243 -0.20170250816255827 0.7285484866494595 -0.22926629222402475
3378.448523037 65.35206060921065 -53.48018820261418 -4.1125405620597375 -0.6166011051146314 -0.21776447202291613 0.7183580488482288 -0.23736770115363567
3378.498523037 65.39195651105683 -53.431435160063906 -4.107018615057537 -0.6234531425812173 -0.24590378394423645 0.6987730579216793 -0.25010742006245273
3378.548523037 65.43541357683387 -53.38351501622664 -4.10829978307012 -0.6139777650457373 -0.25040843286129716 0.7026745328912399 -0.2580221339487532
3378.598523037 65.48060846734242 -53.34066208232743 -4.108904518992531 -0.6079806255542328 -0.23161758103710461 0.7187863079477771 -0.24506957912398564
3378.648523037 65.5235988409078 -53.300507995404466 -4.103184816652266 -0.613566385940783 -0.22343600660868002 0.7235104448101827 -0.22393141192093563
3378.698523037 65.5647244340625 -53.25886853904221 -4.0987770806564585 -0.6143679428927352 -0.22749998003030814 0.726571685731742 -0.20709750197646812
3378.748523037 65.60735686214163 -53.216931722515696 -4.093952706966501 -0.6294409431237453 -0.22806326369300678 0.7181631049504184 -0.18982360643807883
3378.798523037 65.65257063979938 -53.17462427122085 -4.090647179236412 -0.6435901030463405 -0.23415372336690088 0.7093906549345897 -0.16651940363120335
3378.848523037 65.69991505435306 -53.131992868882236 -4.087914088552117 -0.6592752992564427 -0.24472376092348738 0.6975081666467574 -0.1376543427969898
3378.898523037 65.74723587366479 -53.09069850101742 -4.085244883868283 -0.6768799294255506 -0.25107129666017575 0.683456829318304 -0.10809036771336555
3378.948523037 65.79357420479856 -53.04989464490083 -4.0823180703171085 -0.6905786053581504 -0.25262666988734356 0.6725659275576554 -0.08328282278917984
3378.998523037 65.83728333251662 -53.008779630491496 -4.073494670091287 -0.7060254628004086 -0.2629300220864841 0.6543629308072632 -0.06484600333404422
3379.048523037 65.88248347111912 -52.96725575056571 -4.064188249220116 -0.7171087053459569 -0.2763589685193916 0.638217001178243 -0.04538595204459182
3379.098523037 65.93243128198326 -52.923805280255365 -4.064575460621376 -0.7091134292155087 -0.2684911524983627 0.6510844872245528 -0.034053429076439615
3379.148523037 65.98159209528933 -52.884049974450164 -4.063204323286944 -0.7016463632440306 -0.2543697899642137 0.6651767717994688 -0.022983758579160952
3379.198523037 66.02968071406552 -52.845461897679996 -4.058710815937014 -0.7093526220379611 -0.234428889948018 0.6644566931644278 -0.01895405166720794
3379.248523037 66.08226905849165 -52.8047298222136 -4.063345762288011 -0.702051503449838 -0.2088518335784336 0.6803471627873963 -0.025146295987453174
3379.298523037 66.1371470403358 -52.76668769934591 -4.071763202861178 -0.6985028755220255 -0.18530818547305333 0.6909711018197193 -0.017707222656008145
3379.348523037 66.1934276557047 -52.72972044593539 -4.088410812008714 -0.6890127956811322 -0.1444004957372953 0.710080606011837 -0.013978454290662572
3379.398523037 66.24677274408988 -52.691071143588346 -4.104538468808682 -0.6751117231481045 -0.12850028867372057 0.7264022530249877 -0.007183583993345401
3379.448523037 66.29650074672338 -52.650865413127605 -4.115441309769443 -0.6775050996047767 -0.11647304622673048 0.7262322269937388 -0.0027607947954035386
3379.498523037 66.34646143842807 -52.607092488651155 -4.129497138797015 -0.6645147208018266 -0.11031019768465429 0.7390843301358001 -0.002489793597644192
3379.548523037 66.3968224958344 -52.56231337062156 -4.141703633091245 -0.6494257918806325 -0.09711244849869265 0.7541862569223229 -0.004289878354707722
3379.598523037 66.44532222050958 -52.51684195271509 -4.151121298854931 -0.6240632645273723 -0.08711292223690856 0.7764986783018941 0.0024866125948896263
3379.648523037 66.49067554055632 -52.46996726106165 -4.147757091772958 -0.633245324167605 -0.0794958038906278 0.7698388215736689 0.005381949620006608
3379.698523037 66.53545094130087 -52.42555850094808 -4.151988439417252 -0.6139457015925059 -0.05796790388598999 0.7871777543033529 0.007847340000315783
3379.748523037 66.57855627441853 -52.381330607420644 -4.1557081195999155 -0.5914094687525214 -0.04250433377280273 0.805233792016627 0.005173207410691594
3379.798523037 66.62277956865759 -52.33889002414056 -4.158772371526405 -0.5809939151682093 -0.024096950531561117 0.813541054195496 0.00404483016656863
3379.848523037 66.66883188830643 -52.29698869969938 -4.168285376444604 -0.5642222867686344 -0.005889788139790615 0.8255902945131115 0.004380309919957872
3379.898523037 66.71694702015225 -52.255032151779076 -4.181474120244169 -0.5506247995322082 0.0073570032186847205 0.8346668527993331 0.009457773618169199
3379.948523037 66.76589107722457 -52.21582634581412 -4.201016940628446 -0.526156103515738 0.03438421922476323 0.8495525528289278 0.015425309828046213
3379.998523037 66.81562800331193 -52.176766237079754 -4.216650677161847 -0.5162257936871539 0.04652852833894169 0.8545111909828247 0.03400956435761711
3380.048523037 66.86357095193837 -52.139857895825436 -4.230045652839906 -0.5110348121854391 0.06797218495705426 0.8555872655500365 0.046836244889703324
3380.098523037 66.91082192807265 -52.1040190781022 -4.240099520071416 -0.5035117226649869 0.08095846948507965 0.8580436167924799 0.06068626730365759
3380.148523037 66.95648125394771 -52.07232572112619 -4.24681487125295 -0.4888503777403436 0.10333915568932844 0.863070031689313 0.07386777026788177
3380.198523037 67.00441061213967 -52.038602666227256 -4.243737961721535 -0.49220502741298955 0.11451366014644651 0.8589181334428159 0.0829486146499838
3380.248523037 67.05303321385406 -52.012072618670665 -4.241848775090343 -0.48305566587269794 0.12251527488023806 0.8612328408308675 0.0996254232798919
3380.298523037 67.10186508299022 -51.99440544423581 -4.24029835340378 -0.47096469837560034 0.14313053731540518 0.8613145826831776 0.12586934427844818
3380.348523037 67.15303690659746 -51.975950695153166 -4.23573922645796 -0.47448482245385315 0.15426366002948377 0.8535915340076446 0.1498277995757776
3380.398523037 67.20583077900955 -51.95695588529644 -4.231447941437865 -0.4867078808122528 0.16088578314899787 0.840451715811855 0.1757046297759071
3380.448523037 67.25992636897398 -51.93698648881499 -4.228064565800992 -0.5048629819289743 0.16583089861651942 0.8234856253117826 0.19870809607734688
3380.498523037 67.3144328775221 -51.91644346407636 -4.22698550437468 -0.5216266805611858 0.17404372497963608 0.8055025721985389 0.22086193448276487
3380.548523037 67.37014384789728 -51.89146909754475 -4.225700535227534 -0.5424937743104461 0.17655342095337065 0.7863284356962063 0.2371012138299292
3380.598523037 67.42542310150603 -51.862656395782125 -4.222232228124466 -0.5676236537611427 0.1807748879160145 0.7651297296080338 0.244336498419168
3380.648523037 67.47987014310782 -51.83083054333878 -4.220452611008581 -0.5779945468205723 0.1798748844293609 0.7559742309381287 0.2491391016173706
3380.698523037 67.53479238016702 -51.79599609571575 -4.214812261674759 -0.58660568074667 0.17335351968716345 0.7513455501808158 0.24763318992270714
3380.748523037 67.58653476364884 -51.76375922313663 -4.2017079579763745 -0.6120280127558505 0.17813042227930784 0.7270471041701478 0.2551348125570528
3380.798523037 67.63499076279264 -51.730895606928776 -4.1939205624939175 -0.6202164014143933 0.18860660545888866 0.7145404781292111 0.263041952754183
3380.848523037 67.68381705681195 -51.693471059279986 -4.190597891420438 -0.6167502226891616 0.18958990166226536 0.7197863568396956 0.2560906724345904
3380.898523037 67.73228859675525 -51.655226730440525 -4.1865060831912615 -0.6193834909763105 0.18834943011494124 0.7203900256215672 0.2488509478911693
3380.948523037 67.78062447695571 -51.61785197902093 -4.183677711691042 -0.6231619048159016 0.18426830035362443 0.7187823336654638 0.24711614815999722
3380.998523037 67.82865090965738 -51.58052808419886 -4.180777061844132 -0.6356578948554986 0.17748698706975585 0.7080845165987194 0.25110501285704007
3381.048523037 67.87745304857242 -51.542452407073625 -4.181619149057601 -0.6482591040292102 0.17271960686565452 0.697045594991919 0.25309190020579697
3381.098523037 67.92657571379776 -51.503462296611 -4.186944544104541 -0.6555819254534581 0.1619381386661243 0.6909833958966612 0.2579347298430468
3381.148523037 67.97518341614784 -51.46502867166059 -4.1940116290729 -0.6562066859780205 0.1587464050539738 0.6929918693964764 0.25289253272993345
3381.198523037 68.02175676717074 -51.431012151814734 -4.198549710015118 -0.6551780347310701 0.15720593375875194 0.6922038795572292 0.25861520899377294
3381.248523037 68.06778811794548 -51.40196254281986 -4.200854471264243 -0.6519330679811928 0.16584823409531158 0.6892781152508998 0.2690228948551847
3381.298523037 68.11356987714142 -51.37621260107121 -4.2054478361818965 -0.6312181848110071 0.17597556046505128 0.7001853978724302 0.28343714274797366
3381.348523037 68.15712908301673 -51.35107708346278 -4.205735792222771 -0.6198180051588044 0.18294269223537427 0.7066560216058304 0.2880883179978908
3381.398523037 68.19856245831103 -51.327498922348816 -4.204287043008048 -0.6138782134541378 0.19654603558462688 0.7086707689330338 0.28689534015418483
3381.448523037 68.24058093100543 -51.30490703564699 -4.206041498135667 -0.6059208960436987 0.19829206971800975 0.7141828904329925 0.2889341133153466
3381.498523037 68.28312986871963 -51.28322462649654 -4.210200071076031 -0.6013317886215973 0.20447590172937938 0.7151015288893859 0.2919237725591576
3381.548523037 68.32717088550547 -51.260201907668645 -4.2170996257997455 -0.5976351667713933 0.20677704928203602 0.7186619623285319 0.2891374123672815
3381.598523037 68.37314331007516 -51.235511968469744 -4.223100230131753 -0.603209005181874 0.19998329533878748 0.7171553796897576 0.28606596972546905
3381.648523037 68.42049014232953 -51.20903553129626 -4.227200452715316 -0.6158472335026686 0.19663740906897298 0.7088781902051317 0.2820596138997011
3381.698523037 68.4697952893613 -51.17993321475847 -4.2325420532988085 -0.6223666179964549 0.1860619197609328 0.7087568394811471 0.27514450259314044
3381.748523037 68.52025682427411 -51.14936558799205 -4.237290857848453 -0.6215650552496199 0.17721703674542164 0.7136029946165455 0.2702254060113655
3381.798523037 68.57125953757254 -51.11710330472124 -4.235537133130962 -0.6274850491096033 0.16917699737330352 0.7127531287213057 0.26386480288523134
3381.848523037 68.62195937273339 -51.08410150689645 -4.231838558706541 -0.6375064361945972 0.1646287893336059 0.7057984009615695 0.26140298914340465
3381.898523037 68.67311418082116 -51.04878193096661 -4.236842390486151 -0.619202211459305 0.16624051804323844 0.7225836605084056 0.2585064120111824
3381.948523037 68.72331028721497 -51.01029597668007 -4.240715398595108 -0.6020239911483375 0.16463090575445963 0.740573580003115 0.24902721046837986
3381.998523037 68.77249890771897 -50.9705632328239 -4.239377739603843 -0.6046652893247022 0.16169800438217327 0.7420487275346257 0.23999443582912444
3382.048523037 68.82157059819079 -50.929576862051675 -4.238262396100347 -0.6137444986547751 0.16112024661748078 0.7390834218034391 0.226083285795834
3382.098523037 68.87095091082233 -50.88889174775029 -4.240320211242386 -0.6214186749126114 0.1572532761367944 0.7362817393386512 0.21679353756639075
3382.148523037 68.92056090985699 -50.848963385908476 -4.244599427433539 -0.6292152665067788 0.1546912336789777 0.7315556173866916 0.2120970280028839
3382.198523037 68.96872176788993 -50.80864037723729 -4.249542290954814 -0.6361576385209197 0.15360595539582717 0.7259829242418171 0.21132312492418387
3382.248523037 69.01497623221496 -50.76690728708581 -4.253074912973476 -0.6449729559550577 0.1521510199704853 0.7203165640173828 0.2049487760654553
3382.298523037 69.05960660833743 -50.72474342724364 -4.25661485317053 -0.6474008071960246 0.14858570849995723 0.7195295380131546 0.2026616046469532
3382.348523037 69.10262411170315 -50.68061770612773 -4.258780701517132 -0.6459072184352338 0.15042792094048843 0.72333480372678 0.19225521447368357
3382.398523037 69.14530742349989 -50.63336727408571 -4.258899101749029 -0.6476255563347364 0.14022167501267516 0.7269823444782657 0.18004358210068847
3382.448523037 69.18603623919805 -50.585887988893354 -4.2588445727114355 -0.6457084981522009 0.12732395283169512 0.7355798917950465 0.16053463562773418
3382.498523037 69.22510400041584 -50.54084664483287 -4.258195038836997 -0.6454351087782116 0.1096390503554767 0.741669531842999 0.1460106315628904
3382.548523037 69.26363740139188 -50.498426414809884 -4.260223856002949 -0.6413968140428038 0.09464769567247434 0.7488872036694764 0.1371856290569247
3382.598523037 69.30191358665788 -50.45738695516289 -4.265166066791033 -0.6376753583219785 0.08558429627230138 0.7537893165787237 0.13359315787978118
3382.648523037 69.34058139508659 -50.41622038012366 -4.273277016699102 -0.6339982754028872 0.08109395351514478 0.7578222293725664 0.13105505010583113
3382.698523037 69.37990166389677 -50.37404166700956 -4.283319227524086 -0.6272706312778613 0.07588082949180228 0.764760139807237 0.1261569792517438
3382.748523037 69.42003673095356 -50.32976689674894 -4.289895740740715 -0.6322563078156654 0.06330790697655901 0.7628389537003442 0.11966954858657214
3382.798523037 69.46194479825978 -50.28325774459453 -4.297205252515578 -0.639713552724991 0.0464442560198208 0.7599151791820913 0.10553872271060338
3382.848523037 69.50444792364505 -50.23575520578747 -4.307332109955385 -0.6369364220136028 0.03162591256002803 0.7649226940414244 0.09058183100194371
3382.898523037 69.54538538424637 -50.18952859507078 -4.316261649419402 -0.626773614441504 0.022438278721790092 0.7748596831457002 0.0790179177356708
3382.948523037 69.54538538424637 -50.18952859507078 -4.316261649419402 -0.626773614441504 0.022438278721790092 0.7748596831457002 0.0790179177356708
