# timestamp(s) tx ty tz qx qy qz qw
1403637130.538319110870361 0.000027 0.000005 -0.000136 0.079343 0.786403 -0.000867 -0.612597
1403637130.588319063186646 -0.000813 -0.004167 -0.002421 0.079780 0.786073 -0.000644 -0.612964
1403637130.638319015502930 -0.000961 -0.004332 -0.002389 0.070787 0.780563 0.005310 -0.621033
1403637130.688318967819214 0.000888 -0.003204 -0.003731 0.073345 0.789559 0.002057 -0.609272
1403637130.738318920135498 0.001270 -0.002114 -0.004605 0.066520 0.791674 0.011582 -0.607201
1403637130.788319110870361 0.000196 -0.003301 -0.003387 0.070408 0.785928 0.006270 -0.614265
1403637130.838319063186646 0.000943 -0.002161 -0.004554 0.068122 0.787684 0.008928 -0.612236
1403637130.888319015502930 0.001444 -0.002034 -0.005259 0.067806 0.788185 0.009388 -0.611620
1403637130.938318967819214 0.001380 -0.002888 -0.005029 0.067720 0.788612 0.009771 -0.611072
1403637130.988318920135498 0.001407 -0.002445 -0.004863 0.067448 0.788236 0.009963 -0.611585
1403637131.038319110870361 0.001660 -0.001309 -0.004956 0.067807 0.788092 0.009427 -0.611739
1403637131.088319063186646 0.001654 -0.001290 -0.005309 0.067168 0.788091 0.010105 -0.611799
1403637131.138319015502930 0.002053 -0.002648 -0.004344 0.067744 0.788545 0.009968 -0.611153
1403637131.188318967819214 0.002402 -0.002832 -0.004575 0.067334 0.788156 0.010243 -0.611695
1403637131.238318920135498 0.002334 -0.002761 -0.004178 0.067220 0.788175 0.010352 -0.611681
1403637131.288319110870361 0.001893 -0.003332 -0.004052 0.067541 0.788180 0.010311 -0.611640
1403637131.338319063186646 0.002109 -0.002576 -0.004585 0.067329 0.788115 0.010363 -0.611747
1403637131.388319015502930 0.002420 -0.002663 -0.005230 0.067573 0.787991 0.010053 -0.611885
1403637131.438318967819214 0.001660 -0.003030 -0.004630 0.067553 0.788010 0.009731 -0.611868
1403637131.488318920135498 0.001947 -0.003085 -0.005738 0.067283 0.787869 0.009964 -0.612075
1403637131.538319110870361 0.002348 -0.002176 -0.006230 0.067323 0.787758 0.010261 -0.612209
1403637131.588319063186646 0.002251 -0.002465 -0.005685 0.067884 0.787730 0.009920 -0.612188
1403637131.638319015502930 0.001729 -0.003161 -0.004607 0.067826 0.787895 0.009821 -0.611984
1403637131.688318967819214 0.001888 -0.003504 -0.005345 0.067693 0.787852 0.009841 -0.612055
1403637131.738318920135498 0.002544 -0.002447 -0.006332 0.067388 0.787738 0.010156 -0.612229
1403637131.788319110870361 0.002589 -0.002607 -0.006341 0.067499 0.787724 0.009927 -0.612239
1403637131.838319063186646 0.002245 -0.003130 -0.005288 0.067737 0.787801 0.009849 -0.612115
1403637131.888319015502930 0.002405 -0.002276 -0.005239 0.067613 0.787791 0.010143 -0.612136
1403637131.938318967819214 0.002214 -0.002213 -0.004554 0.067705 0.787802 0.009983 -0.612115
1403637131.988318920135498 0.002858 -0.002425 -0.005897 0.067288 0.787791 0.010214 -0.612171
1403637132.038319110870361 0.002775 -0.001351 -0.005383 0.066889 0.787831 0.010629 -0.612157
1403637132.088319063186646 0.002459 -0.000999 -0.004593 0.066906 0.787874 0.010705 -0.612098
1403637132.138319015502930 0.002376 -0.000018 -0.004522 0.066595 0.787916 0.011157 -0.612070
1403637132.188318967819214 0.002341 -0.000331 -0.004090 0.066838 0.787935 0.010776 -0.612025
1403637132.238318920135498 0.002245 -0.000714 -0.003818 0.066704 0.787868 0.011020 -0.612122
1403637132.288319110870361 0.002504 -0.000278 -0.004276 0.066474 0.787946 0.010951 -0.612048
1403637132.338319063186646 0.002314 -0.000376 -0.003822 0.066633 0.787928 0.010982 -0.612053
1403637132.388319015502930 0.001290 -0.002993 -0.002108 0.067437 0.787860 0.010584 -0.612059
1403637132.438318967819214 0.002343 -0.002747 -0.004113 0.067025 0.787794 0.011131 -0.612180
1403637132.488318920135498 0.002749 -0.001929 -0.004659 0.066804 0.787775 0.011178 -0.612227
1403637132.538319110870361 0.002474 -0.002431 -0.004285 0.066831 0.787837 0.011208 -0.612144
1403637132.588319063186646 0.002774 -0.000001 -0.004738 0.066076 0.787842 0.011681 -0.612211
1403637132.638319015502930 0.002505 0.000129 -0.004298 0.066173 0.787856 0.011537 -0.612185
1403637132.688318967819214 0.001646 -0.002631 -0.003131 0.067094 0.787821 0.011253 -0.612135
1403637132.738318920135498 0.001712 -0.004004 -0.003283 0.067272 0.787781 0.011297 -0.612167
1403637132.788319110870361 0.000573 -0.005343 -0.001816 0.067468 0.787781 0.011557 -0.612140
1403637132.838319063186646 0.000410 -0.005541 -0.001671 0.067504 0.787757 0.011514 -0.612168
1403637132.888319015502930 -0.000211 -0.005255 -0.000908 0.068043 0.787587 0.011347 -0.612330
1403637132.938318967819214 -0.000287 -0.003313 -0.000603 0.067536 0.787590 0.011728 -0.612375
1403637132.988318920135498 -0.002420 -0.007022 0.001554 0.069265 0.787798 0.011130 -0.611926
1403637133.038319110870361 -0.004356 -0.009683 0.002903 0.069903 0.788017 0.011545 -0.611563
1403637133.088319063186646 -0.004077 -0.011383 0.002882 0.069577 0.787526 0.012095 -0.612221
1403637133.138319015502930 -0.005213 -0.019033 0.005100 0.070806 0.786597 0.010804 -0.613298
1403637133.188318967819214 -0.006505 -0.024535 0.009726 0.071179 0.786571 0.012974 -0.613247
1403637133.238318920135498 -0.008196 -0.021847 0.014801 0.069918 0.787016 0.016543 -0.612734
1403637133.288319110870361 -0.009285 -0.021527 0.019984 0.069111 0.787743 0.019192 -0.611814
1403637133.338319063186646 -0.010124 -0.020684 0.026220 0.069132 0.788634 0.021012 -0.610603
1403637133.388319015502930 -0.012021 -0.015929 0.035436 0.070873 0.789890 0.023302 -0.608693
1403637133.438318967819214 -0.012612 -0.013257 0.043336 0.072653 0.791726 0.024428 -0.606048
1403637133.488318920135498 -0.010985 -0.005521 0.049399 0.072325 0.794480 0.022066 -0.602564
1403637133.538319110870361 -0.009790 0.000050 0.050930 0.074378 0.797142 0.021718 -0.598799
1403637133.588319063186646 -0.009684 0.003975 0.053352 0.076851 0.799658 0.021748 -0.595120
1403637133.638319015502930 -0.008997 0.009202 0.057685 0.078587 0.801416 0.022672 -0.592488
1403637133.688318967819214 -0.008911 0.013583 0.065961 0.078694 0.802662 0.025296 -0.590678
1403637133.738318920135498 -0.008521 0.013749 0.076218 0.079981 0.803088 0.027557 -0.589824
1403637133.788319110870361 -0.007303 0.014307 0.087570 0.081820 0.802947 0.030057 -0.589642
1403637133.838319063186646 -0.005681 0.022075 0.101519 0.083950 0.803625 0.032891 -0.588266
1403637133.888319015502930 -0.004778 0.024159 0.121592 0.088098 0.804958 0.035862 -0.585658
1403637133.938318967819214 -0.004862 0.021691 0.147660 0.092371 0.806156 0.037724 -0.583229
1403637133.988318920135498 -0.004886 0.021620 0.178648 0.094636 0.806727 0.041060 -0.581850
1403637134.038319110870361 -0.004958 0.021516 0.211369 0.095723 0.806424 0.043899 -0.581885
1403637134.088319063186646 -0.005011 0.021056 0.244344 0.095448 0.806091 0.049734 -0.581922
1403637134.138319015502930 -0.005278 0.020892 0.277869 0.095422 0.805397 0.056456 -0.582274
1403637134.188318967819214 -0.005616 0.020708 0.309999 0.095222 0.803795 0.063821 -0.583758
1403637134.238318920135498 -0.006433 0.018866 0.341636 0.095736 0.800004 0.071329 -0.587997
1403637134.288319110870361 -0.006301 0.017011 0.369366 0.095912 0.795103 0.074173 -0.594231
1403637134.338319063186646 -0.005449 0.016109 0.392739 0.095636 0.789652 0.075960 -0.601277
1403637134.388319015502930 -0.005456 0.016563 0.412680 0.095683 0.784208 0.077065 -0.608214
1403637134.438318967819214 -0.005564 0.016097 0.425720 0.098672 0.779711 0.077528 -0.613436
1403637134.488318920135498 -0.005973 0.015681 0.431327 0.102850 0.776779 0.074974 -0.616778
1403637134.538319110870361 -0.006756 0.015929 0.428837 0.106244 0.776413 0.073858 -0.616798
1403637134.588319063186646 -0.007503 0.017590 0.417124 0.107697 0.778262 0.074331 -0.614153
1403637134.638319015502930 -0.008399 0.019930 0.397258 0.107990 0.781801 0.076038 -0.609380
1403637134.688318967819214 -0.009248 0.024655 0.370606 0.106952 0.786702 0.076982 -0.603104
1403637134.738318920135498 -0.012548 0.031035 0.337805 0.105725 0.793073 0.074422 -0.595246
1403637134.788319110870361 -0.013511 0.034057 0.300053 0.104179 0.800641 0.071373 -0.585684
1403637134.838319063186646 -0.013502 0.036163 0.260640 0.104745 0.808494 0.066778 -0.575245
1403637134.888319015502930 -0.012454 0.037656 0.221144 0.105530 0.815862 0.061300 -0.565221
1403637134.938318967819214 -0.010979 0.037980 0.184393 0.108221 0.821397 0.057079 -0.557080
1403637134.988318920135498 -0.008577 0.037267 0.153073 0.110498 0.824517 0.051867 -0.552515
1403637135.038319110870361 -0.006534 0.037003 0.126092 0.111825 0.826157 0.048981 -0.550055
1403637135.088319063186646 -0.004187 0.035926 0.104790 0.112915 0.827162 0.047414 -0.548457
1403637135.138319015502930 -0.001409 0.034892 0.088808 0.112164 0.828912 0.047538 -0.545953
1403637135.188318967819214 0.000621 0.033662 0.080145 0.111159 0.831820 0.048745 -0.541611
1403637135.238318920135498 0.002401 0.032862 0.079542 0.110486 0.836221 0.049741 -0.534840
1403637135.288319110870361 0.002973 0.033149 0.089401 0.110963 0.839937 0.050497 -0.528813
1403637135.338319063186646 0.001768 0.034738 0.110147 0.111718 0.840771 0.052071 -0.527174
1403637135.388319015502930 0.000358 0.036137 0.141501 0.111269 0.838658 0.055166 -0.530311
1403637135.438318967819214 -0.001187 0.037739 0.177735 0.109592 0.833690 0.059744 -0.537941
1403637135.488318920135498 -0.003160 0.039567 0.218750 0.107267 0.827323 0.065941 -0.547433
1403637135.538319110870361 -0.005760 0.040369 0.262014 0.105447 0.820622 0.070699 -0.557191
1403637135.588319063186646 -0.008846 0.042074 0.305974 0.104148 0.814447 0.076805 -0.565623
1403637135.638319015502930 -0.011867 0.043173 0.348630 0.104940 0.808109 0.081774 -0.573812
1403637135.688318967819214 -0.014028 0.044271 0.388858 0.106088 0.801499 0.084310 -0.582440
1403637135.738318920135498 -0.015938 0.044824 0.424482 0.108431 0.795507 0.083692 -0.590260
1403637135.788319110870361 -0.017320 0.045374 0.453582 0.110724 0.790435 0.081257 -0.596951
1403637135.838319063186646 -0.018697 0.046126 0.473649 0.112338 0.786995 0.079986 -0.601349
1403637135.888319015502930 -0.020527 0.047785 0.484344 0.114219 0.784976 0.078229 -0.603860
1403637135.938318967819214 -0.022706 0.050200 0.484853 0.115631 0.784970 0.077894 -0.603642
1403637135.988318920135498 -0.025042 0.052039 0.475518 0.115435 0.786561 0.076803 -0.601746
1403637136.038319110870361 -0.027184 0.053318 0.456765 0.114327 0.789284 0.076032 -0.598481
1403637136.088319063186646 -0.029031 0.053146 0.429488 0.113015 0.792652 0.077270 -0.594104
1403637136.138319015502930 -0.030537 0.051666 0.395802 0.113773 0.796340 0.077470 -0.588979
1403637136.188318967819214 -0.032081 0.049300 0.356355 0.112900 0.801438 0.080049 -0.581844
1403637136.238318920135498 -0.033264 0.047805 0.314747 0.114176 0.807298 0.079102 -0.573565
1403637136.288319110870361 -0.032848 0.046732 0.272240 0.114532 0.814578 0.077736 -0.563296
1403637136.338319063186646 -0.031612 0.044970 0.231287 0.116125 0.821872 0.076688 -0.552414
1403637136.388319015502930 -0.028995 0.043392 0.192654 0.117829 0.828767 0.072696 -0.542196
1403637136.438318967819214 -0.024507 0.041052 0.158068 0.119088 0.835222 0.068497 -0.532475
1403637136.488318920135498 -0.019630 0.039402 0.130334 0.121334 0.840306 0.062383 -0.524664
1403637136.538319110870361 -0.014787 0.037110 0.110853 0.123619 0.843739 0.057452 -0.519155
1403637136.588319063186646 -0.010374 0.036047 0.099895 0.124352 0.845925 0.055434 -0.515631
1403637136.638319015502930 -0.007819 0.033621 0.099226 0.123932 0.847433 0.055760 -0.513215
1403637136.688318967819214 -0.008224 0.032451 0.111476 0.122260 0.848720 0.057782 -0.511261
1403637136.738318920135498 -0.006998 0.030141 0.134526 0.122423 0.848469 0.057504 -0.511671
1403637136.788319110870361 -0.007337 0.032820 0.168872 0.121489 0.847176 0.057846 -0.513992
1403637136.838319063186646 -0.008158 0.033588 0.210519 0.120109 0.843508 0.058907 -0.520190
1403637136.888319015502930 -0.009541 0.031387 0.257767 0.119119 0.837857 0.062895 -0.529010
1403637136.938318967819214 -0.009697 0.031257 0.306171 0.119788 0.831046 0.067095 -0.538991
1403637136.988318920135498 -0.010728 0.032782 0.355612 0.121585 0.823863 0.073994 -0.548627
1403637137.038319110870361 -0.010720 0.035086 0.402598 0.124609 0.816279 0.078497 -0.558568
1403637137.088319063186646 -0.011199 0.037322 0.444736 0.127970 0.808546 0.082064 -0.568457
1403637137.138319015502930 -0.011306 0.037966 0.479229 0.131845 0.800911 0.080177 -0.578558
1403637137.188318967819214 -0.012052 0.039049 0.503801 0.133585 0.794735 0.077302 -0.587006
1403637137.238318920135498 -0.013382 0.041681 0.517532 0.132308 0.790648 0.075986 -0.592956
1403637137.288319110870361 -0.014709 0.044288 0.520824 0.131190 0.788038 0.076635 -0.596583
1403637137.338319063186646 -0.015491 0.046656 0.513196 0.130043 0.786081 0.077560 -0.599292
1403637137.388319015502930 -0.017083 0.047880 0.496641 0.128395 0.785449 0.077852 -0.600436
1403637137.438318967819214 -0.018608 0.047508 0.471680 0.127442 0.786092 0.076502 -0.599971
1403637137.488318920135498 -0.019760 0.046540 0.439342 0.125476 0.789350 0.078009 -0.595900
1403637137.538319110870361 -0.020987 0.044431 0.400466 0.122913 0.794725 0.079507 -0.589053
1403637137.588319063186646 -0.020548 0.039097 0.356680 0.121049 0.801759 0.083813 -0.579228
1403637137.638319015502930 -0.019835 0.038202 0.312000 0.120595 0.810278 0.086951 -0.566874
1403637137.688318967819214 -0.019683 0.037863 0.266511 0.122195 0.818433 0.087035 -0.554672
1403637137.738318920135498 -0.018753 0.035810 0.223544 0.123624 0.825675 0.083733 -0.544028
1403637137.788319110870361 -0.015685 0.033940 0.184270 0.124314 0.831334 0.078732 -0.535939
1403637137.838319063186646 -0.009877 0.033173 0.150493 0.124177 0.835861 0.073611 -0.529620
1403637137.888319015502930 -0.003925 0.031371 0.123975 0.122891 0.840206 0.069361 -0.523585
1403637137.938318967819214 0.001642 0.029538 0.106801 0.121770 0.844744 0.068146 -0.516659
1403637137.988318920135498 0.005516 0.029496 0.099652 0.120740 0.849563 0.067405 -0.509040
1403637138.038319110870361 0.007371 0.029958 0.105015 0.120970 0.853569 0.066600 -0.502345
1403637138.088319063186646 0.007529 0.030014 0.123007 0.122019 0.855047 0.064056 -0.499903
1403637138.138319015502930 0.007765 0.030626 0.152522 0.120630 0.853876 0.061449 -0.502561
1403637138.188318967819214 0.005774 0.034423 0.191430 0.114449 0.850945 0.064492 -0.508561
1403637138.238318920135498 0.003133 0.039219 0.237500 0.108084 0.845326 0.074181 -0.517917
1403637138.288319110870361 0.001611 0.040759 0.286271 0.105606 0.837037 0.081566 -0.530626
1403637138.338319063186646 -0.002183 0.042557 0.335570 0.105151 0.827370 0.087229 -0.544787
1403637138.388319015502930 -0.005977 0.042881 0.383507 0.107885 0.816634 0.092217 -0.559434
1403637138.438318967819214 -0.008435 0.044079 0.426765 0.109414 0.806672 0.098296 -0.572405
1403637138.488318920135498 -0.009937 0.045375 0.462799 0.112170 0.798149 0.102727 -0.582944
1403637138.538319110870361 -0.011424 0.046751 0.488960 0.114544 0.791445 0.105004 -0.591159
1403637138.588319063186646 -0.012949 0.048882 0.504662 0.115377 0.786857 0.106614 -0.596806
1403637138.638319015502930 -0.014252 0.050565 0.509107 0.115899 0.784284 0.105469 -0.600285
1403637138.688318967819214 -0.016102 0.052645 0.502215 0.116181 0.784048 0.103812 -0.600828
1403637138.738318920135498 -0.018235 0.053613 0.485112 0.117443 0.785217 0.100423 -0.599631
1403637138.788319110870361 -0.020211 0.055307 0.459215 0.119287 0.787925 0.098033 -0.596099
1403637138.838319063186646 -0.022519 0.056144 0.426446 0.121748 0.791979 0.097516 -0.590285
1403637138.888319015502930 -0.024684 0.056885 0.386614 0.123307 0.796978 0.096334 -0.583388
1403637138.938318967819214 -0.026698 0.057032 0.342879 0.122912 0.802174 0.094269 -0.576647
1403637138.988318920135498 -0.028814 0.056196 0.297837 0.123915 0.806018 0.086289 -0.572306
1403637139.038319110870361 -0.031420 0.054632 0.253164 0.124100 0.809377 0.077820 -0.568728
1403637139.088319063186646 -0.030967 0.049507 0.212359 0.124748 0.811997 0.070357 -0.565817
1403637139.138319015502930 -0.029464 0.043931 0.174868 0.124689 0.814356 0.065409 -0.563026
1403637139.188318967819214 -0.028205 0.039655 0.140937 0.124484 0.816692 0.060148 -0.560268
1403637139.238318920135498 -0.027888 0.035912 0.112018 0.122949 0.818631 0.057785 -0.558022
1403637139.288319110870361 -0.027819 0.032837 0.089029 0.121154 0.819470 0.056115 -0.557353
1403637139.338319063186646 -0.027791 0.029647 0.072540 0.118979 0.820281 0.055721 -0.556667
1403637139.388319015502930 -0.030066 0.027900 0.059354 0.115618 0.821144 0.055980 -0.556077
1403637139.438318967819214 -0.031453 0.026723 0.050559 0.111316 0.821485 0.053774 -0.556669
1403637139.488318920135498 -0.031922 0.025851 0.044016 0.107534 0.820884 0.050760 -0.558578
1403637139.538319110870361 -0.032945 0.024363 0.039008 0.105346 0.819702 0.047716 -0.560994
1403637139.588319063186646 -0.033848 0.022877 0.034839 0.103676 0.818057 0.046964 -0.563763
1403637139.638319015502930 -0.035175 0.021696 0.031290 0.100918 0.816603 0.047530 -0.566318
1403637139.688318967819214 -0.036138 0.020476 0.027241 0.098772 0.815400 0.047183 -0.568454
1403637139.738318920135498 -0.036494 0.019290 0.022669 0.097336 0.814681 0.046417 -0.569795
1403637139.788319110870361 -0.036195 0.019109 0.018372 0.096687 0.814411 0.046939 -0.570248
1403637139.838319063186646 -0.035313 0.019738 0.015194 0.097608 0.812221 0.045484 -0.573324
1403637139.888319015502930 -0.033841 0.021236 0.015130 0.098437 0.808007 0.046169 -0.579054
1403637139.938318967819214 -0.032260 0.022662 0.014855 0.101173 0.804639 0.046696 -0.583214
1403637139.988318920135498 -0.030426 0.023932 0.014595 0.104948 0.802073 0.046572 -0.586085
1403637140.038319110870361 -0.028031 0.024867 0.014269 0.109406 0.798603 0.046118 -0.590031
1403637140.088319063186646 -0.025035 0.025673 0.015125 0.111203 0.794981 0.049703 -0.594280
1403637140.138319015502930 -0.022233 0.026464 0.016451 0.113220 0.790944 0.052421 -0.599033
1403637140.188318967819214 -0.020666 0.027844 0.018255 0.115020 0.789243 0.053218 -0.600861
1403637140.238318920135498 -0.019160 0.029488 0.017387 0.116592 0.789935 0.055240 -0.599464
1403637140.288319110870361 -0.018165 0.030740 0.016625 0.117999 0.789698 0.054988 -0.599524
1403637140.338319063186646 -0.017998 0.031409 0.015285 0.119560 0.788987 0.053532 -0.600283
1403637140.388319015502930 -0.018115 0.031367 0.016032 0.120567 0.788907 0.052225 -0.600302
1403637140.438318967819214 -0.018084 0.031634 0.016009 0.119924 0.789106 0.052845 -0.600114
1403637140.488318920135498 -0.018659 0.031433 0.016299 0.120538 0.788921 0.051969 -0.600311
1403637140.538319110870361 -0.018660 0.031639 0.016422 0.120534 0.788956 0.051856 -0.600276
1403637140.588319063186646 -0.019361 0.031579 0.016857 0.120973 0.788875 0.050811 -0.600383
1403637140.638319015502930 -0.019215 0.031783 0.016844 0.120809 0.788917 0.050883 -0.600355
1403637140.688318967819214 -0.018972 0.031933 0.016831 0.120795 0.788926 0.050629 -0.600367
1403637140.738318920135498 -0.018620 0.032180 0.016907 0.120685 0.788967 0.050712 -0.600329
1403637140.788319110870361 -0.018207 0.032385 0.017009 0.120676 0.789002 0.050559 -0.600297
1403637140.838319063186646 -0.017833 0.032556 0.017021 0.120661 0.789009 0.050575 -0.600289
1403637140.888319015502930 -0.017438 0.032752 0.017022 0.120684 0.789025 0.050546 -0.600266
1403637140.938318967819214 -0.017512 0.032760 0.017112 0.120581 0.789054 0.050665 -0.600239
1403637140.988318920135498 -0.017616 0.032738 0.017161 0.120587 0.789098 0.050635 -0.600182
1403637141.038319110870361 -0.017689 0.032710 0.017223 0.120539 0.789131 0.050692 -0.600144
1403637141.088319063186646 -0.017876 0.032674 0.017362 0.120511 0.789157 0.050688 -0.600115
1403637141.138319015502930 -0.017994 0.032718 0.017458 0.120420 0.789199 0.050823 -0.600068
1403637141.188318967819214 -0.018140 0.032663 0.017542 0.120424 0.789233 0.050763 -0.600027
1403637141.238318920135498 -0.018176 0.032667 0.017584 0.120327 0.789265 0.050883 -0.599994
1403637141.288319110870361 -0.018288 0.032697 0.017688 0.120303 0.789295 0.050891 -0.599958
1403637141.338319063186646 -0.018358 0.032678 0.017780 0.120272 0.789322 0.050907 -0.599928
1403637141.388319015502930 -0.018469 0.032745 0.017830 0.120203 0.789356 0.050974 -0.599891
1403637141.438318967819214 -0.018507 0.032756 0.017895 0.120156 0.789401 0.051016 -0.599838
1403637141.488318920135498 -0.018589 0.032854 0.017933 0.120118 0.789414 0.051042 -0.599826
1403637141.538319110870361 -0.018674 0.032850 0.018061 0.120052 0.789457 0.051103 -0.599779
1403637141.588319063186646 -0.018721 0.032897 0.018148 0.120006 0.789487 0.051150 -0.599743
1403637141.638319015502930 -0.018769 0.032987 0.018182 0.119974 0.789490 0.051191 -0.599742
1403637141.688318967819214 -0.018790 0.033043 0.018251 0.119969 0.789515 0.051142 -0.599714
1403637141.738318920135498 -0.018833 0.033065 0.018351 0.119910 0.789536 0.051240 -0.599690
1403637141.788319110870361 -0.018813 0.033068 0.018433 0.119875 0.789580 0.051243 -0.599639
1403637141.838319063186646 -0.018793 0.033119 0.018490 0.119839 0.789582 0.051264 -0.599643
1403637141.888319015502930 -0.018805 0.033127 0.018485 0.119798 0.789615 0.051345 -0.599600
1403637141.938318967819214 -0.018855 0.033083 0.018563 0.119826 0.789633 0.051260 -0.599578
1403637141.988318920135498 -0.018909 0.033193 0.018601 0.119771 0.789639 0.051352 -0.599574
1403637142.038319110870361 -0.018933 0.033312 0.018672 0.119740 0.789659 0.051353 -0.599554
1403637142.088319063186646 -0.018977 0.033395 0.018733 0.119672 0.789698 0.051405 -0.599510
1403637142.138319015502930 -0.019016 0.033429 0.018806 0.119658 0.789735 0.051353 -0.599469
1403637142.188318967819214 -0.019108 0.033473 0.018813 0.119599 0.789733 0.051478 -0.599474
1403637142.238318920135498 -0.019113 0.033472 0.018764 0.119600 0.789728 0.051456 -0.599481
1403637142.288319110870361 -0.019182 0.033461 0.018791 0.119549 0.789737 0.051518 -0.599474
1403637142.338319063186646 -0.019230 0.033465 0.018815 0.119526 0.789745 0.051520 -0.599468
1403637142.388319015502930 -0.019212 0.033537 0.018767 0.119446 0.789749 0.051634 -0.599468
1403637142.438318967819214 -0.019332 0.033581 0.018762 0.119460 0.789761 0.051545 -0.599458
1403637142.488318920135498 -0.019381 0.033648 0.018770 0.119415 0.789771 0.051592 -0.599450
1403637142.538319110870361 -0.019432 0.033641 0.018713 0.119414 0.789751 0.051586 -0.599477
1403637142.588319063186646 -0.019459 0.033632 0.018697 0.119389 0.789748 0.051633 -0.599482
1403637142.638319015502930 -0.019541 0.033623 0.018733 0.119398 0.789767 0.051604 -0.599457
1403637142.688318967819214 -0.019532 0.033684 0.018740 0.119348 0.789782 0.051660 -0.599443
1403637142.738318920135498 -0.019554 0.033730 0.018758 0.119344 0.789786 0.051651 -0.599439
1403637142.788319110870361 -0.019586 0.033761 0.018787 0.119333 0.789785 0.051636 -0.599443
1403637142.838319063186646 -0.019634 0.033771 0.018797 0.119330 0.789780 0.051669 -0.599449
1403637142.888319015502930 -0.019612 0.033754 0.018739 0.119311 0.789769 0.051716 -0.599463
1403637142.938318967819214 -0.019578 0.033743 0.018762 0.119315 0.789777 0.051705 -0.599452
1403637142.988318920135498 -0.019562 0.033776 0.018749 0.119290 0.789784 0.051714 -0.599447
1403637143.038319110870361 -0.019575 0.033808 0.018739 0.119274 0.789768 0.051723 -0.599471
1403637143.088319063186646 -0.019591 0.033797 0.018786 0.119256 0.789797 0.051729 -0.599435
1403637143.138319015502930 -0.019653 0.033733 0.018873 0.119253 0.789822 0.051757 -0.599401
1403637143.188318967819214 -0.019702 0.033736 0.018889 0.119242 0.789825 0.051789 -0.599396
1403637143.238318920135498 -0.019714 0.033728 0.018903 0.119220 0.789837 0.051830 -0.599381
1403637143.288319110870361 -0.019764 0.033763 0.018897 0.119198 0.789837 0.051836 -0.599385
1403637143.338319063186646 -0.019796 0.033780 0.018928 0.119177 0.789858 0.051859 -0.599359
1403637143.388319015502930 -0.019802 0.033830 0.018868 0.119168 0.789852 0.051882 -0.599367
1403637143.438318967819214 -0.019906 0.033953 0.018881 0.119145 0.789838 0.051925 -0.599387
1403637143.488318920135498 -0.019983 0.033968 0.018800 0.119141 0.789815 0.051918 -0.599419
1403637143.538319110870361 -0.019930 0.033940 0.018702 0.119133 0.789868 0.051929 -0.599349
1403637143.588319063186646 -0.020066 0.034019 0.018780 0.119093 0.789799 0.051984 -0.599443
1403637143.638319015502930 -0.020063 0.034018 0.018734 0.119098 0.789840 0.051951 -0.599391
1403637143.688318967819214 -0.020073 0.034025 0.018677 0.119082 0.789855 0.051975 -0.599372
1403637143.738318920135498 -0.020116 0.034061 0.018655 0.119043 0.789836 0.052029 -0.599401
1403637143.788319110870361 -0.020131 0.034043 0.018606 0.119021 0.789819 0.052055 -0.599425
1403637143.838319063186646 -0.020098 0.034024 0.018541 0.119006 0.789838 0.052074 -0.599402
1403637143.888319015502930 -0.020100 0.034049 0.018534 0.118986 0.789807 0.052072 -0.599446
1403637143.938318967819214 -0.020075 0.033897 0.018460 0.118806 0.789803 0.051956 -0.599497
1403637143.988318920135498 -0.020082 0.033984 0.018456 0.118792 0.789864 0.052015 -0.599414
1403637144.038319110870361 -0.020139 0.034068 0.018508 0.118821 0.789860 0.051982 -0.599417
1403637144.088319063186646 -0.020163 0.034085 0.018576 0.118806 0.789877 0.052074 -0.599389
1403637144.138319015502930 -0.020239 0.034110 0.018598 0.119002 0.789854 0.052087 -0.599380
1403637144.188318967819214 -0.020160 0.034054 0.018373 0.118883 0.789853 0.052234 -0.599392
1403637144.238318920135498 -0.020164 0.033890 0.018477 0.119086 0.789879 0.052026 -0.599336
1403637144.288319110870361 -0.020071 0.033823 0.018455 0.119045 0.789903 0.052129 -0.599303
1403637144.338319063186646 -0.020202 0.033789 0.018550 0.119155 0.789839 0.052037 -0.599374
1403637144.388319015502930 -0.020176 0.033723 0.018621 0.119082 0.789819 0.052014 -0.599417
1403637144.438318967819214 -0.020201 0.033742 0.018674 0.119083 0.789773 0.051880 -0.599488
1403637144.488318920135498 -0.020168 0.033711 0.018747 0.119042 0.789776 0.051854 -0.599495
1403637144.538319110870361 -0.020180 0.033745 0.018699 0.119077 0.789745 0.051792 -0.599534
1403637144.588319063186646 -0.020164 0.034075 0.018692 0.119331 0.789822 0.052117 -0.599354
1403637144.638319015502930 -0.020117 0.033907 0.018668 0.119228 0.789767 0.051872 -0.599468
1403637144.688318967819214 -0.020060 0.033835 0.018592 0.119287 0.789790 0.051831 -0.599430
1403637144.738318920135498 -0.020081 0.033635 0.018492 0.119146 0.789710 0.051771 -0.599568
1403637144.788319110870361 -0.020157 0.033729 0.018571 0.119281 0.789690 0.051699 -0.599574
1403637144.838319063186646 -0.020229 0.033889 0.018570 0.119199 0.789719 0.051729 -0.599550
1403637144.888319015502930 -0.020369 0.033912 0.018690 0.119220 0.789750 0.051555 -0.599519
1403637144.938318967819214 -0.020416 0.033938 0.018641 0.118999 0.789798 0.051612 -0.599496
1403637144.988318920135498 -0.020490 0.033890 0.018569 0.118890 0.789888 0.051381 -0.599418
1403637145.038319110870361 -0.020424 0.033937 0.018422 0.118987 0.789852 0.051502 -0.599436
1403637145.088319063186646 -0.020449 0.033936 0.018518 0.119185 0.789825 0.051484 -0.599434
1403637145.138319015502930 -0.020438 0.033975 0.018427 0.119283 0.789834 0.051536 -0.599398
1403637145.188318967819214 -0.020485 0.034048 0.018434 0.119392 0.789821 0.051563 -0.599391
1403637145.238318920135498 -0.020530 0.034142 0.018435 0.119474 0.789795 0.051482 -0.599416
1403637145.288319110870361 -0.020551 0.034176 0.018360 0.119538 0.789788 0.051480 -0.599413
1403637145.338319063186646 -0.020582 0.034241 0.018268 0.119539 0.789740 0.051385 -0.599484
1403637145.388319015502930 -0.020637 0.034299 0.018266 0.119527 0.789744 0.051426 -0.599478
1403637145.438318967819214 -0.020700 0.034348 0.018161 0.119522 0.789703 0.051364 -0.599537
1403637145.488318920135498 -0.020702 0.034424 0.018079 0.119534 0.789678 0.051329 -0.599571
1403637145.538319110870361 -0.020788 0.034450 0.018013 0.119532 0.789681 0.051381 -0.599563
1403637145.588319063186646 -0.020774 0.034509 0.017876 0.119488 0.789640 0.051367 -0.599627
1403637145.638319015502930 -0.020811 0.034534 0.017974 0.119470 0.789682 0.051306 -0.599581
1403637145.688318967819214 -0.020790 0.034576 0.017935 0.119403 0.789697 0.051363 -0.599569
1403637145.738318920135498 -0.020778 0.034642 0.017919 0.119409 0.789669 0.051294 -0.599610
1403637145.788319110870361 -0.020768 0.034682 0.017893 0.119366 0.789666 0.051339 -0.599619
1403637145.838319063186646 -0.020758 0.034721 0.017887 0.119379 0.789671 0.051376 -0.599607
1403637145.888319015502930 -0.020694 0.034765 0.017827 0.119384 0.789659 0.051436 -0.599617
1403637145.938318967819214 -0.020635 0.034769 0.017839 0.119368 0.789666 0.051421 -0.599612
1403637145.988318920135498 -0.020658 0.034744 0.017851 0.119306 0.789680 0.051478 -0.599601
1403637146.038319110870361 -0.020676 0.034735 0.017929 0.119317 0.789707 0.051467 -0.599565
1403637146.088319063186646 -0.020682 0.034787 0.017871 0.119316 0.789714 0.051527 -0.599550
1403637146.138319015502930 -0.020663 0.034784 0.017792 0.119296 0.789694 0.051563 -0.599577
1403637146.188318967819214 -0.020632 0.034769 0.017727 0.119182 0.789689 0.051716 -0.599593
1403637146.238318920135498 -0.020388 0.035007 0.017685 0.119033 0.789693 0.052278 -0.599569
1403637146.288319110870361 -0.020598 0.034670 0.017916 0.119336 0.789605 0.051447 -0.599697
1403637146.338319063186646 -0.020282 0.034779 0.017751 0.118990 0.789652 0.052042 -0.599653
1403637146.388319015502930 -0.020425 0.034576 0.017973 0.119364 0.789629 0.051429 -0.599661
1403637146.438318967819214 -0.020139 0.034698 0.017754 0.119091 0.789712 0.051940 -0.599562
1403637146.488318920135498 -0.020297 0.034594 0.017993 0.119385 0.789682 0.051480 -0.599582
1403637146.538319110870361 -0.020173 0.034779 0.017950 0.119165 0.789739 0.051839 -0.599521
1403637146.588319063186646 -0.020275 0.034713 0.018080 0.119455 0.789703 0.051359 -0.599551
1403637146.638319015502930 -0.020141 0.034835 0.017978 0.119214 0.789717 0.051732 -0.599549
1403637146.688318967819214 -0.020241 0.034779 0.017956 0.119344 0.789665 0.051488 -0.599612
1403637146.738318920135498 -0.020184 0.034844 0.017814 0.119199 0.789713 0.051762 -0.599555
1403637146.788319110870361 -0.020278 0.034755 0.018005 0.119299 0.789705 0.051576 -0.599561
1403637146.838319063186646 -0.020137 0.034821 0.017808 0.119172 0.789691 0.051731 -0.599591
1403637146.888319015502930 -0.020129 0.034815 0.017901 0.119219 0.789713 0.051642 -0.599562
1403637146.938318967819214 -0.020087 0.034861 0.017899 0.119138 0.789744 0.051796 -0.599523
1403637146.988318920135498 -0.020091 0.034850 0.017962 0.119098 0.789708 0.051872 -0.599571
1403637147.038319110870361 -0.020114 0.034772 0.017898 0.119135 0.789720 0.051774 -0.599558
1403637147.088319063186646 -0.020099 0.034712 0.017871 0.119138 0.789719 0.051825 -0.599553
1403637147.138319015502930 -0.020135 0.034716 0.017953 0.119163 0.789748 0.051852 -0.599508
1403637147.188318967819214 -0.020186 0.034713 0.017922 0.119143 0.789724 0.051903 -0.599539
1403637147.238318920135498 -0.020147 0.034758 0.017815 0.119111 0.789688 0.051943 -0.599590
1403637147.288319110870361 -0.020137 0.034730 0.017707 0.119136 0.789672 0.051876 -0.599611
1403637147.338319063186646 -0.020168 0.034757 0.017623 0.119146 0.789644 0.051830 -0.599650
1403637147.388319015502930 -0.020176 0.034703 0.017546 0.119162 0.789620 0.051722 -0.599688
1403637147.438318967819214 -0.020114 0.034720 0.017407 0.119125 0.789611 0.051823 -0.599699
1403637147.488318920135498 -0.020103 0.034674 0.017334 0.119151 0.789579 0.051711 -0.599745
1403637147.538319110870361 -0.019997 0.034695 0.017255 0.119081 0.789549 0.051778 -0.599792
1403637147.588319063186646 -0.019985 0.034530 0.017380 0.119195 0.789543 0.051606 -0.599793
1403637147.638319015502930 -0.019844 0.034498 0.017261 0.119111 0.789503 0.051776 -0.599848
1403637147.688318967819214 -0.019748 0.034404 0.017268 0.119200 0.789484 0.051570 -0.599873
1403637147.738318920135498 -0.019616 0.034416 0.017130 0.119215 0.789416 0.051601 -0.599956
1403637147.788319110870361 -0.019520 0.034378 0.016923 0.119243 0.789391 0.051525 -0.599990
1403637147.838319063186646 -0.019455 0.034445 0.016874 0.119234 0.789357 0.051553 -0.600034
1403637147.888319015502930 -0.019446 0.034354 0.016766 0.119331 0.789352 0.051428 -0.600033
1403637147.938318967819214 -0.019431 0.034353 0.016682 0.119296 0.789337 0.051470 -0.600056
1403637147.988318920135498 -0.019451 0.034354 0.016675 0.119346 0.789312 0.051386 -0.600086
1403637148.038319110870361 -0.019385 0.034408 0.016511 0.119362 0.789263 0.051364 -0.600149
1403637148.088319063186646 -0.019419 0.034489 0.016578 0.119403 0.789263 0.051353 -0.600141
1403637148.138319015502930 -0.019351 0.034586 0.016466 0.119368 0.789209 0.051437 -0.600212
1403637148.188318967819214 -0.019348 0.034658 0.016578 0.119425 0.789209 0.051284 -0.600213
1403637148.238318920135498 -0.019175 0.034616 0.016411 0.119301 0.789256 0.051212 -0.600183
1403637148.288319110870361 -0.019190 0.034621 0.016407 0.119276 0.789199 0.051244 -0.600260
1403637148.338319063186646 -0.019109 0.034547 0.016365 0.119257 0.789289 0.051146 -0.600155
1403637148.388319015502930 -0.019244 0.034483 0.016312 0.119235 0.789224 0.051115 -0.600247
1403637148.438318967819214 -0.019267 0.034519 0.016128 0.119105 0.789222 0.051050 -0.600280
1403637148.488318920135498 -0.019233 0.034558 0.016166 0.119076 0.789326 0.050920 -0.600160
1403637148.538319110870361 -0.019231 0.034522 0.015953 0.118906 0.789290 0.050915 -0.600243
1403637148.588319063186646 -0.019292 0.034567 0.015846 0.118739 0.789326 0.050878 -0.600231
1403637148.638319015502930 -0.018873 0.034447 0.015520 0.118405 0.789577 0.050663 -0.599985
1403637148.688318967819214 -0.018752 0.034341 0.015203 0.118189 0.789477 0.050168 -0.600200
1403637148.738318920135498 -0.018350 0.034263 0.014908 0.117788 0.789661 0.050280 -0.600028
1403637148.788319110870361 -0.018303 0.034136 0.014912 0.117753 0.789710 0.049949 -0.599998
1403637148.838319063186646 -0.018095 0.034117 0.014850 0.117472 0.789810 0.049942 -0.599922
1403637148.888319015502930 -0.017677 0.033888 0.014372 0.117100 0.789907 0.049586 -0.599896
1403637148.938318967819214 -0.017301 0.033884 0.014407 0.116807 0.790071 0.049462 -0.599748
1403637148.988318920135498 -0.017501 0.034071 0.014194 0.116677 0.790083 0.049056 -0.599790
1403637149.038319110870361 -0.017046 0.034222 0.013656 0.116284 0.790222 0.049030 -0.599687
1403637149.088319063186646 -0.017055 0.034234 0.013339 0.116122 0.790190 0.048712 -0.599785
1403637149.138319015502930 -0.016889 0.034469 0.012605 0.115863 0.790211 0.048562 -0.599820
1403637149.188318967819214 -0.016533 0.034674 0.012213 0.115474 0.790280 0.048590 -0.599802
1403637149.238318920135498 -0.016224 0.034853 0.011834 0.115371 0.790198 0.048242 -0.599958
1403637149.288319110870361 -0.015727 0.034836 0.011350 0.115065 0.790196 0.048058 -0.600035
1403637149.338319063186646 -0.015282 0.034643 0.011104 0.114740 0.790302 0.047749 -0.599981
1403637149.388319015502930 -0.014799 0.034657 0.010726 0.114406 0.790362 0.047490 -0.599987
1403637149.438318967819214 -0.013744 0.034623 0.010259 0.113768 0.790452 0.047116 -0.600019
1403637149.488318920135498 -0.012985 0.034418 0.010050 0.113088 0.790771 0.046845 -0.599748
1403637149.538319110870361 -0.011923 0.034403 0.009244 0.112301 0.791046 0.046672 -0.599547
1403637149.588319063186646 -0.010513 0.034430 0.008550 0.110063 0.792600 0.046026 -0.597957
1403637149.638319015502930 -0.009261 0.034807 0.007898 0.106029 0.795879 0.044230 -0.594456
1403637149.688318967819214 -0.007570 0.034762 0.006993 0.100470 0.798600 0.041420 -0.591970
1403637149.738318920135498 -0.005908 0.035867 0.006379 0.097595 0.799861 0.040375 -0.590819
1403637149.788319110870361 -0.005102 0.037050 0.005801 0.096836 0.802284 0.037927 -0.587813
1403637149.838319063186646 -0.004562 0.038829 0.005935 0.095786 0.805840 0.036468 -0.583195
1403637149.888319015502930 -0.002872 0.041697 0.004961 0.096578 0.810675 0.034834 -0.576425
1403637149.938318967819214 -0.001323 0.046472 0.005053 0.095370 0.816010 0.036588 -0.568941
1403637149.988318920135498 0.001050 0.053078 0.007060 0.092885 0.822452 0.039963 -0.559775
1403637150.038319110870361 0.001596 0.060478 0.011454 0.089528 0.828340 0.045980 -0.551111
1403637150.088319063186646 0.000229 0.068927 0.018374 0.087615 0.833328 0.051637 -0.543343
1403637150.138319015502930 0.000418 0.078164 0.025998 0.085995 0.836409 0.056877 -0.538321
1403637150.188318967819214 -0.001541 0.088021 0.036079 0.085944 0.837075 0.061365 -0.536799
1403637150.238318920135498 -0.005662 0.097675 0.048137 0.086301 0.836296 0.065107 -0.537515
1403637150.288319110870361 -0.013203 0.106329 0.062268 0.087632 0.833871 0.067700 -0.540737
1403637150.338319063186646 -0.033792 0.108883 0.081641 0.089033 0.831346 0.070972 -0.543967
1403637150.388319015502930 -0.043322 0.109284 0.099236 0.091742 0.826127 0.071888 -0.551299
1403637150.438318967819214 -0.054108 0.116256 0.114915 0.093469 0.822137 0.072989 -0.556801
1403637150.488318920135498 -0.065359 0.125584 0.129455 0.094784 0.819344 0.074713 -0.560454
1403637150.538319110870361 -0.076700 0.133390 0.144337 0.096536 0.817453 0.076120 -0.562722
1403637150.588319063186646 -0.088040 0.141516 0.158164 0.097618 0.816672 0.077371 -0.563499
1403637150.638319015502930 -0.099233 0.150738 0.171639 0.098813 0.815498 0.078203 -0.564874
1403637150.688318967819214 -0.111467 0.160572 0.184675 0.099632 0.815219 0.078948 -0.565030
1403637150.738318920135498 -0.124140 0.170679 0.196880 0.099848 0.815093 0.080097 -0.565012
1403637150.788319110870361 -0.137125 0.180665 0.208710 0.100106 0.814611 0.080940 -0.565541
1403637150.838319063186646 -0.151238 0.191045 0.220357 0.100073 0.813725 0.082215 -0.566636
1403637150.888319015502930 -0.166177 0.201464 0.232089 0.099694 0.811557 0.083300 -0.569647
1403637150.938318967819214 -0.179973 0.210369 0.242309 0.099510 0.809161 0.083836 -0.572999
1403637150.988318920135498 -0.194101 0.219469 0.252167 0.099101 0.807033 0.084313 -0.575994
1403637151.038319110870361 -0.207435 0.229005 0.261454 0.098668 0.805131 0.084258 -0.578731
1403637151.088319063186646 -0.219442 0.237838 0.269308 0.097817 0.802908 0.084561 -0.581911
1403637151.138319015502930 -0.230897 0.246208 0.276227 0.096759 0.800451 0.084794 -0.585428
1403637151.188318967819214 -0.241976 0.254608 0.282812 0.095923 0.800099 0.084182 -0.586135
1403637151.238318920135498 -0.251501 0.262173 0.289404 0.095977 0.801845 0.082890 -0.583920
1403637151.288319110870361 -0.260297 0.269571 0.297866 0.096516 0.804015 0.080182 -0.581218
1403637151.338319063186646 -0.268485 0.276377 0.308454 0.098463 0.806460 0.075675 -0.578100
1403637151.388319015502930 -0.276475 0.282489 0.321520 0.101581 0.808432 0.069639 -0.575560
1403637151.438318967819214 -0.284719 0.289798 0.338305 0.104264 0.809778 0.065015 -0.573726
1403637151.488318920135498 -0.291826 0.296937 0.356558 0.102512 0.811099 0.066023 -0.572059
1403637151.538319110870361 -0.298165 0.303501 0.373893 0.101618 0.811761 0.066288 -0.571247
1403637151.588319063186646 -0.303696 0.310314 0.390162 0.100228 0.812031 0.067622 -0.570954
1403637151.638319015502930 -0.309635 0.317717 0.405315 0.098753 0.812329 0.068682 -0.570660
1403637151.688318967819214 -0.315898 0.325710 0.419408 0.097416 0.812209 0.069759 -0.570930
1403637151.738318920135498 -0.322381 0.334185 0.432012 0.096733 0.812786 0.070184 -0.570172
1403637151.788319110870361 -0.328509 0.342358 0.443173 0.096010 0.813073 0.070396 -0.569859
1403637151.838319063186646 -0.334778 0.350625 0.452783 0.095266 0.813127 0.070656 -0.569874
1403637151.888319015502930 -0.340810 0.359288 0.461224 0.094447 0.813214 0.071430 -0.569790
1403637151.938318967819214 -0.346711 0.367726 0.468336 0.093927 0.813454 0.072001 -0.569461
1403637151.988318920135498 -0.353105 0.376187 0.476580 0.093807 0.813651 0.071468 -0.569266
1403637152.038319110870361 -0.359553 0.384512 0.487024 0.093923 0.813863 0.070901 -0.569016
1403637152.088319063186646 -0.365568 0.392844 0.498602 0.094286 0.814173 0.069892 -0.568636
1403637152.138319015502930 -0.371877 0.401547 0.510836 0.094688 0.814716 0.069012 -0.567899
1403637152.188318967819214 -0.378558 0.409976 0.522433 0.095080 0.815340 0.068516 -0.566997
1403637152.238318920135498 -0.385408 0.419255 0.532531 0.095810 0.815824 0.067165 -0.566339
1403637152.288319110870361 -0.392294 0.429374 0.540966 0.095937 0.816254 0.066913 -0.565729
1403637152.338319063186646 -0.400304 0.439746 0.548024 0.096925 0.816885 0.065263 -0.564841
1403637152.388319015502930 -0.406122 0.449650 0.552777 0.096159 0.816674 0.065842 -0.565209
1403637152.438318967819214 -0.413270 0.461078 0.557429 0.096149 0.817063 0.065708 -0.564665
1403637152.488318920135498 -0.421705 0.472805 0.560014 0.095507 0.817264 0.066053 -0.564442
1403637152.538319110870361 -0.431339 0.484688 0.562119 0.095361 0.817188 0.065921 -0.564592
1403637152.588319063186646 -0.441848 0.497509 0.563292 0.094985 0.817620 0.066555 -0.563955
1403637152.638319015502930 -0.451264 0.509168 0.561686 0.094725 0.817100 0.066676 -0.564738
1403637152.688318967819214 -0.460927 0.521292 0.559638 0.094879 0.816661 0.066613 -0.565355
1403637152.738318920135498 -0.471637 0.533747 0.558812 0.095040 0.815632 0.066273 -0.566850
1403637152.788319110870361 -0.481762 0.545604 0.558144 0.095930 0.814040 0.064362 -0.569205
1403637152.838319063186646 -0.492677 0.558182 0.560380 0.096191 0.812655 0.064054 -0.571171
1403637152.888319015502930 -0.501301 0.571134 0.564124 0.095851 0.811475 0.063722 -0.572940
1403637152.938318967819214 -0.507769 0.584985 0.569591 0.094703 0.810619 0.064572 -0.574246
1403637152.988318920135498 -0.514074 0.598455 0.576951 0.094161 0.810612 0.064880 -0.574311
1403637153.038319110870361 -0.519163 0.611854 0.584858 0.093466 0.810317 0.065369 -0.574784
1403637153.088319063186646 -0.523611 0.624432 0.593125 0.092967 0.810987 0.066634 -0.573775
1403637153.138319015502930 -0.529191 0.638053 0.600009 0.092551 0.811648 0.067166 -0.572845
1403637153.188318967819214 -0.534001 0.651793 0.605572 0.092457 0.812530 0.067573 -0.571560
1403637153.238318920135498 -0.539634 0.666303 0.610114 0.091611 0.813298 0.069023 -0.570429
1403637153.288319110870361 -0.544885 0.680824 0.613576 0.091009 0.813708 0.069889 -0.569836
1403637153.338319063186646 -0.550596 0.695989 0.616963 0.090454 0.813856 0.070753 -0.569605
1403637153.388319015502930 -0.555718 0.709955 0.619516 0.089847 0.814351 0.071989 -0.568839
1403637153.438318967819214 -0.560897 0.722805 0.622500 0.089456 0.815033 0.072411 -0.567870
1403637153.488318920135498 -0.564674 0.736385 0.627384 0.089062 0.816231 0.073261 -0.566099
1403637153.538319110870361 -0.568803 0.750100 0.633125 0.089082 0.817716 0.073318 -0.563941
1403637153.588319063186646 -0.572619 0.762741 0.639984 0.089730 0.818313 0.072530 -0.563074
1403637153.638319015502930 -0.579739 0.774546 0.649487 0.089532 0.818751 0.072925 -0.562417
1403637153.688318967819214 -0.585038 0.784960 0.661194 0.089507 0.818010 0.072665 -0.563532
1403637153.738318920135498 -0.590689 0.794408 0.673450 0.089086 0.817555 0.073531 -0.564146
1403637153.788319110870361 -0.597685 0.803525 0.685386 0.089154 0.815971 0.073589 -0.566416
1403637153.838319063186646 -0.604764 0.811935 0.696001 0.089804 0.815033 0.072534 -0.567799
1403637153.888319015502930 -0.611897 0.821264 0.704601 0.089574 0.814580 0.073306 -0.568386
1403637153.938318967819214 -0.618980 0.831264 0.711621 0.089159 0.813663 0.073876 -0.569689
1403637153.988318920135498 -0.625889 0.840406 0.716849 0.089559 0.813287 0.073145 -0.570257
1403637154.038319110870361 -0.632367 0.850370 0.719036 0.089665 0.813577 0.072973 -0.569849
1403637154.088319063186646 -0.639351 0.861610 0.720413 0.090963 0.814705 0.070990 -0.568280
1403637154.138319015502930 -0.645665 0.871022 0.717916 0.093755 0.817010 0.066846 -0.565009
1403637154.188318967819214 -0.651573 0.881424 0.712930 0.099274 0.819924 0.059249 -0.560677
1403637154.238318920135498 -0.656190 0.890699 0.705610 0.104484 0.821700 0.052146 -0.557828
1403637154.288319110870361 -0.662667 0.899963 0.697801 0.108451 0.823387 0.046756 -0.555056
1403637154.338319063186646 -0.670532 0.910629 0.690110 0.110174 0.824075 0.044594 -0.553871
1403637154.388319015502930 -0.680040 0.923000 0.682934 0.108718 0.823899 0.047311 -0.554195
1403637154.438318967819214 -0.689484 0.935192 0.673349 0.106149 0.821764 0.051439 -0.557485
1403637154.488318920135498 -0.700560 0.951264 0.666570 0.103607 0.819386 0.055764 -0.561036
1403637154.538319110870361 -0.711700 0.968285 0.660104 0.101461 0.817888 0.060042 -0.563170
1403637154.588319063186646 -0.722206 0.986966 0.654932 0.099544 0.817585 0.064880 -0.563415
1403637154.638319015502930 -0.732750 1.007536 0.650631 0.097178 0.818814 0.070236 -0.561398
1403637154.688318967819214 -0.743958 1.027071 0.644330 0.095120 0.821244 0.075837 -0.557458
1403637154.738318920135498 -0.755332 1.046221 0.637743 0.095301 0.823145 0.080451 -0.553966
1403637154.788319110870361 -0.767514 1.067955 0.633507 0.098428 0.824748 0.084921 -0.550355
1403637154.838319063186646 -0.780877 1.088561 0.628137 0.103642 0.825905 0.088276 -0.547125
1403637154.888319015502930 -0.796161 1.108772 0.623806 0.109004 0.825875 0.090609 -0.545747
1403637154.938318967819214 -0.813561 1.128629 0.620821 0.113525 0.827043 0.093473 -0.542563
1403637154.988318920135498 -0.833090 1.148620 0.620683 0.119036 0.825923 0.094898 -0.542841
1403637155.038319110870361 -0.853643 1.168377 0.623028 0.123387 0.824456 0.098746 -0.543412
1403637155.088319063186646 -0.873874 1.190663 0.627122 0.130036 0.822230 0.101536 -0.544720
1403637155.138319015502930 -0.896922 1.208706 0.632115 0.136348 0.817849 0.105584 -0.548985
1403637155.188318967819214 -0.920147 1.226874 0.638771 0.142163 0.814702 0.108200 -0.551674
1403637155.238318920135498 -0.944235 1.248172 0.647908 0.145503 0.811579 0.111785 -0.554683
1403637155.288319110870361 -0.968655 1.263451 0.657730 0.148045 0.809316 0.113699 -0.556922
1403637155.338319063186646 -0.993055 1.279649 0.668880 0.150559 0.806528 0.116298 -0.559749
1403637155.388319015502930 -1.018666 1.299602 0.679177 0.154964 0.803517 0.118697 -0.562367
1403637155.438318967819214 -1.043614 1.316565 0.687669 0.160492 0.801098 0.122169 -0.563523
1403637155.488318920135498 -1.067334 1.335670 0.694657 0.167193 0.797922 0.126212 -0.565188
1403637155.538319110870361 -1.090416 1.354909 0.699303 0.174184 0.795744 0.129038 -0.565510
1403637155.588319063186646 -1.113378 1.373818 0.701900 0.181412 0.793923 0.130441 -0.565474
1403637155.638319015502930 -1.136458 1.393177 0.702917 0.188573 0.792189 0.130464 -0.565557
1403637155.688318967819214 -1.158180 1.411651 0.701238 0.195369 0.791247 0.130668 -0.564522
1403637155.738318920135498 -1.179188 1.430066 0.697867 0.202227 0.789323 0.132304 -0.564420
1403637155.788319110870361 -1.200862 1.449079 0.692892 0.210467 0.787671 0.133986 -0.563317
1403637155.838319063186646 -1.220831 1.468585 0.686453 0.219347 0.785067 0.136971 -0.562846
1403637155.888319015502930 -1.242953 1.491161 0.680293 0.228449 0.784346 0.142090 -0.558948
1403637155.938318967819214 -1.260763 1.514408 0.672136 0.237577 0.783464 0.148034 -0.554822
1403637155.988318920135498 -1.276543 1.535441 0.662443 0.247023 0.780723 0.154751 -0.552723
1403637156.038319110870361 -1.292889 1.559126 0.654208 0.257218 0.776673 0.160581 -0.552115
1403637156.088319063186646 -1.308451 1.584950 0.645544 0.267833 0.772051 0.165802 -0.552008
1403637156.138319015502930 -1.325000 1.611867 0.637253 0.278410 0.767149 0.171829 -0.551766
1403637156.188318967819214 -1.339402 1.639888 0.628640 0.289648 0.762437 0.177645 -0.550668
1403637156.238318920135498 -1.352652 1.667884 0.620302 0.301180 0.757243 0.183723 -0.549654
1403637156.288319110870361 -1.362245 1.695582 0.612422 0.312181 0.752487 0.190868 -0.547609
1403637156.338319063186646 -1.372442 1.724563 0.603920 0.324041 0.747462 0.196971 -0.545437
1403637156.388319015502930 -1.379483 1.753410 0.596181 0.335085 0.742776 0.204831 -0.542260
1403637156.438318967819214 -1.379879 1.780440 0.588206 0.346364 0.737707 0.211920 -0.539361
1403637156.488318920135498 -1.385500 1.812067 0.580433 0.357067 0.732444 0.219662 -0.536449
1403637156.538319110870361 -1.384862 1.841480 0.572515 0.367015 0.726399 0.227999 -0.534472
1403637156.588319063186646 -1.386385 1.872399 0.563887 0.376724 0.721397 0.236072 -0.530976
1403637156.638319015502930 -1.385035 1.905776 0.554717 0.385977 0.715711 0.244777 -0.528076
1403637156.688318967819214 -1.381685 1.941618 0.544145 0.394929 0.710762 0.253190 -0.524160
1403637156.738318920135498 -1.375471 1.975465 0.531893 0.402680 0.705664 0.261931 -0.520844
1403637156.788319110870361 -1.366926 2.014534 0.518233 0.409392 0.703317 0.269141 -0.515079
1403637156.838319063186646 -1.356452 2.049542 0.502517 0.414190 0.702393 0.276114 -0.508775
1403637156.888319015502930 -1.345623 2.085863 0.486029 0.418638 0.702008 0.280802 -0.503069
1403637156.938318967819214 -1.337125 2.124578 0.469001 0.420814 0.702569 0.286070 -0.497469
1403637156.988318920135498 -1.328983 2.161768 0.449345 0.423594 0.703327 0.288485 -0.492621
1403637157.038319110870361 -1.320180 2.195903 0.428429 0.425766 0.703849 0.289581 -0.489350
1403637157.088319063186646 -1.312105 2.234520 0.407586 0.428124 0.704010 0.288989 -0.487406
1403637157.138319015502930 -1.304260 2.268479 0.387360 0.430138 0.703624 0.287608 -0.487008
1403637157.188318967819214 -1.295683 2.307179 0.369626 0.431436 0.703328 0.285767 -0.487370
1403637157.238318920135498 -1.289842 2.344858 0.352802 0.432469 0.702822 0.284313 -0.488035
1403637157.288319110870361 -1.281564 2.381480 0.338103 0.433019 0.702224 0.282366 -0.489536
1403637157.338319063186646 -1.273750 2.423921 0.326968 0.433702 0.701726 0.279679 -0.491185
1403637157.388319015502930 -1.264449 2.461897 0.316963 0.434963 0.700906 0.275903 -0.493372
1403637157.438318967819214 -1.255711 2.501240 0.309608 0.436543 0.700086 0.271375 -0.495646
1403637157.488318920135498 -1.246105 2.541825 0.305148 0.437190 0.699918 0.267512 -0.497411
1403637157.538319110870361 -1.235894 2.582631 0.302354 0.437682 0.699763 0.264065 -0.499035
1403637157.588319063186646 -1.222556 2.623106 0.300722 0.437185 0.699730 0.261957 -0.500626
1403637157.638319015502930 -1.208520 2.665699 0.302258 0.436310 0.700565 0.260561 -0.500950
1403637157.688318967819214 -1.195350 2.707825 0.305391 0.435689 0.701165 0.259217 -0.501348
1403637157.738318920135498 -1.179173 2.751851 0.309942 0.434869 0.701836 0.258075 -0.501710
1403637157.788319110870361 -1.160811 2.798776 0.314643 0.432394 0.700776 0.260166 -0.504244
1403637157.838319063186646 -1.144127 2.844563 0.320797 0.429243 0.700215 0.263519 -0.505971
1403637157.888319015502930 -1.125308 2.892281 0.324955 0.426996 0.699408 0.266175 -0.507596
1403637157.938318967819214 -1.105684 2.940443 0.328273 0.423946 0.698861 0.269927 -0.508923
1403637157.988318920135498 -1.084339 2.989584 0.329851 0.421387 0.699218 0.273368 -0.508721
1403637158.038319110870361 -1.062017 3.040143 0.329998 0.417742 0.699986 0.278148 -0.508080
1403637158.088319063186646 -1.038879 3.092034 0.331761 0.415458 0.700718 0.281608 -0.507036
1403637158.138319015502930 -1.015683 3.142377 0.334924 0.414091 0.701003 0.283058 -0.506953
1403637158.188318967819214 -0.991537 3.190208 0.339443 0.412808 0.701464 0.284791 -0.506391
1403637158.238318920135498 -0.969984 3.237167 0.345803 0.413292 0.700266 0.285473 -0.507269
1403637158.288319110870361 -0.947970 3.280019 0.353555 0.414854 0.700008 0.286523 -0.505756
1403637158.338319063186646 -0.923321 3.324357 0.362093 0.417631 0.698268 0.289061 -0.504430
1403637158.388319015502930 -0.898638 3.367572 0.370470 0.422732 0.695168 0.290595 -0.503580
1403637158.438318967819214 -0.868243 3.421225 0.375873 0.428043 0.691397 0.293936 -0.502345
1403637158.488318920135498 -0.841572 3.468446 0.381683 0.435035 0.686632 0.296479 -0.501380
1403637158.538319110870361 -0.811371 3.518524 0.385330 0.443300 0.680839 0.298916 -0.500591
1403637158.588319063186646 -0.779990 3.565118 0.388178 0.452884 0.674527 0.300552 -0.499578
1403637158.638319015502930 -0.749256 3.613870 0.388711 0.462713 0.668181 0.302972 -0.497633
1403637158.688318967819214 -0.716523 3.662869 0.386811 0.471869 0.661511 0.307483 -0.495174
1403637158.738318920135498 -0.681731 3.711302 0.383766 0.480683 0.655633 0.312704 -0.491229
1403637158.788319110870361 -0.644411 3.760899 0.379262 0.488189 0.651182 0.317290 -0.486786
1403637158.838319063186646 -0.605385 3.815051 0.373501 0.494603 0.649126 0.321330 -0.480364
1403637158.888319015502930 -0.563299 3.868684 0.369070 0.499908 0.646815 0.324061 -0.476138
1403637158.938318967819214 -0.523137 3.914127 0.364433 0.501721 0.646743 0.329792 -0.470359
1403637158.988318920135498 -0.482384 3.958866 0.361722 0.504025 0.647102 0.333250 -0.464932
1403637159.038319110870361 -0.442012 4.002355 0.360893 0.505346 0.647634 0.336892 -0.460108
1403637159.088319063186646 -0.400196 4.049873 0.361804 0.506781 0.647163 0.338217 -0.458217
1403637159.138319015502930 -0.358429 4.092738 0.362167 0.508553 0.645662 0.337918 -0.458592
1403637159.188318967819214 -0.316975 4.134806 0.362368 0.510778 0.643464 0.335998 -0.460614
1403637159.238318920135498 -0.274582 4.180642 0.361629 0.512676 0.641790 0.333476 -0.462669
1403637159.288319110870361 -0.231021 4.228367 0.359138 0.513978 0.640849 0.330960 -0.464332
1403637159.338319063186646 -0.185431 4.277499 0.356847 0.514972 0.640380 0.328705 -0.465479
1403637159.388319015502930 -0.135232 4.333724 0.353389 0.515282 0.640606 0.326813 -0.466156
1403637159.438318967819214 -0.083149 4.388170 0.349479 0.514034 0.641521 0.326680 -0.466368
1403637159.488318920135498 -0.027274 4.448661 0.344749 0.513171 0.642041 0.325655 -0.467320
1403637159.538319110870361 0.024431 4.503305 0.337340 0.510270 0.645263 0.327936 -0.464455
1403637159.588319063186646 0.072307 4.551125 0.328732 0.508280 0.648056 0.329115 -0.461908
1403637159.638319015502930 0.124368 4.601008 0.321076 0.505756 0.651248 0.331006 -0.458827
1403637159.688318967819214 0.168046 4.641047 0.312657 0.503466 0.653073 0.332717 -0.457511
1403637159.738318920135498 0.212528 4.683330 0.305260 0.501124 0.654758 0.334946 -0.456046
1403637159.788319110870361 0.261220 4.730399 0.300826 0.499647 0.655437 0.336024 -0.455898
1403637159.838319063186646 0.309101 4.778028 0.298261 0.498950 0.655357 0.338003 -0.455313
1403637159.888319015502930 0.356491 4.823539 0.297186 0.500067 0.654494 0.340943 -0.453131
1403637159.938318967819214 0.404731 4.869938 0.295180 0.504843 0.651573 0.342528 -0.450845
1403637159.988318920135498 0.452958 4.914742 0.294248 0.510242 0.648096 0.345939 -0.447158
1403637160.038319110870361 0.501974 4.961212 0.290846 0.516145 0.641515 0.350659 -0.446196
1403637160.088319063186646 0.549617 5.008928 0.286466 0.522700 0.633537 0.355439 -0.446183
1403637160.138319015502930 0.592745 5.054513 0.280594 0.530023 0.624580 0.360622 -0.446011
1403637160.188318967819214 0.641708 5.101197 0.276705 0.537687 0.616162 0.366867 -0.443448
1403637160.238318920135498 0.693718 5.149386 0.271096 0.545382 0.608317 0.373966 -0.438928
1403637160.288319110870361 0.741533 5.192675 0.263581 0.554026 0.599467 0.380486 -0.434657
1403637160.338319063186646 0.793726 5.240936 0.254276 0.562564 0.591047 0.387968 -0.428563
1403637160.388319015502930 0.842888 5.285243 0.244909 0.572455 0.581508 0.394425 -0.422580
1403637160.438318967819214 0.895113 5.331250 0.234929 0.581802 0.572657 0.402187 -0.414507
1403637160.488318920135498 0.952434 5.383018 0.224288 0.591040 0.564381 0.410117 -0.404906
1403637160.538319110870361 0.997858 5.421618 0.213133 0.600429 0.556275 0.417879 -0.394233
1403637160.588319063186646 1.049992 5.469008 0.200327 0.609582 0.547043 0.425172 -0.385204
1403637160.638319015502930 1.076311 5.510666 0.180310 0.618002 0.539193 0.432374 -0.374695
1403637160.688318967819214 1.122717 5.552370 0.166024 0.626138 0.531871 0.436667 -0.366588
1403637160.738318920135498 1.168080 5.591183 0.154200 0.633374 0.526435 0.439253 -0.358832
1403637160.788319110870361 1.212780 5.632224 0.142269 0.638600 0.522630 0.442175 -0.351469
1403637160.838319063186646 1.256863 5.674697 0.131960 0.642821 0.518572 0.444201 -0.347202
1403637160.888319015502930 1.288569 5.705510 0.123123 0.646692 0.515014 0.445242 -0.343962
1403637160.938318967819214 1.326211 5.747819 0.116728 0.650729 0.512761 0.444362 -0.340837
1403637160.988318920135498 1.362671 5.791093 0.113557 0.654326 0.510295 0.442719 -0.339789
1403637161.038319110870361 1.401683 5.835119 0.113400 0.657792 0.507725 0.440118 -0.340324
1403637161.088319063186646 1.459635 5.898579 0.115763 0.660398 0.504344 0.437907 -0.343147
1403637161.138319015502930 1.507134 5.954856 0.120338 0.662756 0.500149 0.435687 -0.347537
1403637161.188318967819214 1.557574 6.015949 0.126398 0.665678 0.494310 0.432097 -0.354715
1403637161.238318920135498 1.596830 6.064811 0.136866 0.666958 0.488052 0.430190 -0.363192
1403637161.288319110870361 1.649611 6.124811 0.148551 0.668709 0.482921 0.427073 -0.370437
1403637161.338319063186646 1.676482 6.150802 0.167641 0.669178 0.480315 0.425674 -0.374565
1403637161.388319015502930 1.714436 6.188112 0.187482 0.668267 0.480853 0.426651 -0.374392
1403637161.438318967819214 1.769094 6.246438 0.205008 0.667018 0.482830 0.429653 -0.370622
1403637161.488318920135498 1.834982 6.311723 0.222052 0.667025 0.482567 0.432403 -0.367741
1403637161.538319110870361 1.899912 6.374877 0.240968 0.668766 0.481944 0.434729 -0.362619
1403637161.588319063186646 1.964925 6.432765 0.259635 0.670828 0.479013 0.437874 -0.358892
1403637161.638319015502930 2.032965 6.492979 0.276503 0.672858 0.475715 0.441368 -0.355178
1403637161.688318967819214 2.096842 6.545632 0.293652 0.673720 0.471610 0.446268 -0.352888
1403637161.738318920135498 2.163003 6.600600 0.309549 0.673004 0.467619 0.452643 -0.351445
1403637161.788319110870361 2.227076 6.652937 0.324580 0.669764 0.463656 0.462070 -0.350614
1403637161.838319063186646 2.293376 6.703871 0.339478 0.666090 0.458663 0.471823 -0.351190
1403637161.888319015502930 2.355964 6.751975 0.352385 0.662005 0.453946 0.481938 -0.351309
1403637161.938318967819214 2.415144 6.791435 0.365952 0.658371 0.448499 0.490625 -0.353105
1403637161.988318920135498 2.476097 6.830855 0.378273 0.654828 0.444349 0.498315 -0.354171
1403637162.038319110870361 2.531937 6.864888 0.388935 0.651878 0.440512 0.504687 -0.355380
1403637162.088319063186646 2.592228 6.900528 0.397044 0.650862 0.437857 0.508020 -0.355775
1403637162.138319015502930 2.649235 6.930410 0.402692 0.651075 0.435056 0.508837 -0.357648
1403637162.188318967819214 2.710010 6.962340 0.406783 0.654023 0.432586 0.505375 -0.360166
1403637162.238318920135498 2.765643 6.987866 0.407762 0.658169 0.430787 0.499935 -0.362356
1403637162.288319110870361 2.822664 7.012227 0.407455 0.661825 0.429724 0.494601 -0.364274
1403637162.338319063186646 2.868934 7.025778 0.404010 0.664563 0.429879 0.490380 -0.364812
1403637162.388319015502930 2.918692 7.035043 0.399432 0.667783 0.429155 0.485093 -0.366847
1403637162.438318967819214 2.979919 7.052878 0.396281 0.671964 0.428947 0.478218 -0.368478
1403637162.488318920135498 3.039186 7.067258 0.392532 0.676557 0.433111 0.471361 -0.364011
1403637162.538319110870361 3.087777 7.069190 0.387698 0.679364 0.438179 0.467255 -0.357961
1403637162.588319063186646 3.132492 7.065909 0.383446 0.679461 0.441776 0.466753 -0.353990
1403637162.638319015502930 3.177014 7.061493 0.382351 0.676411 0.443496 0.470918 -0.352159
1403637162.688318967819214 3.227328 7.058773 0.383601 0.672079 0.440358 0.477439 -0.355593
1403637162.738318920135498 3.290039 7.063557 0.388398 0.668458 0.432966 0.484728 -0.361583
1403637162.788319110870361 3.360441 7.068723 0.394659 0.667065 0.424980 0.491444 -0.364553
1403637162.838319063186646 3.417464 7.059452 0.395510 0.668209 0.418687 0.497276 -0.361821
1403637162.888319015502930 3.483118 7.052623 0.396515 0.670680 0.411409 0.503174 -0.357419
1403637162.938318967819214 3.539279 7.038025 0.393011 0.673702 0.404485 0.510077 -0.349770
1403637162.988318920135498 3.596063 7.021311 0.388633 0.677742 0.397376 0.516684 -0.340288
1403637163.038319110870361 3.657320 7.003297 0.382987 0.682961 0.388854 0.522815 -0.330183
1403637163.088319063186646 3.713078 6.981382 0.375549 0.688677 0.379041 0.529313 -0.319186
1403637163.138319015502930 3.769398 6.959671 0.367418 0.694196 0.368521 0.536803 -0.306800
1403637163.188318967819214 3.827853 6.936532 0.357286 0.700591 0.356554 0.543145 -0.295016
1403637163.238318920135498 3.876385 6.908731 0.346889 0.706134 0.343993 0.550382 -0.283060
1403637163.288319110870361 3.941441 6.889704 0.332597 0.711895 0.331340 0.556183 -0.272175
1403637163.338319063186646 4.001339 6.869600 0.318510 0.717855 0.317850 0.560761 -0.263064
1403637163.388319015502930 4.052779 6.841347 0.304650 0.724348 0.304218 0.563416 -0.255605
1403637163.438318967819214 4.102058 6.810310 0.291627 0.731382 0.290785 0.564436 -0.248870
1403637163.488318920135498 4.156805 6.777656 0.276147 0.738621 0.278140 0.563659 -0.243651
1403637163.538319110870361 4.217456 6.744072 0.262910 0.746463 0.267617 0.560762 -0.238161
1403637163.588319063186646 4.268869 6.705890 0.250200 0.754712 0.258266 0.555617 -0.234515
1403637163.638319015502930 4.316489 6.664170 0.238256 0.763276 0.251455 0.548964 -0.229824
1403637163.688318967819214 4.360758 6.619493 0.229809 0.769868 0.245226 0.543565 -0.227385
1403637163.738318920135498 4.400329 6.570722 0.225107 0.776452 0.239582 0.537206 -0.226123
1403637163.788319110870361 4.441743 6.520383 0.223530 0.780462 0.235757 0.533792 -0.224418
1403637163.838319063186646 4.485812 6.468378 0.223636 0.783884 0.231585 0.530202 -0.225346
1403637163.888319015502930 4.531691 6.413955 0.227988 0.786220 0.227008 0.527581 -0.227999
1403637163.938318967819214 4.578532 6.357860 0.235233 0.786616 0.223363 0.527468 -0.230480
1403637163.988318920135498 4.625422 6.296694 0.245217 0.786164 0.220824 0.528457 -0.232197
1403637164.038319110870361 4.674185 6.237865 0.256966 0.785513 0.220546 0.529388 -0.232545
1403637164.088319063186646 4.724756 6.177046 0.270401 0.783626 0.220641 0.532001 -0.232858
1403637164.138319015502930 4.774561 6.111506 0.286840 0.781693 0.222032 0.534377 -0.232594
1403637164.188318967819214 4.827064 6.043808 0.303708 0.779494 0.224103 0.537070 -0.231783
1403637164.238318920135498 4.879658 5.974103 0.320980 0.778354 0.227454 0.538232 -0.229644
1403637164.288319110870361 4.936522 5.900656 0.339905 0.775613 0.232971 0.541764 -0.225035
1403637164.338319063186646 4.991497 5.827432 0.357226 0.774950 0.238417 0.542070 -0.220839
1403637164.388319015502930 5.039370 5.747893 0.377037 0.774877 0.242348 0.541231 -0.218867
1403637164.438318967819214 5.097326 5.667600 0.388744 0.775832 0.245769 0.538950 -0.217292
1403637164.488318920135498 5.151987 5.589801 0.401154 0.777326 0.246455 0.535409 -0.219913
1403637164.538319110870361 5.204340 5.508197 0.410680 0.778372 0.245083 0.532340 -0.225133
1403637164.588319063186646 5.255557 5.427321 0.419979 0.779352 0.245144 0.529201 -0.229046
1403637164.638319015502930 5.311309 5.344642 0.426801 0.780215 0.245091 0.526467 -0.232437
1403637164.688318967819214 5.369395 5.254616 0.430553 0.780099 0.247920 0.525682 -0.231605
1403637164.738318920135498 5.430541 5.163584 0.436066 0.778038 0.252304 0.528253 -0.227922
1403637164.788319110870361 5.492524 5.077109 0.438507 0.774661 0.256148 0.533732 -0.222303
1403637164.838319063186646 5.554799 4.984401 0.441027 0.771924 0.257647 0.538881 -0.217621
1403637164.888319015502930 5.619001 4.891098 0.441748 0.770213 0.257966 0.543621 -0.211429
1403637164.938318967819214 5.681668 4.800180 0.440644 0.769720 0.256055 0.547145 -0.206398
1403637164.988318920135498 5.744593 4.696733 0.438568 0.770588 0.252267 0.549433 -0.201688
1403637165.038319110870361 5.807163 4.601543 0.435710 0.771386 0.247504 0.552355 -0.196494
1403637165.088319063186646 5.869380 4.520598 0.432148 0.771861 0.240882 0.556130 -0.192160
1403637165.138319015502930 5.931732 4.436299 0.427656 0.771187 0.232725 0.562076 -0.187563
1403637165.188318967819214 5.992887 4.343367 0.423817 0.772345 0.224975 0.566096 -0.180016
1403637165.238318920135498 6.053817 4.247502 0.419980 0.774451 0.216249 0.568866 -0.172779
1403637165.288319110870361 6.114112 4.142069 0.416985 0.778414 0.207741 0.569293 -0.163773
1403637165.338319063186646 6.172021 4.040551 0.415470 0.784178 0.199398 0.566733 -0.155304
1403637165.388319015502930 6.228783 3.953846 0.416266 0.789641 0.192374 0.563793 -0.146961
1403637165.438318967819214 6.286352 3.866378 0.418751 0.795225 0.185714 0.559825 -0.140438
1403637165.488318920135498 6.344112 3.775632 0.424092 0.799010 0.179873 0.557540 -0.135562
1403637165.538319110870361 6.403517 3.689863 0.431040 0.801119 0.176112 0.557265 -0.129029
1403637165.588319063186646 6.456609 3.604126 0.441243 0.803559 0.172554 0.556086 -0.123638
1403637165.638319015502930 6.506054 3.519405 0.453316 0.804295 0.172659 0.556962 -0.114424
1403637165.688318967819214 6.560834 3.433630 0.463231 0.804335 0.173421 0.558299 -0.106169
1403637165.738318920135498 6.614122 3.352129 0.472234 0.804007 0.175113 0.559708 -0.098157
1403637165.788319110870361 6.666861 3.271931 0.480092 0.803485 0.177668 0.560985 -0.090227
1403637165.838319063186646 6.711514 3.194857 0.488690 0.802748 0.180405 0.562327 -0.082693
1403637165.888319015502930 6.760589 3.119755 0.493233 0.801951 0.184075 0.562982 -0.077725
1403637165.938318967819214 6.805637 3.046147 0.498387 0.800532 0.189458 0.563741 -0.073824
1403637165.988318920135498 6.848023 2.977513 0.501744 0.799133 0.196108 0.563816 -0.070983
1403637166.038319110870361 6.889668 2.909037 0.504167 0.797664 0.202787 0.563623 -0.070274
1403637166.088319063186646 6.928744 2.843752 0.503696 0.796447 0.209176 0.563199 -0.068736
1403637166.138319015502930 6.968463 2.784942 0.497420 0.795104 0.214212 0.563145 -0.069214
1403637166.188318967819214 7.003608 2.733220 0.487234 0.794149 0.218752 0.562691 -0.069664
1403637166.238318920135498 7.032281 2.701395 0.470484 0.791629 0.221355 0.564742 -0.073429
1403637166.288319110870361 7.062927 2.665316 0.452988 0.788527 0.221992 0.568014 -0.079410
1403637166.338319063186646 7.078190 2.658540 0.433996 0.780721 0.223214 0.577206 -0.086513
1403637166.388319015502930 7.096019 2.643532 0.416369 0.770453 0.223159 0.589249 -0.096896
1403637166.438318967819214 7.123245 2.608943 0.406088 0.761739 0.223551 0.598587 -0.107105
1403637166.488318920135498 7.137910 2.587131 0.392709 0.756061 0.225910 0.603749 -0.113243
1403637166.538319110870361 7.149420 2.564529 0.382225 0.753755 0.228175 0.604849 -0.118100
1403637166.588319063186646 7.164063 2.525045 0.381452 0.755938 0.231925 0.600480 -0.119129
1403637166.638319015502930 7.179339 2.479896 0.378045 0.761327 0.235913 0.592210 -0.118383
1403637166.688318967819214 7.175544 2.458064 0.374884 0.769677 0.240412 0.580130 -0.115105
1403637166.738318920135498 7.175613 2.436698 0.367740 0.774612 0.247005 0.571831 -0.109426
1403637166.788319110870361 7.179809 2.412795 0.361337 0.777839 0.253361 0.565603 -0.104246
1403637166.838319063186646 7.173536 2.409580 0.352842 0.778174 0.260316 0.563111 -0.097913
1403637166.888319015502930 7.174640 2.393087 0.344716 0.775757 0.267377 0.564222 -0.091459
1403637166.938318967819214 7.168934 2.387924 0.333766 0.771901 0.274317 0.567142 -0.085257
1403637166.988318920135498 7.163629 2.382131 0.322830 0.766160 0.279835 0.572928 -0.080282
1403637167.038319110870361 7.156847 2.375451 0.317549 0.760589 0.285541 0.578193 -0.075256
1403637167.088319063186646 7.139024 2.378020 0.318880 0.754833 0.290768 0.583618 -0.071208
1403637167.138319015502930 7.114973 2.388294 0.323104 0.749260 0.294987 0.589087 -0.067599
1403637167.188318967819214 7.079571 2.410129 0.336795 0.744128 0.298144 0.594280 -0.064921
1403637167.238318920135498 7.043861 2.433061 0.353755 0.740840 0.300286 0.597547 -0.062623
1403637167.288319110870361 7.008480 2.456605 0.367229 0.739718 0.300903 0.598723 -0.061693
1403637167.338319063186646 6.971154 2.491380 0.377614 0.741192 0.300034 0.597334 -0.061690
1403637167.388319015502930 6.918843 2.528790 0.403701 0.745725 0.297274 0.592894 -0.063242
1403637167.438318967819214 6.880629 2.558615 0.403334 0.753382 0.291545 0.585148 -0.070850
1403637167.488318920135498 6.840315 2.597678 0.397637 0.761252 0.282763 0.577522 -0.083715
1403637167.538319110870361 6.795941 2.640366 0.392961 0.769741 0.272938 0.568675 -0.098042
1403637167.588319063186646 6.751335 2.684233 0.381018 0.776419 0.262930 0.561575 -0.112585
1403637167.638319015502930 6.704888 2.727241 0.365641 0.781259 0.253853 0.556098 -0.126287
1403637167.688318967819214 6.653099 2.768020 0.358432 0.784514 0.248432 0.551572 -0.136341
1403637167.738318920135498 6.600074 2.807429 0.347303 0.786894 0.247007 0.547120 -0.142988
1403637167.788319110870361 6.547115 2.850992 0.332591 0.788948 0.248483 0.542095 -0.148157
1403637167.838319063186646 6.494690 2.895602 0.316092 0.790562 0.252461 0.536718 -0.152343
1403637167.888319015502930 6.442472 2.940408 0.300170 0.792029 0.258026 0.531260 -0.154517
1403637167.938318967819214 6.388118 2.982572 0.279390 0.792493 0.263730 0.527576 -0.155133
1403637167.988318920135498 6.332887 3.024267 0.258989 0.790936 0.271014 0.526872 -0.152897
1403637168.038319110870361 6.278116 3.067622 0.239407 0.788642 0.277428 0.527400 -0.151414
1403637168.088319063186646 6.227653 3.115048 0.229950 0.787404 0.281236 0.526743 -0.153115
1403637168.138319015502930 6.176286 3.160627 0.212523 0.788079 0.281517 0.524187 -0.157824
1403637168.188318967819214 6.125015 3.205943 0.188555 0.787932 0.281493 0.523228 -0.161733
1403637168.238318920135498 6.072718 3.251131 0.159128 0.785789 0.281454 0.525438 -0.165028
1403637168.288319110870361 6.024653 3.299594 0.132200 0.783269 0.282173 0.528293 -0.166660
1403637168.338319063186646 5.974740 3.346233 0.104713 0.779456 0.282534 0.533366 -0.167758
1403637168.388319015502930 5.926181 3.395252 0.079524 0.774389 0.282771 0.540110 -0.169246
1403637168.438318967819214 5.875800 3.443140 0.052237 0.769579 0.282825 0.546562 -0.170374
1403637168.488318920135498 5.825634 3.491359 0.023771 0.765813 0.280397 0.551695 -0.174759
1403637168.538319110870361 5.774217 3.540041 -0.000987 0.764648 0.278410 0.553544 -0.177172
1403637168.588319063186646 5.722193 3.589522 -0.025977 0.766386 0.277235 0.551203 -0.178800
1403637168.638319015502930 5.669043 3.636495 -0.055202 0.768321 0.276805 0.548763 -0.178666
1403637168.688318967819214 5.619791 3.688848 -0.075889 0.770605 0.277566 0.545789 -0.176746
1403637168.738318920135498 5.568752 3.737085 -0.102825 0.772256 0.278508 0.543588 -0.174832
1403637168.788319110870361 5.520002 3.788235 -0.124128 0.774137 0.277471 0.541389 -0.174987
1403637168.838319063186646 5.471782 3.839399 -0.145704 0.774628 0.278820 0.541059 -0.171659
1403637168.888319015502930 5.424638 3.892019 -0.163649 0.774901 0.280261 0.540674 -0.169277
1403637168.938318967819214 5.375540 3.943568 -0.185630 0.775025 0.281792 0.540919 -0.165335
1403637168.988318920135498 5.326441 3.995233 -0.206708 0.775224 0.282168 0.541085 -0.163203
1403637169.038319110870361 5.276937 4.046698 -0.233157 0.774380 0.283776 0.542446 -0.159873
1403637169.088319063186646 5.228960 4.101355 -0.253309 0.773225 0.286897 0.543708 -0.155548
1403637169.138319015502930 5.178067 4.154445 -0.277505 0.771276 0.289199 0.545170 -0.155844
1403637169.188318967819214 5.127062 4.210957 -0.293518 0.768583 0.293259 0.546394 -0.157265
1403637169.238318920135498 5.072974 4.266880 -0.317333 0.765123 0.298153 0.547450 -0.161214
1403637169.288319110870361 5.017023 4.325256 -0.331350 0.761349 0.303777 0.547714 -0.167562
1403637169.338319063186646 4.958190 4.385026 -0.348914 0.757217 0.309972 0.547522 -0.175385
1403637169.388319015502930 4.902545 4.444570 -0.353510 0.752743 0.317919 0.546628 -0.183041
1403637169.438318967819214 4.840866 4.504664 -0.362864 0.747706 0.327454 0.545198 -0.190968
1403637169.488318920135498 4.777536 4.567328 -0.372007 0.741809 0.337214 0.544118 -0.199856
1403637169.538319110870361 4.716721 4.631137 -0.376672 0.734480 0.349491 0.543418 -0.207586
1403637169.588319063186646 4.659278 4.694589 -0.374096 0.726686 0.361822 0.542071 -0.217188
1403637169.638319015502930 4.593169 4.759514 -0.377792 0.716763 0.376434 0.542426 -0.224328
1403637169.688318967819214 4.533800 4.823931 -0.373100 0.708635 0.388877 0.539782 -0.235046
1403637169.738318920135498 4.463898 4.888755 -0.378437 0.700957 0.401616 0.536122 -0.244822
1403637169.788319110870361 4.397233 4.950789 -0.377077 0.693900 0.413625 0.531714 -0.254357
1403637169.838319063186646 4.329872 5.014543 -0.376518 0.686590 0.425191 0.527674 -0.263375
1403637169.888319015502930 4.260611 5.077437 -0.380703 0.678418 0.437798 0.525235 -0.268721
1403637169.938318967819214 4.191176 5.137261 -0.386162 0.670362 0.448645 0.522647 -0.275994
1403637169.988318920135498 4.116381 5.197859 -0.389134 0.662126 0.459387 0.520927 -0.281403
1403637170.038319110870361 4.041752 5.255729 -0.394645 0.655175 0.469232 0.517623 -0.287461
1403637170.088319063186646 3.962145 5.311671 -0.399872 0.648749 0.478895 0.513542 -0.293357
1403637170.138319015502930 3.886132 5.362675 -0.409395 0.641381 0.487667 0.510183 -0.300873
1403637170.188318967819214 3.809077 5.414716 -0.420811 0.633721 0.496181 0.506920 -0.308601
1403637170.238318920135498 3.723477 5.473183 -0.431702 0.626112 0.505152 0.503598 -0.314952
1403637170.288319110870361 3.645927 5.518837 -0.444745 0.617760 0.514275 0.500660 -0.321300
1403637170.338319063186646 3.561870 5.572148 -0.458188 0.609777 0.521559 0.496448 -0.331191
1403637170.388319015502930 3.471271 5.628248 -0.473650 0.603318 0.526897 0.489337 -0.344872
1403637170.438318967819214 3.385563 5.675389 -0.489259 0.596080 0.530547 0.482106 -0.361639
1403637170.488318920135498 3.299126 5.723358 -0.505792 0.588591 0.533561 0.474106 -0.379601
1403637170.538319110870361 3.206039 5.775885 -0.524093 0.579487 0.536773 0.467477 -0.396907
1403637170.588319063186646 3.115559 5.821389 -0.543108 0.569275 0.539633 0.461636 -0.414263
1403637170.638319015502930 3.015834 5.871716 -0.563833 0.558908 0.543975 0.455339 -0.429394
1403637170.688318967819214 2.915288 5.914689 -0.584721 0.547241 0.548740 0.450400 -0.443342
1403637170.738318920135498 2.812630 5.962071 -0.608002 0.536006 0.555346 0.444539 -0.454613
1403637170.788319110870361 2.724181 5.986617 -0.627210 0.526065 0.562996 0.435254 -0.465665
1403637170.838319063186646 2.626774 6.018700 -0.648746 0.517891 0.573998 0.424694 -0.471116
1403637170.888319015502930 2.532935 6.046130 -0.668184 0.508054 0.585076 0.413950 -0.477716
1403637170.938318967819214 2.433195 6.074125 -0.686674 0.498542 0.597292 0.402972 -0.481987
1403637170.988318920135498 2.339656 6.095595 -0.702316 0.489439 0.609229 0.391154 -0.486095
1403637171.038319110870361 2.265999 6.102518 -0.713494 0.480053 0.619145 0.379330 -0.492257
1403637171.088319063186646 2.179804 6.115917 -0.721977 0.472126 0.628374 0.366311 -0.498056
1403637171.138319015502930 2.101068 6.116674 -0.726192 0.463771 0.638002 0.356093 -0.501066
1403637171.188318967819214 2.019939 6.117078 -0.731519 0.455954 0.644952 0.347776 -0.505167
1403637171.238318920135498 1.935828 6.124500 -0.732447 0.449708 0.648774 0.340559 -0.510758
1403637171.288319110870361 1.861558 6.117753 -0.734147 0.442396 0.652046 0.336690 -0.515521
1403637171.338319063186646 1.776887 6.122465 -0.735058 0.435586 0.655097 0.335213 -0.518407
1403637171.388319015502930 1.686947 6.124852 -0.745137 0.428350 0.658720 0.336552 -0.518977
1403637171.438318967819214 1.596211 6.123527 -0.749608 0.421538 0.661990 0.339900 -0.518212
1403637171.488318920135498 1.500332 6.117090 -0.759846 0.417145 0.665036 0.341001 -0.517142
1403637171.538319110870361 1.412772 6.101037 -0.769295 0.413720 0.667300 0.341993 -0.516321
1403637171.588319063186646 1.326598 6.087206 -0.775807 0.411492 0.668880 0.343117 -0.515310
1403637171.638319015502930 1.244772 6.070189 -0.779251 0.408948 0.670241 0.345990 -0.513643
1403637171.688318967819214 1.158754 6.053499 -0.784813 0.408042 0.670499 0.348321 -0.512451
1403637171.738318920135498 1.073117 6.036963 -0.790920 0.407572 0.670043 0.351092 -0.511528
1403637171.788319110870361 0.992716 6.015415 -0.795229 0.407312 0.669430 0.354185 -0.510406
1403637171.838319063186646 0.910091 5.991255 -0.800037 0.407063 0.668579 0.357955 -0.509087
1403637171.888319015502930 0.832496 5.961350 -0.806139 0.407319 0.667204 0.360754 -0.508711
1403637171.938318967819214 0.744989 5.925115 -0.810188 0.408381 0.666153 0.362760 -0.507809
1403637171.988318920135498 0.658013 5.885528 -0.816077 0.408812 0.664472 0.365573 -0.507647
1403637172.038319110870361 0.561125 5.838838 -0.820493 0.409986 0.663266 0.367848 -0.506634
1403637172.088319063186646 0.467895 5.788262 -0.826809 0.410637 0.661784 0.370126 -0.506386
1403637172.138319015502930 0.370156 5.733657 -0.834922 0.414333 0.660300 0.368013 -0.506851
1403637172.188318967819214 0.280249 5.663347 -0.836849 0.420342 0.658878 0.362607 -0.507649
1403637172.238318920135498 0.187587 5.594171 -0.842841 0.428857 0.659310 0.352727 -0.506929
1403637172.288319110870361 0.105812 5.529130 -0.850049 0.438024 0.659257 0.341788 -0.506652
1403637172.338319063186646 0.019113 5.465169 -0.855438 0.446246 0.658769 0.332770 -0.506115
1403637172.388319015502930 -0.053871 5.398866 -0.858435 0.453608 0.657792 0.324192 -0.506408
1403637172.438318967819214 -0.123675 5.329458 -0.858189 0.459788 0.656689 0.317339 -0.506607
1403637172.488318920135498 -0.191095 5.256751 -0.856436 0.465909 0.655309 0.310336 -0.507140
1403637172.538319110870361 -0.255590 5.181965 -0.851224 0.469625 0.653779 0.306321 -0.508127
1403637172.588319063186646 -0.318736 5.104835 -0.844738 0.472608 0.652675 0.303576 -0.508427
1403637172.638319015502930 -0.379539 5.026341 -0.835556 0.475057 0.651586 0.301297 -0.508897
1403637172.688318967819214 -0.445321 4.948178 -0.823848 0.477899 0.651403 0.298386 -0.508185
1403637172.738318920135498 -0.498787 4.874316 -0.807115 0.480451 0.651483 0.296669 -0.506680
1403637172.788319110870361 -0.537801 4.802396 -0.786579 0.484962 0.652348 0.294335 -0.502614
1403637172.838319063186646 -0.576084 4.730247 -0.768486 0.491883 0.654027 0.290757 -0.495742
1403637172.888319015502930 -0.607293 4.660703 -0.750585 0.500271 0.657196 0.286886 -0.485303
1403637172.938318967819214 -0.648775 4.591268 -0.742105 0.509153 0.660198 0.283243 -0.473999
1403637172.988318920135498 -0.687052 4.522940 -0.736810 0.517565 0.662532 0.279467 -0.463762
1403637173.038319110870361 -0.718786 4.461296 -0.734541 0.525459 0.664166 0.275635 -0.454755
1403637173.088319063186646 -0.749892 4.408693 -0.737567 0.532389 0.663492 0.275163 -0.447912
1403637173.138319015502930 -0.777914 4.354841 -0.741843 0.540776 0.661127 0.274592 -0.441670
1403637173.188318967819214 -0.805403 4.309055 -0.751947 0.549537 0.656009 0.276149 -0.437497
1403637173.238318920135498 -0.833711 4.263284 -0.762936 0.557352 0.649191 0.281555 -0.434324
1403637173.288319110870361 -0.859329 4.224882 -0.775206 0.564781 0.640003 0.289172 -0.433357
1403637173.338319063186646 -0.880061 4.193470 -0.786738 0.571107 0.630399 0.299130 -0.432383
1403637173.388319015502930 -0.898989 4.165836 -0.797570 0.578027 0.620245 0.307888 -0.431725
1403637173.438318967819214 -0.919752 4.136731 -0.809189 0.584851 0.610327 0.316540 -0.430410
1403637173.488318920135498 -0.932413 4.113590 -0.818519 0.591963 0.600742 0.324613 -0.428153
1403637173.538319110870361 -0.942445 4.097026 -0.829326 0.599418 0.591003 0.331309 -0.426203
1403637173.588319063186646 -0.952359 4.078699 -0.841281 0.608015 0.580937 0.336006 -0.424182
1403637173.638319015502930 -0.958814 4.069029 -0.854876 0.617922 0.570036 0.338010 -0.423060
1403637173.688318967819214 -0.963073 4.059814 -0.869641 0.627928 0.559913 0.339092 -0.420974
1403637173.738318920135498 -0.965973 4.051914 -0.886704 0.638258 0.550366 0.339275 -0.417871
1403637173.788319110870361 -0.959634 4.049516 -0.903840 0.648284 0.542540 0.338731 -0.413084
1403637173.838319063186646 -0.957857 4.033235 -0.924135 0.659025 0.535563 0.336216 -0.407207
1403637173.888319015502930 -0.953351 4.028025 -0.945336 0.668421 0.530833 0.334851 -0.399130
1403637173.938318967819214 -0.942954 4.027027 -0.964772 0.673926 0.530319 0.337422 -0.388242
1403637173.988318920135498 -0.921138 4.030016 -0.979658 0.674171 0.531215 0.346205 -0.378743
1403637174.038319110870361 -0.893741 4.036577 -0.991131 0.668764 0.533412 0.361884 -0.370495
1403637174.088319063186646 -0.858539 4.048605 -0.995865 0.661120 0.532354 0.379074 -0.368540
1403637174.138319015502930 -0.823399 4.063933 -0.997965 0.651218 0.529448 0.397912 -0.370495
1403637174.188318967819214 -0.783402 4.078000 -0.993742 0.642255 0.524492 0.413246 -0.376356
1403637174.238318920135498 -0.743621 4.092432 -0.985959 0.634621 0.518896 0.425339 -0.383524
1403637174.288319110870361 -0.704503 4.105782 -0.976267 0.629929 0.513019 0.432589 -0.390983
1403637174.338319063186646 -0.666943 4.116885 -0.967512 0.628769 0.510025 0.433652 -0.395563
1403637174.388319015502930 -0.626692 4.126183 -0.956528 0.629012 0.506669 0.432741 -0.400457
1403637174.438318967819214 -0.586198 4.136364 -0.944270 0.631547 0.501520 0.428861 -0.407068
1403637174.488318920135498 -0.545942 4.146697 -0.930606 0.635034 0.493724 0.425142 -0.414997
1403637174.538319110870361 -0.502708 4.155463 -0.914564 0.637825 0.488609 0.424640 -0.417280
1403637174.588319063186646 -0.457105 4.162468 -0.896998 0.641753 0.483111 0.425042 -0.417249
1403637174.638319015502930 -0.409342 4.167342 -0.879461 0.643634 0.479733 0.431073 -0.412029
1403637174.688318967819214 -0.359321 4.171438 -0.862400 0.644933 0.474508 0.440621 -0.405902
1403637174.738318920135498 -0.306923 4.172903 -0.846736 0.646724 0.468704 0.451228 -0.398068
1403637174.788319110870361 -0.253064 4.172763 -0.832421 0.648681 0.462067 0.462669 -0.389415
1403637174.838319063186646 -0.198912 4.170584 -0.820645 0.654763 0.455354 0.468965 -0.379487
1403637174.888319015502930 -0.143070 4.164944 -0.812082 0.664296 0.447576 0.470384 -0.370306
1403637174.938318967819214 -0.085865 4.156612 -0.804803 0.674408 0.439057 0.471083 -0.361226
1403637174.988318920135498 -0.031163 4.149184 -0.797820 0.682903 0.430709 0.473544 -0.351978
1403637175.038319110870361 0.023373 4.140487 -0.792265 0.689744 0.422273 0.476180 -0.345240
1403637175.088319063186646 0.077894 4.131421 -0.786849 0.693429 0.413739 0.481528 -0.340745
1403637175.138319015502930 0.132919 4.122064 -0.782240 0.695224 0.404673 0.487825 -0.339012
1403637175.188318967819214 0.187474 4.111310 -0.777886 0.696152 0.395160 0.493735 -0.339774
1403637175.238318920135498 0.242993 4.097884 -0.774606 0.695651 0.385696 0.500506 -0.341762
1403637175.288319110870361 0.296810 4.082979 -0.771181 0.693988 0.377780 0.507818 -0.343196
1403637175.338319063186646 0.350900 4.065437 -0.768633 0.692027 0.371936 0.514912 -0.342971
1403637175.388319015502930 0.405369 4.045032 -0.766944 0.690729 0.367340 0.519789 -0.343182
1403637175.438318967819214 0.460505 4.021333 -0.767127 0.692313 0.363916 0.519622 -0.343889
1403637175.488318920135498 0.517128 3.993189 -0.768362 0.696428 0.361625 0.515803 -0.343748
1403637175.538319110870361 0.576298 3.960407 -0.771035 0.701414 0.360547 0.509610 -0.343980
1403637175.588319063186646 0.636170 3.926421 -0.775509 0.706294 0.360729 0.502982 -0.343559
1403637175.638319015502930 0.697443 3.889150 -0.779523 0.711755 0.362794 0.495445 -0.341056
1403637175.688318967819214 0.759123 3.850912 -0.782799 0.715192 0.364393 0.490442 -0.339389
1403637175.738318920135498 0.822591 3.810084 -0.783440 0.717748 0.365537 0.486236 -0.338814
1403637175.788319110870361 0.887589 3.767576 -0.782005 0.718446 0.368216 0.484922 -0.336308
1403637175.838319063186646 0.955789 3.723293 -0.778755 0.717152 0.371487 0.486443 -0.333261
1403637175.888319015502930 1.025706 3.676188 -0.772241 0.714951 0.375901 0.489652 -0.328305
1403637175.938318967819214 1.096011 3.629758 -0.764209 0.711095 0.379911 0.494684 -0.324499
1403637175.988318920135498 1.166900 3.581332 -0.752621 0.706920 0.381871 0.499904 -0.323319
1403637176.038319110870361 1.237242 3.532074 -0.739392 0.703158 0.380914 0.504042 -0.326211
1403637176.088319063186646 1.309254 3.480201 -0.725130 0.698942 0.380368 0.508562 -0.328883
1403637176.138319015502930 1.378941 3.428044 -0.709923 0.694871 0.381355 0.512969 -0.329524
1403637176.188318967819214 1.450701 3.372633 -0.697362 0.691292 0.381483 0.516478 -0.331414
1403637176.238318920135498 1.522723 3.314059 -0.685996 0.688653 0.381552 0.519758 -0.331703
1403637176.288319110870361 1.595881 3.251996 -0.675891 0.687976 0.380635 0.521513 -0.331406
1403637176.338319063186646 1.667327 3.189298 -0.668795 0.688219 0.378898 0.522410 -0.331480
1403637176.388319015502930 1.739005 3.122567 -0.662497 0.688602 0.378982 0.523235 -0.329280
1403637176.438318967819214 1.809818 3.054556 -0.657447 0.690834 0.378677 0.521831 -0.327175
1403637176.488318920135498 1.877704 2.987253 -0.654109 0.693444 0.379448 0.521681 -0.320942
1403637176.538319110870361 1.946965 2.914100 -0.650521 0.697229 0.377672 0.520927 -0.316024
1403637176.588319063186646 2.014643 2.841251 -0.647894 0.702001 0.373649 0.519632 -0.312352
1403637176.638319015502930 2.080480 2.768218 -0.646713 0.707432 0.369885 0.517594 -0.307929
1403637176.688318967819214 2.144933 2.694963 -0.646243 0.712434 0.366582 0.515883 -0.303184
1403637176.738318920135498 2.211140 2.618838 -0.647182 0.717566 0.363310 0.513235 -0.299491
1403637176.788319110870361 2.275500 2.543453 -0.648881 0.721321 0.360778 0.511904 -0.295785
1403637176.838319063186646 2.339108 2.467543 -0.651101 0.724999 0.358697 0.510417 -0.291869
1403637176.888319015502930 2.402579 2.391826 -0.654813 0.729467 0.357812 0.506976 -0.287790
1403637176.938318967819214 2.463899 2.317998 -0.658983 0.733080 0.357862 0.504212 -0.283370
1403637176.988318920135498 2.533373 2.234828 -0.664075 0.737216 0.358927 0.500081 -0.278574
1403637177.038319110870361 2.594949 2.161056 -0.670653 0.742568 0.359879 0.493849 -0.274214
1403637177.088319063186646 2.657699 2.088715 -0.678706 0.748794 0.363039 0.485626 -0.267726
1403637177.138319015502930 2.723502 2.016235 -0.687971 0.755239 0.364993 0.476677 -0.263010
1403637177.188318967819214 2.784481 1.948969 -0.698303 0.760532 0.366747 0.469352 -0.258452
1403637177.238318920135498 2.850656 1.879815 -0.709475 0.764559 0.368352 0.463516 -0.254794
1403637177.288319110870361 2.920342 1.810107 -0.721447 0.767082 0.369085 0.459887 -0.252717
1403637177.338319063186646 2.985809 1.749782 -0.735425 0.769380 0.369989 0.456612 -0.250336
1403637177.388319015502930 3.061541 1.679583 -0.749128 0.770219 0.371364 0.455596 -0.247554
1403637177.438318967819214 3.137502 1.615156 -0.763693 0.769574 0.374935 0.456616 -0.242244
1403637177.488318920135498 3.216132 1.553226 -0.779169 0.769033 0.378363 0.458367 -0.235223
1403637177.538319110870361 3.292888 1.501883 -0.794526 0.768077 0.380069 0.461576 -0.229247
1403637177.588319063186646 3.367469 1.457586 -0.808271 0.765720 0.383780 0.466556 -0.220708
1403637177.638319015502930 3.445107 1.420402 -0.819465 0.762237 0.386671 0.472727 -0.214499
1403637177.688318967819214 3.515824 1.392744 -0.827017 0.758416 0.388480 0.479576 -0.209512
1403637177.738318920135498 3.584232 1.379822 -0.832042 0.754230 0.390464 0.486548 -0.204808
1403637177.788319110870361 3.653487 1.360303 -0.834984 0.751624 0.388007 0.492899 -0.203872
1403637177.838319063186646 3.721215 1.348352 -0.838917 0.753339 0.382379 0.494467 -0.204376
1403637177.888319015502930 3.783840 1.338441 -0.842975 0.755838 0.375374 0.496522 -0.203147
1403637177.938318967819214 3.841740 1.334481 -0.847969 0.758730 0.367854 0.499201 -0.199525
1403637177.988318920135498 3.900010 1.332064 -0.854841 0.761160 0.362064 0.502843 -0.191558
1403637178.038319110870361 3.955115 1.332335 -0.862005 0.761861 0.357736 0.509265 -0.179564
1403637178.088319063186646 4.015554 1.336562 -0.870847 0.761254 0.354804 0.517011 -0.165243
1403637178.138319015502930 4.081367 1.341790 -0.881394 0.762660 0.349585 0.521756 -0.154632
1403637178.188318967819214 4.143035 1.350246 -0.892018 0.763990 0.345019 0.525818 -0.144207
1403637178.238318920135498 4.194789 1.363719 -0.899888 0.763018 0.341039 0.532119 -0.135445
1403637178.288319110870361 4.248859 1.381025 -0.905708 0.760704 0.338260 0.538899 -0.128437
1403637178.338319063186646 4.302824 1.406801 -0.910537 0.757000 0.336254 0.546819 -0.121954
1403637178.388319015502930 4.361736 1.431378 -0.913050 0.754600 0.336179 0.551759 -0.114561
1403637178.438318967819214 4.416708 1.459626 -0.912639 0.752244 0.335142 0.556491 -0.110125
1403637178.488318920135498 4.460959 1.496838 -0.910419 0.752203 0.333802 0.558004 -0.106763
1403637178.538319110870361 4.513683 1.528234 -0.907329 0.752774 0.331182 0.558756 -0.106969
1403637178.588319063186646 4.559236 1.566339 -0.904130 0.753340 0.328878 0.559239 -0.107566
1403637178.638319015502930 4.619783 1.598116 -0.902220 0.754904 0.323502 0.558797 -0.114944
1403637178.688318967819214 4.660028 1.636088 -0.902614 0.755735 0.317415 0.559303 -0.123665
1403637178.738318920135498 4.676171 1.683075 -0.901893 0.755418 0.309840 0.561734 -0.133414
1403637178.788319110870361 4.717852 1.731772 -0.902579 0.754147 0.303836 0.564177 -0.143699
1403637178.838319063186646 4.753543 1.781936 -0.904808 0.752676 0.298472 0.566737 -0.152323
1403637178.888319015502930 4.794130 1.834048 -0.907553 0.752872 0.292543 0.566685 -0.162696
1403637178.938318967819214 4.827639 1.888435 -0.912377 0.752778 0.287908 0.566726 -0.171045
1403637178.988318920135498 4.856768 1.942070 -0.918279 0.751784 0.284638 0.567794 -0.177237
1403637179.038319110870361 4.884163 1.995777 -0.925451 0.750775 0.282101 0.568640 -0.182769
1403637179.088319063186646 4.916723 2.052793 -0.931458 0.751824 0.282151 0.566599 -0.184707
1403637179.138319015502930 4.943426 2.106576 -0.942732 0.754379 0.283562 0.562541 -0.184535
1403637179.188318967819214 4.967981 2.162364 -0.954576 0.755916 0.284785 0.559691 -0.185025
1403637179.238318920135498 4.984870 2.213193 -0.968299 0.757602 0.287680 0.556534 -0.183166
1403637179.288319110870361 4.999988 2.265855 -0.974928 0.758468 0.290301 0.554636 -0.181193
1403637179.338319063186646 5.012516 2.317745 -0.974981 0.758512 0.292655 0.554068 -0.178943
1403637179.388319015502930 5.021754 2.369694 -0.971766 0.758944 0.294778 0.552812 -0.177505
1403637179.438318967819214 5.029943 2.422207 -0.963767 0.759113 0.296192 0.552054 -0.176788
1403637179.488318920135498 5.036552 2.475393 -0.954423 0.759604 0.296310 0.551077 -0.177527
1403637179.538319110870361 5.042255 2.529172 -0.945525 0.759444 0.296510 0.550954 -0.178261
1403637179.588319063186646 5.046612 2.582036 -0.936630 0.758801 0.296642 0.551818 -0.178102
1403637179.638319015502930 5.049969 2.635774 -0.930389 0.758669 0.296192 0.551860 -0.179285
1403637179.688318967819214 5.051704 2.690068 -0.929139 0.757680 0.296331 0.553424 -0.178412
1403637179.738318920135498 5.055010 2.747007 -0.932434 0.756645 0.297559 0.555015 -0.175799
1403637179.788319110870361 5.058121 2.806045 -0.942728 0.755218 0.300773 0.557093 -0.169787
1403637179.838319063186646 5.065153 2.872325 -0.957170 0.752216 0.305278 0.560936 -0.162259
1403637179.888319015502930 5.066869 2.937989 -0.978182 0.748578 0.309321 0.565611 -0.155037
1403637179.938318967819214 5.065637 3.004932 -1.004011 0.745421 0.311935 0.569534 -0.150580
1403637179.988318920135498 5.064453 3.079277 -1.030637 0.744661 0.312852 0.570313 -0.149488
1403637180.038319110870361 5.056155 3.150134 -1.061240 0.746812 0.310412 0.567913 -0.152940
1403637180.088319063186646 5.041861 3.220227 -1.091111 0.749627 0.307661 0.564403 -0.157648
1403637180.138319015502930 5.023842 3.285357 -1.122481 0.752284 0.303561 0.561055 -0.164730
1403637180.188318967819214 5.007197 3.362273 -1.149128 0.755762 0.300195 0.556344 -0.170844
1403637180.238318920135498 4.987108 3.435674 -1.174144 0.757873 0.297657 0.553194 -0.176082
1403637180.288319110870361 4.964320 3.506271 -1.198245 0.760198 0.295604 0.549573 -0.180794
1403637180.338319063186646 4.939146 3.577080 -1.218296 0.761732 0.294421 0.547042 -0.183916
1403637180.388319015502930 4.908944 3.644479 -1.236661 0.766465 0.293665 0.540273 -0.185465
1403637180.438318967819214 4.877321 3.710819 -1.252181 0.771738 0.294582 0.532723 -0.183977
1403637180.488318920135498 4.846843 3.778527 -1.265867 0.778044 0.295591 0.523661 -0.181804
1403637180.538319110870361 4.811320 3.843374 -1.279082 0.782329 0.296178 0.517705 -0.179502
1403637180.588319063186646 4.768434 3.906446 -1.291646 0.783993 0.296566 0.516213 -0.175864
1403637180.638319015502930 4.730651 3.974436 -1.300781 0.780139 0.299458 0.522482 -0.169472
1403637180.688318967819214 4.697831 4.045590 -1.304109 0.774999 0.300366 0.530336 -0.167034
1403637180.738318920135498 4.669457 4.118660 -1.303537 0.771902 0.299361 0.535324 -0.167268
1403637180.788319110870361 4.637897 4.192026 -1.302406 0.768073 0.298939 0.541580 -0.165498
1403637180.838319063186646 4.607330 4.265508 -1.297229 0.765857 0.299378 0.545481 -0.162132
1403637180.888319015502930 4.575718 4.341396 -1.291440 0.762226 0.301779 0.551158 -0.155454
1403637180.938318967819214 4.541192 4.419280 -1.285706 0.760567 0.303077 0.554268 -0.149899
1403637180.988318920135498 4.503335 4.497387 -1.277610 0.758676 0.304350 0.557837 -0.143528
1403637181.038319110870361 4.465297 4.574763 -1.264803 0.757585 0.306059 0.560055 -0.136860
1403637181.088319063186646 4.420895 4.654060 -1.251325 0.758084 0.303898 0.560792 -0.135894
1403637181.138319015502930 4.371552 4.737507 -1.238580 0.759840 0.298557 0.560421 -0.139408
1403637181.188318967819214 4.324759 4.821436 -1.222976 0.762517 0.291823 0.558568 -0.146318
1403637181.238318920135498 4.277851 4.910703 -1.208352 0.763654 0.285001 0.558580 -0.153605
1403637181.288319110870361 4.231509 4.997328 -1.190031 0.764166 0.278811 0.559049 -0.160558
1403637181.338319063186646 4.184760 5.080549 -1.167051 0.763023 0.274785 0.561526 -0.164247
1403637181.388319015502930 4.134266 5.164575 -1.143364 0.760828 0.272730 0.565353 -0.164727
1403637181.438318967819214 4.081798 5.242482 -1.115163 0.759513 0.271903 0.567831 -0.163633
1403637181.488318920135498 4.028109 5.321769 -1.087404 0.760311 0.272020 0.567467 -0.160979
1403637181.538319110870361 3.972988 5.393301 -1.055807 0.762343 0.271759 0.565588 -0.158399
1403637181.588319063186646 3.913567 5.474885 -1.027758 0.764655 0.270284 0.563578 -0.156935
1403637181.638319015502930 3.853487 5.555485 -0.997320 0.767098 0.269167 0.561419 -0.154658
1403637181.688318967819214 3.793378 5.631200 -0.962854 0.768683 0.267175 0.560270 -0.154407
1403637181.738318920135498 3.733085 5.706076 -0.928497 0.770742 0.263727 0.558584 -0.156165
1403637181.788319110870361 3.669236 5.787879 -0.897914 0.771133 0.259494 0.559357 -0.158543
1403637181.838319063186646 3.609144 5.863675 -0.865921 0.771202 0.256191 0.560033 -0.161173
1403637181.888319015502930 3.548653 5.938278 -0.835737 0.771404 0.253750 0.560382 -0.162845
1403637181.938318967819214 3.486903 6.016228 -0.809078 0.772018 0.252129 0.560036 -0.163645
1403637181.988318920135498 3.422363 6.090527 -0.784011 0.771629 0.250872 0.561011 -0.164066
1403637182.038319110870361 3.356583 6.164228 -0.761628 0.770407 0.249824 0.562955 -0.164750
1403637182.088319063186646 3.291449 6.236379 -0.738677 0.767473 0.248423 0.567078 -0.166412
1403637182.138319015502930 3.229839 6.301530 -0.711684 0.766037 0.246732 0.568795 -0.169658
1403637182.188318967819214 3.163827 6.371438 -0.692026 0.764347 0.243452 0.570829 -0.175098
1403637182.238318920135498 3.099275 6.438375 -0.670123 0.762752 0.240381 0.572419 -0.181006
1403637182.288319110870361 3.034019 6.504143 -0.651689 0.761463 0.237214 0.573412 -0.187355
1403637182.338319063186646 2.969037 6.573688 -0.633745 0.759745 0.234897 0.574865 -0.192723
1403637182.388319015502930 2.903956 6.639786 -0.618229 0.757773 0.233805 0.576848 -0.195862
1403637182.438318967819214 2.838658 6.705036 -0.603490 0.755257 0.231686 0.579203 -0.201078
1403637182.488318920135498 2.772242 6.768615 -0.585371 0.750856 0.233628 0.584740 -0.199282
1403637182.538319110870361 2.704545 6.819429 -0.566125 0.748169 0.236035 0.587713 -0.197797
1403637182.588319063186646 2.634049 6.871954 -0.544713 0.745851 0.238577 0.590527 -0.195102
1403637182.638319015502930 2.564260 6.919763 -0.519636 0.745374 0.240497 0.590927 -0.193348
1403637182.688318967819214 2.491214 6.965185 -0.495332 0.745950 0.240734 0.589939 -0.193852
1403637182.738318920135498 2.414773 7.011829 -0.471031 0.745834 0.239631 0.589727 -0.196291
1403637182.788319110870361 2.336047 7.055879 -0.449975 0.747113 0.237636 0.588051 -0.198864
1403637182.838319063186646 2.255813 7.097321 -0.429767 0.748318 0.234702 0.586548 -0.202230
1403637182.888319015502930 2.177664 7.130159 -0.410915 0.749068 0.232278 0.585733 -0.204600
1403637182.938318967819214 2.099385 7.158246 -0.394824 0.749552 0.228664 0.585215 -0.208344
1403637182.988318920135498 2.020839 7.182854 -0.379920 0.750544 0.224765 0.583913 -0.212628
1403637183.038319110870361 1.934932 7.217750 -0.369119 0.751687 0.220421 0.582422 -0.217177
1403637183.088319063186646 1.855151 7.236549 -0.363578 0.752175 0.216711 0.581536 -0.221550
1403637183.138319015502930 1.778203 7.250066 -0.363802 0.753328 0.213413 0.579618 -0.225820
1403637183.188318967819214 1.701411 7.259169 -0.368188 0.754103 0.211358 0.578328 -0.228460
1403637183.238318920135498 1.627316 7.262184 -0.376034 0.755104 0.209399 0.576676 -0.231118
1403637183.288319110870361 1.536455 7.279532 -0.381568 0.756138 0.208098 0.575305 -0.232324
1403637183.338319063186646 1.461641 7.279578 -0.392345 0.757351 0.206221 0.573538 -0.234404
1403637183.388319015502930 1.383450 7.278889 -0.403677 0.758467 0.204668 0.571953 -0.236026
1403637183.438318967819214 1.303319 7.274231 -0.414447 0.758550 0.203770 0.571997 -0.236428
1403637183.488318920135498 1.229119 7.261039 -0.426522 0.758474 0.203061 0.572192 -0.236813
1403637183.538319110870361 1.152030 7.245526 -0.438964 0.759574 0.201605 0.570465 -0.238688
1403637183.588319063186646 1.072634 7.227603 -0.452191 0.759939 0.200440 0.569703 -0.240324
1403637183.638319015502930 0.996989 7.205986 -0.466849 0.760327 0.198545 0.568897 -0.242570
1403637183.688318967819214 0.915194 7.185253 -0.480633 0.760468 0.196947 0.568730 -0.243816
1403637183.738318920135498 0.836147 7.158454 -0.494451 0.762726 0.195003 0.565405 -0.246047
1403637183.788319110870361 0.758993 7.122526 -0.509228 0.766161 0.193106 0.559876 -0.249492
1403637183.838319063186646 0.685396 7.081131 -0.522552 0.769707 0.191666 0.554300 -0.252126
1403637183.888319015502930 0.617017 7.035879 -0.533798 0.773012 0.189759 0.549004 -0.255025
1403637183.938318967819214 0.547108 6.986272 -0.542942 0.775877 0.187774 0.544323 -0.257813
1403637183.988318920135498 0.481898 6.932075 -0.549767 0.778910 0.186321 0.539524 -0.259803
1403637184.038319110870361 0.414449 6.875031 -0.554226 0.781354 0.184808 0.535587 -0.261683
1403637184.088319063186646 0.348399 6.813735 -0.556342 0.782809 0.184171 0.533575 -0.261896
1403637184.138319015502930 0.284016 6.748047 -0.555984 0.783650 0.185245 0.533005 -0.259772
1403637184.188318967819214 0.222135 6.679234 -0.554450 0.784507 0.187295 0.532547 -0.256638
1403637184.238318920135498 0.157539 6.609285 -0.552440 0.783823 0.191443 0.535168 -0.250133
1403637184.288319110870361 0.102710 6.532800 -0.552359 0.783515 0.198379 0.537491 -0.240527
1403637184.338319063186646 0.050874 6.452601 -0.555026 0.783465 0.206002 0.539331 -0.229932
1403637184.388319015502930 -0.001663 6.371143 -0.563012 0.784275 0.213301 0.539431 -0.220069
1403637184.438318967819214 -0.050930 6.290590 -0.574400 0.785543 0.219618 0.538375 -0.211762
1403637184.488318920135498 -0.099773 6.207121 -0.586405 0.788054 0.224568 0.534910 -0.205939
1403637184.538319110870361 -0.145550 6.125778 -0.600284 0.790693 0.228611 0.531145 -0.201064
1403637184.588319063186646 -0.191554 6.042138 -0.615087 0.794254 0.232153 0.525818 -0.196931
1403637184.638319015502930 -0.236588 5.957811 -0.631650 0.797015 0.235302 0.521405 -0.193743
1403637184.688318967819214 -0.279150 5.875862 -0.647918 0.799739 0.237451 0.517042 -0.191578
1403637184.738318920135498 -0.322415 5.791221 -0.666082 0.802488 0.238923 0.512448 -0.190594
1403637184.788319110870361 -0.369566 5.708655 -0.684050 0.804500 0.240615 0.509148 -0.188818
1403637184.838319063186646 -0.408673 5.629074 -0.698447 0.806056 0.241988 0.506569 -0.187359
1403637184.888319015502930 -0.446888 5.546476 -0.711050 0.806971 0.242631 0.505024 -0.186757
1403637184.938318967819214 -0.480268 5.465746 -0.719546 0.807341 0.245222 0.504136 -0.184154
1403637184.988318920135498 -0.510770 5.385219 -0.726333 0.808607 0.244753 0.501872 -0.185406
1403637185.038319110870361 -0.538766 5.300918 -0.733049 0.809101 0.247377 0.500679 -0.182979
1403637185.088319063186646 -0.571899 5.213063 -0.740380 0.809413 0.248387 0.499648 -0.183047
1403637185.138319015502930 -0.591930 5.132340 -0.741413 0.810102 0.247738 0.498552 -0.183865
1403637185.188318967819214 -0.611380 5.051437 -0.741680 0.810050 0.248470 0.498474 -0.183315
1403637185.238318920135498 -0.625432 4.973907 -0.738647 0.810814 0.249445 0.497133 -0.182255
1403637185.288319110870361 -0.637160 4.896046 -0.734805 0.812133 0.250679 0.494969 -0.180569
1403637185.338319063186646 -0.671050 4.795397 -0.740826 0.812546 0.253999 0.493474 -0.178148
1403637185.388319015502930 -0.679906 4.715471 -0.733036 0.813522 0.257406 0.491695 -0.173665
1403637185.438318967819214 -0.687757 4.632557 -0.722359 0.814602 0.260152 0.489626 -0.170326
1403637185.488318920135498 -0.690784 4.552666 -0.707851 0.814474 0.262598 0.489504 -0.167512
1403637185.538319110870361 -0.688281 4.482520 -0.692540 0.813745 0.262795 0.491064 -0.166173
1403637185.588319063186646 -0.686569 4.415433 -0.671454 0.811727 0.261375 0.494783 -0.167249
1403637185.638319015502930 -0.677618 4.356555 -0.646603 0.807783 0.258949 0.501563 -0.169902
1403637185.688318967819214 -0.661678 4.314290 -0.617016 0.803027 0.255988 0.510001 -0.171805
1403637185.738318920135498 -0.645006 4.272012 -0.589471 0.798505 0.253696 0.517668 -0.173342
1403637185.788319110870361 -0.622410 4.240756 -0.560295 0.794846 0.253341 0.524024 -0.171571
1403637185.838319063186646 -0.603828 4.198441 -0.537261 0.792545 0.253706 0.527967 -0.169581
1403637185.888319015502930 -0.586099 4.155427 -0.516534 0.789868 0.253648 0.532236 -0.168808
1403637185.938318967819214 -0.567520 4.106805 -0.499122 0.788276 0.252897 0.534942 -0.168823
1403637185.988318920135498 -0.550782 4.062927 -0.482195 0.786097 0.251625 0.538343 -0.170067
1403637186.038319110870361 -0.533327 4.019614 -0.466404 0.784015 0.250070 0.541626 -0.171546
1403637186.088319063186646 -0.516865 3.980373 -0.449427 0.782446 0.249090 0.544211 -0.171952
1403637186.138319015502930 -0.501065 3.944287 -0.431038 0.781842 0.248104 0.545392 -0.172382
1403637186.188318967819214 -0.487245 3.912403 -0.410227 0.781683 0.247098 0.546115 -0.172254
1403637186.238318920135498 -0.471705 3.881290 -0.388284 0.782378 0.246978 0.545508 -0.171195
1403637186.288319110870361 -0.454803 3.848937 -0.364971 0.782603 0.247287 0.545419 -0.170001
1403637186.338319063186646 -0.438161 3.813911 -0.339350 0.781069 0.246305 0.547914 -0.170456
1403637186.388319015502930 -0.421408 3.783501 -0.311751 0.780678 0.244690 0.548917 -0.171346
1403637186.438318967819214 -0.405436 3.753712 -0.282305 0.780612 0.242399 0.549350 -0.173502
1403637186.488318920135498 -0.389605 3.725494 -0.251653 0.780990 0.239655 0.549268 -0.175854
1403637186.538319110870361 -0.371883 3.698301 -0.219737 0.781145 0.236442 0.549316 -0.179330
1403637186.588319063186646 -0.356212 3.669936 -0.187936 0.781101 0.234747 0.549799 -0.180267
1403637186.638319015502930 -0.337842 3.640959 -0.157197 0.781697 0.233588 0.549289 -0.180746
1403637186.688318967819214 -0.322287 3.609300 -0.128353 0.782944 0.232086 0.547965 -0.181299
1403637186.738318920135498 -0.304484 3.582514 -0.100550 0.785875 0.230220 0.544181 -0.182390
1403637186.788319110870361 -0.289949 3.551536 -0.075621 0.788991 0.226993 0.540045 -0.185251
1403637186.838319063186646 -0.275483 3.516198 -0.054971 0.792205 0.222689 0.535395 -0.190190
1403637186.888319015502930 -0.258266 3.481523 -0.036597 0.795027 0.218367 0.531168 -0.195212
1403637186.938318967819214 -0.241300 3.443876 -0.020683 0.796912 0.213259 0.528139 -0.201300
1403637186.988318920135498 -0.223420 3.406348 -0.006627 0.798475 0.209397 0.525635 -0.205666
1403637187.038319110870361 -0.204128 3.365790 0.005559 0.798168 0.206013 0.525903 -0.209555
1403637187.088319063186646 -0.183501 3.323732 0.016743 0.796930 0.204388 0.527755 -0.211195
1403637187.138319015502930 -0.159670 3.278670 0.027051 0.795257 0.204816 0.530449 -0.210334
1403637187.188318967819214 -0.134383 3.231182 0.035930 0.794252 0.205842 0.533004 -0.206639
1403637187.238318920135498 -0.106222 3.179715 0.044117 0.795609 0.206805 0.532867 -0.200726
1403637187.288319110870361 -0.076577 3.125701 0.047760 0.798898 0.208968 0.530253 -0.192160
1403637187.338319063186646 -0.045431 3.072571 0.050394 0.802122 0.210944 0.527511 -0.183945
1403637187.388319015502930 -0.013251 3.018978 0.051745 0.804700 0.214124 0.525357 -0.174951
1403637187.438318967819214 0.021703 2.964916 0.052895 0.806846 0.216052 0.523586 -0.167866
1403637187.488318920135498 0.058708 2.910953 0.054175 0.808859 0.216725 0.521696 -0.163132
1403637187.538319110870361 0.096577 2.858227 0.054086 0.810825 0.216973 0.519666 -0.159478
1403637187.588319063186646 0.136325 2.805449 0.052477 0.812035 0.216553 0.518641 -0.157212
1403637187.638319015502930 0.179109 2.755183 0.051589 0.813477 0.215358 0.517062 -0.156598
1403637187.688318967819214 0.223207 2.705831 0.048120 0.814206 0.213707 0.516456 -0.157071
1403637187.738318920135498 0.268726 2.658489 0.044512 0.815517 0.212627 0.514857 -0.156983
1403637187.788319110870361 0.314978 2.612127 0.042801 0.816165 0.212139 0.514212 -0.156388
1403637187.838319063186646 0.365711 2.566113 0.039294 0.817927 0.211376 0.511591 -0.156811
1403637187.888319015502930 0.414180 2.524227 0.035710 0.818447 0.212306 0.511029 -0.154660
1403637187.938318967819214 0.467158 2.483104 0.029794 0.818203 0.214019 0.511526 -0.151920
1403637187.988318920135498 0.522651 2.443301 0.024636 0.817110 0.215043 0.513247 -0.150548
1403637188.038319110870361 0.580185 2.404002 0.018093 0.815560 0.216661 0.515710 -0.148200
1403637188.088319063186646 0.639031 2.365597 0.012759 0.814104 0.218128 0.517950 -0.146229
1403637188.138319015502930 0.698631 2.330059 0.006308 0.812002 0.219326 0.521108 -0.144898
1403637188.188318967819214 0.758412 2.296456 -0.000549 0.808290 0.222337 0.526714 -0.140730
1403637188.238318920135498 0.817944 2.266036 -0.007291 0.803370 0.225441 0.534025 -0.136348
1403637188.288319110870361 0.882044 2.234819 -0.014717 0.799544 0.226900 0.539505 -0.134837
1403637188.338319063186646 0.942711 2.209753 -0.023921 0.797449 0.226587 0.542742 -0.134775
1403637188.388319015502930 1.005747 2.181124 -0.032905 0.794559 0.224963 0.547002 -0.137317
1403637188.438318967819214 1.064122 2.158078 -0.043091 0.792452 0.223026 0.550214 -0.139800
1403637188.488318920135498 1.122651 2.138096 -0.055302 0.790608 0.220775 0.553369 -0.141352
1403637188.538319110870361 1.179452 2.122364 -0.069024 0.789677 0.216176 0.556031 -0.143206
1403637188.588319063186646 1.229783 2.107969 -0.083963 0.790346 0.210257 0.556990 -0.144597
1403637188.638319015502930 1.280539 2.097515 -0.101682 0.790748 0.203399 0.558853 -0.145016
1403637188.688318967819214 1.333957 2.080596 -0.119406 0.792561 0.193820 0.559031 -0.147532
1403637188.738318920135498 1.390848 2.060679 -0.137973 0.794238 0.183194 0.559679 -0.149616
1403637188.788319110870361 1.442274 2.044102 -0.159490 0.796667 0.171442 0.559327 -0.151929
1403637188.838319063186646 1.495309 2.021963 -0.180604 0.799298 0.160944 0.558725 -0.151808
1403637188.888319015502930 1.556658 1.987496 -0.197046 0.801717 0.152908 0.558038 -0.149875
1403637188.938318967819214 1.620892 1.958232 -0.215158 0.803840 0.147290 0.557200 -0.147223
1403637188.988318920135498 1.686566 1.928045 -0.231544 0.806409 0.145102 0.555626 -0.141170
1403637189.038319110870361 1.753094 1.886728 -0.244091 0.808888 0.145721 0.553877 -0.132989
1403637189.088319063186646 1.812963 1.851660 -0.256357 0.811762 0.146258 0.551209 -0.125774
1403637189.138319015502930 1.873269 1.815705 -0.267937 0.816276 0.147284 0.545724 -0.119101
1403637189.188318967819214 1.931502 1.782548 -0.280049 0.819884 0.146775 0.541218 -0.115461
1403637189.238318920135498 1.989016 1.751199 -0.295364 0.823280 0.145255 0.536806 -0.113799
1403637189.288319110870361 2.042518 1.723387 -0.314444 0.824749 0.142415 0.534957 -0.115449
1403637189.338319063186646 2.092531 1.699196 -0.336538 0.823838 0.138920 0.536562 -0.118713
1403637189.388319015502930 2.141526 1.675849 -0.358595 0.820612 0.136757 0.541574 -0.120795
1403637189.438318967819214 2.203384 1.641311 -0.378060 0.816118 0.135963 0.548122 -0.122587
1403637189.488318920135498 2.261679 1.611726 -0.397933 0.812255 0.135934 0.553670 -0.123345
1403637189.538319110870361 2.326105 1.579768 -0.415722 0.809349 0.138023 0.557658 -0.122155
1403637189.588319063186646 2.384772 1.547622 -0.430447 0.806877 0.140800 0.561035 -0.119850
1403637189.638319015502930 2.443616 1.519391 -0.443858 0.805338 0.143412 0.563080 -0.117493
1403637189.688318967819214 2.498041 1.488288 -0.454625 0.803250 0.145854 0.565848 -0.115462
1403637189.738318920135498 2.557361 1.454494 -0.463503 0.803945 0.147950 0.564515 -0.114484
1403637189.788319110870361 2.615624 1.420777 -0.469350 0.804778 0.149308 0.563080 -0.113929
1403637189.838319063186646 2.672747 1.386006 -0.474592 0.805555 0.151536 0.561825 -0.111672
1403637189.888319015502930 2.734170 1.347652 -0.476493 0.804814 0.152095 0.562714 -0.111779
1403637189.938318967819214 2.797908 1.306049 -0.475655 0.803822 0.151687 0.564002 -0.112977
1403637189.988318920135498 2.855395 1.269282 -0.470904 0.802792 0.152732 0.565445 -0.111669
1403637190.038319110870361 2.910343 1.232137 -0.464595 0.801337 0.152451 0.567592 -0.111611
1403637190.088319063186646 2.963177 1.200685 -0.456794 0.800051 0.152810 0.569540 -0.110416
1403637190.138319015502930 3.021959 1.164031 -0.448139 0.799585 0.152331 0.570246 -0.110812
1403637190.188318967819214 3.069821 1.133260 -0.436183 0.798707 0.152204 0.571673 -0.109959
1403637190.238318920135498 3.121149 1.102306 -0.423680 0.798415 0.150941 0.572151 -0.111328
1403637190.288319110870361 3.174313 1.065039 -0.410612 0.797876 0.150238 0.573120 -0.111155
1403637190.338319063186646 3.226772 1.031768 -0.396234 0.797983 0.149680 0.573108 -0.111204
1403637190.388319015502930 3.280784 0.995723 -0.380536 0.798319 0.148375 0.572817 -0.112042
1403637190.438318967819214 3.316779 0.973178 -0.361299 0.798495 0.146969 0.572725 -0.113105
1403637190.488318920135498 3.351973 0.950146 -0.342354 0.797801 0.146290 0.573891 -0.112972
1403637190.538319110870361 3.399468 0.916369 -0.325594 0.798002 0.146886 0.573872 -0.110855
1403637190.588319063186646 3.448505 0.879346 -0.310597 0.797494 0.148375 0.574637 -0.108539
1403637190.638319015502930 3.495510 0.843602 -0.295382 0.796801 0.152986 0.575022 -0.105132
1403637190.688318967819214 3.553048 0.803562 -0.283748 0.795799 0.158915 0.574982 -0.104142
1403637190.738318920135498 3.610775 0.762062 -0.276104 0.795579 0.163506 0.573262 -0.108118
1403637190.788319110870361 3.659655 0.727199 -0.268085 0.794787 0.167747 0.572174 -0.113098
1403637190.838319063186646 3.705555 0.693378 -0.262202 0.794206 0.171358 0.570734 -0.118901
1403637190.888319015502930 3.744395 0.662924 -0.257289 0.793570 0.173861 0.569576 -0.124910
1403637190.938318967819214 3.788695 0.628624 -0.253815 0.792718 0.176153 0.568837 -0.130354
1403637190.988318920135498 3.823609 0.598609 -0.252466 0.791766 0.178257 0.568546 -0.134485
1403637191.038319110870361 3.862932 0.564519 -0.251424 0.790887 0.180666 0.568256 -0.137636
1403637191.088319063186646 3.904323 0.528073 -0.252377 0.789859 0.182324 0.568409 -0.140681
1403637191.138319015502930 3.944642 0.491267 -0.253860 0.789214 0.183927 0.568281 -0.142719
1403637191.188318967819214 3.972368 0.462570 -0.256891 0.788398 0.185770 0.568719 -0.143095
1403637191.238318920135498 4.002559 0.434020 -0.261791 0.787994 0.186981 0.568846 -0.143241
1403637191.288319110870361 4.043313 0.398165 -0.267403 0.787623 0.188854 0.568837 -0.142857
1403637191.338319063186646 4.080951 0.360827 -0.272550 0.787110 0.189461 0.569246 -0.143254
1403637191.388319015502930 4.130120 0.318152 -0.277500 0.786164 0.191350 0.570367 -0.141467
1403637191.438318967819214 4.174948 0.279810 -0.283560 0.785591 0.192723 0.570968 -0.140358
1403637191.488318920135498 4.209708 0.242360 -0.286436 0.785409 0.192599 0.571324 -0.140097
1403637191.538319110870361 4.239149 0.203614 -0.285981 0.785151 0.194041 0.571990 -0.136798
1403637191.588319063186646 4.266120 0.174273 -0.287564 0.785289 0.195742 0.572173 -0.132757
1403637191.638319015502930 4.301878 0.138422 -0.284880 0.788087 0.197013 0.568642 -0.129422
1403637191.688318967819214 4.313790 0.112583 -0.284317 0.791804 0.197311 0.564096 -0.126138
1403637191.738318920135498 4.330763 0.084814 -0.280135 0.794924 0.197375 0.560075 -0.124320
1403637191.788319110870361 4.347481 0.056053 -0.277390 0.797779 0.197804 0.556484 -0.121439
1403637191.838319063186646 4.357861 0.030324 -0.271760 0.798125 0.200286 0.556333 -0.115654
1403637191.888319015502930 4.377838 0.002652 -0.262731 0.797956 0.203501 0.556645 -0.109541
1403637191.938318967819214 4.399107 -0.022060 -0.251135 0.797111 0.206688 0.557852 -0.103420
1403637191.988318920135498 4.424499 -0.045943 -0.236954 0.796689 0.209376 0.558299 -0.098747
1403637192.038319110870361 4.447424 -0.064730 -0.220860 0.798810 0.209445 0.555543 -0.096990
1403637192.088319063186646 4.466945 -0.086452 -0.204112 0.802340 0.208267 0.550923 -0.096741
1403637192.138319015502930 4.482469 -0.103795 -0.185334 0.805271 0.207777 0.546961 -0.095922
1403637192.188318967819214 4.494126 -0.113909 -0.164799 0.807364 0.207906 0.544088 -0.094377
1403637192.238318920135498 4.501588 -0.117447 -0.142018 0.808241 0.208888 0.542833 -0.091895
1403637192.288319110870361 4.498005 -0.112053 -0.116909 0.807877 0.211493 0.543206 -0.086788
1403637192.338319063186646 4.516711 -0.117334 -0.091866 0.806459 0.214258 0.544882 -0.082587
1403637192.388319015502930 4.528205 -0.113128 -0.066713 0.804742 0.215147 0.547268 -0.081237
1403637192.438318967819214 4.552847 -0.117600 -0.041206 0.805643 0.213570 0.546183 -0.083735
1403637192.488318920135498 4.561642 -0.113391 -0.019420 0.808689 0.209023 0.542648 -0.088681
1403637192.538319110870361 4.575523 -0.105163 -0.000778 0.811684 0.204560 0.538933 -0.094208
1403637192.588319063186646 4.585672 -0.093936 0.014959 0.814759 0.200208 0.534962 -0.099499
1403637192.638319015502930 4.596877 -0.078732 0.030104 0.817342 0.197178 0.531491 -0.102912
1403637192.688318967819214 4.612619 -0.067187 0.044544 0.819078 0.195092 0.529081 -0.105467
1403637192.738318920135498 4.624570 -0.051552 0.055923 0.819526 0.193722 0.528615 -0.106837
1403637192.788319110870361 4.643867 -0.038274 0.067362 0.819190 0.193462 0.529064 -0.107658
1403637192.838319063186646 4.660058 -0.022755 0.078650 0.817544 0.193527 0.531488 -0.108114
1403637192.888319015502930 4.681050 -0.004441 0.091137 0.815070 0.193619 0.535153 -0.108551
1403637192.938318967819214 4.701244 0.014863 0.106818 0.812972 0.192994 0.538217 -0.110238
1403637192.988318920135498 4.720312 0.035402 0.123737 0.810844 0.193084 0.541271 -0.110799
1403637193.038319110870361 4.746106 0.056931 0.143312 0.810190 0.191754 0.542177 -0.113434
1403637193.088319063186646 4.772164 0.079630 0.165440 0.811808 0.188423 0.539819 -0.118574
1403637193.138319015502930 4.801059 0.103375 0.186736 0.815763 0.182389 0.533959 -0.127093
1403637193.188318967819214 4.825919 0.127815 0.209003 0.820038 0.175721 0.527442 -0.135883
1403637193.238318920135498 4.855026 0.151059 0.231481 0.822929 0.171486 0.522891 -0.141300
1403637193.288319110870361 4.884145 0.172807 0.251771 0.824415 0.168799 0.520695 -0.143958
1403637193.338319063186646 4.917361 0.195472 0.268515 0.822680 0.172426 0.523829 -0.138094
1403637193.388319015502930 4.952761 0.220651 0.280848 0.819586 0.175983 0.528885 -0.132623
1403637193.438318967819214 4.991603 0.246163 0.290583 0.815986 0.179894 0.534561 -0.126684
1403637193.488318920135498 5.033941 0.273852 0.298906 0.813056 0.183812 0.538805 -0.121832
1403637193.538319110870361 5.072864 0.300570 0.308540 0.810611 0.187402 0.542326 -0.116935
1403637193.588319063186646 5.110974 0.328726 0.319245 0.809535 0.190517 0.543671 -0.113042
1403637193.638319015502930 5.149773 0.355258 0.332253 0.808612 0.192363 0.544946 -0.110349
1403637193.688318967819214 5.188586 0.384267 0.347239 0.808293 0.194032 0.545277 -0.108108
1403637193.738318920135498 5.233468 0.415924 0.363517 0.807591 0.196108 0.546004 -0.105913
1403637193.788319110870361 5.272767 0.446997 0.382485 0.807353 0.197033 0.546238 -0.104801
1403637193.838319063186646 5.308289 0.479962 0.401703 0.807392 0.198074 0.546026 -0.103637
1403637193.888319015502930 5.349116 0.515394 0.420427 0.807324 0.197905 0.546139 -0.103891
1403637193.938318967819214 5.393156 0.549935 0.438921 0.806066 0.197338 0.547933 -0.105285
1403637193.988318920135498 5.437391 0.587252 0.453899 0.803517 0.196997 0.551545 -0.106541
1403637194.038319110870361 5.479700 0.623752 0.464609 0.801056 0.196038 0.555164 -0.108032
1403637194.088319063186646 5.521686 0.660403 0.470448 0.799543 0.194904 0.557563 -0.108940
1403637194.138319015502930 5.562377 0.698779 0.472332 0.798548 0.194516 0.559110 -0.108995
1403637194.188318967819214 5.598188 0.737526 0.469834 0.798580 0.193652 0.559292 -0.109368
1403637194.238318920135498 5.631679 0.777155 0.463391 0.800047 0.192464 0.557473 -0.110031
1403637194.288319110870361 5.665337 0.816756 0.459760 0.800715 0.191706 0.556737 -0.110221
1403637194.338319063186646 5.699236 0.856972 0.458733 0.802190 0.191362 0.554850 -0.109607
1403637194.388319015502930 5.732067 0.897615 0.460009 0.803101 0.191319 0.553629 -0.109180
1403637194.438318967819214 5.765388 0.939703 0.462024 0.803669 0.191629 0.552964 -0.107818
1403637194.488318920135498 5.802834 0.984770 0.465213 0.804032 0.190341 0.552589 -0.109307
1403637194.538319110870361 5.841116 1.030167 0.473762 0.804777 0.190213 0.551598 -0.109054
1403637194.588319063186646 5.879354 1.076775 0.484132 0.805312 0.189805 0.550958 -0.109046
1403637194.638319015502930 5.918974 1.124828 0.495311 0.805743 0.190026 0.550470 -0.107936
1403637194.688318967819214 5.957959 1.173089 0.508381 0.807710 0.190062 0.547766 -0.106925
1403637194.738318920135498 5.996645 1.221942 0.522681 0.809825 0.189604 0.544894 -0.106413
1403637194.788319110870361 6.033271 1.271346 0.536568 0.811371 0.189243 0.542859 -0.105680
1403637194.838319063186646 6.072010 1.321984 0.550044 0.812553 0.188529 0.541359 -0.105575
1403637194.888319015502930 6.110695 1.373645 0.561419 0.813556 0.188124 0.540025 -0.105396
1403637194.938318967819214 6.152891 1.428427 0.569696 0.812269 0.186323 0.542159 -0.107545
1403637194.988318920135498 6.195432 1.484096 0.576276 0.809955 0.184780 0.545886 -0.108796
1403637195.038319110870361 6.239418 1.541326 0.582173 0.806607 0.184277 0.550878 -0.109365
1403637195.088319063186646 6.283925 1.599437 0.588200 0.803882 0.183448 0.554905 -0.110456
1403637195.138319015502930 6.322820 1.655082 0.589528 0.800929 0.182505 0.559370 -0.110952
1403637195.188318967819214 6.363282 1.712207 0.591504 0.798331 0.181903 0.563103 -0.111781
1403637195.238318920135498 6.398673 1.767264 0.589915 0.796299 0.181073 0.566146 -0.112244
1403637195.288319110870361 6.436086 1.823491 0.588078 0.794605 0.180819 0.568522 -0.112653
1403637195.338319063186646 6.471941 1.879751 0.586087 0.793373 0.179982 0.570290 -0.113731
1403637195.388319015502930 6.504556 1.934006 0.581471 0.792593 0.180681 0.571283 -0.113073
1403637195.438318967819214 6.537882 1.989316 0.578927 0.791891 0.180964 0.571683 -0.115497
1403637195.488318920135498 6.568172 2.044498 0.576285 0.791707 0.183324 0.570677 -0.117988
1403637195.538319110870361 6.600717 2.101730 0.575854 0.792183 0.186208 0.568452 -0.120969
1403637195.588319063186646 6.634750 2.160528 0.579322 0.791606 0.189786 0.567668 -0.122859
1403637195.638319015502930 6.666275 2.218527 0.584797 0.790728 0.192578 0.567426 -0.125262
1403637195.688318967819214 6.695914 2.275804 0.591111 0.789511 0.195038 0.567787 -0.127474
1403637195.738318920135498 6.726788 2.334223 0.600877 0.788165 0.197780 0.568510 -0.128354
1403637195.788319110870361 6.756234 2.392545 0.611315 0.788038 0.200847 0.567682 -0.128036
1403637195.838319063186646 6.787601 2.453153 0.622190 0.785541 0.205730 0.570099 -0.124849
1403637195.888319015502930 6.813819 2.510509 0.634616 0.784387 0.210455 0.570847 -0.120743
1403637195.938318967819214 6.838693 2.568993 0.646144 0.783013 0.214964 0.571929 -0.116531
1403637195.988318920135498 6.861038 2.627314 0.656659 0.780906 0.220236 0.574001 -0.110475
1403637196.038319110870361 6.879591 2.684626 0.663632 0.778105 0.224997 0.576958 -0.105112
1403637196.088319063186646 6.896063 2.743151 0.670285 0.773698 0.228997 0.582140 -0.100326
1403637196.138319015502930 6.907013 2.800293 0.673349 0.768302 0.232612 0.588586 -0.095758
1403637196.188318967819214 6.917522 2.860729 0.674136 0.762067 0.235678 0.596012 -0.092081
1403637196.238318920135498 6.917795 2.916412 0.673924 0.756322 0.236944 0.603053 -0.090338
1403637196.288319110870361 6.907449 2.966356 0.669886 0.751168 0.238150 0.609281 -0.088365
1403637196.338319063186646 6.889123 3.014232 0.662451 0.746783 0.239034 0.614659 -0.085863
1403637196.388319015502930 6.862056 3.057497 0.650093 0.743161 0.239469 0.619111 -0.084070
1403637196.438318967819214 6.837827 3.108645 0.639153 0.741163 0.239250 0.621669 -0.083451
1403637196.488318920135498 6.809306 3.160569 0.626128 0.741111 0.237850 0.622080 -0.084839
1403637196.538319110870361 6.775171 3.211938 0.611126 0.741819 0.236413 0.621652 -0.085799
1403637196.588319063186646 6.734445 3.260528 0.593676 0.742237 0.233787 0.621658 -0.089266
1403637196.638319015502930 6.690239 3.310172 0.575747 0.744443 0.231469 0.619608 -0.091174
1403637196.688318967819214 6.639052 3.355005 0.554580 0.745829 0.228597 0.618468 -0.094759
1403637196.738318920135498 6.590709 3.410548 0.536947 0.747175 0.225521 0.617406 -0.098389
1403637196.788319110870361 6.538189 3.464551 0.516064 0.749222 0.222580 0.615422 -0.101883
1403637196.838319063186646 6.491472 3.534200 0.499672 0.749639 0.222061 0.615163 -0.101513
1403637196.888319015502930 6.428778 3.578751 0.473478 0.747926 0.221556 0.617496 -0.101088
1403637196.938318967819214 6.382295 3.659783 0.457984 0.748049 0.219858 0.617592 -0.103278
1403637196.988318920135498 6.332760 3.741623 0.440482 0.749133 0.215647 0.616449 -0.110846
1403637197.038319110870361 6.278095 3.821137 0.422055 0.751348 0.213457 0.613096 -0.118430
1403637197.088319063186646 6.223903 3.910677 0.409046 0.753324 0.213849 0.609109 -0.125529
1403637197.138319015502930 6.164189 3.995488 0.395540 0.754457 0.216283 0.605250 -0.132998
1403637197.188318967819214 6.095753 4.075622 0.384849 0.756426 0.220460 0.599466 -0.140916
1403637197.238318920135498 6.036645 4.173674 0.375907 0.756178 0.228112 0.594939 -0.149018
1403637197.288319110870361 5.973406 4.275663 0.371880 0.757744 0.237129 0.587044 -0.158031
1403637197.338319063186646 5.897147 4.355338 0.365935 0.757765 0.247118 0.580294 -0.167284
1403637197.388319015502930 5.817108 4.428559 0.361677 0.755910 0.258247 0.574554 -0.178316
1403637197.438318967819214 5.736383 4.503787 0.361023 0.753798 0.271922 0.567512 -0.189148
1403637197.488318920135498 5.655239 4.581434 0.364467 0.750396 0.289579 0.560617 -0.196873
1403637197.538319110870361 5.571992 4.660284 0.368757 0.745538 0.307768 0.554022 -0.206183
1403637197.588319063186646 5.486242 4.734186 0.372882 0.739628 0.328245 0.547123 -0.214154
1403637197.638319015502930 5.398853 4.804383 0.381142 0.732296 0.347578 0.540911 -0.224381
1403637197.688318967819214 5.311904 4.873757 0.390297 0.723995 0.365529 0.535243 -0.236081
1403637197.738318920135498 5.225072 4.942985 0.402425 0.714810 0.384179 0.530306 -0.245417
1403637197.788319110870361 5.137754 5.008674 0.414799 0.704150 0.401731 0.526993 -0.255076
1403637197.838319063186646 5.047950 5.075347 0.428260 0.691883 0.419481 0.525363 -0.263299
1403637197.888319015502930 4.958435 5.137454 0.446051 0.681471 0.435976 0.521669 -0.270894
1403637197.938318967819214 4.868232 5.203639 0.463549 0.671787 0.450165 0.517779 -0.279211
1403637197.988318920135498 4.774820 5.266465 0.482259 0.662316 0.463560 0.514162 -0.286509
1403637198.038319110870361 4.682036 5.323151 0.505330 0.654009 0.474909 0.509699 -0.294856
1403637198.088319063186646 4.586059 5.381300 0.527992 0.645793 0.485394 0.505397 -0.303181
1403637198.138319015502930 4.489295 5.437539 0.552149 0.637801 0.495744 0.500939 -0.310657
1403637198.188318967819214 4.392386 5.492097 0.579871 0.631097 0.505149 0.495259 -0.318212
1403637198.238318920135498 4.293636 5.547637 0.607703 0.624097 0.515429 0.489689 -0.324099
1403637198.288319110870361 4.192858 5.596468 0.638966 0.614344 0.524702 0.487539 -0.331022
1403637198.338319063186646 4.091169 5.644014 0.669454 0.606423 0.533625 0.483648 -0.337017
1403637198.388319015502930 3.989226 5.690169 0.700029 0.595942 0.542310 0.483876 -0.341493
1403637198.438318967819214 3.886622 5.735651 0.729491 0.587737 0.548401 0.483957 -0.345842
1403637198.488318920135498 3.781951 5.784725 0.756185 0.580976 0.553592 0.484736 -0.347899
1403637198.538319110870361 3.675033 5.832493 0.779380 0.574727 0.557660 0.486513 -0.349298
1403637198.588319063186646 3.565307 5.881868 0.798155 0.569561 0.560760 0.488580 -0.349912
1403637198.638319015502930 3.449415 5.935561 0.811574 0.565721 0.563240 0.490454 -0.349536
1403637198.688318967819214 3.330819 5.985644 0.819446 0.564094 0.564015 0.490393 -0.350999
1403637198.738318920135498 3.208354 6.038536 0.820714 0.563379 0.564338 0.489855 -0.352375
1403637198.788319110870361 3.088170 6.086704 0.817121 0.562321 0.563486 0.490484 -0.354548
1403637198.838319063186646 2.956679 6.138964 0.810326 0.560604 0.560486 0.492467 -0.359244
1403637198.888319015502930 2.820183 6.195657 0.799207 0.559350 0.556493 0.494764 -0.364214
1403637198.938318967819214 2.678520 6.250949 0.786927 0.560619 0.550836 0.493666 -0.372263
1403637198.988318920135498 2.540930 6.303707 0.772817 0.560600 0.545441 0.492243 -0.381993
1403637199.038319110870361 2.386432 6.359856 0.760327 0.561462 0.542572 0.488062 -0.390093
1403637199.088319063186646 2.238214 6.407426 0.748523 0.562784 0.542433 0.481605 -0.396355
1403637199.138319015502930 2.100895 6.445225 0.738007 0.563496 0.544371 0.474639 -0.401062
1403637199.188318967819214 1.960743 6.478415 0.729244 0.563339 0.548031 0.467062 -0.405172
1403637199.238318920135498 1.833681 6.499571 0.722782 0.560624 0.552729 0.460844 -0.409651
1403637199.288319110870361 1.694835 6.519350 0.720254 0.555750 0.558651 0.456391 -0.413229
1403637199.338319063186646 1.563317 6.530514 0.719256 0.548901 0.564587 0.452238 -0.418844
1403637199.388319015502930 1.434525 6.536098 0.720020 0.541024 0.571805 0.448230 -0.423582
1403637199.438318967819214 1.301785 6.544331 0.721909 0.532304 0.579173 0.443445 -0.429614
1403637199.488318920135498 1.170693 6.544937 0.725210 0.523206 0.586787 0.438587 -0.435405
1403637199.538319110870361 1.033915 6.543218 0.729137 0.514794 0.594355 0.432208 -0.441504
1403637199.588319063186646 0.905788 6.539876 0.728433 0.505796 0.601041 0.426429 -0.448417
1403637199.638319015502930 0.763690 6.538555 0.726806 0.498235 0.605817 0.418445 -0.457877
1403637199.688318967819214 0.626449 6.533667 0.723307 0.490021 0.610050 0.410133 -0.468518
1403637199.738318920135498 0.472217 6.526426 0.719365 0.482334 0.614941 0.400386 -0.478427
1403637199.788319110870361 0.311493 6.520069 0.710116 0.475200 0.618621 0.387540 -0.491228
1403637199.838319063186646 0.196824 6.500091 0.697011 0.466677 0.621522 0.375188 -0.505131
1403637199.888319015502930 0.042124 6.482978 0.676360 0.457926 0.623773 0.360771 -0.520630
1403637199.938318967819214 -0.075227 6.456850 0.653501 0.448094 0.625429 0.347070 -0.536277
1403637199.988318920135498 -0.224676 6.433225 0.626441 0.435657 0.626222 0.334066 -0.553578
1403637200.038319110870361 -0.347046 6.408121 0.599197 0.422861 0.628012 0.321275 -0.568833
1403637200.088319063186646 -0.461737 6.378152 0.570462 0.407534 0.631641 0.310600 -0.581784
1403637200.138319015502930 -0.589535 6.337234 0.539373 0.390751 0.636133 0.300978 -0.593347
1403637200.188318967819214 -0.708370 6.300888 0.504735 0.375590 0.645865 0.291337 -0.597423
1403637200.238318920135498 -0.821605 6.264057 0.470642 0.361807 0.656427 0.281678 -0.599047
1403637200.288319110870361 -0.954543 6.217337 0.431865 0.346517 0.670900 0.278052 -0.593722
1403637200.338319063186646 -1.064676 6.156542 0.394573 0.334252 0.687011 0.273666 -0.584293
1403637200.388319015502930 -1.140627 6.107969 0.363639 0.326383 0.700885 0.267861 -0.574878
1403637200.438318967819214 -1.208822 6.054424 0.336071 0.321677 0.713654 0.260979 -0.564900
1403637200.488318920135498 -1.277355 6.001304 0.311209 0.318518 0.724467 0.255765 -0.555228
1403637200.538319110870361 -1.320590 5.942583 0.288794 0.319284 0.730169 0.245712 -0.551848
1403637200.588319063186646 -1.378873 5.885225 0.266373 0.320640 0.732230 0.237611 -0.551879
1403637200.638319015502930 -1.432213 5.824845 0.247625 0.322351 0.733792 0.231431 -0.551434
1403637200.688318967819214 -1.486063 5.764310 0.229024 0.324178 0.734185 0.227648 -0.551414
1403637200.738318920135498 -1.538574 5.695629 0.215901 0.326706 0.734545 0.223985 -0.550942
1403637200.788319110870361 -1.591823 5.633991 0.202642 0.330748 0.731979 0.221120 -0.553099
1403637200.838319063186646 -1.653283 5.576685 0.190903 0.336216 0.728161 0.219751 -0.555383
1403637200.888319015502930 -1.711441 5.518469 0.183451 0.340670 0.725077 0.220914 -0.556242
1403637200.938318967819214 -1.765168 5.462296 0.177830 0.344657 0.723208 0.223159 -0.555321
1403637200.988318920135498 -1.819070 5.403025 0.172670 0.348281 0.721819 0.225894 -0.553760
1403637201.038319110870361 -1.872071 5.355006 0.164040 0.351694 0.719723 0.229981 -0.552648
1403637201.088319063186646 -1.915359 5.301096 0.165251 0.355085 0.718702 0.232884 -0.550588
1403637201.138319015502930 -1.963249 5.249597 0.162242 0.358133 0.717983 0.236624 -0.547951
1403637201.188318967819214 -2.010838 5.198829 0.159239 0.362195 0.715926 0.238217 -0.547282
1403637201.238318920135498 -2.058622 5.144381 0.157892 0.366991 0.714928 0.237931 -0.545514
1403637201.288319110870361 -2.106454 5.083901 0.155441 0.374186 0.711682 0.234982 -0.546148
1403637201.338319063186646 -2.152442 5.026898 0.153105 0.384563 0.707148 0.228843 -0.547434
1403637201.388319015502930 -2.196821 4.972979 0.148445 0.395855 0.703422 0.223473 -0.546403
1403637201.438318967819214 -2.230636 4.921955 0.148480 0.408023 0.699808 0.217699 -0.544420
1403637201.488318920135498 -2.266238 4.877082 0.142275 0.420126 0.695969 0.213210 -0.541907
1403637201.538319110870361 -2.292024 4.837416 0.138900 0.431382 0.692057 0.209210 -0.539628
1403637201.588319063186646 -2.322305 4.796318 0.129777 0.440397 0.687936 0.206828 -0.538533
1403637201.638319015502930 -2.344324 4.748474 0.123268 0.447624 0.684359 0.204696 -0.537946
1403637201.688318967819214 -2.366496 4.707252 0.114692 0.452402 0.680573 0.205809 -0.538327
1403637201.738318920135498 -2.380843 4.664527 0.107406 0.452624 0.678079 0.212040 -0.538868
1403637201.788319110870361 -2.392271 4.627263 0.098934 0.450975 0.676949 0.220168 -0.538412
1403637201.838319063186646 -2.394138 4.590851 0.094705 0.450224 0.675737 0.225337 -0.538425
1403637201.888319015502930 -2.392072 4.553427 0.092049 0.448870 0.675174 0.230059 -0.538264
1403637201.938318967819214 -2.386162 4.513508 0.091458 0.448188 0.675183 0.232453 -0.537793
1403637201.988318920135498 -2.367481 4.484756 0.095209 0.449649 0.676187 0.230093 -0.536325
1403637202.038319110870361 -2.351607 4.449302 0.096749 0.452037 0.677468 0.225317 -0.534726
1403637202.088319063186646 -2.335399 4.418072 0.097464 0.455034 0.679848 0.218918 -0.531813
1403637202.138319015502930 -2.317293 4.386301 0.098416 0.456987 0.684062 0.213772 -0.526805
1403637202.188318967819214 -2.296347 4.350926 0.101458 0.455901 0.689916 0.213455 -0.520199
1403637202.238318920135498 -2.273615 4.323230 0.104404 0.451146 0.697175 0.219533 -0.512073
1403637202.288319110870361 -2.242945 4.305487 0.108946 0.445129 0.705139 0.227155 -0.503031
1403637202.338319063186646 -2.209090 4.294921 0.113791 0.439991 0.711656 0.233575 -0.495375
1403637202.388319015502930 -2.171953 4.269450 0.115957 0.434526 0.716882 0.239395 -0.489854
1403637202.438318967819214 -2.134838 4.252921 0.117196 0.430489 0.719631 0.243993 -0.487112
1403637202.488318920135498 -2.096669 4.244104 0.118817 0.427247 0.719793 0.247647 -0.487881
1403637202.538319110870361 -2.059254 4.238643 0.119453 0.424342 0.718852 0.250874 -0.490150
1403637202.588319063186646 -2.021074 4.236019 0.123615 0.422440 0.716578 0.252915 -0.494059
1403637202.638319015502930 -1.988540 4.255605 0.131560 0.420450 0.713682 0.256872 -0.497892
1403637202.688318967819214 -1.954104 4.270385 0.138626 0.418114 0.711908 0.260750 -0.500377
1403637202.738318920135498 -1.917932 4.282607 0.149670 0.415533 0.710222 0.264190 -0.503111
1403637202.788319110870361 -1.882635 4.291647 0.157952 0.411809 0.710582 0.269587 -0.502802
1403637202.838319063186646 -1.844846 4.300776 0.169922 0.408710 0.711206 0.274703 -0.501677
1403637202.888319015502930 -1.808419 4.311022 0.178972 0.405574 0.712306 0.279559 -0.499977
1403637202.938318967819214 -1.771078 4.318889 0.187745 0.402873 0.713404 0.283614 -0.498309
1403637202.988318920135498 -1.733291 4.324530 0.193710 0.400933 0.714237 0.286814 -0.496846
1403637203.038319110870361 -1.696493 4.330500 0.198833 0.399868 0.714556 0.288533 -0.496250
1403637203.088319063186646 -1.660704 4.337169 0.202175 0.399821 0.714384 0.289017 -0.496254
1403637203.138319015502930 -1.626449 4.343670 0.203363 0.400680 0.713389 0.288058 -0.497548
1403637203.188318967819214 -1.592644 4.351226 0.207892 0.400055 0.714127 0.289814 -0.495971
1403637203.238318920135498 -1.559938 4.357299 0.208209 0.399992 0.713421 0.290828 -0.496444
1403637203.288319110870361 -1.528860 4.364250 0.208236 0.399675 0.713300 0.292006 -0.496181
1403637203.338319063186646 -1.498853 4.370547 0.207443 0.399592 0.712957 0.292413 -0.496501
1403637203.388319015502930 -1.471027 4.381236 0.206524 0.400797 0.712379 0.291991 -0.496608
1403637203.438318967819214 -1.441501 4.387639 0.204386 0.400574 0.712777 0.292989 -0.495627
1403637203.488318920135498 -1.414594 4.395833 0.203674 0.401061 0.712637 0.293116 -0.495360
1403637203.538319110870361 -1.388453 4.402674 0.197804 0.400521 0.712287 0.294259 -0.495622
1403637203.588319063186646 -1.362336 4.408021 0.193982 0.399924 0.712241 0.295889 -0.495201
1403637203.638319015502930 -1.338719 4.415208 0.187506 0.399158 0.712542 0.298152 -0.494027
1403637203.688318967819214 -1.314203 4.417879 0.181234 0.399539 0.712214 0.297827 -0.494386
1403637203.738318920135498 -1.290993 4.419994 0.172700 0.399733 0.711391 0.298146 -0.495223
1403637203.788319110870361 -1.268160 4.420650 0.161518 0.399715 0.711240 0.298090 -0.495488
1403637203.838319063186646 -1.246032 4.421757 0.152792 0.400236 0.710923 0.297738 -0.495733
1403637203.888319015502930 -1.225456 4.421585 0.140325 0.399672 0.710701 0.298327 -0.496153
1403637203.938318967819214 -1.207027 4.423532 0.129825 0.399847 0.710398 0.298850 -0.496131
1403637203.988318920135498 -1.189237 4.424616 0.112820 0.399960 0.710297 0.299350 -0.495882
1403637204.038319110870361 -1.171050 4.423925 0.097861 0.399929 0.710304 0.300110 -0.495438
1403637204.088319063186646 -1.152403 4.422343 0.085370 0.400665 0.709836 0.299578 -0.495836
1403637204.138319015502930 -1.136577 4.421635 0.073932 0.400490 0.709753 0.300240 -0.495697
1403637204.188318967819214 -1.121488 4.420766 0.065052 0.401189 0.709744 0.299860 -0.495373
1403637204.238318920135498 -1.105388 4.416507 0.057361 0.400778 0.709674 0.300760 -0.495261
1403637204.288319110870361 -1.086904 4.407658 0.052073 0.401798 0.709986 0.299404 -0.494809
1403637204.338319063186646 -1.070098 4.401242 0.048523 0.402409 0.709213 0.298381 -0.496037
1403637204.388319015502930 -1.054899 4.393138 0.047968 0.403824 0.707461 0.297117 -0.498143
1403637204.438318967819214 -1.041330 4.387638 0.049674 0.403880 0.705802 0.298335 -0.499720
1403637204.488318920135498 -1.025790 4.378683 0.052129 0.405083 0.702737 0.297411 -0.503603
1403637204.538319110870361 -1.013675 4.372826 0.057543 0.405650 0.701291 0.298218 -0.504683
1403637204.588319063186646 -1.000556 4.365748 0.064513 0.407155 0.700700 0.298245 -0.504276
1403637204.638319015502930 -0.986114 4.357205 0.072994 0.408712 0.700589 0.298027 -0.503298
1403637204.688318967819214 -0.973435 4.348647 0.083862 0.408986 0.701473 0.299866 -0.500746
1403637204.738318920135498 -0.960368 4.340019 0.091748 0.410221 0.700929 0.299996 -0.500419
1403637204.788319110870361 -0.946904 4.329648 0.100959 0.411417 0.701625 0.300165 -0.498357
1403637204.838319063186646 -0.934109 4.319267 0.107833 0.413163 0.701758 0.299402 -0.497183
1403637204.888319015502930 -0.921107 4.310339 0.109312 0.413695 0.701730 0.300433 -0.496156
1403637204.938318967819214 -0.907037 4.299258 0.112269 0.414568 0.702648 0.300003 -0.494387
1403637204.988318920135498 -0.893864 4.288026 0.112146 0.416026 0.704016 0.298902 -0.491876
1403637205.038319110870361 -0.881553 4.275769 0.112717 0.417001 0.705660 0.297698 -0.489417
1403637205.088319063186646 -0.870116 4.265187 0.111922 0.417594 0.706727 0.296972 -0.487811
1403637205.138319015502930 -0.860270 4.253199 0.109721 0.417648 0.706838 0.296891 -0.487654
1403637205.188318967819214 -0.849453 4.241769 0.107384 0.417074 0.707213 0.297136 -0.487451
1403637205.238318920135498 -0.841573 4.232419 0.102889 0.416221 0.708302 0.295988 -0.487298
1403637205.288319110870361 -0.833996 4.222804 0.097718 0.414281 0.709885 0.294472 -0.487566
1403637205.338319063186646 -0.829502 4.214145 0.093219 0.410859 0.711198 0.293321 -0.489240
1403637205.388319015502930 -0.823962 4.204740 0.091467 0.407774 0.712928 0.292102 -0.490031
1403637205.438318967819214 -0.820316 4.195369 0.092138 0.404374 0.714116 0.291652 -0.491385
1403637205.488318920135498 -0.816914 4.186551 0.092554 0.400643 0.714355 0.291323 -0.494280
1403637205.538319110870361 -0.814232 4.175935 0.096111 0.397130 0.714450 0.290894 -0.497222
1403637205.588319063186646 -0.811299 4.164879 0.099844 0.393963 0.715063 0.290858 -0.498879
1403637205.638319015502930 -0.807870 4.153418 0.102439 0.391932 0.715287 0.289714 -0.500818
1403637205.688318967819214 -0.805525 4.142256 0.102721 0.390080 0.716006 0.289300 -0.501477
1403637205.738318920135498 -0.803092 4.130452 0.100784 0.389386 0.716710 0.287745 -0.501905
1403637205.788319110870361 -0.801100 4.117720 0.096254 0.388220 0.717250 0.287146 -0.502379
1403637205.838319063186646 -0.798718 4.106267 0.089918 0.387275 0.717893 0.286845 -0.502362
1403637205.888319015502930 -0.796488 4.092726 0.083021 0.387044 0.718081 0.285648 -0.502953
1403637205.938318967819214 -0.795444 4.080448 0.075973 0.386617 0.718236 0.285272 -0.503274
1403637205.988318920135498 -0.795028 4.067836 0.068813 0.385612 0.718388 0.285276 -0.503826
1403637206.038319110870361 -0.792945 4.052964 0.064791 0.385590 0.718256 0.284180 -0.504649
1403637206.088319063186646 -0.791684 4.037256 0.063629 0.385888 0.718133 0.282561 -0.505504
1403637206.138319015502930 -0.791832 4.021627 0.063479 0.387254 0.717602 0.279620 -0.506847
1403637206.188318967819214 -0.791457 4.005650 0.065017 0.389304 0.716456 0.275351 -0.509229
1403637206.238318920135498 -0.794588 3.991833 0.068590 0.390064 0.716209 0.273473 -0.510007
1403637206.288319110870361 -0.796483 3.977476 0.074133 0.390873 0.715301 0.271866 -0.511520
1403637206.338319063186646 -0.798230 3.964707 0.082695 0.391570 0.714535 0.270574 -0.512739
1403637206.388319015502930 -0.803251 3.953770 0.093411 0.391380 0.714744 0.270537 -0.512614
1403637206.438318967819214 -0.806608 3.942001 0.103910 0.391595 0.714736 0.270567 -0.512444
1403637206.488318920135498 -0.808565 3.930760 0.115716 0.391316 0.714800 0.270775 -0.512457
1403637206.538319110870361 -0.809818 3.918367 0.126581 0.391334 0.714613 0.270961 -0.512607
1403637206.588319063186646 -0.810794 3.906146 0.135698 0.390836 0.714834 0.271908 -0.512178
1403637206.638319015502930 -0.811365 3.893472 0.143723 0.390360 0.715146 0.272941 -0.511556
1403637206.688318967819214 -0.810620 3.879767 0.148334 0.389741 0.715356 0.274444 -0.510928
1403637206.738318920135498 -0.810817 3.867915 0.153465 0.389332 0.715277 0.275339 -0.510870
1403637206.788319110870361 -0.808785 3.854930 0.156710 0.388587 0.714935 0.276510 -0.511283
1403637206.838319063186646 -0.807015 3.841349 0.160346 0.388498 0.715040 0.276910 -0.510988
1403637206.888319015502930 -0.805979 3.827509 0.164114 0.388191 0.714421 0.277840 -0.511581
1403637206.938318967819214 -0.804277 3.813202 0.167257 0.387921 0.713318 0.278219 -0.513117
1403637206.988318920135498 -0.803343 3.798800 0.174158 0.388187 0.713051 0.278598 -0.513081
1403637207.038319110870361 -0.803690 3.787294 0.183760 0.388539 0.712717 0.278975 -0.513073
1403637207.088319063186646 -0.801501 3.773711 0.192277 0.389273 0.712870 0.278649 -0.512482
1403637207.138319015502930 -0.800272 3.758154 0.199599 0.389577 0.711774 0.279459 -0.513333
1403637207.188318967819214 -0.798833 3.742735 0.204006 0.390261 0.711397 0.279803 -0.513147
1403637207.238318920135498 -0.795986 3.728288 0.207801 0.390415 0.710229 0.280287 -0.514383
1403637207.288319110870361 -0.793048 3.712056 0.209000 0.391196 0.710201 0.280186 -0.513884
1403637207.338319063186646 -0.789774 3.697664 0.207603 0.391840 0.710139 0.280031 -0.513562
1403637207.388319015502930 -0.786125 3.682507 0.204178 0.391872 0.710071 0.280542 -0.513353
1403637207.438318967819214 -0.782488 3.667133 0.200500 0.392197 0.709777 0.280953 -0.513287
1403637207.488318920135498 -0.777150 3.650754 0.196369 0.392987 0.709805 0.280597 -0.512839
1403637207.538319110870361 -0.772172 3.633973 0.189294 0.394401 0.710439 0.279340 -0.511560
1403637207.588319063186646 -0.765103 3.616728 0.183864 0.397877 0.711352 0.275072 -0.509910
1403637207.638319015502930 -0.760967 3.604307 0.174940 0.402614 0.713136 0.268692 -0.507094
1403637207.688318967819214 -0.756068 3.588265 0.167295 0.406074 0.714562 0.264231 -0.504664
1403637207.738318920135498 -0.749753 3.573756 0.163204 0.407315 0.715765 0.262735 -0.502737
1403637207.788319110870361 -0.743803 3.558337 0.162890 0.406692 0.715994 0.264073 -0.502215
1403637207.838319063186646 -0.736926 3.544077 0.165134 0.405392 0.715804 0.266581 -0.502212
1403637207.888319015502930 -0.730179 3.531669 0.170532 0.403456 0.715896 0.269998 -0.501814
1403637207.938318967819214 -0.723946 3.523872 0.178888 0.401789 0.715453 0.272721 -0.502311
1403637207.988318920135498 -0.718943 3.518012 0.191227 0.400554 0.715291 0.275006 -0.502282
1403637208.038319110870361 -0.713785 3.511557 0.204122 0.399339 0.715352 0.277199 -0.501957
1403637208.088319063186646 -0.710793 3.505617 0.218600 0.398622 0.715598 0.279006 -0.501175
1403637208.138319015502930 -0.707598 3.503211 0.235197 0.398360 0.715989 0.279741 -0.500413
1403637208.188318967819214 -0.699191 3.486677 0.250520 0.397112 0.715500 0.282029 -0.500821
1403637208.238318920135498 -0.694061 3.485281 0.266891 0.397941 0.716096 0.281221 -0.499763
1403637208.288319110870361 -0.688651 3.478958 0.281335 0.400862 0.714509 0.277776 -0.501625
1403637208.338319063186646 -0.681739 3.465943 0.293186 0.403516 0.712369 0.274864 -0.504138
1403637208.388319015502930 -0.675942 3.454860 0.303562 0.405528 0.710741 0.272918 -0.505876
1403637208.438318967819214 -0.672375 3.448480 0.313926 0.406228 0.709678 0.273266 -0.506619
1403637208.488318920135498 -0.665598 3.441749 0.320797 0.406240 0.709520 0.273873 -0.506501
1403637208.538319110870361 -0.659285 3.433843 0.327438 0.405613 0.709009 0.275474 -0.506851
1403637208.588319063186646 -0.653456 3.424842 0.332512 0.404444 0.709557 0.278196 -0.505531
1403637208.638319015502930 -0.646402 3.418397 0.335487 0.403416 0.709797 0.279917 -0.505064
1403637208.688318967819214 -0.637820 3.409223 0.338128 0.402133 0.710194 0.282138 -0.504293
1403637208.738318920135498 -0.629096 3.400656 0.337762 0.401208 0.709732 0.283563 -0.504881
1403637208.788319110870361 -0.620276 3.393004 0.337711 0.400564 0.709382 0.284441 -0.505390
1403637208.838319063186646 -0.611746 3.382637 0.336561 0.400160 0.709465 0.285289 -0.505115
1403637208.888319015502930 -0.602972 3.372859 0.332597 0.399149 0.710263 0.286901 -0.503879
1403637208.938318967819214 -0.594578 3.360967 0.328939 0.396403 0.711798 0.290901 -0.501583
1403637208.988318920135498 -0.586384 3.352519 0.321283 0.393210 0.713695 0.295812 -0.498519
1403637209.038319110870361 -0.577388 3.337767 0.313547 0.389739 0.715673 0.300824 -0.495399
1403637209.088319063186646 -0.567372 3.324570 0.307055 0.386238 0.717742 0.304460 -0.492920
1403637209.138319015502930 -0.559430 3.317030 0.298262 0.382585 0.719020 0.305275 -0.493403
1403637209.188318967819214 -0.550422 3.302673 0.292287 0.380976 0.721289 0.299604 -0.494810
1403637209.238318920135498 -0.549140 3.290140 0.285795 0.379851 0.723090 0.290819 -0.498275
1403637209.288319110870361 -0.548987 3.274439 0.281306 0.378091 0.726871 0.281505 -0.499460
1403637209.338319063186646 -0.550267 3.258652 0.278390 0.375582 0.730549 0.273582 -0.500390
1403637209.388319015502930 -0.549980 3.243164 0.277723 0.373084 0.734656 0.266920 -0.499843
1403637209.438318967819214 -0.552849 3.227776 0.279678 0.370778 0.738907 0.261657 -0.498072
1403637209.488318920135498 -0.554509 3.213982 0.283686 0.368856 0.744501 0.256035 -0.494074
1403637209.538319110870361 -0.557829 3.201071 0.288070 0.367255 0.750744 0.250915 -0.488416
1403637209.588319063186646 -0.563445 3.189908 0.293753 0.366354 0.757116 0.245967 -0.481726
1403637209.638319015502930 -0.569215 3.179524 0.300941 0.365818 0.762604 0.241091 -0.475907
1403637209.688318967819214 -0.575834 3.168014 0.308994 0.365289 0.766516 0.237179 -0.471978
1403637209.738318920135498 -0.585988 3.158685 0.318173 0.364951 0.769396 0.234173 -0.469045
1403637209.788319110870361 -0.600556 3.157467 0.330213 0.364652 0.771328 0.232464 -0.466950
1403637209.838319063186646 -0.617358 3.159609 0.341860 0.364624 0.772995 0.231139 -0.464869
1403637209.888319015502930 -0.634853 3.160791 0.352035 0.365873 0.774172 0.228468 -0.463246
1403637209.938318967819214 -0.654551 3.163516 0.359269 0.366985 0.775983 0.226663 -0.460212
1403637209.988318920135498 -0.675179 3.168871 0.362099 0.367822 0.778528 0.224928 -0.456079
1403637210.038319110870361 -0.698155 3.176194 0.361198 0.369033 0.781606 0.222922 -0.450791
1403637210.088319063186646 -0.721836 3.180852 0.356271 0.370502 0.784346 0.221345 -0.445575
1403637210.138319015502930 -0.747728 3.191240 0.347082 0.372608 0.786624 0.218418 -0.441225
1403637210.188318967819214 -0.777385 3.200297 0.333991 0.374221 0.789327 0.216277 -0.436057
1403637210.238318920135498 -0.810607 3.217078 0.319991 0.375721 0.791587 0.214120 -0.431713
1403637210.288319110870361 -0.847585 3.234583 0.304252 0.376320 0.793573 0.213220 -0.427975
1403637210.338319063186646 -0.886961 3.258737 0.290829 0.377370 0.794510 0.211609 -0.426108
1403637210.388319015502930 -0.930411 3.282883 0.274561 0.377821 0.795245 0.211140 -0.424567
1403637210.438318967819214 -0.977417 3.313141 0.259830 0.377296 0.794476 0.211781 -0.426151
1403637210.488318920135498 -1.031106 3.348052 0.247384 0.375389 0.792072 0.214787 -0.430780
1403637210.538319110870361 -1.086921 3.385973 0.234482 0.373166 0.788457 0.218075 -0.437637
1403637210.588319063186646 -1.145855 3.429756 0.223379 0.371892 0.785060 0.219894 -0.443873
1403637210.638319015502930 -1.211087 3.475749 0.211470 0.370860 0.781380 0.221706 -0.450283
1403637210.688318967819214 -1.279874 3.524695 0.199834 0.369630 0.778736 0.223560 -0.454933
1403637210.738318920135498 -1.348056 3.574984 0.186701 0.369381 0.776768 0.223517 -0.458507
1403637210.788319110870361 -1.415148 3.627264 0.171828 0.371169 0.773906 0.219961 -0.463594
1403637210.838319063186646 -1.489994 3.683193 0.155286 0.372928 0.770929 0.217966 -0.468064
1403637210.888319015502930 -1.560804 3.740909 0.137831 0.375135 0.767512 0.214860 -0.473323
1403637210.938318967819214 -1.633383 3.801177 0.117296 0.376798 0.762429 0.212917 -0.481032
1403637210.988318920135498 -1.704926 3.862738 0.097141 0.377427 0.757501 0.212509 -0.488448
1403637211.038319110870361 -1.776727 3.926533 0.076498 0.377763 0.752574 0.212680 -0.495676
1403637211.088319063186646 -1.846117 3.991370 0.056231 0.378817 0.747917 0.211855 -0.502231
1403637211.138319015502930 -1.929558 4.059895 0.034920 0.378396 0.745883 0.215224 -0.504137
1403637211.188318967819214 -2.000688 4.127993 0.013002 0.375862 0.744900 0.220528 -0.505192
1403637211.238318920135498 -2.074714 4.196995 -0.009547 0.373319 0.743061 0.226297 -0.507231
1403637211.288319110870361 -2.150215 4.267929 -0.031489 0.370791 0.740793 0.232804 -0.509452
1403637211.338319063186646 -2.221423 4.338566 -0.055511 0.368870 0.737862 0.238406 -0.512500
1403637211.388319015502930 -2.294404 4.410665 -0.078759 0.367568 0.735440 0.242422 -0.515027
1403637211.438318967819214 -2.365881 4.482833 -0.103081 0.367047 0.734192 0.244834 -0.516039
1403637211.488318920135498 -2.433706 4.553139 -0.131252 0.367101 0.733137 0.246038 -0.516926
1403637211.538319110870361 -2.500245 4.623478 -0.158059 0.368459 0.734122 0.244523 -0.515278
1403637211.588319063186646 -2.566242 4.693886 -0.184109 0.369913 0.735330 0.243161 -0.513154
1403637211.638319015502930 -2.629807 4.763394 -0.208672 0.371067 0.736465 0.241257 -0.511589
1403637211.688318967819214 -2.686475 4.832771 -0.230575 0.372498 0.737156 0.238469 -0.510861
1403637211.738318920135498 -2.741393 4.901880 -0.252172 0.375401 0.739489 0.233400 -0.507694
1403637211.788319110870361 -2.793684 4.970473 -0.271348 0.378991 0.741282 0.227138 -0.505248
1403637211.838319063186646 -2.843658 5.039590 -0.288825 0.383029 0.742196 0.220424 -0.503832
1403637211.888319015502930 -2.900888 5.111481 -0.304301 0.384885 0.743638 0.218083 -0.501304
1403637211.938318967819214 -2.960731 5.186478 -0.317989 0.384698 0.744397 0.218942 -0.499945
1403637211.988318920135498 -3.019726 5.264436 -0.330287 0.382774 0.744204 0.222235 -0.500256
1403637212.038319110870361 -3.079736 5.343714 -0.340116 0.379336 0.742853 0.228523 -0.502046
1403637212.088319063186646 -3.135624 5.422051 -0.346053 0.375624 0.739557 0.234644 -0.506858
1403637212.138319015502930 -3.192636 5.500301 -0.350159 0.372363 0.735623 0.239893 -0.512500
1403637212.188318967819214 -3.254061 5.580644 -0.353343 0.369688 0.732350 0.245313 -0.516542
1403637212.238318920135498 -3.312253 5.659756 -0.354114 0.368148 0.729445 0.248474 -0.520229
1403637212.288319110870361 -3.369716 5.737905 -0.353485 0.366856 0.727967 0.251348 -0.521828
1403637212.338319063186646 -3.420089 5.812105 -0.349500 0.366403 0.726234 0.252866 -0.523824
1403637212.388319015502930 -3.477818 5.890065 -0.346649 0.366371 0.725223 0.254561 -0.524426
1403637212.438318967819214 -3.520818 5.958906 -0.339380 0.366272 0.724660 0.255799 -0.524671
1403637212.488318920135498 -3.560856 6.023964 -0.330148 0.367052 0.726040 0.255347 -0.522434
1403637212.538319110870361 -3.599728 6.089903 -0.321456 0.368253 0.728051 0.254508 -0.519189
1403637212.588319063186646 -3.642608 6.159853 -0.312893 0.370235 0.730098 0.252776 -0.515739
1403637212.638319015502930 -3.678809 6.219924 -0.301461 0.371709 0.732931 0.251713 -0.511161
1403637212.688318967819214 -3.712434 6.283154 -0.291569 0.372801 0.735067 0.249939 -0.508160
1403637212.738318920135498 -3.751429 6.343327 -0.279234 0.372896 0.737068 0.250518 -0.504896
1403637212.788319110870361 -3.786435 6.402136 -0.266086 0.372397 0.738025 0.251145 -0.503554
1403637212.838319063186646 -3.829040 6.465831 -0.253970 0.372342 0.739925 0.251565 -0.500588
1403637212.888319015502930 -3.865281 6.526434 -0.246007 0.371098 0.740598 0.252736 -0.499926
1403637212.938318967819214 -3.912030 6.594023 -0.233245 0.369429 0.741518 0.254665 -0.498817
1403637212.988318920135498 -3.955653 6.659506 -0.219538 0.367774 0.742419 0.255834 -0.498102
1403637213.038319110870361 -4.000014 6.726298 -0.206323 0.367370 0.742761 0.255280 -0.498174
1403637213.088319063186646 -4.046527 6.792423 -0.193417 0.367723 0.742570 0.253415 -0.499150
1403637213.138319015502930 -4.092096 6.857975 -0.182481 0.368278 0.742883 0.251115 -0.499437
1403637213.188318967819214 -4.143965 6.926477 -0.173492 0.368783 0.742775 0.249068 -0.500249
1403637213.238318920135498 -4.190972 6.986566 -0.164840 0.368819 0.742474 0.248256 -0.501073
1403637213.288319110870361 -4.239830 7.049379 -0.158157 0.369003 0.742386 0.247426 -0.501478
1403637213.338319063186646 -4.288006 7.111142 -0.153245 0.368601 0.741632 0.247971 -0.502619
1403637213.388319015502930 -4.337533 7.177304 -0.149726 0.367756 0.741004 0.248935 -0.503686
1403637213.438318967819214 -4.388850 7.246036 -0.146811 0.367136 0.739775 0.249978 -0.505425
1403637213.488318920135498 -4.440585 7.316804 -0.143794 0.366600 0.738851 0.251459 -0.506431
1403637213.538319110870361 -4.489843 7.383235 -0.143126 0.365200 0.738331 0.253365 -0.507250
1403637213.588319063186646 -4.539404 7.452147 -0.140441 0.360999 0.738980 0.259771 -0.506071
1403637213.638319015502930 -4.591754 7.524891 -0.139719 0.357837 0.740094 0.264455 -0.504259
1403637213.688318967819214 -4.645905 7.598719 -0.140534 0.354707 0.742404 0.268770 -0.500781
1403637213.738318920135498 -4.698529 7.669236 -0.144807 0.352522 0.743589 0.271897 -0.498874
1403637213.788319110870361 -4.756430 7.743403 -0.150310 0.351421 0.745733 0.273221 -0.495718
1403637213.838319063186646 -4.813448 7.814362 -0.156893 0.350246 0.746931 0.274084 -0.494266
1403637213.888319015502930 -4.865264 7.877320 -0.166007 0.349184 0.747641 0.275104 -0.493377
1403637213.938318967819214 -4.923842 7.947060 -0.174800 0.349134 0.748570 0.274894 -0.492119
1403637213.988318920135498 -4.977788 8.006735 -0.184225 0.347247 0.747457 0.276310 -0.494348
1403637214.038319110870361 -5.039565 8.077241 -0.190804 0.345494 0.746123 0.275367 -0.498105
1403637214.088319063186646 -5.102380 8.140983 -0.195727 0.343575 0.744492 0.272126 -0.503623
1403637214.138319015502930 -5.161185 8.194694 -0.199863 0.342507 0.743103 0.266277 -0.509493
1403637214.188318967819214 -5.224237 8.253031 -0.201616 0.339460 0.742413 0.260897 -0.515289
1403637214.238318920135498 -5.288240 8.311445 -0.200553 0.334895 0.742799 0.256404 -0.519954
1403637214.288319110870361 -5.351418 8.364368 -0.199139 0.327852 0.743666 0.253112 -0.524793
1403637214.338319063186646 -5.409363 8.408285 -0.194186 0.319361 0.744950 0.249338 -0.529989
1403637214.388319015502930 -5.473905 8.459745 -0.190283 0.307723 0.746908 0.247586 -0.534917
1403637214.438318967819214 -5.533023 8.504211 -0.183796 0.294284 0.750589 0.246157 -0.537977
1403637214.488318920135498 -5.592658 8.546691 -0.176395 0.280156 0.754591 0.244055 -0.540871
1403637214.538319110870361 -5.652553 8.585619 -0.167652 0.265488 0.758365 0.242343 -0.543754
1403637214.588319063186646 -5.700777 8.603605 -0.157374 0.251352 0.761904 0.241874 -0.545730
1403637214.638319015502930 -5.756177 8.633456 -0.143915 0.237958 0.764397 0.241996 -0.548189
1403637214.688318967819214 -5.801230 8.641315 -0.130217 0.225825 0.766220 0.242954 -0.550348
1403637214.738318920135498 -5.853971 8.657365 -0.115524 0.214735 0.767963 0.244866 -0.551509
1403637214.788319110870361 -5.901679 8.664705 -0.098903 0.206836 0.768566 0.244667 -0.553771
1403637214.838319063186646 -5.949581 8.668542 -0.081765 0.201866 0.769414 0.242914 -0.555198
1403637214.888319015502930 -5.999691 8.667051 -0.065818 0.198538 0.770263 0.240914 -0.556092
1403637214.938318967819214 -6.053184 8.665382 -0.052914 0.196082 0.770350 0.239439 -0.557478
1403637214.988318920135498 -6.107802 8.663030 -0.040201 0.194687 0.769684 0.238171 -0.559427
1403637215.038319110870361 -6.146761 8.640804 -0.029312 0.193993 0.768904 0.236847 -0.561300
1403637215.088319063186646 -6.188207 8.618262 -0.020770 0.193189 0.767327 0.236990 -0.563669
1403637215.138319015502930 -6.225209 8.588168 -0.013775 0.192818 0.765682 0.237106 -0.565980
1403637215.188318967819214 -6.275188 8.565970 -0.007218 0.193313 0.764050 0.236698 -0.568182
1403637215.238318920135498 -6.328897 8.544962 -0.001083 0.195147 0.762425 0.233704 -0.570971
1403637215.288319110870361 -6.382780 8.522363 0.002862 0.195765 0.761484 0.229870 -0.573567
1403637215.338319063186646 -6.437945 8.498134 0.006672 0.195786 0.759894 0.224202 -0.577895
1403637215.388319015502930 -6.487150 8.467349 0.008177 0.194052 0.758105 0.218436 -0.583015
1403637215.438318967819214 -6.530550 8.432445 0.008664 0.192083 0.755124 0.209653 -0.590709
1403637215.488318920135498 -6.561953 8.389701 0.007767 0.187785 0.751942 0.201597 -0.598898
1403637215.538319110870361 -6.595090 8.345161 0.009461 0.182084 0.750564 0.193757 -0.604944
1403637215.588319063186646 -6.629146 8.297258 0.010897 0.175263 0.751278 0.185480 -0.608655
1403637215.638319015502930 -6.662528 8.246271 0.015603 0.167424 0.753567 0.175696 -0.610931
1403637215.688318967819214 -6.701390 8.194040 0.022941 0.157098 0.757383 0.167756 -0.611187
1403637215.738318920135498 -6.733529 8.137131 0.032234 0.147854 0.764149 0.157536 -0.607781
1403637215.788319110870361 -6.759888 8.076838 0.040729 0.138494 0.771346 0.146614 -0.603614
1403637215.838319063186646 -6.782814 8.013470 0.050430 0.129230 0.778222 0.135603 -0.599401
1403637215.888319015502930 -6.802448 7.948916 0.060604 0.120419 0.783499 0.125104 -0.596638
1403637215.938318967819214 -6.823737 7.883543 0.073085 0.113486 0.787684 0.114502 -0.594612
1403637215.988318920135498 -6.840663 7.816230 0.085835 0.107375 0.791578 0.104885 -0.592346
1403637216.038319110870361 -6.859448 7.749256 0.101684 0.101463 0.793703 0.094622 -0.592273
1403637216.088319063186646 -6.878700 7.681798 0.117867 0.094996 0.795928 0.085387 -0.591763
1403637216.138319015502930 -6.896654 7.613868 0.136176 0.089247 0.797630 0.076396 -0.591595
1403637216.188318967819214 -6.912832 7.544921 0.150475 0.083860 0.797853 0.069159 -0.592971
1403637216.238318920135498 -6.927770 7.477243 0.163018 0.080525 0.798462 0.062455 -0.593358
1403637216.288319110870361 -6.940110 7.412000 0.170279 0.078044 0.797654 0.057136 -0.595309
1403637216.338319063186646 -6.955325 7.344614 0.180525 0.075601 0.796747 0.054014 -0.597127
1403637216.388319015502930 -6.967872 7.278134 0.187607 0.073980 0.794545 0.051424 -0.600484
1403637216.438318967819214 -6.980502 7.211934 0.194645 0.072326 0.791661 0.050592 -0.604552
1403637216.488318920135498 -6.987171 7.146539 0.201124 0.071024 0.789419 0.050586 -0.607629
1403637216.538319110870361 -6.992625 7.081727 0.205130 0.070802 0.786690 0.050486 -0.611193
1403637216.588319063186646 -6.994320 7.018972 0.206329 0.072104 0.784985 0.048361 -0.613401
1403637216.638319015502930 -6.997454 6.956030 0.206865 0.073752 0.783000 0.046771 -0.615861
1403637216.688318967819214 -6.995805 6.895747 0.204642 0.076163 0.779809 0.045083 -0.619729
1403637216.738318920135498 -6.990105 6.834853 0.202647 0.077681 0.776273 0.044881 -0.623981
1403637216.788319110870361 -6.983706 6.772989 0.201195 0.078539 0.773152 0.046080 -0.627650
1403637216.838319063186646 -6.972630 6.711771 0.199881 0.078514 0.770331 0.048513 -0.630930
1403637216.888319015502930 -6.954167 6.651758 0.203271 0.078531 0.768027 0.051243 -0.633515
1403637216.938318967819214 -6.930186 6.594832 0.207099 0.078824 0.766731 0.054743 -0.634755
1403637216.988318920135498 -6.903959 6.536068 0.211528 0.080126 0.767427 0.056230 -0.633620
1403637217.038319110870361 -6.872642 6.476282 0.217859 0.083363 0.770058 0.054146 -0.630182
1403637217.088319063186646 -6.838440 6.417081 0.223674 0.088813 0.773246 0.048560 -0.625975
1403637217.138319015502930 -6.802698 6.356775 0.226634 0.093899 0.775755 0.043819 -0.622468
1403637217.188318967819214 -6.765172 6.300939 0.224755 0.099766 0.776739 0.037915 -0.620714
1403637217.238318920135498 -6.725083 6.245439 0.224743 0.105354 0.776830 0.032797 -0.619967
1403637217.288319110870361 -6.681913 6.183128 0.223698 0.108861 0.777569 0.030026 -0.618574
1403637217.338319063186646 -6.636080 6.132916 0.218557 0.112718 0.778071 0.027269 -0.617379
1403637217.388319015502930 -6.586332 6.074591 0.216084 0.115752 0.778059 0.025295 -0.616916
1403637217.438318967819214 -6.534195 6.023870 0.209136 0.118508 0.778185 0.023809 -0.616292
1403637217.488318920135498 -6.481433 5.974264 0.199742 0.119517 0.778343 0.023227 -0.615921
1403637217.538319110870361 -6.425660 5.930629 0.191186 0.117976 0.777638 0.023807 -0.617085
1403637217.588319063186646 -6.365987 5.886678 0.184311 0.113661 0.776920 0.024814 -0.618757
1403637217.638319015502930 -6.306980 5.845244 0.174222 0.105595 0.776354 0.028077 -0.620754
1403637217.688318967819214 -6.243584 5.809746 0.166164 0.093269 0.775031 0.033940 -0.624080
1403637217.738318920135498 -6.176905 5.770812 0.160474 0.077975 0.774474 0.039665 -0.626527
1403637217.788319110870361 -6.105489 5.735392 0.157861 0.062248 0.773822 0.042650 -0.628892
1403637217.838319063186646 -6.031192 5.696040 0.155298 0.047440 0.775909 0.040502 -0.627753
1403637217.888319015502930 -5.955435 5.658280 0.153192 0.032774 0.777143 0.037957 -0.627323
1403637217.938318967819214 -5.879659 5.622153 0.151174 0.021793 0.779195 0.032971 -0.625534
1403637217.988318920135498 -5.799761 5.584092 0.151365 0.012215 0.781438 0.027390 -0.623262
1403637218.038319110870361 -5.716827 5.541510 0.151219 0.004584 0.783157 0.021440 -0.621438
1403637218.088319063186646 -5.629608 5.499143 0.153624 -0.001004 0.786190 0.014941 -0.617804
1403637218.138319015502930 -5.540239 5.455684 0.156029 -0.006400 0.787683 0.010527 -0.615957
1403637218.188318967819214 -5.449494 5.411617 0.156454 -0.010564 0.789309 0.006818 -0.613867
1403637218.238318920135498 -5.359094 5.369343 0.154700 -0.014195 0.790573 0.004356 -0.612188
1403637218.288319110870361 -5.268776 5.328302 0.151634 -0.016830 0.791122 0.001900 -0.611424
1403637218.338319063186646 -5.174742 5.284575 0.146939 -0.020460 0.791206 0.002387 -0.611203
1403637218.388319015502930 -5.082840 5.246568 0.141350 -0.021020 0.791065 0.000322 -0.611371
1403637218.438318967819214 -4.984431 5.204572 0.134489 -0.021760 0.791148 -0.000763 -0.611237
1403637218.488318920135498 -4.889702 5.164440 0.125628 -0.022772 0.790614 -0.000669 -0.611891
1403637218.538319110870361 -4.791179 5.124976 0.118472 -0.023519 0.790956 -0.000628 -0.611420
1403637218.588319063186646 -4.688855 5.084692 0.114233 -0.023608 0.791039 0.000001 -0.611310
1403637218.638319015502930 -4.584955 5.045419 0.112612 -0.022895 0.792804 0.000085 -0.609046
1403637218.688318967819214 -4.483048 5.006812 0.111593 -0.023111 0.794374 0.002015 -0.606985
1403637218.738318920135498 -4.378613 4.965835 0.110114 -0.020927 0.796904 0.000601 -0.603743
1403637218.788319110870361 -4.269454 4.922338 0.106667 -0.019821 0.797861 0.000689 -0.602516
1403637218.838319063186646 -4.157551 4.878822 0.102587 -0.021530 0.799281 0.004944 -0.600551
1403637218.888319015502930 -4.043309 4.833870 0.093751 -0.023488 0.800606 0.009803 -0.598651
1403637218.938318967819214 -3.924781 4.783661 0.077787 -0.025257 0.800403 0.014211 -0.598762
1403637218.988318920135498 -3.809441 4.737544 0.059814 -0.027695 0.800858 0.018921 -0.597914
1403637219.038319110870361 -3.693616 4.690701 0.039402 -0.029263 0.801121 0.022349 -0.597369
1403637219.088319063186646 -3.578135 4.642670 0.016861 -0.029716 0.801141 0.023994 -0.597255
1403637219.138319015502930 -3.464196 4.594424 -0.005113 -0.029883 0.800707 0.024758 -0.597798
1403637219.188318967819214 -3.343509 4.542428 -0.027031 -0.029534 0.801095 0.024917 -0.597288
1403637219.238318920135498 -3.223528 4.488886 -0.047417 -0.028224 0.801273 0.024242 -0.597141
1403637219.288319110870361 -3.105126 4.436241 -0.065584 -0.027075 0.802084 0.023293 -0.596142
1403637219.338319063186646 -2.983986 4.381877 -0.082069 -0.025273 0.802255 0.021663 -0.596053
1403637219.388319015502930 -2.859592 4.324232 -0.098345 -0.024338 0.803721 0.021568 -0.594116
1403637219.438318967819214 -2.727289 4.261463 -0.115738 -0.022973 0.804653 0.020457 -0.592947
1403637219.488318920135498 -2.597843 4.191681 -0.129185 -0.020284 0.809810 0.018781 -0.586041
1403637219.538319110870361 -2.476414 4.110600 -0.136371 -0.017996 0.813822 0.018892 -0.580528
1403637219.588319063186646 -2.362878 4.043488 -0.143711 -0.015623 0.818810 0.017956 -0.573571
1403637219.638319015502930 -2.249576 3.979128 -0.150098 -0.013751 0.822305 0.016815 -0.568632
1403637219.688318967819214 -2.137865 3.911924 -0.154280 -0.012427 0.825365 0.016715 -0.564216
1403637219.738318920135498 -2.033637 3.842355 -0.153039 -0.010994 0.826915 0.016864 -0.561967
1403637219.788319110870361 -1.942945 3.778852 -0.145443 -0.009545 0.828712 0.016668 -0.559346
1403637219.838319063186646 -1.849248 3.716816 -0.142337 -0.009808 0.830182 0.017599 -0.557129
1403637219.888319015502930 -1.765189 3.656320 -0.132245 -0.008719 0.832098 0.016864 -0.554304
1403637219.938318967819214 -1.692810 3.598199 -0.116822 -0.007939 0.832262 0.016872 -0.554069
1403637219.988318920135498 -1.605881 3.534725 -0.105706 -0.007942 0.832267 0.017176 -0.554051
1403637220.038319110870361 -1.521906 3.472213 -0.092166 -0.007375 0.832843 0.016722 -0.553208
1403637220.088319063186646 -1.445946 3.412191 -0.075798 -0.006716 0.833323 0.016486 -0.552499
1403637220.138319015502930 -1.377353 3.353635 -0.055343 -0.007638 0.833541 0.018593 -0.552091
1403637220.188318967819214 -1.310311 3.294475 -0.034414 -0.006085 0.833957 0.016414 -0.551552
1403637220.238318920135498 -1.245869 3.234697 -0.012146 -0.004381 0.833770 0.014740 -0.551898
1403637220.288319110870361 -1.165170 3.169113 0.005948 -0.001669 0.832485 0.011338 -0.553929
1403637220.338319063186646 -1.094657 3.106507 0.028907 0.001453 0.831156 0.007316 -0.555989
1403637220.388319015502930 -1.043048 3.050913 0.058742 0.005721 0.829683 0.002456 -0.558200
1403637220.438318967819214 -0.980952 2.991155 0.083797 0.008814 0.827981 -0.000545 -0.560687
1403637220.488318920135498 -0.940422 2.942132 0.113526 0.011306 0.827229 -0.002855 -0.561743
1403637220.538319110870361 -0.875063 2.884504 0.134474 0.013660 0.825219 -0.005473 -0.564622
1403637220.588319063186646 -0.819527 2.831179 0.156442 0.015975 0.823794 -0.007500 -0.566614
1403637220.638319015502930 -0.766138 2.780357 0.178233 0.015539 0.823787 -0.006340 -0.566651
1403637220.688318967819214 -0.723236 2.733081 0.201138 0.016281 0.824484 -0.006408 -0.565614
1403637220.738318920135498 -0.670499 2.682255 0.219056 0.015702 0.824695 -0.004897 -0.565338
1403637220.788319110870361 -0.618360 2.635159 0.234960 0.015903 0.825431 -0.004626 -0.564259
1403637220.838319063186646 -0.550321 2.580584 0.244192 0.015853 0.825859 -0.004631 -0.563635
1403637220.888319015502930 -0.494141 2.532738 0.256039 0.015589 0.826323 -0.003600 -0.562969
1403637220.938318967819214 -0.441894 2.486971 0.268209 0.016508 0.826864 -0.003459 -0.562149
1403637220.988318920135498 -0.385444 2.438545 0.275723 0.017743 0.827380 -0.002586 -0.561357
1403637221.038319110870361 -0.331624 2.391450 0.283073 0.019490 0.829113 -0.000096 -0.558742
1403637221.088319063186646 -0.277539 2.341945 0.288789 0.023022 0.829890 0.002635 -0.557445
1403637221.138319015502930 -0.218536 2.295179 0.290393 0.027139 0.831351 0.006154 -0.555051
1403637221.188318967819214 -0.158668 2.247922 0.290109 0.032022 0.832148 0.011143 -0.553517
1403637221.238318920135498 -0.099010 2.201014 0.288100 0.038100 0.832465 0.016598 -0.552517
1403637221.288319110870361 -0.042017 2.160171 0.286000 0.044156 0.832431 0.022330 -0.551915
1403637221.338319063186646 0.015303 2.117579 0.284046 0.050962 0.831960 0.026446 -0.551857
1403637221.388319015502930 0.074995 2.073417 0.276895 0.056476 0.831723 0.030166 -0.551486
1403637221.438318967819214 0.133439 2.025219 0.271246 0.061867 0.830483 0.033267 -0.552598
1403637221.488318920135498 0.189104 1.984496 0.262395 0.065878 0.830482 0.036204 -0.551951
1403637221.538319110870361 0.255645 1.934305 0.252397 0.070753 0.830453 0.036653 -0.551361
1403637221.588319063186646 0.308257 1.883619 0.238119 0.074117 0.830280 0.039286 -0.550997
1403637221.638319015502930 0.355429 1.843346 0.227067 0.076918 0.830215 0.041533 -0.550547
1403637221.688318967819214 0.397973 1.810587 0.214128 0.079941 0.830631 0.042373 -0.549424
1403637221.738318920135498 0.435391 1.780598 0.200281 0.082180 0.830419 0.043498 -0.549326
1403637221.788319110870361 0.471100 1.750295 0.185287 0.084642 0.830286 0.044068 -0.549108
1403637221.838319063186646 0.500327 1.723578 0.169788 0.087695 0.830415 0.045192 -0.548341
1403637221.888319015502930 0.540142 1.688606 0.153007 0.091888 0.830408 0.046648 -0.547544
1403637221.938318967819214 0.579773 1.654570 0.134068 0.098004 0.830130 0.048697 -0.546725
1403637221.988318920135498 0.622102 1.623501 0.113230 0.103941 0.829459 0.053591 -0.546189
1403637222.038319110870361 0.647130 1.599179 0.092853 0.112219 0.828259 0.059042 -0.545809
1403637222.088319063186646 0.674299 1.579006 0.072505 0.121268 0.827576 0.065433 -0.544178
1403637222.138319015502930 0.700689 1.561964 0.050751 0.130959 0.826108 0.072080 -0.543323
1403637222.188318967819214 0.720997 1.549045 0.028974 0.141295 0.824311 0.079271 -0.542460
1403637222.238318920135498 0.743895 1.536498 0.006317 0.150578 0.820939 0.086233 -0.544012
1403637222.288319110870361 0.766608 1.524795 -0.015607 0.157510 0.817767 0.093655 -0.545597
1403637222.338319063186646 0.755668 1.535681 -0.036922 0.163798 0.813126 0.098868 -0.549747
1403637222.388319015502930 0.756206 1.532505 -0.058340 0.169505 0.808320 0.104197 -0.554102
1403637222.438318967819214 0.761479 1.529867 -0.079317 0.174088 0.803792 0.108870 -0.558354
1403637222.488318920135498 0.768934 1.529038 -0.098256 0.176977 0.800114 0.113422 -0.561812
1403637222.538319110870361 0.762800 1.531301 -0.113687 0.180755 0.797769 0.115413 -0.563536
1403637222.588319063186646 0.765944 1.526868 -0.128233 0.183487 0.796430 0.117563 -0.564102
1403637222.638319015502930 0.773293 1.518857 -0.141484 0.184584 0.795078 0.120650 -0.564998
1403637222.688318967819214 0.784988 1.514033 -0.153716 0.185425 0.795156 0.122360 -0.564245
1403637222.738318920135498 0.810535 1.495889 -0.163672 0.186925 0.795838 0.122392 -0.562780
1403637222.788319110870361 0.842345 1.467895 -0.174247 0.187530 0.797765 0.123034 -0.559702
1403637222.838319063186646 0.868257 1.448957 -0.181534 0.188044 0.800211 0.122496 -0.556144
1403637222.888319015502930 0.892077 1.440273 -0.184498 0.188705 0.803297 0.120902 -0.551803
1403637222.938318967819214 0.908869 1.431314 -0.186888 0.188893 0.806824 0.119557 -0.546864
1403637222.988318920135498 0.922812 1.429412 -0.187045 0.188751 0.809476 0.118493 -0.543214
1403637223.038319110870361 0.933776 1.437311 -0.183248 0.188475 0.811519 0.116720 -0.540639
1403637223.088319063186646 0.924807 1.446123 -0.173995 0.187817 0.813262 0.115973 -0.538405
1403637223.138319015502930 0.918655 1.459696 -0.163006 0.186662 0.813940 0.115445 -0.537896
1403637223.188318967819214 0.918205 1.465905 -0.152791 0.185438 0.813950 0.114888 -0.538422
1403637223.238318920135498 0.903800 1.479256 -0.136855 0.183808 0.813225 0.115122 -0.540024
1403637223.288319110870361 0.881427 1.496541 -0.117004 0.181641 0.811473 0.115843 -0.543230
1403637223.338319063186646 0.851688 1.523979 -0.093749 0.179061 0.809278 0.116273 -0.547254
1403637223.388319015502930 0.828966 1.535774 -0.072404 0.176623 0.807361 0.117542 -0.550597
1403637223.438318967819214 0.805052 1.549822 -0.049147 0.174948 0.805402 0.117607 -0.553976
1403637223.488318920135498 0.775439 1.565412 -0.023362 0.173322 0.804080 0.118015 -0.556316
1403637223.538319110870361 0.750676 1.570780 0.000380 0.172051 0.802646 0.118997 -0.558568
1403637223.588319063186646 0.712205 1.584322 0.027971 0.171507 0.801570 0.119535 -0.560163
1403637223.638319015502930 0.695294 1.601931 0.050041 0.170528 0.800764 0.119731 -0.561570
1403637223.688318967819214 0.668244 1.615760 0.073001 0.170176 0.800451 0.119873 -0.562093
1403637223.738318920135498 0.656020 1.622238 0.090366 0.169400 0.800396 0.120442 -0.562284
1403637223.788319110870361 0.643634 1.624767 0.103447 0.169394 0.799757 0.120384 -0.563208
1403637223.838319063186646 0.626277 1.629922 0.116321 0.169154 0.799557 0.120766 -0.563482
1403637223.888319015502930 0.610942 1.640753 0.126642 0.168703 0.799145 0.121211 -0.564105
1403637223.938318967819214 0.598831 1.645639 0.133820 0.167896 0.799116 0.122319 -0.564148
1403637223.988318920135498 0.586702 1.644649 0.139744 0.168438 0.798826 0.122269 -0.564407
1403637224.038319110870361 0.584224 1.646994 0.143960 0.168655 0.798467 0.122275 -0.564849
1403637224.088319063186646 0.580354 1.644454 0.144863 0.168669 0.798564 0.122516 -0.564656
1403637224.138319015502930 0.572799 1.642989 0.149796 0.168285 0.798320 0.123778 -0.564840
1403637224.188318967819214 0.574456 1.645470 0.147486 0.168165 0.798001 0.123751 -0.565332
1403637224.238318920135498 0.572981 1.645704 0.146771 0.167560 0.797782 0.124886 -0.565571
1403637224.288319110870361 0.571980 1.646622 0.146122 0.167276 0.797293 0.125357 -0.566241
1403637224.338319063186646 0.574070 1.648412 0.142638 0.167212 0.796968 0.125059 -0.566782
1403637224.388319015502930 0.574635 1.648612 0.138632 0.166623 0.797155 0.125776 -0.566534
1403637224.438318967819214 0.577147 1.648724 0.132378 0.166066 0.797048 0.126818 -0.566616
1403637224.488318920135498 0.580566 1.647426 0.127726 0.165579 0.797077 0.127196 -0.566633
1403637224.538319110870361 0.584928 1.649138 0.118604 0.165046 0.796682 0.127773 -0.567214
1403637224.588319063186646 0.590373 1.650626 0.108346 0.165406 0.796440 0.126840 -0.567658
1403637224.638319015502930 0.594482 1.648549 0.098443 0.166806 0.795869 0.124344 -0.568601
1403637224.688318967819214 0.599872 1.647388 0.090167 0.169357 0.794984 0.120277 -0.569958
1403637224.738318920135498 0.606243 1.640770 0.087794 0.172128 0.795452 0.116204 -0.569319
1403637224.788319110870361 0.609280 1.635137 0.084299 0.172918 0.795587 0.115152 -0.569105
1403637224.838319063186646 0.612289 1.626953 0.082512 0.173119 0.795865 0.115370 -0.568611
1403637224.888319015502930 0.616734 1.620879 0.083031 0.171514 0.795561 0.117800 -0.569025
1403637224.938318967819214 0.621935 1.616154 0.081315 0.169498 0.795628 0.120881 -0.568889
1403637224.988318920135498 0.631745 1.611996 0.078814 0.168038 0.795803 0.122597 -0.568709
1403637225.038319110870361 0.638305 1.606361 0.073793 0.167203 0.795987 0.123624 -0.568476
1403637225.088319063186646 0.645315 1.600531 0.067435 0.166079 0.796238 0.125114 -0.568129
1403637225.138319015502930 0.652169 1.596360 0.058702 0.165083 0.795561 0.125933 -0.569185
1403637225.188318967819214 0.658320 1.601677 0.049002 0.164184 0.795397 0.126004 -0.569658
1403637225.238318920135498 0.665248 1.600476 0.037343 0.163251 0.795098 0.126016 -0.570341
1403637225.288319110870361 0.671268 1.592659 0.024389 0.163205 0.795115 0.125137 -0.570524
1403637225.338319063186646 0.681703 1.585641 0.013125 0.162383 0.794869 0.125442 -0.571034
1403637225.388319015502930 0.685656 1.576055 0.001714 0.161815 0.794513 0.125511 -0.571675
1403637225.438318967819214 0.691077 1.564353 -0.008464 0.161198 0.793896 0.125469 -0.572715
1403637225.488318920135498 0.699439 1.556756 -0.015080 0.160564 0.793659 0.125515 -0.573210
1403637225.538319110870361 0.708899 1.546617 -0.018617 0.159693 0.794076 0.125587 -0.572860
1403637225.588319063186646 0.717126 1.535821 -0.020864 0.159474 0.794963 0.124918 -0.571837
1403637225.638319015502930 0.727958 1.524745 -0.019379 0.158907 0.796289 0.124928 -0.570145
1403637225.688318967819214 0.738392 1.512972 -0.015886 0.159619 0.798597 0.123486 -0.567024
1403637225.738318920135498 0.747693 1.499429 -0.010212 0.159065 0.800031 0.123847 -0.565076
1403637225.788319110870361 0.754193 1.486143 -0.003096 0.159323 0.802290 0.123404 -0.561889
1403637225.838319063186646 0.758865 1.471303 0.006598 0.160275 0.804212 0.122219 -0.559122
1403637225.888319015502930 0.758262 1.458374 0.014670 0.160257 0.805584 0.121857 -0.557229
1403637225.938318967819214 0.759936 1.445615 0.026989 0.159655 0.804263 0.121902 -0.559295
1403637225.988318920135498 0.764750 1.433529 0.043370 0.159086 0.802193 0.122330 -0.562329
1403637226.038319110870361 0.767846 1.417584 0.063504 0.158638 0.799775 0.122570 -0.565836
1403637226.088319063186646 0.768278 1.403487 0.080689 0.158084 0.798216 0.123135 -0.568065
1403637226.138319015502930 0.771118 1.388478 0.097061 0.157946 0.796431 0.123302 -0.570568
1403637226.188318967819214 0.771128 1.374756 0.108623 0.157684 0.795512 0.123748 -0.571824
1403637226.238318920135498 0.775323 1.358819 0.121969 0.157528 0.794968 0.123889 -0.572593
1403637226.288319110870361 0.777474 1.343242 0.131686 0.157135 0.795736 0.124619 -0.571474
1403637226.338319063186646 0.780927 1.325280 0.141501 0.157514 0.798011 0.124420 -0.568232
1403637226.388319015502930 0.783175 1.307724 0.148484 0.157591 0.800924 0.124529 -0.564073
1403637226.438318967819214 0.786852 1.291365 0.153514 0.158285 0.804971 0.123888 -0.558229
1403637226.488318920135498 0.789473 1.272600 0.158426 0.159169 0.808198 0.122835 -0.553527
1403637226.538319110870361 0.791173 1.254381 0.161557 0.159048 0.810383 0.122890 -0.550347
1403637226.588319063186646 0.789063 1.233928 0.163191 0.158650 0.812455 0.123611 -0.547236
1403637226.638319015502930 0.786113 1.214760 0.162509 0.158782 0.813232 0.123492 -0.546070
1403637226.688318967819214 0.781825 1.192189 0.163346 0.159369 0.813731 0.123238 -0.545211
1403637226.738318920135498 0.777869 1.170013 0.162568 0.160155 0.814141 0.122259 -0.544589
1403637226.788319110870361 0.772622 1.147146 0.161450 0.160427 0.814382 0.121678 -0.544279
1403637226.838319063186646 0.764954 1.124890 0.157940 0.160568 0.814022 0.121996 -0.544705
1403637226.888319015502930 0.760849 1.102859 0.155321 0.162321 0.813591 0.120059 -0.545259
1403637226.938318967819214 0.753528 1.081221 0.151348 0.164949 0.812641 0.117383 -0.546468
1403637226.988318920135498 0.740864 1.060346 0.144133 0.168418 0.810910 0.113627 -0.548771
1403637227.038319110870361 0.728675 1.039658 0.136788 0.173385 0.808659 0.107601 -0.551752
1403637227.088319063186646 0.717793 1.020618 0.130870 0.178083 0.806223 0.102102 -0.554857
1403637227.138319015502930 0.703328 1.001871 0.125419 0.182716 0.803699 0.097146 -0.557894
1403637227.188318967819214 0.695918 0.985900 0.124003 0.184189 0.802882 0.095897 -0.558801
1403637227.238318920135498 0.688648 0.972261 0.125202 0.184756 0.802182 0.095968 -0.559607
1403637227.288319110870361 0.683190 0.961437 0.129326 0.182195 0.802493 0.100407 -0.559222
1403637227.338319063186646 0.678352 0.952598 0.134262 0.179935 0.803235 0.104494 -0.558138
1403637227.388319015502930 0.674133 0.946932 0.141486 0.177918 0.803664 0.108386 -0.557425
1403637227.438318967819214 0.670956 0.942736 0.148320 0.176149 0.805059 0.111455 -0.555364
1403637227.488318920135498 0.665572 0.938306 0.152711 0.175438 0.805555 0.113190 -0.554518
1403637227.538319110870361 0.663067 0.933755 0.156478 0.175972 0.805750 0.113784 -0.553945
1403637227.588319063186646 0.657526 0.929507 0.156852 0.177315 0.806003 0.112793 -0.553350
1403637227.638319015502930 0.654859 0.924765 0.157596 0.179645 0.805538 0.110188 -0.553800
1403637227.688318967819214 0.647504 0.919273 0.155327 0.181525 0.805718 0.108457 -0.553267
1403637227.738318920135498 0.640079 0.913442 0.152228 0.183282 0.805402 0.106537 -0.553521
1403637227.788319110870361 0.634816 0.910928 0.148323 0.185030 0.805119 0.104591 -0.553721
1403637227.838319063186646 0.624658 0.905600 0.142441 0.184029 0.804879 0.107178 -0.553909
1403637227.888319015502930 0.607932 0.899496 0.133222 0.183046 0.802377 0.109447 -0.557410
1403637227.938318967819214 0.606214 0.903352 0.129343 0.179560 0.799914 0.114057 -0.561147
1403637227.988318920135498 0.597551 0.904189 0.121578 0.176719 0.797637 0.117675 -0.564534
1403637228.038319110870361 0.595686 0.909056 0.115542 0.173211 0.795386 0.121630 -0.567949
1403637228.088319063186646 0.590136 0.914035 0.106906 0.171329 0.794329 0.123144 -0.569669
1403637228.138319015502930 0.587023 0.919122 0.098053 0.170117 0.792544 0.123079 -0.572526
1403637228.188318967819214 0.588228 0.925194 0.091630 0.168550 0.792190 0.123174 -0.573458
1403637228.238318920135498 0.581093 0.926355 0.084379 0.167711 0.791041 0.122941 -0.575338
1403637228.288319110870361 0.579695 0.927845 0.080317 0.166403 0.791054 0.123431 -0.575594
1403637228.338319063186646 0.575959 0.928384 0.076791 0.166260 0.790356 0.122651 -0.576760
1403637228.388319015502930 0.571928 0.927187 0.074812 0.164366 0.790981 0.124476 -0.576055
1403637228.438318967819214 0.572309 0.927063 0.075453 0.163285 0.790702 0.124881 -0.576657
1403637228.488318920135498 0.575702 0.927919 0.079223 0.161503 0.790564 0.126510 -0.576993
1403637228.538319110870361 0.577883 0.926437 0.085055 0.159762 0.790415 0.127765 -0.577405
1403637228.588319063186646 0.584597 0.926488 0.093486 0.157850 0.790488 0.129576 -0.577427
1403637228.638319015502930 0.586299 0.920813 0.102694 0.156870 0.790854 0.130342 -0.577021
1403637228.688318967819214 0.592357 0.916506 0.113122 0.157601 0.792858 0.129505 -0.574254
1403637228.738318920135498 0.593276 0.909325 0.121276 0.159511 0.795215 0.127313 -0.570948
1403637228.788319110870361 0.597127 0.900963 0.128904 0.162228 0.797603 0.123630 -0.567651
1403637228.838319063186646 0.602315 0.892306 0.135028 0.164837 0.799909 0.120452 -0.564327
1403637228.888319015502930 0.604416 0.881975 0.138536 0.167331 0.801292 0.117489 -0.562253
1403637228.938318967819214 0.609866 0.874223 0.142169 0.167453 0.801683 0.117774 -0.561599
1403637228.988318920135498 0.615615 0.866709 0.143574 0.165634 0.801425 0.120733 -0.561879
1403637229.038319110870361 0.622128 0.859494 0.147113 0.163809 0.801007 0.123138 -0.562487
1403637229.088319063186646 0.623411 0.849647 0.146882 0.162360 0.799195 0.125411 -0.564976
1403637229.138319015502930 0.628218 0.841451 0.146456 0.160781 0.797552 0.127517 -0.567275
1403637229.188318967819214 0.632971 0.831660 0.145307 0.159191 0.796808 0.129535 -0.568309
1403637229.238318920135498 0.637097 0.822470 0.141086 0.158745 0.796299 0.130590 -0.568906
1403637229.288319110870361 0.644819 0.813680 0.136654 0.159169 0.796230 0.132000 -0.568558
1403637229.338319063186646 0.650952 0.802789 0.130615 0.161400 0.796390 0.133861 -0.567269
1403637229.388319015502930 0.653014 0.793388 0.119261 0.168183 0.797194 0.133318 -0.564289
1403637229.438318967819214 0.657147 0.781048 0.108386 0.178005 0.798906 0.131468 -0.559267
1403637229.488318920135498 0.668328 0.768781 0.097623 0.191060 0.799934 0.128344 -0.554193
1403637229.538319110870361 0.672462 0.756641 0.085224 0.206031 0.799985 0.125544 -0.549376
1403637229.588319063186646 0.674430 0.745318 0.071091 0.221772 0.799142 0.124697 -0.544647
1403637229.638319015502930 0.677499 0.735558 0.057338 0.238034 0.797227 0.125563 -0.540373
1403637229.688318967819214 0.683924 0.729824 0.043387 0.253723 0.794584 0.128472 -0.536428
1403637229.738318920135498 0.688335 0.725560 0.028499 0.267158 0.791269 0.136103 -0.532913
1403637229.788319110870361 0.696159 0.723100 0.015538 0.275999 0.787023 0.150977 -0.530684
1403637229.838319063186646 0.702764 0.727521 0.002190 0.283838 0.781332 0.167293 -0.530065
1403637229.888319015502930 0.709152 0.733107 -0.010742 0.290903 0.775231 0.184413 -0.529513
1403637229.938318967819214 0.715882 0.741141 -0.023502 0.298737 0.769007 0.200208 -0.528490
1403637229.988318920135498 0.720552 0.746157 -0.037347 0.307318 0.762036 0.214758 -0.527954
1403637230.038319110870361 0.727997 0.754512 -0.050317 0.317788 0.757179 0.225565 -0.524225
1403637230.088319063186646 0.734533 0.759676 -0.062118 0.330494 0.752901 0.232131 -0.519644
1403637230.138319015502930 0.740067 0.763578 -0.073644 0.343902 0.749635 0.236495 -0.513661
1403637230.188318967819214 0.744874 0.763680 -0.082245 0.355427 0.746437 0.241651 -0.508043
1403637230.238318920135498 0.748010 0.767111 -0.089570 0.364415 0.743715 0.246661 -0.503237
1403637230.288319110870361 0.748930 0.769227 -0.093998 0.370946 0.741604 0.252021 -0.498906
1403637230.338319063186646 0.749063 0.772594 -0.095400 0.375424 0.739126 0.257026 -0.496676
1403637230.388319015502930 0.746979 0.775567 -0.095041 0.379199 0.735411 0.260888 -0.497309
1403637230.438318967819214 0.743901 0.781757 -0.091514 0.380401 0.731067 0.266539 -0.499794
1403637230.488318920135498 0.739825 0.787566 -0.084351 0.380372 0.726580 0.271752 -0.503537
1403637230.538319110870361 0.737589 0.798539 -0.072279 0.380441 0.722108 0.276352 -0.507400
1403637230.588319063186646 0.737234 0.807921 -0.057314 0.381037 0.716959 0.281910 -0.511182
1403637230.638319015502930 0.739290 0.813439 -0.042305 0.385224 0.711016 0.285323 -0.514441
1403637230.688318967819214 0.740434 0.816032 -0.030191 0.390681 0.705925 0.288878 -0.515352
1403637230.738318920135498 0.743307 0.819621 -0.013053 0.399326 0.702037 0.290355 -0.513203
1403637230.788319110870361 0.747904 0.817855 -0.000680 0.409846 0.699081 0.290899 -0.508615
1403637230.838319063186646 0.749082 0.817812 0.010645 0.423200 0.696813 0.289887 -0.501317
1403637230.888319015502930 0.754765 0.817688 0.022496 0.436619 0.694123 0.290956 -0.492850
1403637230.938318967819214 0.762121 0.818404 0.032442 0.450775 0.690243 0.292520 -0.484560
1403637230.988318920135498 0.766244 0.820575 0.040134 0.464221 0.685396 0.296634 -0.476172
1403637231.038319110870361 0.772103 0.822257 0.045507 0.477871 0.679215 0.302369 -0.467846
1403637231.088319063186646 0.777480 0.823317 0.048179 0.491769 0.671018 0.308830 -0.461002
1403637231.138319015502930 0.784138 0.826839 0.050201 0.505522 0.662156 0.316767 -0.453493
1403637231.188318967819214 0.791802 0.831822 0.046497 0.520404 0.651062 0.323836 -0.447692
1403637231.238318920135498 0.801284 0.840215 0.042029 0.534932 0.639224 0.332302 -0.441379
1403637231.288319110870361 0.811353 0.850345 0.032028 0.549467 0.626863 0.340677 -0.434820
1403637231.338319063186646 0.823580 0.860491 0.017972 0.563686 0.613068 0.350106 -0.428756
1403637231.388319015502930 0.836178 0.872556 0.000590 0.576974 0.598522 0.361027 -0.422530
1403637231.438318967819214 0.851298 0.882779 -0.020458 0.590910 0.583145 0.370873 -0.416197
1403637231.488318920135498 0.865458 0.893510 -0.047557 0.606479 0.567184 0.378295 -0.409120
1403637231.538319110870361 0.880577 0.904479 -0.079257 0.622486 0.550956 0.385044 -0.400874
1403637231.588319063186646 0.897162 0.914798 -0.114512 0.638035 0.535400 0.391341 -0.391293
1403637231.638319015502930 0.914746 0.925823 -0.152282 0.651212 0.520602 0.400107 -0.380541
1403637231.688318967819214 0.934440 0.938461 -0.189181 0.662943 0.506366 0.409792 -0.369012
1403637231.738318920135498 0.956623 0.951198 -0.224167 0.673965 0.491045 0.418216 -0.360197
1403637231.788319110870361 0.982412 0.965468 -0.256552 0.683576 0.476400 0.427150 -0.351154
1403637231.838319063186646 1.012787 0.980789 -0.286544 0.693181 0.463047 0.433785 -0.341934
1403637231.888319015502930 1.046822 0.997664 -0.313542 0.702621 0.451058 0.438673 -0.332320
1403637231.938318967819214 1.080671 1.014696 -0.338491 0.711465 0.438294 0.442740 -0.325110
1403637231.988318920135498 1.116381 1.033491 -0.361311 0.718757 0.426238 0.447809 -0.318082
1403637232.038319110870361 1.148673 1.053396 -0.382268 0.723003 0.411197 0.456720 -0.315580
1403637232.088319063186646 1.186549 1.077169 -0.398060 0.726157 0.395725 0.466410 -0.313942
1403637232.138319015502930 1.226640 1.098647 -0.409605 0.729114 0.380941 0.475605 -0.311570
1403637232.188318967819214 1.272220 1.122316 -0.421437 0.732318 0.366758 0.483239 -0.309318
1403637232.238318920135498 1.320563 1.144094 -0.429597 0.735929 0.355773 0.489556 -0.303593
1403637232.288319110870361 1.364044 1.162259 -0.439430 0.739130 0.345818 0.496140 -0.296552
1403637232.338319063186646 1.406462 1.180145 -0.445791 0.741399 0.336481 0.503827 -0.288559
1403637232.388319015502930 1.450629 1.198382 -0.449084 0.743251 0.327867 0.511848 -0.279451
1403637232.438318967819214 1.497749 1.213151 -0.451174 0.746236 0.318098 0.517794 -0.271727
1403637232.488318920135498 1.548071 1.226716 -0.451236 0.750619 0.306908 0.521433 -0.265493
1403637232.538319110870361 1.598899 1.238331 -0.451144 0.758904 0.293807 0.519066 -0.261367
1403637232.588319063186646 1.647796 1.247855 -0.451396 0.767621 0.281225 0.516072 -0.255617
1403637232.638319015502930 1.699517 1.255376 -0.450358 0.776617 0.268162 0.512390 -0.249823
1403637232.688318967819214 1.752217 1.261312 -0.448420 0.784628 0.255035 0.509636 -0.244103
1403637232.738318920135498 1.807629 1.266706 -0.444557 0.792887 0.243110 0.505876 -0.237314
1403637232.788319110870361 1.866230 1.271801 -0.438133 0.800498 0.231555 0.502248 -0.230936
1403637232.838319063186646 1.925818 1.274364 -0.430439 0.807108 0.224061 0.498863 -0.222508
1403637232.888319015502930 1.985323 1.271091 -0.423900 0.812634 0.218844 0.496235 -0.213271
1403637232.938318967819214 2.049617 1.272030 -0.413300 0.817846 0.215490 0.492854 -0.204419
1403637232.988318920135498 2.116437 1.270831 -0.401587 0.821049 0.213995 0.491491 -0.196269
1403637233.038319110870361 2.185456 1.268711 -0.388531 0.823961 0.213776 0.489733 -0.188547
1403637233.088319063186646 2.256902 1.267990 -0.373288 0.826291 0.214530 0.488081 -0.181649
1403637233.138319015502930 2.331070 1.266033 -0.358822 0.828352 0.215875 0.486127 -0.175819
1403637233.188318967819214 2.406858 1.267476 -0.344117 0.831061 0.218143 0.482308 -0.170677
1403637233.238318920135498 2.484596 1.268890 -0.331630 0.833104 0.219619 0.479183 -0.167600
1403637233.288319110870361 2.565024 1.271258 -0.319662 0.834981 0.222441 0.475852 -0.163986
1403637233.338319063186646 2.649098 1.272295 -0.312318 0.836853 0.224457 0.472209 -0.162218
1403637233.388319015502930 2.735038 1.274402 -0.306590 0.838769 0.226918 0.468250 -0.160363
1403637233.438318967819214 2.824726 1.276956 -0.302382 0.839590 0.230633 0.465937 -0.157479
1403637233.488318920135498 2.916525 1.279985 -0.301911 0.837735 0.237278 0.467894 -0.151571
1403637233.538319110870361 3.009055 1.285438 -0.302707 0.832313 0.247190 0.475243 -0.142465
1403637233.588319063186646 3.106338 1.291977 -0.307231 0.822889 0.259166 0.488338 -0.131197
1403637233.638319015502930 3.206644 1.302536 -0.314022 0.811054 0.271261 0.504199 -0.119971
1403637233.688318967819214 3.306093 1.315354 -0.323569 0.799245 0.281445 0.519469 -0.110220
1403637233.738318920135498 3.404728 1.332039 -0.336367 0.787932 0.290586 0.533303 -0.101543
1403637233.788319110870361 3.498332 1.354648 -0.347561 0.777963 0.297775 0.545251 -0.093836
1403637233.838319063186646 3.591023 1.380706 -0.361595 0.770449 0.302841 0.553963 -0.088433
1403637233.888319015502930 3.674780 1.412226 -0.376317 0.764677 0.306708 0.560503 -0.083877
1403637233.938318967819214 3.760722 1.447968 -0.392893 0.761093 0.309749 0.564247 -0.080116
1403637233.988318920135498 3.839750 1.490102 -0.412461 0.758255 0.312591 0.566996 -0.076496
1403637234.038319110870361 3.909001 1.537299 -0.430384 0.754289 0.315855 0.571045 -0.072058
1403637234.088319063186646 3.972434 1.589288 -0.448928 0.749835 0.318717 0.575744 -0.068454
1403637234.138319015502930 4.038596 1.646336 -0.469307 0.744985 0.321971 0.580800 -0.063274
1403637234.188318967819214 4.106974 1.707551 -0.491219 0.740977 0.324134 0.585139 -0.059180
1403637234.238318920135498 4.179524 1.775241 -0.516812 0.738914 0.323812 0.587955 -0.058831
1403637234.288319110870361 4.242559 1.846125 -0.542192 0.737746 0.321465 0.590474 -0.061093
1403637234.338319063186646 4.300657 1.923616 -0.570650 0.737442 0.317744 0.592291 -0.066400
1403637234.388319015502930 4.339668 2.005037 -0.596674 0.738353 0.312927 0.592785 -0.074287
1403637234.438318967819214 4.371817 2.090516 -0.624408 0.739513 0.308026 0.592362 -0.085716
1403637234.488318920135498 4.388682 2.178730 -0.654009 0.739459 0.305139 0.592287 -0.096366
1403637234.538319110870361 4.404293 2.269821 -0.684218 0.738591 0.302492 0.592471 -0.109360
1403637234.588319063186646 4.418320 2.364001 -0.715568 0.738208 0.300700 0.591276 -0.122563
1403637234.638319015502930 4.434411 2.459703 -0.748675 0.736902 0.300460 0.590280 -0.135162
1403637234.688318967819214 4.445112 2.556222 -0.783518 0.735023 0.301716 0.589151 -0.147002
1403637234.738318920135498 4.456559 2.654334 -0.818505 0.734213 0.302938 0.586081 -0.160213
1403637234.788319110870361 4.460851 2.751174 -0.856372 0.733288 0.304587 0.582433 -0.174030
1403637234.838319063186646 4.467367 2.849677 -0.892286 0.732062 0.307177 0.578604 -0.186935
1403637234.888319015502930 4.470091 2.946910 -0.928720 0.732002 0.309020 0.572629 -0.201929
1403637234.938318967819214 4.467378 3.043085 -0.962247 0.730129 0.312587 0.568108 -0.215533
1403637234.988318920135498 4.466422 3.139045 -0.988971 0.728101 0.318213 0.563710 -0.225477
1403637235.038319110870361 4.461314 3.232604 -1.015552 0.724281 0.326093 0.561192 -0.232687
1403637235.088319063186646 4.447668 3.321932 -1.040588 0.720443 0.334836 0.558422 -0.238773
1403637235.138319015502930 4.435696 3.412263 -1.063229 0.716116 0.344556 0.555641 -0.244381
1403637235.188318967819214 4.424838 3.503867 -1.081444 0.711635 0.353781 0.552918 -0.250392
1403637235.238318920135498 4.409128 3.591679 -1.099514 0.707890 0.362247 0.549896 -0.255505
1403637235.288319110870361 4.392104 3.677218 -1.117212 0.705909 0.370533 0.545597 -0.258305
1403637235.338319063186646 4.373992 3.762661 -1.129919 0.705446 0.378785 0.540241 -0.258859
1403637235.388319015502930 4.350029 3.844205 -1.142635 0.708487 0.385583 0.531370 -0.258878
1403637235.438318967819214 4.321746 3.922182 -1.154856 0.711626 0.391757 0.522256 -0.259545
1403637235.488318920135498 4.290495 3.996902 -1.173216 0.714078 0.398428 0.513513 -0.260100
1403637235.538319110870361 4.261532 4.073544 -1.185930 0.715849 0.404322 0.505508 -0.261811
1403637235.588319063186646 4.233553 4.150831 -1.194059 0.714958 0.411616 0.500756 -0.262013
1403637235.638319015502930 4.203228 4.226875 -1.201836 0.712986 0.417456 0.497140 -0.265018
1403637235.688318967819214 4.172341 4.302815 -1.207743 0.708892 0.423093 0.496121 -0.268938
1403637235.738318920135498 4.143733 4.381756 -1.208786 0.702107 0.429019 0.498316 -0.273259
1403637235.788319110870361 4.113893 4.460439 -1.208761 0.692596 0.436658 0.503632 -0.275671
1403637235.838319063186646 4.082558 4.539271 -1.201913 0.680364 0.445145 0.511736 -0.277626
1403637235.888319015502930 4.048353 4.617052 -1.194458 0.669240 0.454294 0.517511 -0.279136
1403637235.938318967819214 4.012654 4.696501 -1.186281 0.657961 0.465139 0.522770 -0.278288
1403637235.988318920135498 3.973005 4.774337 -1.179779 0.650290 0.474652 0.522970 -0.279878
1403637236.038319110870361 3.930582 4.853785 -1.172932 0.641443 0.484708 0.524119 -0.280907
1403637236.088319063186646 3.882929 4.933620 -1.166293 0.634929 0.493371 0.522421 -0.283772
1403637236.138319015502930 3.830606 5.009629 -1.155280 0.627822 0.502460 0.520884 -0.286449
1403637236.188318967819214 3.775612 5.084882 -1.141689 0.622206 0.511421 0.517306 -0.289313
1403637236.238318920135498 3.714061 5.156529 -1.128508 0.615049 0.519440 0.515599 -0.293350
1403637236.288319110870361 3.649504 5.231213 -1.111126 0.609796 0.526419 0.511202 -0.299506
1403637236.338319063186646 3.580351 5.306048 -1.093769 0.604148 0.533158 0.506998 -0.306107
1403637236.388319015502930 3.508421 5.381486 -1.074038 0.599419 0.539068 0.501769 -0.313577
1403637236.438318967819214 3.429844 5.455715 -1.054306 0.595571 0.543775 0.496159 -0.321608
1403637236.488318920135498 3.350529 5.534124 -1.030519 0.592464 0.546925 0.490658 -0.330324
1403637236.538319110870361 3.266546 5.607124 -1.008186 0.589377 0.549572 0.486582 -0.337406
1403637236.588319063186646 3.182724 5.678291 -0.984844 0.586872 0.551009 0.483331 -0.344036
1403637236.638319015502930 3.094940 5.752288 -0.964043 0.582981 0.551597 0.483419 -0.349542
1403637236.688318967819214 3.003835 5.826178 -0.942394 0.579681 0.552679 0.482659 -0.354339
1403637236.738318920135498 2.910645 5.894616 -0.924482 0.574154 0.552548 0.483945 -0.361712
1403637236.788319110870361 2.814241 5.961151 -0.902712 0.568754 0.553299 0.483929 -0.369042
1403637236.838319063186646 2.714157 6.030203 -0.881743 0.563094 0.553585 0.482939 -0.378470
1403637236.888319015502930 2.611848 6.094049 -0.858955 0.555805 0.553348 0.482384 -0.390119
1403637236.938318967819214 2.507413 6.155786 -0.834555 0.547975 0.552317 0.482404 -0.402437
1403637236.988318920135498 2.401376 6.214782 -0.808323 0.539605 0.550915 0.484171 -0.413398
1403637237.038319110870361 2.296452 6.274521 -0.779753 0.531722 0.547898 0.485654 -0.425699
1403637237.088319063186646 2.191224 6.312868 -0.749157 0.524359 0.544948 0.486677 -0.437291
1403637237.138319015502930 2.085649 6.344298 -0.717434 0.517270 0.542069 0.486033 -0.449850
1403637237.188318967819214 1.979515 6.371347 -0.685159 0.512245 0.541093 0.482327 -0.460635
1403637237.238318920135498 1.871964 6.394295 -0.650622 0.508112 0.542876 0.476411 -0.469192
1403637237.288319110870361 1.762527 6.414768 -0.616325 0.505171 0.546696 0.468938 -0.475419
1403637237.338319063186646 1.652161 6.428558 -0.583156 0.502067 0.551289 0.463208 -0.479007
1403637237.388319015502930 1.542829 6.437090 -0.546259 0.500231 0.555049 0.456625 -0.482890
1403637237.438318967819214 1.432033 6.440718 -0.510580 0.498237 0.557723 0.451193 -0.486961
1403637237.488318920135498 1.321150 6.439844 -0.473631 0.496400 0.560863 0.447087 -0.489013
1403637237.538319110870361 1.212344 6.431541 -0.435770 0.495644 0.562758 0.442271 -0.491972
1403637237.588319063186646 1.101102 6.417554 -0.398954 0.495290 0.564184 0.438147 -0.494380
1403637237.638319015502930 0.989126 6.397546 -0.360226 0.495370 0.563901 0.433615 -0.498599
1403637237.688318967819214 0.878271 6.373771 -0.319633 0.495632 0.563288 0.429287 -0.502761
1403637237.738318920135498 0.769416 6.346760 -0.276878 0.497729 0.562728 0.423837 -0.505930
1403637237.788319110870361 0.665856 6.311006 -0.235088 0.500190 0.562128 0.418651 -0.508482
1403637237.838319063186646 0.567211 6.268633 -0.194222 0.505153 0.561494 0.413142 -0.508781
1403637237.888319015502930 0.469136 6.221363 -0.158352 0.511657 0.560560 0.408356 -0.507174
1403637237.938318967819214 0.375288 6.170296 -0.122794 0.519626 0.558770 0.403637 -0.504819
1403637237.988318920135498 0.287608 6.112637 -0.090703 0.528844 0.556858 0.399722 -0.500456
1403637238.038319110870361 0.205932 6.048541 -0.062593 0.539981 0.553575 0.394727 -0.496152
1403637238.088319063186646 0.130494 5.983849 -0.031412 0.553748 0.548419 0.387862 -0.492101
1403637238.138319015502930 0.057732 5.914427 -0.005085 0.567395 0.541955 0.382942 -0.487547
1403637238.188318967819214 -0.014363 5.844316 0.020469 0.581768 0.533230 0.378576 -0.483624
1403637238.238318920135498 -0.083978 5.773156 0.045393 0.596467 0.523131 0.375285 -0.479293
1403637238.288319110870361 -0.150085 5.703144 0.065787 0.611491 0.510741 0.372591 -0.475813
1403637238.338319063186646 -0.209865 5.629589 0.089279 0.626519 0.498132 0.370879 -0.470943
1403637238.388319015502930 -0.259412 5.552224 0.111758 0.640775 0.482961 0.371616 -0.466967
1403637238.438318967819214 -0.307125 5.477199 0.136523 0.654409 0.467980 0.373252 -0.461981
1403637238.488318920135498 -0.347361 5.399363 0.160170 0.667016 0.452478 0.376646 -0.456609
1403637238.538319110870361 -0.381428 5.320013 0.185814 0.679059 0.438428 0.380520 -0.449293
1403637238.588319063186646 -0.402318 5.242677 0.207544 0.691087 0.425077 0.382871 -0.441721
1403637238.638319015502930 -0.420771 5.161325 0.231020 0.704695 0.413567 0.379904 -0.433636
1403637238.688318967819214 -0.431300 5.079028 0.252177 0.718141 0.406604 0.374236 -0.422958
1403637238.738318920135498 -0.437167 4.993125 0.269618 0.731436 0.401779 0.365785 -0.412040
1403637238.788319110870361 -0.437426 4.906673 0.284892 0.744181 0.398513 0.356227 -0.400605
1403637238.838319063186646 -0.431015 4.819263 0.300344 0.756227 0.396602 0.345573 -0.389111
1403637238.888319015502930 -0.417881 4.730574 0.314660 0.767022 0.395815 0.335146 -0.377736
1403637238.938318967819214 -0.397262 4.641238 0.328787 0.776708 0.396158 0.324751 -0.366497
1403637238.988318920135498 -0.367978 4.551952 0.344353 0.784271 0.397585 0.316906 -0.355550
1403637239.038319110870361 -0.331641 4.458856 0.359474 0.787852 0.400778 0.316016 -0.344674
1403637239.088319063186646 -0.283471 4.370063 0.374713 0.788644 0.404809 0.319724 -0.334585
1403637239.138319015502930 -0.222975 4.288623 0.391818 0.785398 0.408779 0.331676 -0.325638
1403637239.188318967819214 -0.151176 4.226117 0.413019 0.780578 0.411552 0.346555 -0.318155
1403637239.238318920135498 -0.072931 4.155731 0.434811 0.774759 0.411514 0.363667 -0.313291
1403637239.288319110870361 0.011583 4.095568 0.457309 0.770676 0.409486 0.377535 -0.309591
1403637239.338319063186646 0.101892 4.036114 0.479336 0.768807 0.405530 0.388449 -0.305922
1403637239.388319015502930 0.196660 3.986769 0.498299 0.769450 0.398702 0.396706 -0.302668
1403637239.438318967819214 0.296085 3.936274 0.512678 0.771637 0.390235 0.403652 -0.298928
1403637239.488318920135498 0.399065 3.888845 0.523779 0.774355 0.381199 0.410662 -0.293971
1403637239.538319110870361 0.506213 3.839382 0.529533 0.776898 0.370719 0.418944 -0.288933
1403637239.588319063186646 0.617085 3.791121 0.529948 0.779770 0.360085 0.426815 -0.283064
1403637239.638319015502930 0.729429 3.749680 0.527928 0.783133 0.349127 0.434441 -0.275816
1403637239.688318967819214 0.846024 3.707806 0.518700 0.785362 0.337199 0.443703 -0.269501
1403637239.738318920135498 0.965880 3.666550 0.506353 0.784930 0.326102 0.456996 -0.262101
1403637239.788319110870361 1.087560 3.626202 0.492162 0.783167 0.314182 0.471990 -0.255273
1403637239.838319063186646 1.209491 3.587512 0.475824 0.779850 0.303494 0.489208 -0.245767
1403637239.888319015502930 1.333194 3.550376 0.455678 0.777237 0.292021 0.504445 -0.236986
1403637239.938318967819214 1.456992 3.510632 0.433997 0.776062 0.279730 0.516820 -0.228860
1403637239.988318920135498 1.581201 3.472671 0.410635 0.775036 0.268034 0.528781 -0.218788
1403637240.038319110870361 1.706894 3.432581 0.384479 0.775203 0.256031 0.538243 -0.209289
1403637240.088319063186646 1.831313 3.392286 0.356751 0.776692 0.243288 0.545361 -0.200352
1403637240.138319015502930 1.953374 3.348536 0.329791 0.779764 0.230153 0.550143 -0.190631
1403637240.188318967819214 2.074195 3.302625 0.302506 0.783036 0.217330 0.553836 -0.181347
1403637240.238318920135498 2.194690 3.256997 0.274034 0.787710 0.205542 0.554889 -0.171359
1403637240.288319110870361 2.312794 3.214832 0.241640 0.794003 0.195287 0.552559 -0.161559
1403637240.338319063186646 2.429332 3.172913 0.209291 0.800488 0.188324 0.548460 -0.151474
1403637240.388319015502930 2.545481 3.130620 0.178945 0.807345 0.182966 0.542989 -0.140997
1403637240.438318967819214 2.659548 3.091760 0.148742 0.813352 0.180614 0.537566 -0.129846
1403637240.488318920135498 2.773833 3.057126 0.120812 0.818170 0.179240 0.532895 -0.120392
1403637240.538319110870361 2.889791 3.020423 0.094942 0.821484 0.178136 0.529716 -0.113284
1403637240.588319063186646 3.003298 2.991043 0.069392 0.822785 0.176480 0.528968 -0.109878
1403637240.638319015502930 3.118971 2.959301 0.048737 0.823003 0.176459 0.529363 -0.106314
1403637240.688318967819214 3.235253 2.927525 0.033538 0.822632 0.177054 0.530351 -0.103231
1403637240.738318920135498 3.353931 2.899584 0.017430 0.821634 0.176309 0.532171 -0.103085
1403637240.788319110870361 3.471210 2.872817 0.006460 0.819068 0.177226 0.536022 -0.101975
1403637240.838319063186646 3.589931 2.847255 -0.003827 0.812636 0.180273 0.545137 -0.099745
1403637240.888319015502930 3.707230 2.826913 -0.010575 0.805833 0.180949 0.554693 -0.101026
1403637240.938318967819214 3.826009 2.807011 -0.016811 0.799822 0.182928 0.562684 -0.101036
1403637240.988318920135498 3.941664 2.790036 -0.022935 0.795986 0.184352 0.567510 -0.101753
1403637241.038319110870361 4.052767 2.774794 -0.030174 0.795281 0.184877 0.568074 -0.103149
1403637241.088319063186646 4.164995 2.760559 -0.043001 0.796237 0.185159 0.566150 -0.105815
1403637241.138319015502930 4.270250 2.751858 -0.056955 0.796956 0.186746 0.564455 -0.106663
1403637241.188318967819214 4.373364 2.744340 -0.073130 0.797440 0.188442 0.563083 -0.107318
1403637241.238318920135498 4.472503 2.739722 -0.089775 0.796334 0.192082 0.563852 -0.105018
1403637241.288319110870361 4.570184 2.736527 -0.108357 0.795444 0.195947 0.564242 -0.102493
1403637241.338319063186646 4.669085 2.733667 -0.127152 0.793993 0.199234 0.565461 -0.100669
1403637241.388319015502930 4.762920 2.735227 -0.149056 0.791928 0.203535 0.567429 -0.097204
1403637241.438318967819214 4.857438 2.735626 -0.168081 0.790584 0.207463 0.568429 -0.093942
1403637241.488318920135498 4.942593 2.742068 -0.187770 0.788146 0.211342 0.570957 -0.090381
1403637241.538319110870361 5.034469 2.747562 -0.207064 0.784243 0.215476 0.575300 -0.086965
1403637241.588319063186646 5.129346 2.753374 -0.227358 0.781534 0.218830 0.577984 -0.085164
1403637241.638319015502930 5.220555 2.760583 -0.243224 0.778619 0.220406 0.581319 -0.085104
1403637241.688318967819214 5.302369 2.770878 -0.253874 0.774633 0.221197 0.586185 -0.086036
1403637241.738318920135498 5.386794 2.780840 -0.264719 0.770626 0.222131 0.590955 -0.086979
1403637241.788319110870361 5.462175 2.796862 -0.273934 0.766725 0.222080 0.595823 -0.088364
1403637241.838319063186646 5.545631 2.811074 -0.285222 0.763169 0.220510 0.600411 -0.091951
1403637241.888319015502930 5.625243 2.825552 -0.291394 0.761416 0.216390 0.602965 -0.099274
1403637241.938318967819214 5.700082 2.841177 -0.297187 0.759349 0.209975 0.605948 -0.110120
1403637241.988318920135498 5.763343 2.860516 -0.301541 0.757059 0.205091 0.609021 -0.117867
1403637242.038319110870361 5.820355 2.881270 -0.304150 0.754928 0.201911 0.611872 -0.122182
1403637242.088319063186646 5.873766 2.901906 -0.303370 0.754727 0.201459 0.612449 -0.121273
1403637242.138319015502930 5.929436 2.919485 -0.302202 0.755650 0.203017 0.611475 -0.117794
1403637242.188318967819214 5.976256 2.939355 -0.300237 0.756955 0.205643 0.610015 -0.112304
1403637242.238318920135498 6.029702 2.957489 -0.300268 0.757486 0.207931 0.609421 -0.107637
1403637242.288319110870361 6.064659 2.980773 -0.296624 0.757721 0.209921 0.609273 -0.102851
1403637242.338319063186646 6.103317 3.001298 -0.292389 0.756714 0.212988 0.610449 -0.096807
1403637242.388319015502930 6.137762 3.025906 -0.293618 0.754563 0.215935 0.612969 -0.090972
1403637242.438318967819214 6.158985 3.052827 -0.294678 0.751928 0.218606 0.616034 -0.085542
1403637242.488318920135498 6.187791 3.078428 -0.297252 0.749462 0.220453 0.618891 -0.081735
1403637242.538319110870361 6.214156 3.104088 -0.301387 0.747559 0.221861 0.620824 -0.080689
1403637242.588319063186646 6.238284 3.132790 -0.306149 0.745483 0.223697 0.622345 -0.083070
1403637242.638319015502930 6.251686 3.164344 -0.307424 0.744797 0.226550 0.621468 -0.087918
1403637242.688318967819214 6.256213 3.198620 -0.309343 0.744153 0.230414 0.619793 -0.094888
1403637242.738318920135498 6.258545 3.234773 -0.307829 0.743682 0.234682 0.617192 -0.104577
1403637242.788319110870361 6.250906 3.272920 -0.305826 0.743202 0.237491 0.614610 -0.116206
1403637242.838319063186646 6.236796 3.310885 -0.304122 0.741161 0.239790 0.614032 -0.127066
1403637242.888319015502930 6.216172 3.348600 -0.299554 0.739468 0.242157 0.613133 -0.136435
1403637242.938318967819214 6.194246 3.387965 -0.293271 0.736339 0.245684 0.614184 -0.142204
1403637242.988318920135498 6.170765 3.427890 -0.283984 0.733498 0.249239 0.615109 -0.146635
1403637243.038319110870361 6.141724 3.466070 -0.273508 0.732674 0.253743 0.614046 -0.147482
1403637243.088319063186646 6.108917 3.504432 -0.266557 0.732103 0.258720 0.613043 -0.145834
1403637243.138319015502930 6.075046 3.542151 -0.256137 0.732926 0.263051 0.610653 -0.143969
1403637243.188318967819214 6.033106 3.580199 -0.254177 0.735908 0.265410 0.606023 -0.143990
1403637243.238318920135498 5.986928 3.617744 -0.253757 0.740108 0.266268 0.600149 -0.145475
1403637243.288319110870361 5.935782 3.654896 -0.256574 0.743221 0.266208 0.595782 -0.147646
1403637243.338319063186646 5.882472 3.691683 -0.259617 0.746332 0.266029 0.591499 -0.149483
1403637243.388319015502930 5.825645 3.727980 -0.265553 0.748338 0.265130 0.588866 -0.151437
1403637243.438318967819214 5.768441 3.765243 -0.272532 0.750097 0.263404 0.586815 -0.153690
1403637243.488318920135498 5.710128 3.804344 -0.274387 0.750582 0.263226 0.586111 -0.154314
1403637243.538319110870361 5.648995 3.843480 -0.276397 0.752469 0.261740 0.583892 -0.156057
1403637243.588319063186646 5.585900 3.883094 -0.278205 0.756228 0.260054 0.579120 -0.158465
1403637243.638319015502930 5.520868 3.922441 -0.277103 0.759948 0.258211 0.574433 -0.160727
1403637243.688318967819214 5.453949 3.961604 -0.274737 0.764741 0.256423 0.568390 -0.162330
1403637243.738318920135498 5.386371 4.001223 -0.269978 0.767875 0.253371 0.564692 -0.165212
1403637243.788319110870361 5.317151 4.039941 -0.262439 0.773167 0.249368 0.557916 -0.169579
1403637243.838319063186646 5.248120 4.078681 -0.252451 0.778378 0.244145 0.551055 -0.175668
1403637243.888319015502930 5.180278 4.117102 -0.240303 0.782424 0.240673 0.545855 -0.178695
1403637243.938318967819214 5.111033 4.153331 -0.226193 0.785646 0.236661 0.541586 -0.182858
1403637243.988318920135498 5.044052 4.189317 -0.208907 0.786916 0.234934 0.540332 -0.183332
1403637244.038319110870361 4.980980 4.224742 -0.187698 0.787582 0.233855 0.539866 -0.183227
1403637244.088319063186646 4.922576 4.260311 -0.162708 0.787998 0.233025 0.539708 -0.182959
1403637244.138319015502930 4.865979 4.293594 -0.135627 0.788159 0.233206 0.539890 -0.181490
1403637244.188318967819214 4.814327 4.327257 -0.106129 0.787417 0.233015 0.541321 -0.180695
1403637244.238318920135498 4.761786 4.357658 -0.076345 0.787095 0.232354 0.542179 -0.180375
1403637244.288319110870361 4.713695 4.385105 -0.044287 0.788136 0.231857 0.540788 -0.180641
1403637244.338319063186646 4.666320 4.412459 -0.012035 0.789534 0.231569 0.539069 -0.180047
1403637244.388319015502930 4.624977 4.437335 0.021714 0.791400 0.232261 0.535696 -0.181028
1403637244.438318967819214 4.575731 4.460574 0.054001 0.792406 0.234528 0.533184 -0.181119
1403637244.488318920135498 4.537728 4.483765 0.090412 0.792513 0.239511 0.531025 -0.180472
1403637244.538319110870361 4.493941 4.505254 0.124735 0.790861 0.246978 0.530877 -0.178074
1403637244.588319063186646 4.453653 4.530014 0.158516 0.789300 0.255886 0.529756 -0.175747
1403637244.638319015502930 4.415403 4.554904 0.190533 0.787443 0.265708 0.528303 -0.173866
1403637244.688318967819214 4.375444 4.582772 0.220417 0.785372 0.274984 0.526664 -0.173779
1403637244.738318920135498 4.338422 4.609783 0.248452 0.783472 0.283401 0.524612 -0.175036
1403637244.788319110870361 4.301174 4.639129 0.274750 0.781729 0.290292 0.522928 -0.176570
1403637244.838319063186646 4.262935 4.669301 0.299246 0.780273 0.295978 0.521320 -0.178317
1403637244.888319015502930 4.230005 4.699001 0.323113 0.778958 0.300967 0.519564 -0.180821
1403637244.938318967819214 4.194619 4.729894 0.344943 0.778766 0.304164 0.516851 -0.184045
1403637244.988318920135498 4.157607 4.762074 0.364680 0.779303 0.306483 0.513540 -0.187169
1403637245.038319110870361 4.130812 4.793500 0.384784 0.782087 0.306194 0.507588 -0.192196
1403637245.088319063186646 4.097715 4.826022 0.400839 0.786719 0.303800 0.499186 -0.198981
1403637245.138319015502930 4.066129 4.860195 0.415569 0.791424 0.301629 0.490844 -0.204304
1403637245.188318967819214 4.026505 4.897272 0.425781 0.794811 0.300494 0.485234 -0.206221
1403637245.238318920135498 3.991804 4.935589 0.438030 0.794158 0.302499 0.485758 -0.204565
1403637245.288319110870361 3.959149 4.974730 0.448758 0.790992 0.304793 0.490663 -0.201698
1403637245.338319063186646 3.933688 5.013624 0.461194 0.787723 0.308236 0.495556 -0.197252
1403637245.388319015502930 3.912707 5.052847 0.471021 0.784622 0.310397 0.499910 -0.195222
1403637245.438318967819214 3.892432 5.093345 0.480492 0.781843 0.313434 0.503036 -0.193481
1403637245.488318920135498 3.871603 5.135802 0.487670 0.779470 0.316806 0.504754 -0.193094
1403637245.538319110870361 3.853258 5.179527 0.494246 0.777445 0.320521 0.504809 -0.194971
1403637245.588319063186646 3.835189 5.225669 0.499385 0.775040 0.325894 0.504655 -0.196035
1403637245.638319015502930 3.818556 5.272912 0.502460 0.773312 0.331062 0.502518 -0.199657
1403637245.688318967819214 3.803457 5.322400 0.504619 0.770848 0.337660 0.500628 -0.202854
1403637245.738318920135498 3.789559 5.371789 0.505691 0.766808 0.343925 0.499951 -0.209213
1403637245.788319110870361 3.775291 5.423592 0.504842 0.760172 0.350495 0.501829 -0.217853
1403637245.838319063186646 3.762126 5.476628 0.504660 0.751017 0.358514 0.505571 -0.227682
1403637245.888319015502930 3.747236 5.530451 0.503389 0.742053 0.367535 0.507584 -0.237979
1403637245.938318967819214 3.732679 5.585468 0.499562 0.733139 0.377571 0.507837 -0.249097
1403637245.988318920135498 3.718454 5.639859 0.493711 0.723748 0.389397 0.507167 -0.259501
1403637246.038319110870361 3.700987 5.697344 0.488281 0.714148 0.402638 0.504886 -0.270123
1403637246.088319063186646 3.684958 5.754042 0.481280 0.704248 0.416456 0.501023 -0.282091
1403637246.138319015502930 3.669455 5.809765 0.472646 0.693551 0.431511 0.496508 -0.293710
1403637246.188318967819214 3.652411 5.866540 0.463044 0.682678 0.447009 0.490546 -0.305776
1403637246.238318920135498 3.635131 5.922139 0.451705 0.671227 0.462345 0.483887 -0.318661
1403637246.288319110870361 3.619796 5.974829 0.438294 0.659281 0.478917 0.476392 -0.330209
1403637246.338319063186646 3.602992 6.026965 0.424374 0.645614 0.495523 0.469702 -0.342081
1403637246.388319015502930 3.588356 6.077116 0.409022 0.630990 0.512817 0.463411 -0.352307
1403637246.438318967819214 3.567521 6.130854 0.395062 0.615302 0.530606 0.457749 -0.361008
1403637246.488318920135498 3.549598 6.178638 0.378581 0.598536 0.546630 0.453214 -0.370874
1403637246.538319110870361 3.530771 6.223709 0.360687 0.582369 0.560411 0.448027 -0.382175
1403637246.588319063186646 3.495749 6.281698 0.347329 0.565695 0.573641 0.444107 -0.392039
1403637246.638319015502930 3.469202 6.326143 0.328905 0.549864 0.585190 0.438620 -0.403503
1403637246.688318967819214 3.440562 6.369358 0.310446 0.533621 0.594880 0.433945 -0.416002
1403637246.738318920135498 3.410384 6.410517 0.292006 0.518401 0.605583 0.428163 -0.425684
1403637246.788319110870361 3.371519 6.450573 0.276620 0.504389 0.615439 0.420801 -0.435606
1403637246.838319063186646 3.337183 6.484706 0.261334 0.490447 0.625386 0.413342 -0.444412
1403637246.888319015502930 3.300659 6.518789 0.247989 0.478404 0.635606 0.404380 -0.451233
1403637246.938318967819214 3.257431 6.554359 0.238029 0.469535 0.646308 0.393044 -0.455344
1403637246.988318920135498 3.217889 6.582263 0.227909 0.462460 0.656995 0.382106 -0.456599
1403637247.038319110870361 3.181310 6.603125 0.218164 0.457300 0.665534 0.371636 -0.458069
1403637247.088319063186646 3.141005 6.622406 0.209456 0.454699 0.673009 0.361506 -0.457844
1403637247.138319015502930 3.102565 6.627012 0.199310 0.453485 0.678638 0.351663 -0.458404
1403637247.188318967819214 3.065997 6.631783 0.186873 0.452223 0.683122 0.344597 -0.458357
1403637247.238318920135498 3.028744 6.640486 0.173241 0.452609 0.685523 0.338181 -0.459170
1403637247.288319110870361 2.990477 6.650953 0.158856 0.451946 0.686027 0.335077 -0.461340
1403637247.338319063186646 2.958411 6.658911 0.142929 0.449672 0.683293 0.335682 -0.467144
1403637247.388319015502930 2.921533 6.669760 0.129125 0.444493 0.676990 0.341544 -0.476926
1403637247.438318967819214 2.873629 6.686727 0.118197 0.439760 0.669880 0.347771 -0.486752
1403637247.488318920135498 2.818636 6.708212 0.106205 0.438466 0.665429 0.350728 -0.491876
1403637247.538319110870361 2.766210 6.726355 0.091106 0.437352 0.664556 0.352355 -0.492884
1403637247.588319063186646 2.714314 6.739658 0.073938 0.435676 0.665481 0.352399 -0.493088
1403637247.638319015502930 2.661723 6.750036 0.055281 0.432681 0.667552 0.352501 -0.492854
1403637247.688318967819214 2.621369 6.771845 0.033826 0.427271 0.670254 0.354921 -0.492169
1403637247.738318920135498 2.567192 6.779336 0.014455 0.420520 0.674042 0.356776 -0.491469
1403637247.788319110870361 2.511420 6.782877 -0.003810 0.413255 0.678768 0.358054 -0.490196
1403637247.838319063186646 2.458864 6.780584 -0.019325 0.405556 0.682549 0.358442 -0.491091
1403637247.888319015502930 2.407738 6.774313 -0.032544 0.400329 0.685152 0.354537 -0.494577
1403637247.938318967819214 2.355825 6.760427 -0.043255 0.395194 0.685870 0.348820 -0.501726
1403637247.988318920135498 2.298644 6.745409 -0.050559 0.391454 0.686654 0.341975 -0.508255
1403637248.038319110870361 2.239061 6.723788 -0.055707 0.389039 0.690375 0.332900 -0.511085
1403637248.088319063186646 2.183008 6.703796 -0.061793 0.386146 0.696720 0.324281 -0.510210
1403637248.138319015502930 2.128112 6.681977 -0.067967 0.383477 0.703329 0.314695 -0.509157
1403637248.188318967819214 2.072966 6.659587 -0.074267 0.380938 0.709587 0.306410 -0.507431
1403637248.238318920135498 2.018598 6.636316 -0.083241 0.378366 0.715567 0.300238 -0.504639
1403637248.288319110870361 1.963995 6.610796 -0.093509 0.377341 0.718701 0.293204 -0.505089
1403637248.338319063186646 1.907505 6.581991 -0.103602 0.374631 0.722025 0.289922 -0.504259
1403637248.388319015502930 1.846109 6.557404 -0.116550 0.373531 0.723043 0.287061 -0.505252
1403637248.438318967819214 1.786242 6.529277 -0.130204 0.372683 0.722977 0.284824 -0.507235
1403637248.488318920135498 1.731193 6.497958 -0.143136 0.370867 0.722281 0.284928 -0.509494
1403637248.538319110870361 1.673804 6.466747 -0.156315 0.369017 0.719434 0.286173 -0.514147
1403637248.588319063186646 1.612199 6.433156 -0.167912 0.367229 0.717608 0.288305 -0.516779
1403637248.638319015502930 1.550365 6.396130 -0.175999 0.366812 0.717571 0.289858 -0.516259
1403637248.688318967819214 1.489319 6.358176 -0.182846 0.368114 0.719246 0.289639 -0.513114
1403637248.738318920135498 1.430850 6.319427 -0.188753 0.370026 0.721394 0.289128 -0.508995
1403637248.788319110870361 1.374801 6.281331 -0.192349 0.372077 0.723585 0.288933 -0.504481
1403637248.838319063186646 1.320544 6.241828 -0.191624 0.374593 0.724782 0.288530 -0.501120
1403637248.888319015502930 1.267581 6.202057 -0.189303 0.377346 0.725123 0.287782 -0.498987
1403637248.938318967819214 1.214013 6.163379 -0.186530 0.380187 0.724589 0.287100 -0.497998
1403637248.988318920135498 1.158196 6.128300 -0.179103 0.383127 0.723948 0.287035 -0.496713
1403637249.038319110870361 1.108647 6.089129 -0.167909 0.384283 0.723112 0.288182 -0.496373
1403637249.088319063186646 1.059139 6.050986 -0.155682 0.385513 0.722838 0.289178 -0.495238
1403637249.138319015502930 1.010445 6.009252 -0.139762 0.386566 0.721668 0.290237 -0.495505
1403637249.188318967819214 0.966223 5.970563 -0.120270 0.387588 0.721560 0.290668 -0.494610
1403637249.238318920135498 0.914371 5.932687 -0.105990 0.388491 0.720514 0.291435 -0.494975
1403637249.288319110870361 0.868904 5.894970 -0.085384 0.389734 0.719304 0.291479 -0.495732
1403637249.338319063186646 0.820375 5.857793 -0.066789 0.389481 0.718194 0.293874 -0.496124
1403637249.388319015502930 0.775232 5.820471 -0.048738 0.390813 0.717531 0.293570 -0.496217
1403637249.438318967819214 0.723895 5.782125 -0.038410 0.391749 0.716907 0.293307 -0.496536
1403637249.488318920135498 0.669311 5.743398 -0.034130 0.392171 0.716176 0.293829 -0.496949
1403637249.538319110870361 0.615058 5.703848 -0.032861 0.392807 0.715901 0.293742 -0.496894
1403637249.588319063186646 0.559877 5.662964 -0.035068 0.393242 0.715398 0.293521 -0.497406
1403637249.638319015502930 0.494483 5.617439 -0.044984 0.393222 0.714970 0.294057 -0.497720
1403637249.688318967819214 0.423566 5.569478 -0.058023 0.392639 0.713607 0.295540 -0.499255
1403637249.738318920135498 0.356897 5.523703 -0.070318 0.391177 0.710986 0.296855 -0.503345
1403637249.788319110870361 0.286770 5.476452 -0.082758 0.388595 0.709287 0.298917 -0.506512
1403637249.838319063186646 0.217980 5.427565 -0.092463 0.385758 0.708022 0.299382 -0.510163
1403637249.888319015502930 0.155333 5.382223 -0.098802 0.382795 0.708176 0.297966 -0.513002
1403637249.938318967819214 0.093937 5.336114 -0.103885 0.379021 0.710360 0.295353 -0.514294
1403637249.988318920135498 0.031042 5.286009 -0.106941 0.377154 0.712916 0.288858 -0.515817
1403637250.038319110870361 -0.028707 5.238010 -0.108614 0.376711 0.715513 0.281059 -0.516852
1403637250.088319063186646 -0.085996 5.192863 -0.108784 0.376198 0.717801 0.273075 -0.518331
1403637250.138319015502930 -0.142581 5.144129 -0.107279 0.374678 0.721454 0.266111 -0.517982
1403637250.188318967819214 -0.198642 5.096962 -0.106563 0.371704 0.723799 0.260388 -0.519760
1403637250.238318920135498 -0.249524 5.049103 -0.104616 0.368945 0.725839 0.253600 -0.522230
1403637250.288319110870361 -0.301450 4.997709 -0.105339 0.366752 0.727383 0.247106 -0.524734
1403637250.338319063186646 -0.355320 4.948907 -0.108551 0.365070 0.728166 0.240980 -0.527662
1403637250.388319015502930 -0.406282 4.902953 -0.111837 0.363742 0.729234 0.236580 -0.529093
1403637250.438318967819214 -0.450371 4.861412 -0.114584 0.364166 0.729632 0.231000 -0.530716
1403637250.488318920135498 -0.497809 4.818462 -0.120079 0.364738 0.730348 0.226014 -0.531484
1403637250.538319110870361 -0.546593 4.772761 -0.126762 0.365454 0.731901 0.222162 -0.530479
1403637250.588319063186646 -0.591264 4.728497 -0.133368 0.365761 0.733117 0.218823 -0.529976
1403637250.638319015502930 -0.635784 4.689598 -0.139659 0.363357 0.735614 0.217914 -0.528543
1403637250.688318967819214 -0.684238 4.646592 -0.144524 0.361965 0.737014 0.216051 -0.528312
1403637250.738318920135498 -0.732205 4.603723 -0.149265 0.359871 0.738457 0.215442 -0.527977
1403637250.788319110870361 -0.779445 4.559579 -0.149530 0.357263 0.740357 0.215919 -0.526892
1403637250.838319063186646 -0.820031 4.517974 -0.146739 0.355807 0.740439 0.215182 -0.528061
1403637250.888319015502930 -0.869145 4.468200 -0.147076 0.354283 0.739783 0.215080 -0.530043
1403637250.938318967819214 -0.913693 4.424846 -0.143838 0.354450 0.740043 0.213289 -0.530291
1403637250.988318920135498 -0.952598 4.385659 -0.137188 0.354395 0.739604 0.212010 -0.531453
1403637251.038319110870361 -1.000444 4.342122 -0.132955 0.353463 0.739959 0.210326 -0.532248
1403637251.088319063186646 -1.031534 4.306797 -0.121757 0.352840 0.741016 0.206329 -0.532754
1403637251.138319015502930 -1.077811 4.265667 -0.112629 0.352237 0.742811 0.201344 -0.532561
1403637251.188318967819214 -1.136488 4.214805 -0.105819 0.351210 0.744056 0.197031 -0.533115
1403637251.238318920135498 -1.191490 4.166653 -0.096146 0.349718 0.745457 0.193582 -0.533402
1403637251.288319110870361 -1.235667 4.129985 -0.080727 0.347605 0.746439 0.191337 -0.534218
1403637251.338319063186646 -1.282706 4.090601 -0.064438 0.342451 0.747614 0.191872 -0.535711
1403637251.388319015502930 -1.331314 4.051774 -0.045784 0.333980 0.748844 0.197123 -0.537432
1403637251.438318967819214 -1.355645 4.033338 -0.021168 0.327188 0.750178 0.197788 -0.539501
1403637251.488318920135498 -1.377880 4.016987 0.003096 0.319308 0.751991 0.198317 -0.541500
1403637251.538319110870361 -1.396658 4.002207 0.025833 0.311994 0.753841 0.196705 -0.543775
1403637251.588319063186646 -1.418677 3.983494 0.046130 0.304660 0.755977 0.194831 -0.545639
1403637251.638319015502930 -1.440111 3.965779 0.064678 0.298485 0.757692 0.192485 -0.547503
1403637251.688318967819214 -1.460187 3.947705 0.081826 0.293620 0.759350 0.188741 -0.549137
1403637251.738318920135498 -1.481282 3.928114 0.097040 0.289486 0.760694 0.185472 -0.550584
1403637251.788319110870361 -1.505116 3.910302 0.110637 0.285993 0.761601 0.183181 -0.551922
1403637251.838319063186646 -1.524867 3.891155 0.123024 0.282281 0.762708 0.182479 -0.552535
1403637251.888319015502930 -1.541391 3.872795 0.134861 0.278204 0.762050 0.183448 -0.555183
1403637251.938318967819214 -1.556011 3.857582 0.145676 0.272816 0.761933 0.186861 -0.556877
1403637251.988318920135498 -1.570551 3.842687 0.156431 0.267200 0.760787 0.191751 -0.559499
1403637252.038319110870361 -1.585236 3.834953 0.168514 0.264045 0.759963 0.194722 -0.561089
1403637252.088319063186646 -1.594740 3.819702 0.176313 0.260561 0.758454 0.196927 -0.563982
1403637252.138319015502930 -1.606010 3.805964 0.184856 0.259191 0.756811 0.197517 -0.566608
1403637252.188318967819214 -1.610035 3.791211 0.191796 0.259139 0.754824 0.195666 -0.569914
1403637252.238318920135498 -1.618368 3.775257 0.196846 0.260180 0.754179 0.193524 -0.571025
1403637252.288319110870361 -1.625917 3.757646 0.200005 0.261203 0.754223 0.191545 -0.571166
1403637252.338319063186646 -1.627921 3.740769 0.200082 0.262399 0.754872 0.189196 -0.570543
1403637252.388319015502930 -1.632936 3.722755 0.200263 0.264359 0.756734 0.186702 -0.567988
1403637252.438318967819214 -1.635009 3.705585 0.196352 0.266519 0.759217 0.184138 -0.564492
1403637252.488318920135498 -1.636478 3.689848 0.191139 0.268134 0.760989 0.182486 -0.561870
1403637252.538319110870361 -1.631504 3.679099 0.183102 0.269141 0.762442 0.181105 -0.559863
1403637252.588319063186646 -1.628319 3.667590 0.174655 0.270509 0.763645 0.179826 -0.557973
1403637252.638319015502930 -1.624787 3.653868 0.166387 0.272427 0.764846 0.177414 -0.556164
1403637252.688318967819214 -1.621525 3.641147 0.156166 0.275002 0.767212 0.174190 -0.552646
1403637252.738318920135498 -1.618913 3.628830 0.145194 0.278367 0.769534 0.169778 -0.549095
1403637252.788319110870361 -1.612473 3.627584 0.132852 0.282312 0.771451 0.164986 -0.545842
1403637252.838319063186646 -1.610962 3.616411 0.124394 0.283133 0.773373 0.164531 -0.542826
1403637252.888319015502930 -1.611541 3.606899 0.120022 0.281444 0.773030 0.168033 -0.543119
1403637252.938318967819214 -1.608613 3.599421 0.116183 0.279009 0.770880 0.172810 -0.545925
1403637252.988318920135498 -1.606305 3.590900 0.116442 0.275731 0.769688 0.177722 -0.547693
1403637253.038319110870361 -1.603664 3.582690 0.120652 0.273428 0.768572 0.181596 -0.549143
1403637253.088319063186646 -1.599547 3.576471 0.124875 0.272432 0.767292 0.183460 -0.550804
1403637253.138319015502930 -1.597984 3.576435 0.133176 0.271821 0.766387 0.185579 -0.551656
1403637253.188318967819214 -1.593670 3.572646 0.138352 0.271632 0.765946 0.186519 -0.552045
1403637253.238318920135498 -1.590399 3.570371 0.144208 0.271750 0.765196 0.187326 -0.552753
1403637253.288319110870361 -1.585200 3.566302 0.146143 0.272002 0.765183 0.187790 -0.552489
1403637253.338319063186646 -1.580643 3.560707 0.146029 0.273261 0.765026 0.186860 -0.552401
1403637253.388319015502930 -1.575811 3.554395 0.144790 0.272677 0.765013 0.188368 -0.552195
1403637253.438318967819214 -1.566755 3.548333 0.141835 0.274052 0.764259 0.186376 -0.553233
1403637253.488318920135498 -1.562135 3.541455 0.137655 0.273724 0.763988 0.187779 -0.553296
1403637253.538319110870361 -1.553737 3.532715 0.133844 0.273927 0.764889 0.187878 -0.551915
1403637253.588319063186646 -1.545733 3.526464 0.127906 0.273671 0.765083 0.188441 -0.551581
1403637253.638319015502930 -1.537810 3.517304 0.125677 0.272552 0.765666 0.190138 -0.550743
1403637253.688318967819214 -1.527611 3.512225 0.121834 0.271010 0.765523 0.192026 -0.551048
1403637253.738318920135498 -1.515992 3.504680 0.119017 0.269671 0.765515 0.193858 -0.551074
1403637253.788319110870361 -1.504593 3.496785 0.119273 0.267303 0.765072 0.197093 -0.551696
1403637253.838319063186646 -1.492765 3.488135 0.120733 0.266884 0.764970 0.197966 -0.551727
1403637253.888319015502930 -1.484007 3.479379 0.123491 0.266203 0.764930 0.198747 -0.551831
1403637253.938318967819214 -1.472135 3.471084 0.129211 0.266298 0.764892 0.198880 -0.551791
1403637253.988318920135498 -1.459943 3.457877 0.133796 0.265973 0.764929 0.199335 -0.551730
1403637254.038319110870361 -1.447857 3.438127 0.136980 0.264502 0.764551 0.200873 -0.552405
1403637254.088319063186646 -1.437448 3.427813 0.147779 0.264362 0.764341 0.200643 -0.552846
1403637254.138319015502930 -1.427545 3.412273 0.158485 0.262058 0.764499 0.200104 -0.553918
1403637254.188318967819214 -1.417090 3.397834 0.170913 0.259942 0.765635 0.197638 -0.554231
1403637254.238318920135498 -1.405682 3.378724 0.182981 0.256327 0.768007 0.195259 -0.553476
1403637254.288319110870361 -1.394397 3.363660 0.198262 0.252517 0.771096 0.192737 -0.551813
1403637254.338319063186646 -1.382118 3.345587 0.213556 0.248930 0.774235 0.189870 -0.550039
1403637254.388319015502930 -1.368457 3.328140 0.229689 0.245769 0.777494 0.186371 -0.548058
1403637254.438318967819214 -1.354150 3.301029 0.240928 0.242833 0.779514 0.183155 -0.547580
1403637254.488318920135498 -1.343880 3.286313 0.255112 0.240476 0.782061 0.181614 -0.545498
1403637254.538319110870361 -1.331600 3.261051 0.264825 0.238322 0.783487 0.178852 -0.545311
1403637254.588319063186646 -1.320923 3.242283 0.275819 0.236065 0.784120 0.177681 -0.545764
1403637254.638319015502930 -1.308418 3.219711 0.283581 0.234413 0.783880 0.176258 -0.547280
1403637254.688318967819214 -1.299037 3.197911 0.290252 0.232492 0.783758 0.175929 -0.548378
1403637254.738318920135498 -1.286407 3.175598 0.294894 0.230652 0.782704 0.175767 -0.550708
1403637254.788319110870361 -1.274951 3.152184 0.298486 0.229849 0.781271 0.174790 -0.553384
1403637254.838319063186646 -1.264666 3.130053 0.301936 0.229781 0.779911 0.173205 -0.555823
1403637254.888319015502930 -1.252744 3.108513 0.301815 0.229173 0.778685 0.172585 -0.557983
1403637254.938318967819214 -1.242862 3.086746 0.301631 0.229129 0.777805 0.171882 -0.559442
1403637254.988318920135498 -1.232270 3.065373 0.298823 0.228512 0.776521 0.172224 -0.561370
1403637255.038319110870361 -1.220720 3.042570 0.296671 0.227879 0.776721 0.171768 -0.561490
1403637255.088319063186646 -1.209741 3.020602 0.292635 0.225970 0.776513 0.170321 -0.562988
1403637255.138319015502930 -1.198801 2.995946 0.291191 0.223876 0.777403 0.167255 -0.563516
1403637255.188318967819214 -1.186777 2.968928 0.291683 0.220210 0.778630 0.164682 -0.564024
1403637255.238318920135498 -1.176200 2.946160 0.291158 0.216416 0.779463 0.161614 -0.565228
1403637255.288319110870361 -1.162200 2.920278 0.294461 0.213412 0.779922 0.157998 -0.566757
1403637255.338319063186646 -1.149771 2.894907 0.299582 0.210253 0.780223 0.155067 -0.568331
1403637255.388319015502930 -1.136104 2.868101 0.304458 0.207369 0.781706 0.150456 -0.568592
1403637255.438318967819214 -1.120561 2.840906 0.308728 0.202705 0.783423 0.147269 -0.568745
1403637255.488318920135498 -1.105881 2.814349 0.312211 0.197631 0.785236 0.143444 -0.569008
1403637255.538319110870361 -1.089765 2.787642 0.313597 0.191270 0.787134 0.140052 -0.569405
1403637255.588319063186646 -1.074986 2.760843 0.314507 0.183781 0.789272 0.137168 -0.569613
1403637255.638319015502930 -1.058578 2.734852 0.313170 0.176320 0.790840 0.133256 -0.570724
1403637255.688318967819214 -1.043510 2.707600 0.311155 0.168043 0.793667 0.129220 -0.570225
1403637255.738318920135498 -1.026410 2.680623 0.308920 0.159579 0.796705 0.124016 -0.569575
1403637255.788319110870361 -1.009693 2.652875 0.308127 0.150467 0.799784 0.119245 -0.568758
1403637255.838319063186646 -0.993076 2.624579 0.309277 0.141911 0.802916 0.113113 -0.567796
1403637255.888319015502930 -0.977720 2.594930 0.312049 0.133174 0.805977 0.106942 -0.566771
1403637255.938318967819214 -0.961444 2.564095 0.316910 0.124772 0.807739 0.101234 -0.567222
1403637255.988318920135498 -0.943499 2.531856 0.324235 0.117498 0.809561 0.095233 -0.567218
1403637256.038319110870361 -0.928306 2.501428 0.334688 0.110675 0.810980 0.091274 -0.567214
1403637256.088319063186646 -0.908952 2.465793 0.345876 0.104840 0.812191 0.088519 -0.567026
1403637256.138319015502930 -0.887700 2.428009 0.357347 0.100107 0.812278 0.086155 -0.568120
1403637256.188318967819214 -0.865967 2.387865 0.368834 0.096123 0.811355 0.084869 -0.570317
1403637256.238318920135498 -0.848005 2.352462 0.379993 0.093259 0.809470 0.083533 -0.573658
1403637256.288319110870361 -0.833177 2.318356 0.389438 0.091519 0.808437 0.082553 -0.575534
1403637256.338319063186646 -0.819970 2.287210 0.398011 0.089935 0.807728 0.082570 -0.576774
1403637256.388319015502930 -0.803974 2.254302 0.403568 0.088976 0.806844 0.082574 -0.578158
1403637256.438318967819214 -0.789808 2.220669 0.408760 0.087875 0.806691 0.083996 -0.578336
1403637256.488318920135498 -0.770599 2.186527 0.410146 0.087763 0.806113 0.084724 -0.579052
1403637256.538319110870361 -0.754348 2.151681 0.411925 0.088555 0.805481 0.084404 -0.579857
1403637256.588319063186646 -0.736645 2.117428 0.410603 0.089433 0.805349 0.084608 -0.579876
1403637256.638319015502930 -0.719370 2.080886 0.408911 0.091581 0.806955 0.083928 -0.577401
1403637256.688318967819214 -0.701501 2.048666 0.404553 0.096107 0.809336 0.079145 -0.573999
1403637256.738318920135498 -0.684592 2.015041 0.398253 0.101448 0.812312 0.073693 -0.569584
1403637256.788319110870361 -0.667171 1.980997 0.391395 0.106996 0.814235 0.068371 -0.566478
1403637256.838319063186646 -0.651348 1.949526 0.383997 0.111408 0.814915 0.064354 -0.565120
1403637256.888319015502930 -0.634335 1.918185 0.377081 0.112641 0.814603 0.062553 -0.565527
1403637256.938318967819214 -0.622462 1.897633 0.368448 0.109990 0.812837 0.064012 -0.568420
1403637256.988318920135498 -0.604377 1.863006 0.364202 0.106440 0.812324 0.063762 -0.569855
1403637257.038319110870361 -0.585880 1.830515 0.360539 0.100421 0.811345 0.064345 -0.572272
1403637257.088319063186646 -0.568491 1.792334 0.357995 0.094914 0.810723 0.064556 -0.574066
1403637257.138319015502930 -0.553360 1.757760 0.359719 0.089848 0.810816 0.064555 -0.574750
1403637257.188318967819214 -0.539121 1.724528 0.361949 0.085535 0.810847 0.063831 -0.575445
1403637257.238318920135498 -0.526242 1.693566 0.365832 0.082051 0.811765 0.062684 -0.574784
1403637257.288319110870361 -0.514979 1.665527 0.371857 0.078732 0.812891 0.061426 -0.573791
1403637257.338319063186646 -0.502559 1.635085 0.378834 0.075456 0.814129 0.060600 -0.572563
1403637257.388319015502930 -0.495295 1.613042 0.388148 0.072222 0.815133 0.060443 -0.571566
1403637257.438318967819214 -0.488865 1.588225 0.397492 0.069875 0.815939 0.060084 -0.570745
1403637257.488318920135498 -0.475636 1.558989 0.403929 0.068043 0.816313 0.059396 -0.570504
1403637257.538319110870361 -0.466333 1.532500 0.410451 0.064994 0.817062 0.060937 -0.569625
1403637257.588319063186646 -0.457929 1.500565 0.414274 0.064940 0.818386 0.059427 -0.567887
1403637257.638319015502930 -0.446350 1.467173 0.415665 0.065373 0.819799 0.057626 -0.565981
1403637257.688318967819214 -0.433770 1.433166 0.415636 0.065815 0.822325 0.055506 -0.562467
1403637257.738318920135498 -0.421515 1.397412 0.412810 0.065263 0.823854 0.053528 -0.560482
1403637257.788319110870361 -0.407152 1.362957 0.410773 0.064079 0.825761 0.050435 -0.558094
1403637257.838319063186646 -0.393529 1.324997 0.407181 0.061823 0.827564 0.047603 -0.555922
1403637257.888319015502930 -0.379804 1.286036 0.400739 0.059081 0.829185 0.043874 -0.554109
1403637257.938318967819214 -0.366833 1.245991 0.393215 0.055837 0.830235 0.039381 -0.553210
1403637257.988318920135498 -0.366769 1.206976 0.387091 0.051428 0.831147 0.035250 -0.552546
1403637258.038319110870361 -0.371244 1.169625 0.379629 0.046524 0.831748 0.029686 -0.552403
1403637258.088319063186646 -0.361144 1.120592 0.373861 0.040182 0.832025 0.023869 -0.552766
1403637258.138319015502930 -0.357185 1.075678 0.369062 0.032247 0.831052 0.018518 -0.554950
1403637258.188318967819214 -0.353813 1.032627 0.367775 0.022342 0.828871 0.014209 -0.558813
1403637258.238318920135498 -0.365802 1.003102 0.369212 0.012726 0.826639 0.011764 -0.562465
1403637258.288319110870361 -0.378663 0.978074 0.371326 0.004821 0.824007 0.008787 -0.566490
1403637258.338319063186646 -0.394231 0.954461 0.372822 -0.002194 0.821831 0.005992 -0.569695
1403637258.388319015502930 -0.398545 0.919561 0.370206 -0.007105 0.820597 0.002030 -0.571460
1403637258.438318967819214 -0.389464 0.871055 0.366654 -0.009861 0.819994 -0.003708 -0.572275
1403637258.488318920135498 -0.381439 0.799144 0.359640 -0.010781 0.820739 -0.009388 -0.571125
1403637258.538319110870361 -0.369140 0.735513 0.348551 -0.010761 0.822008 -0.015360 -0.569168
1403637258.588319063186646 -0.365236 0.669706 0.337332 -0.010884 0.822229 -0.018642 -0.568747
1403637258.638319015502930 -0.368146 0.619074 0.326136 -0.011579 0.821130 -0.019644 -0.570286
1403637258.688318967819214 -0.366908 0.570956 0.314982 -0.012474 0.819449 -0.019889 -0.572671
1403637258.738318920135498 -0.364447 0.520349 0.303732 -0.012812 0.818260 -0.020455 -0.574341
1403637258.788319110870361 -0.362226 0.481668 0.292663 -0.013376 0.817296 -0.019910 -0.575718
1403637258.838319063186646 -0.356854 0.452526 0.279089 -0.013817 0.816057 -0.020465 -0.577443
1403637258.888319015502930 -0.357061 0.427240 0.267947 -0.013134 0.815015 -0.021520 -0.578891
1403637258.938318967819214 -0.355966 0.356899 0.253029 -0.011372 0.814937 -0.021949 -0.579022
1403637258.988318920135498 -0.358941 0.321475 0.244324 -0.010379 0.814972 -0.022255 -0.578980
1403637259.038319110870361 -0.365231 0.293535 0.242023 -0.008396 0.815144 -0.023793 -0.578708
1403637259.088319063186646 -0.369556 0.275479 0.247951 -0.008709 0.815427 -0.022289 -0.578365
1403637259.138319015502930 -0.375422 0.257635 0.255962 -0.008430 0.815130 -0.022346 -0.578785
1403637259.188318967819214 -0.387635 0.258872 0.267935 -0.007308 0.815290 -0.023243 -0.578540
1403637259.238318920135498 -0.398675 0.260421 0.280859 -0.006742 0.814870 -0.023224 -0.579140
1403637259.288319110870361 -0.399675 0.253197 0.293624 -0.006069 0.814635 -0.024245 -0.579435
1403637259.338319063186646 -0.406649 0.250266 0.305126 -0.005003 0.814948 -0.024569 -0.578991
1403637259.388319015502930 -0.396866 0.201244 0.318637 -0.003687 0.814963 -0.024928 -0.578965
1403637259.438318967819214 -0.400451 0.167794 0.327552 -0.000175 0.814118 -0.027141 -0.580065
1403637259.488318920135498 -0.401869 0.148913 0.334355 0.003647 0.813346 -0.031349 -0.580924
1403637259.538319110870361 -0.406413 0.132055 0.339760 0.006295 0.812866 -0.033443 -0.581456
1403637259.588319063186646 -0.412501 0.121212 0.342227 0.007982 0.812390 -0.034370 -0.582046
1403637259.638319015502930 -0.418009 0.117782 0.347789 0.008529 0.811987 -0.033281 -0.582664
1403637259.688318967819214 -0.425933 0.108671 0.350542 0.007577 0.812532 -0.030155 -0.582087
1403637259.738318920135498 -0.437832 0.111713 0.350328 0.006723 0.814281 -0.027151 -0.579797
1403637259.788319110870361 -0.438619 0.099366 0.351204 0.004915 0.816228 -0.023763 -0.577220
1403637259.838319063186646 -0.452973 0.097255 0.346719 0.004254 0.817178 -0.020869 -0.575992
1403637259.888319015502930 -0.462525 0.092407 0.343169 0.006174 0.816431 -0.022243 -0.576981
1403637259.938318967819214 -0.475641 0.082975 0.337330 0.009037 0.814875 -0.024610 -0.579043
1403637259.988318920135498 -0.490936 0.080809 0.330008 0.010038 0.813970 -0.024403 -0.580307
1403637260.038319110870361 -0.498675 0.080040 0.321302 0.009104 0.813020 -0.022384 -0.581734
1403637260.088319063186646 -0.525648 0.088832 0.309194 0.008936 0.812417 -0.019197 -0.582693
1403637260.138319015502930 -0.534799 0.096145 0.297346 0.007209 0.812912 -0.016193 -0.582116
1403637260.188318967819214 -0.545620 0.104875 0.283528 0.005411 0.813612 -0.012971 -0.581239
1403637260.238318920135498 -0.560252 0.115329 0.266910 0.003027 0.814765 -0.008852 -0.579716
1403637260.288319110870361 -0.593252 0.128572 0.251082 0.002580 0.814917 -0.004198 -0.579557
1403637260.338319063186646 -0.611312 0.137034 0.233243 0.000523 0.814956 0.000388 -0.579522
1403637260.388319015502930 -0.619618 0.139199 0.221009 -0.002640 0.814611 0.006253 -0.579968
1403637260.438318967819214 -0.630521 0.140200 0.209524 -0.004926 0.814138 0.011020 -0.580546
1403637260.488318920135498 -0.634603 0.145432 0.196570 -0.004893 0.815769 0.011684 -0.578239
1403637260.538319110870361 -0.640932 0.157286 0.182069 -0.004466 0.818530 0.011881 -0.574324
1403637260.588319063186646 -0.641256 0.165523 0.170071 -0.003327 0.821815 0.010517 -0.569648
1403637260.638319015502930 -0.638831 0.169843 0.159300 -0.001747 0.824559 0.008719 -0.565705
1403637260.688318967819214 -0.635651 0.171216 0.148137 -0.000729 0.825521 0.007880 -0.564315
1403637260.738318920135498 -0.633308 0.167950 0.136425 0.000876 0.824489 0.005454 -0.565851
1403637260.788319110870361 -0.627150 0.166639 0.123237 0.000158 0.822480 0.005350 -0.568768
1403637260.838319063186646 -0.625848 0.168432 0.108587 0.000149 0.819381 0.004065 -0.573234
1403637260.888319015502930 -0.625324 0.170199 0.091622 0.000105 0.817120 0.002942 -0.576460
1403637260.938318967819214 -0.625973 0.173928 0.077607 0.000290 0.814350 0.002230 -0.580369
1403637260.988318920135498 -0.628288 0.177835 0.063377 -0.000373 0.812205 0.003007 -0.583364
1403637261.038319110870361 -0.626136 0.179898 0.051817 -0.000284 0.811951 0.002659 -0.583719
1403637261.088319063186646 -0.621988 0.179938 0.037195 -0.000000 0.813834 0.001738 -0.581094
1403637261.138319015502930 -0.612653 0.177065 0.022054 0.000072 0.817093 0.000951 -0.576505
1403637261.188318967819214 -0.602852 0.171145 0.007786 -0.000452 0.820711 0.001022 -0.571343
1403637261.238318920135498 -0.594654 0.165320 -0.006391 -0.000677 0.824126 0.000596 -0.566405
1403637261.288319110870361 -0.584547 0.163496 -0.019208 -0.001496 0.826162 0.001002 -0.563430
1403637261.338319063186646 -0.584529 0.160521 -0.030929 -0.001717 0.824991 0.001355 -0.565141
1403637261.388319015502930 -0.574690 0.156555 -0.036011 -0.001425 0.822114 0.000073 -0.569321
1403637261.438318967819214 -0.561857 0.151083 -0.037280 0.000053 0.819094 -0.002992 -0.573652
1403637261.488318920135498 -0.548793 0.151757 -0.032019 0.001189 0.817251 -0.005684 -0.576253
1403637261.538319110870361 -0.533844 0.152641 -0.030563 0.001263 0.818829 -0.006863 -0.573995
1403637261.588319063186646 -0.520669 0.151331 -0.033869 0.000293 0.822354 -0.006993 -0.568934
1403637261.638319015502930 -0.515044 0.147609 -0.036023 -0.000659 0.826131 -0.005902 -0.563447
1403637261.688318967819214 -0.509002 0.144690 -0.036708 -0.001522 0.828343 -0.004989 -0.560198
1403637261.738318920135498 -0.506168 0.139638 -0.032678 -0.002421 0.828830 -0.003431 -0.559485
1403637261.788319110870361 -0.500241 0.134332 -0.026416 -0.003297 0.826132 -0.003256 -0.563458
1403637261.838319063186646 -0.495252 0.128654 -0.017495 -0.003911 0.822295 -0.002636 -0.569042
1403637261.888319015502930 -0.491883 0.122454 -0.009140 -0.003777 0.818951 -0.003376 -0.573842
1403637261.938318967819214 -0.486696 0.117780 -0.006193 -0.004131 0.816063 -0.003558 -0.577937
1403637261.988318920135498 -0.483198 0.110462 -0.003466 -0.004215 0.814186 -0.003420 -0.580579
1403637262.038319110870361 -0.483162 0.103208 -0.004069 -0.002664 0.812516 -0.005032 -0.582912
1403637262.088319063186646 -0.485684 0.093133 -0.001441 -0.001608 0.811264 -0.005918 -0.584648
1403637262.138319015502930 -0.487887 0.084657 -0.006208 0.000243 0.811347 -0.007822 -0.584513
1403637262.188318967819214 -0.502103 0.072614 -0.013862 0.002411 0.810957 -0.009051 -0.585031
1403637262.238318920135498 -0.507235 0.062954 -0.023892 0.003761 0.810762 -0.010105 -0.585277
1403637262.288319110870361 -0.509696 0.056376 -0.035936 0.006979 0.810015 -0.012940 -0.586225
1403637262.338319063186646 -0.506033 0.055620 -0.035287 0.023846 0.793278 -0.038006 -0.607205
1403637262.388319015502930 -0.505779 0.056059 -0.036329 0.003959 0.798791 -0.008064 -0.601541
1403637262.438318967819214 -0.496573 0.060220 -0.035238 0.019970 0.805339 -0.001069 -0.592478
1403637262.488318920135498 -0.471357 0.066149 -0.041930 0.037316 0.806895 -0.002604 -0.589509
1403637262.538319110870361 -0.470461 0.067866 -0.045496 0.044431 0.794628 -0.011975 -0.605351
1403637262.588319063186646 -0.463279 0.070514 -0.042330 0.043459 0.787988 -0.007421 -0.614109
1403637262.638319015502930 -0.449778 0.071945 -0.038030 0.044114 0.787453 -0.006184 -0.614763
1403637262.688318967819214 -0.459323 0.068492 -0.045343 0.042660 0.798876 -0.005476 -0.599956
1403637262.738318920135498 -0.447239 0.068732 -0.048159 0.043529 0.800592 -0.004535 -0.597610
1403637262.788319110870361 -0.436471 0.069024 -0.048104 0.043990 0.796076 -0.006585 -0.603560
1403637262.838319063186646 -0.432457 0.068139 -0.048664 0.043332 0.796477 -0.006196 -0.603082
1403637262.888319015502930 -0.428339 0.066949 -0.050234 0.043241 0.797406 -0.007566 -0.601844
1403637262.938318967819214 -0.428011 0.067316 -0.050893 0.042919 0.796651 -0.005417 -0.602890
1403637262.988318920135498 -0.421384 0.066932 -0.051710 0.043335 0.797044 -0.007411 -0.602319
1403637263.038319110870361 -0.416479 0.067464 -0.052217 0.042568 0.797054 -0.006353 -0.602373
1403637263.088319063186646 -0.410300 0.067479 -0.052813 0.042620 0.797141 -0.007124 -0.602245
1403637263.138319015502930 -0.404338 0.067088 -0.053256 0.042397 0.797127 -0.007227 -0.602278
1403637263.188318967819214 -0.402935 0.066164 -0.053699 0.042320 0.797103 -0.006522 -0.602324
1403637263.238318920135498 -0.394799 0.065257 -0.053938 0.042273 0.797272 -0.007584 -0.602090
1403637263.288319110870361 -0.391481 0.063890 -0.054221 0.042005 0.797265 -0.006850 -0.602127
1403637263.338319063186646 -0.388508 0.061754 -0.054546 0.042160 0.797195 -0.006884 -0.602208
1403637263.388319015502930 -0.384476 0.058383 -0.054500 0.042163 0.797215 -0.006793 -0.602183
1403637263.438318967819214 -0.380228 0.053913 -0.054717 0.042310 0.797186 -0.006589 -0.602214
1403637263.488318920135498 -0.378934 0.049397 -0.054833 0.042378 0.797102 -0.005754 -0.602329
1403637263.538319110870361 -0.373326 0.046812 -0.054641 0.042550 0.797078 -0.006292 -0.602342
1403637263.588319063186646 -0.371046 0.044718 -0.055508 0.042427 0.797085 -0.005822 -0.602346
1403637263.638319015502930 -0.368196 0.042531 -0.056318 0.042619 0.797106 -0.006060 -0.602303
1403637263.688318967819214 -0.366141 0.040462 -0.057199 0.042546 0.797131 -0.005791 -0.602278
1403637263.738318920135498 -0.364435 0.038033 -0.057904 0.042711 0.797117 -0.005673 -0.602286
1403637263.788319110870361 -0.359678 0.035947 -0.058397 0.042783 0.797100 -0.006099 -0.602299
1403637263.838319063186646 -0.360859 0.033382 -0.059491 0.042782 0.797155 -0.005152 -0.602236
1403637263.888319015502930 -0.355929 0.031024 -0.059816 0.043059 0.797110 -0.005971 -0.602267
1403637263.938318967819214 -0.354593 0.028749 -0.060601 0.042981 0.797201 -0.005381 -0.602158
1403637263.988318920135498 -0.352747 0.026612 -0.061433 0.043236 0.797168 -0.005492 -0.602182
1403637264.038319110870361 -0.350107 0.024444 -0.062122 0.043282 0.797183 -0.005510 -0.602159
1403637264.088319063186646 -0.347621 0.022023 -0.062795 0.043312 0.797238 -0.005365 -0.602086
1403637264.138319015502930 -0.344624 0.019895 -0.063414 0.043479 0.797209 -0.005553 -0.602110
1403637264.188318967819214 -0.343585 0.017620 -0.064139 0.043537 0.797209 -0.005146 -0.602109
1403637264.238318920135498 -0.340253 0.015494 -0.064628 0.043696 0.797265 -0.005480 -0.602020
1403637264.288319110870361 -0.338207 0.013520 -0.065300 0.043727 0.797241 -0.005282 -0.602053
1403637264.338319063186646 -0.336617 0.011661 -0.065968 0.043823 0.797265 -0.005153 -0.602014
1403637264.388319015502930 -0.333630 0.009924 -0.066700 0.043886 0.797292 -0.005236 -0.601974
1403637264.438318967819214 -0.331025 0.008180 -0.067300 0.043985 0.797267 -0.005217 -0.602000
1403637264.488318920135498 -0.329666 0.006334 -0.067934 0.044125 0.797268 -0.005037 -0.601989
1403637264.538319110870361 -0.327343 0.004573 -0.068339 0.044292 0.797279 -0.005195 -0.601962
1403637264.588319063186646 -0.324357 0.002491 -0.068570 0.044288 0.797294 -0.005071 -0.601943
1403637264.638319015502930 -0.321805 0.000754 -0.068820 0.044386 0.797273 -0.005087 -0.601963
1403637264.688318967819214 -0.319412 -0.000879 -0.069069 0.044460 0.797285 -0.005121 -0.601942
1403637264.738318920135498 -0.317333 -0.002517 -0.069257 0.044516 0.797321 -0.005050 -0.601891
1403637264.788319110870361 -0.314419 -0.004071 -0.069362 0.044594 0.797324 -0.005220 -0.601880
1403637264.838319063186646 -0.312549 -0.005434 -0.069524 0.044591 0.797345 -0.005018 -0.601853
1403637264.888319015502930 -0.310460 -0.006638 -0.069510 0.044739 0.797363 -0.005249 -0.601816
1403637264.938318967819214 -0.308002 -0.007903 -0.069577 0.044692 0.797402 -0.005242 -0.601768
1403637264.988318920135498 -0.306790 -0.009029 -0.069652 0.044759 0.797424 -0.005130 -0.601735
1403637265.038319110870361 -0.304974 -0.009833 -0.069512 0.044835 0.797456 -0.005291 -0.601686
1403637265.088319063186646 -0.303079 -0.010975 -0.069499 0.044820 0.797520 -0.005231 -0.601602
1403637265.138319015502930 -0.301180 -0.011916 -0.069334 0.044851 0.797544 -0.005278 -0.601569
1403637265.188318967819214 -0.299053 -0.013191 -0.069332 0.044880 0.797539 -0.005227 -0.601573
1403637265.238318920135498 -0.296937 -0.014144 -0.069307 0.044903 0.797575 -0.005356 -0.601522
1403637265.288319110870361 -0.295808 -0.014706 -0.069155 0.044920 0.797611 -0.005333 -0.601473
1403637265.338319063186646 -0.294464 -0.015268 -0.069017 0.044993 0.797619 -0.005458 -0.601457
1403637265.388319015502930 -0.293374 -0.015950 -0.068811 0.044993 0.797668 -0.005366 -0.601393
